<?xml version="1.0"?>
<gpx xmlns="http://www.topografix.com/GPX/1/1" xmlns:xsi="http://www.w3.org/2001/XMLSchema-instance" version="1.1" creator="AllTrails.com" xsi:schemaLocation="http://www.topografix.com/GPX/1/1 http://www.topografix.com/GPX/1/1/gpx.xsd">
  <metadata>
    <name><![CDATA[Cape Enniberg (Nakkurin Mountain)]]></name>
    <desc><![CDATA[]]></desc>
    <link href="http://www.alltrails.com">
      <text>AllTrails, LLC</text>
    </link>
    <bounds minlat="62.36427" minlon="-6.56806" maxlat="62.39063" maxlon="-6.54161"/>
  </metadata>
  <trk>
    <name><![CDATA[Cape Enniberg (Nakkurin Mountain)]]></name>
    <src>AllTrails</src>
    <trkseg>
      <trkpt lat="62.36427" lon="-6.54172">
        <ele>72.32</ele>
      </trkpt>
      <trkpt lat="62.36429" lon="-6.54161">
        <ele>74.53</ele>
      </trkpt>
      <trkpt lat="62.36444" lon="-6.54172">
        <ele>71.82</ele>
      </trkpt>
      <trkpt lat="62.36451" lon="-6.54177">
        <ele>72.4</ele>
      </trkpt>
      <trkpt lat="62.36456" lon="-6.54183">
        <ele>72.59</ele>
      </trkpt>
      <trkpt lat="62.36458" lon="-6.54187">
        <ele>72.51</ele>
      </trkpt>
      <trkpt lat="62.3647" lon="-6.54207">
        <ele>70.72</ele>
      </trkpt>
      <trkpt lat="62.36474" lon="-6.54214">
        <ele>69.63</ele>
      </trkpt>
      <trkpt lat="62.36477" lon="-6.54219">
        <ele>69.06</ele>
      </trkpt>
      <trkpt lat="62.3648" lon="-6.54222">
        <ele>68.88</ele>
      </trkpt>
      <trkpt lat="62.36485" lon="-6.54225">
        <ele>69.19</ele>
      </trkpt>
      <trkpt lat="62.36492" lon="-6.54229">
        <ele>69.54</ele>
      </trkpt>
      <trkpt lat="62.36497" lon="-6.54232">
        <ele>69.7</ele>
      </trkpt>
      <trkpt lat="62.36501" lon="-6.54235">
        <ele>69.58</ele>
      </trkpt>
      <trkpt lat="62.36503" lon="-6.54236">
        <ele>69.4</ele>
      </trkpt>
      <trkpt lat="62.36504" lon="-6.54237">
        <ele>69.27</ele>
      </trkpt>
      <trkpt lat="62.36505" lon="-6.54238">
        <ele>69.14</ele>
      </trkpt>
      <trkpt lat="62.36506" lon="-6.5424">
        <ele>68.92</ele>
      </trkpt>
      <trkpt lat="62.3651" lon="-6.54244">
        <ele>68.49</ele>
      </trkpt>
      <trkpt lat="62.36516" lon="-6.5425">
        <ele>68.0</ele>
      </trkpt>
      <trkpt lat="62.36528" lon="-6.54258">
        <ele>69.74</ele>
      </trkpt>
      <trkpt lat="62.36537" lon="-6.54261">
        <ele>70.78</ele>
      </trkpt>
      <trkpt lat="62.3654" lon="-6.5426">
        <ele>70.72</ele>
      </trkpt>
      <trkpt lat="62.36547" lon="-6.54261">
        <ele>71.21</ele>
      </trkpt>
      <trkpt lat="62.36552" lon="-6.54261">
        <ele>71.43</ele>
      </trkpt>
      <trkpt lat="62.36568" lon="-6.54267">
        <ele>75.04</ele>
      </trkpt>
      <trkpt lat="62.36577" lon="-6.54274">
        <ele>77.53</ele>
      </trkpt>
      <trkpt lat="62.36583" lon="-6.5428">
        <ele>79.26</ele>
      </trkpt>
      <trkpt lat="62.36588" lon="-6.54283">
        <ele>80.9</ele>
      </trkpt>
      <trkpt lat="62.3659" lon="-6.54283">
        <ele>81.39</ele>
      </trkpt>
      <trkpt lat="62.36593" lon="-6.54284">
        <ele>82.25</ele>
      </trkpt>
      <trkpt lat="62.36599" lon="-6.54281">
        <ele>83.35</ele>
      </trkpt>
      <trkpt lat="62.36605" lon="-6.54277">
        <ele>84.43</ele>
      </trkpt>
      <trkpt lat="62.36608" lon="-6.54273">
        <ele>85.02</ele>
      </trkpt>
      <trkpt lat="62.36615" lon="-6.54272">
        <ele>86.94</ele>
      </trkpt>
      <trkpt lat="62.36621" lon="-6.54268">
        <ele>88.62</ele>
      </trkpt>
      <trkpt lat="62.36639" lon="-6.54256">
        <ele>94.06</ele>
      </trkpt>
      <trkpt lat="62.36656" lon="-6.54241">
        <ele>103.98</ele>
      </trkpt>
      <trkpt lat="62.3666" lon="-6.54239">
        <ele>106.26</ele>
      </trkpt>
      <trkpt lat="62.36664" lon="-6.54237">
        <ele>108.51</ele>
      </trkpt>
      <trkpt lat="62.36669" lon="-6.54238">
        <ele>110.76</ele>
      </trkpt>
      <trkpt lat="62.36674" lon="-6.54238">
        <ele>112.38</ele>
      </trkpt>
      <trkpt lat="62.36676" lon="-6.54238">
        <ele>113.02</ele>
      </trkpt>
      <trkpt lat="62.36679" lon="-6.54238">
        <ele>114.0</ele>
      </trkpt>
      <trkpt lat="62.36685" lon="-6.5424">
        <ele>115.94</ele>
      </trkpt>
      <trkpt lat="62.36691" lon="-6.54242">
        <ele>117.88</ele>
      </trkpt>
      <trkpt lat="62.36696" lon="-6.54242">
        <ele>119.71</ele>
      </trkpt>
      <trkpt lat="62.367" lon="-6.54244">
        <ele>121.56</ele>
      </trkpt>
      <trkpt lat="62.36705" lon="-6.54247">
        <ele>123.9</ele>
      </trkpt>
      <trkpt lat="62.36711" lon="-6.54249">
        <ele>126.73</ele>
      </trkpt>
      <trkpt lat="62.36714" lon="-6.54252">
        <ele>128.15</ele>
      </trkpt>
      <trkpt lat="62.36725" lon="-6.54257">
        <ele>134.1</ele>
      </trkpt>
      <trkpt lat="62.36747" lon="-6.54261">
        <ele>147.06</ele>
      </trkpt>
      <trkpt lat="62.36756" lon="-6.54267">
        <ele>149.97</ele>
      </trkpt>
      <trkpt lat="62.36763" lon="-6.5427">
        <ele>151.26</ele>
      </trkpt>
      <trkpt lat="62.36764" lon="-6.54271">
        <ele>151.54</ele>
      </trkpt>
      <trkpt lat="62.36767" lon="-6.54272">
        <ele>152.13</ele>
      </trkpt>
      <trkpt lat="62.36772" lon="-6.54277">
        <ele>153.82</ele>
      </trkpt>
      <trkpt lat="62.36778" lon="-6.54285">
        <ele>155.15</ele>
      </trkpt>
      <trkpt lat="62.3678" lon="-6.54291">
        <ele>154.47</ele>
      </trkpt>
      <trkpt lat="62.36785" lon="-6.54301">
        <ele>153.02</ele>
      </trkpt>
      <trkpt lat="62.36787" lon="-6.54305">
        <ele>152.63</ele>
      </trkpt>
      <trkpt lat="62.36793" lon="-6.54318">
        <ele>150.72</ele>
      </trkpt>
      <trkpt lat="62.36799" lon="-6.54329">
        <ele>148.56</ele>
      </trkpt>
      <trkpt lat="62.36801" lon="-6.54333">
        <ele>147.8</ele>
      </trkpt>
      <trkpt lat="62.36807" lon="-6.54345">
        <ele>148.15</ele>
      </trkpt>
      <trkpt lat="62.36812" lon="-6.54353">
        <ele>149.41</ele>
      </trkpt>
      <trkpt lat="62.36817" lon="-6.54367">
        <ele>149.81</ele>
      </trkpt>
      <trkpt lat="62.36824" lon="-6.54379">
        <ele>149.87</ele>
      </trkpt>
      <trkpt lat="62.36829" lon="-6.54389">
        <ele>151.02</ele>
      </trkpt>
      <trkpt lat="62.36832" lon="-6.54394">
        <ele>149.62</ele>
      </trkpt>
      <trkpt lat="62.36835" lon="-6.54401">
        <ele>146.68</ele>
      </trkpt>
      <trkpt lat="62.36841" lon="-6.54415">
        <ele>141.42</ele>
      </trkpt>
      <trkpt lat="62.36849" lon="-6.54433">
        <ele>142.94</ele>
      </trkpt>
      <trkpt lat="62.36857" lon="-6.54443">
        <ele>145.12</ele>
      </trkpt>
      <trkpt lat="62.36865" lon="-6.54458">
        <ele>147.4</ele>
      </trkpt>
      <trkpt lat="62.36866" lon="-6.54462">
        <ele>147.78</ele>
      </trkpt>
      <trkpt lat="62.36872" lon="-6.54473">
        <ele>148.17</ele>
      </trkpt>
      <trkpt lat="62.36882" lon="-6.54492">
        <ele>149.26</ele>
      </trkpt>
      <trkpt lat="62.36889" lon="-6.54503">
        <ele>149.35</ele>
      </trkpt>
      <trkpt lat="62.36892" lon="-6.54512">
        <ele>151.05</ele>
      </trkpt>
      <trkpt lat="62.36895" lon="-6.54516">
        <ele>152.11</ele>
      </trkpt>
      <trkpt lat="62.36897" lon="-6.54519">
        <ele>152.79</ele>
      </trkpt>
      <trkpt lat="62.36898" lon="-6.54521">
        <ele>153.15</ele>
      </trkpt>
      <trkpt lat="62.36898" lon="-6.54522">
        <ele>153.22</ele>
      </trkpt>
      <trkpt lat="62.36899" lon="-6.54523">
        <ele>153.49</ele>
      </trkpt>
      <trkpt lat="62.369" lon="-6.54526">
        <ele>153.88</ele>
      </trkpt>
      <trkpt lat="62.36903" lon="-6.54531">
        <ele>154.6</ele>
      </trkpt>
      <trkpt lat="62.36907" lon="-6.54542">
        <ele>155.44</ele>
      </trkpt>
      <trkpt lat="62.36913" lon="-6.54557">
        <ele>156.58</ele>
      </trkpt>
      <trkpt lat="62.36921" lon="-6.54578">
        <ele>162.89</ele>
      </trkpt>
      <trkpt lat="62.36927" lon="-6.54594">
        <ele>171.48</ele>
      </trkpt>
      <trkpt lat="62.36931" lon="-6.54602">
        <ele>177.15</ele>
      </trkpt>
      <trkpt lat="62.36932" lon="-6.54608">
        <ele>179.39</ele>
      </trkpt>
      <trkpt lat="62.36936" lon="-6.54616">
        <ele>185.42</ele>
      </trkpt>
      <trkpt lat="62.3694" lon="-6.54627">
        <ele>191.56</ele>
      </trkpt>
      <trkpt lat="62.36941" lon="-6.54631">
        <ele>193.16</ele>
      </trkpt>
      <trkpt lat="62.36941" lon="-6.54634">
        <ele>193.72</ele>
      </trkpt>
      <trkpt lat="62.36946" lon="-6.54641">
        <ele>196.92</ele>
      </trkpt>
      <trkpt lat="62.36951" lon="-6.54656">
        <ele>194.72</ele>
      </trkpt>
      <trkpt lat="62.36954" lon="-6.54663">
        <ele>193.97</ele>
      </trkpt>
      <trkpt lat="62.36955" lon="-6.54666">
        <ele>193.58</ele>
      </trkpt>
      <trkpt lat="62.36956" lon="-6.54668">
        <ele>193.86</ele>
      </trkpt>
      <trkpt lat="62.36956" lon="-6.54669">
        <ele>193.94</ele>
      </trkpt>
      <trkpt lat="62.36958" lon="-6.54673">
        <ele>194.86</ele>
      </trkpt>
      <trkpt lat="62.36961" lon="-6.54682">
        <ele>196.26</ele>
      </trkpt>
      <trkpt lat="62.36967" lon="-6.54694">
        <ele>198.05</ele>
      </trkpt>
      <trkpt lat="62.36976" lon="-6.5472">
        <ele>203.83</ele>
      </trkpt>
      <trkpt lat="62.36983" lon="-6.54734">
        <ele>210.55</ele>
      </trkpt>
      <trkpt lat="62.36985" lon="-6.5474">
        <ele>212.69</ele>
      </trkpt>
      <trkpt lat="62.36986" lon="-6.54742">
        <ele>213.69</ele>
      </trkpt>
      <trkpt lat="62.36995" lon="-6.54758">
        <ele>222.62</ele>
      </trkpt>
      <trkpt lat="62.36998" lon="-6.54769">
        <ele>226.3</ele>
      </trkpt>
      <trkpt lat="62.37003" lon="-6.54793">
        <ele>226.08</ele>
      </trkpt>
      <trkpt lat="62.37005" lon="-6.54798">
        <ele>225.75</ele>
      </trkpt>
      <trkpt lat="62.37009" lon="-6.54804">
        <ele>226.42</ele>
      </trkpt>
      <trkpt lat="62.37011" lon="-6.54807">
        <ele>227.18</ele>
      </trkpt>
      <trkpt lat="62.37013" lon="-6.5481">
        <ele>228.22</ele>
      </trkpt>
      <trkpt lat="62.37014" lon="-6.54811">
        <ele>228.75</ele>
      </trkpt>
      <trkpt lat="62.37015" lon="-6.54814">
        <ele>229.37</ele>
      </trkpt>
      <trkpt lat="62.37019" lon="-6.5482">
        <ele>231.79</ele>
      </trkpt>
      <trkpt lat="62.37023" lon="-6.54828">
        <ele>234.63</ele>
      </trkpt>
      <trkpt lat="62.37026" lon="-6.54834">
        <ele>236.96</ele>
      </trkpt>
      <trkpt lat="62.37029" lon="-6.54846">
        <ele>238.69</ele>
      </trkpt>
      <trkpt lat="62.37032" lon="-6.54853">
        <ele>238.66</ele>
      </trkpt>
      <trkpt lat="62.37036" lon="-6.54859">
        <ele>238.37</ele>
      </trkpt>
      <trkpt lat="62.37038" lon="-6.54866">
        <ele>238.11</ele>
      </trkpt>
      <trkpt lat="62.37041" lon="-6.54872">
        <ele>237.6</ele>
      </trkpt>
      <trkpt lat="62.37045" lon="-6.54878">
        <ele>237.05</ele>
      </trkpt>
      <trkpt lat="62.37048" lon="-6.54888">
        <ele>236.8</ele>
      </trkpt>
      <trkpt lat="62.37053" lon="-6.54903">
        <ele>237.39</ele>
      </trkpt>
      <trkpt lat="62.37058" lon="-6.54921">
        <ele>240.14</ele>
      </trkpt>
      <trkpt lat="62.37063" lon="-6.54935">
        <ele>244.87</ele>
      </trkpt>
      <trkpt lat="62.37067" lon="-6.54948">
        <ele>247.45</ele>
      </trkpt>
      <trkpt lat="62.37069" lon="-6.54952">
        <ele>247.9</ele>
      </trkpt>
      <trkpt lat="62.3707" lon="-6.54955">
        <ele>248.14</ele>
      </trkpt>
      <trkpt lat="62.37071" lon="-6.54957">
        <ele>248.39</ele>
      </trkpt>
      <trkpt lat="62.37072" lon="-6.54958">
        <ele>248.64</ele>
      </trkpt>
      <trkpt lat="62.37073" lon="-6.54962">
        <ele>248.93</ele>
      </trkpt>
      <trkpt lat="62.37075" lon="-6.54966">
        <ele>249.51</ele>
      </trkpt>
      <trkpt lat="62.37077" lon="-6.54971">
        <ele>250.15</ele>
      </trkpt>
      <trkpt lat="62.37081" lon="-6.54987">
        <ele>250.31</ele>
      </trkpt>
      <trkpt lat="62.37086" lon="-6.54999">
        <ele>251.03</ele>
      </trkpt>
      <trkpt lat="62.37089" lon="-6.55004">
        <ele>251.98</ele>
      </trkpt>
      <trkpt lat="62.371" lon="-6.5503">
        <ele>256.93</ele>
      </trkpt>
      <trkpt lat="62.37103" lon="-6.5504">
        <ele>258.96</ele>
      </trkpt>
      <trkpt lat="62.37104" lon="-6.55045">
        <ele>259.75</ele>
      </trkpt>
      <trkpt lat="62.37104" lon="-6.55051">
        <ele>260.13</ele>
      </trkpt>
      <trkpt lat="62.37105" lon="-6.55057">
        <ele>260.99</ele>
      </trkpt>
      <trkpt lat="62.37108" lon="-6.55061">
        <ele>262.67</ele>
      </trkpt>
      <trkpt lat="62.37112" lon="-6.55065">
        <ele>264.56</ele>
      </trkpt>
      <trkpt lat="62.37114" lon="-6.5507">
        <ele>265.31</ele>
      </trkpt>
      <trkpt lat="62.37117" lon="-6.5508">
        <ele>266.71</ele>
      </trkpt>
      <trkpt lat="62.37118" lon="-6.55089">
        <ele>267.08</ele>
      </trkpt>
      <trkpt lat="62.37123" lon="-6.55103">
        <ele>268.45</ele>
      </trkpt>
      <trkpt lat="62.37124" lon="-6.55106">
        <ele>268.74</ele>
      </trkpt>
      <trkpt lat="62.37125" lon="-6.55108">
        <ele>269.06</ele>
      </trkpt>
      <trkpt lat="62.37126" lon="-6.5511">
        <ele>269.38</ele>
      </trkpt>
      <trkpt lat="62.37132" lon="-6.55116">
        <ele>271.21</ele>
      </trkpt>
      <trkpt lat="62.37136" lon="-6.55127">
        <ele>272.21</ele>
      </trkpt>
      <trkpt lat="62.37149" lon="-6.55148">
        <ele>274.11</ele>
      </trkpt>
      <trkpt lat="62.37153" lon="-6.55161">
        <ele>274.94</ele>
      </trkpt>
      <trkpt lat="62.37153" lon="-6.55169">
        <ele>274.99</ele>
      </trkpt>
      <trkpt lat="62.37153" lon="-6.55173">
        <ele>275.58</ele>
      </trkpt>
      <trkpt lat="62.37153" lon="-6.55174">
        <ele>275.73</ele>
      </trkpt>
      <trkpt lat="62.37154" lon="-6.55177">
        <ele>276.99</ele>
      </trkpt>
      <trkpt lat="62.37156" lon="-6.55182">
        <ele>279.55</ele>
      </trkpt>
      <trkpt lat="62.37159" lon="-6.5519">
        <ele>284.0</ele>
      </trkpt>
      <trkpt lat="62.37162" lon="-6.55205">
        <ele>288.07</ele>
      </trkpt>
      <trkpt lat="62.37163" lon="-6.55208">
        <ele>288.9</ele>
      </trkpt>
      <trkpt lat="62.37169" lon="-6.55215">
        <ele>292.89</ele>
      </trkpt>
      <trkpt lat="62.37173" lon="-6.55226">
        <ele>294.62</ele>
      </trkpt>
      <trkpt lat="62.37177" lon="-6.5524">
        <ele>296.71</ele>
      </trkpt>
      <trkpt lat="62.37179" lon="-6.55247">
        <ele>297.71</ele>
      </trkpt>
      <trkpt lat="62.37179" lon="-6.55249">
        <ele>297.68</ele>
      </trkpt>
      <trkpt lat="62.3718" lon="-6.55251">
        <ele>297.96</ele>
      </trkpt>
      <trkpt lat="62.37182" lon="-6.55258">
        <ele>297.57</ele>
      </trkpt>
      <trkpt lat="62.37186" lon="-6.55272">
        <ele>298.0</ele>
      </trkpt>
      <trkpt lat="62.37192" lon="-6.55292">
        <ele>301.22</ele>
      </trkpt>
      <trkpt lat="62.37196" lon="-6.55302">
        <ele>303.36</ele>
      </trkpt>
      <trkpt lat="62.37199" lon="-6.55314">
        <ele>304.6</ele>
      </trkpt>
      <trkpt lat="62.37205" lon="-6.55329">
        <ele>307.68</ele>
      </trkpt>
      <trkpt lat="62.37213" lon="-6.55356">
        <ele>312.63</ele>
      </trkpt>
      <trkpt lat="62.3722" lon="-6.55368">
        <ele>317.48</ele>
      </trkpt>
      <trkpt lat="62.37227" lon="-6.5539">
        <ele>320.34</ele>
      </trkpt>
      <trkpt lat="62.3723" lon="-6.55398">
        <ele>321.0</ele>
      </trkpt>
      <trkpt lat="62.37231" lon="-6.55401">
        <ele>321.23</ele>
      </trkpt>
      <trkpt lat="62.37231" lon="-6.55405">
        <ele>321.13</ele>
      </trkpt>
      <trkpt lat="62.37231" lon="-6.55405">
        <ele>321.13</ele>
      </trkpt>
      <trkpt lat="62.37235" lon="-6.55412">
        <ele>322.23</ele>
      </trkpt>
      <trkpt lat="62.37239" lon="-6.55419">
        <ele>323.6</ele>
      </trkpt>
      <trkpt lat="62.37244" lon="-6.55425">
        <ele>325.66</ele>
      </trkpt>
      <trkpt lat="62.3725" lon="-6.55431">
        <ele>328.03</ele>
      </trkpt>
      <trkpt lat="62.37252" lon="-6.55436">
        <ele>330.74</ele>
      </trkpt>
      <trkpt lat="62.37255" lon="-6.55445">
        <ele>334.34</ele>
      </trkpt>
      <trkpt lat="62.37257" lon="-6.55451">
        <ele>337.54</ele>
      </trkpt>
      <trkpt lat="62.37263" lon="-6.55457">
        <ele>343.86</ele>
      </trkpt>
      <trkpt lat="62.3727" lon="-6.55462">
        <ele>349.93</ele>
      </trkpt>
      <trkpt lat="62.37279" lon="-6.55482">
        <ele>354.69</ele>
      </trkpt>
      <trkpt lat="62.37292" lon="-6.55497">
        <ele>365.09</ele>
      </trkpt>
      <trkpt lat="62.37294" lon="-6.555">
        <ele>366.77</ele>
      </trkpt>
      <trkpt lat="62.37297" lon="-6.55507">
        <ele>369.12</ele>
      </trkpt>
      <trkpt lat="62.373" lon="-6.55514">
        <ele>370.99</ele>
      </trkpt>
      <trkpt lat="62.37302" lon="-6.55518">
        <ele>372.05</ele>
      </trkpt>
      <trkpt lat="62.37303" lon="-6.55521">
        <ele>372.36</ele>
      </trkpt>
      <trkpt lat="62.37305" lon="-6.55525">
        <ele>373.12</ele>
      </trkpt>
      <trkpt lat="62.37308" lon="-6.5553">
        <ele>375.42</ele>
      </trkpt>
      <trkpt lat="62.37314" lon="-6.55536">
        <ele>380.28</ele>
      </trkpt>
      <trkpt lat="62.37319" lon="-6.55547">
        <ele>381.55</ele>
      </trkpt>
      <trkpt lat="62.37324" lon="-6.55553">
        <ele>382.25</ele>
      </trkpt>
      <trkpt lat="62.37329" lon="-6.55567">
        <ele>380.12</ele>
      </trkpt>
      <trkpt lat="62.37332" lon="-6.55572">
        <ele>379.79</ele>
      </trkpt>
      <trkpt lat="62.37335" lon="-6.55579">
        <ele>380.29</ele>
      </trkpt>
      <trkpt lat="62.37336" lon="-6.55581">
        <ele>380.98</ele>
      </trkpt>
      <trkpt lat="62.37349" lon="-6.55601">
        <ele>392.92</ele>
      </trkpt>
      <trkpt lat="62.37351" lon="-6.55607">
        <ele>394.15</ele>
      </trkpt>
      <trkpt lat="62.37355" lon="-6.55613">
        <ele>398.13</ele>
      </trkpt>
      <trkpt lat="62.37357" lon="-6.5562">
        <ele>399.95</ele>
      </trkpt>
      <trkpt lat="62.37357" lon="-6.55625">
        <ele>399.47</ele>
      </trkpt>
      <trkpt lat="62.3736" lon="-6.5563">
        <ele>402.61</ele>
      </trkpt>
      <trkpt lat="62.37361" lon="-6.55632">
        <ele>403.61</ele>
      </trkpt>
      <trkpt lat="62.37365" lon="-6.55634">
        <ele>405.74</ele>
      </trkpt>
      <trkpt lat="62.37369" lon="-6.55636">
        <ele>407.93</ele>
      </trkpt>
      <trkpt lat="62.37369" lon="-6.55636">
        <ele>407.93</ele>
      </trkpt>
      <trkpt lat="62.37372" lon="-6.55637">
        <ele>409.68</ele>
      </trkpt>
      <trkpt lat="62.37376" lon="-6.55637">
        <ele>412.06</ele>
      </trkpt>
      <trkpt lat="62.37381" lon="-6.55635">
        <ele>414.89</ele>
      </trkpt>
      <trkpt lat="62.37385" lon="-6.55636">
        <ele>417.31</ele>
      </trkpt>
      <trkpt lat="62.37387" lon="-6.5564">
        <ele>418.56</ele>
      </trkpt>
      <trkpt lat="62.3739" lon="-6.55643">
        <ele>419.9</ele>
      </trkpt>
      <trkpt lat="62.37392" lon="-6.55644">
        <ele>421.35</ele>
      </trkpt>
      <trkpt lat="62.37398" lon="-6.55643">
        <ele>426.65</ele>
      </trkpt>
      <trkpt lat="62.37406" lon="-6.55648">
        <ele>432.48</ele>
      </trkpt>
      <trkpt lat="62.37412" lon="-6.55656">
        <ele>436.36</ele>
      </trkpt>
      <trkpt lat="62.37415" lon="-6.55655">
        <ele>439.2</ele>
      </trkpt>
      <trkpt lat="62.37416" lon="-6.55652">
        <ele>440.53</ele>
      </trkpt>
      <trkpt lat="62.37418" lon="-6.5565">
        <ele>442.54</ele>
      </trkpt>
      <trkpt lat="62.3742" lon="-6.55648">
        <ele>444.53</ele>
      </trkpt>
      <trkpt lat="62.37442" lon="-6.55642">
        <ele>463.73</ele>
      </trkpt>
      <trkpt lat="62.37447" lon="-6.55643">
        <ele>468.42</ele>
      </trkpt>
      <trkpt lat="62.37452" lon="-6.55641">
        <ele>473.95</ele>
      </trkpt>
      <trkpt lat="62.37455" lon="-6.5564">
        <ele>477.27</ele>
      </trkpt>
      <trkpt lat="62.37456" lon="-6.5564">
        <ele>478.35</ele>
      </trkpt>
      <trkpt lat="62.37458" lon="-6.55642">
        <ele>480.25</ele>
      </trkpt>
      <trkpt lat="62.3746" lon="-6.55642">
        <ele>482.39</ele>
      </trkpt>
      <trkpt lat="62.37461" lon="-6.55641">
        <ele>483.59</ele>
      </trkpt>
      <trkpt lat="62.37462" lon="-6.55642">
        <ele>484.52</ele>
      </trkpt>
      <trkpt lat="62.37468" lon="-6.55633">
        <ele>492.29</ele>
      </trkpt>
      <trkpt lat="62.37472" lon="-6.55631">
        <ele>496.9</ele>
      </trkpt>
      <trkpt lat="62.37478" lon="-6.55636">
        <ele>502.28</ele>
      </trkpt>
      <trkpt lat="62.37482" lon="-6.55637">
        <ele>506.18</ele>
      </trkpt>
      <trkpt lat="62.37486" lon="-6.55637">
        <ele>510.23</ele>
      </trkpt>
      <trkpt lat="62.37489" lon="-6.55638">
        <ele>513.08</ele>
      </trkpt>
      <trkpt lat="62.37495" lon="-6.55645">
        <ele>518.22</ele>
      </trkpt>
      <trkpt lat="62.37497" lon="-6.55643">
        <ele>520.5</ele>
      </trkpt>
      <trkpt lat="62.375" lon="-6.5564">
        <ele>523.88</ele>
      </trkpt>
      <trkpt lat="62.37504" lon="-6.55637">
        <ele>527.82</ele>
      </trkpt>
      <trkpt lat="62.37511" lon="-6.55636">
        <ele>533.92</ele>
      </trkpt>
      <trkpt lat="62.37514" lon="-6.55637">
        <ele>536.33</ele>
      </trkpt>
      <trkpt lat="62.37519" lon="-6.55643">
        <ele>539.87</ele>
      </trkpt>
      <trkpt lat="62.37521" lon="-6.55643">
        <ele>541.59</ele>
      </trkpt>
      <trkpt lat="62.37524" lon="-6.55639">
        <ele>544.72</ele>
      </trkpt>
      <trkpt lat="62.37526" lon="-6.55633">
        <ele>546.74</ele>
      </trkpt>
      <trkpt lat="62.37527" lon="-6.55631">
        <ele>547.65</ele>
      </trkpt>
      <trkpt lat="62.37528" lon="-6.5563">
        <ele>548.41</ele>
      </trkpt>
      <trkpt lat="62.37531" lon="-6.55633">
        <ele>549.42</ele>
      </trkpt>
      <trkpt lat="62.37533" lon="-6.55637">
        <ele>549.97</ele>
      </trkpt>
      <trkpt lat="62.37535" lon="-6.55641">
        <ele>550.26</ele>
      </trkpt>
      <trkpt lat="62.37535" lon="-6.55642">
        <ele>550.09</ele>
      </trkpt>
      <trkpt lat="62.37537" lon="-6.55645">
        <ele>550.29</ele>
      </trkpt>
      <trkpt lat="62.37538" lon="-6.55648">
        <ele>550.13</ele>
      </trkpt>
      <trkpt lat="62.3754" lon="-6.55652">
        <ele>550.1</ele>
      </trkpt>
      <trkpt lat="62.37542" lon="-6.55655">
        <ele>550.21</ele>
      </trkpt>
      <trkpt lat="62.37543" lon="-6.55655">
        <ele>550.52</ele>
      </trkpt>
      <trkpt lat="62.37545" lon="-6.55652">
        <ele>551.73</ele>
      </trkpt>
      <trkpt lat="62.37546" lon="-6.55643">
        <ele>553.77</ele>
      </trkpt>
      <trkpt lat="62.3755" lon="-6.55628">
        <ele>557.02</ele>
      </trkpt>
      <trkpt lat="62.37554" lon="-6.55624">
        <ele>558.99</ele>
      </trkpt>
      <trkpt lat="62.37558" lon="-6.55624">
        <ele>561.81</ele>
      </trkpt>
      <trkpt lat="62.37565" lon="-6.5562">
        <ele>568.66</ele>
      </trkpt>
      <trkpt lat="62.37567" lon="-6.55616">
        <ele>571.04</ele>
      </trkpt>
      <trkpt lat="62.37568" lon="-6.55613">
        <ele>572.38</ele>
      </trkpt>
      <trkpt lat="62.37569" lon="-6.55609">
        <ele>573.66</ele>
      </trkpt>
      <trkpt lat="62.3757" lon="-6.55602">
        <ele>574.86</ele>
      </trkpt>
      <trkpt lat="62.37571" lon="-6.55598">
        <ele>575.98</ele>
      </trkpt>
      <trkpt lat="62.37572" lon="-6.55597">
        <ele>576.99</ele>
      </trkpt>
      <trkpt lat="62.37575" lon="-6.55597">
        <ele>579.91</ele>
      </trkpt>
      <trkpt lat="62.37577" lon="-6.55599">
        <ele>581.75</ele>
      </trkpt>
      <trkpt lat="62.37586" lon="-6.55608">
        <ele>588.71</ele>
      </trkpt>
      <trkpt lat="62.37596" lon="-6.55624">
        <ele>591.94</ele>
      </trkpt>
      <trkpt lat="62.37599" lon="-6.55625">
        <ele>593.52</ele>
      </trkpt>
      <trkpt lat="62.37602" lon="-6.55625">
        <ele>595.25</ele>
      </trkpt>
      <trkpt lat="62.37604" lon="-6.55623">
        <ele>596.66</ele>
      </trkpt>
      <trkpt lat="62.37604" lon="-6.55623">
        <ele>596.66</ele>
      </trkpt>
      <trkpt lat="62.37606" lon="-6.55624">
        <ele>597.68</ele>
      </trkpt>
      <trkpt lat="62.37607" lon="-6.55624">
        <ele>598.25</ele>
      </trkpt>
      <trkpt lat="62.37608" lon="-6.55625">
        <ele>598.71</ele>
      </trkpt>
      <trkpt lat="62.3761" lon="-6.55628">
        <ele>599.53</ele>
      </trkpt>
      <trkpt lat="62.37612" lon="-6.55631">
        <ele>600.37</ele>
      </trkpt>
      <trkpt lat="62.37613" lon="-6.55633">
        <ele>600.75</ele>
      </trkpt>
      <trkpt lat="62.37615" lon="-6.55636">
        <ele>601.65</ele>
      </trkpt>
      <trkpt lat="62.37618" lon="-6.55641">
        <ele>603.65</ele>
      </trkpt>
      <trkpt lat="62.37622" lon="-6.55649">
        <ele>607.71</ele>
      </trkpt>
      <trkpt lat="62.37628" lon="-6.55658">
        <ele>613.05</ele>
      </trkpt>
      <trkpt lat="62.3763" lon="-6.55658">
        <ele>614.22</ele>
      </trkpt>
      <trkpt lat="62.37632" lon="-6.55657">
        <ele>615.21</ele>
      </trkpt>
      <trkpt lat="62.37637" lon="-6.55644">
        <ele>615.78</ele>
      </trkpt>
      <trkpt lat="62.37639" lon="-6.55642">
        <ele>616.58</ele>
      </trkpt>
      <trkpt lat="62.3764" lon="-6.55641">
        <ele>616.61</ele>
      </trkpt>
      <trkpt lat="62.37642" lon="-6.55642">
        <ele>617.18</ele>
      </trkpt>
      <trkpt lat="62.37646" lon="-6.55651">
        <ele>619.27</ele>
      </trkpt>
      <trkpt lat="62.37648" lon="-6.55653">
        <ele>619.84</ele>
      </trkpt>
      <trkpt lat="62.37649" lon="-6.55656">
        <ele>620.37</ele>
      </trkpt>
      <trkpt lat="62.37652" lon="-6.55659">
        <ele>621.09</ele>
      </trkpt>
      <trkpt lat="62.37654" lon="-6.55662">
        <ele>621.61</ele>
      </trkpt>
      <trkpt lat="62.3766" lon="-6.55657">
        <ele>621.84</ele>
      </trkpt>
      <trkpt lat="62.37662" lon="-6.55657">
        <ele>622.08</ele>
      </trkpt>
      <trkpt lat="62.37665" lon="-6.55659">
        <ele>622.54</ele>
      </trkpt>
      <trkpt lat="62.37669" lon="-6.55658">
        <ele>623.63</ele>
      </trkpt>
      <trkpt lat="62.37675" lon="-6.55662">
        <ele>626.03</ele>
      </trkpt>
      <trkpt lat="62.37678" lon="-6.55663">
        <ele>627.16</ele>
      </trkpt>
      <trkpt lat="62.3768" lon="-6.5566">
        <ele>628.02</ele>
      </trkpt>
      <trkpt lat="62.37681" lon="-6.5566">
        <ele>628.42</ele>
      </trkpt>
      <trkpt lat="62.37682" lon="-6.55658">
        <ele>628.9</ele>
      </trkpt>
      <trkpt lat="62.37683" lon="-6.55657">
        <ele>629.35</ele>
      </trkpt>
      <trkpt lat="62.37684" lon="-6.55657">
        <ele>629.76</ele>
      </trkpt>
      <trkpt lat="62.37684" lon="-6.55656">
        <ele>629.81</ele>
      </trkpt>
      <trkpt lat="62.37686" lon="-6.55653">
        <ele>630.84</ele>
      </trkpt>
      <trkpt lat="62.37687" lon="-6.5565">
        <ele>631.48</ele>
      </trkpt>
      <trkpt lat="62.37688" lon="-6.55649">
        <ele>632.0</ele>
      </trkpt>
      <trkpt lat="62.37688" lon="-6.55647">
        <ele>632.15</ele>
      </trkpt>
      <trkpt lat="62.3769" lon="-6.55643">
        <ele>633.41</ele>
      </trkpt>
      <trkpt lat="62.37691" lon="-6.55637">
        <ele>634.35</ele>
      </trkpt>
      <trkpt lat="62.37692" lon="-6.55635">
        <ele>634.93</ele>
      </trkpt>
      <trkpt lat="62.37694" lon="-6.55634">
        <ele>635.96</ele>
      </trkpt>
      <trkpt lat="62.37697" lon="-6.55642">
        <ele>639.21</ele>
      </trkpt>
      <trkpt lat="62.37699" lon="-6.55644">
        <ele>641.83</ele>
      </trkpt>
      <trkpt lat="62.37703" lon="-6.55645">
        <ele>647.38</ele>
      </trkpt>
      <trkpt lat="62.3771" lon="-6.55643">
        <ele>657.25</ele>
      </trkpt>
      <trkpt lat="62.37716" lon="-6.55625">
        <ele>663.66</ele>
      </trkpt>
      <trkpt lat="62.37719" lon="-6.55623">
        <ele>667.13</ele>
      </trkpt>
      <trkpt lat="62.37724" lon="-6.55624">
        <ele>673.21</ele>
      </trkpt>
      <trkpt lat="62.37728" lon="-6.55628">
        <ele>678.2</ele>
      </trkpt>
      <trkpt lat="62.37732" lon="-6.55627">
        <ele>682.27</ele>
      </trkpt>
      <trkpt lat="62.37734" lon="-6.55627">
        <ele>684.4</ele>
      </trkpt>
      <trkpt lat="62.37736" lon="-6.55629">
        <ele>686.92</ele>
      </trkpt>
      <trkpt lat="62.37737" lon="-6.55628">
        <ele>687.79</ele>
      </trkpt>
      <trkpt lat="62.37739" lon="-6.55629">
        <ele>690.12</ele>
      </trkpt>
      <trkpt lat="62.37742" lon="-6.5563">
        <ele>693.53</ele>
      </trkpt>
      <trkpt lat="62.37745" lon="-6.55622">
        <ele>695.06</ele>
      </trkpt>
      <trkpt lat="62.37749" lon="-6.55618">
        <ele>698.44</ele>
      </trkpt>
      <trkpt lat="62.37753" lon="-6.5561">
        <ele>698.41</ele>
      </trkpt>
      <trkpt lat="62.37753" lon="-6.5561">
        <ele>698.41</ele>
      </trkpt>
      <trkpt lat="62.37755" lon="-6.55606">
        <ele>697.98</ele>
      </trkpt>
      <trkpt lat="62.37756" lon="-6.55604">
        <ele>697.76</ele>
      </trkpt>
      <trkpt lat="62.37758" lon="-6.556">
        <ele>697.33</ele>
      </trkpt>
      <trkpt lat="62.37762" lon="-6.55596">
        <ele>697.33</ele>
      </trkpt>
      <trkpt lat="62.37767" lon="-6.55593">
        <ele>697.76</ele>
      </trkpt>
      <trkpt lat="62.3777" lon="-6.55594">
        <ele>698.62</ele>
      </trkpt>
      <trkpt lat="62.37774" lon="-6.55592">
        <ele>699.06</ele>
      </trkpt>
      <trkpt lat="62.37775" lon="-6.55593">
        <ele>699.49</ele>
      </trkpt>
      <trkpt lat="62.37779" lon="-6.55592">
        <ele>699.99</ele>
      </trkpt>
      <trkpt lat="62.37781" lon="-6.55593">
        <ele>700.4</ele>
      </trkpt>
      <trkpt lat="62.37787" lon="-6.55592">
        <ele>700.76</ele>
      </trkpt>
      <trkpt lat="62.3779" lon="-6.55597">
        <ele>702.06</ele>
      </trkpt>
      <trkpt lat="62.37792" lon="-6.55598">
        <ele>702.43</ele>
      </trkpt>
      <trkpt lat="62.37793" lon="-6.55599">
        <ele>702.72</ele>
      </trkpt>
      <trkpt lat="62.37794" lon="-6.55598">
        <ele>702.61</ele>
      </trkpt>
      <trkpt lat="62.37795" lon="-6.55597">
        <ele>702.51</ele>
      </trkpt>
      <trkpt lat="62.37796" lon="-6.55597">
        <ele>702.6</ele>
      </trkpt>
      <trkpt lat="62.37797" lon="-6.55597">
        <ele>702.69</ele>
      </trkpt>
      <trkpt lat="62.37803" lon="-6.55599">
        <ele>703.6</ele>
      </trkpt>
      <trkpt lat="62.37806" lon="-6.55604">
        <ele>704.99</ele>
      </trkpt>
      <trkpt lat="62.37808" lon="-6.55607">
        <ele>706.74</ele>
      </trkpt>
      <trkpt lat="62.37811" lon="-6.5561">
        <ele>709.12</ele>
      </trkpt>
      <trkpt lat="62.37817" lon="-6.55629">
        <ele>719.56</ele>
      </trkpt>
      <trkpt lat="62.37822" lon="-6.55641">
        <ele>725.94</ele>
      </trkpt>
      <trkpt lat="62.37825" lon="-6.55647">
        <ele>727.82</ele>
      </trkpt>
      <trkpt lat="62.37828" lon="-6.55652">
        <ele>729.79</ele>
      </trkpt>
      <trkpt lat="62.37828" lon="-6.55653">
        <ele>729.84</ele>
      </trkpt>
      <trkpt lat="62.37829" lon="-6.55656">
        <ele>730.6</ele>
      </trkpt>
      <trkpt lat="62.37831" lon="-6.55661">
        <ele>732.13</ele>
      </trkpt>
      <trkpt lat="62.37834" lon="-6.55669">
        <ele>735.15</ele>
      </trkpt>
      <trkpt lat="62.37839" lon="-6.55679">
        <ele>741.37</ele>
      </trkpt>
      <trkpt lat="62.37844" lon="-6.55696">
        <ele>747.8</ele>
      </trkpt>
      <trkpt lat="62.37854" lon="-6.55722">
        <ele>755.68</ele>
      </trkpt>
      <trkpt lat="62.37862" lon="-6.55736">
        <ele>760.24</ele>
      </trkpt>
      <trkpt lat="62.37874" lon="-6.55754">
        <ele>764.44</ele>
      </trkpt>
      <trkpt lat="62.3788" lon="-6.55775">
        <ele>763.34</ele>
      </trkpt>
      <trkpt lat="62.37886" lon="-6.55792">
        <ele>760.67</ele>
      </trkpt>
      <trkpt lat="62.37887" lon="-6.55796">
        <ele>759.9</ele>
      </trkpt>
      <trkpt lat="62.37887" lon="-6.55796">
        <ele>759.9</ele>
      </trkpt>
      <trkpt lat="62.37891" lon="-6.55811">
        <ele>759.08</ele>
      </trkpt>
      <trkpt lat="62.37895" lon="-6.55826">
        <ele>760.86</ele>
      </trkpt>
      <trkpt lat="62.37899" lon="-6.55842">
        <ele>759.98</ele>
      </trkpt>
      <trkpt lat="62.37901" lon="-6.55851">
        <ele>758.56</ele>
      </trkpt>
      <trkpt lat="62.37902" lon="-6.5587">
        <ele>754.87</ele>
      </trkpt>
      <trkpt lat="62.37905" lon="-6.55883">
        <ele>752.79</ele>
      </trkpt>
      <trkpt lat="62.37907" lon="-6.5589">
        <ele>751.58</ele>
      </trkpt>
      <trkpt lat="62.37912" lon="-6.55901">
        <ele>749.21</ele>
      </trkpt>
      <trkpt lat="62.37919" lon="-6.55912">
        <ele>747.14</ele>
      </trkpt>
      <trkpt lat="62.37923" lon="-6.55921">
        <ele>746.19</ele>
      </trkpt>
      <trkpt lat="62.37929" lon="-6.55933">
        <ele>745.99</ele>
      </trkpt>
      <trkpt lat="62.37935" lon="-6.55945">
        <ele>746.09</ele>
      </trkpt>
      <trkpt lat="62.37937" lon="-6.5595">
        <ele>745.44</ele>
      </trkpt>
      <trkpt lat="62.37937" lon="-6.5595">
        <ele>745.44</ele>
      </trkpt>
      <trkpt lat="62.37941" lon="-6.55958">
        <ele>744.98</ele>
      </trkpt>
      <trkpt lat="62.37945" lon="-6.5597">
        <ele>743.74</ele>
      </trkpt>
      <trkpt lat="62.3795" lon="-6.55989">
        <ele>740.09</ele>
      </trkpt>
      <trkpt lat="62.37953" lon="-6.55996">
        <ele>739.65</ele>
      </trkpt>
      <trkpt lat="62.37958" lon="-6.56006">
        <ele>740.79</ele>
      </trkpt>
      <trkpt lat="62.37967" lon="-6.5602">
        <ele>743.71</ele>
      </trkpt>
      <trkpt lat="62.3797" lon="-6.56024">
        <ele>744.55</ele>
      </trkpt>
      <trkpt lat="62.37977" lon="-6.56039">
        <ele>748.19</ele>
      </trkpt>
      <trkpt lat="62.37991" lon="-6.56072">
        <ele>756.94</ele>
      </trkpt>
      <trkpt lat="62.37995" lon="-6.56086">
        <ele>757.44</ele>
      </trkpt>
      <trkpt lat="62.37997" lon="-6.56092">
        <ele>759.53</ele>
      </trkpt>
      <trkpt lat="62.37998" lon="-6.56094">
        <ele>760.53</ele>
      </trkpt>
      <trkpt lat="62.37999" lon="-6.56097">
        <ele>761.65</ele>
      </trkpt>
      <trkpt lat="62.38" lon="-6.56106">
        <ele>763.45</ele>
      </trkpt>
      <trkpt lat="62.38002" lon="-6.56121">
        <ele>762.17</ele>
      </trkpt>
      <trkpt lat="62.38006" lon="-6.56137">
        <ele>760.68</ele>
      </trkpt>
      <trkpt lat="62.38008" lon="-6.56148">
        <ele>756.72</ele>
      </trkpt>
      <trkpt lat="62.38013" lon="-6.56162">
        <ele>753.92</ele>
      </trkpt>
      <trkpt lat="62.38014" lon="-6.56169">
        <ele>752.26</ele>
      </trkpt>
      <trkpt lat="62.38014" lon="-6.56182">
        <ele>747.57</ele>
      </trkpt>
      <trkpt lat="62.38017" lon="-6.56194">
        <ele>745.63</ele>
      </trkpt>
      <trkpt lat="62.38027" lon="-6.56228">
        <ele>760.88</ele>
      </trkpt>
      <trkpt lat="62.38034" lon="-6.5625">
        <ele>758.69</ele>
      </trkpt>
      <trkpt lat="62.38038" lon="-6.56261">
        <ele>764.57</ele>
      </trkpt>
      <trkpt lat="62.38038" lon="-6.56262">
        <ele>764.94</ele>
      </trkpt>
      <trkpt lat="62.38039" lon="-6.56267">
        <ele>766.93</ele>
      </trkpt>
      <trkpt lat="62.38041" lon="-6.56273">
        <ele>769.05</ele>
      </trkpt>
      <trkpt lat="62.38044" lon="-6.56281">
        <ele>769.95</ele>
      </trkpt>
      <trkpt lat="62.38048" lon="-6.56292">
        <ele>768.42</ele>
      </trkpt>
      <trkpt lat="62.38052" lon="-6.56298">
        <ele>767.29</ele>
      </trkpt>
      <trkpt lat="62.38055" lon="-6.56307">
        <ele>766.03</ele>
      </trkpt>
      <trkpt lat="62.3806" lon="-6.56313">
        <ele>765.59</ele>
      </trkpt>
      <trkpt lat="62.38065" lon="-6.56326">
        <ele>763.85</ele>
      </trkpt>
      <trkpt lat="62.38071" lon="-6.56332">
        <ele>761.9</ele>
      </trkpt>
      <trkpt lat="62.38079" lon="-6.5634">
        <ele>760.54</ele>
      </trkpt>
      <trkpt lat="62.38092" lon="-6.56362">
        <ele>761.88</ele>
      </trkpt>
      <trkpt lat="62.38107" lon="-6.56375">
        <ele>759.65</ele>
      </trkpt>
      <trkpt lat="62.38111" lon="-6.56378">
        <ele>758.96</ele>
      </trkpt>
      <trkpt lat="62.38112" lon="-6.5638">
        <ele>759.02</ele>
      </trkpt>
      <trkpt lat="62.38116" lon="-6.56386">
        <ele>759.81</ele>
      </trkpt>
      <trkpt lat="62.38122" lon="-6.56392">
        <ele>762.07</ele>
      </trkpt>
      <trkpt lat="62.38129" lon="-6.56399">
        <ele>765.48</ele>
      </trkpt>
      <trkpt lat="62.38139" lon="-6.56413">
        <ele>770.87</ele>
      </trkpt>
      <trkpt lat="62.38145" lon="-6.56419">
        <ele>770.64</ele>
      </trkpt>
      <trkpt lat="62.38146" lon="-6.5642">
        <ele>770.45</ele>
      </trkpt>
      <trkpt lat="62.38149" lon="-6.56423">
        <ele>769.95</ele>
      </trkpt>
      <trkpt lat="62.38154" lon="-6.56428">
        <ele>769.39</ele>
      </trkpt>
      <trkpt lat="62.3816" lon="-6.56434">
        <ele>769.14</ele>
      </trkpt>
      <trkpt lat="62.38166" lon="-6.56442">
        <ele>769.13</ele>
      </trkpt>
      <trkpt lat="62.38169" lon="-6.56449">
        <ele>765.02</ele>
      </trkpt>
      <trkpt lat="62.38181" lon="-6.56463">
        <ele>752.37</ele>
      </trkpt>
      <trkpt lat="62.38185" lon="-6.56469">
        <ele>747.71</ele>
      </trkpt>
      <trkpt lat="62.38187" lon="-6.56472">
        <ele>745.48</ele>
      </trkpt>
      <trkpt lat="62.38191" lon="-6.56477">
        <ele>744.94</ele>
      </trkpt>
      <trkpt lat="62.38194" lon="-6.56483">
        <ele>744.85</ele>
      </trkpt>
      <trkpt lat="62.38199" lon="-6.56489">
        <ele>745.07</ele>
      </trkpt>
      <trkpt lat="62.382" lon="-6.56492">
        <ele>745.08</ele>
      </trkpt>
      <trkpt lat="62.38202" lon="-6.56496">
        <ele>744.94</ele>
      </trkpt>
      <trkpt lat="62.38205" lon="-6.56513">
        <ele>744.55</ele>
      </trkpt>
      <trkpt lat="62.3821" lon="-6.56523">
        <ele>744.32</ele>
      </trkpt>
      <trkpt lat="62.38216" lon="-6.5653">
        <ele>744.0</ele>
      </trkpt>
      <trkpt lat="62.38221" lon="-6.5654">
        <ele>742.74</ele>
      </trkpt>
      <trkpt lat="62.38226" lon="-6.56545">
        <ele>742.34</ele>
      </trkpt>
      <trkpt lat="62.3823" lon="-6.5655">
        <ele>742.22</ele>
      </trkpt>
      <trkpt lat="62.3824" lon="-6.56561">
        <ele>741.27</ele>
      </trkpt>
      <trkpt lat="62.38244" lon="-6.56566">
        <ele>740.4</ele>
      </trkpt>
      <trkpt lat="62.38249" lon="-6.56578">
        <ele>738.12</ele>
      </trkpt>
      <trkpt lat="62.38253" lon="-6.56587">
        <ele>737.22</ele>
      </trkpt>
      <trkpt lat="62.38254" lon="-6.56588">
        <ele>737.29</ele>
      </trkpt>
      <trkpt lat="62.38262" lon="-6.56599">
        <ele>737.86</ele>
      </trkpt>
      <trkpt lat="62.38271" lon="-6.56612">
        <ele>738.7</ele>
      </trkpt>
      <trkpt lat="62.38283" lon="-6.56625">
        <ele>742.72</ele>
      </trkpt>
      <trkpt lat="62.3829" lon="-6.56636">
        <ele>744.64</ele>
      </trkpt>
      <trkpt lat="62.38291" lon="-6.56639">
        <ele>745.08</ele>
      </trkpt>
      <trkpt lat="62.38296" lon="-6.56651">
        <ele>742.2</ele>
      </trkpt>
      <trkpt lat="62.38297" lon="-6.56652">
        <ele>741.87</ele>
      </trkpt>
      <trkpt lat="62.38305" lon="-6.56669">
        <ele>737.83</ele>
      </trkpt>
      <trkpt lat="62.38307" lon="-6.56677">
        <ele>736.68</ele>
      </trkpt>
      <trkpt lat="62.3831" lon="-6.56684">
        <ele>735.63</ele>
      </trkpt>
      <trkpt lat="62.38312" lon="-6.56688">
        <ele>735.07</ele>
      </trkpt>
      <trkpt lat="62.38314" lon="-6.56692">
        <ele>734.58</ele>
      </trkpt>
      <trkpt lat="62.38318" lon="-6.567">
        <ele>734.59</ele>
      </trkpt>
      <trkpt lat="62.38322" lon="-6.56706">
        <ele>734.34</ele>
      </trkpt>
      <trkpt lat="62.38322" lon="-6.56707">
        <ele>734.39</ele>
      </trkpt>
      <trkpt lat="62.38325" lon="-6.56712">
        <ele>733.85</ele>
      </trkpt>
      <trkpt lat="62.38326" lon="-6.56715">
        <ele>733.61</ele>
      </trkpt>
      <trkpt lat="62.38327" lon="-6.56717">
        <ele>733.31</ele>
      </trkpt>
      <trkpt lat="62.38328" lon="-6.5672">
        <ele>732.96</ele>
      </trkpt>
      <trkpt lat="62.3833" lon="-6.56724">
        <ele>732.32</ele>
      </trkpt>
      <trkpt lat="62.38332" lon="-6.56731">
        <ele>732.29</ele>
      </trkpt>
      <trkpt lat="62.38336" lon="-6.56739">
        <ele>732.1</ele>
      </trkpt>
      <trkpt lat="62.3834" lon="-6.56751">
        <ele>732.21</ele>
      </trkpt>
      <trkpt lat="62.38344" lon="-6.56765">
        <ele>729.69</ele>
      </trkpt>
      <trkpt lat="62.38351" lon="-6.56778">
        <ele>726.56</ele>
      </trkpt>
      <trkpt lat="62.38352" lon="-6.56779">
        <ele>726.36</ele>
      </trkpt>
      <trkpt lat="62.38354" lon="-6.56783">
        <ele>726.12</ele>
      </trkpt>
      <trkpt lat="62.38355" lon="-6.56786">
        <ele>726.1</ele>
      </trkpt>
      <trkpt lat="62.38356" lon="-6.56789">
        <ele>726.13</ele>
      </trkpt>
      <trkpt lat="62.38358" lon="-6.56794">
        <ele>726.21</ele>
      </trkpt>
      <trkpt lat="62.38362" lon="-6.56799">
        <ele>725.88</ele>
      </trkpt>
      <trkpt lat="62.38365" lon="-6.56801">
        <ele>724.52</ele>
      </trkpt>
      <trkpt lat="62.38369" lon="-6.56805">
        <ele>722.21</ele>
      </trkpt>
      <trkpt lat="62.38375" lon="-6.56806">
        <ele>718.4</ele>
      </trkpt>
      <trkpt lat="62.38382" lon="-6.56804">
        <ele>714.76</ele>
      </trkpt>
      <trkpt lat="62.3839" lon="-6.568">
        <ele>712.55</ele>
      </trkpt>
      <trkpt lat="62.38392" lon="-6.56799">
        <ele>712.57</ele>
      </trkpt>
      <trkpt lat="62.38393" lon="-6.56798">
        <ele>712.77</ele>
      </trkpt>
      <trkpt lat="62.38395" lon="-6.56796">
        <ele>713.1</ele>
      </trkpt>
      <trkpt lat="62.38397" lon="-6.56794">
        <ele>713.32</ele>
      </trkpt>
      <trkpt lat="62.384" lon="-6.56792">
        <ele>713.08</ele>
      </trkpt>
      <trkpt lat="62.38405" lon="-6.56788">
        <ele>712.5</ele>
      </trkpt>
      <trkpt lat="62.38416" lon="-6.56781">
        <ele>708.98</ele>
      </trkpt>
      <trkpt lat="62.38423" lon="-6.56776">
        <ele>707.79</ele>
      </trkpt>
      <trkpt lat="62.38432" lon="-6.56771">
        <ele>705.74</ele>
      </trkpt>
      <trkpt lat="62.38445" lon="-6.56763">
        <ele>699.88</ele>
      </trkpt>
      <trkpt lat="62.38458" lon="-6.5675">
        <ele>701.44</ele>
      </trkpt>
      <trkpt lat="62.38468" lon="-6.56743">
        <ele>703.29</ele>
      </trkpt>
      <trkpt lat="62.38475" lon="-6.56736">
        <ele>702.6</ele>
      </trkpt>
      <trkpt lat="62.38476" lon="-6.56735">
        <ele>702.25</ele>
      </trkpt>
      <trkpt lat="62.38485" lon="-6.56728">
        <ele>699.34</ele>
      </trkpt>
      <trkpt lat="62.38492" lon="-6.56723">
        <ele>697.29</ele>
      </trkpt>
      <trkpt lat="62.38501" lon="-6.56717">
        <ele>693.03</ele>
      </trkpt>
      <trkpt lat="62.38509" lon="-6.56722">
        <ele>692.03</ele>
      </trkpt>
      <trkpt lat="62.38515" lon="-6.5673">
        <ele>690.16</ele>
      </trkpt>
      <trkpt lat="62.38519" lon="-6.56733">
        <ele>688.99</ele>
      </trkpt>
      <trkpt lat="62.38522" lon="-6.56734">
        <ele>688.12</ele>
      </trkpt>
      <trkpt lat="62.38526" lon="-6.56735">
        <ele>686.98</ele>
      </trkpt>
      <trkpt lat="62.38534" lon="-6.56734">
        <ele>686.27</ele>
      </trkpt>
      <trkpt lat="62.3855" lon="-6.5674">
        <ele>685.39</ele>
      </trkpt>
      <trkpt lat="62.38557" lon="-6.56738">
        <ele>685.35</ele>
      </trkpt>
      <trkpt lat="62.38562" lon="-6.56737">
        <ele>685.76</ele>
      </trkpt>
      <trkpt lat="62.38563" lon="-6.56737">
        <ele>685.82</ele>
      </trkpt>
      <trkpt lat="62.3857" lon="-6.56734">
        <ele>687.32</ele>
      </trkpt>
      <trkpt lat="62.38578" lon="-6.56733">
        <ele>688.72</ele>
      </trkpt>
      <trkpt lat="62.38589" lon="-6.56733">
        <ele>689.75</ele>
      </trkpt>
      <trkpt lat="62.38595" lon="-6.56732">
        <ele>690.63</ele>
      </trkpt>
      <trkpt lat="62.386" lon="-6.56733">
        <ele>690.43</ele>
      </trkpt>
      <trkpt lat="62.38604" lon="-6.56732">
        <ele>691.11</ele>
      </trkpt>
      <trkpt lat="62.38607" lon="-6.5673">
        <ele>692.06</ele>
      </trkpt>
      <trkpt lat="62.38607" lon="-6.5673">
        <ele>692.06</ele>
      </trkpt>
      <trkpt lat="62.3861" lon="-6.56727">
        <ele>693.27</ele>
      </trkpt>
      <trkpt lat="62.38613" lon="-6.56724">
        <ele>693.91</ele>
      </trkpt>
      <trkpt lat="62.38616" lon="-6.56721">
        <ele>693.71</ele>
      </trkpt>
      <trkpt lat="62.3862" lon="-6.56713">
        <ele>692.52</ele>
      </trkpt>
      <trkpt lat="62.3863" lon="-6.56699">
        <ele>690.84</ele>
      </trkpt>
      <trkpt lat="62.38633" lon="-6.56697">
        <ele>690.53</ele>
      </trkpt>
      <trkpt lat="62.38635" lon="-6.56697">
        <ele>690.29</ele>
      </trkpt>
      <trkpt lat="62.3864" lon="-6.56695">
        <ele>690.16</ele>
      </trkpt>
      <trkpt lat="62.38646" lon="-6.56695">
        <ele>691.21</ele>
      </trkpt>
      <trkpt lat="62.38647" lon="-6.56695">
        <ele>691.39</ele>
      </trkpt>
      <trkpt lat="62.38648" lon="-6.56695">
        <ele>691.57</ele>
      </trkpt>
      <trkpt lat="62.3865" lon="-6.56694">
        <ele>692.03</ele>
      </trkpt>
      <trkpt lat="62.38652" lon="-6.56692">
        <ele>692.49</ele>
      </trkpt>
      <trkpt lat="62.38654" lon="-6.5669">
        <ele>692.95</ele>
      </trkpt>
      <trkpt lat="62.38656" lon="-6.56688">
        <ele>693.4</ele>
      </trkpt>
      <trkpt lat="62.38658" lon="-6.5668">
        <ele>694.12</ele>
      </trkpt>
      <trkpt lat="62.38662" lon="-6.56675">
        <ele>694.98</ele>
      </trkpt>
      <trkpt lat="62.38667" lon="-6.56662">
        <ele>695.99</ele>
      </trkpt>
      <trkpt lat="62.3867" lon="-6.56658">
        <ele>695.84</ele>
      </trkpt>
      <trkpt lat="62.38675" lon="-6.56652">
        <ele>695.54</ele>
      </trkpt>
      <trkpt lat="62.38681" lon="-6.56648">
        <ele>695.14</ele>
      </trkpt>
      <trkpt lat="62.38685" lon="-6.56648">
        <ele>694.9</ele>
      </trkpt>
      <trkpt lat="62.38686" lon="-6.56645">
        <ele>694.76</ele>
      </trkpt>
      <trkpt lat="62.3869" lon="-6.56643">
        <ele>694.44</ele>
      </trkpt>
      <trkpt lat="62.38698" lon="-6.56645">
        <ele>694.79</ele>
      </trkpt>
      <trkpt lat="62.387" lon="-6.56646">
        <ele>695.16</ele>
      </trkpt>
      <trkpt lat="62.38703" lon="-6.5665">
        <ele>695.88</ele>
      </trkpt>
      <trkpt lat="62.38709" lon="-6.56662">
        <ele>697.8</ele>
      </trkpt>
      <trkpt lat="62.38711" lon="-6.56666">
        <ele>698.52</ele>
      </trkpt>
      <trkpt lat="62.38715" lon="-6.56675">
        <ele>700.77</ele>
      </trkpt>
      <trkpt lat="62.38718" lon="-6.56684">
        <ele>703.26</ele>
      </trkpt>
      <trkpt lat="62.38719" lon="-6.56687">
        <ele>704.19</ele>
      </trkpt>
      <trkpt lat="62.38719" lon="-6.56689">
        <ele>704.57</ele>
      </trkpt>
      <trkpt lat="62.3872" lon="-6.5669">
        <ele>705.16</ele>
      </trkpt>
      <trkpt lat="62.38721" lon="-6.56692">
        <ele>705.97</ele>
      </trkpt>
      <trkpt lat="62.38722" lon="-6.56696">
        <ele>706.74</ele>
      </trkpt>
      <trkpt lat="62.38722" lon="-6.56699">
        <ele>706.41</ele>
      </trkpt>
      <trkpt lat="62.38727" lon="-6.56709">
        <ele>705.7</ele>
      </trkpt>
      <trkpt lat="62.3873" lon="-6.5672">
        <ele>705.01</ele>
      </trkpt>
      <trkpt lat="62.38734" lon="-6.56731">
        <ele>702.92</ele>
      </trkpt>
      <trkpt lat="62.38737" lon="-6.56733">
        <ele>702.95</ele>
      </trkpt>
      <trkpt lat="62.38741" lon="-6.56734">
        <ele>703.51</ele>
      </trkpt>
      <trkpt lat="62.38745" lon="-6.56728">
        <ele>705.4</ele>
      </trkpt>
      <trkpt lat="62.38748" lon="-6.56727">
        <ele>706.02</ele>
      </trkpt>
      <trkpt lat="62.3875" lon="-6.56723">
        <ele>706.89</ele>
      </trkpt>
      <trkpt lat="62.38753" lon="-6.56722">
        <ele>707.75</ele>
      </trkpt>
      <trkpt lat="62.38756" lon="-6.56723">
        <ele>708.41</ele>
      </trkpt>
      <trkpt lat="62.38765" lon="-6.56721">
        <ele>710.73</ele>
      </trkpt>
      <trkpt lat="62.38771" lon="-6.56723">
        <ele>712.22</ele>
      </trkpt>
      <trkpt lat="62.38778" lon="-6.5672">
        <ele>713.86</ele>
      </trkpt>
      <trkpt lat="62.38782" lon="-6.56721">
        <ele>714.22</ele>
      </trkpt>
      <trkpt lat="62.38787" lon="-6.56719">
        <ele>714.47</ele>
      </trkpt>
      <trkpt lat="62.38791" lon="-6.56717">
        <ele>714.67</ele>
      </trkpt>
      <trkpt lat="62.38794" lon="-6.56715">
        <ele>714.8</ele>
      </trkpt>
      <trkpt lat="62.38796" lon="-6.56712">
        <ele>714.82</ele>
      </trkpt>
      <trkpt lat="62.38798" lon="-6.5671">
        <ele>714.9</ele>
      </trkpt>
      <trkpt lat="62.38799" lon="-6.56708">
        <ele>714.9</ele>
      </trkpt>
      <trkpt lat="62.38802" lon="-6.56702">
        <ele>714.92</ele>
      </trkpt>
      <trkpt lat="62.38803" lon="-6.56699">
        <ele>714.9</ele>
      </trkpt>
      <trkpt lat="62.38805" lon="-6.56693">
        <ele>714.88</ele>
      </trkpt>
      <trkpt lat="62.38805" lon="-6.5669">
        <ele>714.77</ele>
      </trkpt>
      <trkpt lat="62.38807" lon="-6.56683">
        <ele>714.77</ele>
      </trkpt>
      <trkpt lat="62.38815" lon="-6.56668">
        <ele>715.39</ele>
      </trkpt>
      <trkpt lat="62.3882" lon="-6.56665">
        <ele>715.76</ele>
      </trkpt>
      <trkpt lat="62.38827" lon="-6.56659">
        <ele>716.1</ele>
      </trkpt>
      <trkpt lat="62.3883" lon="-6.56656">
        <ele>716.43</ele>
      </trkpt>
      <trkpt lat="62.38831" lon="-6.56655">
        <ele>716.58</ele>
      </trkpt>
      <trkpt lat="62.38834" lon="-6.56652">
        <ele>716.86</ele>
      </trkpt>
      <trkpt lat="62.38836" lon="-6.56648">
        <ele>716.34</ele>
      </trkpt>
      <trkpt lat="62.3884" lon="-6.56641">
        <ele>715.41</ele>
      </trkpt>
      <trkpt lat="62.38847" lon="-6.56627">
        <ele>710.01</ele>
      </trkpt>
      <trkpt lat="62.38849" lon="-6.56624">
        <ele>708.92</ele>
      </trkpt>
      <trkpt lat="62.38864" lon="-6.56612">
        <ele>706.32</ele>
      </trkpt>
      <trkpt lat="62.38868" lon="-6.56607">
        <ele>705.03</ele>
      </trkpt>
      <trkpt lat="62.38868" lon="-6.56607">
        <ele>705.03</ele>
      </trkpt>
      <trkpt lat="62.3887" lon="-6.56604">
        <ele>704.26</ele>
      </trkpt>
      <trkpt lat="62.38872" lon="-6.56602">
        <ele>703.83</ele>
      </trkpt>
      <trkpt lat="62.38882" lon="-6.56593">
        <ele>702.35</ele>
      </trkpt>
      <trkpt lat="62.38893" lon="-6.56582">
        <ele>701.95</ele>
      </trkpt>
      <trkpt lat="62.38906" lon="-6.56571">
        <ele>703.98</ele>
      </trkpt>
      <trkpt lat="62.3891" lon="-6.56568">
        <ele>704.74</ele>
      </trkpt>
      <trkpt lat="62.38914" lon="-6.56563">
        <ele>705.23</ele>
      </trkpt>
      <trkpt lat="62.38917" lon="-6.56558">
        <ele>705.32</ele>
      </trkpt>
      <trkpt lat="62.38919" lon="-6.56553">
        <ele>703.9</ele>
      </trkpt>
      <trkpt lat="62.38921" lon="-6.56551">
        <ele>703.12</ele>
      </trkpt>
      <trkpt lat="62.38927" lon="-6.56547">
        <ele>701.84</ele>
      </trkpt>
      <trkpt lat="62.38939" lon="-6.56542">
        <ele>701.24</ele>
      </trkpt>
      <trkpt lat="62.38946" lon="-6.56535">
        <ele>701.19</ele>
      </trkpt>
      <trkpt lat="62.3895" lon="-6.56531">
        <ele>700.79</ele>
      </trkpt>
      <trkpt lat="62.38951" lon="-6.5653">
        <ele>700.66</ele>
      </trkpt>
      <trkpt lat="62.38954" lon="-6.56527">
        <ele>700.0</ele>
      </trkpt>
      <trkpt lat="62.38956" lon="-6.56526">
        <ele>699.45</ele>
      </trkpt>
      <trkpt lat="62.38957" lon="-6.56524">
        <ele>698.59</ele>
      </trkpt>
      <trkpt lat="62.3896" lon="-6.56521">
        <ele>697.23</ele>
      </trkpt>
      <trkpt lat="62.38963" lon="-6.56518">
        <ele>695.91</ele>
      </trkpt>
      <trkpt lat="62.38965" lon="-6.56517">
        <ele>695.44</ele>
      </trkpt>
      <trkpt lat="62.38967" lon="-6.56515">
        <ele>694.6</ele>
      </trkpt>
      <trkpt lat="62.38969" lon="-6.56513">
        <ele>693.79</ele>
      </trkpt>
      <trkpt lat="62.38973" lon="-6.5651">
        <ele>692.54</ele>
      </trkpt>
      <trkpt lat="62.38977" lon="-6.56508">
        <ele>691.58</ele>
      </trkpt>
      <trkpt lat="62.38981" lon="-6.56505">
        <ele>690.46</ele>
      </trkpt>
      <trkpt lat="62.39011" lon="-6.56486">
        <ele>618.63</ele>
      </trkpt>
      <trkpt lat="62.39028" lon="-6.56472">
        <ele>550.29</ele>
      </trkpt>
      <trkpt lat="62.39042" lon="-6.56467">
        <ele>506.81</ele>
      </trkpt>
      <trkpt lat="62.39046" lon="-6.56466">
        <ele>494.15</ele>
      </trkpt>
      <trkpt lat="62.39051" lon="-6.5645">
        <ele>466.22</ele>
      </trkpt>
      <trkpt lat="62.39063" lon="-6.56442">
        <ele>390.94</ele>
      </trkpt>
      <trkpt lat="62.39051" lon="-6.5645">
        <ele>466.22</ele>
      </trkpt>
      <trkpt lat="62.39046" lon="-6.56466">
        <ele>494.15</ele>
      </trkpt>
      <trkpt lat="62.39042" lon="-6.56467">
        <ele>506.81</ele>
      </trkpt>
      <trkpt lat="62.39028" lon="-6.56472">
        <ele>550.29</ele>
      </trkpt>
      <trkpt lat="62.39011" lon="-6.56486">
        <ele>618.63</ele>
      </trkpt>
      <trkpt lat="62.38981" lon="-6.56505">
        <ele>690.46</ele>
      </trkpt>
      <trkpt lat="62.38977" lon="-6.56508">
        <ele>691.58</ele>
      </trkpt>
      <trkpt lat="62.38973" lon="-6.5651">
        <ele>692.54</ele>
      </trkpt>
      <trkpt lat="62.38969" lon="-6.56513">
        <ele>693.79</ele>
      </trkpt>
      <trkpt lat="62.38967" lon="-6.56515">
        <ele>694.6</ele>
      </trkpt>
      <trkpt lat="62.38965" lon="-6.56517">
        <ele>695.44</ele>
      </trkpt>
      <trkpt lat="62.38963" lon="-6.56518">
        <ele>695.91</ele>
      </trkpt>
      <trkpt lat="62.3896" lon="-6.56521">
        <ele>697.23</ele>
      </trkpt>
      <trkpt lat="62.38957" lon="-6.56524">
        <ele>698.59</ele>
      </trkpt>
      <trkpt lat="62.38956" lon="-6.56526">
        <ele>699.45</ele>
      </trkpt>
      <trkpt lat="62.38954" lon="-6.56527">
        <ele>700.0</ele>
      </trkpt>
      <trkpt lat="62.38951" lon="-6.5653">
        <ele>700.66</ele>
      </trkpt>
      <trkpt lat="62.3895" lon="-6.56531">
        <ele>700.79</ele>
      </trkpt>
      <trkpt lat="62.38946" lon="-6.56535">
        <ele>701.19</ele>
      </trkpt>
      <trkpt lat="62.38939" lon="-6.56542">
        <ele>701.24</ele>
      </trkpt>
      <trkpt lat="62.38927" lon="-6.56547">
        <ele>701.84</ele>
      </trkpt>
      <trkpt lat="62.38921" lon="-6.56551">
        <ele>703.12</ele>
      </trkpt>
      <trkpt lat="62.38919" lon="-6.56553">
        <ele>703.9</ele>
      </trkpt>
      <trkpt lat="62.38917" lon="-6.56558">
        <ele>705.32</ele>
      </trkpt>
      <trkpt lat="62.38914" lon="-6.56563">
        <ele>705.23</ele>
      </trkpt>
      <trkpt lat="62.3891" lon="-6.56568">
        <ele>704.74</ele>
      </trkpt>
      <trkpt lat="62.38906" lon="-6.56571">
        <ele>703.98</ele>
      </trkpt>
      <trkpt lat="62.38893" lon="-6.56582">
        <ele>701.95</ele>
      </trkpt>
      <trkpt lat="62.38882" lon="-6.56593">
        <ele>702.35</ele>
      </trkpt>
      <trkpt lat="62.38872" lon="-6.56602">
        <ele>703.83</ele>
      </trkpt>
      <trkpt lat="62.3887" lon="-6.56604">
        <ele>704.26</ele>
      </trkpt>
      <trkpt lat="62.38868" lon="-6.56607">
        <ele>705.03</ele>
      </trkpt>
      <trkpt lat="62.38868" lon="-6.56607">
        <ele>705.03</ele>
      </trkpt>
      <trkpt lat="62.38864" lon="-6.56612">
        <ele>706.32</ele>
      </trkpt>
      <trkpt lat="62.38849" lon="-6.56624">
        <ele>708.92</ele>
      </trkpt>
      <trkpt lat="62.38847" lon="-6.56627">
        <ele>710.01</ele>
      </trkpt>
      <trkpt lat="62.3884" lon="-6.56641">
        <ele>715.41</ele>
      </trkpt>
      <trkpt lat="62.38836" lon="-6.56648">
        <ele>716.34</ele>
      </trkpt>
      <trkpt lat="62.38834" lon="-6.56652">
        <ele>716.86</ele>
      </trkpt>
      <trkpt lat="62.38831" lon="-6.56655">
        <ele>716.58</ele>
      </trkpt>
      <trkpt lat="62.3883" lon="-6.56656">
        <ele>716.43</ele>
      </trkpt>
      <trkpt lat="62.38827" lon="-6.56659">
        <ele>716.1</ele>
      </trkpt>
      <trkpt lat="62.3882" lon="-6.56665">
        <ele>715.76</ele>
      </trkpt>
      <trkpt lat="62.38815" lon="-6.56668">
        <ele>715.39</ele>
      </trkpt>
      <trkpt lat="62.38807" lon="-6.56683">
        <ele>714.77</ele>
      </trkpt>
      <trkpt lat="62.38805" lon="-6.5669">
        <ele>714.77</ele>
      </trkpt>
      <trkpt lat="62.38805" lon="-6.56693">
        <ele>714.88</ele>
      </trkpt>
      <trkpt lat="62.38803" lon="-6.56699">
        <ele>714.9</ele>
      </trkpt>
      <trkpt lat="62.38802" lon="-6.56702">
        <ele>714.92</ele>
      </trkpt>
      <trkpt lat="62.38799" lon="-6.56708">
        <ele>714.9</ele>
      </trkpt>
      <trkpt lat="62.38798" lon="-6.5671">
        <ele>714.9</ele>
      </trkpt>
      <trkpt lat="62.38796" lon="-6.56712">
        <ele>714.82</ele>
      </trkpt>
      <trkpt lat="62.38794" lon="-6.56715">
        <ele>714.8</ele>
      </trkpt>
      <trkpt lat="62.38791" lon="-6.56717">
        <ele>714.67</ele>
      </trkpt>
      <trkpt lat="62.38787" lon="-6.56719">
        <ele>714.47</ele>
      </trkpt>
      <trkpt lat="62.38782" lon="-6.56721">
        <ele>714.22</ele>
      </trkpt>
      <trkpt lat="62.38778" lon="-6.5672">
        <ele>713.86</ele>
      </trkpt>
      <trkpt lat="62.38771" lon="-6.56723">
        <ele>712.22</ele>
      </trkpt>
      <trkpt lat="62.38765" lon="-6.56721">
        <ele>710.73</ele>
      </trkpt>
      <trkpt lat="62.38756" lon="-6.56723">
        <ele>708.41</ele>
      </trkpt>
      <trkpt lat="62.38753" lon="-6.56722">
        <ele>707.75</ele>
      </trkpt>
      <trkpt lat="62.3875" lon="-6.56723">
        <ele>706.89</ele>
      </trkpt>
      <trkpt lat="62.38748" lon="-6.56727">
        <ele>706.02</ele>
      </trkpt>
      <trkpt lat="62.38745" lon="-6.56728">
        <ele>705.4</ele>
      </trkpt>
      <trkpt lat="62.38741" lon="-6.56734">
        <ele>703.51</ele>
      </trkpt>
      <trkpt lat="62.38737" lon="-6.56733">
        <ele>702.95</ele>
      </trkpt>
      <trkpt lat="62.38734" lon="-6.56731">
        <ele>702.92</ele>
      </trkpt>
      <trkpt lat="62.3873" lon="-6.5672">
        <ele>705.01</ele>
      </trkpt>
      <trkpt lat="62.38727" lon="-6.56709">
        <ele>705.7</ele>
      </trkpt>
      <trkpt lat="62.38722" lon="-6.56699">
        <ele>706.41</ele>
      </trkpt>
      <trkpt lat="62.38722" lon="-6.56696">
        <ele>706.74</ele>
      </trkpt>
      <trkpt lat="62.38721" lon="-6.56692">
        <ele>705.97</ele>
      </trkpt>
      <trkpt lat="62.3872" lon="-6.5669">
        <ele>705.16</ele>
      </trkpt>
      <trkpt lat="62.38719" lon="-6.56689">
        <ele>704.57</ele>
      </trkpt>
      <trkpt lat="62.38719" lon="-6.56687">
        <ele>704.19</ele>
      </trkpt>
      <trkpt lat="62.38718" lon="-6.56684">
        <ele>703.26</ele>
      </trkpt>
      <trkpt lat="62.38715" lon="-6.56675">
        <ele>700.77</ele>
      </trkpt>
      <trkpt lat="62.38711" lon="-6.56666">
        <ele>698.52</ele>
      </trkpt>
      <trkpt lat="62.38709" lon="-6.56662">
        <ele>697.8</ele>
      </trkpt>
      <trkpt lat="62.38703" lon="-6.5665">
        <ele>695.88</ele>
      </trkpt>
      <trkpt lat="62.387" lon="-6.56646">
        <ele>695.16</ele>
      </trkpt>
      <trkpt lat="62.38698" lon="-6.56645">
        <ele>694.79</ele>
      </trkpt>
      <trkpt lat="62.3869" lon="-6.56643">
        <ele>694.44</ele>
      </trkpt>
      <trkpt lat="62.38686" lon="-6.56645">
        <ele>694.76</ele>
      </trkpt>
      <trkpt lat="62.38685" lon="-6.56648">
        <ele>694.9</ele>
      </trkpt>
      <trkpt lat="62.38681" lon="-6.56648">
        <ele>695.14</ele>
      </trkpt>
      <trkpt lat="62.38675" lon="-6.56652">
        <ele>695.54</ele>
      </trkpt>
      <trkpt lat="62.3867" lon="-6.56658">
        <ele>695.84</ele>
      </trkpt>
      <trkpt lat="62.38667" lon="-6.56662">
        <ele>695.99</ele>
      </trkpt>
      <trkpt lat="62.38662" lon="-6.56675">
        <ele>694.98</ele>
      </trkpt>
      <trkpt lat="62.38658" lon="-6.5668">
        <ele>694.12</ele>
      </trkpt>
      <trkpt lat="62.38656" lon="-6.56688">
        <ele>693.4</ele>
      </trkpt>
      <trkpt lat="62.38654" lon="-6.5669">
        <ele>692.95</ele>
      </trkpt>
      <trkpt lat="62.38652" lon="-6.56692">
        <ele>692.49</ele>
      </trkpt>
      <trkpt lat="62.3865" lon="-6.56694">
        <ele>692.03</ele>
      </trkpt>
      <trkpt lat="62.38648" lon="-6.56695">
        <ele>691.57</ele>
      </trkpt>
      <trkpt lat="62.38647" lon="-6.56695">
        <ele>691.39</ele>
      </trkpt>
      <trkpt lat="62.38646" lon="-6.56695">
        <ele>691.21</ele>
      </trkpt>
      <trkpt lat="62.3864" lon="-6.56695">
        <ele>690.16</ele>
      </trkpt>
      <trkpt lat="62.38635" lon="-6.56697">
        <ele>690.29</ele>
      </trkpt>
      <trkpt lat="62.38633" lon="-6.56697">
        <ele>690.53</ele>
      </trkpt>
      <trkpt lat="62.3863" lon="-6.56699">
        <ele>690.84</ele>
      </trkpt>
      <trkpt lat="62.3862" lon="-6.56713">
        <ele>692.52</ele>
      </trkpt>
      <trkpt lat="62.38616" lon="-6.56721">
        <ele>693.71</ele>
      </trkpt>
      <trkpt lat="62.38613" lon="-6.56724">
        <ele>693.91</ele>
      </trkpt>
      <trkpt lat="62.3861" lon="-6.56727">
        <ele>693.27</ele>
      </trkpt>
      <trkpt lat="62.38607" lon="-6.5673">
        <ele>692.06</ele>
      </trkpt>
      <trkpt lat="62.38607" lon="-6.5673">
        <ele>692.06</ele>
      </trkpt>
      <trkpt lat="62.38604" lon="-6.56732">
        <ele>691.11</ele>
      </trkpt>
      <trkpt lat="62.386" lon="-6.56733">
        <ele>690.43</ele>
      </trkpt>
      <trkpt lat="62.38595" lon="-6.56732">
        <ele>690.63</ele>
      </trkpt>
      <trkpt lat="62.38589" lon="-6.56733">
        <ele>689.75</ele>
      </trkpt>
      <trkpt lat="62.38578" lon="-6.56733">
        <ele>688.72</ele>
      </trkpt>
      <trkpt lat="62.3857" lon="-6.56734">
        <ele>687.32</ele>
      </trkpt>
      <trkpt lat="62.38563" lon="-6.56737">
        <ele>685.82</ele>
      </trkpt>
      <trkpt lat="62.38562" lon="-6.56737">
        <ele>685.76</ele>
      </trkpt>
      <trkpt lat="62.38557" lon="-6.56738">
        <ele>685.35</ele>
      </trkpt>
      <trkpt lat="62.3855" lon="-6.5674">
        <ele>685.39</ele>
      </trkpt>
      <trkpt lat="62.38534" lon="-6.56734">
        <ele>686.27</ele>
      </trkpt>
      <trkpt lat="62.38526" lon="-6.56735">
        <ele>686.98</ele>
      </trkpt>
      <trkpt lat="62.38522" lon="-6.56734">
        <ele>688.12</ele>
      </trkpt>
      <trkpt lat="62.38519" lon="-6.56733">
        <ele>688.99</ele>
      </trkpt>
      <trkpt lat="62.38515" lon="-6.5673">
        <ele>690.16</ele>
      </trkpt>
      <trkpt lat="62.38509" lon="-6.56722">
        <ele>692.03</ele>
      </trkpt>
      <trkpt lat="62.38501" lon="-6.56717">
        <ele>693.03</ele>
      </trkpt>
      <trkpt lat="62.38492" lon="-6.56723">
        <ele>697.29</ele>
      </trkpt>
      <trkpt lat="62.38485" lon="-6.56728">
        <ele>699.34</ele>
      </trkpt>
      <trkpt lat="62.38476" lon="-6.56735">
        <ele>702.25</ele>
      </trkpt>
      <trkpt lat="62.38475" lon="-6.56736">
        <ele>702.6</ele>
      </trkpt>
      <trkpt lat="62.38468" lon="-6.56743">
        <ele>703.29</ele>
      </trkpt>
      <trkpt lat="62.38458" lon="-6.5675">
        <ele>701.44</ele>
      </trkpt>
      <trkpt lat="62.38445" lon="-6.56763">
        <ele>699.88</ele>
      </trkpt>
      <trkpt lat="62.38432" lon="-6.56771">
        <ele>705.74</ele>
      </trkpt>
      <trkpt lat="62.38423" lon="-6.56776">
        <ele>707.79</ele>
      </trkpt>
      <trkpt lat="62.38416" lon="-6.56781">
        <ele>708.98</ele>
      </trkpt>
      <trkpt lat="62.38405" lon="-6.56788">
        <ele>712.5</ele>
      </trkpt>
      <trkpt lat="62.384" lon="-6.56792">
        <ele>713.08</ele>
      </trkpt>
      <trkpt lat="62.38397" lon="-6.56794">
        <ele>713.32</ele>
      </trkpt>
      <trkpt lat="62.38395" lon="-6.56796">
        <ele>713.1</ele>
      </trkpt>
      <trkpt lat="62.38393" lon="-6.56798">
        <ele>712.77</ele>
      </trkpt>
      <trkpt lat="62.38392" lon="-6.56799">
        <ele>712.57</ele>
      </trkpt>
      <trkpt lat="62.3839" lon="-6.568">
        <ele>712.55</ele>
      </trkpt>
      <trkpt lat="62.38382" lon="-6.56804">
        <ele>714.76</ele>
      </trkpt>
      <trkpt lat="62.38375" lon="-6.56806">
        <ele>718.4</ele>
      </trkpt>
      <trkpt lat="62.38369" lon="-6.56805">
        <ele>722.21</ele>
      </trkpt>
      <trkpt lat="62.38365" lon="-6.56801">
        <ele>724.52</ele>
      </trkpt>
      <trkpt lat="62.38362" lon="-6.56799">
        <ele>725.88</ele>
      </trkpt>
      <trkpt lat="62.38358" lon="-6.56794">
        <ele>726.21</ele>
      </trkpt>
      <trkpt lat="62.38356" lon="-6.56789">
        <ele>726.13</ele>
      </trkpt>
      <trkpt lat="62.38355" lon="-6.56786">
        <ele>726.1</ele>
      </trkpt>
      <trkpt lat="62.38354" lon="-6.56783">
        <ele>726.12</ele>
      </trkpt>
      <trkpt lat="62.38352" lon="-6.56779">
        <ele>726.36</ele>
      </trkpt>
      <trkpt lat="62.38351" lon="-6.56778">
        <ele>726.56</ele>
      </trkpt>
      <trkpt lat="62.38344" lon="-6.56765">
        <ele>729.69</ele>
      </trkpt>
      <trkpt lat="62.3834" lon="-6.56751">
        <ele>732.21</ele>
      </trkpt>
      <trkpt lat="62.38336" lon="-6.56739">
        <ele>732.1</ele>
      </trkpt>
      <trkpt lat="62.38332" lon="-6.56731">
        <ele>732.29</ele>
      </trkpt>
      <trkpt lat="62.3833" lon="-6.56724">
        <ele>732.32</ele>
      </trkpt>
      <trkpt lat="62.38328" lon="-6.5672">
        <ele>732.96</ele>
      </trkpt>
      <trkpt lat="62.38327" lon="-6.56717">
        <ele>733.31</ele>
      </trkpt>
      <trkpt lat="62.38326" lon="-6.56715">
        <ele>733.61</ele>
      </trkpt>
      <trkpt lat="62.38325" lon="-6.56712">
        <ele>733.85</ele>
      </trkpt>
      <trkpt lat="62.38322" lon="-6.56707">
        <ele>734.39</ele>
      </trkpt>
      <trkpt lat="62.38322" lon="-6.56706">
        <ele>734.34</ele>
      </trkpt>
      <trkpt lat="62.38318" lon="-6.567">
        <ele>734.59</ele>
      </trkpt>
      <trkpt lat="62.38314" lon="-6.56692">
        <ele>734.58</ele>
      </trkpt>
      <trkpt lat="62.38312" lon="-6.56688">
        <ele>735.07</ele>
      </trkpt>
      <trkpt lat="62.3831" lon="-6.56684">
        <ele>735.63</ele>
      </trkpt>
      <trkpt lat="62.38307" lon="-6.56677">
        <ele>736.68</ele>
      </trkpt>
      <trkpt lat="62.38305" lon="-6.56669">
        <ele>737.83</ele>
      </trkpt>
      <trkpt lat="62.38297" lon="-6.56652">
        <ele>741.87</ele>
      </trkpt>
      <trkpt lat="62.38296" lon="-6.56651">
        <ele>742.2</ele>
      </trkpt>
      <trkpt lat="62.38291" lon="-6.56639">
        <ele>745.08</ele>
      </trkpt>
      <trkpt lat="62.3829" lon="-6.56636">
        <ele>744.64</ele>
      </trkpt>
      <trkpt lat="62.38283" lon="-6.56625">
        <ele>742.72</ele>
      </trkpt>
      <trkpt lat="62.38271" lon="-6.56612">
        <ele>738.7</ele>
      </trkpt>
      <trkpt lat="62.38262" lon="-6.56599">
        <ele>737.86</ele>
      </trkpt>
      <trkpt lat="62.38254" lon="-6.56588">
        <ele>737.29</ele>
      </trkpt>
      <trkpt lat="62.38253" lon="-6.56587">
        <ele>737.22</ele>
      </trkpt>
      <trkpt lat="62.38249" lon="-6.56578">
        <ele>738.12</ele>
      </trkpt>
      <trkpt lat="62.38244" lon="-6.56566">
        <ele>740.4</ele>
      </trkpt>
      <trkpt lat="62.3824" lon="-6.56561">
        <ele>741.27</ele>
      </trkpt>
      <trkpt lat="62.3823" lon="-6.5655">
        <ele>742.22</ele>
      </trkpt>
      <trkpt lat="62.38226" lon="-6.56545">
        <ele>742.34</ele>
      </trkpt>
      <trkpt lat="62.38221" lon="-6.5654">
        <ele>742.74</ele>
      </trkpt>
      <trkpt lat="62.38216" lon="-6.5653">
        <ele>744.0</ele>
      </trkpt>
      <trkpt lat="62.3821" lon="-6.56523">
        <ele>744.32</ele>
      </trkpt>
      <trkpt lat="62.38205" lon="-6.56513">
        <ele>744.55</ele>
      </trkpt>
      <trkpt lat="62.38202" lon="-6.56496">
        <ele>744.94</ele>
      </trkpt>
      <trkpt lat="62.382" lon="-6.56492">
        <ele>745.08</ele>
      </trkpt>
      <trkpt lat="62.38199" lon="-6.56489">
        <ele>745.07</ele>
      </trkpt>
      <trkpt lat="62.38194" lon="-6.56483">
        <ele>744.85</ele>
      </trkpt>
      <trkpt lat="62.38191" lon="-6.56477">
        <ele>744.94</ele>
      </trkpt>
      <trkpt lat="62.38187" lon="-6.56472">
        <ele>745.48</ele>
      </trkpt>
      <trkpt lat="62.38185" lon="-6.56469">
        <ele>747.71</ele>
      </trkpt>
      <trkpt lat="62.38181" lon="-6.56463">
        <ele>752.37</ele>
      </trkpt>
      <trkpt lat="62.38169" lon="-6.56449">
        <ele>765.02</ele>
      </trkpt>
      <trkpt lat="62.38166" lon="-6.56442">
        <ele>769.13</ele>
      </trkpt>
      <trkpt lat="62.3816" lon="-6.56434">
        <ele>769.14</ele>
      </trkpt>
      <trkpt lat="62.38154" lon="-6.56428">
        <ele>769.39</ele>
      </trkpt>
      <trkpt lat="62.38149" lon="-6.56423">
        <ele>769.95</ele>
      </trkpt>
      <trkpt lat="62.38146" lon="-6.5642">
        <ele>770.45</ele>
      </trkpt>
      <trkpt lat="62.38145" lon="-6.56419">
        <ele>770.64</ele>
      </trkpt>
      <trkpt lat="62.38139" lon="-6.56413">
        <ele>770.87</ele>
      </trkpt>
      <trkpt lat="62.38129" lon="-6.56399">
        <ele>765.48</ele>
      </trkpt>
      <trkpt lat="62.38122" lon="-6.56392">
        <ele>762.07</ele>
      </trkpt>
      <trkpt lat="62.38116" lon="-6.56386">
        <ele>759.81</ele>
      </trkpt>
      <trkpt lat="62.38112" lon="-6.5638">
        <ele>759.02</ele>
      </trkpt>
      <trkpt lat="62.38111" lon="-6.56378">
        <ele>758.96</ele>
      </trkpt>
      <trkpt lat="62.38107" lon="-6.56375">
        <ele>759.65</ele>
      </trkpt>
      <trkpt lat="62.38092" lon="-6.56362">
        <ele>761.88</ele>
      </trkpt>
      <trkpt lat="62.38079" lon="-6.5634">
        <ele>760.54</ele>
      </trkpt>
      <trkpt lat="62.38071" lon="-6.56332">
        <ele>761.9</ele>
      </trkpt>
      <trkpt lat="62.38065" lon="-6.56326">
        <ele>763.85</ele>
      </trkpt>
      <trkpt lat="62.3806" lon="-6.56313">
        <ele>765.59</ele>
      </trkpt>
      <trkpt lat="62.38055" lon="-6.56307">
        <ele>766.03</ele>
      </trkpt>
      <trkpt lat="62.38052" lon="-6.56298">
        <ele>767.29</ele>
      </trkpt>
      <trkpt lat="62.38048" lon="-6.56292">
        <ele>768.42</ele>
      </trkpt>
      <trkpt lat="62.38044" lon="-6.56281">
        <ele>769.95</ele>
      </trkpt>
      <trkpt lat="62.38041" lon="-6.56273">
        <ele>769.05</ele>
      </trkpt>
      <trkpt lat="62.38039" lon="-6.56267">
        <ele>766.93</ele>
      </trkpt>
      <trkpt lat="62.38038" lon="-6.56262">
        <ele>764.94</ele>
      </trkpt>
      <trkpt lat="62.38038" lon="-6.56261">
        <ele>764.57</ele>
      </trkpt>
      <trkpt lat="62.38034" lon="-6.5625">
        <ele>758.69</ele>
      </trkpt>
      <trkpt lat="62.38027" lon="-6.56228">
        <ele>760.88</ele>
      </trkpt>
      <trkpt lat="62.38017" lon="-6.56194">
        <ele>745.63</ele>
      </trkpt>
      <trkpt lat="62.38014" lon="-6.56182">
        <ele>747.57</ele>
      </trkpt>
      <trkpt lat="62.38014" lon="-6.56169">
        <ele>752.26</ele>
      </trkpt>
      <trkpt lat="62.38013" lon="-6.56162">
        <ele>753.92</ele>
      </trkpt>
      <trkpt lat="62.38008" lon="-6.56148">
        <ele>756.72</ele>
      </trkpt>
      <trkpt lat="62.38006" lon="-6.56137">
        <ele>760.68</ele>
      </trkpt>
      <trkpt lat="62.38002" lon="-6.56121">
        <ele>762.17</ele>
      </trkpt>
      <trkpt lat="62.38" lon="-6.56106">
        <ele>763.45</ele>
      </trkpt>
      <trkpt lat="62.37999" lon="-6.56097">
        <ele>761.65</ele>
      </trkpt>
      <trkpt lat="62.37998" lon="-6.56094">
        <ele>760.53</ele>
      </trkpt>
      <trkpt lat="62.37997" lon="-6.56092">
        <ele>759.53</ele>
      </trkpt>
      <trkpt lat="62.37995" lon="-6.56086">
        <ele>757.44</ele>
      </trkpt>
      <trkpt lat="62.37991" lon="-6.56072">
        <ele>756.94</ele>
      </trkpt>
      <trkpt lat="62.37977" lon="-6.56039">
        <ele>748.19</ele>
      </trkpt>
      <trkpt lat="62.3797" lon="-6.56024">
        <ele>744.55</ele>
      </trkpt>
      <trkpt lat="62.37967" lon="-6.5602">
        <ele>743.71</ele>
      </trkpt>
      <trkpt lat="62.37958" lon="-6.56006">
        <ele>740.79</ele>
      </trkpt>
      <trkpt lat="62.37953" lon="-6.55996">
        <ele>739.65</ele>
      </trkpt>
      <trkpt lat="62.3795" lon="-6.55989">
        <ele>740.09</ele>
      </trkpt>
      <trkpt lat="62.37945" lon="-6.5597">
        <ele>743.74</ele>
      </trkpt>
      <trkpt lat="62.37941" lon="-6.55958">
        <ele>744.98</ele>
      </trkpt>
      <trkpt lat="62.37937" lon="-6.5595">
        <ele>745.44</ele>
      </trkpt>
      <trkpt lat="62.37937" lon="-6.5595">
        <ele>745.44</ele>
      </trkpt>
      <trkpt lat="62.37935" lon="-6.55945">
        <ele>746.09</ele>
      </trkpt>
      <trkpt lat="62.37929" lon="-6.55933">
        <ele>745.99</ele>
      </trkpt>
      <trkpt lat="62.37923" lon="-6.55921">
        <ele>746.19</ele>
      </trkpt>
      <trkpt lat="62.37919" lon="-6.55912">
        <ele>747.14</ele>
      </trkpt>
      <trkpt lat="62.37912" lon="-6.55901">
        <ele>749.21</ele>
      </trkpt>
      <trkpt lat="62.37907" lon="-6.5589">
        <ele>751.58</ele>
      </trkpt>
      <trkpt lat="62.37905" lon="-6.55883">
        <ele>752.79</ele>
      </trkpt>
      <trkpt lat="62.37902" lon="-6.5587">
        <ele>754.87</ele>
      </trkpt>
      <trkpt lat="62.37901" lon="-6.55851">
        <ele>758.56</ele>
      </trkpt>
      <trkpt lat="62.37899" lon="-6.55842">
        <ele>759.98</ele>
      </trkpt>
      <trkpt lat="62.37895" lon="-6.55826">
        <ele>760.86</ele>
      </trkpt>
      <trkpt lat="62.37891" lon="-6.55811">
        <ele>759.08</ele>
      </trkpt>
      <trkpt lat="62.37887" lon="-6.55796">
        <ele>759.9</ele>
      </trkpt>
      <trkpt lat="62.37887" lon="-6.55796">
        <ele>759.9</ele>
      </trkpt>
      <trkpt lat="62.37886" lon="-6.55792">
        <ele>760.67</ele>
      </trkpt>
      <trkpt lat="62.3788" lon="-6.55775">
        <ele>763.34</ele>
      </trkpt>
      <trkpt lat="62.37874" lon="-6.55754">
        <ele>764.44</ele>
      </trkpt>
      <trkpt lat="62.37862" lon="-6.55736">
        <ele>760.24</ele>
      </trkpt>
      <trkpt lat="62.37854" lon="-6.55722">
        <ele>755.68</ele>
      </trkpt>
      <trkpt lat="62.37844" lon="-6.55696">
        <ele>747.8</ele>
      </trkpt>
      <trkpt lat="62.37839" lon="-6.55679">
        <ele>741.37</ele>
      </trkpt>
      <trkpt lat="62.37834" lon="-6.55669">
        <ele>735.15</ele>
      </trkpt>
      <trkpt lat="62.37831" lon="-6.55661">
        <ele>732.13</ele>
      </trkpt>
      <trkpt lat="62.37829" lon="-6.55656">
        <ele>730.6</ele>
      </trkpt>
      <trkpt lat="62.37828" lon="-6.55653">
        <ele>729.84</ele>
      </trkpt>
      <trkpt lat="62.37828" lon="-6.55652">
        <ele>729.79</ele>
      </trkpt>
      <trkpt lat="62.37825" lon="-6.55647">
        <ele>727.82</ele>
      </trkpt>
      <trkpt lat="62.37822" lon="-6.55641">
        <ele>725.94</ele>
      </trkpt>
      <trkpt lat="62.37817" lon="-6.55629">
        <ele>719.56</ele>
      </trkpt>
      <trkpt lat="62.37811" lon="-6.5561">
        <ele>709.12</ele>
      </trkpt>
      <trkpt lat="62.37808" lon="-6.55607">
        <ele>706.74</ele>
      </trkpt>
      <trkpt lat="62.37806" lon="-6.55604">
        <ele>704.99</ele>
      </trkpt>
      <trkpt lat="62.37803" lon="-6.55599">
        <ele>703.6</ele>
      </trkpt>
      <trkpt lat="62.37797" lon="-6.55597">
        <ele>702.69</ele>
      </trkpt>
      <trkpt lat="62.37796" lon="-6.55597">
        <ele>702.6</ele>
      </trkpt>
      <trkpt lat="62.37795" lon="-6.55597">
        <ele>702.51</ele>
      </trkpt>
      <trkpt lat="62.37794" lon="-6.55598">
        <ele>702.61</ele>
      </trkpt>
      <trkpt lat="62.37793" lon="-6.55599">
        <ele>702.72</ele>
      </trkpt>
      <trkpt lat="62.37792" lon="-6.55598">
        <ele>702.43</ele>
      </trkpt>
      <trkpt lat="62.3779" lon="-6.55597">
        <ele>702.06</ele>
      </trkpt>
      <trkpt lat="62.37787" lon="-6.55592">
        <ele>700.76</ele>
      </trkpt>
      <trkpt lat="62.37781" lon="-6.55593">
        <ele>700.4</ele>
      </trkpt>
      <trkpt lat="62.37779" lon="-6.55592">
        <ele>699.99</ele>
      </trkpt>
      <trkpt lat="62.37775" lon="-6.55593">
        <ele>699.49</ele>
      </trkpt>
      <trkpt lat="62.37774" lon="-6.55592">
        <ele>699.06</ele>
      </trkpt>
      <trkpt lat="62.3777" lon="-6.55594">
        <ele>698.62</ele>
      </trkpt>
      <trkpt lat="62.37767" lon="-6.55593">
        <ele>697.76</ele>
      </trkpt>
      <trkpt lat="62.37762" lon="-6.55596">
        <ele>697.33</ele>
      </trkpt>
      <trkpt lat="62.37758" lon="-6.556">
        <ele>697.33</ele>
      </trkpt>
      <trkpt lat="62.37756" lon="-6.55604">
        <ele>697.76</ele>
      </trkpt>
      <trkpt lat="62.37755" lon="-6.55606">
        <ele>697.98</ele>
      </trkpt>
      <trkpt lat="62.37753" lon="-6.5561">
        <ele>698.41</ele>
      </trkpt>
      <trkpt lat="62.37753" lon="-6.5561">
        <ele>698.41</ele>
      </trkpt>
      <trkpt lat="62.37749" lon="-6.55618">
        <ele>698.44</ele>
      </trkpt>
      <trkpt lat="62.37745" lon="-6.55622">
        <ele>695.06</ele>
      </trkpt>
      <trkpt lat="62.37742" lon="-6.5563">
        <ele>693.53</ele>
      </trkpt>
      <trkpt lat="62.37739" lon="-6.55629">
        <ele>690.12</ele>
      </trkpt>
      <trkpt lat="62.37737" lon="-6.55628">
        <ele>687.79</ele>
      </trkpt>
      <trkpt lat="62.37736" lon="-6.55629">
        <ele>686.92</ele>
      </trkpt>
      <trkpt lat="62.37734" lon="-6.55627">
        <ele>684.4</ele>
      </trkpt>
      <trkpt lat="62.37732" lon="-6.55627">
        <ele>682.27</ele>
      </trkpt>
      <trkpt lat="62.37728" lon="-6.55628">
        <ele>678.2</ele>
      </trkpt>
      <trkpt lat="62.37724" lon="-6.55624">
        <ele>673.21</ele>
      </trkpt>
      <trkpt lat="62.37719" lon="-6.55623">
        <ele>667.13</ele>
      </trkpt>
      <trkpt lat="62.37716" lon="-6.55625">
        <ele>663.66</ele>
      </trkpt>
      <trkpt lat="62.3771" lon="-6.55643">
        <ele>657.25</ele>
      </trkpt>
      <trkpt lat="62.37703" lon="-6.55645">
        <ele>647.38</ele>
      </trkpt>
      <trkpt lat="62.37699" lon="-6.55644">
        <ele>641.83</ele>
      </trkpt>
      <trkpt lat="62.37697" lon="-6.55642">
        <ele>639.21</ele>
      </trkpt>
      <trkpt lat="62.37694" lon="-6.55634">
        <ele>635.96</ele>
      </trkpt>
      <trkpt lat="62.37692" lon="-6.55635">
        <ele>634.93</ele>
      </trkpt>
      <trkpt lat="62.37691" lon="-6.55637">
        <ele>634.35</ele>
      </trkpt>
      <trkpt lat="62.3769" lon="-6.55643">
        <ele>633.41</ele>
      </trkpt>
      <trkpt lat="62.37688" lon="-6.55647">
        <ele>632.15</ele>
      </trkpt>
      <trkpt lat="62.37688" lon="-6.55649">
        <ele>632.0</ele>
      </trkpt>
      <trkpt lat="62.37687" lon="-6.5565">
        <ele>631.48</ele>
      </trkpt>
      <trkpt lat="62.37686" lon="-6.55653">
        <ele>630.84</ele>
      </trkpt>
      <trkpt lat="62.37684" lon="-6.55656">
        <ele>629.81</ele>
      </trkpt>
      <trkpt lat="62.37684" lon="-6.55657">
        <ele>629.76</ele>
      </trkpt>
      <trkpt lat="62.37683" lon="-6.55657">
        <ele>629.35</ele>
      </trkpt>
      <trkpt lat="62.37682" lon="-6.55658">
        <ele>628.9</ele>
      </trkpt>
      <trkpt lat="62.37681" lon="-6.5566">
        <ele>628.42</ele>
      </trkpt>
      <trkpt lat="62.3768" lon="-6.5566">
        <ele>628.02</ele>
      </trkpt>
      <trkpt lat="62.37678" lon="-6.55663">
        <ele>627.16</ele>
      </trkpt>
      <trkpt lat="62.37675" lon="-6.55662">
        <ele>626.03</ele>
      </trkpt>
      <trkpt lat="62.37669" lon="-6.55658">
        <ele>623.63</ele>
      </trkpt>
      <trkpt lat="62.37665" lon="-6.55659">
        <ele>622.54</ele>
      </trkpt>
      <trkpt lat="62.37662" lon="-6.55657">
        <ele>622.08</ele>
      </trkpt>
      <trkpt lat="62.3766" lon="-6.55657">
        <ele>621.84</ele>
      </trkpt>
      <trkpt lat="62.37654" lon="-6.55662">
        <ele>621.61</ele>
      </trkpt>
      <trkpt lat="62.37652" lon="-6.55659">
        <ele>621.09</ele>
      </trkpt>
      <trkpt lat="62.37649" lon="-6.55656">
        <ele>620.37</ele>
      </trkpt>
      <trkpt lat="62.37648" lon="-6.55653">
        <ele>619.84</ele>
      </trkpt>
      <trkpt lat="62.37646" lon="-6.55651">
        <ele>619.27</ele>
      </trkpt>
      <trkpt lat="62.37642" lon="-6.55642">
        <ele>617.18</ele>
      </trkpt>
      <trkpt lat="62.3764" lon="-6.55641">
        <ele>616.61</ele>
      </trkpt>
      <trkpt lat="62.37639" lon="-6.55642">
        <ele>616.58</ele>
      </trkpt>
      <trkpt lat="62.37637" lon="-6.55644">
        <ele>615.78</ele>
      </trkpt>
      <trkpt lat="62.37632" lon="-6.55657">
        <ele>615.21</ele>
      </trkpt>
      <trkpt lat="62.3763" lon="-6.55658">
        <ele>614.22</ele>
      </trkpt>
      <trkpt lat="62.37628" lon="-6.55658">
        <ele>613.05</ele>
      </trkpt>
      <trkpt lat="62.37622" lon="-6.55649">
        <ele>607.71</ele>
      </trkpt>
      <trkpt lat="62.37618" lon="-6.55641">
        <ele>603.65</ele>
      </trkpt>
      <trkpt lat="62.37615" lon="-6.55636">
        <ele>601.65</ele>
      </trkpt>
      <trkpt lat="62.37613" lon="-6.55633">
        <ele>600.75</ele>
      </trkpt>
      <trkpt lat="62.37612" lon="-6.55631">
        <ele>600.37</ele>
      </trkpt>
      <trkpt lat="62.3761" lon="-6.55628">
        <ele>599.53</ele>
      </trkpt>
      <trkpt lat="62.37608" lon="-6.55625">
        <ele>598.71</ele>
      </trkpt>
      <trkpt lat="62.37607" lon="-6.55624">
        <ele>598.25</ele>
      </trkpt>
      <trkpt lat="62.37606" lon="-6.55624">
        <ele>597.68</ele>
      </trkpt>
      <trkpt lat="62.37604" lon="-6.55623">
        <ele>596.66</ele>
      </trkpt>
      <trkpt lat="62.37604" lon="-6.55623">
        <ele>596.66</ele>
      </trkpt>
      <trkpt lat="62.37602" lon="-6.55625">
        <ele>595.25</ele>
      </trkpt>
      <trkpt lat="62.37599" lon="-6.55625">
        <ele>593.52</ele>
      </trkpt>
      <trkpt lat="62.37596" lon="-6.55624">
        <ele>591.94</ele>
      </trkpt>
      <trkpt lat="62.37586" lon="-6.55608">
        <ele>588.71</ele>
      </trkpt>
      <trkpt lat="62.37577" lon="-6.55599">
        <ele>581.75</ele>
      </trkpt>
      <trkpt lat="62.37575" lon="-6.55597">
        <ele>579.91</ele>
      </trkpt>
      <trkpt lat="62.37572" lon="-6.55597">
        <ele>576.99</ele>
      </trkpt>
      <trkpt lat="62.37571" lon="-6.55598">
        <ele>575.98</ele>
      </trkpt>
      <trkpt lat="62.3757" lon="-6.55602">
        <ele>574.86</ele>
      </trkpt>
      <trkpt lat="62.37569" lon="-6.55609">
        <ele>573.66</ele>
      </trkpt>
      <trkpt lat="62.37568" lon="-6.55613">
        <ele>572.38</ele>
      </trkpt>
      <trkpt lat="62.37567" lon="-6.55616">
        <ele>571.04</ele>
      </trkpt>
      <trkpt lat="62.37565" lon="-6.5562">
        <ele>568.66</ele>
      </trkpt>
      <trkpt lat="62.37558" lon="-6.55624">
        <ele>561.81</ele>
      </trkpt>
      <trkpt lat="62.37554" lon="-6.55624">
        <ele>558.99</ele>
      </trkpt>
      <trkpt lat="62.3755" lon="-6.55628">
        <ele>557.02</ele>
      </trkpt>
      <trkpt lat="62.37546" lon="-6.55643">
        <ele>553.77</ele>
      </trkpt>
      <trkpt lat="62.37545" lon="-6.55652">
        <ele>551.73</ele>
      </trkpt>
      <trkpt lat="62.37543" lon="-6.55655">
        <ele>550.52</ele>
      </trkpt>
      <trkpt lat="62.37542" lon="-6.55655">
        <ele>550.21</ele>
      </trkpt>
      <trkpt lat="62.3754" lon="-6.55652">
        <ele>550.1</ele>
      </trkpt>
      <trkpt lat="62.37538" lon="-6.55648">
        <ele>550.13</ele>
      </trkpt>
      <trkpt lat="62.37537" lon="-6.55645">
        <ele>550.29</ele>
      </trkpt>
      <trkpt lat="62.37535" lon="-6.55642">
        <ele>550.09</ele>
      </trkpt>
      <trkpt lat="62.37535" lon="-6.55641">
        <ele>550.26</ele>
      </trkpt>
      <trkpt lat="62.37533" lon="-6.55637">
        <ele>549.97</ele>
      </trkpt>
      <trkpt lat="62.37531" lon="-6.55633">
        <ele>549.42</ele>
      </trkpt>
      <trkpt lat="62.37528" lon="-6.5563">
        <ele>548.41</ele>
      </trkpt>
      <trkpt lat="62.37527" lon="-6.55631">
        <ele>547.65</ele>
      </trkpt>
      <trkpt lat="62.37526" lon="-6.55633">
        <ele>546.74</ele>
      </trkpt>
      <trkpt lat="62.37524" lon="-6.55639">
        <ele>544.72</ele>
      </trkpt>
      <trkpt lat="62.37521" lon="-6.55643">
        <ele>541.59</ele>
      </trkpt>
      <trkpt lat="62.37519" lon="-6.55643">
        <ele>539.87</ele>
      </trkpt>
      <trkpt lat="62.37514" lon="-6.55637">
        <ele>536.33</ele>
      </trkpt>
      <trkpt lat="62.37511" lon="-6.55636">
        <ele>533.92</ele>
      </trkpt>
      <trkpt lat="62.37504" lon="-6.55637">
        <ele>527.82</ele>
      </trkpt>
      <trkpt lat="62.375" lon="-6.5564">
        <ele>523.88</ele>
      </trkpt>
      <trkpt lat="62.37497" lon="-6.55643">
        <ele>520.5</ele>
      </trkpt>
      <trkpt lat="62.37495" lon="-6.55645">
        <ele>518.22</ele>
      </trkpt>
      <trkpt lat="62.37489" lon="-6.55638">
        <ele>513.08</ele>
      </trkpt>
      <trkpt lat="62.37486" lon="-6.55637">
        <ele>510.23</ele>
      </trkpt>
      <trkpt lat="62.37482" lon="-6.55637">
        <ele>506.18</ele>
      </trkpt>
      <trkpt lat="62.37478" lon="-6.55636">
        <ele>502.28</ele>
      </trkpt>
      <trkpt lat="62.37472" lon="-6.55631">
        <ele>496.9</ele>
      </trkpt>
      <trkpt lat="62.37468" lon="-6.55633">
        <ele>492.29</ele>
      </trkpt>
      <trkpt lat="62.37462" lon="-6.55642">
        <ele>484.52</ele>
      </trkpt>
      <trkpt lat="62.37461" lon="-6.55641">
        <ele>483.59</ele>
      </trkpt>
      <trkpt lat="62.3746" lon="-6.55642">
        <ele>482.39</ele>
      </trkpt>
      <trkpt lat="62.37458" lon="-6.55642">
        <ele>480.25</ele>
      </trkpt>
      <trkpt lat="62.37456" lon="-6.5564">
        <ele>478.35</ele>
      </trkpt>
      <trkpt lat="62.37455" lon="-6.5564">
        <ele>477.27</ele>
      </trkpt>
      <trkpt lat="62.37452" lon="-6.55641">
        <ele>473.95</ele>
      </trkpt>
      <trkpt lat="62.37447" lon="-6.55643">
        <ele>468.42</ele>
      </trkpt>
      <trkpt lat="62.37442" lon="-6.55642">
        <ele>463.73</ele>
      </trkpt>
      <trkpt lat="62.3742" lon="-6.55648">
        <ele>444.53</ele>
      </trkpt>
      <trkpt lat="62.37418" lon="-6.5565">
        <ele>442.54</ele>
      </trkpt>
      <trkpt lat="62.37416" lon="-6.55652">
        <ele>440.53</ele>
      </trkpt>
      <trkpt lat="62.37415" lon="-6.55655">
        <ele>439.2</ele>
      </trkpt>
      <trkpt lat="62.37412" lon="-6.55656">
        <ele>436.36</ele>
      </trkpt>
      <trkpt lat="62.37406" lon="-6.55648">
        <ele>432.48</ele>
      </trkpt>
      <trkpt lat="62.37398" lon="-6.55643">
        <ele>426.65</ele>
      </trkpt>
      <trkpt lat="62.37392" lon="-6.55644">
        <ele>421.35</ele>
      </trkpt>
      <trkpt lat="62.3739" lon="-6.55643">
        <ele>419.9</ele>
      </trkpt>
      <trkpt lat="62.37387" lon="-6.5564">
        <ele>418.56</ele>
      </trkpt>
      <trkpt lat="62.37385" lon="-6.55636">
        <ele>417.31</ele>
      </trkpt>
      <trkpt lat="62.37381" lon="-6.55635">
        <ele>414.89</ele>
      </trkpt>
      <trkpt lat="62.37376" lon="-6.55637">
        <ele>412.06</ele>
      </trkpt>
      <trkpt lat="62.37372" lon="-6.55637">
        <ele>409.68</ele>
      </trkpt>
      <trkpt lat="62.37369" lon="-6.55636">
        <ele>407.93</ele>
      </trkpt>
      <trkpt lat="62.37369" lon="-6.55636">
        <ele>407.93</ele>
      </trkpt>
      <trkpt lat="62.37365" lon="-6.55634">
        <ele>405.74</ele>
      </trkpt>
      <trkpt lat="62.37361" lon="-6.55632">
        <ele>403.61</ele>
      </trkpt>
      <trkpt lat="62.3736" lon="-6.5563">
        <ele>402.61</ele>
      </trkpt>
      <trkpt lat="62.37357" lon="-6.55625">
        <ele>399.47</ele>
      </trkpt>
      <trkpt lat="62.37357" lon="-6.5562">
        <ele>399.95</ele>
      </trkpt>
      <trkpt lat="62.37355" lon="-6.55613">
        <ele>398.13</ele>
      </trkpt>
      <trkpt lat="62.37351" lon="-6.55607">
        <ele>394.15</ele>
      </trkpt>
      <trkpt lat="62.37349" lon="-6.55601">
        <ele>392.92</ele>
      </trkpt>
      <trkpt lat="62.37336" lon="-6.55581">
        <ele>380.98</ele>
      </trkpt>
      <trkpt lat="62.37335" lon="-6.55579">
        <ele>380.29</ele>
      </trkpt>
      <trkpt lat="62.37332" lon="-6.55572">
        <ele>379.79</ele>
      </trkpt>
      <trkpt lat="62.37329" lon="-6.55567">
        <ele>380.12</ele>
      </trkpt>
      <trkpt lat="62.37324" lon="-6.55553">
        <ele>382.25</ele>
      </trkpt>
      <trkpt lat="62.37319" lon="-6.55547">
        <ele>381.55</ele>
      </trkpt>
      <trkpt lat="62.37314" lon="-6.55536">
        <ele>380.28</ele>
      </trkpt>
      <trkpt lat="62.37308" lon="-6.5553">
        <ele>375.42</ele>
      </trkpt>
      <trkpt lat="62.37305" lon="-6.55525">
        <ele>373.12</ele>
      </trkpt>
      <trkpt lat="62.37303" lon="-6.55521">
        <ele>372.36</ele>
      </trkpt>
      <trkpt lat="62.37302" lon="-6.55518">
        <ele>372.05</ele>
      </trkpt>
      <trkpt lat="62.373" lon="-6.55514">
        <ele>370.99</ele>
      </trkpt>
      <trkpt lat="62.37297" lon="-6.55507">
        <ele>369.12</ele>
      </trkpt>
      <trkpt lat="62.37294" lon="-6.555">
        <ele>366.77</ele>
      </trkpt>
      <trkpt lat="62.37292" lon="-6.55497">
        <ele>365.09</ele>
      </trkpt>
      <trkpt lat="62.37279" lon="-6.55482">
        <ele>354.69</ele>
      </trkpt>
      <trkpt lat="62.3727" lon="-6.55462">
        <ele>349.93</ele>
      </trkpt>
      <trkpt lat="62.37263" lon="-6.55457">
        <ele>343.86</ele>
      </trkpt>
      <trkpt lat="62.37257" lon="-6.55451">
        <ele>337.54</ele>
      </trkpt>
      <trkpt lat="62.37255" lon="-6.55445">
        <ele>334.34</ele>
      </trkpt>
      <trkpt lat="62.37252" lon="-6.55436">
        <ele>330.74</ele>
      </trkpt>
      <trkpt lat="62.3725" lon="-6.55431">
        <ele>328.03</ele>
      </trkpt>
      <trkpt lat="62.37244" lon="-6.55425">
        <ele>325.66</ele>
      </trkpt>
      <trkpt lat="62.37239" lon="-6.55419">
        <ele>323.6</ele>
      </trkpt>
      <trkpt lat="62.37235" lon="-6.55412">
        <ele>322.23</ele>
      </trkpt>
      <trkpt lat="62.37231" lon="-6.55405">
        <ele>321.13</ele>
      </trkpt>
      <trkpt lat="62.37231" lon="-6.55405">
        <ele>321.13</ele>
      </trkpt>
      <trkpt lat="62.37231" lon="-6.55401">
        <ele>321.23</ele>
      </trkpt>
      <trkpt lat="62.3723" lon="-6.55398">
        <ele>321.0</ele>
      </trkpt>
      <trkpt lat="62.37227" lon="-6.5539">
        <ele>320.34</ele>
      </trkpt>
      <trkpt lat="62.3722" lon="-6.55368">
        <ele>317.48</ele>
      </trkpt>
      <trkpt lat="62.37213" lon="-6.55356">
        <ele>312.63</ele>
      </trkpt>
      <trkpt lat="62.37205" lon="-6.55329">
        <ele>307.68</ele>
      </trkpt>
      <trkpt lat="62.37199" lon="-6.55314">
        <ele>304.6</ele>
      </trkpt>
      <trkpt lat="62.37196" lon="-6.55302">
        <ele>303.36</ele>
      </trkpt>
      <trkpt lat="62.37192" lon="-6.55292">
        <ele>301.22</ele>
      </trkpt>
      <trkpt lat="62.37186" lon="-6.55272">
        <ele>298.0</ele>
      </trkpt>
      <trkpt lat="62.37182" lon="-6.55258">
        <ele>297.57</ele>
      </trkpt>
      <trkpt lat="62.3718" lon="-6.55251">
        <ele>297.96</ele>
      </trkpt>
      <trkpt lat="62.37179" lon="-6.55249">
        <ele>297.68</ele>
      </trkpt>
      <trkpt lat="62.37179" lon="-6.55247">
        <ele>297.71</ele>
      </trkpt>
      <trkpt lat="62.37177" lon="-6.5524">
        <ele>296.71</ele>
      </trkpt>
      <trkpt lat="62.37173" lon="-6.55226">
        <ele>294.62</ele>
      </trkpt>
      <trkpt lat="62.37169" lon="-6.55215">
        <ele>292.89</ele>
      </trkpt>
      <trkpt lat="62.37163" lon="-6.55208">
        <ele>288.9</ele>
      </trkpt>
      <trkpt lat="62.37162" lon="-6.55205">
        <ele>288.07</ele>
      </trkpt>
      <trkpt lat="62.37159" lon="-6.5519">
        <ele>284.0</ele>
      </trkpt>
      <trkpt lat="62.37156" lon="-6.55182">
        <ele>279.55</ele>
      </trkpt>
      <trkpt lat="62.37154" lon="-6.55177">
        <ele>276.99</ele>
      </trkpt>
      <trkpt lat="62.37153" lon="-6.55174">
        <ele>275.73</ele>
      </trkpt>
      <trkpt lat="62.37153" lon="-6.55173">
        <ele>275.58</ele>
      </trkpt>
      <trkpt lat="62.37153" lon="-6.55169">
        <ele>274.99</ele>
      </trkpt>
      <trkpt lat="62.37153" lon="-6.55161">
        <ele>274.94</ele>
      </trkpt>
      <trkpt lat="62.37149" lon="-6.55148">
        <ele>274.11</ele>
      </trkpt>
      <trkpt lat="62.37136" lon="-6.55127">
        <ele>272.21</ele>
      </trkpt>
      <trkpt lat="62.37132" lon="-6.55116">
        <ele>271.21</ele>
      </trkpt>
      <trkpt lat="62.37126" lon="-6.5511">
        <ele>269.38</ele>
      </trkpt>
      <trkpt lat="62.37125" lon="-6.55108">
        <ele>269.06</ele>
      </trkpt>
      <trkpt lat="62.37124" lon="-6.55106">
        <ele>268.74</ele>
      </trkpt>
      <trkpt lat="62.37123" lon="-6.55103">
        <ele>268.45</ele>
      </trkpt>
      <trkpt lat="62.37118" lon="-6.55089">
        <ele>267.08</ele>
      </trkpt>
      <trkpt lat="62.37117" lon="-6.5508">
        <ele>266.71</ele>
      </trkpt>
      <trkpt lat="62.37114" lon="-6.5507">
        <ele>265.31</ele>
      </trkpt>
      <trkpt lat="62.37112" lon="-6.55065">
        <ele>264.56</ele>
      </trkpt>
      <trkpt lat="62.37108" lon="-6.55061">
        <ele>262.67</ele>
      </trkpt>
      <trkpt lat="62.37105" lon="-6.55057">
        <ele>260.99</ele>
      </trkpt>
      <trkpt lat="62.37104" lon="-6.55051">
        <ele>260.13</ele>
      </trkpt>
      <trkpt lat="62.37104" lon="-6.55045">
        <ele>259.75</ele>
      </trkpt>
      <trkpt lat="62.37103" lon="-6.5504">
        <ele>258.96</ele>
      </trkpt>
      <trkpt lat="62.371" lon="-6.5503">
        <ele>256.93</ele>
      </trkpt>
      <trkpt lat="62.37089" lon="-6.55004">
        <ele>251.98</ele>
      </trkpt>
      <trkpt lat="62.37086" lon="-6.54999">
        <ele>251.03</ele>
      </trkpt>
      <trkpt lat="62.37081" lon="-6.54987">
        <ele>250.31</ele>
      </trkpt>
      <trkpt lat="62.37077" lon="-6.54971">
        <ele>250.15</ele>
      </trkpt>
      <trkpt lat="62.37075" lon="-6.54966">
        <ele>249.51</ele>
      </trkpt>
      <trkpt lat="62.37073" lon="-6.54962">
        <ele>248.93</ele>
      </trkpt>
      <trkpt lat="62.37072" lon="-6.54958">
        <ele>248.64</ele>
      </trkpt>
      <trkpt lat="62.37071" lon="-6.54957">
        <ele>248.39</ele>
      </trkpt>
      <trkpt lat="62.3707" lon="-6.54955">
        <ele>248.14</ele>
      </trkpt>
      <trkpt lat="62.37069" lon="-6.54952">
        <ele>247.9</ele>
      </trkpt>
      <trkpt lat="62.37067" lon="-6.54948">
        <ele>247.45</ele>
      </trkpt>
      <trkpt lat="62.37063" lon="-6.54935">
        <ele>244.87</ele>
      </trkpt>
      <trkpt lat="62.37058" lon="-6.54921">
        <ele>240.14</ele>
      </trkpt>
      <trkpt lat="62.37053" lon="-6.54903">
        <ele>237.39</ele>
      </trkpt>
      <trkpt lat="62.37048" lon="-6.54888">
        <ele>236.8</ele>
      </trkpt>
      <trkpt lat="62.37045" lon="-6.54878">
        <ele>237.05</ele>
      </trkpt>
      <trkpt lat="62.37041" lon="-6.54872">
        <ele>237.6</ele>
      </trkpt>
      <trkpt lat="62.37038" lon="-6.54866">
        <ele>238.11</ele>
      </trkpt>
      <trkpt lat="62.37036" lon="-6.54859">
        <ele>238.37</ele>
      </trkpt>
      <trkpt lat="62.37032" lon="-6.54853">
        <ele>238.66</ele>
      </trkpt>
      <trkpt lat="62.37029" lon="-6.54846">
        <ele>238.69</ele>
      </trkpt>
      <trkpt lat="62.37026" lon="-6.54834">
        <ele>236.96</ele>
      </trkpt>
      <trkpt lat="62.37023" lon="-6.54828">
        <ele>234.63</ele>
      </trkpt>
      <trkpt lat="62.37019" lon="-6.5482">
        <ele>231.79</ele>
      </trkpt>
      <trkpt lat="62.37015" lon="-6.54814">
        <ele>229.37</ele>
      </trkpt>
      <trkpt lat="62.37014" lon="-6.54811">
        <ele>228.75</ele>
      </trkpt>
      <trkpt lat="62.37013" lon="-6.5481">
        <ele>228.22</ele>
      </trkpt>
      <trkpt lat="62.37011" lon="-6.54807">
        <ele>227.18</ele>
      </trkpt>
      <trkpt lat="62.37009" lon="-6.54804">
        <ele>226.42</ele>
      </trkpt>
      <trkpt lat="62.37005" lon="-6.54798">
        <ele>225.75</ele>
      </trkpt>
      <trkpt lat="62.37003" lon="-6.54793">
        <ele>226.08</ele>
      </trkpt>
      <trkpt lat="62.36998" lon="-6.54769">
        <ele>226.3</ele>
      </trkpt>
      <trkpt lat="62.36995" lon="-6.54758">
        <ele>222.62</ele>
      </trkpt>
      <trkpt lat="62.36986" lon="-6.54742">
        <ele>213.69</ele>
      </trkpt>
      <trkpt lat="62.36985" lon="-6.5474">
        <ele>212.69</ele>
      </trkpt>
      <trkpt lat="62.36983" lon="-6.54734">
        <ele>210.55</ele>
      </trkpt>
      <trkpt lat="62.36976" lon="-6.5472">
        <ele>203.83</ele>
      </trkpt>
      <trkpt lat="62.36967" lon="-6.54694">
        <ele>198.05</ele>
      </trkpt>
      <trkpt lat="62.36961" lon="-6.54682">
        <ele>196.26</ele>
      </trkpt>
      <trkpt lat="62.36958" lon="-6.54673">
        <ele>194.86</ele>
      </trkpt>
      <trkpt lat="62.36956" lon="-6.54669">
        <ele>193.94</ele>
      </trkpt>
      <trkpt lat="62.36956" lon="-6.54668">
        <ele>193.86</ele>
      </trkpt>
      <trkpt lat="62.36955" lon="-6.54666">
        <ele>193.58</ele>
      </trkpt>
      <trkpt lat="62.36954" lon="-6.54663">
        <ele>193.97</ele>
      </trkpt>
      <trkpt lat="62.36951" lon="-6.54656">
        <ele>194.72</ele>
      </trkpt>
      <trkpt lat="62.36946" lon="-6.54641">
        <ele>196.92</ele>
      </trkpt>
      <trkpt lat="62.36941" lon="-6.54634">
        <ele>193.72</ele>
      </trkpt>
      <trkpt lat="62.36941" lon="-6.54631">
        <ele>193.16</ele>
      </trkpt>
      <trkpt lat="62.3694" lon="-6.54627">
        <ele>191.56</ele>
      </trkpt>
      <trkpt lat="62.36936" lon="-6.54616">
        <ele>185.42</ele>
      </trkpt>
      <trkpt lat="62.36932" lon="-6.54608">
        <ele>179.39</ele>
      </trkpt>
      <trkpt lat="62.36931" lon="-6.54602">
        <ele>177.15</ele>
      </trkpt>
      <trkpt lat="62.36927" lon="-6.54594">
        <ele>171.48</ele>
      </trkpt>
      <trkpt lat="62.36921" lon="-6.54578">
        <ele>162.89</ele>
      </trkpt>
      <trkpt lat="62.36913" lon="-6.54557">
        <ele>156.58</ele>
      </trkpt>
      <trkpt lat="62.36907" lon="-6.54542">
        <ele>155.44</ele>
      </trkpt>
      <trkpt lat="62.36903" lon="-6.54531">
        <ele>154.6</ele>
      </trkpt>
      <trkpt lat="62.369" lon="-6.54526">
        <ele>153.88</ele>
      </trkpt>
      <trkpt lat="62.36899" lon="-6.54523">
        <ele>153.49</ele>
      </trkpt>
      <trkpt lat="62.36898" lon="-6.54522">
        <ele>153.22</ele>
      </trkpt>
      <trkpt lat="62.36898" lon="-6.54521">
        <ele>153.15</ele>
      </trkpt>
      <trkpt lat="62.36897" lon="-6.54519">
        <ele>152.79</ele>
      </trkpt>
      <trkpt lat="62.36895" lon="-6.54516">
        <ele>152.11</ele>
      </trkpt>
      <trkpt lat="62.36892" lon="-6.54512">
        <ele>151.05</ele>
      </trkpt>
      <trkpt lat="62.36889" lon="-6.54503">
        <ele>149.35</ele>
      </trkpt>
      <trkpt lat="62.36882" lon="-6.54492">
        <ele>149.26</ele>
      </trkpt>
      <trkpt lat="62.36872" lon="-6.54473">
        <ele>148.17</ele>
      </trkpt>
      <trkpt lat="62.36866" lon="-6.54462">
        <ele>147.78</ele>
      </trkpt>
      <trkpt lat="62.36865" lon="-6.54458">
        <ele>147.4</ele>
      </trkpt>
      <trkpt lat="62.36857" lon="-6.54443">
        <ele>145.12</ele>
      </trkpt>
      <trkpt lat="62.36849" lon="-6.54433">
        <ele>142.94</ele>
      </trkpt>
      <trkpt lat="62.36841" lon="-6.54415">
        <ele>141.42</ele>
      </trkpt>
      <trkpt lat="62.36835" lon="-6.54401">
        <ele>146.68</ele>
      </trkpt>
      <trkpt lat="62.36832" lon="-6.54394">
        <ele>149.62</ele>
      </trkpt>
      <trkpt lat="62.36829" lon="-6.54389">
        <ele>151.02</ele>
      </trkpt>
      <trkpt lat="62.36824" lon="-6.54379">
        <ele>149.87</ele>
      </trkpt>
      <trkpt lat="62.36817" lon="-6.54367">
        <ele>149.81</ele>
      </trkpt>
      <trkpt lat="62.36812" lon="-6.54353">
        <ele>149.41</ele>
      </trkpt>
      <trkpt lat="62.36807" lon="-6.54345">
        <ele>148.15</ele>
      </trkpt>
      <trkpt lat="62.36801" lon="-6.54333">
        <ele>147.8</ele>
      </trkpt>
      <trkpt lat="62.36799" lon="-6.54329">
        <ele>148.56</ele>
      </trkpt>
      <trkpt lat="62.36793" lon="-6.54318">
        <ele>150.72</ele>
      </trkpt>
      <trkpt lat="62.36787" lon="-6.54305">
        <ele>152.63</ele>
      </trkpt>
      <trkpt lat="62.36785" lon="-6.54301">
        <ele>153.02</ele>
      </trkpt>
      <trkpt lat="62.3678" lon="-6.54291">
        <ele>154.47</ele>
      </trkpt>
      <trkpt lat="62.36778" lon="-6.54285">
        <ele>155.15</ele>
      </trkpt>
      <trkpt lat="62.36772" lon="-6.54277">
        <ele>153.82</ele>
      </trkpt>
      <trkpt lat="62.36767" lon="-6.54272">
        <ele>152.13</ele>
      </trkpt>
      <trkpt lat="62.36764" lon="-6.54271">
        <ele>151.54</ele>
      </trkpt>
      <trkpt lat="62.36763" lon="-6.5427">
        <ele>151.26</ele>
      </trkpt>
      <trkpt lat="62.36756" lon="-6.54267">
        <ele>149.97</ele>
      </trkpt>
      <trkpt lat="62.36747" lon="-6.54261">
        <ele>147.06</ele>
      </trkpt>
      <trkpt lat="62.36725" lon="-6.54257">
        <ele>134.1</ele>
      </trkpt>
      <trkpt lat="62.36714" lon="-6.54252">
        <ele>128.15</ele>
      </trkpt>
      <trkpt lat="62.36711" lon="-6.54249">
        <ele>126.73</ele>
      </trkpt>
      <trkpt lat="62.36705" lon="-6.54247">
        <ele>123.9</ele>
      </trkpt>
      <trkpt lat="62.367" lon="-6.54244">
        <ele>121.56</ele>
      </trkpt>
      <trkpt lat="62.36696" lon="-6.54242">
        <ele>119.71</ele>
      </trkpt>
      <trkpt lat="62.36691" lon="-6.54242">
        <ele>117.88</ele>
      </trkpt>
      <trkpt lat="62.36685" lon="-6.5424">
        <ele>115.94</ele>
      </trkpt>
      <trkpt lat="62.36679" lon="-6.54238">
        <ele>114.0</ele>
      </trkpt>
      <trkpt lat="62.36676" lon="-6.54238">
        <ele>113.02</ele>
      </trkpt>
      <trkpt lat="62.36674" lon="-6.54238">
        <ele>112.38</ele>
      </trkpt>
      <trkpt lat="62.36669" lon="-6.54238">
        <ele>110.76</ele>
      </trkpt>
      <trkpt lat="62.36664" lon="-6.54237">
        <ele>108.51</ele>
      </trkpt>
      <trkpt lat="62.3666" lon="-6.54239">
        <ele>106.26</ele>
      </trkpt>
      <trkpt lat="62.36656" lon="-6.54241">
        <ele>103.98</ele>
      </trkpt>
      <trkpt lat="62.36639" lon="-6.54256">
        <ele>94.06</ele>
      </trkpt>
      <trkpt lat="62.36621" lon="-6.54268">
        <ele>88.62</ele>
      </trkpt>
      <trkpt lat="62.36615" lon="-6.54272">
        <ele>86.94</ele>
      </trkpt>
      <trkpt lat="62.36608" lon="-6.54273">
        <ele>85.02</ele>
      </trkpt>
      <trkpt lat="62.36605" lon="-6.54277">
        <ele>84.43</ele>
      </trkpt>
      <trkpt lat="62.36599" lon="-6.54281">
        <ele>83.35</ele>
      </trkpt>
      <trkpt lat="62.36593" lon="-6.54284">
        <ele>82.25</ele>
      </trkpt>
      <trkpt lat="62.3659" lon="-6.54283">
        <ele>81.39</ele>
      </trkpt>
      <trkpt lat="62.36588" lon="-6.54283">
        <ele>80.9</ele>
      </trkpt>
      <trkpt lat="62.36583" lon="-6.5428">
        <ele>79.26</ele>
      </trkpt>
      <trkpt lat="62.36577" lon="-6.54274">
        <ele>77.53</ele>
      </trkpt>
      <trkpt lat="62.36568" lon="-6.54267">
        <ele>75.04</ele>
      </trkpt>
      <trkpt lat="62.36552" lon="-6.54261">
        <ele>71.43</ele>
      </trkpt>
      <trkpt lat="62.36547" lon="-6.54261">
        <ele>71.21</ele>
      </trkpt>
      <trkpt lat="62.3654" lon="-6.5426">
        <ele>70.72</ele>
      </trkpt>
      <trkpt lat="62.36537" lon="-6.54261">
        <ele>70.78</ele>
      </trkpt>
      <trkpt lat="62.36528" lon="-6.54258">
        <ele>69.74</ele>
      </trkpt>
      <trkpt lat="62.36516" lon="-6.5425">
        <ele>68.0</ele>
      </trkpt>
      <trkpt lat="62.3651" lon="-6.54244">
        <ele>68.49</ele>
      </trkpt>
      <trkpt lat="62.36506" lon="-6.5424">
        <ele>68.92</ele>
      </trkpt>
      <trkpt lat="62.36505" lon="-6.54238">
        <ele>69.14</ele>
      </trkpt>
      <trkpt lat="62.36504" lon="-6.54237">
        <ele>69.27</ele>
      </trkpt>
      <trkpt lat="62.36503" lon="-6.54236">
        <ele>69.4</ele>
      </trkpt>
      <trkpt lat="62.36501" lon="-6.54235">
        <ele>69.58</ele>
      </trkpt>
      <trkpt lat="62.36497" lon="-6.54232">
        <ele>69.7</ele>
      </trkpt>
      <trkpt lat="62.36492" lon="-6.54229">
        <ele>69.54</ele>
      </trkpt>
      <trkpt lat="62.36485" lon="-6.54225">
        <ele>69.19</ele>
      </trkpt>
      <trkpt lat="62.3648" lon="-6.54222">
        <ele>68.88</ele>
      </trkpt>
      <trkpt lat="62.36477" lon="-6.54219">
        <ele>69.06</ele>
      </trkpt>
      <trkpt lat="62.36474" lon="-6.54214">
        <ele>69.63</ele>
      </trkpt>
      <trkpt lat="62.3647" lon="-6.54207">
        <ele>70.72</ele>
      </trkpt>
      <trkpt lat="62.36458" lon="-6.54187">
        <ele>72.51</ele>
      </trkpt>
      <trkpt lat="62.36456" lon="-6.54183">
        <ele>72.59</ele>
      </trkpt>
      <trkpt lat="62.36451" lon="-6.54177">
        <ele>72.4</ele>
      </trkpt>
      <trkpt lat="62.36444" lon="-6.54172">
        <ele>71.82</ele>
      </trkpt>
      <trkpt lat="62.36429" lon="-6.54161">
        <ele>74.53</ele>
      </trkpt>
      <trkpt lat="62.36427" lon="-6.54172">
        <ele>72.32</ele>
      </trkpt>
    </trkseg>
  </trk>
</gpx>
