{"type":"FeatureCollection","features":[{"type":"Feature","properties":{"_gpxType":"trk","name":"07 Wanderung Oyrarbakki Seletrað","time":"2020-07-23T05:52:23Z","gpxx_TrackExtension":"Blue","gpxx_DisplayColor":"Blue","coordinateProperties":{"times":["2020-07-23T05:52:23Z","2020-07-23T05:52:43Z","2020-07-23T05:52:50Z","2020-07-23T05:52:57Z","2020-07-23T05:53:04Z","2020-07-23T05:53:11Z","2020-07-23T05:53:18Z","2020-07-23T05:53:25Z","2020-07-23T05:53:32Z","2020-07-23T05:53:39Z","2020-07-23T05:53:46Z","2020-07-23T05:53:53Z","2020-07-23T05:54:00Z","2020-07-23T05:54:07Z","2020-07-23T05:54:15Z","2020-07-23T05:54:23Z","2020-07-23T05:54:30Z","2020-07-23T05:54:38Z","2020-07-23T05:54:46Z","2020-07-23T05:54:53Z","2020-07-23T05:55:00Z","2020-07-23T05:55:07Z","2020-07-23T05:55:14Z","2020-07-23T05:55:22Z","2020-07-23T05:55:29Z","2020-07-23T05:55:36Z","2020-07-23T05:55:43Z","2020-07-23T05:55:50Z","2020-07-23T05:55:57Z","2020-07-23T05:56:05Z","2020-07-23T05:56:12Z","2020-07-23T05:56:19Z","2020-07-23T05:56:26Z","2020-07-23T05:56:33Z","2020-07-23T05:56:40Z","2020-07-23T05:56:47Z","2020-07-23T05:56:55Z","2020-07-23T05:57:03Z","2020-07-23T05:57:11Z","2020-07-23T05:57:18Z","2020-07-23T05:57:26Z","2020-07-23T05:57:33Z","2020-07-23T05:57:40Z","2020-07-23T05:57:46Z","2020-07-23T05:57:53Z","2020-07-23T05:58:00Z","2020-07-23T05:58:08Z","2020-07-23T05:58:15Z","2020-07-23T05:58:23Z","2020-07-23T05:58:31Z","2020-07-23T05:58:38Z","2020-07-23T05:58:46Z","2020-07-23T05:58:53Z","2020-07-23T05:59:00Z","2020-07-23T05:59:08Z","2020-07-23T05:59:16Z","2020-07-23T05:59:23Z","2020-07-23T05:59:31Z","2020-07-23T05:59:39Z","2020-07-23T05:59:46Z","2020-07-23T05:59:53Z","2020-07-23T06:00:00Z","2020-07-23T06:00:07Z","2020-07-23T06:00:14Z","2020-07-23T06:00:20Z","2020-07-23T06:00:27Z","2020-07-23T06:00:34Z","2020-07-23T06:00:42Z","2020-07-23T06:00:49Z","2020-07-23T06:00:55Z","2020-07-23T06:01:02Z","2020-07-23T06:01:08Z","2020-07-23T06:01:15Z","2020-07-23T06:01:21Z","2020-07-23T06:01:30Z","2020-07-23T06:02:09Z","2020-07-23T06:02:16Z","2020-07-23T06:02:23Z","2020-07-23T06:02:31Z","2020-07-23T06:02:39Z","2020-07-23T06:02:45Z","2020-07-23T06:02:53Z","2020-07-23T06:03:00Z","2020-07-23T06:03:07Z","2020-07-23T06:03:15Z","2020-07-23T06:03:23Z","2020-07-23T06:03:31Z","2020-07-23T06:03:38Z","2020-07-23T06:03:44Z","2020-07-23T06:03:51Z","2020-07-23T06:05:16Z","2020-07-23T06:05:24Z","2020-07-23T06:05:31Z","2020-07-23T06:05:38Z","2020-07-23T06:05:45Z","2020-07-23T06:05:52Z","2020-07-23T06:05:59Z","2020-07-23T06:06:06Z","2020-07-23T06:06:13Z","2020-07-23T06:06:20Z","2020-07-23T06:06:27Z","2020-07-23T06:06:34Z","2020-07-23T06:06:41Z","2020-07-23T06:06:47Z","2020-07-23T06:06:54Z","2020-07-23T06:07:00Z","2020-07-23T06:07:07Z","2020-07-23T06:07:14Z","2020-07-23T06:07:21Z","2020-07-23T06:07:28Z","2020-07-23T06:07:35Z","2020-07-23T06:07:42Z","2020-07-23T06:07:50Z","2020-07-23T06:07:57Z","2020-07-23T06:08:04Z","2020-07-23T06:08:11Z","2020-07-23T06:08:18Z","2020-07-23T06:08:25Z","2020-07-23T06:08:31Z","2020-07-23T06:08:38Z","2020-07-23T06:08:46Z","2020-07-23T06:08:54Z","2020-07-23T06:09:02Z","2020-07-23T06:09:09Z","2020-07-23T06:09:16Z","2020-07-23T06:09:23Z","2020-07-23T06:09:31Z","2020-07-23T06:09:38Z","2020-07-23T06:09:44Z","2020-07-23T06:09:50Z","2020-07-23T06:09:57Z","2020-07-23T06:10:04Z","2020-07-23T06:10:11Z","2020-07-23T06:10:19Z","2020-07-23T06:10:27Z","2020-07-23T06:10:34Z","2020-07-23T06:10:41Z","2020-07-23T06:10:48Z","2020-07-23T06:10:55Z","2020-07-23T06:11:02Z","2020-07-23T06:11:09Z","2020-07-23T06:11:17Z","2020-07-23T06:11:24Z","2020-07-23T06:11:31Z","2020-07-23T06:11:38Z","2020-07-23T06:11:45Z","2020-07-23T06:11:52Z","2020-07-23T06:11:59Z","2020-07-23T06:12:05Z","2020-07-23T06:12:13Z","2020-07-23T06:12:20Z","2020-07-23T06:12:27Z","2020-07-23T06:12:33Z","2020-07-23T06:12:40Z","2020-07-23T06:12:48Z","2020-07-23T06:12:56Z","2020-07-23T06:13:03Z","2020-07-23T06:13:10Z","2020-07-23T06:13:17Z","2020-07-23T06:13:24Z","2020-07-23T06:13:32Z","2020-07-23T06:13:39Z","2020-07-23T06:13:58Z","2020-07-23T06:14:19Z","2020-07-23T06:14:26Z","2020-07-23T06:14:34Z","2020-07-23T06:14:41Z","2020-07-23T06:14:49Z","2020-07-23T06:14:56Z","2020-07-23T06:15:03Z","2020-07-23T06:15:10Z","2020-07-23T06:15:17Z","2020-07-23T06:15:24Z","2020-07-23T06:15:31Z","2020-07-23T06:15:38Z","2020-07-23T06:15:45Z","2020-07-23T06:15:52Z","2020-07-23T06:15:58Z","2020-07-23T06:16:05Z","2020-07-23T06:16:12Z","2020-07-23T06:16:19Z","2020-07-23T06:16:25Z","2020-07-23T06:16:35Z","2020-07-23T06:32:27Z","2020-07-23T06:33:48Z","2020-07-23T06:34:47Z","2020-07-23T06:35:11Z","2020-07-23T06:35:33Z","2020-07-23T06:35:54Z","2020-07-23T06:36:17Z","2020-07-23T06:36:44Z","2020-07-23T06:37:15Z","2020-07-23T06:37:40Z","2020-07-23T06:38:01Z","2020-07-23T06:38:21Z","2020-07-23T06:38:33Z","2020-07-23T06:38:53Z","2020-07-23T06:39:06Z","2020-07-23T06:39:25Z","2020-07-23T06:39:43Z","2020-07-23T06:40:05Z","2020-07-23T06:40:22Z","2020-07-23T06:40:36Z","2020-07-23T06:41:08Z","2020-07-23T06:41:25Z","2020-07-23T06:41:54Z","2020-07-23T06:42:14Z","2020-07-23T06:42:30Z","2020-07-23T06:42:50Z","2020-07-23T06:43:11Z","2020-07-23T06:43:24Z","2020-07-23T06:43:38Z","2020-07-23T06:44:03Z","2020-07-23T06:44:50Z","2020-07-23T06:45:04Z","2020-07-23T06:45:35Z","2020-07-23T06:45:49Z","2020-07-23T06:46:11Z","2020-07-23T06:46:28Z","2020-07-23T06:46:53Z","2020-07-23T06:47:21Z","2020-07-23T06:47:34Z","2020-07-23T06:47:51Z","2020-07-23T06:48:17Z","2020-07-23T06:48:44Z","2020-07-23T06:49:03Z","2020-07-23T06:49:21Z","2020-07-23T06:49:37Z","2020-07-23T06:50:32Z","2020-07-23T06:50:54Z","2020-07-23T06:51:31Z","2020-07-23T06:51:57Z","2020-07-23T06:52:25Z","2020-07-23T06:52:46Z","2020-07-23T06:53:03Z","2020-07-23T06:53:26Z","2020-07-23T06:53:41Z","2020-07-23T06:53:59Z","2020-07-23T06:54:21Z","2020-07-23T06:55:37Z","2020-07-23T06:55:46Z","2020-07-23T06:56:14Z","2020-07-23T06:56:29Z","2020-07-23T06:56:47Z","2020-07-23T06:57:07Z","2020-07-23T06:57:16Z","2020-07-23T06:57:27Z","2020-07-23T06:57:48Z","2020-07-23T06:58:15Z","2020-07-23T06:58:30Z","2020-07-23T06:58:40Z","2020-07-23T06:58:55Z","2020-07-23T06:59:16Z","2020-07-23T06:59:36Z","2020-07-23T06:59:53Z","2020-07-23T07:00:02Z","2020-07-23T07:00:11Z","2020-07-23T07:00:21Z","2020-07-23T07:00:33Z","2020-07-23T07:00:46Z","2020-07-23T07:01:03Z","2020-07-23T07:01:15Z","2020-07-23T07:01:33Z","2020-07-23T07:02:04Z","2020-07-23T07:02:16Z","2020-07-23T07:02:26Z","2020-07-23T07:02:36Z","2020-07-23T07:02:45Z","2020-07-23T07:02:56Z","2020-07-23T07:03:07Z","2020-07-23T07:03:25Z","2020-07-23T07:06:40Z","2020-07-23T07:06:50Z","2020-07-23T07:07:03Z","2020-07-23T07:07:16Z","2020-07-23T07:07:28Z","2020-07-23T07:07:38Z","2020-07-23T07:07:48Z","2020-07-23T07:07:57Z","2020-07-23T07:08:10Z","2020-07-23T07:08:22Z","2020-07-23T07:08:38Z","2020-07-23T07:09:01Z","2020-07-23T07:09:25Z","2020-07-23T07:09:37Z","2020-07-23T07:09:51Z","2020-07-23T07:10:06Z","2020-07-23T07:10:16Z","2020-07-23T07:10:28Z","2020-07-23T07:10:43Z","2020-07-23T07:10:56Z","2020-07-23T07:11:08Z","2020-07-23T07:11:28Z","2020-07-23T07:11:45Z","2020-07-23T07:11:58Z","2020-07-23T07:12:14Z","2020-07-23T07:12:26Z","2020-07-23T07:12:36Z","2020-07-23T07:12:48Z","2020-07-23T07:13:02Z","2020-07-23T07:13:15Z","2020-07-23T07:13:29Z","2020-07-23T07:13:45Z","2020-07-23T07:13:57Z","2020-07-23T07:14:09Z","2020-07-23T07:14:27Z","2020-07-23T07:15:09Z","2020-07-23T07:15:29Z","2020-07-23T07:15:46Z","2020-07-23T07:16:02Z","2020-07-23T07:16:19Z","2020-07-23T07:16:31Z","2020-07-23T07:16:48Z","2020-07-23T07:17:10Z","2020-07-23T07:17:34Z","2020-07-23T07:17:56Z","2020-07-23T07:18:21Z","2020-07-23T07:18:50Z","2020-07-23T07:19:18Z","2020-07-23T07:19:44Z","2020-07-23T07:20:23Z","2020-07-23T07:20:34Z","2020-07-23T07:20:47Z","2020-07-23T07:20:58Z","2020-07-23T07:21:15Z","2020-07-23T07:21:30Z","2020-07-23T07:21:45Z","2020-07-23T07:21:57Z","2020-07-23T07:22:11Z","2020-07-23T07:22:21Z","2020-07-23T07:22:34Z","2020-07-23T07:22:58Z","2020-07-23T07:23:25Z","2020-07-23T07:23:42Z","2020-07-23T07:24:01Z","2020-07-23T07:24:11Z","2020-07-23T07:25:58Z","2020-07-23T07:26:44Z","2020-07-23T07:26:59Z","2020-07-23T07:27:14Z","2020-07-23T07:27:31Z","2020-07-23T07:28:18Z","2020-07-23T07:28:30Z","2020-07-23T07:28:58Z","2020-07-23T07:29:22Z","2020-07-23T07:29:37Z","2020-07-23T07:29:49Z","2020-07-23T07:30:04Z","2020-07-23T07:30:15Z","2020-07-23T07:30:26Z","2020-07-23T07:30:39Z","2020-07-23T07:30:53Z","2020-07-23T07:31:20Z","2020-07-23T07:31:31Z","2020-07-23T07:31:40Z","2020-07-23T07:31:49Z","2020-07-23T07:32:05Z","2020-07-23T07:32:34Z","2020-07-23T07:32:43Z","2020-07-23T07:33:05Z","2020-07-23T07:33:15Z","2020-07-23T07:33:26Z","2020-07-23T07:33:36Z","2020-07-23T07:33:47Z","2020-07-23T07:33:58Z","2020-07-23T07:34:09Z","2020-07-23T07:34:20Z","2020-07-23T07:34:32Z","2020-07-23T07:34:45Z","2020-07-23T07:35:03Z","2020-07-23T07:35:13Z","2020-07-23T07:35:27Z","2020-07-23T07:35:36Z","2020-07-23T07:35:46Z","2020-07-23T07:35:57Z","2020-07-23T07:36:07Z","2020-07-23T07:36:20Z","2020-07-23T07:36:32Z","2020-07-23T07:36:44Z","2020-07-23T07:36:55Z","2020-07-23T07:37:07Z","2020-07-23T07:37:18Z","2020-07-23T07:37:31Z","2020-07-23T07:37:46Z","2020-07-23T07:38:00Z","2020-07-23T07:38:13Z","2020-07-23T07:38:28Z","2020-07-23T07:38:56Z","2020-07-23T07:39:10Z","2020-07-23T07:39:21Z","2020-07-23T07:39:34Z","2020-07-23T07:39:56Z","2020-07-23T07:40:07Z","2020-07-23T07:40:20Z","2020-07-23T07:40:34Z","2020-07-23T07:40:47Z","2020-07-23T07:40:59Z","2020-07-23T07:41:14Z","2020-07-23T07:41:28Z","2020-07-23T07:41:43Z","2020-07-23T07:41:58Z","2020-07-23T07:42:12Z","2020-07-23T07:42:25Z","2020-07-23T07:42:37Z","2020-07-23T07:42:52Z","2020-07-23T07:43:05Z","2020-07-23T07:43:15Z","2020-07-23T07:43:26Z","2020-07-23T07:43:38Z","2020-07-23T07:43:47Z","2020-07-23T07:43:58Z","2020-07-23T07:44:08Z","2020-07-23T07:44:19Z","2020-07-23T07:44:30Z","2020-07-23T07:44:43Z","2020-07-23T07:44:55Z","2020-07-23T07:45:05Z","2020-07-23T07:45:16Z","2020-07-23T07:46:21Z","2020-07-23T07:46:35Z","2020-07-23T07:46:52Z","2020-07-23T07:47:08Z","2020-07-23T07:47:25Z","2020-07-23T07:47:38Z","2020-07-23T07:47:52Z","2020-07-23T07:48:04Z","2020-07-23T07:48:19Z","2020-07-23T07:51:51Z","2020-07-23T07:52:02Z","2020-07-23T07:52:12Z","2020-07-23T07:52:33Z","2020-07-23T07:52:45Z","2020-07-23T07:52:55Z","2020-07-23T07:53:09Z","2020-07-23T07:53:32Z","2020-07-23T07:53:49Z","2020-07-23T07:54:11Z","2020-07-23T07:54:31Z","2020-07-23T07:54:40Z","2020-07-23T07:54:51Z","2020-07-23T07:55:16Z","2020-07-23T07:55:28Z","2020-07-23T07:55:51Z","2020-07-23T07:56:12Z","2020-07-23T07:56:25Z","2020-07-23T07:57:00Z","2020-07-23T07:57:14Z","2020-07-23T07:57:58Z","2020-07-23T07:58:15Z","2020-07-23T07:58:30Z","2020-07-23T07:58:48Z","2020-07-23T07:59:02Z","2020-07-23T07:59:16Z","2020-07-23T07:59:39Z","2020-07-23T07:59:50Z","2020-07-23T08:00:04Z","2020-07-23T08:00:20Z","2020-07-23T08:00:34Z","2020-07-23T08:00:48Z","2020-07-23T08:01:08Z","2020-07-23T08:01:24Z","2020-07-23T08:01:36Z","2020-07-23T08:01:46Z","2020-07-23T08:01:56Z","2020-07-23T08:02:09Z","2020-07-23T08:02:20Z","2020-07-23T08:02:34Z","2020-07-23T08:02:44Z","2020-07-23T08:02:56Z","2020-07-23T08:03:08Z","2020-07-23T08:03:25Z","2020-07-23T08:03:36Z","2020-07-23T08:03:53Z","2020-07-23T08:04:11Z","2020-07-23T08:04:27Z","2020-07-23T08:04:36Z","2020-07-23T08:04:44Z","2020-07-23T08:04:53Z","2020-07-23T08:05:02Z","2020-07-23T08:05:14Z","2020-07-23T08:07:48Z","2020-07-23T08:07:57Z","2020-07-23T08:08:06Z","2020-07-23T08:08:14Z","2020-07-23T08:08:29Z","2020-07-23T08:08:38Z","2020-07-23T08:08:48Z","2020-07-23T08:09:00Z","2020-07-23T08:09:38Z","2020-07-23T08:09:59Z","2020-07-23T08:10:23Z","2020-07-23T08:10:42Z","2020-07-23T08:10:54Z","2020-07-23T08:11:06Z","2020-07-23T08:11:24Z","2020-07-23T08:11:37Z","2020-07-23T08:11:45Z","2020-07-23T08:11:54Z","2020-07-23T08:12:05Z","2020-07-23T08:12:14Z","2020-07-23T08:12:25Z","2020-07-23T08:12:36Z","2020-07-23T08:12:44Z","2020-07-23T08:12:54Z","2020-07-23T08:13:03Z","2020-07-23T08:13:12Z","2020-07-23T08:13:20Z","2020-07-23T08:13:28Z","2020-07-23T08:13:35Z","2020-07-23T08:13:42Z","2020-07-23T08:13:50Z","2020-07-23T08:14:00Z","2020-07-23T08:14:11Z","2020-07-23T08:14:23Z","2020-07-23T08:14:30Z","2020-07-23T08:14:39Z","2020-07-23T08:14:50Z","2020-07-23T08:14:59Z","2020-07-23T08:15:06Z","2020-07-23T08:15:13Z","2020-07-23T08:15:21Z","2020-07-23T08:15:28Z","2020-07-23T08:15:35Z","2020-07-23T08:15:43Z","2020-07-23T08:15:51Z","2020-07-23T08:16:00Z","2020-07-23T08:16:11Z","2020-07-23T08:16:30Z","2020-07-23T08:16:38Z","2020-07-23T08:16:47Z","2020-07-23T08:16:57Z","2020-07-23T08:17:07Z","2020-07-23T08:17:16Z","2020-07-23T08:17:24Z","2020-07-23T08:17:32Z","2020-07-23T08:17:40Z","2020-07-23T08:17:49Z","2020-07-23T08:17:58Z","2020-07-23T08:19:04Z","2020-07-23T08:19:17Z","2020-07-23T08:19:25Z","2020-07-23T08:19:34Z","2020-07-23T08:19:46Z","2020-07-23T08:19:56Z","2020-07-23T08:20:36Z","2020-07-23T08:20:53Z","2020-07-23T08:21:04Z","2020-07-23T08:21:16Z","2020-07-23T08:21:25Z","2020-07-23T08:21:37Z","2020-07-23T08:21:46Z","2020-07-23T08:22:07Z","2020-07-23T08:22:17Z","2020-07-23T08:22:26Z","2020-07-23T08:22:37Z","2020-07-23T08:22:51Z","2020-07-23T08:23:04Z","2020-07-23T08:23:14Z","2020-07-23T08:23:23Z","2020-07-23T08:23:31Z","2020-07-23T08:23:39Z","2020-07-23T08:23:47Z","2020-07-23T08:23:55Z","2020-07-23T08:24:02Z","2020-07-23T08:24:11Z","2020-07-23T08:24:20Z","2020-07-23T08:24:28Z","2020-07-23T08:24:36Z","2020-07-23T08:24:45Z","2020-07-23T08:24:55Z","2020-07-23T08:25:02Z","2020-07-23T08:25:11Z","2020-07-23T08:25:20Z","2020-07-23T08:25:31Z","2020-07-23T08:25:39Z","2020-07-23T08:25:47Z","2020-07-23T08:25:55Z","2020-07-23T08:26:02Z","2020-07-23T08:26:09Z","2020-07-23T08:26:16Z","2020-07-23T08:26:24Z","2020-07-23T08:26:39Z","2020-07-23T08:26:55Z","2020-07-23T08:27:02Z","2020-07-23T08:27:10Z","2020-07-23T08:27:18Z","2020-07-23T08:27:27Z","2020-07-23T08:29:39Z","2020-07-23T08:29:50Z","2020-07-23T08:30:02Z","2020-07-23T08:30:12Z","2020-07-23T08:30:24Z","2020-07-23T08:30:36Z","2020-07-23T08:30:50Z","2020-07-23T08:31:05Z","2020-07-23T08:31:16Z","2020-07-23T08:31:25Z","2020-07-23T08:31:32Z","2020-07-23T08:31:40Z","2020-07-23T08:31:47Z","2020-07-23T08:31:55Z","2020-07-23T08:32:02Z","2020-07-23T08:32:10Z","2020-07-23T08:32:19Z","2020-07-23T08:32:28Z","2020-07-23T08:32:36Z","2020-07-23T08:32:48Z","2020-07-23T08:32:59Z","2020-07-23T08:33:10Z","2020-07-23T08:33:20Z","2020-07-23T08:33:32Z","2020-07-23T08:33:45Z","2020-07-23T08:33:53Z","2020-07-23T08:34:02Z","2020-07-23T08:34:11Z","2020-07-23T08:34:21Z","2020-07-23T08:34:32Z","2020-07-23T08:35:11Z","2020-07-23T08:35:20Z","2020-07-23T08:35:58Z","2020-07-23T08:36:09Z","2020-07-23T08:36:25Z","2020-07-23T08:36:43Z","2020-07-23T08:37:27Z","2020-07-23T08:37:39Z","2020-07-23T08:37:55Z","2020-07-23T08:38:03Z","2020-07-23T08:38:13Z","2020-07-23T08:38:24Z","2020-07-23T08:38:32Z","2020-07-23T08:38:42Z","2020-07-23T08:38:53Z","2020-07-23T08:39:31Z","2020-07-23T08:39:39Z","2020-07-23T08:39:48Z","2020-07-23T08:39:57Z","2020-07-23T08:40:06Z","2020-07-23T08:40:15Z","2020-07-23T08:40:24Z","2020-07-23T08:40:32Z","2020-07-23T08:40:40Z","2020-07-23T08:40:48Z","2020-07-23T08:40:56Z","2020-07-23T08:41:04Z","2020-07-23T08:41:15Z","2020-07-23T08:41:25Z","2020-07-23T08:41:35Z","2020-07-23T08:41:49Z","2020-07-23T08:41:59Z","2020-07-23T08:42:09Z","2020-07-23T08:42:26Z","2020-07-23T08:42:44Z","2020-07-23T08:42:54Z","2020-07-23T08:43:06Z","2020-07-23T08:43:17Z","2020-07-23T08:43:28Z","2020-07-23T08:43:38Z","2020-07-23T08:43:50Z","2020-07-23T08:43:58Z","2020-07-23T08:44:06Z","2020-07-23T08:44:15Z","2020-07-23T08:47:07Z","2020-07-23T08:47:17Z","2020-07-23T08:47:27Z","2020-07-23T08:48:01Z","2020-07-23T08:53:05Z","2020-07-23T09:04:21Z","2020-07-23T09:05:01Z","2020-07-23T09:05:14Z","2020-07-23T09:05:25Z","2020-07-23T09:05:37Z","2020-07-23T09:05:53Z","2020-07-23T09:06:28Z","2020-07-23T09:06:49Z","2020-07-23T09:07:11Z","2020-07-23T09:07:28Z","2020-07-23T09:07:38Z","2020-07-23T09:07:51Z","2020-07-23T09:08:05Z","2020-07-23T09:08:18Z","2020-07-23T09:08:33Z","2020-07-23T09:08:52Z","2020-07-23T09:09:05Z","2020-07-23T09:09:18Z","2020-07-23T09:09:30Z","2020-07-23T09:09:42Z","2020-07-23T09:09:54Z","2020-07-23T09:10:04Z","2020-07-23T09:10:12Z","2020-07-23T09:10:23Z","2020-07-23T09:10:34Z","2020-07-23T09:10:46Z","2020-07-23T09:10:57Z","2020-07-23T09:11:07Z","2020-07-23T09:11:29Z","2020-07-23T09:11:46Z","2020-07-23T09:11:56Z","2020-07-23T09:12:26Z","2020-07-23T09:12:34Z","2020-07-23T09:12:46Z","2020-07-23T09:12:58Z","2020-07-23T09:13:07Z","2020-07-23T09:13:17Z","2020-07-23T09:13:25Z","2020-07-23T09:13:34Z","2020-07-23T09:13:45Z","2020-07-23T09:13:55Z","2020-07-23T09:14:10Z","2020-07-23T09:14:24Z","2020-07-23T09:14:40Z","2020-07-23T09:14:54Z","2020-07-23T09:15:03Z","2020-07-23T09:15:12Z","2020-07-23T09:15:30Z","2020-07-23T09:15:41Z","2020-07-23T09:15:53Z","2020-07-23T09:16:02Z","2020-07-23T09:16:10Z","2020-07-23T09:16:23Z","2020-07-23T09:16:31Z","2020-07-23T09:16:39Z","2020-07-23T09:16:48Z","2020-07-23T09:16:56Z","2020-07-23T09:17:04Z","2020-07-23T09:17:14Z","2020-07-23T09:17:24Z","2020-07-23T09:18:09Z","2020-07-23T09:18:55Z","2020-07-23T09:19:57Z","2020-07-23T09:20:13Z","2020-07-23T09:20:39Z","2020-07-23T09:21:06Z","2020-07-23T09:21:29Z","2020-07-23T09:22:20Z","2020-07-23T09:22:31Z","2020-07-23T09:22:42Z","2020-07-23T09:23:06Z","2020-07-23T09:23:49Z","2020-07-23T09:24:12Z","2020-07-23T09:24:28Z","2020-07-23T09:24:41Z","2020-07-23T09:24:59Z","2020-07-23T09:25:11Z","2020-07-23T09:25:19Z","2020-07-23T09:25:28Z","2020-07-23T09:25:36Z","2020-07-23T09:25:45Z","2020-07-23T09:25:54Z","2020-07-23T09:26:02Z","2020-07-23T09:26:11Z","2020-07-23T09:26:21Z","2020-07-23T09:26:31Z","2020-07-23T09:26:49Z","2020-07-23T09:27:08Z","2020-07-23T09:27:19Z","2020-07-23T09:27:46Z","2020-07-23T09:27:54Z","2020-07-23T09:28:07Z","2020-07-23T09:28:16Z","2020-07-23T09:28:27Z","2020-07-23T09:28:37Z","2020-07-23T09:28:48Z","2020-07-23T09:29:03Z","2020-07-23T09:30:10Z","2020-07-23T09:30:21Z","2020-07-23T09:30:39Z","2020-07-23T09:31:06Z","2020-07-23T09:31:30Z","2020-07-23T09:31:50Z","2020-07-23T09:32:10Z","2020-07-23T09:33:03Z","2020-07-23T09:33:43Z","2020-07-23T09:34:19Z","2020-07-23T09:34:41Z","2020-07-23T09:35:00Z","2020-07-23T09:35:29Z","2020-07-23T09:36:02Z","2020-07-23T09:36:14Z","2020-07-23T09:36:35Z","2020-07-23T09:36:46Z","2020-07-23T09:36:53Z","2020-07-23T09:37:00Z","2020-07-23T09:37:08Z","2020-07-23T09:37:20Z","2020-07-23T09:37:33Z","2020-07-23T09:37:49Z","2020-07-23T09:37:58Z","2020-07-23T09:38:06Z","2020-07-23T09:38:17Z","2020-07-23T09:38:28Z","2020-07-23T09:38:42Z","2020-07-23T09:38:52Z","2020-07-23T09:39:07Z","2020-07-23T09:39:22Z","2020-07-23T09:39:31Z","2020-07-23T09:40:04Z","2020-07-23T09:41:12Z","2020-07-23T09:42:15Z","2020-07-23T09:42:32Z","2020-07-23T09:42:57Z","2020-07-23T09:43:41Z","2020-07-23T09:43:52Z","2020-07-23T09:44:09Z","2020-07-23T09:44:21Z","2020-07-23T09:44:37Z","2020-07-23T09:44:55Z","2020-07-23T09:45:07Z","2020-07-23T09:45:19Z","2020-07-23T09:45:28Z","2020-07-23T09:45:38Z","2020-07-23T09:45:48Z","2020-07-23T09:45:58Z","2020-07-23T09:46:07Z","2020-07-23T09:46:17Z","2020-07-23T09:46:33Z","2020-07-23T09:46:43Z","2020-07-23T09:46:56Z","2020-07-23T09:47:10Z","2020-07-23T09:47:28Z","2020-07-23T09:48:07Z","2020-07-23T09:48:21Z","2020-07-23T09:48:30Z","2020-07-23T09:48:43Z","2020-07-23T09:48:55Z","2020-07-23T09:49:11Z","2020-07-23T09:49:31Z","2020-07-23T09:49:45Z","2020-07-23T09:50:01Z","2020-07-23T09:50:18Z","2020-07-23T09:50:30Z","2020-07-23T09:50:48Z","2020-07-23T09:50:59Z","2020-07-23T09:51:16Z","2020-07-23T09:51:28Z","2020-07-23T09:51:39Z","2020-07-23T09:52:21Z","2020-07-23T09:53:42Z","2020-07-23T09:53:54Z","2020-07-23T09:54:02Z","2020-07-23T09:54:12Z","2020-07-23T09:54:30Z","2020-07-23T09:54:56Z","2020-07-23T09:55:14Z","2020-07-23T09:55:26Z","2020-07-23T09:55:44Z","2020-07-23T09:55:56Z","2020-07-23T09:56:13Z","2020-07-23T09:56:25Z","2020-07-23T09:56:40Z","2020-07-23T09:57:12Z","2020-07-23T09:57:24Z","2020-07-23T09:57:34Z","2020-07-23T09:57:49Z","2020-07-23T09:58:06Z","2020-07-23T09:58:16Z","2020-07-23T09:58:27Z","2020-07-23T09:58:44Z","2020-07-23T09:58:57Z","2020-07-23T09:59:08Z","2020-07-23T09:59:19Z","2020-07-23T09:59:29Z","2020-07-23T09:59:38Z","2020-07-23T09:59:47Z","2020-07-23T09:59:57Z","2020-07-23T10:00:06Z","2020-07-23T10:00:15Z","2020-07-23T10:00:24Z","2020-07-23T10:00:34Z","2020-07-23T10:00:49Z","2020-07-23T10:01:19Z","2020-07-23T10:01:57Z","2020-07-23T10:02:31Z","2020-07-23T10:02:45Z","2020-07-23T10:03:06Z","2020-07-23T10:03:26Z","2020-07-23T10:03:50Z","2020-07-23T10:04:13Z","2020-07-23T10:04:30Z","2020-07-23T10:04:45Z","2020-07-23T10:04:58Z","2020-07-23T10:05:13Z","2020-07-23T10:05:22Z","2020-07-23T10:05:31Z","2020-07-23T10:05:40Z","2020-07-23T10:05:49Z","2020-07-23T10:05:57Z","2020-07-23T10:06:06Z","2020-07-23T10:06:17Z","2020-07-23T10:06:26Z","2020-07-23T10:06:35Z","2020-07-23T10:06:51Z","2020-07-23T10:07:08Z","2020-07-23T10:07:18Z","2020-07-23T10:07:32Z","2020-07-23T10:07:50Z","2020-07-23T10:08:03Z","2020-07-23T10:08:20Z","2020-07-23T10:08:34Z","2020-07-23T10:08:45Z","2020-07-23T10:09:10Z","2020-07-23T10:09:26Z","2020-07-23T10:09:40Z","2020-07-23T10:09:56Z","2020-07-23T10:10:08Z","2020-07-23T10:10:23Z","2020-07-23T10:10:34Z","2020-07-23T10:10:44Z","2020-07-23T10:10:54Z","2020-07-23T10:11:03Z","2020-07-23T10:11:14Z","2020-07-23T10:11:25Z","2020-07-23T10:11:35Z","2020-07-23T10:11:51Z","2020-07-23T10:12:00Z","2020-07-23T10:12:15Z","2020-07-23T10:12:26Z","2020-07-23T10:12:36Z","2020-07-23T10:12:46Z","2020-07-23T10:12:59Z","2020-07-23T10:13:10Z","2020-07-23T10:13:28Z","2020-07-23T10:13:48Z","2020-07-23T10:14:11Z","2020-07-23T10:14:20Z","2020-07-23T10:14:29Z","2020-07-23T10:14:37Z","2020-07-23T10:14:47Z","2020-07-23T10:14:56Z","2020-07-23T10:15:04Z","2020-07-23T10:15:14Z","2020-07-23T10:17:05Z","2020-07-23T10:17:41Z","2020-07-23T10:17:53Z","2020-07-23T10:18:15Z","2020-07-23T10:18:23Z","2020-07-23T10:18:30Z","2020-07-23T10:18:37Z","2020-07-23T10:18:44Z","2020-07-23T10:18:51Z","2020-07-23T10:18:57Z","2020-07-23T10:19:03Z","2020-07-23T10:19:09Z","2020-07-23T10:19:15Z","2020-07-23T10:19:22Z","2020-07-23T10:19:29Z","2020-07-23T10:22:00Z","2020-07-23T10:22:07Z","2020-07-23T10:22:13Z","2020-07-23T10:22:19Z","2020-07-23T10:22:25Z","2020-07-23T10:22:31Z","2020-07-23T10:22:37Z","2020-07-23T10:22:43Z","2020-07-23T10:22:49Z","2020-07-23T10:22:55Z","2020-07-23T10:23:02Z","2020-07-23T10:23:08Z","2020-07-23T10:23:15Z","2020-07-23T10:23:22Z","2020-07-23T10:23:29Z","2020-07-23T10:23:36Z","2020-07-23T10:23:43Z","2020-07-23T10:23:49Z","2020-07-23T10:23:56Z","2020-07-23T10:24:03Z","2020-07-23T10:24:10Z","2020-07-23T10:24:16Z","2020-07-23T10:24:23Z","2020-07-23T10:24:30Z","2020-07-23T10:24:36Z","2020-07-23T10:24:43Z","2020-07-23T10:24:50Z","2020-07-23T10:24:57Z","2020-07-23T10:25:04Z","2020-07-23T10:25:11Z","2020-07-23T10:25:18Z","2020-07-23T10:25:25Z","2020-07-23T10:25:32Z","2020-07-23T10:25:39Z","2020-07-23T10:25:46Z","2020-07-23T10:25:53Z","2020-07-23T10:26:00Z","2020-07-23T10:26:07Z","2020-07-23T10:26:14Z","2020-07-23T10:26:21Z","2020-07-23T10:26:28Z","2020-07-23T10:26:35Z","2020-07-23T10:26:42Z","2020-07-23T10:26:49Z","2020-07-23T10:26:56Z","2020-07-23T10:27:03Z","2020-07-23T10:27:10Z","2020-07-23T10:27:17Z","2020-07-23T10:27:24Z","2020-07-23T10:27:32Z","2020-07-23T10:27:40Z","2020-07-23T10:27:54Z","2020-07-23T10:28:02Z","2020-07-23T10:29:29Z","2020-07-23T10:32:21Z","2020-07-23T10:32:30Z","2020-07-23T10:32:48Z","2020-07-23T10:33:32Z","2020-07-23T10:38:46Z","2020-07-23T10:44:02Z","2020-07-23T10:44:27Z","2020-07-23T10:45:43Z","2020-07-23T10:49:19Z","2020-07-23T10:49:46Z","2020-07-23T10:49:58Z","2020-07-23T10:50:08Z","2020-07-23T10:50:25Z","2020-07-23T10:50:38Z","2020-07-23T10:50:55Z","2020-07-23T10:51:06Z","2020-07-23T10:51:16Z","2020-07-23T10:51:25Z","2020-07-23T10:51:33Z","2020-07-23T10:51:48Z","2020-07-23T10:52:11Z","2020-07-23T10:52:20Z","2020-07-23T10:52:31Z","2020-07-23T10:52:47Z","2020-07-23T10:53:05Z","2020-07-23T10:53:18Z","2020-07-23T10:53:36Z","2020-07-23T10:53:53Z","2020-07-23T10:54:07Z","2020-07-23T10:54:21Z","2020-07-23T10:54:32Z","2020-07-23T10:54:49Z","2020-07-23T10:55:04Z","2020-07-23T10:55:13Z","2020-07-23T10:55:26Z","2020-07-23T10:55:40Z","2020-07-23T10:55:54Z","2020-07-23T10:56:10Z","2020-07-23T10:56:26Z","2020-07-23T10:56:43Z","2020-07-23T10:56:56Z","2020-07-23T10:57:11Z","2020-07-23T10:57:22Z","2020-07-23T10:57:36Z","2020-07-23T10:57:56Z","2020-07-23T10:58:06Z","2020-07-23T10:58:21Z","2020-07-23T10:58:43Z","2020-07-23T10:59:05Z","2020-07-23T10:59:21Z","2020-07-23T10:59:40Z","2020-07-23T11:00:07Z","2020-07-23T11:00:25Z","2020-07-23T11:00:47Z","2020-07-23T11:03:59Z","2020-07-23T11:04:09Z","2020-07-23T11:04:20Z","2020-07-23T11:04:45Z","2020-07-23T11:05:08Z","2020-07-23T11:05:21Z","2020-07-23T11:05:37Z","2020-07-23T11:05:48Z","2020-07-23T11:05:59Z","2020-07-23T11:06:10Z","2020-07-23T11:06:37Z","2020-07-23T11:07:01Z","2020-07-23T11:07:13Z","2020-07-23T11:07:29Z","2020-07-23T11:07:45Z","2020-07-23T11:07:59Z","2020-07-23T11:08:20Z","2020-07-23T11:08:37Z","2020-07-23T11:09:03Z","2020-07-23T11:09:17Z","2020-07-23T11:09:33Z","2020-07-23T11:09:58Z","2020-07-23T11:10:19Z","2020-07-23T11:10:38Z","2020-07-23T11:11:20Z","2020-07-23T11:11:40Z","2020-07-23T11:11:56Z","2020-07-23T11:12:27Z","2020-07-23T11:13:01Z","2020-07-23T11:13:32Z","2020-07-23T11:14:03Z","2020-07-23T11:14:31Z","2020-07-23T11:15:04Z","2020-07-23T11:15:36Z","2020-07-23T11:16:02Z","2020-07-23T11:16:24Z","2020-07-23T11:19:08Z","2020-07-23T11:19:19Z","2020-07-23T11:19:37Z","2020-07-23T11:20:03Z","2020-07-23T11:20:30Z","2020-07-23T11:20:48Z","2020-07-23T11:21:07Z","2020-07-23T11:21:34Z","2020-07-23T11:22:07Z","2020-07-23T11:22:51Z","2020-07-23T11:23:19Z","2020-07-23T11:23:30Z","2020-07-23T11:23:50Z","2020-07-23T11:24:07Z","2020-07-23T11:24:24Z","2020-07-23T11:24:50Z","2020-07-23T11:25:20Z","2020-07-23T11:25:50Z","2020-07-23T11:26:19Z","2020-07-23T11:27:02Z","2020-07-23T11:27:24Z","2020-07-23T11:27:44Z","2020-07-23T11:28:27Z","2020-07-23T11:28:42Z","2020-07-23T11:28:57Z","2020-07-23T11:29:21Z","2020-07-23T11:29:53Z","2020-07-23T11:30:32Z","2020-07-23T11:31:02Z","2020-07-23T11:31:34Z","2020-07-23T11:32:08Z","2020-07-23T11:32:34Z","2020-07-23T11:32:48Z","2020-07-23T11:33:06Z","2020-07-23T11:33:40Z","2020-07-23T11:34:16Z","2020-07-23T11:34:54Z","2020-07-23T11:35:15Z","2020-07-23T11:35:43Z","2020-07-23T11:36:09Z","2020-07-23T11:36:29Z","2020-07-23T11:36:57Z","2020-07-23T11:37:27Z","2020-07-23T11:38:30Z","2020-07-23T11:39:34Z","2020-07-23T11:39:56Z","2020-07-23T11:40:41Z","2020-07-23T11:40:55Z","2020-07-23T11:41:07Z","2020-07-23T11:41:25Z","2020-07-23T11:41:51Z","2020-07-23T11:48:10Z","2020-07-23T11:50:11Z","2020-07-23T11:50:21Z","2020-07-23T11:50:34Z","2020-07-23T11:50:48Z","2020-07-23T11:51:01Z","2020-07-23T11:51:13Z","2020-07-23T11:51:25Z","2020-07-23T11:51:35Z","2020-07-23T11:51:48Z","2020-07-23T11:52:01Z","2020-07-23T11:52:13Z","2020-07-23T11:52:26Z","2020-07-23T11:52:39Z","2020-07-23T11:52:53Z","2020-07-23T11:53:47Z","2020-07-23T11:53:58Z","2020-07-23T11:54:12Z","2020-07-23T11:54:51Z","2020-07-23T11:55:01Z","2020-07-23T11:55:10Z","2020-07-23T11:55:20Z","2020-07-23T11:55:31Z","2020-07-23T11:55:41Z","2020-07-23T11:55:53Z","2020-07-23T11:56:05Z","2020-07-23T11:56:22Z","2020-07-23T11:56:36Z","2020-07-23T11:56:51Z","2020-07-23T11:57:02Z","2020-07-23T11:57:17Z","2020-07-23T11:57:29Z","2020-07-23T11:57:43Z","2020-07-23T11:57:55Z","2020-07-23T11:58:07Z","2020-07-23T11:58:16Z","2020-07-23T11:58:24Z","2020-07-23T11:58:32Z","2020-07-23T11:58:41Z","2020-07-23T11:58:51Z","2020-07-23T11:59:02Z","2020-07-23T11:59:11Z","2020-07-23T11:59:21Z","2020-07-23T11:59:32Z","2020-07-23T11:59:44Z","2020-07-23T11:59:53Z","2020-07-23T12:00:02Z","2020-07-23T12:00:19Z","2020-07-23T12:17:29Z","2020-07-23T12:17:39Z","2020-07-23T12:17:48Z","2020-07-23T12:17:58Z","2020-07-23T12:18:05Z","2020-07-23T12:18:14Z","2020-07-23T12:18:21Z","2020-07-23T12:18:30Z","2020-07-23T12:18:38Z","2020-07-23T12:18:47Z","2020-07-23T12:18:55Z","2020-07-23T12:19:05Z","2020-07-23T12:19:13Z","2020-07-23T12:19:22Z","2020-07-23T12:19:31Z","2020-07-23T12:19:43Z","2020-07-23T12:19:52Z","2020-07-23T12:20:00Z","2020-07-23T12:20:08Z","2020-07-23T12:20:17Z","2020-07-23T12:21:07Z","2020-07-23T12:21:22Z","2020-07-23T12:21:30Z","2020-07-23T12:21:38Z","2020-07-23T12:21:45Z","2020-07-23T12:21:53Z","2020-07-23T12:22:02Z","2020-07-23T12:22:09Z","2020-07-23T12:22:17Z","2020-07-23T12:22:25Z","2020-07-23T12:22:35Z","2020-07-23T12:22:45Z","2020-07-23T12:22:54Z","2020-07-23T12:23:04Z","2020-07-23T12:23:13Z","2020-07-23T12:23:27Z","2020-07-23T12:23:39Z","2020-07-23T12:23:48Z","2020-07-23T12:23:59Z","2020-07-23T12:24:15Z","2020-07-23T12:24:24Z","2020-07-23T12:24:34Z","2020-07-23T12:24:42Z","2020-07-23T12:24:50Z","2020-07-23T12:25:05Z","2020-07-23T12:25:14Z","2020-07-23T12:25:24Z","2020-07-23T12:25:37Z","2020-07-23T12:25:46Z","2020-07-23T12:25:54Z","2020-07-23T12:26:05Z","2020-07-23T12:26:14Z","2020-07-23T12:26:23Z","2020-07-23T12:26:33Z","2020-07-23T12:26:42Z","2020-07-23T12:26:52Z","2020-07-23T12:27:03Z","2020-07-23T12:27:13Z","2020-07-23T12:27:22Z","2020-07-23T12:27:31Z","2020-07-23T12:27:40Z","2020-07-23T12:27:51Z","2020-07-23T12:28:02Z","2020-07-23T12:28:10Z","2020-07-23T12:28:18Z","2020-07-23T12:28:27Z","2020-07-23T12:28:36Z","2020-07-23T12:28:46Z","2020-07-23T12:28:55Z","2020-07-23T12:29:06Z","2020-07-23T12:29:17Z","2020-07-23T12:29:28Z","2020-07-23T12:29:37Z","2020-07-23T12:29:46Z","2020-07-23T12:29:56Z","2020-07-23T12:30:11Z","2020-07-23T12:30:22Z","2020-07-23T12:30:30Z","2020-07-23T12:30:38Z","2020-07-23T12:30:46Z","2020-07-23T12:30:56Z","2020-07-23T12:31:03Z","2020-07-23T12:31:11Z","2020-07-23T12:31:18Z","2020-07-23T12:31:27Z","2020-07-23T12:31:36Z","2020-07-23T12:31:45Z","2020-07-23T12:31:55Z","2020-07-23T12:32:04Z","2020-07-23T12:32:13Z","2020-07-23T12:32:22Z","2020-07-23T12:32:30Z","2020-07-23T12:33:01Z","2020-07-23T12:33:09Z","2020-07-23T12:33:17Z","2020-07-23T12:33:27Z","2020-07-23T12:33:37Z","2020-07-23T12:33:45Z","2020-07-23T12:33:54Z","2020-07-23T12:34:03Z","2020-07-23T12:34:13Z","2020-07-23T12:34:23Z","2020-07-23T12:34:35Z","2020-07-23T12:34:43Z","2020-07-23T12:34:51Z","2020-07-23T12:34:59Z","2020-07-23T12:35:08Z","2020-07-23T12:35:17Z","2020-07-23T12:35:26Z","2020-07-23T12:35:37Z","2020-07-23T12:35:45Z","2020-07-23T12:38:57Z","2020-07-23T12:39:06Z","2020-07-23T12:39:17Z","2020-07-23T12:39:42Z","2020-07-23T12:39:51Z","2020-07-23T12:40:01Z","2020-07-23T12:40:10Z","2020-07-23T12:40:19Z","2020-07-23T12:40:28Z","2020-07-23T12:40:37Z","2020-07-23T12:40:45Z","2020-07-23T12:40:54Z","2020-07-23T12:41:03Z","2020-07-23T12:41:13Z","2020-07-23T12:41:24Z","2020-07-23T12:41:34Z","2020-07-23T12:41:43Z","2020-07-23T12:41:52Z","2020-07-23T12:42:01Z","2020-07-23T12:42:10Z","2020-07-23T12:42:18Z","2020-07-23T12:42:26Z","2020-07-23T12:42:35Z","2020-07-23T12:42:44Z","2020-07-23T12:42:53Z","2020-07-23T12:43:04Z","2020-07-23T12:43:14Z","2020-07-23T12:43:24Z","2020-07-23T12:43:41Z","2020-07-23T12:44:02Z","2020-07-23T12:44:28Z","2020-07-23T12:44:54Z","2020-07-23T12:45:10Z","2020-07-23T12:45:19Z","2020-07-23T12:45:28Z","2020-07-23T12:45:37Z","2020-07-23T12:45:46Z","2020-07-23T12:45:55Z","2020-07-23T12:46:03Z","2020-07-23T12:46:12Z","2020-07-23T12:46:21Z","2020-07-23T12:46:36Z","2020-07-23T12:46:45Z","2020-07-23T12:46:54Z","2020-07-23T12:47:02Z","2020-07-23T12:47:11Z","2020-07-23T12:47:21Z","2020-07-23T12:47:30Z","2020-07-23T12:47:39Z","2020-07-23T12:47:50Z","2020-07-23T12:48:04Z","2020-07-23T12:48:13Z","2020-07-23T12:48:29Z","2020-07-23T12:48:42Z","2020-07-23T12:48:50Z","2020-07-23T12:48:59Z","2020-07-23T12:49:07Z","2020-07-23T12:49:15Z","2020-07-23T12:49:23Z","2020-07-23T12:49:32Z","2020-07-23T12:49:40Z","2020-07-23T12:49:49Z","2020-07-23T12:49:58Z","2020-07-23T12:50:14Z","2020-07-23T12:50:24Z","2020-07-23T12:50:33Z","2020-07-23T12:50:41Z","2020-07-23T12:50:50Z","2020-07-23T12:51:00Z","2020-07-23T12:51:10Z","2020-07-23T12:51:26Z","2020-07-23T12:51:37Z","2020-07-23T12:51:46Z","2020-07-23T12:51:55Z","2020-07-23T12:52:17Z","2020-07-23T12:55:22Z","2020-07-23T12:55:34Z","2020-07-23T12:55:44Z","2020-07-23T12:55:59Z","2020-07-23T12:56:12Z","2020-07-23T12:56:26Z","2020-07-23T12:56:39Z","2020-07-23T12:56:49Z","2020-07-23T12:56:59Z","2020-07-23T12:57:08Z","2020-07-23T12:57:17Z","2020-07-23T12:57:30Z","2020-07-23T12:57:47Z","2020-07-23T12:57:55Z","2020-07-23T12:58:05Z","2020-07-23T12:58:17Z","2020-07-23T12:58:28Z","2020-07-23T12:59:51Z","2020-07-23T13:00:11Z","2020-07-23T13:00:27Z","2020-07-23T13:00:41Z","2020-07-23T13:00:55Z","2020-07-23T13:01:17Z","2020-07-23T13:01:39Z","2020-07-23T13:02:08Z","2020-07-23T13:02:26Z","2020-07-23T13:02:38Z","2020-07-23T13:02:50Z","2020-07-23T13:03:01Z","2020-07-23T13:03:18Z","2020-07-23T13:03:32Z","2020-07-23T13:03:42Z","2020-07-23T13:03:53Z","2020-07-23T13:04:05Z","2020-07-23T13:04:17Z","2020-07-23T13:04:27Z","2020-07-23T13:04:38Z","2020-07-23T13:04:47Z","2020-07-23T13:04:56Z","2020-07-23T13:05:05Z","2020-07-23T13:05:14Z","2020-07-23T13:05:23Z","2020-07-23T13:05:31Z","2020-07-23T13:05:40Z","2020-07-23T13:05:49Z","2020-07-23T13:05:57Z","2020-07-23T13:06:06Z","2020-07-23T13:06:15Z","2020-07-23T13:06:24Z","2020-07-23T13:06:33Z","2020-07-23T13:06:43Z","2020-07-23T13:06:53Z","2020-07-23T13:07:02Z","2020-07-23T13:07:10Z","2020-07-23T13:07:18Z","2020-07-23T13:07:27Z","2020-07-23T13:07:37Z","2020-07-23T13:07:49Z","2020-07-23T13:08:02Z","2020-07-23T13:08:17Z","2020-07-23T13:08:31Z","2020-07-23T13:08:43Z","2020-07-23T13:08:53Z","2020-07-23T13:09:09Z","2020-07-23T13:09:21Z","2020-07-23T13:09:38Z","2020-07-23T13:09:50Z","2020-07-23T13:10:01Z","2020-07-23T13:10:13Z","2020-07-23T13:10:23Z","2020-07-23T13:10:34Z","2020-07-23T13:10:45Z","2020-07-23T13:11:03Z","2020-07-23T13:11:16Z","2020-07-23T13:11:30Z","2020-07-23T13:11:44Z","2020-07-23T13:12:00Z","2020-07-23T13:12:18Z","2020-07-23T13:12:32Z","2020-07-23T13:13:41Z","2020-07-23T13:14:00Z","2020-07-23T13:14:15Z","2020-07-23T13:14:26Z","2020-07-23T13:14:36Z","2020-07-23T13:14:48Z","2020-07-23T13:14:58Z","2020-07-23T13:15:08Z","2020-07-23T13:15:20Z","2020-07-23T13:15:32Z","2020-07-23T13:15:51Z","2020-07-23T13:16:10Z","2020-07-23T13:22:17Z","2020-07-23T13:22:31Z","2020-07-23T13:22:46Z","2020-07-23T13:23:01Z","2020-07-23T13:23:18Z","2020-07-23T13:23:37Z","2020-07-23T13:23:53Z","2020-07-23T13:24:25Z","2020-07-23T13:24:47Z","2020-07-23T13:25:15Z","2020-07-23T13:26:02Z","2020-07-23T13:26:35Z","2020-07-23T13:27:01Z","2020-07-23T13:27:24Z","2020-07-23T13:27:54Z","2020-07-23T13:28:11Z","2020-07-23T13:28:26Z","2020-07-23T13:28:47Z","2020-07-23T13:29:03Z","2020-07-23T13:29:23Z","2020-07-23T13:29:41Z","2020-07-23T13:29:53Z","2020-07-23T13:30:08Z","2020-07-23T13:30:33Z","2020-07-23T13:30:46Z","2020-07-23T13:30:58Z","2020-07-23T13:31:13Z","2020-07-23T13:31:33Z","2020-07-23T13:31:44Z","2020-07-23T13:32:03Z","2020-07-23T13:34:17Z","2020-07-23T13:34:32Z","2020-07-23T13:34:49Z","2020-07-23T13:35:02Z","2020-07-23T13:35:20Z","2020-07-23T13:35:48Z","2020-07-23T13:36:13Z","2020-07-23T13:36:29Z","2020-07-23T13:36:50Z","2020-07-23T13:37:19Z","2020-07-23T13:37:38Z","2020-07-23T13:38:04Z","2020-07-23T13:38:19Z","2020-07-23T13:38:36Z","2020-07-23T13:38:53Z","2020-07-23T13:39:08Z","2020-07-23T13:39:23Z","2020-07-23T13:39:36Z","2020-07-23T13:39:51Z","2020-07-23T13:40:08Z","2020-07-23T13:40:33Z","2020-07-23T13:40:52Z","2020-07-23T13:41:06Z","2020-07-23T13:41:18Z","2020-07-23T13:41:53Z","2020-07-23T13:41:59Z","2020-07-23T13:42:05Z","2020-07-23T13:42:12Z","2020-07-23T13:42:18Z","2020-07-23T13:42:25Z","2020-07-23T13:42:32Z","2020-07-23T13:42:39Z","2020-07-23T13:42:46Z","2020-07-23T13:42:52Z","2020-07-23T13:42:59Z","2020-07-23T13:43:05Z","2020-07-23T13:43:12Z","2020-07-23T13:43:19Z","2020-07-23T13:43:26Z","2020-07-23T13:43:33Z","2020-07-23T13:43:40Z","2020-07-23T13:43:47Z","2020-07-23T13:43:54Z","2020-07-23T13:44:02Z","2020-07-23T13:44:15Z","2020-07-23T13:47:05Z"]}},"geometry":{"type":"LineString","coordinates":[[-6.998945809900761,62.20624476671219,49.17],[-6.998717403039336,62.20613890327513,48.72],[-6.998691754415631,62.20605198293924,48.79],[-6.998631404712796,62.20595802180469,49],[-6.998559571802616,62.2058763820678,48.87],[-6.998479105532169,62.2057762183249,48.91],[-6.998362680897117,62.205675384029746,48.78],[-6.998315323144198,62.20557823777199,48.6],[-6.998284142464399,62.20548209734261,48.46],[-6.998238544911146,62.205383609980345,48.63],[-6.998168136924505,62.20527917146683,48.32],[-6.998116672039032,62.20519040711224,48.44],[-6.998059088364244,62.205101642757654,48.56],[-6.9980164244771,62.20500508323312,48.45],[-6.997982980683446,62.20490760169923,48.25],[-6.997907543554902,62.20481355674565,48.21],[-6.997871082276106,62.20471900887787,48.07],[-6.997822048142552,62.204612558707595,47.76],[-6.99774912558496,62.20450979657471,47.56],[-6.997697576880455,62.204407788813114,47.4],[-6.997643681243062,62.20430594868958,47.31],[-6.997576374560595,62.20421601086855,46.97],[-6.997550223022699,62.20412825234234,46.7],[-6.997531531378627,62.204035464674234,46.52],[-6.997507642954588,62.20393228344619,46.2],[-6.997436061501503,62.20383781939745,45.72],[-6.997366910800338,62.203730531036854,46.08],[-6.997291138395667,62.20362416468561,45.78],[-6.997224083170295,62.20353045500815,45.54],[-6.997186616063118,62.20342651940882,45.34],[-6.997138420119882,62.203328870236874,45.12],[-6.997087122872472,62.203240524977446,45.22],[-6.997032389044762,62.20313969068229,44.71],[-6.996997352689505,62.20305168069899,44.39],[-6.996960891410708,62.202955624088645,44.2],[-6.996920658275485,62.20286350697279,43.98],[-6.996919987723231,62.202763091772795,43.72],[-6.996876318007708,62.20265932381153,43.74],[-6.996698705479503,62.20255094580352,42.89],[-6.996674062684178,62.20244818367064,42.63],[-6.996666099876165,62.20234072767198,42.49],[-6.996654784306884,62.20223335549235,42.67],[-6.996623938903213,62.202119529247284,42.49],[-6.996567528694868,62.20203135162592,42.21],[-6.996545568108559,62.20192976295948,41.65],[-6.99652117677033,62.20183747820556,41.72],[-6.996505754068494,62.20174049958587,41.52],[-6.996477507054806,62.20164536498487,41.09],[-6.996443476527929,62.20153899863362,41.09],[-6.996426042169333,62.20143238082528,40.76],[-6.996394861489534,62.20132869668305,40.77],[-6.996329398825765,62.20121973194182,40.34],[-6.996267205104232,62.20111428759992,40.29],[-6.996212806552649,62.20101613551378,40.33],[-6.996166789904237,62.200923850759864,40.14],[-6.996139632537961,62.20082050189376,40.24],[-6.996105099096894,62.20071447081864,40.32],[-6.996073834598064,62.200600393116474,40.24],[-6.996035696938634,62.20049226656556,40.07],[-6.995988506823778,62.200395707041025,39.85],[-6.995940981432796,62.200297974050045,39.51],[-6.995903765782714,62.200192362070084,39.1],[-6.995857246220112,62.200093287974596,38.9],[-6.995814582332969,62.20000402070582,38.91],[-6.995776109397411,62.19991458579898,38.84],[-6.99575305916369,62.19981894828379,38.58],[-6.995715508237481,62.199715096503496,38.4],[-6.995657086372376,62.19961577095091,38.33],[-6.995611237362027,62.19951208680868,38],[-6.995563125237823,62.19942164607346,37.85],[-6.995528340339661,62.19931754283607,37.82],[-6.995508726686239,62.199229281395674,37.54],[-6.995474528521299,62.199144791811705,37.65],[-6.995449550449848,62.19905845820904,37.51],[-6.995538650080562,62.19896173104644,37.16],[-6.995583660900593,62.198907332494855,36.57],[-6.995419375598431,62.198842875659466,36.85],[-6.995345531031489,62.19875360839069,36.76],[-6.995293311774731,62.19866090454161,36.87],[-6.995240841060877,62.19856258481741,36.83],[-6.995201697573066,62.198475329205394,36.69],[-6.995148304849863,62.19837642274797,36.75],[-6.995106982067227,62.198288245126605,36.74],[-6.995085440576077,62.19819797202945,36.75],[-6.995023833587766,62.198096215724945,36.84],[-6.99497421272099,62.19799269922078,37.01],[-6.994946636259556,62.197886081412435,36.88],[-6.994996927678585,62.19777703285217,37],[-6.995002292096615,62.197687178850174,37.06],[-6.994965244084597,62.19758642837405,37.07],[-6.994873462244868,62.19750361517072,35.93],[-6.994702974334359,62.19744837842882,36.46],[-6.994635248556733,62.19734502956271,36.34],[-6.994583699852228,62.197247967123985,36.45],[-6.994521757587791,62.197156520560384,36.13],[-6.994489319622517,62.197056859731674,36.58],[-6.994407093152404,62.19696147367358,36.47],[-6.994330063462257,62.19687044620514,36.5],[-6.994288573041558,62.19677899964154,36.38],[-6.994208358228207,62.196684619411826,36.55],[-6.994152702391148,62.19657925888896,36.47],[-6.994072236120701,62.19648093916476,36.41],[-6.994001576676965,62.19638815149665,36.13],[-6.993959415704012,62.196297124028206,36.11],[-6.99388506822288,62.19620190560818,36.31],[-6.993827736005187,62.19611758366227,36.08],[-6.993768895044923,62.19603041186929,36.01],[-6.993701839819551,62.1959432400763,36.03],[-6.993632772937417,62.19584433361888,36.27],[-6.99356647208333,62.19574869610369,36.31],[-6.993492878973484,62.19564358703792,36.29],[-6.993417106568813,62.195549458265305,36.03],[-6.993343848735094,62.195447785779834,36.19],[-6.993282493203878,62.1953509747982,36.17],[-6.993216192349792,62.19526254571974,36.07],[-6.993154585361481,62.19517059624195,36],[-6.993089290335774,62.19508107751608,36.1],[-6.993024330586195,62.19499113969505,35.86],[-6.992964651435614,62.194894161075354,35.76],[-6.992903966456652,62.194798942655325,36.22],[-6.992840934544802,62.194697773084044,36.13],[-6.992749907076359,62.19459635205567,35.7],[-6.992671871557832,62.19449417665601,35.56],[-6.992609677836299,62.194398706778884,35.39],[-6.99254035949707,62.194299045950174,35.04],[-6.992463665083051,62.194199888035655,34.82],[-6.992375822737813,62.1941043343395,34.25],[-6.992290830239654,62.194004422053695,34.46],[-6.992214722558856,62.19391196966171,34.2],[-6.992138111963868,62.19381649978459,33.84],[-6.99204440228641,62.19371683895588,33.95],[-6.99196427129209,62.19363176263869,33.79],[-6.991869136691093,62.193547608330846,33.28],[-6.991750281304121,62.1934671420604,33.6],[-6.991655481979251,62.193378042429686,34.04],[-6.99155037291348,62.19328014180064,34.11],[-6.991426488384605,62.193198250606656,34.49],[-6.991303777322173,62.19310563057661,34.47],[-6.991175031289458,62.19303036108613,34.91],[-6.99103245511651,62.19294679351151,35],[-6.990905134007335,62.19287236221135,35.22],[-6.990760546177626,62.192797092720866,35.46],[-6.990623837336898,62.19272685237229,35.88],[-6.990497354418039,62.19264538027346,36.03],[-6.990349078550935,62.192577151581645,36.11],[-6.990198204293847,62.1925069950521,36.16],[-6.990054454654455,62.19244061037898,36.13],[-6.989878267049789,62.19238151796162,35.57],[-6.989746754989028,62.192311864346266,35.86],[-6.989573668688536,62.19224422238767,36.01],[-6.98943754658103,62.19216828234494,35.58],[-6.989289857447147,62.19210198149085,35.8],[-6.989162284880877,62.19202578999102,35],[-6.989018954336643,62.191965859383345,35.19],[-6.988858692348003,62.19189972616732,34.52],[-6.988687869161367,62.19183074310422,34.7],[-6.988535821437836,62.19174977391958,34.64],[-6.988381175324321,62.19168229959905,34.49],[-6.988215548917651,62.19161390326917,34.29],[-6.988057298585773,62.1915331017226,34.34],[-6.987889409065247,62.19145783223212,34.26],[-6.987739959731698,62.19138415530324,34.04],[-6.987632000818849,62.19131131656468,33.82],[-6.987550277262926,62.19122112728655,33.41],[-6.987412143498659,62.19115457497537,32.73],[-6.987265460193157,62.191093722358346,32.3],[-6.987106623128057,62.191027253866196,31.95],[-6.986921383067966,62.19094452448189,31.57],[-6.986754667013884,62.19086246564984,30.81],[-6.986606894060969,62.19079138711095,30.5],[-6.98645107448101,62.19073120504618,30.07],[-6.986297266557813,62.19066733494401,29.7],[-6.986144632101059,62.190593322739005,29.41],[-6.986002558842301,62.19051620922983,28.84],[-6.9858593121171,62.19043096527457,28.32],[-6.985705168917775,62.19035477377474,28.1],[-6.985566280782223,62.19027489423752,27.94],[-6.985428230836988,62.190210772678256,27.69],[-6.985289258882403,62.19013089314103,27.77],[-6.98514056392014,62.190052438527346,27.45],[-6.98499740101397,62.18998119235039,26.81],[-6.98485960252583,62.189915059134364,26.71],[-6.984710991382599,62.189859822392464,26.24],[-6.984401112422347,62.18978094868362,2.26171875],[-6.983488239347935,62.18961523845792,3.45703125],[-6.983562167733908,62.19008018262684,6.0703125],[-6.983622936531901,62.19040062278509,7.84765625],[-6.983601478859782,62.1904762275517,8.3984375],[-6.983535261824727,62.19056457281113,9.19140625],[-6.98341179639101,62.190577648580074,9.58203125],[-6.983344238251448,62.19057169742882,9.703125],[-6.981705157086253,62.190586030483246,17.203125],[-6.981658888980746,62.1905919816345,17.54296875],[-6.98164539411664,62.19066197052598,18.515625],[-6.981561575084925,62.19072760082781,19.94921875],[-6.981480354443193,62.19079038128257,21.546875],[-6.98139913380146,62.190878642722964,23.5234375],[-6.981397541239858,62.19096723943949,24.75390625],[-6.981403408572078,62.191011076793075,25.296875],[-6.981408940628171,62.19097914174199,24.8046875],[-6.98133266530931,62.19107234850526,26.859375],[-6.981211127713323,62.191130770370364,28.9375],[-6.981147844344378,62.19118977896869,30.44921875],[-6.981132170185447,62.19127954915166,31.8984375],[-6.981111969798803,62.19136521220207,33.0859375],[-6.981054050847888,62.19145841896534,34.75390625],[-6.981026558205485,62.19155824743211,36.16015625],[-6.981006860733032,62.191639887169,37.28125],[-6.981105683371425,62.1917453315109,37.45703125],[-6.981231244280934,62.191831497475505,37.17578125],[-6.981232669204474,62.19192554242909,38.24609375],[-6.981093194335699,62.19199142418802,40.3671875],[-6.980939134955406,62.19202763400972,42.2734375],[-6.980753978714347,62.19205931760371,44.4140625],[-6.980573097243905,62.19208689406514,46.66015625],[-6.980390623211861,62.19213483855128,49.1171875],[-6.980330692604184,62.192204827442765,50.4375],[-6.980205634608865,62.192246820777655,52.19140625],[-6.98022935539484,62.19234757125378,52.90234375],[-6.980072194710374,62.19240381382406,55.140625],[-6.979952333495021,62.19245770946145,56.953125],[-6.979821911081672,62.192539013922215,59.421875],[-6.979759465903044,62.19261956401169,61.078125],[-6.979600545018911,62.19265443272889,63.64453125],[-6.979433409869671,62.19266667030752,66.109375],[-6.979224281385541,62.19268335029483,69.21875],[-6.979016829282045,62.1926795784384,72.0625],[-6.978850951418281,62.19269324094057,74.45703125],[-6.978669064119458,62.192725259810686,77.25],[-6.978506036102772,62.192748645320535,79.6875],[-6.978337811306119,62.19278401695192,82.30078125],[-6.978167239576578,62.19280513934791,84.875],[-6.977979065850377,62.192756440490484,87.1171875],[-6.977792317047715,62.19277915544808,90.02734375],[-6.977647980675101,62.19283724203706,92.6640625],[-6.977440360933542,62.19288468360901,96.11328125],[-6.977289067581296,62.19296489842236,99.50390625],[-6.9771231058985,62.1930265892297,102.98828125],[-6.97695454582572,62.193076042458415,106.33984375],[-6.976743070408702,62.19306414015591,109.94140625],[-6.976673752069473,62.19298769719899,110.6640625],[-6.976494379341602,62.19304997473955,113.99609375],[-6.976270498707891,62.19305668026209,117.4140625],[-6.976107051596046,62.193001778796315,119.66796875],[-6.975964056327939,62.19293262809515,121.59375],[-6.975866826251149,62.1928524132818,122.42578125],[-6.975709162652493,62.192836152389646,124.6796875],[-6.975511601194739,62.1928402595222,127.37890625],[-6.975493580102921,62.192753003910184,126.953125],[-6.97538310661912,62.19267706386745,127.9140625],[-6.975226197391748,62.1926330588758,129.80078125],[-6.975018493831158,62.19262853264809,132.69921875],[-6.974803749471903,62.19263071194291,135.5390625],[-6.97462672367692,62.19264906831086,137.84375],[-6.974482471123338,62.19270195811987,140.01171875],[-6.974304607138038,62.19271327368915,142.328125],[-6.974154151976109,62.19265996478498,143.78125],[-6.973958099260926,62.19268150627613,146.90234375],[-6.973803201690316,62.192753590643406,150.08203125],[-6.973615027964115,62.19280941411853,153.703125],[-6.973446132615209,62.19283539801836,156.75],[-6.973266843706369,62.19280639663339,159.4609375],[-6.973066097125411,62.192809246480465,162.37890625],[-6.972828470170498,62.19277437776327,165.40234375],[-6.972632752731443,62.192747639492154,167.89453125],[-6.972478106617928,62.19269089400768,169.47265625],[-6.972273588180542,62.19267203472555,172.54296875],[-6.972079798579216,62.19269902445376,176.09375],[-6.971847536042333,62.192713525146246,180.15234375],[-6.971677467226982,62.1927644032985,183.5625],[-6.971477894112468,62.19274990260601,186.47265625],[-6.971280667930841,62.192739341408014,189.140625],[-6.971057960763574,62.19275090843439,192.41796875],[-6.970833577215672,62.1927488129586,195.56640625],[-6.970580611377955,62.19271084293723,197.84765625],[-6.970387743785977,62.19266130588949,199.015625],[-6.970193451270461,62.19262241385877,200.30859375],[-6.970004187896848,62.19260732643306,201.83984375],[-6.969851134344935,62.192658791318536,203.953125],[-6.969761280342937,62.192697348073125,205.32421875],[-6.96956992149353,62.19265719875693,206.6328125],[-6.96936858817935,62.192661138251424,208.6171875],[-6.969192735850811,62.19269894063473,210.8046875],[-6.969055272638798,62.192778903990984,213.16015625],[-6.96888436563313,62.1928368229419,215.40625],[-6.968698287382722,62.19287839718163,217.52734375],[-6.96852226741612,62.192930448800325,219.640625],[-6.968382205814123,62.193005718290806,221.2421875],[-6.968202916905284,62.19305885955691,223.00390625],[-6.968004181981087,62.19306514598429,224.703125],[-6.967809973284602,62.19308266416192,226.421875],[-6.967641329392791,62.193145444616675,228.140625],[-6.967437565326691,62.193174781277776,229.9921875],[-6.96727043017745,62.193209733814,231.56640625],[-6.967108575627208,62.193271508440375,233.22265625],[-6.966944793239236,62.19334225170314,234.94140625],[-6.966727450489998,62.19337988644838,236.94921875],[-6.966495858505368,62.19342422671616,239.0625],[-6.966277090832591,62.193452306091785,240.9375],[-6.966073829680681,62.19346705824137,242.6328125],[-6.965879620984197,62.193449791520834,244.078125],[-6.965669738128781,62.19344828277826,245.87890625],[-6.965485839173198,62.193476194515824,247.81640625],[-6.965290373191237,62.19352137297392,249.96484375],[-6.965049896389246,62.19353327527642,252.34375],[-6.964854095131159,62.19356822781265,254.4140625],[-6.964674219489098,62.193586667999625,256.20703125],[-6.964491745457053,62.19358155503869,257.87890625],[-6.964242048561573,62.19361416064203,260.43359375],[-6.964026717469096,62.19361902214587,262.2734375],[-6.963831586763263,62.19365246593952,263.6875],[-6.963651878759265,62.1937139891088,265.2109375],[-6.963499831035733,62.19376729801297,266.5078125],[-6.963302353397012,62.19378724694252,267.81640625],[-6.96312733925879,62.193766543641686,269.203125],[-6.962953917682171,62.19381809234619,271.2265625],[-6.962812514975667,62.19390065409243,273.20703125],[-6.962642529979348,62.19395438209176,275.3203125],[-6.962412027642131,62.193988328799605,277.9375],[-6.962214633822441,62.1940110437572,280.09375],[-6.962048672139645,62.194074243307114,282.30859375],[-6.961896289139986,62.19414406456053,284.48046875],[-6.961649525910616,62.19414381310344,286.98046875],[-6.961435116827488,62.194140292704105,289.68359375],[-6.961253313347697,62.19413476064801,292.125],[-6.961068827658892,62.19414347782731,294.75],[-6.96090160869062,62.19417415559292,297.37109375],[-6.960760541260243,62.19422444701195,299.859375],[-6.960543198511004,62.19423836097121,302.73828125],[-6.960342871025205,62.1942909155041,305.78515625],[-6.960144387558103,62.1943062543869,308.41015625],[-6.959964847192168,62.19431740231812,310.75390625],[-6.959808776155114,62.19435009174049,313.0546875],[-6.959598641842604,62.19436660408974,315.91796875],[-6.959386244416237,62.19435352832079,318.515625],[-6.959156496450305,62.194316731765866,321.0703125],[-6.958975531160832,62.194291250780225,323.5859375],[-6.958796493709087,62.194349924102426,327.2265625],[-6.958620976656675,62.19440474174917,330.76953125],[-6.958445878699422,62.1944029815495,333.6953125],[-6.958286119624972,62.194412453100085,336.484375],[-6.958089899271727,62.194463750347495,339.515625],[-6.957925949245691,62.194503312930465,341.9140625],[-6.957930056378245,62.194594759494066,342.8515625],[-6.95790440775454,62.19464446417987,343.58203125],[-6.957742972299457,62.19467882998288,345.77734375],[-6.957569215446711,62.19468452967703,347.88671875],[-6.957422783598304,62.19463599845767,349.28515625],[-6.957256989553571,62.19458822160959,351.07421875],[-6.957027157768607,62.19459249638021,354.15625],[-6.956814173609018,62.19457724131644,356.82421875],[-6.956627424806356,62.194583024829626,359.3515625],[-6.956416703760624,62.19462820328772,362.82421875],[-6.956245796754956,62.194690480828285,366.03515625],[-6.956098023802042,62.19475829042494,369.02734375],[-6.955954441800714,62.19483003951609,372.0703125],[-6.955824857577682,62.19490329734981,374.9765625],[-6.955657973885536,62.194968005642295,378.4140625],[-6.955488827079535,62.19502575695515,381.81640625],[-6.955289086326957,62.19506942667067,385.51171875],[-6.955126225948334,62.19513723626733,388.94921875],[-6.954957917332649,62.19519750215113,392.37109375],[-6.954805785790086,62.19526623375714,396.125],[-6.954646613448858,62.19532918184996,400.1484375],[-6.954479310661554,62.195382323116064,404.30078125],[-6.954269930720329,62.19542984850705,409.3125],[-6.954135820269585,62.19550578854978,412.6953125],[-6.953954435884953,62.19557284377515,416.78125],[-6.953786127269268,62.19562891870737,420.44921875],[-6.953616896644235,62.195684323087335,424.046875],[-6.953478343784809,62.195758167654276,427.0625],[-6.953310621902347,62.195809967815876,430.453125],[-6.95317592471838,62.195884734392166,432.96875],[-6.953028487041593,62.195958998054266,435.47265625],[-6.952857999131084,62.196013731881976,438.21484375],[-6.952707460150123,62.19607357867062,440.6171875],[-6.952547701075673,62.19613904133439,443.109375],[-6.952441670000553,62.196205174550414,444.7578125],[-6.952252071350813,62.1962508559227,446.921875],[-6.95208284072578,62.196291675791144,448.57421875],[-6.9519367441535,62.19635738991201,449.55078125],[-6.951767345890403,62.19641396775842,450.828125],[-6.951581351459026,62.196464175358415,452.359375],[-6.951424526050687,62.196515975520015,453.8359375],[-6.951235178858042,62.19656894914806,455.58203125],[-6.951068378984928,62.19663994386792,456.67578125],[-6.950930412858725,62.19671504572034,457.21484375],[-6.950805354863405,62.1967897284776,457.47265625],[-6.950642243027687,62.19684345647693,459.09765625],[-6.950449794530869,62.19690992496908,460.98046875],[-6.950275450944901,62.19696080312133,462.60546875],[-6.950118290260434,62.19701469875872,463.6796875],[-6.950002871453762,62.19709902070463,463.1875],[-6.949897510930896,62.19718040898442,463.36328125],[-6.949854511767626,62.197278225794435,462.39453125],[-6.949692070484161,62.19736355356872,463.71875],[-6.949601210653782,62.19746078364551,463.07421875],[-6.949445558711886,62.19750378280878,464.52734375],[-6.949309939518571,62.197571005672216,464.75],[-6.949171638116241,62.19762842170894,464.99609375],[-6.9490338396281,62.19770109280944,464.8125],[-6.94886670447886,62.19778357073665,464.953125],[-6.948705269023776,62.197853811085224,465.1640625],[-6.948576271533966,62.19793871976435,464.1171875],[-6.948447609320283,62.198023963719606,464.12890625],[-6.94831307977438,62.19809152185917,464.4375],[-6.94817335344851,62.198161678388715,464.87109375],[-6.948034632951021,62.198240384459496,464.98046875],[-6.947906641289592,62.198315570130944,464.78515625],[-6.947808405384421,62.19840559177101,463.49609375],[-6.947720227763057,62.1984938532114,461.93359375],[-6.94757329300046,62.19856845214963,461.33203125],[-6.947469022125006,62.19866467639804,459.265625],[-6.947359889745712,62.198748998343945,457.69140625],[-6.947276573628187,62.19883575104177,456.7109375],[-6.94715796969831,62.19890473410487,456.71875],[-6.947017489001155,62.19898536801338,456.5703125],[-6.94691657088697,62.19906482845545,455.83203125],[-6.946769217029214,62.199139930307865,455.52734375],[-6.946629909798503,62.199206398800015,455.18359375],[-6.946536283940077,62.199292313307524,453.98046875],[-6.946396054700017,62.19935660250485,453.890625],[-6.946263452991843,62.19943002797663,453.29296875],[-6.946110902354121,62.19949884340167,452.875],[-6.945986095815897,62.1995803155005,451.6015625],[-6.945875873789191,62.19966094940901,451.21484375],[-6.945745619013906,62.19972833991051,451.61328125],[-6.945620812475681,62.19980629161,452.07421875],[-6.945450073108077,62.19985851086676,453.34375],[-6.945273466408253,62.199921291321516,454.41015625],[-6.945151761174202,62.199996979907155,454.5234375],[-6.945059392601252,62.20008264295757,454.05078125],[-6.944960821419954,62.200167551636696,453.5625],[-6.944915475323796,62.200264781713486,452.296875],[-6.944874236360192,62.20036863349378,450.828125],[-6.944828806445003,62.200429402291775,450.1328125],[-6.944645829498768,62.200482208281755,451.7578125],[-6.944503840059042,62.20054113306105,453.0078125],[-6.944342320784926,62.20060374587774,454.3203125],[-6.944228578358889,62.200678428635,455.08984375],[-6.944099413231015,62.200746573507786,455.91015625],[-6.943920627236366,62.200800720602274,457.62890625],[-6.943730609491468,62.20084841363132,459.31640625],[-6.943554924800992,62.20089769922197,460.6640625],[-6.943351747468114,62.20091136172414,462.4921875],[-6.943200118839741,62.20098344609141,463.28125],[-6.943079000338912,62.20105410553515,463.80859375],[-6.942909769713879,62.20111948437989,464.77734375],[-6.942734336480498,62.20117203891277,465.80859375],[-6.942588407546282,62.20124093815684,466.05078125],[-6.942501068115234,62.20133548602462,466.96875],[-6.942353378981352,62.201405726373196,469.109375],[-6.942284731194377,62.201486863195896,470.51953125],[-6.942151375114918,62.2015471290797,472.4296875],[-6.942029250785708,62.20161602832377,474.203125],[-6.941973930224776,62.20165223814547,475.015625],[-6.941898325458169,62.20169020816684,476.03125],[-6.941751809790731,62.20175131224096,477.85546875],[-6.941587273031473,62.201804369688034,479.71484375],[-6.941426005214453,62.2018629591912,481.3515625],[-6.941227521747351,62.20191081985831,483.25],[-6.941042700782418,62.201932445168495,484.91015625],[-6.940800966694951,62.201931523159146,486.9375],[-6.940595610067248,62.201896319165826,488.69921875],[-6.940439203754067,62.201943676918745,490.3359375],[-6.940203253179789,62.20194635912776,492.53515625],[-6.940004518255591,62.20191249623895,494.37109375],[-6.93980754353106,62.20188315957785,496.4609375],[-6.939620627090335,62.20191702246666,498.47265625],[-6.93941225297749,62.20192976295948,500.69921875],[-6.939198933541775,62.20192322507501,503.046875],[-6.938998522236943,62.20193789340556,505.59375],[-6.938823172822595,62.201976366341114,507.96484375],[-6.93862066604197,62.20198491588235,510.921875],[-6.938413381576538,62.20197477377951,514.10546875],[-6.938220262527466,62.20196052454412,517.1015625],[-6.938010212033987,62.20196186564863,520.11328125],[-6.937817092984915,62.201960356906056,522.91015625],[-6.937609389424324,62.20200687646866,525.45703125],[-6.937415767461062,62.20199966803193,528.28125],[-6.937204878777266,62.20200779847801,530.93359375],[-6.937013687565923,62.202055575326085,533.00390625],[-6.936806235462427,62.20204593613744,535.79296875],[-6.936609596014023,62.2020582575351,538.26953125],[-6.936411112546921,62.202057000249624,539.75],[-6.936213467270136,62.202090276405215,540.921875],[-6.936031831428409,62.202130844816566,542.09375],[-6.935821864753962,62.202121540904045,543.609375],[-6.935613909736276,62.20212464220822,544.68359375],[-6.935417437925935,62.20210963860154,545.66796875],[-6.935209231451154,62.20209547318518,546.76953125],[-6.934999683871865,62.202089354395866,547.83984375],[-6.934801451861858,62.20209111459553,548.109375],[-6.934585198760033,62.20209480263293,548.0703125],[-6.934368945658207,62.20210108906031,547.99609375],[-6.934166774153709,62.20211039297283,547.875],[-6.934007182717323,62.20215456560254,546.6484375],[-6.933849100023508,62.20220276154578,544.94140625],[-6.933663357049227,62.20224156975746,543.10546875],[-6.933485576882958,62.20226973295212,541.421875],[-6.933295726776123,62.20225322060287,540.390625],[-6.933104200288653,62.202233942225575,538.6484375],[-6.932925162836909,62.202223716303706,536.8125],[-6.932723242789507,62.20225414261222,533.90234375],[-6.932523669674993,62.20225724391639,531.546875],[-6.932312697172165,62.20227585174143,528.46484375],[-6.932169618085027,62.2023450024426,525.015625],[-6.931971218436956,62.20233620144427,522.5234375],[-6.931755300611258,62.20232714898884,519.80078125],[-6.931563271209598,62.202338045462966,517.02734375],[-6.931375181302428,62.20235615037382,514.35546875],[-6.931176530197263,62.202376099303365,511.515625],[-6.930957175791264,62.20238414593041,508.6953125],[-6.930751902982593,62.20242831856012,505.328125],[-6.930557945743203,62.202432760968804,503.6875],[-6.930343871936202,62.20244474709034,501.7265625],[-6.930154860019684,62.20243678428233,500.40625],[-6.929928800091147,62.20242572017014,498.86328125],[-6.929716402664781,62.20241046510637,497.6640625],[-6.929510626941919,62.20239110291004,496.6015625],[-6.929352208971977,62.20236813649535,495.95703125],[-6.929161353036761,62.20238749869168,494.16015625],[-6.92894333973527,62.20237878151238,493.18359375],[-6.928754830732942,62.20241138711572,491.57421875],[-6.928541176021099,62.20237651839852,491.30078125],[-6.928352834656835,62.20238037407398,490.3125],[-6.928162313997746,62.20242680981755,488.48046875],[-6.927965255454183,62.20245790667832,486.9921875],[-6.927741877734661,62.20248028635979,485.5703125],[-6.927539119496942,62.202497301623225,484.34375],[-6.927338959649205,62.20254549756646,482.52734375],[-6.927133938297629,62.202595956623554,480.73046875],[-6.92692045122385,62.20262914896011,479.28125],[-6.926724817603827,62.20266016200185,477.92578125],[-6.926552904769778,62.20270517282188,476.359375],[-6.926195416599512,62.202787986025214,473.58203125],[-6.926002129912376,62.2027905844152,473.09375],[-6.925801718607545,62.2028043307364,472.3046875],[-6.92558697424829,62.20281505957246,471.55859375],[-6.925397459417582,62.202862836420536,469.90234375],[-6.925165699794889,62.202861411497,469.40625],[-6.924963444471359,62.202891586348414,468.1484375],[-6.924748029559851,62.20291807316244,467.1640625],[-6.924559939652681,62.20296308398247,466.0234375],[-6.924358606338501,62.20299359411001,465.234375],[-6.924158362671733,62.203018153086305,464.53515625],[-6.923823589459062,62.203108510002494,462.5],[-6.923672882840037,62.20317422412336,461.13671875],[-6.92347071133554,62.203196939080954,460.484375],[-6.923300558701158,62.203250247985125,459.3203125],[-6.923095285892487,62.20325410366058,459.00390625],[-6.922905687242746,62.203244464471936,458.94921875],[-6.922785239294171,62.2032602224499,458.51953125],[-6.922594467177987,62.20325628295541,458.36328125],[-6.922446107491851,62.20331604592502,457.109375],[-6.922238655388355,62.20332493074238,456.69921875],[-6.922047631815076,62.20335468649864,455.93359375],[-6.921850070357323,62.203387040644884,455.11328125],[-6.921667344868183,62.20342492684722,454.2109375],[-6.92147858440876,62.2034777328372,452.92578125],[-6.921305917203426,62.20353732816875,451.484375],[-6.921125454828143,62.20357043668628,450.48828125],[-6.920954715460539,62.20362525433302,449.08984375],[-6.920734774321318,62.20361695624888,448.8125],[-6.920524556189776,62.20362978056073,448.3125],[-6.920320708304644,62.203606981784105,448.5078125],[-6.920131361111999,62.20359558239579,448.5],[-6.919930698350072,62.20359214581549,448.32421875],[-6.919714780524373,62.20359390601516,448.03125],[-6.91953532397747,62.20361318439245,447.4453125],[-6.919345306232572,62.20363757573068,446.75],[-6.91918445751071,62.203660290688276,446.1171875],[-6.918982453644276,62.2036814969033,445.32421875],[-6.918771397322416,62.20368778333068,444.71875],[-6.918563861399889,62.203694488853216,444.109375],[-6.918377699330449,62.203728603199124,442.98828125],[-6.918244929984212,62.20378643833101,441.4453125],[-6.918044183403254,62.20380764454603,440.671875],[-6.917844442650676,62.20383044332266,439.85546875],[-6.917649647220969,62.20384578220546,439.234375],[-6.917480835691094,62.20389808528125,437.71484375],[-6.917279502376914,62.20391065813601,436.984375],[-6.917109014466405,62.2039386536926,435.91796875],[-6.916902149096131,62.20395416021347,435.09375],[-6.916730739176273,62.203982239589095,434.05078125],[-6.916555557399988,62.204017359763384,432.8984375],[-6.916373502463102,62.204041332006454,432.1015625],[-6.91616521216929,62.20406228676438,431.34765625],[-6.916007129475474,62.20410469919443,430.140625],[-6.916047278791666,62.204073183238506,430.9453125],[-6.915846448391676,62.20406396314502,430.92578125],[-6.915670176967979,62.20408659428358,430.36328125],[-6.915471106767654,62.20412280410528,429.6015625],[-6.915273629128933,62.2041392326355,429.3203125],[-6.915142117068172,62.204203102737665,427.91796875],[-6.91504480317235,62.20421064645052,427.8046875],[-6.914862664416432,62.20425331033766,426.95703125],[-6.914709191769362,62.204310055822134,425.7890625],[-6.914518503472209,62.20432631671429,425.578125],[-6.91429722122848,62.20433469861746,425.57421875],[-6.914112316444516,62.20435045659542,425.37890625],[-6.91390092484653,62.20431223511696,426.29296875],[-6.913850717246532,62.20437526702881,424.92578125],[-6.913962196558714,62.204450368881226,423.25],[-6.913848202675581,62.20452044159174,421.734375],[-6.913675451651216,62.20457131974399,420.62109375],[-6.913501610979438,62.204620856791735,419.48828125],[-6.913333386182785,62.20467718318105,418.20703125],[-6.913120653480291,62.2047021612525,418.0546875],[-6.912950249388814,62.204765528440475,417.015625],[-6.91279761493206,62.2048213519156,416.109375],[-6.912642633542419,62.20487675629556,415.21875],[-6.912463260814548,62.2049283888191,414.46875],[-6.912293108180165,62.2049680352211,413.953125],[-6.912080962210894,62.20499720424414,413.80078125],[-6.91191952675581,62.205043975263834,413.18359375],[-6.9118388928473,62.20513667911291,411.43359375],[-6.91169572994113,62.20518831163645,410.76171875],[-6.911488110199571,62.20520549453795,411.0625],[-6.911287866532803,62.205215552821755,411.51953125],[-6.911101369187236,62.20525838434696,411.2890625],[-6.91094521433115,62.205326026305556,410.5],[-6.910764165222645,62.20537564717233,410.171875],[-6.910546571016312,62.20540339127183,410.40625],[-6.91035931929946,62.205430045723915,410.5859375],[-6.910155052319169,62.205460388213396,410.484375],[-6.909969393163919,62.2054878808558,410.41015625],[-6.909749619662762,62.20549198798835,411.109375],[-6.909553650766611,62.205529287457466,410.8203125],[-6.90936011262238,62.20556281507015,410.6484375],[-6.909230025485158,62.20563012175262,409.35546875],[-6.909122820943594,62.205701284110546,407.890625],[-6.908956356346607,62.20575861632824,407.1328125],[-6.90879475325346,62.205811170861125,406.53125],[-6.908649830147624,62.20587302930653,405.66015625],[-6.908493675291538,62.20594000071287,404.7734375],[-6.908320086076856,62.20599280670285,404.3828125],[-6.908180024474859,62.206053491681814,403.87109375],[-6.908025294542313,62.206114176660776,403.62109375],[-6.907850783318281,62.206154158338904,404.078125],[-6.907619191333652,62.206160528585315,405.74609375],[-6.907409643754363,62.20617704093456,407.0234375],[-6.907228091731668,62.20623705536127,407.171875],[-6.907076463103294,62.20629899762571,406.99609375],[-6.906886277720332,62.20634157769382,407.59765625],[-6.906691901385784,62.20637250691652,408.62890625],[-6.906489226967096,62.20640955492854,409.3359375],[-6.906314799562097,62.20645012333989,409.70703125],[-6.906146658584476,62.206508461385965,409.875],[-6.905965860933065,62.206560764461756,410.31640625],[-6.905821021646261,62.20662874169648,410.43359375],[-6.905677858740091,62.206694120541215,410.2578125],[-6.905518351122737,62.206756146624684,410.08984375],[-6.905361022800207,62.2068296559155,409.7734375],[-6.905205119401217,62.20689184963703,409.5859375],[-6.904983501881361,62.20692143775523,410.03125],[-6.904799016192555,62.20695831812918,410.25],[-6.904601203277707,62.206970220431685,410.8203125],[-6.904446557164192,62.206999054178596,411.03125],[-6.904248325154185,62.20698514021933,411.9140625],[-6.904047327116132,62.20696703530848,412.47265625],[-6.903841719031334,62.206980949267745,412.05859375],[-6.903632087633014,62.20698153600097,411.80078125],[-6.903425306081772,62.20694348216057,412.0078125],[-6.903232857584953,62.20694004558027,411.453125],[-6.903037307783961,62.20694314688444,410.0078125],[-6.902821222320199,62.20693049021065,408.6015625],[-6.902626175433397,62.206925209611654,407.26171875],[-6.90243230201304,62.206924287602305,405.828125],[-6.902251169085503,62.20696846023202,403.7109375],[-6.902059726417065,62.206934597343206,402.3984375],[-6.901872642338276,62.20691272057593,400.9609375],[-6.901697041466832,62.20687315799296,399.78125],[-6.901704585179687,62.206870056688786,399.87890625],[-6.899189259856939,62.20656277611852,379.49609375],[-6.899106614291668,62.20646873116493,378.8046875],[-6.898909136652947,62.20645925961435,377.14453125],[-6.898689111694694,62.20641827210784,375.296875],[-6.898493897169828,62.20638499595225,373.65625],[-6.898298431187868,62.20635582692921,372.01171875],[-6.898068347945809,62.2063753567636,370.1171875],[-6.897919988259673,62.20643595792353,368.92578125],[-6.897745309397578,62.2064704913646,367.52734375],[-6.897573312744498,62.20650879666209,366.171875],[-6.89738379791379,62.20648960210383,364.69140625],[-6.897185482084751,62.20648909918964,363.26171875],[-6.896988088265061,62.20647971145809,361.828125],[-6.896802512928844,62.20645347610116,360.4609375],[-6.896626325324178,62.20639773644507,359.11328125],[-6.896472433581948,62.20631768926978,357.5625],[-6.896316949278116,62.20626253634691,356.0390625],[-6.896139085292816,62.20625348389149,354.55078125],[-6.895946301519871,62.20628282055259,352.4765625],[-6.895785788074136,62.20622465014458,351.84375],[-6.895635332912207,62.2061594389379,351.94140625],[-6.895497534424067,62.20610219053924,351.9453125],[-6.895348001271486,62.206043768674135,351.83984375],[-6.89515714533627,62.20602063462138,350.48046875],[-6.895017921924591,62.205974701792,350.14453125],[-6.894860174506903,62.205925500020385,349.375],[-6.894729668274522,62.20584277063608,349.5078125],[-6.894581979140639,62.20588576979935,346.62109375],[-6.894433619454503,62.20585626550019,345.30859375],[-6.89430738799274,62.20578552223742,345.12109375],[-6.894137738272548,62.20574931241572,343.58984375],[-6.894058026373386,62.205727100372314,342.7265625],[-6.894138073548675,62.205642610788345,345.7734375],[-6.894025756046176,62.20557597465813,345.19921875],[-6.893933471292257,62.205493580549955,345.20703125],[-6.893752506002784,62.20548318699002,342.19140625],[-6.893580174073577,62.20545217394829,339.68359375],[-6.893367189913988,62.205429542809725,336.34375],[-6.89314934425056,62.2054101806134,334.1953125],[-6.892943317070603,62.20538285560906,332.97265625],[-6.892758160829544,62.20535351894796,332.1484375],[-6.892541572451592,62.205336252227426,330.265625],[-6.892348788678646,62.20529149286449,329.98828125],[-6.892201686277986,62.20523055642843,331.07421875],[-6.892021810635924,62.20519141294062,330.41015625],[-6.891817962750793,62.20519635826349,327.00390625],[-6.891597434878349,62.20519627444446,323.7109375],[-6.891395347192884,62.20520105212927,320.9453125],[-6.891185464337468,62.20521463081241,317.671875],[-6.890966109931469,62.205190155655146,316.1015625],[-6.890765111893416,62.20517758280039,314.15625],[-6.890589678660035,62.20513852313161,313.640625],[-6.890375856310129,62.205119244754314,311.6484375],[-6.890165470540524,62.2051218431443,308.76953125],[-6.889974363148212,62.205137349665165,305.69140625],[-6.889766491949558,62.2051408700645,303.20703125],[-6.889558285474777,62.205145228654146,300.7109375],[-6.889362568035722,62.20516291446984,297.93359375],[-6.889148410409689,62.20514682121575,296.046875],[-6.888932073488832,62.20513332635164,293.44140625],[-6.888910112902522,62.20517423003912,291.91796875],[-6.888861916959286,62.20512586645782,292.6640625],[-6.888769129291177,62.205171547830105,290.0390625],[-6.88858606852591,62.205147575587034,288.15234375],[-6.888579027727246,62.20523240044713,285.74609375],[-6.888535022735596,62.20532912760973,282.5546875],[-6.888387585058808,62.20534631051123,280.23046875],[-6.888248445466161,62.20527816563845,280.0859375],[-6.888074856251478,62.20523566938937,278.55078125],[-6.887993719428778,62.20515486784279,279.1640625],[-6.887909229844809,62.20507490448654,279.5859375],[-6.887735472992063,62.205052860081196,277.203125],[-6.887550819665194,62.20501841045916,274.8046875],[-6.887389803305268,62.20497692003846,272.92578125],[-6.887298189103603,62.20489100553095,272.9375],[-6.887159468606114,62.204860243946314,271.171875],[-6.887102136388421,62.204761169850826,271.796875],[-6.887024603784084,62.204679949209094,271.7265625],[-6.886900803074241,62.204597890377045,270.78125],[-6.886799717321992,62.20451256260276,271.296875],[-6.886694524437189,62.20442513935268,271.6875],[-6.886550690978766,62.20435984432697,270.64453125],[-6.886522192507982,62.20425892621279,272.6875],[-6.886425297707319,62.204169323667884,273.01171875],[-6.886293701827526,62.204094137996435,272.15234375],[-6.886194376274943,62.204005708917975,272.18359375],[-6.886086333543062,62.20392524264753,271.73828125],[-6.885969657450914,62.20383966341615,271.11328125],[-6.885820711031556,62.2037713509053,269.26171875],[-6.885652653872967,62.20368920825422,267.69921875],[-6.885473113507032,62.2036590334028,264.80078125],[-6.885392898693681,62.20357202924788,264.9453125],[-6.885251412168145,62.20357504673302,262.05078125],[-6.885073883458972,62.20361058600247,257.83984375],[-6.884893421083689,62.20356658101082,255.35546875],[-6.884670630097389,62.20354210585356,252.2421875],[-6.884486982598901,62.2034933231771,250.16015625],[-6.884398888796568,62.203399278223515,250.3671875],[-6.884267963469029,62.20334278419614,249.21484375],[-6.884117759764195,62.20327111892402,247.9140625],[-6.884106695652008,62.20318009145558,249.2421875],[-6.884012902155519,62.20309853553772,248.8671875],[-6.883829506114125,62.20305369235575,246.24609375],[-6.883686678484082,62.203003484755754,244.54296875],[-6.883553825318813,62.20302334986627,241.7265625],[-6.883500935509801,62.20311270095408,239.00390625],[-6.883314354345202,62.20315075479448,234.72265625],[-6.883154343813658,62.20312242396176,232.79296875],[-6.882974300533533,62.203134493902326,229.734375],[-6.882832814007998,62.20309501513839,228.4453125],[-6.882615890353918,62.203064924106,225.8515625],[-6.882420340552926,62.20305955968797,223.19921875],[-6.882278183475137,62.203003568574786,222.9140625],[-6.882136696949601,62.202944392338395,222.69140625],[-6.881995880976319,62.202877420932055,223.59765625],[-6.881777616217732,62.20285093411803,222.10546875],[-6.881576785817742,62.20285068266094,219.92578125],[-6.881457092240453,62.202783208340406,221.66015625],[-6.881309319287539,62.20275194384158,221.58984375],[-6.881082002073526,62.202757727354765,219.2734375],[-6.880935067310929,62.20271187834442,219.7109375],[-6.88074354082346,62.20267784781754,219.31640625],[-6.880554612725973,62.202682038769126,217.66015625],[-6.880404576659203,62.202611127868295,219.11328125],[-6.880228975787759,62.20260710455477,217.83203125],[-6.880063097923994,62.202557902783155,218.265625],[-6.879892442375422,62.202523117884994,217.8984375],[-6.879697311669588,62.202498223632574,216.66796875],[-6.879495643079281,62.20248933881521,214.78515625],[-6.879327418282628,62.20247894525528,213.30859375],[-6.879310486838222,62.202523620799184,211.6015625],[-6.879259776324034,62.20249705016613,211.95703125],[-6.879051569849253,62.20248053781688,210.4609375],[-6.878915531560779,62.20251859165728,208.05078125],[-6.878778906539083,62.20246804878116,208.546875],[-6.878624008968473,62.20240904018283,209.12109375],[-6.878481432795525,62.202343326061964,209.9609375],[-6.878334162756801,62.20227870158851,210.671875],[-6.878256294876337,62.202221704646945,211.53515625],[-6.878067785874009,62.20219513401389,209.8984375],[-6.877873074263334,62.20215942710638,208.4453125],[-6.877654558047652,62.202156661078334,205.66015625],[-6.877464624121785,62.20212682150304,204.05078125],[-6.877271672710776,62.20209647901356,202.1875],[-6.87709104269743,62.2020479477942,201.1015625],[-6.876965565606952,62.20197603106499,201.5],[-6.876831706613302,62.20191467553377,201.3984375],[-6.876624170690775,62.2018819861114,199.26171875],[-6.876484695822001,62.20182775519788,198.65234375],[-6.876341113820672,62.20176606439054,198.1796875],[-6.876242207363248,62.20168492756784,198.9765625],[-6.876113712787628,62.201619716361165,198.8046875],[-6.875939117744565,62.20157939940691,197.125],[-6.875650444999337,62.201527347788215,192.98828125],[-6.875489093363285,62.2014813311398,190.7109375],[-6.87534861266613,62.20141863450408,189.31640625],[-6.875190446153283,62.20135426148772,187.51953125],[-6.875041918829083,62.20129407942295,185.765625],[-6.874905880540609,62.20122660510242,184.7734375],[-6.874737488105893,62.201162399724126,183.421875],[-6.874556774273515,62.20112845301628,181.1015625],[-6.874393410980701,62.20108285546303,179.30859375],[-6.874212697148323,62.20103910192847,177.12890625],[-6.874028295278549,62.20101177692413,174.40234375],[-6.873844480141997,62.20102074556053,170.86328125],[-6.873668795451522,62.201012782752514,167.80859375],[-6.873516915366054,62.201061230152845,164.16015625],[-6.873372327536345,62.20102678053081,162.1484375],[-6.873233523219824,62.20095947384834,161.1015625],[-6.873143585398793,62.20094463787973,160.09765625],[-6.873089103028178,62.200934160500765,159.50390625],[-6.872893217951059,62.20091546885669,157.04296875],[-6.872741337865591,62.20086299814284,155.62109375],[-6.872586272656918,62.20080734230578,154.09765625],[-6.872385106980801,62.200781777501106,151.2734375],[-6.872242446988821,62.200717739760876,149.71484375],[-6.872082352638245,62.200660994276404,147.83203125],[-6.87191161327064,62.200631238520145,145.4609375],[-6.871798457577825,62.20054700039327,144.80859375],[-6.871736263856292,62.20046586357057,144.96484375],[-6.871642470359802,62.20038514584303,144.1171875],[-6.871518921107054,62.20031180419028,142.4765625],[-6.871373662725091,62.20024240203202,140.51171875],[-6.871230835095048,62.200178699567914,138.58984375],[-6.871078871190548,62.20012572593987,136.5078125],[-6.870952975004911,62.20005045644939,134.9453125],[-6.870844094082713,62.19996890053153,133.6953125],[-6.870708391070366,62.19991961494088,132.0078125],[-6.870544776320458,62.19986923970282,129.9453125],[-6.870369929820299,62.199831772595644,127.65234375],[-6.870214529335499,62.19977427273989,125.69140625],[-6.870112689211965,62.19969724304974,124.5390625],[-6.869959216564894,62.19963748008013,122.66796875],[-6.86983491294086,62.19957017339766,121.55859375],[-6.869648834690452,62.19952021725476,119.7109375],[-6.869495362043381,62.19947529025376,118.18359375],[-6.869357647374272,62.19943245872855,116.80859375],[-6.869192607700825,62.199364732950926,115.14453125],[-6.868985239416361,62.1993229072541,113.36328125],[-6.868796395137906,62.199273873120546,111.81640625],[-6.868633031845093,62.199215702712536,110.49609375],[-6.868474781513214,62.199138421565294,109.234375],[-6.868300270289183,62.1991519164294,107.8828125],[-6.868190886452794,62.199215618893504,107.0234375],[-6.868012016639113,62.19925685785711,105.6015625],[-6.867869775742292,62.19931804575026,104.4375],[-6.867706077173352,62.19926624558866,103.17578125],[-6.867523184046149,62.199303628876805,101.68359375],[-6.867366442456842,62.19934788532555,100],[-6.867187572643161,62.19936238601804,97.953125],[-6.867057653144002,62.1993313729763,96.55859375],[-6.86691876500845,62.19928225502372,95.13671875],[-6.866724221035838,62.19926716759801,93.03125],[-6.866529006510973,62.19927881844342,90.60546875],[-6.866353489458561,62.19923011958599,88.46875],[-6.866190880537033,62.199179073795676,86.45703125],[-6.866010585799813,62.199150742962956,84.12109375],[-6.865830877795816,62.199122831225395,81.765625],[-6.865642033517361,62.19907773658633,79.7421875],[-6.865444052964449,62.19906239770353,77.62109375],[-6.865247748792172,62.19905074685812,75.515625],[-6.865129061043263,62.19898075796664,74.31640625],[-6.864973492920399,62.198937172070146,72.6796875],[-6.864799819886684,62.198881013318896,70.74609375],[-6.864606449380517,62.198840864002705,68.5],[-6.864404110237956,62.19882778823376,66.11328125],[-6.864197663962841,62.19880884513259,63.64453125],[-6.864033881574869,62.198737347498536,62.33203125],[-6.863903040066361,62.19878118485212,61.2421875],[-6.863666754215956,62.19881881959736,59.62890625],[-6.863622833043337,62.19888277351856,59.46484375],[-6.863399622961879,62.198894675821066,57.88671875],[-6.863208180293441,62.19886953011155,56.578125],[-6.863016402348876,62.19883575104177,55.34765625],[-6.862849770113826,62.19879375770688,54.24609375],[-6.862687664106488,62.19880289398134,53.29296875],[-6.862511895596981,62.198784202337265,52.1953125],[-6.862312573939562,62.19878353178501,50.99609375],[-6.862144432961941,62.1987425442785,49.90625],[-6.862046364694834,62.19867263920605,49.1875],[-6.861874451860786,62.198597118258476,47.97265625],[-6.861715698614717,62.19854976050556,46.87109375],[-6.861539678648114,62.198495445773005,45.44140625],[-6.861374387517571,62.19844180159271,43.9453125],[-6.861175065860152,62.198409363627434,42.19921875],[-6.860983204096556,62.19835001975298,40.359375],[-6.860835766419768,62.19831196591258,38.9375],[-6.860987143591046,62.19825295731425,39.97265625],[-6.861025113612413,62.19815840944648,39.90625],[-6.860896786674857,62.19808339141309,38.4140625],[-6.860746247693896,62.19801616854966,36.41796875],[-6.860573161393404,62.19798649661243,34],[-6.860461682081223,62.19792941585183,32.265625],[-6.860455060377717,62.19784526154399,32.109375],[-6.86042538844049,62.19776135869324,31.66796875],[-6.860587829723954,62.19774333760142,33.66796875],[-6.860413150861859,62.19770109280944,31.4765625],[-6.860238471999764,62.197661278769374,29.35546875],[-6.860089357942343,62.19759799540043,27.609375],[-6.859938651323319,62.197541669011116,26.125],[-6.859763469547033,62.197474613785744,24.9453125],[-6.859585270285606,62.197414599359035,23.734375],[-6.859389133751392,62.19743664376438,22.29296875],[-6.859176401048899,62.197428261861205,20.76953125],[-6.859079673886299,62.19737285748124,20.5546875],[-6.859084535390139,62.197274873033166,20.66015625],[-6.859127450734377,62.19718183390796,20.84765625],[-6.859094426035881,62.1971055585891,20.85546875],[-6.858890829607844,62.197081334888935,20.421875],[-6.858700476586819,62.1970331389457,20.02734375],[-6.858518170192838,62.19697781838477,19.58203125],[-6.858298480510712,62.19693649560213,18.97265625],[-6.858088513836265,62.196893244981766,18.71875],[-6.857885755598545,62.196857118979096,18.4765625],[-6.85769104398787,62.1968481503427,18.2421875],[-6.857481831684709,62.19683105126023,17.9921875],[-6.857284940779209,62.19681613147259,17.75390625],[-6.857066592201591,62.19680783338845,17.4921875],[-6.856859475374222,62.196781849488616,17.24609375],[-6.856744224205613,62.196733485907316,17.10546875],[-6.856699883937836,62.19662871211767,17.0546875],[-6.856676666066051,62.19654154032469,17.0234375],[-6.856628134846687,62.196455458179116,16.94140625],[-6.856569964438677,62.196365939453244,16.8046875],[-6.856516655534506,62.196279019117355,16.66796875],[-6.856447923928499,62.19618799164891,16.57421875],[-6.856350777670741,62.196106016635895,16.39453125],[-6.85627743601799,62.19601976685226,16.2578125],[-6.856191353872418,62.19593510963023,16.0625],[-6.856107199564576,62.19583502970636,15.86328125],[-6.856005191802979,62.19575456343591,15.57421875],[-6.855924222618341,62.19565875828266,15.33203125],[-6.855824394151568,62.195557756349444,15.00390625],[-6.855738898739219,62.19545868225396,14.796875],[-6.85565147548914,62.19536212272942,15.1171875],[-6.855553826317191,62.19526573084295,15.53125],[-6.855472018942237,62.19517922960222,15.890625],[-6.855360539630055,62.195083508268,16.20703125],[-6.855241768062115,62.19499968923628,16.39453125],[-6.855126852169633,62.19491100870073,16.59765625],[-6.854993160814047,62.19483909197152,16.60546875],[-6.854862738400698,62.19476122409105,16.5390625],[-6.854728208854795,62.19467153772712,16.421875],[-6.854601558297873,62.19459350220859,16.25],[-6.854460658505559,62.19452116638422,16.23828125],[-6.854323614388704,62.19444329850376,16.23828125],[-6.854190258309245,62.19436434097588,16.20703125],[-6.854048101231456,62.194286389276385,16.26953125],[-6.853913068771362,62.194208689033985,16.328125],[-6.853795973584056,62.19413132406771,16.375],[-6.853654319420457,62.19404716975987,16.26953125],[-6.853533536195755,62.193955136463046,16.21484375],[-6.85338182374835,62.19387659803033,15.8203125],[-6.853234888985753,62.193797724321485,15.453125],[-6.853088457137346,62.19371147453785,15.28515625],[-6.852956777438521,62.193635953590274,15.14453125],[-6.852817134931684,62.19355615787208,14.96484375],[-6.852677073329687,62.193479631096125,14.7265625],[-6.852554110810161,62.19340067356825,14.56640625],[-6.85240994207561,62.193311490118504,14.4296875],[-6.852272814139724,62.1932303532958,14.375],[-6.852123448625207,62.193156173452735,14.2578125],[-6.851988835260272,62.193072689697146,14.29296875],[-6.851863525807858,62.192996330559254,14.34765625],[-6.851739808917046,62.1929229889065,14.41796875],[-6.851613409817219,62.192848809063435,14.4375],[-6.851493129506707,62.19276457093656,14.46484375],[-6.851364048197866,62.19268376938999,14.4296875],[-6.851206300780177,62.19259751960635,14.29296875],[-6.851089289411902,62.192519484087825,14.29296875],[-6.850958280265331,62.19243180938065,14.296875],[-6.850832300260663,62.19235553406179,14.23828125],[-6.850773207843304,62.192340111359954,14.11328125],[-6.850560642778873,62.192256627604365,13.91015625],[-6.850435920059681,62.19218177720904,14.01171875],[-6.850119670853019,62.192076249048114,13.71875],[-6.84969998896122,62.1918076928705,14.45703125],[-6.849190453067422,62.19154584221542,14.82421875],[-6.848726933822036,62.19135917723179,14.72265625],[-6.84863674454391,62.19134073704481,14.5546875],[-6.848128465935588,62.19117318280041,14.1015625],[-6.848090495914221,62.19094972126186,15.76171875],[-6.847993852570653,62.1909146849066,15.64453125],[-6.848123352974653,62.190835140645504,16.82421875],[-6.848128885030747,62.19074302352965,17.59765625],[-6.848160903900862,62.19064084812999,18.5703125],[-6.848150258883834,62.190540013834834,19.34375],[-6.848277412354946,62.19046516343951,20.55859375],[-6.84840951114893,62.190375812351704,22.34375],[-6.848562648519874,62.190320659428835,23.90625],[-6.848738919943571,62.19028051011264,25.38671875],[-6.848935475572944,62.190263494849205,26.63671875],[-6.849110908806324,62.19022401608527,28.13671875],[-6.849265052005649,62.1902069170028,29.1953125],[-6.849450543522835,62.190175736323,30.6484375],[-6.849642656743527,62.190150590613484,32.0546875],[-6.84980551712215,62.190106669440866,33.6328125],[-6.84977768920362,62.19005914404988,34.26953125],[-6.849796129390597,62.18997255899012,35.80078125],[-6.849826723337174,62.18990466557443,37.08984375],[-6.84986368753016,62.189814392477274,38.796875],[-6.849958570674062,62.189731327816844,40.73046875],[-6.849926384165883,62.18963677994907,42.125],[-6.849884977564216,62.18954927287996,43.55859375],[-6.84981725178659,62.18945246189833,45.12890625],[-6.849731002002955,62.189360009506345,46.49609375],[-6.849705521017313,62.1892673894763,48.234375],[-6.849657744169235,62.18917359597981,49.86328125],[-6.849595131352544,62.18909195624292,51.15234375],[-6.849574176594615,62.18899078667164,53.08984375],[-6.849602172151208,62.18890093266964,55.09375],[-6.84950745664537,62.18881870619953,56.203125],[-6.849489016458392,62.18871376477182,58.44140625],[-6.849388349801302,62.188641680404544,59.51171875],[-6.849375106394291,62.18854520469904,61.6875],[-6.849342836067081,62.18845811672509,63.50390625],[-6.849300088360906,62.188363149762154,65.4140625],[-6.849239571020007,62.188269440084696,67.13671875],[-6.849156087264419,62.1881827712059,68.4921875],[-6.849202942103148,62.18809920363128,70.76953125],[-6.849194308742881,62.188011864200234,72.703125],[-6.849216436967254,62.18792117200792,75.0234375],[-6.849172934889793,62.18783467076719,76.83984375],[-6.849104957655072,62.18775713816285,78.171875],[-6.849053325131536,62.18766652978957,79.9375],[-6.84902080334723,62.1875714790076,81.96484375],[-6.848938912153244,62.18747525475919,83.48046875],[-6.848957603797317,62.187428902834654,84.8046875],[-6.84887227602303,62.18733846209943,86.0625],[-6.848770519718528,62.18723863363266,87.29296875],[-6.848682090640068,62.18713947571814,88.57421875],[-6.848586872220039,62.18704769387841,89.75390625],[-6.848547896370292,62.18695800751448,91.62109375],[-6.848378079012036,62.18689321540296,91.12109375],[-6.848253104835749,62.18682079575956,91.39453125],[-6.848145313560963,62.186725325882435,92.42578125],[-6.848050011321902,62.186643183231354,93.2109375],[-6.847969461232424,62.186571434140205,93.875],[-6.847981447353959,62.186476634815335,96.28125],[-6.848039114847779,62.18638837337494,99.1796875],[-6.848087143152952,62.186299692839384,101.9921875],[-6.848153946921229,62.186205396428704,105.8046875],[-6.848191246390343,62.18611101619899,109.390625],[-6.848255787044764,62.18602795153856,113.01953125],[-6.848320076242089,62.18593591824174,116.94921875],[-6.848337342962623,62.18584950082004,120.015625],[-6.84845007956028,62.18576400540769,124.546875],[-6.84852484613657,62.18568001873791,128.4375],[-6.848439518362284,62.1856030728668,129.6015625],[-6.848278837278485,62.185546243563294,128.94140625],[-6.848185127601028,62.185451947152615,130.53125],[-6.848160568624735,62.18535337597132,133.97265625],[-6.84822041541338,62.185262432321906,138.4296875],[-6.84833625331521,62.185180792585015,143.2578125],[-6.848411858081818,62.185094710439444,147.70703125],[-6.848436752334237,62.18500401824713,151.55078125],[-6.848394256085157,62.1849156729877,154.30078125],[-6.848384449258447,62.184821125119925,157.78125],[-6.848478745669127,62.18472808599472,162.72265625],[-6.848538424819708,62.184640830382705,166.91796875],[-6.848575975745916,62.18455131165683,171.30859375],[-6.848622662946582,62.18446514569223,175.85546875],[-6.848506992682815,62.184418039396405,176.44140625],[-6.848466591909528,62.184356432408094,178.7421875],[-6.848406996577978,62.18427470885217,181.76171875],[-6.84833231382072,62.18419005163014,184.7890625],[-6.848292499780655,62.18409181572497,188.953125],[-6.848243130370975,62.18399609439075,192.90234375],[-6.848127208650112,62.18391680158675,195.36328125],[-6.848146738484502,62.183812614530325,200.453125],[-6.848176494240761,62.183728544041514,204.61328125],[-6.848207423463464,62.18364137224853,208.84765625],[-6.848195856437087,62.18357088044286,211.88671875],[-6.848208848387003,62.18349074944854,215.60546875],[-6.848112875595689,62.18340718187392,218.4140625],[-6.84813198633492,62.18330073170364,223.38671875],[-6.848227037116885,62.183211045339704,228.29296875],[-6.848147073760629,62.18315270729363,230.18359375],[-6.848101895302534,62.18309856019914,232.21484375],[-6.848019668832421,62.18301482498646,235.28515625],[-6.847982201725245,62.18291466124356,239.17578125],[-6.847894443199039,62.18284718692303,240.796875],[-6.847937777638435,62.18275934457779,244.203125],[-6.847943728789687,62.182675609365106,247.15625],[-6.84801665134728,62.18258818611503,250.73046875],[-6.848055711016059,62.182487016543746,254.5],[-6.847956385463476,62.18239129520953,257.1171875],[-6.847856137901545,62.18231661245227,259.046875],[-6.847748178988695,62.182230949401855,261.359375],[-6.8476218637079,62.18217789195478,262.44921875],[-6.8475994002074,62.182123493403196,264.25],[-6.847646590322256,62.18201234936714,269.0859375],[-6.847608285024762,62.181939678266644,271.83984375],[-6.847624629735947,62.1818676777184,274.9296875],[-6.847560172900558,62.18179333023727,277.53125],[-6.847472162917256,62.181691490113735,281.03125],[-6.847356576472521,62.18160817399621,283.51171875],[-6.847322965040803,62.18151488341391,287.03125],[-6.847311649471521,62.18144162558019,289.91015625],[-6.847428241744638,62.18136040493846,294.171875],[-6.847604513168335,62.18130994588137,297.82421875],[-6.847573416307569,62.18122939579189,300.96484375],[-6.847519017755985,62.18114490620792,304.09375],[-6.847438216209412,62.18106921762228,306.58984375],[-6.847293125465512,62.18100341968238,308.02734375],[-6.84723193757236,62.18093594536185,310.27734375],[-6.8471659719944,62.180854473263025,313.03125],[-6.847177036106587,62.18083041720092,314.15234375],[-6.847094809636474,62.180753806605935,316.48046875],[-6.847003530710936,62.18066864646971,319.00390625],[-6.846914011985064,62.180578876286745,321.671875],[-6.846754504367709,62.180513413622975,322.46484375],[-6.846642773598433,62.180420039221644,324.41796875],[-6.846564151346684,62.18035742640495,324.8984375],[-6.846489468589425,62.18031585216522,324.9296875],[-6.846631374210119,62.180288191884756,327.59375],[-6.846758695319295,62.18022624962032,330.64453125],[-6.84679901227355,62.18013103120029,333.43359375],[-6.846737572923303,62.180053666234016,334.70703125],[-6.846822230145335,62.17997621744871,337.4765625],[-6.846859026700258,62.17988292686641,340.1171875],[-6.846854919567704,62.17979525215924,342.21484375],[-6.846939995884895,62.17973590828478,344.421875],[-6.846893224865198,62.179646557196975,346.16796875],[-6.846862379461527,62.17956240288913,347.5625],[-6.846722736954689,62.17950071208179,347.51953125],[-6.846660962328315,62.1794137917459,348.60546875],[-6.846670936793089,62.17933248728514,350.140625],[-6.84660698287189,62.17924757860601,351.16015625],[-6.846526935696602,62.179192174226046,351.55859375],[-6.846444960683584,62.17912344262004,352.26953125],[-6.846341192722321,62.17904490418732,353.109375],[-6.846331134438515,62.17896678484976,354.63671875],[-6.846337337046862,62.178869219496846,356.66015625],[-6.846338761970401,62.17877232469618,358.55078125],[-6.84629475697875,62.17868087813258,359.328125],[-6.84623759239912,62.17860887758434,359.828125],[-6.846262067556381,62.17851064167917,361.0078125],[-6.846261061728001,62.178419111296535,361.9921875],[-6.846313867717981,62.178328251466155,363.23046875],[-6.846288805827498,62.178239738568664,364.06640625],[-6.846315376460552,62.17815441079438,365.11328125],[-6.846355777233839,62.178069753572345,366.22265625],[-6.846303893253207,62.17797822318971,366.96484375],[-6.846306156367064,62.17789566144347,367.3828125],[-6.846255613490939,62.17780312523246,367.30859375],[-6.846204148605466,62.17773933894932,367.19140625],[-6.846195012331009,62.17764931730926,367.3203125],[-6.846172213554382,62.17755502089858,367.3984375],[-6.846178583800793,62.177460473030806,367.60546875],[-6.846112115308642,62.17737992294133,367.49609375],[-6.846059393137693,62.17729300260544,367.46484375],[-6.845967946574092,62.17721379362047,367.28515625],[-6.845893179997802,62.17712653800845,367.20703125],[-6.845841044560075,62.17704204842448,366.77734375],[-6.845851857215166,62.17695102095604,366.4921875],[-6.845819754526019,62.1768528688699,366.015625],[-6.845839619636536,62.17676100321114,365.765625],[-6.845799637958407,62.17667902819812,365.30078125],[-6.84581003151834,62.17659034766257,365.0234375],[-6.845726380124688,62.17651365324855,364.37109375],[-6.845644069835544,62.17647844925523,363.8671875],[-6.845582546666265,62.1764625236392,363.52734375],[-6.845491183921695,62.1763692330569,362.73046875],[-6.84540250338614,62.176278876140714,361.953125],[-6.845249533653259,62.176207043230534,361.18359375],[-6.845217682421207,62.176116183400154,360.96875],[-6.845197733491659,62.17602892778814,360.8125],[-6.845132522284985,62.175937816500664,360.375],[-6.845067562535405,62.17584737576544,359.91015625],[-6.845083823427558,62.17575483955443,359.921875],[-6.845139982178807,62.17566926032305,360.20703125],[-6.845119530335069,62.17557999305427,360],[-6.845063203945756,62.17549240216613,359.52734375],[-6.845017438754439,62.175394501537085,359.4921875],[-6.844898667186499,62.175309928134084,359.140625],[-6.844773860648274,62.175237676128745,358.67578125],[-6.844635978341103,62.175190821290016,357.96484375],[-6.844577137380838,62.17510046437383,358.08203125],[-6.844602283090353,62.175011867657304,358.796875],[-6.844619633629918,62.174926875159144,359.4296875],[-6.844647545367479,62.1748324111104,360.19921875],[-6.844674786552787,62.174741216003895,360.94140625],[-6.844609742984176,62.174640130251646,361.08203125],[-6.844547381624579,62.17454893514514,361.0078125],[-6.844498096033931,62.17446017079055,360.94140625],[-6.844407739117742,62.17437584884465,360.51171875],[-6.844383431598544,62.17428230680525,360.60546875],[-6.844366919249296,62.1741936262697,360.734375],[-6.844308497384191,62.17410955578089,360.48046875],[-6.844282429665327,62.17401592992246,360.51171875],[-6.844243369996548,62.173926159739494,360.3984375],[-6.844204058870673,62.173837730661035,360.2578125],[-6.84409299865365,62.17375935986638,359.6171875],[-6.844131136313081,62.173671098425984,360.3125],[-6.844175225123763,62.173579316586256,361.09765625],[-6.844231300055981,62.173493737354875,362.0234375],[-6.844291565939784,62.173406733199954,362.9765625],[-6.84433925896883,62.17331218533218,363.83984375],[-6.844319142401218,62.173223588615656,364.06640625],[-6.8442786578089,62.17313624918461,364.11328125],[-6.844249991700053,62.17304580844939,364.2890625],[-6.844107834622264,62.17297565191984,363.48828125],[-6.843969700857997,62.17290909960866,363.1171875],[-6.843964587897062,62.172813545912504,364.23046875],[-6.843866016715765,62.172736851498485,364.44140625],[-6.843830225989223,62.172668036073446,365.0078125],[-6.843784628435969,62.17257424257696,365.8046875],[-6.843744730576873,62.172485226765275,366.5859375],[-6.843752022832632,62.17238388955593,367.85546875],[-6.843783622607589,62.172283893451095,369.28515625],[-6.843766607344151,62.17218926176429,370.30078125],[-6.843739869073033,62.17209303751588,371.30859375],[-6.843695864081383,62.171988263726234,372.4296875],[-6.843661079183221,62.171881226822734,373.63671875],[-6.843636352568865,62.171782152727246,374.80078125],[-6.843583881855011,62.17169062234461,375.640625],[-6.8435222748667,62.17159900814295,376.39453125],[-6.843451280146837,62.17150378972292,377.10546875],[-6.84334340505302,62.17141284607351,377.43359375],[-6.843239553272724,62.171320812776685,378.10546875],[-6.843228740617633,62.171221571043134,379.4140625],[-6.843236284330487,62.17113205231726,380.70703125],[-6.843195967376232,62.17103725299239,381.796875],[-6.843234356492758,62.170952847227454,383.203125],[-6.843149699270725,62.17086961492896,383.80859375],[-6.843090439215303,62.17078252695501,384.58203125],[-6.843077782541513,62.17069325968623,385.68359375],[-6.843060348182917,62.170593682676554,386.87109375],[-6.843002261593938,62.17050357721746,387.58984375],[-6.842890111729503,62.17042193748057,387.640625],[-6.842762622982264,62.170349853113294,387.34765625],[-6.842679809778929,62.1702682133764,387.53125],[-6.842567911371589,62.17018213123083,387.5234375],[-6.842445451766253,62.17009705491364,387.32421875],[-6.842380994930863,62.170003931969404,387.66015625],[-6.842317376285791,62.16991709545255,387.92578125],[-6.842189468443394,62.169829085469246,387.5078125],[-6.842062147334218,62.16974853537977,386.9921875],[-6.8419249355793,62.169685838744044,386.16015625],[-6.841788478195667,62.16961191035807,385.41015625],[-6.84165914542973,62.16954208910465,384.609375],[-6.841522185131908,62.16947997920215,383.92578125],[-6.841434761881828,62.16938987374306,383.8515625],[-6.841305596753955,62.16933120042086,383.11328125],[-6.841253293678165,62.169246543198824,383.2421875],[-6.841165283694863,62.16916875913739,382.94921875],[-6.841170145198703,62.16908317990601,383.59375],[-6.841115998104215,62.16899869032204,383.62890625],[-6.841042991727591,62.16889299452305,383.5859375],[-6.840989515185356,62.16879442334175,383.66015625],[-6.840914413332939,62.168689984828234,382.99609375],[-6.840814417228103,62.168604573234916,382.0625],[-6.84072389267385,62.16851689852774,381.33203125],[-6.840677540749311,62.16844171285629,380.96484375],[-6.840654741972685,62.16834381222725,380.81640625],[-6.840653317049146,62.16825085692108,380.8671875],[-6.840625153854489,62.168165193870664,380.63671875],[-6.840613083913922,62.168069053441286,380.5703125],[-6.84061199426651,62.167980624362826,380.609375],[-6.840562289580703,62.16788942925632,379.61328125],[-6.84050646610558,62.167798820883036,378.359375],[-6.840434800833464,62.16769991442561,376.87109375],[-6.840455504134297,62.16760804876685,376.43359375],[-6.840407392010093,62.167523726820946,375.3046875],[-6.840459443628788,62.16743990778923,375.265625],[-6.840444607660174,62.16734703630209,374.43359375],[-6.840435136109591,62.16725265607238,373.65234375],[-6.840412588790059,62.167158192023635,372.73046875],[-6.840445278212428,62.167068254202604,372.42578125],[-6.840439159423113,62.166970605030656,371.64453125],[-6.840494479984045,62.16688083484769,371.50390625],[-6.840401859954,62.166799027472734,370.05078125],[-6.840361207723618,62.166761895641685,369.4296875],[-6.84056312777102,62.166758961975574,371.171875],[-6.840760437771678,62.166767260059714,372.96484375],[-6.84090225957334,62.166717471554875,373.5390625],[-6.841050619259477,62.1666419506073,373.66015625],[-6.841191099956632,62.16657171025872,373.73046875],[-6.841373490169644,62.16653399169445,374.3359375],[-6.841580858454108,62.166508259251714,375.17578125],[-6.84179644100368,62.16648713685572,376.08203125],[-6.841976065188646,62.16644220985472,376.46875],[-6.842149067670107,62.16639066115022,376.6875],[-6.842318968847394,62.16634640470147,376.9375],[-6.842510243877769,62.166300220414996,377.203125],[-6.84272775426507,62.16627264395356,377.625],[-6.842953311279416,62.16628907248378,378.640625],[-6.843145759776235,62.16625093482435,378.83984375],[-6.843338124454022,62.16621061787009,378.98046875],[-6.843517078086734,62.166162421926856,378.73828125],[-6.843676082789898,62.16610752046108,378.33984375],[-6.843852186575532,62.166062174364924,378.08203125],[-6.844019405543804,62.166014313697815,377.75],[-6.844210848212242,62.16598900035024,377.7265625],[-6.844379240646958,62.16593284159899,377.05078125],[-6.844576131552458,62.165907360613346,376.80859375],[-6.844775453209877,62.165907863527536,376.96484375],[-6.84496178291738,62.165872156620026,376.46875],[-6.845107628032565,62.16581373475492,375.5703125],[-6.845231596380472,62.16575204394758,374.609375],[-6.845385236665607,62.16568532399833,373.58984375],[-6.845539631322026,62.16562036424875,372.60546875],[-6.845674579963088,62.165561858564615,371.71484375],[-6.845849342644215,62.165512992069125,371],[-6.846046149730682,62.165488516911864,370.34765625],[-6.846229629591107,62.16545498929918,369.49609375],[-6.84640908613801,62.165415678173304,368.6328125],[-6.84654881246388,62.165341414511204,367.22265625],[-6.846689209342003,62.165279388427734,366.015625],[-6.84684444218874,62.165217781439424,364.92578125],[-6.847005877643824,62.16516631655395,363.98046875],[-6.847206791862845,62.1651204675436,363.08984375],[-6.847365293651819,62.16506715863943,362.0625],[-6.847465541213751,62.16498903930187,360.6015625],[-6.847674166783691,62.16495425440371,359.48046875],[-6.847843984141946,62.16489843092859,357.96875],[-6.848027296364307,62.16486616060138,356.82421875],[-6.848235670477152,62.16485367156565,355.96484375],[-6.848436668515205,62.16482441872358,355],[-6.848611766472459,62.16477630659938,353.83984375],[-6.848784685134888,62.1647338103503,352.7734375],[-6.848917873576284,62.16467279009521,351.3359375],[-6.849110992625356,62.16464797966182,350.5859375],[-6.849311320111156,62.16462727636099,349.71875],[-6.849399916827679,62.16454865410924,347.99609375],[-6.849528830498457,62.164457542821765,345.859375],[-6.849650116637349,62.16438260860741,343.97265625],[-6.849744245409966,62.16429158113897,341.77734375],[-6.849847258999944,62.164206421002746,339.59765625],[-6.850009113550186,62.16414506547153,337.578125],[-6.850146241486073,62.164065605029464,335.140625],[-6.850245650857687,62.16399100609124,332.95703125],[-6.850409936159849,62.16393643990159,330.8203125],[-6.850587548688054,62.16388665139675,328.66796875],[-6.850780164822936,62.16389201581478,327.69140625],[-6.850959453731775,62.16393459588289,327.70703125],[-6.851052409037948,62.163862427696586,325.40625],[-6.851130276918411,62.163776429370046,322.88671875],[-6.851190375164151,62.163684563711286,320.69921875],[-6.851315600797534,62.163605438545346,318.40625],[-6.851420626044273,62.1635196916759,316.12890625],[-6.85153872705996,62.16343444772065,313.8125],[-6.851627491414547,62.163345851004124,311.62109375],[-6.851757494732738,62.1632622834295,309.37109375],[-6.851871488615871,62.16317712329328,307.1875],[-6.851940136402845,62.1630844194442,305.078125],[-6.851956732571125,62.163017028942704,303.703125],[-6.851927479729056,62.16300319880247,303.578125],[-6.852014400064945,62.16293019242585,301.87109375],[-6.852186396718025,62.16288543306291,300.390625],[-6.852343138307333,62.162834387272596,298.90625],[-6.852460904046893,62.16276599094272,297.37109375],[-6.852591494098306,62.16269734315574,296.05078125],[-6.852669445797801,62.162615871056914,294.68359375],[-6.852855272591114,62.16257957741618,293.71484375],[-6.852999106049538,62.16252911835909,292.5859375],[-6.853175545111299,62.16247673146427,291.296875],[-6.853342177346349,62.162441024556756,290.26953125],[-6.853419961407781,62.16236215084791,288.73828125],[-6.853486513718963,62.16228302568197,287.1796875],[-6.853623474016786,62.162213288247585,285.51953125],[-6.853791950270534,62.16215780004859,283.9296875],[-6.853944584727287,62.16209384612739,282.203125],[-6.854092609137297,62.16203508898616,280.609375],[-6.854264689609408,62.16200784780085,279.62890625],[-6.854475913569331,62.1619947720319,278.88671875],[-6.854656459763646,62.161952862516046,277.69921875],[-6.85482082888484,62.16190625913441,276.46484375],[-6.855018641799688,62.1618705522269,275.3125],[-6.855186028406024,62.16181238181889,273.66015625],[-6.855351654812694,62.16177047230303,272.30859375],[-6.855398593470454,62.16167801991105,270.4765625],[-6.855477802455425,62.161583974957466,268.49609375],[-6.855684081092477,62.16153133660555,266.8046875],[-6.85587870888412,62.161502838134766,265.58984375],[-6.85608247295022,62.16147341765463,264.328125],[-6.856204681098461,62.16141105629504,262.765625],[-6.856258576735854,62.16132028028369,260.93359375],[-6.85640542767942,62.16125917620957,259.3046875],[-6.856511207297444,62.161184661090374,257.58203125],[-6.856542387977243,62.16111358255148,256.1875],[-6.856625284999609,62.16102314181626,254.26171875],[-6.856774818152189,62.16094762086868,252.16015625],[-6.856936840340495,62.16088584624231,250.1640625],[-6.857065418735147,62.16080957092345,248.05078125],[-6.857170360162854,62.16072902083397,245.96484375],[-6.857217717915773,62.160637490451336,243.9765625],[-6.857311008498073,62.16055551543832,241.88671875],[-6.857468672096729,62.16048577800393,239.625],[-6.857548216357827,62.16040103696287,237.515625],[-6.857642848044634,62.16032073833048,235.37890625],[-6.857764469459653,62.160240691155195,233.0546875],[-6.857913583517075,62.16017606668174,230.828125],[-6.858073007315397,62.160120997577906,228.703125],[-6.858203765004873,62.16005687601864,226.5546875],[-6.858390429988504,62.16001655906439,224.2109375],[-6.858500903472304,62.159943049773574,221.51953125],[-6.858561169356108,62.15985302813351,219.02734375],[-6.858660746365786,62.15977490879595,216.359375],[-6.858790414407849,62.15969528071582,213.33203125],[-6.85888035222888,62.15960978530347,210.4921875],[-6.858968613669276,62.159528229385614,207.28515625],[-6.859046146273613,62.15943820774555,203.96484375],[-6.859105573967099,62.15934382751584,200.71484375],[-6.85917891561985,62.15925741009414,197.53515625],[-6.859203558415175,62.15917032212019,194.86328125],[-6.859246054664254,62.15908189304173,191.9609375],[-6.859303303062916,62.15899338014424,188.8984375],[-6.859369603917003,62.15891526080668,186.02734375],[-6.859448980540037,62.158844685181975,183.21875],[-6.859509414061904,62.158772768452764,180.4765625],[-6.859607817605138,62.15868467465043,176.5703125],[-6.859730193391442,62.158616445958614,173.10546875],[-6.859821053221822,62.1585307829082,169.45703125],[-6.85988643206656,62.15844587422907,166.125],[-6.859949883073568,62.158353589475155,162.609375],[-6.860045520588756,62.15827387757599,159.109375],[-6.860114587470889,62.1581888012588,155.69140625],[-6.860218942165375,62.158109340816736,152.07421875],[-6.860293038189411,62.15802954509854,148.80078125],[-6.860369984060526,62.15794228948653,145.35546875],[-6.860416671261191,62.15785193257034,142.40625],[-6.8604542221874,62.157758893445134,139.4765625],[-6.860477020964027,62.15767029672861,136.8203125],[-6.860642898827791,62.157603576779366,133.1328125],[-6.860799556598067,62.15755211189389,129.9375],[-6.860895864665508,62.15747877024114,126.6640625],[-6.861017318442464,62.157397884875536,122.7578125],[-6.86114170588553,62.157325046136975,118.98046875],[-6.861242288723588,62.157236617058516,115.0390625],[-6.861343793570995,62.15715724043548,111.296875],[-6.861376650631428,62.157063111662865,108.23046875],[-6.861384445801377,62.15696269646287,105.4375],[-6.861408753320575,62.15687460266054,102.76171875],[-6.861376063898206,62.15678080916405,100.671875],[-6.861363239586353,62.15669095516205,98.4140625],[-6.861334322020412,62.15660403482616,96.40625],[-6.861245725303888,62.15654460713267,95.77734375],[-6.861338010057807,62.15657193213701,95.5],[-6.861515454947949,62.156557850539684,93.14453125],[-6.861712178215385,62.156560365110636,91.13671875],[-6.861916780471802,62.15657562017441,89.6328125],[-6.862101182341576,62.156596994027495,88.4453125],[-6.862292289733887,62.1565848402679,86.390625],[-6.862488845363259,62.15660797432065,85.1015625],[-6.862660087645054,62.15663437731564,84.09765625],[-6.862839544191957,62.1566606964916,82.984375],[-6.86302587389946,62.156651644036174,81.03125],[-6.863218825310469,62.156679974868894,79.796875],[-6.863389983773232,62.15665055438876,77.69921875],[-6.86357312835753,62.15661627240479,75.59765625],[-6.863735653460026,62.156590120866895,73.83203125],[-6.863914271816611,62.156580900773406,72.2890625],[-6.864078473299742,62.15661526657641,71.703125],[-6.864276118576527,62.15659758076072,69.6484375],[-6.864474602043629,62.15661057271063,68.04296875],[-6.864672917872667,62.156599843874574,66.00390625],[-6.86486997641623,62.15659196488559,64.04296875],[-6.86503660865128,62.15662063099444,63.0234375],[-6.865225872024894,62.156667402014136,62.21875],[-6.865431731566787,62.156678549945354,60.6796875],[-6.865576487034559,62.15671693906188,60.10546875],[-6.865771198645234,62.15675759129226,59.15234375],[-6.865948559716344,62.156787011772394,58.31640625],[-6.866130279377103,62.15682967565954,57.72265625],[-6.866331025958061,62.156840823590755,56.46484375],[-6.866521378979087,62.15687376447022,55.6484375],[-6.866665044799447,62.156879464164376,54.68359375],[-6.866770908236504,62.15692346915603,54.46484375],[-6.866967044770718,62.156886756420135,52.11328125],[-6.867206180468202,62.15690217912197,50.21875],[-6.867399634793401,62.15685280971229,47.76171875],[-6.867564003914595,62.156812408939004,45.77734375],[-6.867743711918593,62.15674577280879,43.41015625],[-6.867892071604729,62.15668039396405,41.40625],[-6.868027271702886,62.156612584367394,39.55078125],[-6.868189880624414,62.15656681917608,37.83203125],[-6.868329271674156,62.15651988051832,36.3515625],[-6.868498669937253,62.156577464193106,36.01953125],[-6.868660943582654,62.156623397022486,35.55859375],[-6.868840986862779,62.15660504065454,34.3515625],[-6.868952801451087,62.15654284693301,33.15625],[-6.869114739820361,62.156497752293944,31.87890625],[-6.869269385933876,62.15644712559879,30.83984375],[-6.869369046762586,62.156379483640194,29.91015625],[-6.869538864120841,62.15634067542851,28.97265625],[-6.86967515386641,62.156271105632186,27.60546875],[-6.869844719767571,62.15622819028795,26.12109375],[-6.86996340751648,62.15620061382651,25.12890625],[-6.870074383914471,62.156131798401475,23.234375],[-6.870119646191597,62.15604202821851,21.21484375],[-6.870281165465713,62.15599508956075,19.55859375],[-6.870473613962531,62.15603347867727,19.47265625],[-6.870646281167865,62.15607765130699,19.5703125],[-6.870821379125118,62.15611830353737,19.5546875],[-6.871017767116427,62.15615652501583,19.1484375],[-6.871196134015918,62.15619307011366,18.796875],[-6.871396545320749,62.15623548254371,18.40234375],[-6.871609194204211,62.15626800432801,17.73046875],[-6.871793009340763,62.156311171129346,17.68359375],[-6.87198537401855,62.15635450556874,17.58984375],[-6.87218033708632,62.156391805037856,17.42578125],[-6.872377814725041,62.156443605199456,17.48046875],[-6.872542183846235,62.156488951295614,17.5625],[-6.872727004811168,62.156536895781755,17.58984375],[-6.872904198244214,62.15659607201815,17.8046875],[-6.873094886541367,62.156659942120314,18.03515625],[-6.87329538166523,62.15671450830996,18.1015625],[-6.873502917587757,62.156748957931995,17.74609375],[-6.873706262558699,62.156778797507286,17.34765625],[-6.873912792652845,62.1568020991981,16.85546875],[-6.874095182865858,62.15683797374368,16.671875],[-6.874180510640144,62.15692028403282,17.59375],[-6.874178918078542,62.15692397207022,17.66015625]]}},{"type":"Feature","properties":{"name":"WP 5","type":"user","time":"2020-08-11T18:55:19Z","gpxx_WaypointExtension":"SymbolAndName","gpxx_DisplayMode":"SymbolAndName","wptx1_WaypointExtension":"SymbolAndName","wptx1_DisplayMode":"SymbolAndName","ctx_CreationTimeExtension":"2020-08-11T18:55:19Z","ctx_CreationTime":"2020-08-11T18:55:19Z","sym":"Flag, Blue"},"geometry":{"type":"Point","coordinates":[-6.856627464294434,62.19684362411499,16.95703125]}},{"type":"Feature","properties":{"name":"WP1 00_OS","type":"user","time":"2020-08-11T18:51:53Z","gpxx_WaypointExtension":"SymbolAndName","gpxx_DisplayMode":"SymbolAndName","wptx1_WaypointExtension":"SymbolAndName","wptx1_DisplayMode":"SymbolAndName","ctx_CreationTimeExtension":"2020-08-11T18:51:53Z","ctx_CreationTime":"2020-08-11T18:51:53Z","sym":"Flag, Blue"},"geometry":{"type":"Point","coordinates":[-6.984500354155898,62.18978404998779,2.0390625]}},{"type":"Feature","properties":{"name":"WP2 07_OS","type":"user","time":"2020-07-23T07:19:55Z","gpxx_WaypointExtension":"SymbolAndName","gpxx_DisplayMode":"SymbolAndName","wptx1_WaypointExtension":"SymbolAndName","wptx1_DisplayMode":"SymbolAndName","ctx_CreationTimeExtension":"2020-07-23T07:19:55Z","ctx_CreationTime":"2020-07-23T07:19:55Z","sym":"Flag, Blue"},"geometry":{"type":"Point","coordinates":[-6.960702035576105,62.194235008209944,342.285126]}},{"type":"Feature","properties":{"name":"WP3 11_OS","type":"user","time":"2020-07-23T08:05:16Z","gpxx_WaypointExtension":"SymbolAndName","gpxx_DisplayMode":"SymbolAndName","wptx1_WaypointExtension":"SymbolAndName","wptx1_DisplayMode":"SymbolAndName","ctx_CreationTimeExtension":"2020-07-23T08:05:16Z","ctx_CreationTime":"2020-07-23T08:05:16Z","sym":"Flag, Blue"},"geometry":{"type":"Point","coordinates":[-6.935804011300206,62.202119026333094,533.362122]}},{"type":"Feature","properties":{"name":"WP4 16_OS","type":"user","time":"2020-07-23T09:11:18Z","gpxx_WaypointExtension":"SymbolAndName","gpxx_DisplayMode":"SymbolAndName","wptx1_WaypointExtension":"SymbolAndName","wptx1_DisplayMode":"SymbolAndName","ctx_CreationTimeExtension":"2020-07-23T09:11:18Z","ctx_CreationTime":"2020-07-23T09:11:18Z","sym":"Flag, Blue"},"geometry":{"type":"Point","coordinates":[-6.89447402022779,62.20587001182139,286.141205]}},{"type":"Feature","properties":{"name":"WP6 34_OS","type":"user","time":"2020-07-23T11:42:12Z","gpxx_WaypointExtension":"SymbolAndName","gpxx_DisplayMode":"SymbolAndName","wptx1_WaypointExtension":"SymbolAndName","wptx1_DisplayMode":"SymbolAndName","ctx_CreationTimeExtension":"2020-07-23T11:42:12Z","ctx_CreationTime":"2020-07-23T11:42:12Z","sym":"Flag, Blue"},"geometry":{"type":"Point","coordinates":[-6.846486032009125,62.18032096512616,345.364105]}},{"type":"Feature","properties":{"name":"WP7 38_OS","type":"user","time":"2020-07-23T12:52:03Z","gpxx_WaypointExtension":"SymbolAndName","gpxx_DisplayMode":"SymbolAndName","wptx1_WaypointExtension":"SymbolAndName","wptx1_DisplayMode":"SymbolAndName","ctx_CreationTimeExtension":"2020-07-23T12:52:03Z","ctx_CreationTime":"2020-07-23T12:52:03Z","sym":"Flag, Blue"},"geometry":{"type":"Point","coordinates":[-6.851980034261942,62.16301099397242,336.525574]}}]}