{"type":"FeatureCollection","features":[{"type":"Feature","properties":{"_gpxType":"trk","name":"10 Wanderung Vestmanna Hvalvík Kvívík CS","time":"2020-07-17T09:03:05Z","gpxx_TrackExtension":"Blue","gpxx_DisplayColor":"Blue","coordinateProperties":{"times":["2020-07-17T09:03:05Z","2020-07-17T09:03:13Z","2020-07-17T09:03:21Z","2020-07-17T09:03:33Z","2020-07-17T09:03:39Z","2020-07-17T09:03:45Z","2020-07-17T09:03:52Z","2020-07-17T09:04:00Z","2020-07-17T09:04:07Z","2020-07-17T09:04:14Z","2020-07-17T09:04:21Z","2020-07-17T09:04:29Z","2020-07-17T09:04:37Z","2020-07-17T09:04:44Z","2020-07-17T09:04:52Z","2020-07-17T09:04:59Z","2020-07-17T09:05:05Z","2020-07-17T09:05:13Z","2020-07-17T09:05:21Z","2020-07-17T09:05:29Z","2020-07-17T09:05:37Z","2020-07-17T09:05:45Z","2020-07-17T09:05:52Z","2020-07-17T09:06:34Z","2020-07-17T09:06:48Z","2020-07-17T09:06:56Z","2020-07-17T09:07:03Z","2020-07-17T09:07:10Z","2020-07-17T09:07:16Z","2020-07-17T09:07:23Z","2020-07-17T09:07:29Z","2020-07-17T09:07:36Z","2020-07-17T09:07:43Z","2020-07-17T09:07:50Z","2020-07-17T09:07:57Z","2020-07-17T09:08:04Z","2020-07-17T09:08:12Z","2020-07-17T09:08:20Z","2020-07-17T09:08:28Z","2020-07-17T09:08:36Z","2020-07-17T09:08:43Z","2020-07-17T09:08:49Z","2020-07-17T09:08:55Z","2020-07-17T09:09:02Z","2020-07-17T09:09:09Z","2020-07-17T09:09:15Z","2020-07-17T09:09:21Z","2020-07-17T09:09:27Z","2020-07-17T09:09:33Z","2020-07-17T09:09:39Z","2020-07-17T09:09:45Z","2020-07-17T09:09:52Z","2020-07-17T09:09:59Z","2020-07-17T09:10:06Z","2020-07-17T09:10:12Z","2020-07-17T09:10:19Z","2020-07-17T09:10:26Z","2020-07-17T09:10:32Z","2020-07-17T09:10:38Z","2020-07-17T09:10:44Z","2020-07-17T09:10:50Z","2020-07-17T09:10:56Z","2020-07-17T09:11:02Z","2020-07-17T09:11:09Z","2020-07-17T09:11:35Z","2020-07-17T09:12:01Z","2020-07-17T09:12:08Z","2020-07-17T09:12:15Z","2020-07-17T09:12:22Z","2020-07-17T09:12:28Z","2020-07-17T09:12:46Z","2020-07-17T09:12:52Z","2020-07-17T09:12:58Z","2020-07-17T09:13:04Z","2020-07-17T09:13:10Z","2020-07-17T09:13:16Z","2020-07-17T09:13:22Z","2020-07-17T09:13:28Z","2020-07-17T09:13:35Z","2020-07-17T09:13:41Z","2020-07-17T09:13:47Z","2020-07-17T09:13:55Z","2020-07-17T09:14:02Z","2020-07-17T09:14:08Z","2020-07-17T09:14:16Z","2020-07-17T09:14:23Z","2020-07-17T09:14:29Z","2020-07-17T09:14:35Z","2020-07-17T09:15:03Z","2020-07-17T09:15:11Z","2020-07-17T09:15:18Z","2020-07-17T09:15:24Z","2020-07-17T09:15:31Z","2020-07-17T09:15:37Z","2020-07-17T09:15:44Z","2020-07-17T09:15:50Z","2020-07-17T09:15:56Z","2020-07-17T09:16:03Z","2020-07-17T09:16:10Z","2020-07-17T09:16:17Z","2020-07-17T09:16:24Z","2020-07-17T09:16:32Z","2020-07-17T09:16:39Z","2020-07-17T09:16:47Z","2020-07-17T09:16:55Z","2020-07-17T09:28:42Z","2020-07-17T09:28:50Z","2020-07-17T09:28:58Z","2020-07-17T09:29:06Z","2020-07-17T09:29:12Z","2020-07-17T09:36:01Z","2020-07-17T09:36:14Z","2020-07-17T09:36:25Z","2020-07-17T09:36:47Z","2020-07-17T09:36:54Z","2020-07-17T09:37:01Z","2020-07-17T09:37:07Z","2020-07-17T09:37:25Z","2020-07-17T09:37:32Z","2020-07-17T09:37:39Z","2020-07-17T09:37:46Z","2020-07-17T09:37:52Z","2020-07-17T09:37:58Z","2020-07-17T09:38:04Z","2020-07-17T09:38:11Z","2020-07-17T09:38:17Z","2020-07-17T09:38:24Z","2020-07-17T09:38:31Z","2020-07-17T09:38:37Z","2020-07-17T09:38:47Z","2020-07-17T09:38:54Z","2020-07-17T09:39:12Z","2020-07-17T09:39:19Z","2020-07-17T09:39:26Z","2020-07-17T09:39:34Z","2020-07-17T09:39:41Z","2020-07-17T09:39:49Z","2020-07-17T09:39:56Z","2020-07-17T09:40:07Z","2020-07-17T09:40:15Z","2020-07-17T09:40:23Z","2020-07-17T09:40:31Z","2020-07-17T09:40:43Z","2020-07-17T09:40:52Z","2020-07-17T09:41:00Z","2020-07-17T09:41:09Z","2020-07-17T09:41:18Z","2020-07-17T09:41:25Z","2020-07-17T09:41:32Z","2020-07-17T09:41:40Z","2020-07-17T09:41:48Z","2020-07-17T09:41:55Z","2020-07-17T09:42:04Z","2020-07-17T09:42:13Z","2020-07-17T09:42:21Z","2020-07-17T09:42:29Z","2020-07-17T09:42:37Z","2020-07-17T09:42:45Z","2020-07-17T09:42:54Z","2020-07-17T09:43:02Z","2020-07-17T09:43:10Z","2020-07-17T09:43:17Z","2020-07-17T09:43:24Z","2020-07-17T09:43:31Z","2020-07-17T09:43:39Z","2020-07-17T09:43:46Z","2020-07-17T09:43:54Z","2020-07-17T09:44:02Z","2020-07-17T09:44:09Z","2020-07-17T09:44:18Z","2020-07-17T09:44:26Z","2020-07-17T09:44:33Z","2020-07-17T09:44:41Z","2020-07-17T09:44:50Z","2020-07-17T09:44:58Z","2020-07-17T09:45:08Z","2020-07-17T09:45:16Z","2020-07-17T09:45:24Z","2020-07-17T09:45:31Z","2020-07-17T09:45:39Z","2020-07-17T09:45:46Z","2020-07-17T09:45:52Z","2020-07-17T09:45:59Z","2020-07-17T09:46:07Z","2020-07-17T09:46:15Z","2020-07-17T09:46:24Z","2020-07-17T09:46:31Z","2020-07-17T09:46:39Z","2020-07-17T09:46:46Z","2020-07-17T09:46:53Z","2020-07-17T09:47:01Z","2020-07-17T09:47:08Z","2020-07-17T09:47:15Z","2020-07-17T09:47:22Z","2020-07-17T09:47:29Z","2020-07-17T09:47:44Z","2020-07-17T09:47:52Z","2020-07-17T09:47:59Z","2020-07-17T09:48:07Z","2020-07-17T09:48:14Z","2020-07-17T09:48:22Z","2020-07-17T09:48:29Z","2020-07-17T09:48:36Z","2020-07-17T09:48:44Z","2020-07-17T09:48:51Z","2020-07-17T09:48:59Z","2020-07-17T09:49:06Z","2020-07-17T09:49:13Z","2020-07-17T09:49:21Z","2020-07-17T09:49:39Z","2020-07-17T09:49:48Z","2020-07-17T09:49:56Z","2020-07-17T09:50:03Z","2020-07-17T09:50:11Z","2020-07-17T09:50:19Z","2020-07-17T09:50:27Z","2020-07-17T09:50:35Z","2020-07-17T09:50:43Z","2020-07-17T09:50:50Z","2020-07-17T09:50:57Z","2020-07-17T09:51:04Z","2020-07-17T09:51:12Z","2020-07-17T09:51:20Z","2020-07-17T09:51:27Z","2020-07-17T09:51:34Z","2020-07-17T09:51:41Z","2020-07-17T09:51:49Z","2020-07-17T09:51:56Z","2020-07-17T09:52:03Z","2020-07-17T09:52:10Z","2020-07-17T09:52:17Z","2020-07-17T09:52:24Z","2020-07-17T09:52:30Z","2020-07-17T09:52:37Z","2020-07-17T09:52:44Z","2020-07-17T09:52:51Z","2020-07-17T09:52:59Z","2020-07-17T09:53:08Z","2020-07-17T09:53:14Z","2020-07-17T09:53:20Z","2020-07-17T09:53:27Z","2020-07-17T09:53:34Z","2020-07-17T09:53:41Z","2020-07-17T09:53:48Z","2020-07-17T09:53:54Z","2020-07-17T09:54:02Z","2020-07-17T09:54:08Z","2020-07-17T09:54:14Z","2020-07-17T09:54:21Z","2020-07-17T09:54:27Z","2020-07-17T09:55:11Z","2020-07-17T09:55:17Z","2020-07-17T09:55:23Z","2020-07-17T09:55:29Z","2020-07-17T09:55:35Z","2020-07-17T09:55:41Z","2020-07-17T09:55:46Z","2020-07-17T09:55:52Z","2020-07-17T09:55:58Z","2020-07-17T09:56:05Z","2020-07-17T09:56:12Z","2020-07-17T10:11:02Z","2020-07-17T10:11:15Z","2020-07-17T10:11:25Z","2020-07-17T10:11:38Z","2020-07-17T10:11:47Z","2020-07-17T10:11:56Z","2020-07-17T10:12:09Z","2020-07-17T10:12:21Z","2020-07-17T10:12:41Z","2020-07-17T10:12:52Z","2020-07-17T10:13:01Z","2020-07-17T10:13:11Z","2020-07-17T10:13:19Z","2020-07-17T10:13:28Z","2020-07-17T10:13:35Z","2020-07-17T10:13:43Z","2020-07-17T10:13:53Z","2020-07-17T10:14:01Z","2020-07-17T10:14:09Z","2020-07-17T10:14:17Z","2020-07-17T10:14:28Z","2020-07-17T10:14:37Z","2020-07-17T10:14:45Z","2020-07-17T10:14:53Z","2020-07-17T10:15:01Z","2020-07-17T10:15:08Z","2020-07-17T10:15:15Z","2020-07-17T10:15:26Z","2020-07-17T10:15:40Z","2020-07-17T10:15:49Z","2020-07-17T10:15:58Z","2020-07-17T10:16:08Z","2020-07-17T10:16:18Z","2020-07-17T10:16:27Z","2020-07-17T10:16:36Z","2020-07-17T10:16:48Z","2020-07-17T10:16:59Z","2020-07-17T10:17:11Z","2020-07-17T10:17:24Z","2020-07-17T10:17:38Z","2020-07-17T10:17:47Z","2020-07-17T10:18:03Z","2020-07-17T10:18:15Z","2020-07-17T10:18:29Z","2020-07-17T10:18:54Z","2020-07-17T10:19:10Z","2020-07-17T10:19:18Z","2020-07-17T10:19:27Z","2020-07-17T10:19:34Z","2020-07-17T10:19:49Z","2020-07-17T10:19:57Z","2020-07-17T10:20:06Z","2020-07-17T10:20:15Z","2020-07-17T10:20:24Z","2020-07-17T10:20:33Z","2020-07-17T10:20:42Z","2020-07-17T10:20:51Z","2020-07-17T10:21:02Z","2020-07-17T10:21:12Z","2020-07-17T10:21:21Z","2020-07-17T10:21:32Z","2020-07-17T10:21:44Z","2020-07-17T10:21:53Z","2020-07-17T10:22:03Z","2020-07-17T10:22:16Z","2020-07-17T10:22:29Z","2020-07-17T10:22:43Z","2020-07-17T10:23:00Z","2020-07-17T10:23:10Z","2020-07-17T10:23:35Z","2020-07-17T10:26:20Z","2020-07-17T10:26:43Z","2020-07-17T10:26:52Z","2020-07-17T10:27:08Z","2020-07-17T10:27:30Z","2020-07-17T10:30:21Z","2020-07-17T10:30:29Z","2020-07-17T10:30:37Z","2020-07-17T10:30:49Z","2020-07-17T10:30:58Z","2020-07-17T10:31:08Z","2020-07-17T10:31:16Z","2020-07-17T10:31:25Z","2020-07-17T10:31:33Z","2020-07-17T10:31:41Z","2020-07-17T10:31:49Z","2020-07-17T10:31:56Z","2020-07-17T10:32:04Z","2020-07-17T10:32:13Z","2020-07-17T10:32:22Z","2020-07-17T10:32:29Z","2020-07-17T10:32:37Z","2020-07-17T10:32:44Z","2020-07-17T10:32:51Z","2020-07-17T10:32:58Z","2020-07-17T10:33:05Z","2020-07-17T10:33:11Z","2020-07-17T10:33:18Z","2020-07-17T10:33:25Z","2020-07-17T10:33:32Z","2020-07-17T10:33:38Z","2020-07-17T10:33:45Z","2020-07-17T10:33:51Z","2020-07-17T10:33:58Z","2020-07-17T10:34:06Z","2020-07-17T10:34:16Z","2020-07-17T10:34:23Z","2020-07-17T10:34:30Z","2020-07-17T10:34:37Z","2020-07-17T10:34:48Z","2020-07-17T10:34:58Z","2020-07-17T10:35:05Z","2020-07-17T10:35:12Z","2020-07-17T10:35:19Z","2020-07-17T10:35:27Z","2020-07-17T10:35:33Z","2020-07-17T10:35:41Z","2020-07-17T10:35:51Z","2020-07-17T10:35:58Z","2020-07-17T10:36:04Z","2020-07-17T10:36:11Z","2020-07-17T10:36:21Z","2020-07-17T10:36:28Z","2020-07-17T10:36:35Z","2020-07-17T10:36:42Z","2020-07-17T10:36:49Z","2020-07-17T10:36:56Z","2020-07-17T10:37:04Z","2020-07-17T10:37:13Z","2020-07-17T10:37:23Z","2020-07-17T10:37:31Z","2020-07-17T10:37:38Z","2020-07-17T10:37:46Z","2020-07-17T10:37:55Z","2020-07-17T10:38:05Z","2020-07-17T10:38:15Z","2020-07-17T10:38:25Z","2020-07-17T10:38:37Z","2020-07-17T10:38:49Z","2020-07-17T10:39:01Z","2020-07-17T10:39:09Z","2020-07-17T10:39:18Z","2020-07-17T10:39:26Z","2020-07-17T10:39:33Z","2020-07-17T10:39:40Z","2020-07-17T10:39:48Z","2020-07-17T10:39:56Z","2020-07-17T10:40:05Z","2020-07-17T10:40:17Z","2020-07-17T10:40:25Z","2020-07-17T10:40:33Z","2020-07-17T10:40:40Z","2020-07-17T10:40:48Z","2020-07-17T10:40:56Z","2020-07-17T10:41:04Z","2020-07-17T10:41:11Z","2020-07-17T10:41:18Z","2020-07-17T10:41:27Z","2020-07-17T10:41:41Z","2020-07-17T10:41:50Z","2020-07-17T10:41:58Z","2020-07-17T10:42:08Z","2020-07-17T10:42:16Z","2020-07-17T10:42:25Z","2020-07-17T10:42:35Z","2020-07-17T10:42:50Z","2020-07-17T10:43:02Z","2020-07-17T10:43:12Z","2020-07-17T10:43:23Z","2020-07-17T10:43:31Z","2020-07-17T10:43:39Z","2020-07-17T10:43:47Z","2020-07-17T10:43:55Z","2020-07-17T10:44:03Z","2020-07-17T10:44:12Z","2020-07-17T10:44:21Z","2020-07-17T10:44:31Z","2020-07-17T10:44:40Z","2020-07-17T10:44:50Z","2020-07-17T10:45:02Z","2020-07-17T10:45:14Z","2020-07-17T10:45:29Z","2020-07-17T10:45:46Z","2020-07-17T10:45:57Z","2020-07-17T10:46:12Z","2020-07-17T10:46:29Z","2020-07-17T10:46:55Z","2020-07-17T10:47:06Z","2020-07-17T10:47:15Z","2020-07-17T10:47:26Z","2020-07-17T10:47:41Z","2020-07-17T10:47:56Z","2020-07-17T10:48:08Z","2020-07-17T10:48:20Z","2020-07-17T10:48:31Z","2020-07-17T10:48:42Z","2020-07-17T10:49:01Z","2020-07-17T10:49:20Z","2020-07-17T10:49:37Z","2020-07-17T10:49:54Z","2020-07-17T10:50:06Z","2020-07-17T10:50:23Z","2020-07-17T10:50:45Z","2020-07-17T10:50:58Z","2020-07-17T10:51:05Z","2020-07-17T10:51:13Z","2020-07-17T10:51:21Z","2020-07-17T10:51:28Z","2020-07-17T10:51:36Z","2020-07-17T10:51:44Z","2020-07-17T10:51:55Z","2020-07-17T10:52:06Z","2020-07-17T10:52:13Z","2020-07-17T10:52:21Z","2020-07-17T10:52:29Z","2020-07-17T10:52:37Z","2020-07-17T10:52:46Z","2020-07-17T10:53:41Z","2020-07-17T10:56:19Z","2020-07-17T10:59:05Z","2020-07-17T10:59:15Z","2020-07-17T10:59:27Z","2020-07-17T10:59:34Z","2020-07-17T10:59:52Z","2020-07-17T11:00:06Z","2020-07-17T11:00:13Z","2020-07-17T11:00:20Z","2020-07-17T11:00:27Z","2020-07-17T11:00:33Z","2020-07-17T11:00:40Z","2020-07-17T11:00:49Z","2020-07-17T11:00:58Z","2020-07-17T11:01:08Z","2020-07-17T11:01:14Z","2020-07-17T11:01:23Z","2020-07-17T11:01:32Z","2020-07-17T11:01:40Z","2020-07-17T11:01:48Z","2020-07-17T11:02:00Z","2020-07-17T11:02:07Z","2020-07-17T11:02:14Z","2020-07-17T11:02:21Z","2020-07-17T11:02:29Z","2020-07-17T11:02:36Z","2020-07-17T11:02:43Z","2020-07-17T11:02:51Z","2020-07-17T11:02:59Z","2020-07-17T11:03:08Z","2020-07-17T11:03:16Z","2020-07-17T11:03:23Z","2020-07-17T11:03:30Z","2020-07-17T11:03:37Z","2020-07-17T11:03:44Z","2020-07-17T11:03:52Z","2020-07-17T11:04:01Z","2020-07-17T11:04:12Z","2020-07-17T11:04:21Z","2020-07-17T11:04:28Z","2020-07-17T11:04:36Z","2020-07-17T11:04:45Z","2020-07-17T11:04:54Z","2020-07-17T11:05:02Z","2020-07-17T11:05:10Z","2020-07-17T11:05:18Z","2020-07-17T11:05:35Z","2020-07-17T11:05:55Z","2020-07-17T11:07:09Z","2020-07-17T11:07:24Z","2020-07-17T11:07:31Z","2020-07-17T11:07:38Z","2020-07-17T11:07:45Z","2020-07-17T11:07:52Z","2020-07-17T11:07:59Z","2020-07-17T11:08:06Z","2020-07-17T11:08:13Z","2020-07-17T11:08:21Z","2020-07-17T11:08:29Z","2020-07-17T11:08:36Z","2020-07-17T11:08:43Z","2020-07-17T11:08:50Z","2020-07-17T11:08:57Z","2020-07-17T11:09:03Z","2020-07-17T11:09:09Z","2020-07-17T11:09:16Z","2020-07-17T11:09:24Z","2020-07-17T11:09:31Z","2020-07-17T11:09:39Z","2020-07-17T11:09:45Z","2020-07-17T11:09:52Z","2020-07-17T11:09:59Z","2020-07-17T11:10:06Z","2020-07-17T11:10:14Z","2020-07-17T11:10:23Z","2020-07-17T11:10:30Z","2020-07-17T11:10:37Z","2020-07-17T11:10:44Z","2020-07-17T11:10:51Z","2020-07-17T11:10:58Z","2020-07-17T11:11:04Z","2020-07-17T11:11:10Z","2020-07-17T11:11:17Z","2020-07-17T11:11:24Z","2020-07-17T11:11:32Z","2020-07-17T11:11:41Z","2020-07-17T11:11:49Z","2020-07-17T11:11:56Z","2020-07-17T11:12:03Z","2020-07-17T11:12:10Z","2020-07-17T11:12:17Z","2020-07-17T11:12:23Z","2020-07-17T11:12:30Z","2020-07-17T11:12:36Z","2020-07-17T11:12:43Z","2020-07-17T11:12:51Z","2020-07-17T11:13:13Z","2020-07-17T11:13:20Z","2020-07-17T11:13:27Z","2020-07-17T11:13:35Z","2020-07-17T11:13:45Z","2020-07-17T11:13:55Z","2020-07-17T11:14:03Z","2020-07-17T11:14:12Z","2020-07-17T11:14:21Z","2020-07-17T11:14:27Z","2020-07-17T11:14:34Z","2020-07-17T11:14:40Z","2020-07-17T11:14:46Z","2020-07-17T11:14:52Z","2020-07-17T11:14:59Z","2020-07-17T11:15:07Z","2020-07-17T11:15:14Z","2020-07-17T11:15:21Z","2020-07-17T11:15:28Z","2020-07-17T11:15:35Z","2020-07-17T11:15:42Z","2020-07-17T11:15:48Z","2020-07-17T11:15:54Z","2020-07-17T11:16:01Z","2020-07-17T11:16:08Z","2020-07-17T11:16:15Z","2020-07-17T11:16:24Z","2020-07-17T11:16:32Z","2020-07-17T11:16:40Z","2020-07-17T11:16:47Z","2020-07-17T11:16:55Z","2020-07-17T11:17:04Z","2020-07-17T11:17:12Z","2020-07-17T11:17:21Z","2020-07-17T11:17:29Z","2020-07-17T11:17:39Z","2020-07-17T11:17:52Z","2020-07-17T11:18:02Z","2020-07-17T11:18:15Z","2020-07-17T11:19:04Z","2020-07-17T11:21:03Z","2020-07-17T11:21:12Z","2020-07-17T11:21:21Z","2020-07-17T11:21:33Z","2020-07-17T11:21:41Z","2020-07-17T11:21:49Z","2020-07-17T11:21:56Z","2020-07-17T11:22:03Z","2020-07-17T11:22:11Z","2020-07-17T11:22:19Z","2020-07-17T11:22:27Z","2020-07-17T11:22:35Z","2020-07-17T11:22:43Z","2020-07-17T11:22:51Z","2020-07-17T11:22:57Z","2020-07-17T11:23:03Z","2020-07-17T11:23:31Z","2020-07-17T11:23:38Z","2020-07-17T11:23:45Z","2020-07-17T11:23:52Z","2020-07-17T11:23:59Z","2020-07-17T11:24:06Z","2020-07-17T11:24:16Z","2020-07-17T11:24:24Z","2020-07-17T11:24:32Z","2020-07-17T11:24:40Z","2020-07-17T11:24:47Z","2020-07-17T11:24:53Z","2020-07-17T11:24:59Z","2020-07-17T11:25:19Z","2020-07-17T11:25:31Z","2020-07-17T11:25:37Z","2020-07-17T11:25:43Z","2020-07-17T11:25:50Z","2020-07-17T11:26:30Z","2020-07-17T11:27:07Z","2020-07-17T11:27:14Z","2020-07-17T11:27:21Z","2020-07-17T11:27:52Z","2020-07-17T11:27:59Z","2020-07-17T11:28:06Z","2020-07-17T11:28:13Z","2020-07-17T11:28:20Z","2020-07-17T11:28:27Z","2020-07-17T11:28:34Z","2020-07-17T11:28:46Z","2020-07-17T11:28:54Z","2020-07-17T11:29:01Z","2020-07-17T11:29:10Z","2020-07-17T11:29:22Z","2020-07-17T11:29:29Z","2020-07-17T11:29:36Z","2020-07-17T11:29:42Z","2020-07-17T11:29:49Z","2020-07-17T11:29:56Z","2020-07-17T11:30:03Z","2020-07-17T11:30:11Z","2020-07-17T11:30:18Z","2020-07-17T11:30:27Z","2020-07-17T11:30:37Z","2020-07-17T11:30:45Z","2020-07-17T11:30:55Z","2020-07-17T11:31:08Z","2020-07-17T11:31:18Z","2020-07-17T11:31:28Z","2020-07-17T11:31:41Z","2020-07-17T11:31:51Z","2020-07-17T11:31:59Z","2020-07-17T11:32:06Z","2020-07-17T11:32:12Z","2020-07-17T11:32:19Z","2020-07-17T11:32:27Z","2020-07-17T11:32:36Z","2020-07-17T11:32:46Z","2020-07-17T11:32:55Z","2020-07-17T11:33:06Z","2020-07-17T11:33:13Z","2020-07-17T11:33:20Z","2020-07-17T11:33:27Z","2020-07-17T11:33:35Z","2020-07-17T11:33:42Z","2020-07-17T11:33:51Z","2020-07-17T11:33:58Z","2020-07-17T11:34:05Z","2020-07-17T11:34:12Z","2020-07-17T11:34:52Z","2020-07-17T11:35:00Z","2020-07-17T11:35:11Z","2020-07-17T11:35:20Z","2020-07-17T11:35:30Z","2020-07-17T11:35:37Z","2020-07-17T11:35:44Z","2020-07-17T11:35:52Z","2020-07-17T11:36:01Z","2020-07-17T11:36:08Z","2020-07-17T11:36:15Z","2020-07-17T11:36:22Z","2020-07-17T11:36:29Z","2020-07-17T11:36:36Z","2020-07-17T11:36:47Z","2020-07-17T11:37:00Z","2020-07-17T11:37:36Z","2020-07-17T11:37:43Z","2020-07-17T11:37:51Z","2020-07-17T11:38:02Z","2020-07-17T11:38:11Z","2020-07-17T11:38:30Z","2020-07-17T11:38:38Z","2020-07-17T11:38:49Z","2020-07-17T11:38:58Z","2020-07-17T11:39:06Z","2020-07-17T11:39:14Z","2020-07-17T11:39:28Z","2020-07-17T11:39:36Z","2020-07-17T11:39:45Z","2020-07-17T11:40:00Z","2020-07-17T11:40:12Z","2020-07-17T11:40:20Z","2020-07-17T11:40:28Z","2020-07-17T11:40:41Z","2020-07-17T11:41:15Z","2020-07-17T11:44:04Z","2020-07-17T11:44:11Z","2020-07-17T11:44:22Z","2020-07-17T11:44:30Z","2020-07-17T11:44:38Z","2020-07-17T11:44:47Z","2020-07-17T11:44:56Z","2020-07-17T11:45:06Z","2020-07-17T11:45:14Z","2020-07-17T11:45:22Z","2020-07-17T11:45:29Z","2020-07-17T11:45:38Z","2020-07-17T11:45:50Z","2020-07-17T11:46:00Z","2020-07-17T11:46:09Z","2020-07-17T11:46:19Z","2020-07-17T11:46:27Z","2020-07-17T11:46:37Z","2020-07-17T11:46:52Z","2020-07-17T11:47:03Z","2020-07-17T11:47:14Z","2020-07-17T11:47:25Z","2020-07-17T11:47:36Z","2020-07-17T11:47:48Z","2020-07-17T11:48:03Z","2020-07-17T11:48:12Z","2020-07-17T11:48:36Z","2020-07-17T11:48:51Z","2020-07-17T11:58:05Z","2020-07-17T11:58:12Z","2020-07-17T11:58:20Z","2020-07-17T11:58:28Z","2020-07-17T11:58:37Z","2020-07-17T11:58:46Z","2020-07-17T11:58:59Z","2020-07-17T11:59:09Z","2020-07-17T11:59:20Z","2020-07-17T11:59:29Z","2020-07-17T11:59:37Z","2020-07-17T11:59:46Z","2020-07-17T11:59:59Z","2020-07-17T12:00:07Z","2020-07-17T12:00:19Z","2020-07-17T12:00:30Z","2020-07-17T12:00:43Z","2020-07-17T12:00:54Z","2020-07-17T12:01:03Z","2020-07-17T12:01:11Z","2020-07-17T12:01:21Z","2020-07-17T12:02:55Z","2020-07-17T12:05:09Z","2020-07-17T12:05:30Z","2020-07-17T12:05:42Z","2020-07-17T12:05:57Z","2020-07-17T12:06:40Z","2020-07-17T12:06:52Z","2020-07-17T12:07:03Z","2020-07-17T12:07:14Z","2020-07-17T12:07:28Z","2020-07-17T12:07:40Z","2020-07-17T12:07:48Z","2020-07-17T12:07:58Z","2020-07-17T12:08:16Z","2020-07-17T12:08:29Z","2020-07-17T12:08:46Z","2020-07-17T12:08:59Z","2020-07-17T12:09:11Z","2020-07-17T12:09:26Z","2020-07-17T12:09:36Z","2020-07-17T12:09:48Z","2020-07-17T12:09:58Z","2020-07-17T12:10:08Z","2020-07-17T12:10:26Z","2020-07-17T12:10:41Z","2020-07-17T12:10:57Z","2020-07-17T12:11:11Z","2020-07-17T12:11:30Z","2020-07-17T12:11:41Z","2020-07-17T12:11:51Z","2020-07-17T12:11:59Z","2020-07-17T12:12:06Z","2020-07-17T12:12:15Z","2020-07-17T12:12:27Z","2020-07-17T12:12:38Z","2020-07-17T12:12:53Z","2020-07-17T12:13:09Z","2020-07-17T12:13:19Z","2020-07-17T12:13:28Z","2020-07-17T12:13:36Z","2020-07-17T12:13:44Z","2020-07-17T12:13:55Z","2020-07-17T12:14:05Z","2020-07-17T12:14:12Z","2020-07-17T12:14:21Z","2020-07-17T12:14:31Z","2020-07-17T12:14:44Z","2020-07-17T12:14:54Z","2020-07-17T12:15:04Z","2020-07-17T12:15:23Z","2020-07-17T12:15:36Z","2020-07-17T12:15:46Z","2020-07-17T12:16:01Z","2020-07-17T12:16:17Z","2020-07-17T12:16:28Z","2020-07-17T12:16:36Z","2020-07-17T12:16:45Z","2020-07-17T12:16:55Z","2020-07-17T12:17:06Z","2020-07-17T12:17:16Z","2020-07-17T12:17:27Z","2020-07-17T12:17:44Z","2020-07-17T12:17:53Z","2020-07-17T12:18:04Z","2020-07-17T12:18:13Z","2020-07-17T12:18:24Z","2020-07-17T12:18:40Z","2020-07-17T12:18:50Z","2020-07-17T12:19:09Z","2020-07-17T12:20:52Z","2020-07-17T12:23:20Z","2020-07-17T12:23:46Z","2020-07-17T12:23:55Z","2020-07-17T12:24:03Z","2020-07-17T12:24:13Z","2020-07-17T12:24:23Z","2020-07-17T12:24:32Z","2020-07-17T12:24:40Z","2020-07-17T12:24:49Z","2020-07-17T12:24:57Z","2020-07-17T12:25:05Z","2020-07-17T12:25:15Z","2020-07-17T12:25:24Z","2020-07-17T12:25:36Z","2020-07-17T12:25:45Z","2020-07-17T12:25:55Z","2020-07-17T12:26:05Z","2020-07-17T12:26:15Z","2020-07-17T12:26:23Z","2020-07-17T12:26:30Z","2020-07-17T12:26:37Z","2020-07-17T12:26:45Z","2020-07-17T12:26:53Z","2020-07-17T12:27:01Z","2020-07-17T12:27:09Z","2020-07-17T12:27:17Z","2020-07-17T12:27:26Z","2020-07-17T12:27:42Z","2020-07-17T12:27:54Z","2020-07-17T12:28:02Z","2020-07-17T12:28:11Z","2020-07-17T12:28:18Z","2020-07-17T12:28:26Z","2020-07-17T12:28:35Z","2020-07-17T12:28:44Z","2020-07-17T12:28:54Z","2020-07-17T12:29:04Z","2020-07-17T12:29:15Z","2020-07-17T12:29:25Z","2020-07-17T12:29:33Z","2020-07-17T12:29:42Z","2020-07-17T12:29:50Z","2020-07-17T12:29:59Z","2020-07-17T12:30:14Z","2020-07-17T12:30:25Z","2020-07-17T12:30:33Z","2020-07-17T12:30:41Z","2020-07-17T12:30:51Z","2020-07-17T12:31:01Z","2020-07-17T12:31:09Z","2020-07-17T12:31:18Z","2020-07-17T12:31:28Z","2020-07-17T12:31:37Z","2020-07-17T12:31:50Z","2020-07-17T12:32:07Z","2020-07-17T12:32:29Z","2020-07-17T12:32:42Z","2020-07-17T12:32:55Z","2020-07-17T12:33:09Z","2020-07-17T12:33:25Z","2020-07-17T12:33:40Z","2020-07-17T12:33:49Z","2020-07-17T12:33:57Z","2020-07-17T12:34:14Z","2020-07-17T12:35:31Z","2020-07-17T12:35:44Z","2020-07-17T12:35:52Z","2020-07-17T12:36:00Z","2020-07-17T12:36:08Z","2020-07-17T12:36:16Z","2020-07-17T12:36:28Z","2020-07-17T12:36:38Z","2020-07-17T12:36:48Z","2020-07-17T12:37:05Z","2020-07-17T12:37:27Z","2020-07-17T12:37:44Z","2020-07-17T12:37:56Z","2020-07-17T12:38:04Z","2020-07-17T12:38:11Z","2020-07-17T12:38:18Z","2020-07-17T12:38:26Z","2020-07-17T12:38:35Z","2020-07-17T12:38:46Z","2020-07-17T12:38:55Z","2020-07-17T12:39:03Z","2020-07-17T12:39:12Z","2020-07-17T12:39:22Z","2020-07-17T12:39:30Z","2020-07-17T12:39:41Z","2020-07-17T12:39:50Z","2020-07-17T12:40:03Z","2020-07-17T12:40:14Z","2020-07-17T12:40:22Z","2020-07-17T12:40:31Z","2020-07-17T12:40:40Z","2020-07-17T12:40:49Z","2020-07-17T12:40:57Z","2020-07-17T12:41:06Z","2020-07-17T12:41:19Z","2020-07-17T12:41:27Z","2020-07-17T12:41:38Z","2020-07-17T12:41:48Z","2020-07-17T12:42:02Z","2020-07-17T12:42:26Z","2020-07-17T12:42:34Z","2020-07-17T12:42:42Z","2020-07-17T12:42:50Z","2020-07-17T12:42:59Z","2020-07-17T12:43:10Z","2020-07-17T12:43:21Z","2020-07-17T12:43:30Z","2020-07-17T12:43:42Z","2020-07-17T12:43:55Z","2020-07-17T12:44:04Z","2020-07-17T12:44:12Z","2020-07-17T12:44:21Z","2020-07-17T12:44:33Z","2020-07-17T12:44:42Z","2020-07-17T12:44:52Z","2020-07-17T12:45:00Z","2020-07-17T12:45:09Z","2020-07-17T12:45:18Z","2020-07-17T12:45:30Z","2020-07-17T12:45:39Z","2020-07-17T12:45:47Z","2020-07-17T12:45:56Z","2020-07-17T12:46:06Z","2020-07-17T12:46:20Z","2020-07-17T12:46:30Z","2020-07-17T12:46:38Z","2020-07-17T12:46:47Z","2020-07-17T12:46:56Z","2020-07-17T12:47:05Z","2020-07-17T12:47:13Z","2020-07-17T12:47:21Z","2020-07-17T12:47:28Z","2020-07-17T12:47:36Z","2020-07-17T12:47:43Z","2020-07-17T12:47:52Z","2020-07-17T12:48:01Z","2020-07-17T12:48:10Z","2020-07-17T12:48:20Z","2020-07-17T12:48:29Z","2020-07-17T12:48:39Z","2020-07-17T12:48:48Z","2020-07-17T12:51:51Z","2020-07-17T12:52:14Z","2020-07-17T12:52:22Z","2020-07-17T12:52:28Z","2020-07-17T12:52:36Z","2020-07-17T12:52:45Z","2020-07-17T12:52:53Z","2020-07-17T12:53:01Z","2020-07-17T12:53:08Z","2020-07-17T12:53:16Z","2020-07-17T12:53:24Z","2020-07-17T12:53:42Z","2020-07-17T12:53:53Z","2020-07-17T12:54:04Z","2020-07-17T12:54:16Z","2020-07-17T12:54:28Z","2020-07-17T12:54:49Z","2020-07-17T12:54:59Z","2020-07-17T12:55:08Z","2020-07-17T12:55:17Z","2020-07-17T12:55:25Z","2020-07-17T12:55:33Z","2020-07-17T12:55:41Z","2020-07-17T12:55:48Z","2020-07-17T12:55:56Z","2020-07-17T12:56:03Z","2020-07-17T12:56:11Z","2020-07-17T12:56:21Z","2020-07-17T12:56:30Z","2020-07-17T12:56:41Z","2020-07-17T12:56:49Z","2020-07-17T12:56:57Z","2020-07-17T12:57:06Z","2020-07-17T12:57:15Z","2020-07-17T12:57:24Z","2020-07-17T12:57:36Z","2020-07-17T12:57:46Z","2020-07-17T12:57:59Z","2020-07-17T12:58:18Z","2020-07-17T12:58:31Z","2020-07-17T12:58:42Z","2020-07-17T12:58:52Z","2020-07-17T12:59:03Z","2020-07-17T12:59:13Z","2020-07-17T12:59:24Z","2020-07-17T12:59:38Z","2020-07-17T12:59:54Z","2020-07-17T13:00:03Z","2020-07-17T13:00:11Z","2020-07-17T13:00:19Z","2020-07-17T13:00:32Z","2020-07-17T13:00:42Z","2020-07-17T13:00:50Z","2020-07-17T13:00:59Z","2020-07-17T13:01:07Z","2020-07-17T13:01:15Z","2020-07-17T13:01:24Z","2020-07-17T13:01:32Z","2020-07-17T13:01:42Z","2020-07-17T13:01:56Z","2020-07-17T13:02:04Z","2020-07-17T13:02:12Z","2020-07-17T13:02:23Z","2020-07-17T13:02:31Z","2020-07-17T13:02:39Z","2020-07-17T13:02:47Z","2020-07-17T13:02:55Z","2020-07-17T13:03:03Z","2020-07-17T13:03:10Z","2020-07-17T13:03:18Z","2020-07-17T13:03:27Z","2020-07-17T13:03:35Z","2020-07-17T13:03:43Z","2020-07-17T13:03:50Z","2020-07-17T13:03:57Z","2020-07-17T13:04:07Z","2020-07-17T13:04:15Z","2020-07-17T13:04:25Z","2020-07-17T13:04:33Z","2020-07-17T13:04:41Z","2020-07-17T13:04:50Z","2020-07-17T13:04:58Z","2020-07-17T13:05:06Z","2020-07-17T13:05:15Z","2020-07-17T13:05:23Z","2020-07-17T13:05:34Z","2020-07-17T13:05:43Z","2020-07-17T13:05:56Z","2020-07-17T13:06:08Z","2020-07-17T13:06:20Z","2020-07-17T13:06:33Z","2020-07-17T13:06:46Z","2020-07-17T13:06:56Z","2020-07-17T13:07:04Z","2020-07-17T13:07:12Z","2020-07-17T13:07:27Z","2020-07-17T13:07:36Z","2020-07-17T13:07:44Z","2020-07-17T13:07:53Z","2020-07-17T13:08:02Z","2020-07-17T13:08:11Z","2020-07-17T13:08:18Z","2020-07-17T13:08:25Z","2020-07-17T13:08:33Z","2020-07-17T13:08:44Z","2020-07-17T13:08:56Z","2020-07-17T13:09:05Z","2020-07-17T13:09:15Z","2020-07-17T13:09:27Z","2020-07-17T13:09:39Z","2020-07-17T13:10:58Z","2020-07-17T13:11:52Z","2020-07-17T13:11:59Z","2020-07-17T13:12:07Z","2020-07-17T13:12:14Z","2020-07-17T13:12:22Z","2020-07-17T13:12:29Z","2020-07-17T13:12:38Z","2020-07-17T13:12:45Z","2020-07-17T13:12:54Z","2020-07-17T13:13:03Z","2020-07-17T13:13:27Z","2020-07-17T13:13:48Z","2020-07-17T13:13:56Z","2020-07-17T13:14:10Z","2020-07-17T13:15:04Z","2020-07-17T13:15:14Z","2020-07-17T13:15:23Z","2020-07-17T13:15:30Z","2020-07-17T13:15:55Z","2020-07-17T13:16:05Z","2020-07-17T13:16:12Z","2020-07-17T13:16:19Z","2020-07-17T13:16:26Z","2020-07-17T13:16:40Z","2020-07-17T13:17:55Z","2020-07-17T13:18:06Z","2020-07-17T13:18:25Z","2020-07-17T13:18:33Z","2020-07-17T13:18:40Z","2020-07-17T13:18:48Z","2020-07-17T13:18:57Z","2020-07-17T13:19:05Z","2020-07-17T13:19:28Z","2020-07-17T13:19:43Z","2020-07-17T13:19:52Z","2020-07-17T13:20:01Z","2020-07-17T13:20:09Z","2020-07-17T13:20:16Z","2020-07-17T13:20:25Z","2020-07-17T13:20:35Z","2020-07-17T13:20:45Z","2020-07-17T13:21:01Z","2020-07-17T13:22:05Z","2020-07-17T13:23:18Z","2020-07-17T13:23:35Z","2020-07-17T13:23:46Z","2020-07-17T13:23:55Z","2020-07-17T13:24:04Z","2020-07-17T13:24:14Z","2020-07-17T13:24:24Z","2020-07-17T13:24:33Z","2020-07-17T13:24:41Z","2020-07-17T13:24:57Z","2020-07-17T13:25:13Z","2020-07-17T13:25:23Z","2020-07-17T13:25:39Z","2020-07-17T13:25:46Z","2020-07-17T13:25:54Z","2020-07-17T13:26:02Z","2020-07-17T13:26:15Z","2020-07-17T13:26:23Z","2020-07-17T13:26:30Z","2020-07-17T13:26:39Z","2020-07-17T13:26:47Z","2020-07-17T13:26:54Z","2020-07-17T13:27:01Z","2020-07-17T13:27:16Z","2020-07-17T13:27:25Z","2020-07-17T13:27:34Z","2020-07-17T13:27:44Z","2020-07-17T13:27:52Z","2020-07-17T13:27:59Z","2020-07-17T13:28:07Z","2020-07-17T13:28:16Z","2020-07-17T13:28:25Z","2020-07-17T13:28:35Z","2020-07-17T13:28:44Z","2020-07-17T13:28:52Z","2020-07-17T13:29:02Z","2020-07-17T13:29:18Z","2020-07-17T13:29:26Z","2020-07-17T13:29:34Z","2020-07-17T13:29:42Z","2020-07-17T13:29:49Z","2020-07-17T13:29:57Z","2020-07-17T13:30:05Z","2020-07-17T13:30:16Z","2020-07-17T13:30:32Z","2020-07-17T13:30:41Z","2020-07-17T13:31:07Z","2020-07-17T13:31:14Z","2020-07-17T13:32:03Z","2020-07-17T13:32:21Z","2020-07-17T13:32:31Z","2020-07-17T13:32:38Z","2020-07-17T13:32:45Z","2020-07-17T13:32:53Z","2020-07-17T13:33:02Z","2020-07-17T13:33:15Z","2020-07-17T13:33:31Z","2020-07-17T13:33:39Z","2020-07-17T13:33:47Z","2020-07-17T13:33:55Z","2020-07-17T13:34:02Z","2020-07-17T13:34:09Z","2020-07-17T13:34:18Z","2020-07-17T13:34:26Z","2020-07-17T13:34:33Z","2020-07-17T13:34:42Z","2020-07-17T13:34:50Z","2020-07-17T13:34:58Z","2020-07-17T13:35:07Z","2020-07-17T13:35:16Z","2020-07-17T13:35:24Z","2020-07-17T13:35:33Z","2020-07-17T13:35:42Z","2020-07-17T13:35:50Z","2020-07-17T13:35:59Z","2020-07-17T13:36:25Z","2020-07-17T13:36:33Z","2020-07-17T13:36:43Z","2020-07-17T13:36:53Z","2020-07-17T13:37:15Z","2020-07-17T13:37:26Z","2020-07-17T13:37:39Z","2020-07-17T13:37:48Z","2020-07-17T13:38:01Z","2020-07-17T13:38:12Z","2020-07-17T13:38:24Z","2020-07-17T13:38:34Z","2020-07-17T13:38:43Z","2020-07-17T13:38:51Z","2020-07-17T13:38:58Z","2020-07-17T13:39:07Z","2020-07-17T13:39:14Z","2020-07-17T13:39:22Z","2020-07-17T13:39:30Z","2020-07-17T13:39:39Z","2020-07-17T13:39:49Z","2020-07-17T13:39:58Z","2020-07-17T13:40:06Z","2020-07-17T13:40:15Z","2020-07-17T13:40:27Z","2020-07-17T13:40:41Z","2020-07-17T13:40:50Z","2020-07-17T13:41:01Z","2020-07-17T13:41:09Z","2020-07-17T13:41:18Z","2020-07-17T13:41:27Z","2020-07-17T13:41:35Z","2020-07-17T13:41:46Z","2020-07-17T13:41:57Z","2020-07-17T13:42:12Z","2020-07-17T13:42:27Z","2020-07-17T13:42:39Z","2020-07-17T13:42:49Z","2020-07-17T13:42:58Z","2020-07-17T13:43:09Z","2020-07-17T13:43:21Z","2020-07-17T13:43:35Z","2020-07-17T13:43:47Z","2020-07-17T13:44:03Z","2020-07-17T13:44:14Z","2020-07-17T13:44:25Z","2020-07-17T13:44:34Z","2020-07-17T13:44:44Z","2020-07-17T13:45:00Z","2020-07-17T13:45:10Z","2020-07-17T13:45:26Z","2020-07-17T13:45:36Z","2020-07-17T13:45:46Z","2020-07-17T13:45:58Z","2020-07-17T13:46:13Z","2020-07-17T13:46:29Z","2020-07-17T13:46:44Z","2020-07-17T13:46:53Z","2020-07-17T13:47:13Z","2020-07-17T13:47:32Z","2020-07-17T13:47:45Z","2020-07-17T13:48:03Z","2020-07-17T13:48:21Z","2020-07-17T13:52:27Z","2020-07-17T13:52:36Z","2020-07-17T13:52:46Z","2020-07-17T13:52:55Z","2020-07-17T13:53:05Z","2020-07-17T13:53:14Z","2020-07-17T15:18:00Z","2020-07-17T15:18:16Z","2020-07-17T15:18:24Z","2020-07-17T15:18:34Z","2020-07-17T15:18:41Z","2020-07-17T15:18:50Z","2020-07-17T15:18:59Z","2020-07-17T15:19:10Z","2020-07-17T15:19:25Z","2020-07-17T15:19:36Z","2020-07-17T15:19:46Z","2020-07-17T15:19:59Z","2020-07-17T15:20:07Z","2020-07-17T15:20:16Z","2020-07-17T15:20:25Z","2020-07-17T15:20:35Z","2020-07-17T15:20:46Z","2020-07-17T15:20:56Z","2020-07-17T15:21:07Z","2020-07-17T15:21:17Z","2020-07-17T15:21:26Z","2020-07-17T15:21:34Z","2020-07-17T15:21:43Z","2020-07-17T15:21:52Z","2020-07-17T15:22:01Z","2020-07-17T15:22:13Z","2020-07-17T15:22:22Z","2020-07-17T15:22:33Z","2020-07-17T15:22:46Z","2020-07-17T15:23:01Z","2020-07-17T15:23:11Z","2020-07-17T15:23:19Z","2020-07-17T15:23:33Z","2020-07-17T15:23:44Z","2020-07-17T15:23:53Z","2020-07-17T15:24:01Z","2020-07-17T15:24:10Z","2020-07-17T15:24:19Z","2020-07-17T15:24:30Z","2020-07-17T15:24:38Z","2020-07-17T15:24:46Z","2020-07-17T15:24:54Z","2020-07-17T15:25:02Z","2020-07-17T15:25:09Z","2020-07-17T15:25:16Z","2020-07-17T15:25:24Z","2020-07-17T15:25:31Z","2020-07-17T15:25:39Z","2020-07-17T15:25:48Z","2020-07-17T15:25:57Z","2020-07-17T15:26:04Z","2020-07-17T15:26:13Z","2020-07-17T15:26:22Z","2020-07-17T15:26:31Z","2020-07-17T15:26:40Z","2020-07-17T15:26:49Z","2020-07-17T15:26:59Z","2020-07-17T15:27:11Z","2020-07-17T15:27:19Z","2020-07-17T15:27:26Z","2020-07-17T15:27:34Z","2020-07-17T15:27:45Z","2020-07-17T15:27:57Z","2020-07-17T15:28:09Z","2020-07-17T15:28:20Z","2020-07-17T15:28:30Z","2020-07-17T15:28:41Z","2020-07-17T15:28:58Z","2020-07-17T15:29:52Z","2020-07-17T15:30:07Z","2020-07-17T15:30:20Z","2020-07-17T15:30:28Z","2020-07-17T15:30:37Z","2020-07-17T15:30:45Z","2020-07-17T15:30:52Z","2020-07-17T15:31:01Z","2020-07-17T15:31:09Z","2020-07-17T15:31:17Z","2020-07-17T15:31:29Z","2020-07-17T15:31:43Z","2020-07-17T15:31:51Z","2020-07-17T15:32:00Z","2020-07-17T15:32:12Z","2020-07-17T15:32:23Z","2020-07-17T15:32:33Z","2020-07-17T15:32:46Z","2020-07-17T15:32:58Z","2020-07-17T15:33:06Z","2020-07-17T15:33:14Z","2020-07-17T15:33:25Z","2020-07-17T15:33:34Z","2020-07-17T15:33:43Z","2020-07-17T15:33:52Z","2020-07-17T15:34:02Z","2020-07-17T15:34:15Z","2020-07-17T15:34:25Z","2020-07-17T15:34:35Z","2020-07-17T15:34:52Z","2020-07-17T15:35:00Z","2020-07-17T15:35:07Z","2020-07-17T15:35:17Z","2020-07-17T15:35:35Z","2020-07-17T15:35:44Z","2020-07-17T15:35:53Z","2020-07-17T15:36:02Z","2020-07-17T15:36:12Z","2020-07-17T15:36:22Z","2020-07-17T15:36:31Z","2020-07-17T15:36:40Z","2020-07-17T15:36:49Z","2020-07-17T15:36:59Z","2020-07-17T15:37:08Z","2020-07-17T15:37:16Z","2020-07-17T15:37:25Z","2020-07-17T15:37:33Z","2020-07-17T15:37:42Z","2020-07-17T15:37:52Z","2020-07-17T15:38:01Z","2020-07-17T15:38:11Z","2020-07-17T15:38:21Z","2020-07-17T15:38:32Z","2020-07-17T15:38:41Z","2020-07-17T15:38:51Z","2020-07-17T15:39:02Z","2020-07-17T15:39:11Z","2020-07-17T15:39:19Z","2020-07-17T15:39:29Z","2020-07-17T15:39:41Z","2020-07-17T15:39:49Z","2020-07-17T15:39:58Z","2020-07-17T15:40:06Z","2020-07-17T15:40:14Z","2020-07-17T15:40:22Z","2020-07-17T15:40:30Z","2020-07-17T15:40:39Z","2020-07-17T15:40:48Z","2020-07-17T15:40:57Z","2020-07-17T15:41:06Z","2020-07-17T15:41:14Z","2020-07-17T15:41:22Z","2020-07-17T15:41:31Z","2020-07-17T15:41:40Z","2020-07-17T15:41:50Z","2020-07-17T15:42:01Z","2020-07-17T15:42:09Z","2020-07-17T15:42:17Z","2020-07-17T15:42:25Z","2020-07-17T15:42:36Z","2020-07-17T15:42:54Z","2020-07-17T15:43:03Z","2020-07-17T15:43:14Z","2020-07-17T15:43:24Z","2020-07-17T15:43:34Z","2020-07-17T15:43:44Z","2020-07-17T15:43:53Z","2020-07-17T15:44:02Z","2020-07-17T15:44:13Z","2020-07-17T15:44:23Z","2020-07-17T15:44:32Z","2020-07-17T15:44:47Z","2020-07-17T15:44:56Z","2020-07-17T15:45:04Z","2020-07-17T15:45:13Z","2020-07-17T15:45:22Z","2020-07-17T15:45:32Z","2020-07-17T15:45:42Z","2020-07-17T15:45:57Z","2020-07-17T15:46:10Z","2020-07-17T15:46:20Z","2020-07-17T15:46:29Z","2020-07-17T15:46:37Z","2020-07-17T15:46:45Z","2020-07-17T15:46:54Z","2020-07-17T15:47:05Z","2020-07-17T15:47:15Z","2020-07-17T15:47:37Z","2020-07-17T15:47:48Z","2020-07-17T15:47:57Z","2020-07-17T15:48:06Z","2020-07-17T15:48:14Z","2020-07-17T15:48:22Z","2020-07-17T15:48:31Z","2020-07-17T15:48:40Z","2020-07-17T15:48:49Z","2020-07-17T15:48:58Z","2020-07-17T15:49:08Z","2020-07-17T15:49:17Z","2020-07-17T15:49:27Z","2020-07-17T15:49:36Z","2020-07-17T15:49:45Z","2020-07-17T15:49:58Z","2020-07-17T15:50:07Z","2020-07-17T15:50:26Z","2020-07-17T15:50:37Z","2020-07-17T15:50:47Z","2020-07-17T15:51:47Z","2020-07-17T15:52:07Z","2020-07-17T15:52:19Z","2020-07-17T15:52:32Z","2020-07-17T15:52:49Z","2020-07-17T15:53:00Z","2020-07-17T15:53:09Z","2020-07-17T15:53:19Z","2020-07-17T15:53:31Z","2020-07-17T15:53:48Z","2020-07-17T15:53:59Z","2020-07-17T15:54:09Z","2020-07-17T15:54:21Z","2020-07-17T15:54:35Z","2020-07-17T15:54:46Z","2020-07-17T15:55:01Z","2020-07-17T15:55:12Z","2020-07-17T15:55:26Z","2020-07-17T15:55:39Z","2020-07-17T15:55:53Z","2020-07-17T15:56:03Z","2020-07-17T15:56:11Z","2020-07-17T15:56:19Z","2020-07-17T15:56:28Z","2020-07-17T15:56:37Z","2020-07-17T15:56:47Z","2020-07-17T15:56:57Z","2020-07-17T15:57:05Z","2020-07-17T15:57:14Z","2020-07-17T15:57:23Z","2020-07-17T15:57:42Z","2020-07-17T15:58:04Z","2020-07-17T15:58:23Z","2020-07-17T15:58:41Z","2020-07-17T15:59:01Z","2020-07-17T15:59:23Z","2020-07-17T15:59:36Z","2020-07-17T15:59:47Z","2020-07-17T16:00:00Z","2020-07-17T16:00:12Z","2020-07-17T16:00:27Z","2020-07-17T16:00:36Z","2020-07-17T16:00:49Z","2020-07-17T16:01:25Z","2020-07-17T16:01:44Z","2020-07-17T16:01:56Z","2020-07-17T16:02:08Z","2020-07-17T16:02:17Z","2020-07-17T16:02:27Z","2020-07-17T16:02:40Z","2020-07-17T16:02:52Z","2020-07-17T16:03:02Z","2020-07-17T16:03:30Z","2020-07-17T16:03:43Z","2020-07-17T16:03:54Z","2020-07-17T16:04:06Z","2020-07-17T16:04:46Z","2020-07-17T16:05:03Z","2020-07-17T16:05:21Z","2020-07-17T16:06:07Z","2020-07-17T16:10:14Z","2020-07-17T16:12:34Z","2020-07-17T16:12:41Z","2020-07-17T16:12:48Z","2020-07-17T16:13:05Z","2020-07-17T16:13:27Z","2020-07-17T16:13:38Z","2020-07-17T16:13:47Z","2020-07-17T16:14:01Z","2020-07-17T16:14:14Z","2020-07-17T16:14:26Z","2020-07-17T16:14:40Z","2020-07-17T16:14:52Z","2020-07-17T16:15:03Z","2020-07-17T16:15:19Z","2020-07-17T16:15:33Z","2020-07-17T16:15:51Z","2020-07-17T16:16:03Z","2020-07-17T16:16:23Z","2020-07-17T16:16:33Z","2020-07-17T16:16:51Z","2020-07-17T16:17:07Z","2020-07-17T16:17:23Z","2020-07-17T16:17:34Z","2020-07-17T16:17:53Z","2020-07-17T16:18:11Z","2020-07-17T16:18:33Z","2020-07-17T16:18:59Z","2020-07-17T16:19:10Z","2020-07-17T16:19:26Z","2020-07-17T16:19:43Z","2020-07-17T16:19:53Z","2020-07-17T16:20:03Z","2020-07-17T16:20:18Z","2020-07-17T16:20:32Z","2020-07-17T16:20:44Z","2020-07-17T16:20:53Z","2020-07-17T16:21:08Z","2020-07-17T16:21:23Z","2020-07-17T16:21:36Z","2020-07-17T16:21:59Z","2020-07-17T16:22:11Z","2020-07-17T16:22:22Z","2020-07-17T16:22:30Z","2020-07-17T16:22:38Z","2020-07-17T16:22:46Z","2020-07-17T16:22:54Z","2020-07-17T16:23:03Z","2020-07-17T16:23:11Z","2020-07-17T16:23:18Z","2020-07-17T16:23:26Z","2020-07-17T16:23:34Z","2020-07-17T16:23:43Z","2020-07-17T16:23:51Z","2020-07-17T16:24:00Z","2020-07-17T16:24:10Z","2020-07-17T16:24:32Z","2020-07-17T16:24:41Z","2020-07-17T16:24:49Z","2020-07-17T16:24:56Z","2020-07-17T16:25:03Z","2020-07-17T16:25:10Z","2020-07-17T16:25:19Z","2020-07-17T16:25:33Z","2020-07-17T16:25:39Z","2020-07-17T16:25:45Z","2020-07-17T16:25:51Z","2020-07-17T16:25:57Z","2020-07-17T16:26:04Z","2020-07-17T16:26:10Z","2020-07-17T16:26:16Z","2020-07-17T16:26:23Z","2020-07-17T16:26:29Z","2020-07-17T16:26:35Z","2020-07-17T16:27:23Z","2020-07-17T16:27:32Z","2020-07-17T16:27:45Z","2020-07-17T16:28:07Z","2020-07-17T16:28:16Z","2020-07-17T16:28:26Z","2020-07-17T16:28:34Z","2020-07-17T16:28:42Z","2020-07-17T16:28:51Z","2020-07-17T16:29:06Z","2020-07-17T16:29:20Z","2020-07-17T16:30:19Z"]}},"geometry":{"type":"LineString","coordinates":[[-7.145219743251801,62.152594551444054,6.8984375],[-7.14494657702744,62.152793034911156,8.9609375],[-7.145177749916911,62.15309143066406,8.8828125],[-7.145257377997041,62.1532189194113,9.4765625],[-7.145305993035436,62.153315311297774,9.99609375],[-7.145361062139273,62.153407176956534,10.4375],[-7.145446389913559,62.1535003837198,10.70703125],[-7.145535992458463,62.15359543450177,10.96875],[-7.145601622760296,62.15369191020727,11.38671875],[-7.145682172849774,62.153781931847334,11.6171875],[-7.145772445946932,62.15386927127838,12.01953125],[-7.14586422778666,62.15397178195417,12.62890625],[-7.145960284397006,62.15406867675483,13.08203125],[-7.146030189469457,62.1541653200984,13.69140625],[-7.146126665174961,62.1542517375201,13.91796875],[-7.146206209436059,62.154346620664,14.33984375],[-7.146288771182299,62.15443731285632,14.64453125],[-7.146397484466434,62.1545228920877,14.60546875],[-7.146529415622354,62.15460553765297,14.37890625],[-7.146680289879441,62.15468089096248,14.609375],[-7.146846754476428,62.15475423261523,14.9609375],[-7.147019086405635,62.15482883155346,15.328125],[-7.147155627608299,62.154896557331085,15.83203125],[-7.147294767200947,62.15493871830404,15.796875],[-7.14742929674685,62.155007030814886,16.38671875],[-7.147583775222302,62.1550805401057,16.93359375],[-7.147737918421626,62.15514340437949,17.23046875],[-7.147898348048329,62.15521146543324,17.5625],[-7.147952495142818,62.15529981069267,19.01953125],[-7.147875046357513,62.15536586008966,20.93359375],[-7.147668516263366,62.15534130111337,21.875],[-7.147450083866715,62.1553136408329,22.81640625],[-7.147248080000281,62.15530048124492,23.89453125],[-7.147036353126168,62.1552634332329,24.4296875],[-7.146828230470419,62.15522118844092,24.85546875],[-7.146639302372932,62.15518958866596,25.40234375],[-7.146427491679788,62.155164275318384,26.3671875],[-7.146223308518529,62.15512152761221,27.31640625],[-7.146020969375968,62.155083641409874,28.3671875],[-7.145828688517213,62.15504583902657,29.3515625],[-7.14563213288784,62.15502178296447,30.69140625],[-7.14545326307416,62.15497626923025,31.80078125],[-7.145277746021748,62.15492757037282,32.73828125],[-7.145101139321923,62.15487241744995,33.47265625],[-7.144958814606071,62.15482254512608,33.8828125],[-7.144806012511253,62.154768062755466,34.25],[-7.144660167396069,62.15471098199487,34.75],[-7.144525889307261,62.1546455193311,34.83203125],[-7.144371913745999,62.15458349324763,35.37890625],[-7.144217854365706,62.15452406555414,35.921875],[-7.144085252657533,62.154452903196216,35.84375],[-7.143939156085253,62.15437981300056,35.66796875],[-7.143778642639518,62.15431108139455,35.484375],[-7.143608573824167,62.15424603782594,35.41015625],[-7.143466081470251,62.15418141335249,35.05078125],[-7.143306406214833,62.1541050542146,34.48828125],[-7.143160812556744,62.15402408502996,33.62890625],[-7.143013207241893,62.15396147221327,32.95703125],[-7.142869457602501,62.153897769749165,32.21484375],[-7.142718248069286,62.15383272618055,31.484375],[-7.142573492601514,62.15376860462129,31.25390625],[-7.142428569495678,62.153695514425635,31.60546875],[-7.142282892018557,62.153625609353185,31.95703125],[-7.14213453233242,62.15357439592481,32.48046875],[-7.142000840976834,62.153527876362205,32.94921875],[-7.141883242875338,62.15347582474351,33.27734375],[-7.141714263707399,62.15340835042298,33.80859375],[-7.141570681706071,62.153334924951196,34.140625],[-7.141412599012256,62.15326024219394,34.55078125],[-7.141274297609925,62.153190756216645,34.8828125],[-7.141216043382883,62.15316032990813,35.01171875],[-7.141050333157182,62.15310467407107,35.60546875],[-7.140884455293417,62.15304524637759,36.171875],[-7.140739616006613,62.15298087336123,36.578125],[-7.140595614910126,62.15291784144938,37.9765625],[-7.140447925776243,62.15286034159362,39.99609375],[-7.140303840860724,62.15280015952885,42.2734375],[-7.140177190303803,62.15273721143603,44.66796875],[-7.140053557232022,62.152661019936204,47.53125],[-7.139939311891794,62.15259295888245,50.3671875],[-7.139803022146225,62.152528669685125,53.640625],[-7.139603113755584,62.15249455533922,57.33203125],[-7.139418376609683,62.1525368001312,58.80078125],[-7.139384681358933,62.15264241211116,56.2734375],[-7.139462046325207,62.15273318812251,52.7734375],[-7.13950420729816,62.152828657999635,49.67578125],[-7.139510745182633,62.1529321745038,46.80078125],[-7.139519713819027,62.15302404016256,46.03515625],[-7.139542177319527,62.15302529744804,45.83203125],[-7.139556594192982,62.153122359886765,46.01953125],[-7.139533124864101,62.15322730131447,46.5546875],[-7.139418292790651,62.15330324135721,47.67578125],[-7.139236237853766,62.153326626867056,49.1015625],[-7.139049824327231,62.15327030047774,50.48046875],[-7.138847149908543,62.153225373476744,52.20703125],[-7.138660065829754,62.15316988527775,53.9140625],[-7.138475496321917,62.15311733074486,55.65625],[-7.138275587931275,62.15310417115688,57.515625],[-7.138067549094558,62.15309268794954,59.4453125],[-7.13786437176168,62.15310836210847,61.2265625],[-7.137674270197749,62.153121856972575,62.87109375],[-7.137470338493586,62.15312789194286,64.66015625],[-7.137292642146349,62.15315186418593,66.0390625],[-7.137080244719982,62.153147757053375,67.484375],[-7.136878911405802,62.1531827095896,68.57421875],[-7.13681772351265,62.153251273557544,68.46484375],[-7.136947391554713,62.15334012173116,67.01171875],[-7.136942865327001,62.15329737402499,67.33984375],[-7.136948984116316,62.15331941843033,67.14453125],[-7.137026600539684,62.15341321192682,66.0234375],[-7.137109246104956,62.1534694544971,65.1640625],[-7.137221815064549,62.15355704538524,63.96875],[-7.137317033484578,62.15364430099726,62.921875],[-7.137404624372721,62.153750751167536,61.73828125],[-7.137499004602432,62.15384337119758,61.8203125],[-7.137591121718288,62.15394990518689,63.359375],[-7.137677287682891,62.15404353104532,64.7109375],[-7.1377994120121,62.15414335951209,66.0078125],[-7.137921955436468,62.15422818437219,67.03515625],[-7.138083390891552,62.15430705808103,67.76953125],[-7.138225631788373,62.15438961982727,68.625],[-7.138367034494877,62.154466984793544,69.328125],[-7.138488488271833,62.15454946272075,70.296875],[-7.13861052878201,62.154630767181516,71.26953125],[-7.138743214309216,62.1547266561538,73.08984375],[-7.138865757733584,62.154811983928084,74.7109375],[-7.139003723859787,62.15489387512207,76.20703125],[-7.139147138223052,62.15499110519886,78.28125],[-7.139269094914198,62.155073499307036,80.0703125],[-7.139415862038732,62.15515882708132,81.8671875],[-7.139581572264433,62.15522420592606,83.05859375],[-7.139762034639716,62.15530282817781,84.60546875],[-7.139900922775269,62.15538019314408,86.4140625],[-7.140041403472424,62.155467784032226,88.66796875],[-7.140174591913819,62.15556568466127,92.0859375],[-7.140323370695114,62.15564128942788,94.4296875],[-7.140479693189263,62.15571831911802,96.62890625],[-7.140614474192262,62.155805910006166,99.12890625],[-7.140799630433321,62.15592736378312,102.2421875],[-7.140927454456687,62.15600598603487,104.05078125],[-7.141054440289736,62.1560906432569,105.9453125],[-7.141191735863686,62.15616641566157,107.35546875],[-7.141355434432626,62.15625861659646,108.9375],[-7.141527095809579,62.156347716227174,110.87109375],[-7.141691464930773,62.15642767958343,112.76171875],[-7.141850301995874,62.15649071149528,113.83203125],[-7.142058424651623,62.15654544532299,113.9296875],[-7.142289178445935,62.156585678458214,113.078125],[-7.142481207847595,62.15663094073534,112.97265625],[-7.142679272219539,62.15666673146188,112.41796875],[-7.142874570563436,62.1567072160542,111.96875],[-7.143057715147734,62.15675407089293,111.7578125],[-7.143229795619845,62.156797824427485,111.40234375],[-7.143401959910989,62.15684283524752,111.00390625],[-7.143588541075587,62.15689731761813,110.75390625],[-7.143761962652206,62.15694911777973,110.55859375],[-7.143940916284919,62.15699203312397,110.015625],[-7.14412565343082,62.157036205753684,109.76171875],[-7.144289100542665,62.157082641497254,109.890625],[-7.144514406099916,62.15711717493832,109.140625],[-7.144717667251825,62.15715950354934,108.68359375],[-7.144883712753654,62.15722404420376,109.11328125],[-7.145071718841791,62.15727500617504,109.03125],[-7.145257880911231,62.15732580050826,108.875],[-7.145421076565981,62.15740383602679,109.51171875],[-7.145562479272485,62.15748656541109,110.33984375],[-7.145718634128571,62.15757189318538,110.91015625],[-7.145893145352602,62.15768395923078,111.6796875],[-7.14596682228148,62.15778060257435,113.0703125],[-7.146074697375298,62.1578782517463,114.0234375],[-7.146137394011021,62.15797187760472,115.31640625],[-7.146195396780968,62.15805921703577,116.296875],[-7.146275108680129,62.15815192088485,116.99609375],[-7.146350294351578,62.15823867358267,117.5234375],[-7.14639144949615,62.15834009461105,118.7109375],[-7.146408213302493,62.158481078222394,120.9140625],[-7.146438639611006,62.15859138406813,122.3046875],[-7.146495468914509,62.158689703792334,122.9453125],[-7.146499324589968,62.15878718532622,124.5],[-7.146527906879783,62.15889606624842,125.8828125],[-7.146555818617344,62.15900704264641,127.29296875],[-7.146577192470431,62.159101171419024,128.51953125],[-7.146599572151899,62.15919923968613,129.7734375],[-7.146616084501147,62.159304516389966,131.26171875],[-7.14662111364305,62.15940384194255,132.8828125],[-7.146601499989629,62.15952403843403,135.4140625],[-7.146614408120513,62.1596188377589,136.77734375],[-7.146634608507156,62.159731993451715,137.56640625],[-7.146648606285453,62.15982846915722,138.26171875],[-7.146641565486789,62.15992528013885,139.44921875],[-7.146615078672767,62.160031562671065,141.19140625],[-7.146579707041383,62.160142958164215,143.20703125],[-7.146567134186626,62.16024370864034,144.58203125],[-7.146553136408329,62.1603456325829,146.00390625],[-7.146530840545893,62.16044529341161,147.60546875],[-7.146444423124194,62.16052643023431,150.6484375],[-7.146400669589639,62.16062542051077,152.8203125],[-7.146367561072111,62.160710245370865,154.51953125],[-7.146295476704836,62.16080814599991,157.70703125],[-7.146229846403003,62.160897413268685,160.60546875],[-7.146151894703507,62.16098802164197,163.95703125],[-7.146080480888486,62.1610866766423,167.12109375],[-7.146041002124548,62.16117954812944,169.1015625],[-7.146028429269791,62.161282896995544,170.17578125],[-7.14598786085844,62.16138624586165,172.62109375],[-7.145951315760613,62.161501832306385,175.046875],[-7.145902197808027,62.16159889474511,177.6953125],[-7.145857941359282,62.16169646009803,180.140625],[-7.145796837285161,62.161803832277656,183.20703125],[-7.145655769854784,62.161900056526065,188.7890625],[-7.145457621663809,62.16197079978883,194.68359375],[-7.14537950232625,62.16206434182823,197.53515625],[-7.145355949178338,62.16216014698148,199.21484375],[-7.145330216735601,62.16226131655276,201.47265625],[-7.145309681072831,62.162362737581134,203.59765625],[-7.145285792648792,62.16248134151101,206.08203125],[-7.145284535363317,62.16258963569999,207.8046875],[-7.145268693566322,62.162700444459915,209.953125],[-7.145284283906221,62.162803038954735,211.14453125],[-7.145289815962315,62.162895826622844,212.4453125],[-7.145261904224753,62.16299205087125,214.5859375],[-7.145252851769328,62.16308584436774,216.015625],[-7.145228376612067,62.16318718157709,217.92578125],[-7.145236926153302,62.16329589486122,219.08203125],[-7.145245056599379,62.163413828238845,220.375],[-7.145300628617406,62.163515919819474,220.3359375],[-7.145355446264148,62.163616586476564,220.34375],[-7.145394757390022,62.16371666640043,220.75],[-7.145415795966983,62.16382420621812,221.41796875],[-7.145473044365645,62.16393015347421,220.62109375],[-7.145533980801702,62.16402688063681,219.6953125],[-7.145577147603035,62.164143305271864,219.26953125],[-7.145600114017725,62.164237601682544,219.19921875],[-7.145618554204702,62.164337346330285,219.2578125],[-7.145614698529244,62.16443868353963,219.83203125],[-7.145614866167307,62.16453398577869,220.28515625],[-7.145556779578328,62.164628114551306,222.03125],[-7.145399870350957,62.16472157277167,225.41796875],[-7.145246984437108,62.16479105874896,228.80078125],[-7.145092254504561,62.164860209450126,232.2578125],[-7.145019080489874,62.16494754888117,233.8203125],[-7.144924029707909,62.16504662297666,235.8984375],[-7.144844233989716,62.16514955274761,237.640625],[-7.144802324473858,62.16523731127381,238.58984375],[-7.144751278683543,62.16531978920102,240.015625],[-7.144717918708921,62.16543411836028,240.890625],[-7.144658239558339,62.16556177474558,242.96484375],[-7.144696963950992,62.16564844362438,242.08984375],[-7.144812047481537,62.165734861046076,239.04296875],[-7.144941966980696,62.16580828651786,236.375],[-7.145083788782358,62.165871150791645,233.484375],[-7.145209684967995,62.16595044359565,231.109375],[-7.145318314433098,62.16603325679898,229.2109375],[-7.145407414063811,62.1661168243736,227.80859375],[-7.145508835092187,62.16620106250048,226.22265625],[-7.145624672994018,62.166299214586616,224.59375],[-7.145717293024063,62.16638579964638,224.16015625],[-7.145830867812038,62.166483867913485,223.59375],[-7.145932707935572,62.16657950542867,223.265625],[-7.146041672676802,62.166669107973576,222.765625],[-7.146144350990653,62.16676030308008,222.4609375],[-7.145967492833734,62.166796093806624,226.20703125],[-7.145870430395007,62.16687806881964,229.265625],[-7.14586615562439,62.166979406028986,230.984375],[-7.14589599519968,62.1670788154006,232.09375],[-7.145920470356941,62.1671771351248,233.29296875],[-7.145985681563616,62.16727176681161,233.73828125],[-7.145994398742914,62.167375870049,235.28515625],[-7.146050976589322,62.16746865771711,235.8203125],[-7.146031362935901,62.167583322152495,238.0234375],[-7.145969420671463,62.167689353227615,240.83984375],[-7.145979646593332,62.16778742149472,242.2578125],[-7.146045276895165,62.16789127327502,242.78125],[-7.146145440638065,62.16797039844096,242.19921875],[-7.146261194720864,62.16805119998753,241.0546875],[-7.14635968208313,62.16813820414245,240.2265625],[-7.14639388024807,62.16822889633477,240.59765625],[-7.146436041221023,62.16833165846765,240.91796875],[-7.146444926038384,62.16844263486564,241.95703125],[-7.146478537470102,62.16855050995946,242.4453125],[-7.146494714543223,62.168662743642926,243.3359375],[-7.146532433107495,62.16876114718616,243.62890625],[-7.146596303209662,62.16886382550001,243.07421875],[-7.146636787801981,62.1689610555768,242.859375],[-7.146683223545551,62.1690612193197,242.5546875],[-7.146702250465751,62.169163562357426,242.8203125],[-7.146716080605984,62.169257774949074,243.14453125],[-7.146674254909158,62.16934368945658,244.5078125],[-7.146687246859074,62.16942289844155,244.75390625],[-7.146725887432694,62.16950780712068,244.5390625],[-7.146740723401308,62.169633535668254,244.953125],[-7.146712560206652,62.16973353177309,245.3359375],[-7.146711386740208,62.169837299734354,245.19140625],[-7.14666067622602,62.16993721202016,245.8671875],[-7.146631088107824,62.17004131525755,246.1171875],[-7.146513992920518,62.17011063359678,247.7109375],[-7.146409973502159,62.17019336298108,249.421875],[-7.146359514445067,62.170296208932996,250.0859375],[-7.146286759525538,62.17040986754,251.1171875],[-7.146132281050086,62.17049670405686,253.4453125],[-7.145909573882818,62.17056476511061,256.640625],[-7.145688878372312,62.17060365714133,259.97265625],[-7.145556109026074,62.17068353667855,260.76171875],[-7.145381011068821,62.170755956321955,262.3828125],[-7.145161656662822,62.17078520916402,265.6796875],[-7.145049842074513,62.170845391228795,266.05859375],[-7.144797798246145,62.17088143341243,269.4375],[-7.144589172676206,62.17091512866318,272.265625],[-7.144387420266867,62.170950416475534,274.859375],[-7.144204610958695,62.17099266126752,276.81640625],[-7.144022639840841,62.17106072232127,277.83203125],[-7.143839076161385,62.171098440885544,279.42578125],[-7.143640257418156,62.17113683000207,281.0703125],[-7.143428865820169,62.17116583138704,283.1875],[-7.143226861953735,62.17119835317135,285.00390625],[-7.143030473962426,62.17122970148921,286.3125],[-7.142818747088313,62.17125593684614,287.66015625],[-7.142618000507355,62.17128116637468,288.91015625],[-7.142427898943424,62.17130706645548,290.04296875],[-7.142203683033586,62.171333469450474,291.3359375],[-7.142022801563144,62.17137495987117,291.45703125],[-7.141836220398545,62.17145844362676,289.91796875],[-7.141607813537121,62.171497670933604,290.3125],[-7.141408827155829,62.171544609591365,290.1328125],[-7.141191903501749,62.17156740836799,291.18359375],[-7.141004987061024,62.17160118743777,291.4296875],[-7.140784375369549,62.17162071727216,292.53515625],[-7.14058849029243,62.17167335562408,291.890625],[-7.140384307131171,62.1717188693583,291.625],[-7.140205772593617,62.17177662067115,290.47265625],[-7.140020281076431,62.171803610399365,290.78125],[-7.140074511989951,62.17179103754461,290.921875],[-7.139846021309495,62.17182154767215,291.39453125],[-7.139664217829704,62.17188893817365,289.7578125],[-7.139506051316857,62.17194023542106,288.6484375],[-7.139415359124541,62.171999495476484,286.4609375],[-7.139362134039402,62.17206973582506,283.33984375],[-7.139185443520546,62.17210485599935,283.0390625],[-7.13897405192256,62.172148860991,283.3125],[-7.13877665810287,62.172199906781316,283.98046875],[-7.13858806528151,62.17224265448749,284.65625],[-7.138399053364992,62.17228573746979,285.2109375],[-7.138226218521595,62.172345500439405,284.96484375],[-7.138053802773356,62.172386487945914,285.421875],[-7.137886164709926,62.17244633473456,285.2578125],[-7.137744007632136,62.172511545941234,284.49609375],[-7.137565724551678,62.172570303082466,284.1953125],[-7.13735961355269,62.172578601166606,285.9296875],[-7.137154676020145,62.17258824035525,287.57421875],[-7.136964993551374,62.172605004161596,288.75],[-7.136770784854889,62.172650434076786,288.7109375],[-7.136586550623179,62.17267993837595,289.1484375],[-7.136380271986127,62.17270977795124,289.90625],[-7.13618497364223,62.17273601330817,290.84375],[-7.13599587790668,62.17277146875858,291.22265625],[-7.135830838233233,62.17282645404339,290.328125],[-7.135655907914043,62.17286115512252,290.4296875],[-7.135464549064636,62.172875571995974,291.8671875],[-7.135268077254295,62.17291605658829,291.9921875],[-7.13509188964963,62.17296869494021,291.64453125],[-7.134899105876684,62.173023680225015,292.28125],[-7.134697269648314,62.17305871658027,293.55078125],[-7.134494762867689,62.17308746650815,295],[-7.134294854477048,62.173093501478434,297.0234375],[-7.134117325767875,62.17311529442668,298.28515625],[-7.133917668834329,62.17313826084137,299.609375],[-7.133723124861717,62.17318017035723,300.01171875],[-7.133512319996953,62.17321361415088,300.74609375],[-7.133309142664075,62.173258708789945,300.875],[-7.133119879290462,62.17327228747308,301.9921875],[-7.132914774119854,62.173287123441696,303.23828125],[-7.132750991731882,62.17335233464837,302.03515625],[-7.132580671459436,62.17341192997992,300.99609375],[-7.132398951798677,62.173459036275744,300.4609375],[-7.132204575464129,62.17350672930479,299.9921875],[-7.132008774206042,62.173532797023654,300.4765625],[-7.131846752017736,62.173588536679745,299.296875],[-7.131658913567662,62.17363279312849,298.76953125],[-7.131482809782028,62.173709738999605,296.5625],[-7.131342245265842,62.17379012145102,294.30859375],[-7.131236884742975,62.17386865988374,293.921875],[-7.131065726280212,62.17393856495619,294.09375],[-7.130899094045162,62.174009811133146,293.99609375],[-7.130721397697926,62.17405750416219,294.296875],[-7.130534984171391,62.17407192103565,295.3984375],[-7.130345217883587,62.17409555800259,296.28515625],[-7.13016701862216,62.17413713224232,296.5],[-7.129960991442204,62.17416252940893,297.234375],[-7.129775164648891,62.174203768372536,297.37109375],[-7.129585398361087,62.17424559406936,297.796875],[-7.129395296797156,62.1742937900126,297.8671875],[-7.129245512187481,62.17435170896351,297.08984375],[-7.129069743677974,62.174392864108086,296.99609375],[-7.128880564123392,62.1744248829782,297.3984375],[-7.128702364861965,62.17445069923997,297.9609375],[-7.128504551947117,62.17448213137686,298.359375],[-7.128336327150464,62.17453954741359,297.21484375],[-7.128179166465998,62.17459159903228,296.046875],[-7.127977246418595,62.17458422295749,298.54296875],[-7.127743642777205,62.17461246997118,299.71484375],[-7.127532418817282,62.17461984604597,301.69140625],[-7.127327984198928,62.17463443055749,303.53125],[-7.12715020403266,62.1746944449842,303.9921875],[-7.127014501020312,62.17476652935147,303.42578125],[-7.126844516023994,62.174816485494375,303.640625],[-7.126655671745539,62.17485152184963,304.3203125],[-7.126467246562243,62.17486317269504,305.66015625],[-7.126266583800316,62.17489695176482,306.2421875],[-7.12606692686677,62.174911284819245,307.45703125],[-7.125893421471119,62.17496518045664,306.85546875],[-7.125710025429726,62.17501471750438,306.375],[-7.125549344345927,62.17508730478585,305.12109375],[-7.125394027680159,62.17514933086932,304.2265625],[-7.125236615538597,62.1752087585628,303.22265625],[-7.125075599178672,62.175268940627575,301.9765625],[-7.124899076297879,62.175331050530076,300.515625],[-7.124748453497887,62.175390562042594,298.95703125],[-7.124563967809081,62.175440518185496,298.35546875],[-7.124380907043815,62.17549483291805,298.9140625],[-7.124221315607429,62.175556775182486,299.27734375],[-7.124013276770711,62.175601702183485,300.34765625],[-7.12381630204618,62.17564235441387,302.12890625],[-7.123628631234169,62.17570890672505,303.10546875],[-7.123441966250539,62.175760539248586,304.2890625],[-7.1232367772609,62.175811333581805,305.59765625],[-7.123044664040208,62.175857769325376,306.9296875],[-7.122867302969098,62.17589657753706,308.25390625],[-7.122641997411847,62.17594594694674,309.70703125],[-7.122460948303342,62.175992550328374,310.4296875],[-7.12226640433073,62.176044937223196,311.390625],[-7.122074039652944,62.17610076069832,313.03125],[-7.12189600802958,62.17615507543087,314.2421875],[-7.121710516512394,62.17621425166726,315.1796875],[-7.121509602293372,62.17626839876175,316.41015625],[-7.121311286464334,62.17632279731333,319.3359375],[-7.121115066111088,62.17636554501951,322.67578125],[-7.120938207954168,62.17640234157443,325.53515625],[-7.120765373110771,62.1764693967998,327.07421875],[-7.120603434741497,62.17652605846524,328.91796875],[-7.12044769898057,62.17658079229295,331.30859375],[-7.120241252705455,62.17662655748427,335.2890625],[-7.120059030130506,62.17667701654136,338.22265625],[-7.119837999343872,62.176710376515985,342.765625],[-7.119645634666085,62.176770055666566,346.4453125],[-7.119455449283123,62.17682923190296,350.00390625],[-7.119269371032715,62.17688648030162,353.39453125],[-7.119014225900173,62.176936604082584,359.234375],[-7.118835356086493,62.176980106160045,362.828125],[-7.118641817942262,62.17701422050595,367.3828125],[-7.118490859866142,62.17708043754101,369.06640625],[-7.118306457996368,62.17712452635169,373.0078125],[-7.118119960650802,62.1771636698395,377.18359375],[-7.117942431941629,62.17721940949559,379.5703125],[-7.117791054770351,62.17729954048991,380.23046875],[-7.117629535496235,62.17736802063882,381.60546875],[-7.117466842755675,62.17742895707488,383.296875],[-7.117290403693914,62.17747924849391,385.4375],[-7.117100553587079,62.17750900425017,387.5859375],[-7.116877594962716,62.17751428484917,391.36328125],[-7.116675088182092,62.17754169367254,393.94140625],[-7.116476353257895,62.17757253907621,396.24609375],[-7.116249455139041,62.17759986408055,397.88671875],[-7.116043427959085,62.1776385884732,398.93359375],[-7.115835137665272,62.177680749446154,399.95703125],[-7.115617040544748,62.17770924791694,401.4453125],[-7.115447474643588,62.17775886878371,401.23046875],[-7.115237172693014,62.1778027061373,401.65625],[-7.115022512152791,62.17783153988421,402.67578125],[-7.114829812198877,62.17786934226751,403.30078125],[-7.114640045911074,62.1779115870595,403.1796875],[-7.114441143348813,62.177942264825106,403.51953125],[-7.114226063713431,62.17793799005449,404.91015625],[-7.114036548882723,62.17797621153295,404.91796875],[-7.113831862807274,62.17796741053462,405.234375],[-7.113615022972226,62.17800018377602,404.046875],[-7.113402374088764,62.178010661154985,403.56640625],[-7.11319936439395,62.17804913409054,402.37109375],[-7.113042203709483,62.17802172526717,402.828125],[-7.11302493698895,62.17802164144814,402.796875],[-7.11311780847609,62.1780339628458,402.65625],[-7.113026445731521,62.17802977189422,402.58984375],[-7.112785717472434,62.17803178355098,402.078125],[-7.112560160458088,62.178050642833114,401.2109375],[-7.112361928448081,62.17806036584079,400.640625],[-7.11217375472188,62.17804226092994,400.68359375],[-7.111984323710203,62.178109399974346,399.015625],[-7.111787432804704,62.17813999392092,398.16015625],[-7.111595487222076,62.17815449461341,397.65625],[-7.111422317102552,62.178212916478515,396.4921875],[-7.111222073435783,62.178239319473505,395.9140625],[-7.111007077619433,62.178264297544956,395.41015625],[-7.11080364882946,62.178241331130266,395.5859375],[-7.110626958310604,62.178203109651804,395.89453125],[-7.110397210344672,62.1782239805907,395.3671875],[-7.110173162072897,62.17824887484312,394.8515625],[-7.109983898699284,62.17824191786349,394.70703125],[-7.109802514314652,62.17825080268085,394.4765625],[-7.10958450101316,62.17826010659337,394.49609375],[-7.109364056959748,62.17825566418469,394.62890625],[-7.109158029779792,62.17822733335197,394.9296875],[-7.108983099460602,62.17830159701407,394.4765625],[-7.108798278495669,62.17835138551891,394.3359375],[-7.108598202466965,62.17835054732859,394.57421875],[-7.10839569568634,62.17832992784679,394.921875],[-7.108173239976168,62.17832104302943,395.20703125],[-7.107977271080017,62.178300423547626,395.41015625],[-7.107762107625604,62.17828391119838,395.5859375],[-7.10752297192812,62.17831123620272,395.59765625],[-7.107341252267361,62.1783223003149,395.65234375],[-7.107124328613281,62.17835381627083,395.796875],[-7.106925426051021,62.17836714349687,395.984375],[-7.106701713055372,62.17839798890054,396.14453125],[-7.106531141325831,62.17845247127116,396.15234375],[-7.106379680335522,62.178519777953625,396],[-7.106204247102141,62.17856302857399,395.95703125],[-7.106001824140549,62.178582809865475,396.03125],[-7.10593443363905,62.178636034950614,395.96875],[-7.105760844424367,62.178693702444434,396.01953125],[-7.105561858043075,62.1787094604224,396.20703125],[-7.105357339605689,62.178704934194684,396.43359375],[-7.105197245255113,62.178659588098526,396.6328125],[-7.105063470080495,62.17858691699803,396.79296875],[-7.104904046282172,62.17852539382875,396.9453125],[-7.104755016043782,62.178458254784346,397.12109375],[-7.104616966098547,62.178396647796035,397.28515625],[-7.104492243379355,62.17831534333527,397.36328125],[-7.104516215622425,62.17838424257934,397.40234375],[-7.104545552283526,62.17839404940605,397.375],[-7.104472042992711,62.17833143658936,397.40234375],[-7.104264590889216,62.178328251466155,397.62890625],[-7.104051019996405,62.17833864502609,397.8828125],[-7.103838371112943,62.17834887094796,398.15234375],[-7.103618429973722,62.17836353927851,398.45703125],[-7.103414246812463,62.17839648015797,398.8359375],[-7.103218697011471,62.1784224640578,399.2109375],[-7.103008311241865,62.17843503691256,399.6796875],[-7.102818880230188,62.17844082042575,400.11328125],[-7.102602543309331,62.17843956314027,400.56640625],[-7.102405317127705,62.17842372134328,400.85546875],[-7.102187471464276,62.17841383069754,401.4765625],[-7.101961160078645,62.178401593118906,402.20703125],[-7.101735770702362,62.178386840969324,402.89453125],[-7.101538293063641,62.178367814049125,403.4140625],[-7.101346598938108,62.17838357202709,404.19140625],[-7.101155826821923,62.17835205607116,404.390625],[-7.100977124646306,62.178346859291196,404.84765625],[-7.100771432742477,62.17833294533193,405.25390625],[-7.100586611777544,62.178304782137275,405.32421875],[-7.100397348403931,62.178307715803385,405.7890625],[-7.100214455276728,62.178284749388695,405.8359375],[-7.100020330399275,62.17824887484312,405.671875],[-7.099814722314477,62.178223729133606,405.6640625],[-7.099614562466741,62.17820470221341,405.65625],[-7.099445080384612,62.17814720235765,404.921875],[-7.099264282733202,62.17811057344079,404.546875],[-7.099077282473445,62.17807034030557,404.09375],[-7.098913583904505,62.17800948768854,403.125],[-7.098737647756934,62.17796850018203,402.38671875],[-7.0985390804708,62.17794972471893,402.01953125],[-7.09834654815495,62.177934385836124,401.62109375],[-7.09815208800137,62.17793840914965,401.7265625],[-7.097958466038108,62.17795165255666,402.06640625],[-7.097765682265163,62.177942683920264,401.83203125],[-7.097563343122602,62.17792047187686,401.203125],[-7.097373744472861,62.177908569574356,400.84375],[-7.097211051732302,62.17786221764982,399.046875],[-7.097055986523628,62.17778988182545,396.453125],[-7.096894634887576,62.17773447744548,394.34765625],[-7.096700174733996,62.177694495767355,392.59375],[-7.096477383747697,62.17767228372395,391.22265625],[-7.09627035073936,62.177679408341646,390.50390625],[-7.096092822030187,62.17768753878772,389.94140625],[-7.09591462276876,62.177658788859844,388.3828125],[-7.095722341910005,62.177615370601416,386.390625],[-7.095559649169445,62.17756021767855,384.38671875],[-7.095385724678636,62.17751554213464,382.67578125],[-7.095189336687326,62.17749827541411,381.61328125],[-7.095013568177819,62.17746851965785,380.26171875],[-7.094809804111719,62.177444798871875,379.0234375],[-7.094604782760143,62.177417892962694,377.9453125],[-7.094432367011905,62.177406745031476,377.36328125],[-7.094247881323099,62.17739467509091,376.7421875],[-7.094064317643642,62.17737807892263,376.0078125],[-7.093853680416942,62.177363159134984,375.28515625],[-7.093653101474047,62.1773795876652,375.3984375],[-7.093448415398598,62.17738880775869,375.30859375],[-7.093254709616303,62.17739190906286,375.08203125],[-7.093068128451705,62.17739911749959,375.26953125],[-7.092879367992282,62.17741185799241,375.796875],[-7.092680968344212,62.17741881497204,376.1796875],[-7.092485670000315,62.17739660292864,375.8984375],[-7.092265645042062,62.17737715691328,375.61328125],[-7.092055510729551,62.17737338505685,375.45703125],[-7.091852249577642,62.17737036757171,375.31640625],[-7.091668685898185,62.177353855222464,374.91015625],[-7.091471375897527,62.17739073559642,375.640625],[-7.091277586296201,62.177408169955015,376.1484375],[-7.091084215790033,62.17742250300944,376.58203125],[-7.090879529714584,62.17743951827288,377.0703125],[-7.090669563040137,62.17745276167989,377.45703125],[-7.090463452041149,62.17745234258473,377.203125],[-7.09027343429625,62.177470196038485,377.31640625],[-7.090081572532654,62.177481427788734,377.3046875],[-7.089891470968723,62.17749726958573,377.37890625],[-7.089698016643524,62.17748947441578,377.09375],[-7.089500706642866,62.17752669006586,377.6875],[-7.089358549565077,62.1775970980525,378.90625],[-7.089162915945053,62.17762693762779,379.3125],[-7.088954541832209,62.177657866850495,379.71484375],[-7.088749101385474,62.17767077498138,379.78125],[-7.088550450280309,62.17765317298472,379.31640625],[-7.088368646800518,62.17765744775534,379.25],[-7.08817720413208,62.17765987850726,379.13671875],[-7.087982073426247,62.17767513357103,379.078125],[-7.087916610762477,62.17765870504081,378.7109375],[-7.087788702920079,62.17767127789557,378.70703125],[-7.08758401684463,62.17766054905951,378.21484375],[-7.087419563904405,62.17770899645984,378.66796875],[-7.087178332731128,62.1777144446969,378.73828125],[-7.086929809302092,62.17776113189757,379.5234375],[-7.086754376068711,62.17778803780675,379.9609375],[-7.08648749627173,62.17786171473563,380.99609375],[-7.086286498233676,62.177912006154656,381.859375],[-7.086158590391278,62.177951568737626,382.46875],[-7.085917359218001,62.177980318665504,383.15625],[-7.085723653435707,62.178041422739625,384.18359375],[-7.08550438284874,62.178102442994714,385.37890625],[-7.085314281284809,62.17814736999571,386.296875],[-7.085102302953601,62.17817251570523,386.97265625],[-7.084915889427066,62.17813840135932,386.92578125],[-7.084418842568994,62.17812767252326,388.26171875],[-7.084031347185373,62.17817176133394,389.83203125],[-7.083874186500907,62.178204115480185,390.3828125],[-7.083790116012096,62.17822389677167,390.67578125],[-7.083512339740992,62.17828852124512,391.57421875],[-7.083333302289248,62.178331688046455,392.10546875],[-7.083139596506953,62.178403520956635,392.75390625],[-7.082887385040522,62.178493374958634,393.39453125],[-7.08273584023118,62.178599908947945,394.02734375],[-7.082544313743711,62.17864844016731,394.32421875],[-7.082584043964744,62.178586749359965,394],[-7.082382878288627,62.17863251455128,394.27734375],[-7.08211968652904,62.178609212860465,394.2890625],[-7.081684749573469,62.17867744155228,394.69921875],[-7.081403369084001,62.1788265556097,394.984375],[-7.081154845654964,62.178993690758944,394.77734375],[-7.080902634188533,62.17914096079767,394.36328125],[-7.080727200955153,62.17921824194491,394.00390625],[-7.080474989488721,62.17929191887379,393.46484375],[-7.079871911555529,62.17939434573054,392.08984375],[-7.079195743426681,62.179509261623025,390.125],[-7.079023998230696,62.17955779284239,389.41796875],[-7.078826604411006,62.1796297095716,388.3984375],[-7.078223526477814,62.1797626465559,385.5],[-7.078002411872149,62.17981193214655,384.421875],[-7.077896380797029,62.17982810921967,383.9921875],[-7.077691778540611,62.17986046336591,383.15234375],[-7.07752363756299,62.17988736927509,382.45703125],[-7.07734820432961,62.17990178614855,381.88671875],[-7.077176375314593,62.17990178614855,381.6796875],[-7.076986357569695,62.17990530654788,381.4140625],[-7.076774379238486,62.17989273369312,381.296875],[-7.076569693163037,62.17991787940264,380.77734375],[-7.076460057869554,62.18000412918627,379.9375],[-7.076339442282915,62.180047295987606,379.76171875],[-7.076120087876916,62.18007244169712,380.015625],[-7.075915401801467,62.18010840006173,380.1171875],[-7.075692526996136,62.180146118626,380.24609375],[-7.075462192296982,62.18023773282766,380.1484375],[-7.07523194141686,62.18035088852048,379.75],[-7.075166143476963,62.180442502722144,378.9375],[-7.075010659173131,62.18049371615052,379.05078125],[-7.07480245269835,62.18052196316421,379.68359375],[-7.074634144082665,62.18058097176254,380.12109375],[-7.074457285925746,62.18064224347472,380.53125],[-7.074295599013567,62.18070309609175,380.80078125],[-7.074131732806563,62.18076151795685,381.05078125],[-7.07398789934814,62.1808472648263,380.953125],[-7.073832163587213,62.18091884627938,381.37890625],[-7.073683636263013,62.1809836383909,381.796875],[-7.073469394817948,62.1810042578727,383.19140625],[-7.07326571457088,62.18103158287704,384.4140625],[-7.073075361549854,62.18107592314482,385.4140625],[-7.072895066812635,62.18113308772445,386.14453125],[-7.07274628803134,62.181196957826614,386.41015625],[-7.072635730728507,62.1812770050019,386.04296875],[-7.072484437376261,62.18134858645499,386.1796875],[-7.072328953072429,62.18139577656984,386.95703125],[-7.072226190939546,62.18146610073745,387.69921875],[-7.072052014991641,62.18152318149805,389.6484375],[-7.071936512365937,62.18160264194012,390.1484375],[-7.071813130751252,62.18169081956148,390.4453125],[-7.071665022522211,62.181760808452964,391.2421875],[-7.071501659229398,62.181825349107385,392.36328125],[-7.071320610120893,62.18188703991473,394.7734375],[-7.071187421679497,62.181965578347445,395.46484375],[-7.071038642898202,62.182035483419895,396.34765625],[-7.070951387286186,62.18212475068867,395.40234375],[-7.070868657901883,62.18221862800419,394.87890625],[-7.070802440866828,62.18231610953808,393.91015625],[-7.070758771151304,62.18237042427063,393.43359375],[-7.070660032331944,62.18245801515877,393.1875],[-7.070517288520932,62.18252666294575,394.41796875],[-7.070343866944313,62.1825963165611,395.90234375],[-7.070252001285553,62.18268566764891,395.08203125],[-7.070129960775375,62.18276487663388,394.796875],[-7.070005740970373,62.18285305425525,393.984375],[-7.069843802601099,62.182928156107664,393.79296875],[-7.069753697142005,62.183008287101984,392.6171875],[-7.069595782086253,62.18306536786258,392.9453125],[-7.069435939192772,62.18313368037343,392.82421875],[-7.069250028580427,62.18318657018244,393.3359375],[-7.069060513749719,62.183212134987116,394.65625],[-7.068874603137374,62.1832335088402,395.234375],[-7.068649716675282,62.18324423767626,396.2265625],[-7.0684571005404,62.183272736147046,396.421875],[-7.068245122209191,62.18329779803753,396.8515625],[-7.068058708682656,62.183317663148046,396.4609375],[-7.067856453359127,62.18331975862384,396.34375],[-7.067659394815564,62.18331397511065,396.47265625],[-7.0674710534513,62.18328614719212,397.23828125],[-7.067284807562828,62.18325077556074,397.96875],[-7.067132256925106,62.18318631872535,399.32421875],[-7.066931007429957,62.18314114026725,399.94140625],[-7.066734367981553,62.18311716802418,399.9609375],[-7.066557928919792,62.183080622926354,400.37890625],[-7.066372185945511,62.18304734677076,399.91015625],[-7.066216953098774,62.18296671286225,400.8203125],[-7.066062474623323,62.18290502205491,400.95703125],[-7.065936662256718,62.18283369205892,401.33984375],[-7.065770197659731,62.182763535529375,401.2109375],[-7.065561823546886,62.182722464203835,399.72265625],[-7.065347079187632,62.182706873863935,397.47265625],[-7.065150439739227,62.18269161880016,395.3984375],[-7.064932929351926,62.18272657133639,392.25390625],[-7.064737966284156,62.18277066014707,389.09375],[-7.064580302685499,62.18278247863054,386.828125],[-7.064382825046778,62.18277560546994,384.32421875],[-7.064179396256805,62.18277309089899,381.6796875],[-7.063992395997047,62.18279412947595,378.94140625],[-7.063796259462833,62.18277216888964,377.02734375],[-7.063596518710256,62.182715171948075,375.69140625],[-7.063447488471866,62.182638896629214,375.3203125],[-7.06323710270226,62.18260402791202,373.6015625],[-7.063036020845175,62.182572931051254,371.76953125],[-7.062826808542013,62.18257259577513,369.23828125],[-7.062625894322991,62.182562202215195,367.00390625],[-7.062397236004472,62.182593969628215,363.58984375],[-7.062197998166084,62.182604782283306,361.1328125],[-7.061999347060919,62.18258433043957,359.3828125],[-7.061802372336388,62.18255960382521,357.76953125],[-7.061605816707015,62.18251685611904,356.59375],[-7.061408506706357,62.18248659744859,354.79296875],[-7.061217399314046,62.18245114199817,352.9921875],[-7.061092341318727,62.182357516139746,353.47265625],[-7.061041546985507,62.18227009288967,354.83984375],[-7.06094984896481,62.18218233436346,355.68359375],[-7.060836190357804,62.18210329301655,355.98046875],[-7.060675090178847,62.18204353004694,354.8125],[-7.060449281707406,62.182037411257625,351.4140625],[-7.060235626995564,62.182057946920395,347.7421875],[-7.060123225674033,62.18213497661054,344.5],[-7.060027420520783,62.18221946619451,340.97265625],[-7.059867577627301,62.18223882839084,338.015625],[-7.059567337855697,62.182194320484996,334.109375],[-7.059368267655373,62.1821853518486,331.01171875],[-7.059150505810976,62.18217118643224,327.70703125],[-7.058950429782271,62.18214662745595,325.00390625],[-7.058752113953233,62.18212994746864,322.27734375],[-7.058562096208334,62.182128774002194,319.3515625],[-7.058375598862767,62.18214897438884,316.0703125],[-7.058183066546917,62.182172359898686,312.71484375],[-7.057997407391667,62.182200103998184,309.78515625],[-7.057777969166637,62.182211335748434,306.71875],[-7.057574288919568,62.18217990361154,304.59765625],[-7.057395083829761,62.18216607347131,302.48046875],[-7.057209005579352,62.182180155068636,299.7734375],[-7.057008175179362,62.18219633214176,296.8203125],[-7.056794939562678,62.18220613896847,293.8046875],[-7.056600898504257,62.18222298659384,290.9140625],[-7.056467877700925,62.18230018392205,288.01953125],[-7.056297305971384,62.18232348561287,286.00390625],[-7.056113574653864,62.18230412341654,284.67578125],[-7.055920539423823,62.1823306940496,282.34375],[-7.05572004429996,62.18235902488232,279.859375],[-7.055622478947043,62.18240596354008,278.06640625],[-7.055694228038192,62.182343350723386,279.96875],[-7.055868152529001,62.182304291054606,282.40625],[-7.056053895503283,62.18226397410035,284.93359375],[-7.056254977360368,62.18224377371371,287.140625],[-7.056483468040824,62.18222005292773,289.625],[-7.056697038933635,62.18218442983925,292.8828125],[-7.056903066113591,62.18216573819518,295.953125],[-7.057120157405734,62.182153668254614,299.04296875],[-7.057341020554304,62.18212433159351,302.46875],[-7.057569427415729,62.18212399631739,305.48828125],[-7.057751482352614,62.182146375998855,307.5],[-7.057926999405026,62.182189039886,309.05859375],[-7.058075359091163,62.18215459026396,311.6171875],[-7.058248613029718,62.182110669091344,314.80859375],[-7.058470649644733,62.18211963772774,318.10546875],[-7.058637198060751,62.18209960497916,321.09765625],[-7.058860575780273,62.18207295052707,325.125],[-7.059067692607641,62.18209440819919,327.97265625],[-7.059278078377247,62.18211578205228,331.06640625],[-7.059536492452025,62.18213556334376,334.953125],[-7.059746291488409,62.18213045038283,338.5859375],[-7.059945026412606,62.18210597522557,342.37109375],[-7.060142755508423,62.18206708319485,346.140625],[-7.060323301702738,62.18201612122357,349.83203125],[-7.060530753806233,62.18198041431606,353.6484375],[-7.060715323314071,62.182028107345104,355.6484375],[-7.060870723798871,62.182108322158456,356.35546875],[-7.06097424030304,62.18219834379852,355.6328125],[-7.061025034636259,62.18228928744793,354.16796875],[-7.061120169237256,62.182377548888326,353.3828125],[-7.061227289959788,62.182460110634565,352.91796875],[-7.061405908316374,62.18246145173907,355.3359375],[-7.061605146154761,62.182489363476634,357.20703125],[-7.06181419081986,62.182517275214195,358.828125],[-7.062014099210501,62.18253856524825,360.5234375],[-7.062217360362411,62.182544600218534,362.6015625],[-7.062439061701298,62.18253227882087,365.34765625],[-7.06265707500279,62.182532865554094,367.953125],[-7.062848350033164,62.182518700137734,370.5234375],[-7.063062926754355,62.1825482044369,372.55078125],[-7.063272474333644,62.18257326632738,374.5390625],[-7.063455870375037,62.18264711089432,375.26953125],[-7.06362459808588,62.18270226381719,376.2265625],[-7.063795505091548,62.18273604288697,377.609375],[-7.063990300521255,62.18273646198213,379.82421875],[-7.064209403470159,62.18273788690567,382.625],[-7.064456418156624,62.18276018276811,385.5390625],[-7.064668480306864,62.18276462517679,388.26953125],[-7.064854893833399,62.18271584250033,391.4921875],[-7.06509972922504,62.18270217999816,394.62109375],[-7.065311288461089,62.18270846642554,397.01953125],[-7.065513292327523,62.182720955461264,399.1796875],[-7.065717056393623,62.18276428990066,400.6953125],[-7.065903134644032,62.18281709589064,401.375],[-7.066044034436345,62.1828849054873,401.2265625],[-7.066191053017974,62.18295271508396,400.98046875],[-7.066344190388918,62.18301088549197,400.67578125],[-7.066528173163533,62.18304516747594,401.2578125],[-7.066704863682389,62.18311063013971,400.04296875],[-7.066793795675039,62.18319897539914,397.8671875],[-7.066968474537134,62.18323887325823,397.3046875],[-7.067172322422266,62.183230658993125,398.1875],[-7.067373907193542,62.183246752247214,398.3359375],[-7.067572893574834,62.183258486911654,398.11328125],[-7.067754697054625,62.18326427042484,398.04296875],[-7.067991653457284,62.18326217494905,398.24609375],[-7.068183347582817,62.18323862180114,399.1484375],[-7.068371521309018,62.183227222412825,398.46875],[-7.068426422774792,62.1832459140569,397.5078125],[-7.068445533514023,62.18327349051833,396.46875],[-7.068556761369109,62.18324130401015,396.8828125],[-7.068759435787797,62.183215487748384,396.53125],[-7.06893302500248,62.18320014886558,396.0078125],[-7.069101752713323,62.183153461664915,396.1328125],[-7.069290345534682,62.18309889547527,395.65625],[-7.069443399086595,62.183040138334036,395.6015625],[-7.06958974711597,62.18297727406025,395.625],[-7.069770628586412,62.18291876837611,395.08203125],[-7.069901386275888,62.18284551054239,395.75],[-7.070044549182057,62.18276931904256,396.01171875],[-7.070190729573369,62.18269254080951,395.921875],[-7.070184275507927,62.182601764798164,398.65625],[-7.070291982963681,62.182527584955096,398.73046875],[-7.070440175011754,62.18244913034141,397.859375],[-7.070508738979697,62.18235885724425,398.65234375],[-7.07065986469388,62.18227713368833,397.18359375],[-7.070791209116578,62.182200690731406,396.49609375],[-7.070904700085521,62.1821026224643,396.734375],[-7.071003438904882,62.1820196416229,397.4375],[-7.071123467758298,62.18194780871272,397.1640625],[-7.071257829666138,62.181868851184845,396.5],[-7.071352293714881,62.18178511597216,396.484375],[-7.071435358375311,62.181690568104386,396.72265625],[-7.071500653401017,62.181596187874675,397.1484375],[-7.071604756638408,62.181500885635614,397.203125],[-7.071607941761613,62.1814033202827,399.07421875],[-7.071538623422384,62.1813806053251,400.7109375],[-7.071601906791329,62.181265940889716,401.97265625],[-7.071698969230056,62.18117960728705,402.3125],[-7.071790834888816,62.181091513484716,402.609375],[-7.071859734132886,62.181000569835305,403.26953125],[-7.071937853470445,62.18091767281294,403.40625],[-7.07201236858964,62.180832512676716,403.5234375],[-7.072076993063092,62.1807418204844,403.84375],[-7.072161734104157,62.18064568005502,403.625],[-7.072196183726192,62.18055607751012,404.42578125],[-7.072213115170598,62.180450381711125,405.9296875],[-7.072351751849055,62.180373184382915,404.02734375],[-7.072465410456061,62.18029573559761,404.3828125],[-7.072591306641698,62.18021258711815,404.63671875],[-7.072692476212978,62.18012566678226,405.15625],[-7.072772271931171,62.180013516917825,406.40234375],[-7.072835806757212,62.1799058932811,407.66796875],[-7.072881907224655,62.17978184111416,409.46484375],[-7.072944100946188,62.1796764805913,410.48046875],[-7.072986094281077,62.179586458951235,411.83984375],[-7.073035296052694,62.17947732657194,414.453125],[-7.07317334599793,62.179391495883465,414.55859375],[-7.073332769796252,62.179328463971615,414.09765625],[-7.073419857770205,62.17923793941736,415.55078125],[-7.073464952409267,62.17915705405176,417.296875],[-7.073497893288732,62.179074408486485,419.25],[-7.073439387604594,62.17899897135794,422.55859375],[-7.073304187506437,62.17883728444576,430.0546875],[-7.073242077603936,62.1787438262254,434.59765625],[-7.073212824761868,62.17859471216798,441.4296875],[-7.07335171289742,62.17839346267283,447.3046875],[-7.073475932702422,62.17826589010656,450.3984375],[-7.073669638484716,62.17818684875965,450.19921875],[-7.073867032304406,62.17811677604914,449.58984375],[-7.074236171320081,62.17803773470223,447.1953125],[-7.074579745531082,62.177994567900896,444.1484375],[-7.074729613959789,62.17797478660941,442.8046875],[-7.075186427682638,62.17796045355499,437.21484375],[-7.075497144833207,62.177978390827775,432.76171875],[-7.075690850615501,62.177989203482866,429.66796875],[-7.07589553669095,62.17799817211926,427.22265625],[-7.076125787571073,62.17802692204714,423.94140625],[-7.076461985707283,62.17805567197502,419.65625],[-7.076732469722629,62.1780305262655,417.84375],[-7.077012006193399,62.17795332893729,417.1796875],[-7.077227588742971,62.177834725007415,418.453125],[-7.077340912073851,62.17775928787887,419.37890625],[-7.077532857656479,62.1776457130909,420.48046875],[-7.077690521255136,62.17757949605584,420.48046875],[-7.077882969751954,62.177503472194076,420.16015625],[-7.07802839577198,62.17742359265685,420.2890625],[-7.078132750466466,62.177339689806104,420.86328125],[-7.07824875600636,62.17725872062147,421.1171875],[-7.078334838151932,62.17718370258808,421.51171875],[-7.078464590013027,62.177112037315965,421.04296875],[-7.078566262498498,62.17702645808458,420.41015625],[-7.078644968569279,62.176937609910965,420.09765625],[-7.078760890290141,62.17686351388693,419.046875],[-7.07887371070683,62.17677801847458,418.09375],[-7.078940514475107,62.17669679783285,417.765625],[-7.079023327678442,62.17661230824888,417.18359375],[-7.079082168638706,62.17652496881783,416.9375],[-7.079147631302476,62.17644056305289,416.49609375],[-7.079223152250052,62.176361521705985,415.77734375],[-7.079248633235693,62.17626881785691,415.81640625],[-7.079287022352219,62.17617066577077,414.65234375],[-7.079269923269749,62.17607310041785,414.4921875],[-7.07927830517292,62.17598542571068,413.921875],[-7.079261289909482,62.175886100158095,413.75],[-7.079251734539866,62.17579046264291,413.4609375],[-7.079259362071753,62.17569071799517,412.84765625],[-7.079222900792956,62.175588458776474,413.01171875],[-7.079172357916832,62.17549885623157,413.4921875],[-7.079078229144216,62.17541679739952,414.359375],[-7.079085018485785,62.175322165712714,412.5703125],[-7.07896021194756,62.175275729969144,413.81640625],[-7.07891620695591,62.17523482628167,413.76953125],[-7.079045623540878,62.17516307719052,410.41015625],[-7.079133549705148,62.175087723881006,407.6640625],[-7.079186188057065,62.17499401420355,405.2265625],[-7.079208735376597,62.17490273527801,403.3359375],[-7.07924947142601,62.174814054742455,401.25],[-7.079268665984273,62.174706095829606,399.1875],[-7.079208735376597,62.17462034896016,398.55859375],[-7.079082252457738,62.17454005032778,399.00390625],[-7.078957110643387,62.17447525821626,399.59765625],[-7.078825598582625,62.1744042634964,400.1796875],[-7.078671623021364,62.174345506355166,401.22265625],[-7.078562071546912,62.17426462098956,401.30859375],[-7.078454699367285,62.174206702038646,401.72265625],[-7.078406251966953,62.17410486191511,400.65234375],[-7.078451011329889,62.174000507220626,398.37890625],[-7.078518234193325,62.173906713724136,396.01953125],[-7.078656367957592,62.173843681812286,393.3203125],[-7.078695427626371,62.1737601980567,391.7421875],[-7.07862745039165,62.173682833090425,392.046875],[-7.078753430396318,62.17363019473851,390.21484375],[-7.078863484784961,62.17356531880796,388.515625],[-7.07891033962369,62.173477141186595,387.421875],[-7.078925846144557,62.173382341861725,386.6640625],[-7.078912183642387,62.17327790334821,386.17578125],[-7.078881924971938,62.173192743211985,385.98828125],[-7.078820485621691,62.17311135493219,386.16015625],[-7.078732224181294,62.17302342876792,386.5703125],[-7.078640107065439,62.17293634079397,386.94921875],[-7.078540697693825,62.17285084538162,387.12109375],[-7.078417567536235,62.1727707143873,387.515625],[-7.078262586146593,62.17271061614156,388.3671875],[-7.078105174005032,62.17265948653221,389.6328125],[-7.07797022536397,62.17260433360934,390.78125],[-7.077874587848783,62.17252688482404,391.01171875],[-7.077817590907216,62.17243946157396,390.52734375],[-7.077702758833766,62.17236042022705,390.80859375],[-7.077566972002387,62.172297136858106,391.48046875],[-7.077445015311241,62.17221180908382,391.53125],[-7.077443087473512,62.17211692593992,390.01953125],[-7.077486673370004,62.17202749103308,388.6171875],[-7.077528582885861,62.17194199562073,387.29296875],[-7.077571079134941,62.17191902920604,386.625],[-7.077643498778343,62.17181157320738,384.80859375],[-7.077633356675506,62.17171501368284,383.9453125],[-7.077576527372003,62.17162876389921,383.6171875],[-7.077509807422757,62.17154050245881,383.328125],[-7.077429424971342,62.17146045528352,383.21484375],[-7.077344097197056,62.17136909253895,383.01171875],[-7.077231276780367,62.171283178031445,383.3046875],[-7.077139830216765,62.1711992751807,383.53515625],[-7.077100519090891,62.17110112309456,383.0546875],[-7.077029105275869,62.171017806977034,383.0078125],[-7.076921062543988,62.1709505841136,383.4453125],[-7.076856857165694,62.17086726799607,383.25390625],[-7.076686369255185,62.17082560993731,384.4609375],[-7.076785862445831,62.17075411230326,382.80078125],[-7.076792484149337,62.170667527243495,381.87109375],[-7.076658792793751,62.17058563604951,382.22265625],[-7.076582685112953,62.170499386265874,381.9765625],[-7.076434828341007,62.17043275013566,382.734375],[-7.07637632265687,62.17034666799009,382.48046875],[-7.076327288523316,62.170244827866554,381.921875],[-7.076242044568062,62.17015312984586,381.7734375],[-7.07615596242249,62.17006495222449,381.60546875],[-7.076033921912313,62.16999303549528,381.87890625],[-7.075880281627178,62.16991282068193,382.23828125],[-7.07573083229363,62.16985465027392,382.74609375],[-7.07567903213203,62.169771920889616,382.09375],[-7.075628405436873,62.16967988759279,381.31640625],[-7.075527990236878,62.16958986595273,381.04296875],[-7.075439225882292,62.16951426118612,381],[-7.075359346345067,62.16943262144923,380.78515625],[-7.075223727151752,62.16936565004289,381.1171875],[-7.075080564245582,62.169296918436885,381.4375],[-7.074993476271629,62.169219721108675,381.19140625],[-7.074842853471637,62.16915023513138,381.46875],[-7.074676975607872,62.16908946633339,382.1484375],[-7.074534231796861,62.16901713050902,382.390625],[-7.074454938992858,62.16893205419183,381.87109375],[-7.074374305084348,62.168836165219545,381.15234375],[-7.074288055300713,62.16874547302723,380.6015625],[-7.074187304824591,62.16866341419518,380.35546875],[-7.074035005643964,62.16860147193074,380.68359375],[-7.073863931000233,62.16853885911405,381.046875],[-7.073693862184882,62.16846317052841,381.16796875],[-7.073562266305089,62.168360240757465,380.62109375],[-7.073467886075378,62.16826762072742,379.921875],[-7.073375098407269,62.16817860491574,379.21875],[-7.073264373466373,62.16810652054846,378.796875],[-7.073177034035325,62.168024545535445,378.08984375],[-7.073147529736161,62.1679300814867,377.015625],[-7.073131687939167,62.16782966628671,376.140625],[-7.073049377650023,62.167733861133456,375.6796875],[-7.072983914986253,62.16764258220792,375.14453125],[-7.072920380160213,62.16754971072078,374.5703125],[-7.072837986052036,62.16745977289975,374.109375],[-7.072793981060386,62.167363381013274,373.359375],[-7.072719382122159,62.167266653850675,372.75],[-7.07264905795455,62.16717302799225,372.12890625],[-7.072545625269413,62.16707680374384,371.59375],[-7.072520144283772,62.1669752150774,370.59765625],[-7.072426937520504,62.16688670217991,370.09765625],[-7.072423920035362,62.166795087978244,369.1171875],[-7.072408245876432,62.16669416986406,368.1015625],[-7.072292407974601,62.16661085374653,367.9765625],[-7.072173384949565,62.16653876937926,368.08984375],[-7.072016810998321,62.16647498309612,368.5546875],[-7.071927292272449,62.166389068588614,368.2421875],[-7.071812627837062,62.16630239970982,368.078125],[-7.071785805746913,62.166214641183615,367.19140625],[-7.071631159633398,62.16615781188011,367.5390625],[-7.071537785232067,62.16608053073287,367.15625],[-7.07140451297164,62.166012888774276,367.41015625],[-7.071274761110544,62.1659289021045,367.3828125],[-7.071158001199365,62.165859919041395,367.3984375],[-7.071050880476832,62.16578800231218,367.24609375],[-7.070922553539276,62.1657526306808,367.765625],[-7.07080596126616,62.165677696466446,367.55859375],[-7.070695571601391,62.16560804285109,367.33984375],[-7.070624576881528,62.16551760211587,366.55078125],[-7.070563975721598,62.165431352332234,365.73046875],[-7.070564981549978,62.16534183360636,364.4921875],[-7.070486610755324,62.16524879448116,363.80078125],[-7.070444785058498,62.16515072621405,362.7109375],[-7.070332048460841,62.16507830657065,362.44140625],[-7.070287792012096,62.164989123120904,361.40625],[-7.070266334339976,62.164890971034765,360.06640625],[-7.070191064849496,62.164794160053134,359.02734375],[-7.070127194747329,62.16469609178603,357.84765625],[-7.070072209462524,62.164597352966666,356.66015625],[-7.07009207457304,62.164515210315585,355.578125],[-7.06989417783916,62.1644970215857,356.3125],[-7.069744225591421,62.164453184232116,356.50390625],[-7.06958731636405,62.16441370546818,356.78515625],[-7.069605840370059,62.164309518411756,355.4453125],[-7.069630734622479,62.164215724915266,354.19921875],[-7.069728299975395,62.16414070688188,352.828125],[-7.069771299138665,62.16404842212796,351.515625],[-7.06972561776638,62.163952365517616,350.58203125],[-7.069702316075563,62.163855554535985,349.53125],[-7.069607181474567,62.16377173550427,348.91796875],[-7.069479105994105,62.16369789093733,348.46875],[-7.069349437952042,62.16361700557172,348.0390625],[-7.069247849285603,62.16353151015937,347.4921875],[-7.06913435831666,62.16345137916505,347.1953125],[-7.069088257849217,62.16336412355304,346.42578125],[-7.069058837369084,62.163274521008134,345.546875],[-7.069017011672258,62.16319279745221,344.89453125],[-7.068889020010829,62.16313764452934,345.27734375],[-7.068745857104659,62.16308274306357,345.8046875],[-7.06854603253305,62.1630725171417,347.33203125],[-7.068402199074626,62.16307804919779,348.578125],[-7.068291222676635,62.16299096122384,348.5390625],[-7.068163817748427,62.16292365454137,348.87109375],[-7.068106736987829,62.1628291066736,348.26953125],[-7.068052003160119,62.16274067759514,347.70703125],[-7.067989641800523,62.16264923103154,347.16015625],[-7.067928370088339,62.162561723962426,346.63671875],[-7.067874642089009,62.16247606091201,346.0546875],[-7.067835833877325,62.16238779947162,345.296875],[-7.067853435873985,62.16229467652738,343.9765625],[-7.067810017615557,62.16221462935209,343.34765625],[-7.067731395363808,62.16212410479784,342.875],[-7.067583035677671,62.162061743438244,343.65234375],[-7.067402238026261,62.16203383170068,344.98828125],[-7.067244658246636,62.16196761466563,345.83984375],[-7.067225966602564,62.16188756749034,345.421875],[-7.067194450646639,62.16179092414677,344.98828125],[-7.067229654639959,62.16168430633843,343.92578125],[-7.067211298272014,62.16158506460488,343.36328125],[-7.067177351564169,62.16149621643126,343.0078125],[-7.067149104550481,62.16139513067901,342.51953125],[-7.067114654928446,62.161301923915744,342.13671875],[-7.067089173942804,62.161209639161825,342.48046875],[-7.067155223339796,62.16111718676984,342.14453125],[-7.067192103713751,62.1610208787024,342.06640625],[-7.067265277728438,62.160920798778534,341.69140625],[-7.067384803667665,62.16083857230842,340.85546875],[-7.067511035129428,62.160772774368525,339.80078125],[-7.067645145580173,62.16069524176419,338.69921875],[-7.06778964959085,62.16063665226102,337.453125],[-7.067924430593848,62.16056096367538,336.33984375],[-7.06796457991004,62.160474294796586,336.1640625],[-7.067992491647601,62.16037924401462,336.484375],[-7.067989725619555,62.160283690318465,337.171875],[-7.06806524656713,62.16018964536488,337.125],[-7.068125093355775,62.16009811498225,337.22265625],[-7.06812584772706,62.16000163927674,337.90234375],[-7.068145209923387,62.1599055826664,338.4140625],[-7.068153759464622,62.15981564484537,338.98046875],[-7.068151580169797,62.159718833863735,339.69140625],[-7.068215366452932,62.15962671674788,339.76171875],[-7.06828217022121,62.1595392934978,339.6796875],[-7.068378729745746,62.159445164725184,339.3515625],[-7.068576458841562,62.15936545282602,337.88671875],[-7.06852407194674,62.15941448695958,338.0546875],[-7.068442516028881,62.15931482613087,339.66796875],[-7.068518288433552,62.15921709313989,339.6328125],[-7.068464811891317,62.15911936014891,340.921875],[-7.068495992571116,62.1590196993202,341.3671875],[-7.06850697286427,62.158926744014025,341.96875],[-7.068372024223208,62.15885356999934,343.83984375],[-7.068243781104684,62.15877695940435,345.6171875],[-7.068099025636911,62.158700013533235,347.34375],[-7.067961394786835,62.15862943790853,348.8828125],[-7.067879419773817,62.158527011051774,350.12109375],[-7.06794454716146,62.15841787867248,350.21484375],[-7.068107994273305,62.15832844376564,349.453125],[-7.068264400586486,62.15826205909252,348.51171875],[-7.068428434431553,62.1582115162164,347.23828125],[-7.06858023069799,62.15816457755864,346.0625],[-7.068669246509671,62.15807908214629,345.71875],[-7.068742420524359,62.157984701916575,345.58203125],[-7.068823892623186,62.157896691933274,345.00390625],[-7.068858593702316,62.157810274511576,344.75390625],[-7.068871585652232,62.15772016905248,344.72265625],[-7.068938557058573,62.15763609856367,344.19140625],[-7.069027740508318,62.15755697339773,343.46875],[-7.069131089374423,62.157469717785716,342.60546875],[-7.069258242845535,62.15739754959941,341.546875],[-7.069320688024163,62.157308449968696,341.15625],[-7.06934449262917,62.157207783311605,341.15625],[-7.069383300840855,62.157111475244164,341],[-7.069442644715309,62.157019693404436,340.5],[-7.06951841711998,62.15692933648825,339.86328125],[-7.069575414061546,62.15683965012431,339.3828125],[-7.069616569206119,62.15674635954201,339.0390625],[-7.069507017731667,62.15667310170829,339.95703125],[-7.069530319422483,62.15658014640212,339.76171875],[-7.069577425718308,62.15649423189461,339.3671875],[-7.069642804563046,62.15640731155872,338.81640625],[-7.069716146215797,62.15632843784988,338.19921875],[-7.069763671606779,62.15623623691499,338.015625],[-7.069795439019799,62.15614286251366,338.08203125],[-7.069843886420131,62.156051667407155,338.00390625],[-7.069912618026137,62.15596650727093,337.65625],[-7.069990737363696,62.15587388724089,337.25390625],[-7.070030719041824,62.15578705072403,337.2265625],[-7.070099953562021,62.15568797662854,337.0078125],[-7.070155274122953,62.15558043681085,336.984375],[-7.070217719301581,62.15548027306795,336.90234375],[-7.070217803120613,62.155384635552764,337.3984375],[-7.070287708193064,62.15529218316078,337.3203125],[-7.070407988503575,62.155218087136745,336.75390625],[-7.070466242730618,62.1551238745451,336.8203125],[-7.070530615746975,62.15501801110804,336.921875],[-7.070560455322266,62.15492203831673,337.24609375],[-7.070601861923933,62.15481726452708,337.546875],[-7.070650309324265,62.15472472831607,337.734375],[-7.070646872743964,62.1546333655715,338.30078125],[-7.070621391758323,62.15455030091107,338.1328125],[-7.070541260764003,62.154442090541124,338.2265625],[-7.070491136983037,62.15435156598687,338.19140625],[-7.070379825308919,62.15426238253713,338.6484375],[-7.070276644080877,62.154177809134126,339.08984375],[-7.070197267457843,62.15409005060792,339.35546875],[-7.070102719590068,62.154017966240644,339.82421875],[-7.070000125095248,62.15393557213247,340.34375],[-7.069988138973713,62.15384462848306,340.09765625],[-7.069946900010109,62.15375980362296,339.9453125],[-7.069828966632485,62.15368445031345,340.24609375],[-7.069772137328982,62.153597278520465,339.89453125],[-7.06975294277072,62.153501473367214,339.24609375],[-7.06970164552331,62.153409691527486,338.8671875],[-7.069615563377738,62.15331816114485,338.7734375],[-7.069566948339343,62.15322327800095,338.4140625],[-7.069479357451201,62.15313711203635,338.45703125],[-7.069391934201121,62.153045078739524,338.5],[-7.069294536486268,62.15296075679362,338.7421875],[-7.069235779345036,62.15286511927843,339.1796875],[-7.069141734391451,62.15277208015323,339.96484375],[-7.06897946074605,62.152710473164916,341.39453125],[-7.068877369165421,62.15261986479163,342.25],[-7.068874519318342,62.1525212097913,342.2734375],[-7.068782653659582,62.15253042988479,343.046875],[-7.068616021424532,62.15258298441768,344.44921875],[-7.068429104983807,62.152614668011665,346.01953125],[-7.068271273747087,62.15266915038228,347.34375],[-7.068082178011537,62.152702761814,348.84375],[-7.067886292934418,62.152675185352564,350.33984375],[-7.067736256867647,62.15261542238295,351.5234375],[-7.067827116698027,62.15251701883972,350.875],[-7.067845892161131,62.152420710772276,350.77734375],[-7.067830553278327,62.15232021175325,350.94921875],[-7.06781554967165,62.15223295614123,351.12109375],[-7.067752098664641,62.15213396586478,351.70703125],[-7.067761905491352,62.15204210020602,351.78515625],[-7.067814879119396,62.15194512158632,351.52734375],[-7.067803060635924,62.15184344910085,351.80859375],[-7.067787386476994,62.151753678917885,352.09765625],[-7.067723935469985,62.15166047215462,352.7578125],[-7.06769241951406,62.15156919322908,353.15625],[-7.067680936306715,62.15147732757032,353.39453125],[-7.067687977105379,62.15138269588351,353.5],[-7.067650929093361,62.15128437615931,353.91015625],[-7.067629052326083,62.1511796861887,354.06640625],[-7.067613378167152,62.15107466094196,354.1796875],[-7.067634668201208,62.1509793587029,354.0234375],[-7.067632572725415,62.15088020078838,354.0390625],[-7.067662747576833,62.15078447945416,353.82421875],[-7.067722259089351,62.15069957077503,353.39453125],[-7.067737765610218,62.15060359798372,353.28125],[-7.067775735631585,62.15051868930459,353.0078125],[-7.067816723138094,62.15042229741812,352.609375],[-7.067856704816222,62.15033252723515,352.10546875],[-7.067992240190506,62.150259437039495,350.953125],[-7.067970028147101,62.15016312897205,350.8828125],[-7.067956030368805,62.15006464160979,350.74609375],[-7.06793675199151,62.149952575564384,350.6171875],[-7.067904230207205,62.14985995553434,350.62890625],[-7.067820411175489,62.14977689087391,351.03515625],[-7.067828709259629,62.149674631655216,350.7265625],[-7.067872546613216,62.14957077987492,350.4765625],[-7.067877743393183,62.14945544488728,350.75],[-7.067951252683997,62.14934932999313,350.56640625],[-7.067988887429237,62.14924958534539,350.62890625],[-7.068091565743089,62.149164509028196,350.28125],[-7.068151831626892,62.14908161200583,350.21875],[-7.068200446665287,62.148971054703,350.34765625],[-7.068275632336736,62.14887868613005,350.30078125],[-7.068363390862942,62.14877827093005,350.39453125],[-7.068430529907346,62.148695290088654,350.90234375],[-7.068520719185472,62.14860828593373,351.359375],[-7.068585678935051,62.148515498265624,352.0078125],[-7.068533878773451,62.14840879663825,353.3125],[-7.068481827154756,62.14832070283592,354.41796875],[-7.068352997303009,62.14824082329869,355.734375],[-7.068345369771123,62.14814996346831,356.65625],[-7.068477049469948,62.148078214377165,356.86328125],[-7.068552989512682,62.14801166206598,357.25390625],[-7.068605376407504,62.147904206067324,358.04296875],[-7.068618703633547,62.1478259190917,358.65625],[-7.068727752193809,62.14771997183561,359.234375],[-7.068666145205498,62.14763179421425,360.16796875],[-7.068670503795147,62.14754453860223,360.90625],[-7.068572016432881,62.14746474288404,361.8046875],[-7.068510912358761,62.14737304486334,362.6796875],[-7.068442516028881,62.14728134684265,363.53515625],[-7.068385351449251,62.147190906107426,364.328125],[-7.068913578987122,62.146816067397594,367.46875],[-7.069118684157729,62.14681355282664,367.484375],[-7.069114660844207,62.14671481400728,368.5859375],[-7.0691651199013,62.146612890064716,369.78125],[-7.069182554259896,62.14652571827173,370.80078125],[-7.069291519001126,62.14644801802933,371.8828125],[-7.069340804591775,62.14635455980897,373.109375],[-7.069381959736347,62.14626235887408,374.55078125],[-7.069372907280922,62.1461630333215,376.296875],[-7.069419594481587,62.14608206413686,377.87890625],[-7.06947491504252,62.145995646715164,379.61328125],[-7.069589663296938,62.14589766226709,381.796875],[-7.069698963314295,62.14581308886409,383.7734375],[-7.069800803437829,62.145720552653074,385.921875],[-7.069868026301265,62.14563011191785,387.9375],[-7.069947402924299,62.145531037822366,390.21484375],[-7.070099702104926,62.145444536581635,392.515625],[-7.070189137011766,62.14535275474191,394.28515625],[-7.070347387343645,62.145249070599675,396.46484375],[-7.070404551923275,62.145160641521215,397.94140625],[-7.070512175559998,62.14506567455828,399.66796875],[-7.070543104782701,62.14497900567949,400.9609375],[-7.070603370666504,62.14488973841071,402.3671875],[-7.070672437548637,62.14480089023709,403.76171875],[-7.070761453360319,62.14471715502441,405.0234375],[-7.070855163037777,62.1446225233376,406.19921875],[-7.070913249626756,62.14451833628118,406.2578125],[-7.071014000102878,62.14443200267851,406.25390625],[-7.071069572120905,62.14434005320072,406.1640625],[-7.071154648438096,62.144254641607404,405.99609375],[-7.071211310103536,62.14416269212961,405.7734375],[-7.071344750002027,62.14410217478871,405.4140625],[-7.071483135223389,62.144026067107916,404.8984375],[-7.071582293137908,62.14394845068455,404.3515625],[-7.071617497131228,62.14386245235801,403.90234375],[-7.071659658104181,62.14377360418439,403.21484375],[-7.071731239557266,62.14369732886553,402.1484375],[-7.071810699999332,62.14362164027989,401.00390625],[-7.071848334744573,62.14352491311729,399.7734375],[-7.071860069409013,62.1434311196208,398.6796875],[-7.071859315037727,62.143333218991756,397.6015625],[-7.071853699162602,62.1432376652956,396.58203125],[-7.071853866800666,62.14313389733434,395.43359375],[-7.071816399693489,62.143040439113975,394.6640625],[-7.071786057204008,62.142951590940356,393.94140625],[-7.071783542633057,62.142855701968074,393.046875],[-7.071765186265111,62.14276568032801,392.3359375],[-7.071747835725546,62.14267146773636,391.59375],[-7.07174263894558,62.14258320629597,390.8125],[-7.071837605908513,62.14249201118946,389.08203125],[-7.071868199855089,62.1424054261297,387.94140625],[-7.071876414120197,62.142317835241556,386.9921875],[-7.07196207717061,62.142222449183464,385.15234375],[-7.071964172646403,62.14212488383055,384.19921875],[-7.071994096040726,62.14202689938247,383.4375],[-7.072137845680118,62.14195213280618,381.4375],[-7.072079004719853,62.141866805031896,381.7109375],[-7.072066012769938,62.14177309535444,381.421875],[-7.072089817374945,62.141672763973475,380.640625],[-7.072098702192307,62.14157955721021,380.07421875],[-7.072127535939217,62.1414814889431,379.19921875],[-7.072194758802652,62.14139984920621,377.8515625],[-7.072202553972602,62.14131988584995,377.31640625],[-7.0722112711519,62.14123229496181,376.921875],[-7.072175899520516,62.14113665744662,377.23046875],[-7.072134409099817,62.141047306358814,377.703125],[-7.072078669443727,62.140959883108735,378.46875],[-7.072032317519188,62.140881679952145,379.15234375],[-7.07213843241334,62.14079400524497,377.125],[-7.07229676656425,62.1408305503428,374.375],[-7.072357870638371,62.14073373936117,372.94140625],[-7.07228846848011,62.140637850388885,373.92578125],[-7.07224496640265,62.14053978212178,374.48828125],[-7.072184281423688,62.14045093394816,375.5234375],[-7.072158548980951,62.14036334306002,375.9921875],[-7.072103731334209,62.14027935639024,377.08984375],[-7.072067772969604,62.14018514379859,377.80859375],[-7.072046650573611,62.14008456096053,378.2265625],[-7.071989821270108,62.13997224345803,379.4375],[-7.072013625875115,62.139874175190926,378.89453125],[-7.072043465450406,62.139784237369895,378.20703125],[-7.072080429643393,62.13968575000763,377.33984375],[-7.072081351652741,62.13958516716957,377.0859375],[-7.072074310854077,62.13948106393218,376.83203125],[-7.072153771296144,62.13938483968377,374.578125],[-7.072296431288123,62.13931183330715,370.8828125],[-7.072398606687784,62.13921803981066,368.3125],[-7.072456777095795,62.139125587418675,366.9140625],[-7.072477648034692,62.139031710103154,366.10546875],[-7.072485946118832,62.13892601430416,365.44140625],[-7.072502207010984,62.138818642124534,364.6328125],[-7.072497010231018,62.13871244341135,363.64453125],[-7.072449065744877,62.138624265789986,363.49609375],[-7.072426937520504,62.138524102047086,362.78515625],[-7.07246532663703,62.13841388002038,360.94921875],[-7.072561634704471,62.1383145544678,358.2578125],[-7.072691973298788,62.13824179954827,355.28125],[-7.072785599157214,62.138150688260794,352.72265625],[-7.072794232517481,62.13804926723242,351.48046875],[-7.072839830070734,62.137959664687514,349.75],[-7.072831280529499,62.137875678017735,349.015625],[-7.073006629943848,62.13782295584679,345.66796875],[-7.073029009625316,62.137727653607726,344.421875],[-7.073051054030657,62.13761835359037,343.07421875],[-7.073147194460034,62.13752799667418,340.875],[-7.073195222765207,62.13743068277836,339.390625],[-7.073236964643002,62.13732733391225,338.09765625],[-7.073272671550512,62.13722616434097,336.91015625],[-7.073357831686735,62.1371281798929,335.30859375],[-7.073372919112444,62.13703698478639,334.52734375],[-7.073371494188905,62.13693573139608,333.83984375],[-7.073436202481389,62.13682567700744,332.484375],[-7.073488086462021,62.13672366924584,331.31640625],[-7.073502084240317,62.13662300258875,330.51171875],[-7.073484230786562,62.13652837090194,330.02734375],[-7.073477357625961,62.13642762042582,329.40234375],[-7.073461348190904,62.136328630149364,328.8671875],[-7.073436873033643,62.13622637093067,328.31640625],[-7.073441985994577,62.13611581362784,327.43359375],[-7.073442405089736,62.13601858355105,326.6953125],[-7.073408709838986,62.13592185638845,326.265625],[-7.073416421189904,62.13583066128194,325.5078125],[-7.073380295187235,62.135737873613834,325.14453125],[-7.073373841121793,62.13563586585224,324.44140625],[-7.073335787281394,62.13553830049932,324.07421875],[-7.073277616873384,62.13544978760183,324.04296875],[-7.07319681532681,62.13536010123789,324.38671875],[-7.073170663788915,62.13527041487396,324.19140625],[-7.073177453130484,62.13517041876912,323.65234375],[-7.073153648525477,62.13507553562522,323.4140625],[-7.073129173368216,62.134983921423554,323.19921875],[-7.073135795071721,62.13488803245127,322.6875],[-7.07311425358057,62.134794406592846,322.4453125],[-7.073149289935827,62.13469239883125,321.6328125],[-7.073148870840669,62.134591648355126,321.515625],[-7.073050132021308,62.134493328630924,322.671875],[-7.072964468970895,62.134404983371496,323.66015625],[-7.072954662144184,62.13431571610272,323.9375],[-7.072979472577572,62.13422737084329,323.89453125],[-7.072962373495102,62.1341338288039,324.2421875],[-7.072991458699107,62.134036011993885,324.19140625],[-7.072975113987923,62.133937273174524,324.5390625],[-7.072923984378576,62.13383803144097,325.1796875],[-7.072851648554206,62.133719176054,326.01953125],[-7.072807811200619,62.13362102396786,326.5625],[-7.072712006047368,62.1335275657475,327.50390625],[-7.072626007720828,62.13343293406069,328.33984375],[-7.072481503710151,62.133365627378225,329.5703125],[-7.072429955005646,62.13327024132013,330.09375],[-7.072526765987277,62.13319379836321,329.46484375],[-7.072606729343534,62.133094891905785,329.01953125],[-7.072714352980256,62.13301065377891,328.37109375],[-7.072834800928831,62.132929684594274,327.2578125],[-7.072892719879746,62.13282348588109,326.16015625],[-7.072899425402284,62.132721059024334,325.45703125],[-7.072925912216306,62.13262299075723,324.6484375],[-7.0729192905128,62.132521737366915,324.046875],[-7.072936473414302,62.13241755031049,323.26953125],[-7.072942676022649,62.132323421537876,322.6328125],[-7.072990285232663,62.1322220005095,321.6953125],[-7.073149541392922,62.13216274045408,320.36328125],[-7.073241490870714,62.13208043016493,318.609375],[-7.073392532765865,62.13201077654958,316.2265625],[-7.073588417842984,62.131974985823035,313.9453125],[-7.073780447244644,62.13192896917462,311.60546875],[-7.073845909908414,62.13184095919132,309.91796875],[-7.073893016204238,62.13175152428448,308.3984375],[-7.074020504951477,62.13167290203273,306.37109375],[-7.074155621230602,62.13159763254225,304.54296875],[-7.074293084442616,62.1315155737102,302.68359375],[-7.074449406936765,62.1314484346658,300.92578125],[-7.074603214859963,62.13137132115662,299.14453125],[-7.074730703607202,62.13128867559135,297.41015625],[-7.074834387749434,62.13120468892157,295.4765625],[-7.074952404946089,62.131119444966316,293.34765625],[-7.07511568441987,62.13106445968151,291.37890625],[-7.075277119874954,62.131049036979675,290.04296875],[-7.075453726574779,62.13102011941373,288.41015625],[-7.075600409880281,62.13094711303711,286.35546875],[-7.075628740713,62.13086027652025,284.90625],[-7.075693197548389,62.130765644833446,283.125],[-7.075757570564747,62.13068568147719,281.60546875],[-7.075859913602471,62.13059037923813,279.625],[-7.075925124809146,62.13049809448421,277.8828125],[-7.075984720140696,62.13040228933096,275.37890625],[-7.076073652133346,62.13030623272061,272.4765625],[-7.076150681823492,62.13021327741444,269.69921875],[-7.076263083145022,62.130123507231474,266.75390625],[-7.076395936310291,62.13005343452096,264.1328125],[-7.076562568545342,62.12999224662781,261.4140625],[-7.076775887981057,62.12995234876871,258.6171875],[-7.076967163011432,62.12990675121546,255.859375],[-7.077095322310925,62.12986442260444,253.71484375],[-7.07705894485116,62.129773730412126,251.734375],[-7.076922655105591,62.12970516644418,251.1484375],[-7.076872950419784,62.12970323860645,251.51953125],[-7.076875800266862,62.12959033437073,248.3203125],[-7.076904885470867,62.12949310429394,245.0390625],[-7.076921733096242,62.129389168694615,241.65234375],[-7.076996583491564,62.12930526584387,238.40625],[-7.077184673398733,62.12926587089896,235.59375],[-7.077370835468173,62.12921599857509,232.453125],[-7.077503688633442,62.1291533857584,229.22265625],[-7.077679624781013,62.12911231443286,226.25],[-7.077788254246116,62.129019191488624,222.30078125],[-7.077879197895527,62.12891986593604,218.32421875],[-7.077965782955289,62.12883378379047,214.8046875],[-7.078028060495853,62.12874351069331,211.45703125],[-7.078090170398355,62.12865952402353,208.33203125],[-7.078125542029738,62.1285592764616,204.984375],[-7.078173402696848,62.12847109884024,201.890625],[-7.078259903937578,62.12838417850435,198.6328125],[-7.078384291380644,62.128322906792164,195.8984375],[-7.078491747379303,62.128235986456275,192.51171875],[-7.078564669936895,62.128156358376145,189.59765625],[-7.078567100688815,62.12805284187198,186.47265625],[-7.078579673543572,62.127955527976155,183.4453125],[-7.078625857830048,62.12785854935646,180.1484375],[-7.078685201704502,62.1277614030987,176.76953125],[-7.078725686296821,62.12767439894378,173.83984375],[-7.078818138688803,62.12759108282626,170.69140625],[-7.078869771212339,62.127497708424926,167.5234375],[-7.078884188085794,62.12740458548069,164.6171875],[-7.078885361552239,62.127308109775186,161.6953125],[-7.07893623970449,62.12721213698387,158.484375],[-7.078930707648397,62.127150194719434,156.65234375],[-7.078951746225357,62.12707190774381,154.875],[-7.079054843634367,62.12705849669874,153.96484375],[-7.079230444505811,62.12710945867002,153.75390625],[-7.079427838325501,62.127122450619936,152.6015625],[-7.079389616847038,62.127030501142144,151.09375],[-7.079263469204307,62.12695984169841,150.5703125],[-7.079141847789288,62.12689848616719,150.1484375],[-7.079009497538209,62.12684517726302,149.90625],[-7.078912770375609,62.12675674818456,148.5703125],[-7.078901454806328,62.12666228413582,146.6640625],[-7.078941855579615,62.12656798772514,144.53125],[-7.078909752890468,62.12646899744868,142.62109375],[-7.07889718003571,62.12638006545603,140.82421875],[-7.078998014330864,62.12630823254585,138.96875],[-7.079123491421342,62.12623631581664,136.92578125],[-7.079194905236363,62.126141767948866,134.65234375],[-7.079211501404643,62.12605250068009,132.75],[-7.079117204993963,62.125990223139524,131.93359375],[-7.079058866947889,62.12591512128711,130.6796875],[-7.07904813811183,62.125819232314825,128.7734375],[-7.079015867784619,62.12573206052184,127.140625],[-7.078891145065427,62.125688306987286,126.5859375],[-7.078806823119521,62.12558629922569,124.69921875],[-7.078724764287472,62.12550080381334,123.125],[-7.078824508935213,62.12539913132787,120.0703125],[-7.078879158943892,62.12532905861735,117.90625],[-7.078869100660086,62.12527088820934,116.22265625],[-7.078871615231037,62.12516921572387,113.24609375],[-7.078738594427705,62.12511540390551,111.8515625],[-7.078716130927205,62.12511573918164,111.890625],[-7.078671623021364,62.12505513802171,110.14453125],[-7.078726273030043,62.12495011277497,106.96484375],[-7.078717304393649,62.124857157468796,104.2109375],[-7.078707329928875,62.12476537562907,101.48828125],[-7.078635916113854,62.124703684821725,99.66796875],[-7.07864454947412,62.12459580972791,96.63671875],[-7.078606160357595,62.12451341561973,94.44921875],[-7.078552935272455,62.12444267235696,92.515625],[-7.078387057408691,62.12439271621406,90.9375],[-7.078268453478813,62.12431677617133,88.61328125],[-7.078181868419051,62.12420504540205,85.23828125],[-7.078107353299856,62.124112509191036,82.54296875],[-7.078034095466137,62.124029863625765,80.09765625],[-7.077961843460798,62.12393078953028,77.13671875],[-7.077863356098533,62.123842779546976,74.43359375],[-7.077798815444112,62.12376172654331,72.42578125],[-7.077661352232099,62.1236982755363,70.78515625],[-7.077490948140621,62.12363817729056,68.9453125],[-7.077384414151311,62.123558884486556,66.65234375],[-7.077301517128944,62.12347322143614,64.2890625],[-7.077483823522925,62.123397113755345,63.16015625],[-7.077584154903889,62.12329586036503,61.38671875],[-7.077608294785023,62.12319787591696,59.3203125],[-7.077460940927267,62.12313559837639,56.72265625],[-7.077592955902219,62.123122438788414,57.48828125],[-7.077518105506897,62.12311305105686,56.65234375],[-7.077352227643132,62.123106429353356,55.125],[-7.077131532132626,62.12313727475703,55.421875],[-7.076950734481216,62.12309645488858,53.9765625],[-7.076719226315618,62.123033590614796,51.81640625],[-7.076531304046512,62.122960332781076,49.7578125],[-7.076369030401111,62.12291716597974,49.5703125],[-7.076187813654542,62.122822534292936,48.80859375],[-7.076048590242863,62.12274558842182,48.1328125],[-7.075865529477596,62.12267115712166,47.546875],[-7.075732341036201,62.122595300897956,46.80859375],[-7.075774669647217,62.1224928740412,45.390625],[-7.075888998806477,62.12240100838244,44.0078125],[-7.075993353500962,62.12233898229897,43.0546875],[-7.076072981581092,62.12234417907894,43.00390625],[-7.076221844181418,62.12241567671299,43.671875],[-7.076513366773725,62.122342083603144,42.32421875],[-7.076644962653518,62.12224720045924,41.33984375],[-7.076691398397088,62.122145695611835,40.203125],[-7.076622834429145,62.12206531316042,40.09765625],[-7.076570112258196,62.12197839282453,40.03515625],[-7.076484281569719,62.12189231067896,40.03125],[-7.076469697058201,62.12179382331669,40.03515625],[-7.076467098668218,62.12169835343957,40.03125],[-7.076389398425818,62.12161520496011,40.05859375],[-7.076271800324321,62.12154136039317,40.08203125],[-7.076144814491272,62.12146433070302,40.08203125],[-7.076081866398454,62.121377075091004,40.0390625],[-7.07600156776607,62.12128898128867,39.7578125],[-7.075944235548377,62.12118295021355,38.8125],[-7.075884472578764,62.12112913839519,38.3046875],[-7.075865948572755,62.121016988530755,37.2734375],[-7.07585253752768,62.12090475484729,36.23828125],[-7.075810460373759,62.12080794386566,35.29296875],[-7.075747428461909,62.12070241570473,34.203125],[-7.075691940262914,62.12059713900089,33.09375],[-7.075716499239206,62.120493622496724,32.16015625],[-7.075925543904305,62.120436457917094,31.9609375],[-7.076140288263559,62.12039211764932,31.93359375],[-7.076346063986421,62.120354399085045,31.9921875],[-7.076532728970051,62.12030779570341,31.96484375],[-7.076654518023133,62.12023353204131,32.0625],[-7.076634149998426,62.120138481259346,30.8984375],[-7.076590647920966,62.12004477158189,29.453125],[-7.07654245197773,62.11995701305568,27.91796875],[-7.076491573825479,62.11985886096954,26.3984375],[-7.07651998847723,62.11976791732013,25.3984375],[-7.076594168320298,62.11968334391713,25.48828125],[-7.076605232432485,62.11963405832648,25.25],[-7.076699025928974,62.11954303085804,26.48828125],[-7.076679328456521,62.11946038529277,25.94921875],[-7.076648902148008,62.11936751380563,25.171875],[-7.076615793630481,62.11927087046206,24.3046875],[-7.07655712030828,62.11917917244136,22.94921875],[-7.076534572988749,62.119074733927846,22.16796875],[-7.076496435329318,62.11897926405072,21.48828125],[-7.07643155939877,62.11887801066041,20.890625],[-7.076453352347016,62.11878044530749,20.82421875],[-7.076570028439164,62.118688160553575,22.30078125],[-7.076614871621132,62.118697213009,23.19140625]]}},{"type":"Feature","properties":{"name":"WP1 02_V","type":"user","time":"2020-07-17T10:03:32Z","gpxx_WaypointExtension":"SymbolAndName","gpxx_DisplayMode":"SymbolAndName","wptx1_WaypointExtension":"SymbolAndName","wptx1_DisplayMode":"SymbolAndName","ctx_CreationTimeExtension":"2020-07-17T10:03:32Z","ctx_CreationTime":"2020-07-17T10:03:32Z","sym":"Flag, Blue"},"geometry":{"type":"Point","coordinates":[-7.146008396521211,62.16684219427407,226.25]}},{"type":"Feature","properties":{"name":"WP2 03_V","type":"user","time":"2020-07-17T10:26:33Z","gpxx_WaypointExtension":"SymbolAndName","gpxx_DisplayMode":"SymbolAndName","wptx1_WaypointExtension":"SymbolAndName","wptx1_DisplayMode":"SymbolAndName","ctx_CreationTimeExtension":"2020-07-17T10:26:33Z","ctx_CreationTime":"2020-07-17T10:26:33Z","sym":"Flag, Blue"},"geometry":{"type":"Point","coordinates":[-7.139528598636389,62.17193470336497,288.5]}},{"type":"Feature","properties":{"name":"WP3 05_V","type":"user","time":"2020-07-17T11:14:11Z","gpxx_WaypointExtension":"SymbolAndName","gpxx_DisplayMode":"SymbolAndName","wptx1_WaypointExtension":"SymbolAndName","wptx1_DisplayMode":"SymbolAndName","ctx_CreationTimeExtension":"2020-07-17T11:14:11Z","ctx_CreationTime":"2020-07-17T11:14:11Z","sym":"Flag, Blue"},"geometry":{"type":"Point","coordinates":[-7.09407102316618,62.17738201841712,388.847412]}},{"type":"Feature","properties":{"name":"WP4 12_V","type":"user","time":"2020-07-17T12:05:16Z","gpxx_WaypointExtension":"SymbolAndName","gpxx_DisplayMode":"SymbolAndName","wptx1_WaypointExtension":"SymbolAndName","wptx1_DisplayMode":"SymbolAndName","ctx_CreationTimeExtension":"2020-07-17T12:05:16Z","ctx_CreationTime":"2020-07-17T12:05:16Z","sym":"Flag, Blue"},"geometry":{"type":"Point","coordinates":[-7.055788021534681,62.18233002349734,275.76889]}},{"type":"Feature","properties":{"name":"WP5 20_V","type":"user","time":"2020-07-17T12:59:40Z","gpxx_WaypointExtension":"SymbolAndName","gpxx_DisplayMode":"SymbolAndName","wptx1_WaypointExtension":"SymbolAndName","wptx1_DisplayMode":"SymbolAndName","ctx_CreationTimeExtension":"2020-07-17T12:59:40Z","ctx_CreationTime":"2020-07-17T12:59:40Z","sym":"Flag, Blue"},"geometry":{"type":"Point","coordinates":[-7.073460007086396,62.16826502233744,377.270874]}},{"type":"Feature","properties":{"name":"WP6 41_V","type":"user","time":"2020-07-17T13:48:50Z","gpxx_WaypointExtension":"SymbolAndName","gpxx_DisplayMode":"SymbolAndName","wptx1_WaypointExtension":"SymbolAndName","wptx1_DisplayMode":"SymbolAndName","ctx_CreationTimeExtension":"2020-07-17T13:48:50Z","ctx_CreationTime":"2020-07-17T13:48:50Z","sym":"Flag, Blue"},"geometry":{"type":"Point","coordinates":[-7.068668995052576,62.14766599237919,359.542633]}},{"type":"Feature","properties":{"name":"WP7 63_V","type":"user","time":"2020-07-17T15:51:46Z","gpxx_WaypointExtension":"SymbolAndName","gpxx_DisplayMode":"SymbolAndName","wptx1_WaypointExtension":"SymbolAndName","wptx1_DisplayMode":"SymbolAndName","ctx_CreationTimeExtension":"2020-07-17T15:51:46Z","ctx_CreationTime":"2020-07-17T15:51:46Z","sym":"Flag, Blue"},"geometry":{"type":"Point","coordinates":[-7.076858030632138,62.12971203960478,282.419281]}}]}