{"type":"FeatureCollection","features":[{"type":"Feature","properties":{"_gpxType":"trk","name":"12 Variante zum Satan","time":"2017-08-26T08:47:17Z","gpxx_TrackExtension":"Red","gpxx_DisplayColor":"Red","coordinateProperties":{"times":["2017-08-26T08:47:17Z","2017-08-26T08:47:26Z","2017-08-26T08:47:35Z","2017-08-26T08:47:47Z","2017-08-26T08:48:00Z","2017-08-26T08:48:10Z","2017-08-26T08:48:11Z","2017-08-26T08:48:20Z","2017-08-26T08:48:27Z","2017-08-26T08:48:31Z","2017-08-26T08:48:37Z","2017-08-26T08:48:49Z","2017-08-26T08:48:53Z","2017-08-26T08:49:00Z","2017-08-26T08:49:07Z","2017-08-26T08:49:14Z","2017-08-26T08:49:19Z","2017-08-26T08:49:29Z","2017-08-26T08:49:33Z","2017-08-26T08:49:45Z","2017-08-26T08:49:47Z","2017-08-26T08:49:50Z","2017-08-26T08:49:57Z","2017-08-26T08:50:03Z","2017-08-26T08:50:12Z","2017-08-26T08:50:22Z","2017-08-26T08:50:25Z","2017-08-26T08:50:28Z","2017-08-26T08:50:36Z","2017-08-26T08:50:47Z","2017-08-26T08:50:53Z","2017-08-26T08:50:57Z","2017-08-26T08:51:02Z","2017-08-26T08:51:09Z","2017-08-26T08:51:14Z","2017-08-26T08:51:23Z","2017-08-26T08:51:34Z","2017-08-26T08:51:46Z","2017-08-26T08:51:49Z","2017-08-26T08:52:00Z","2017-08-26T08:52:04Z","2017-08-26T08:52:12Z","2017-08-26T08:52:20Z","2017-08-26T08:52:28Z","2017-08-26T08:52:33Z","2017-08-26T08:52:36Z","2017-08-26T08:52:40Z","2017-08-26T08:52:52Z","2017-08-26T08:52:54Z","2017-08-26T08:53:03Z","2017-08-26T08:53:06Z","2017-08-26T08:53:12Z","2017-08-26T08:53:17Z","2017-08-26T08:53:22Z","2017-08-26T08:53:25Z","2017-08-26T08:53:30Z","2017-08-26T08:53:33Z","2017-08-26T08:53:41Z","2017-08-26T08:53:44Z","2017-08-26T08:53:47Z","2017-08-26T08:53:50Z","2017-08-26T08:53:54Z","2017-08-26T08:53:59Z","2017-08-26T08:54:06Z","2017-08-26T08:54:14Z","2017-08-26T08:54:18Z","2017-08-26T08:54:23Z","2017-08-26T08:54:31Z","2017-08-26T08:54:35Z","2017-08-26T08:54:43Z","2017-08-26T08:54:52Z","2017-08-26T08:54:56Z","2017-08-26T08:55:06Z","2017-08-26T08:55:07Z","2017-08-26T08:55:15Z","2017-08-26T08:55:25Z","2017-08-26T08:55:28Z","2017-08-26T08:55:31Z","2017-08-26T08:55:39Z","2017-08-26T08:55:50Z","2017-08-26T08:56:03Z","2017-08-26T08:56:10Z","2017-08-26T08:56:14Z","2017-08-26T08:56:22Z","2017-08-26T08:56:32Z","2017-08-26T08:56:39Z","2017-08-26T08:56:49Z","2017-08-26T08:56:59Z","2017-08-26T08:57:07Z","2017-08-26T08:57:15Z","2017-08-26T08:57:28Z","2017-08-26T08:57:32Z","2017-08-26T08:57:46Z","2017-08-26T08:58:01Z","2017-08-26T08:58:11Z","2017-08-26T08:58:14Z","2017-08-26T08:58:20Z","2017-08-26T08:58:32Z","2017-08-26T08:58:34Z","2017-08-26T08:58:45Z","2017-08-26T08:58:57Z","2017-08-26T08:58:58Z","2017-08-26T08:59:10Z","2017-08-26T08:59:21Z","2017-08-26T08:59:31Z","2017-08-26T08:59:46Z","2017-08-26T08:59:54Z","2017-08-26T09:00:08Z","2017-08-26T09:00:20Z","2017-08-26T09:00:33Z","2017-08-26T09:00:45Z","2017-08-26T09:00:59Z","2017-08-26T09:01:01Z","2017-08-26T09:01:13Z","2017-08-26T09:01:29Z","2017-08-26T09:01:37Z","2017-08-26T09:01:40Z","2017-08-26T09:01:45Z","2017-08-26T09:01:55Z","2017-08-26T09:02:01Z","2017-08-26T09:03:38Z","2017-08-26T09:03:43Z","2017-08-26T09:03:50Z","2017-08-26T09:04:00Z","2017-08-26T09:04:06Z","2017-08-26T09:04:14Z","2017-08-26T09:04:21Z","2017-08-26T09:04:28Z","2017-08-26T09:04:38Z","2017-08-26T09:04:39Z","2017-08-26T09:04:47Z","2017-08-26T09:04:53Z","2017-08-26T09:04:58Z","2017-08-26T09:05:06Z","2017-08-26T09:05:19Z","2017-08-26T09:05:22Z","2017-08-26T09:05:26Z","2017-08-26T09:05:39Z","2017-08-26T09:05:49Z","2017-08-26T09:05:55Z","2017-08-26T09:06:02Z","2017-08-26T09:06:10Z","2017-08-26T09:06:14Z","2017-08-26T09:06:21Z","2017-08-26T09:06:23Z","2017-08-26T09:06:30Z","2017-08-26T09:06:38Z","2017-08-26T09:06:48Z","2017-08-26T09:06:56Z","2017-08-26T09:07:09Z","2017-08-26T09:07:10Z","2017-08-26T09:07:15Z","2017-08-26T09:07:23Z","2017-08-26T09:07:33Z","2017-08-26T09:07:36Z","2017-08-26T09:07:42Z","2017-08-26T09:07:48Z","2017-08-26T09:07:55Z","2017-08-26T09:08:01Z","2017-08-26T09:08:11Z","2017-08-26T09:08:23Z","2017-08-26T09:08:24Z","2017-08-26T09:08:32Z","2017-08-26T09:08:41Z","2017-08-26T09:08:48Z","2017-08-26T09:08:56Z","2017-08-26T09:09:09Z","2017-08-26T09:09:10Z","2017-08-26T09:09:24Z","2017-08-26T09:09:33Z","2017-08-26T09:09:38Z","2017-08-26T09:09:50Z","2017-08-26T09:10:01Z","2017-08-26T09:10:12Z","2017-08-26T09:10:24Z","2017-08-26T09:10:27Z","2017-08-26T09:10:31Z","2017-08-26T09:10:42Z","2017-08-26T09:10:45Z","2017-08-26T09:10:50Z","2017-08-26T09:10:56Z","2017-08-26T09:11:04Z","2017-08-26T09:11:17Z","2017-08-26T09:11:25Z","2017-08-26T09:11:37Z","2017-08-26T09:11:44Z","2017-08-26T09:11:52Z","2017-08-26T09:11:57Z","2017-08-26T09:12:07Z","2017-08-26T09:12:15Z","2017-08-26T09:12:23Z","2017-08-26T09:12:33Z","2017-08-26T09:12:42Z","2017-08-26T09:12:48Z","2017-08-26T09:13:00Z","2017-08-26T09:13:07Z","2017-08-26T09:13:14Z","2017-08-26T09:13:24Z","2017-08-26T09:13:32Z","2017-08-26T09:13:37Z","2017-08-26T09:13:49Z","2017-08-26T09:13:57Z","2017-08-26T09:14:08Z","2017-08-26T09:14:12Z","2017-08-26T09:14:23Z","2017-08-26T09:14:38Z","2017-08-26T09:14:44Z","2017-08-26T09:14:48Z","2017-08-26T09:15:01Z","2017-08-26T09:15:13Z","2017-08-26T09:15:17Z","2017-08-26T09:15:20Z","2017-08-26T09:15:22Z","2017-08-26T09:15:28Z","2017-08-26T09:15:35Z","2017-08-26T09:15:44Z","2017-08-26T09:15:58Z","2017-08-26T09:16:05Z","2017-08-26T09:16:18Z","2017-08-26T09:16:29Z","2017-08-26T09:16:37Z","2017-08-26T09:16:49Z","2017-08-26T09:17:00Z","2017-08-26T09:17:07Z","2017-08-26T09:17:18Z","2017-08-26T09:17:29Z","2017-08-26T09:17:34Z","2017-08-26T09:17:44Z","2017-08-26T09:17:56Z","2017-08-26T09:18:05Z","2017-08-26T09:18:16Z","2017-08-26T09:18:22Z","2017-08-26T09:18:57Z","2017-08-26T09:19:01Z","2017-08-26T09:19:06Z","2017-08-26T09:19:14Z","2017-08-26T09:19:24Z","2017-08-26T09:19:37Z","2017-08-26T09:19:50Z","2017-08-26T09:20:01Z","2017-08-26T09:20:10Z","2017-08-26T09:20:19Z","2017-08-26T09:20:30Z","2017-08-26T09:20:33Z","2017-08-26T09:20:40Z","2017-08-26T09:20:51Z","2017-08-26T09:20:55Z","2017-08-26T09:21:03Z","2017-08-26T09:21:09Z","2017-08-26T09:21:23Z","2017-08-26T09:21:27Z","2017-08-26T09:21:38Z","2017-08-26T09:21:42Z","2017-08-26T09:21:51Z","2017-08-26T09:22:04Z","2017-08-26T09:22:17Z","2017-08-26T09:22:29Z","2017-08-26T09:22:31Z","2017-08-26T09:22:35Z","2017-08-26T09:22:45Z","2017-08-26T09:22:50Z","2017-08-26T09:22:55Z","2017-08-26T09:23:05Z","2017-08-26T09:23:17Z","2017-08-26T09:23:27Z","2017-08-26T09:23:30Z","2017-08-26T09:23:38Z","2017-08-26T09:23:51Z","2017-08-26T09:24:04Z","2017-08-26T09:24:12Z","2017-08-26T09:24:16Z","2017-08-26T09:24:31Z","2017-08-26T09:24:43Z","2017-08-26T09:24:50Z","2017-08-26T09:24:57Z","2017-08-26T09:25:04Z","2017-08-26T09:25:09Z","2017-08-26T09:25:22Z","2017-08-26T09:25:31Z","2017-08-26T09:25:43Z","2017-08-26T09:25:57Z","2017-08-26T09:26:09Z","2017-08-26T09:26:23Z","2017-08-26T09:26:25Z","2017-08-26T09:26:33Z","2017-08-26T09:26:45Z","2017-08-26T09:26:55Z","2017-08-26T09:27:04Z","2017-08-26T09:27:11Z","2017-08-26T09:27:13Z","2017-08-26T09:27:18Z","2017-08-26T09:27:28Z","2017-08-26T09:27:32Z","2017-08-26T09:27:38Z","2017-08-26T09:27:46Z","2017-08-26T09:27:51Z","2017-08-26T09:27:58Z","2017-08-26T09:28:03Z","2017-08-26T09:36:54Z","2017-08-26T09:37:08Z","2017-08-26T09:37:21Z","2017-08-26T09:37:31Z","2017-08-26T09:37:41Z","2017-08-26T09:37:53Z","2017-08-26T09:38:04Z","2017-08-26T09:38:16Z","2017-08-26T09:38:19Z","2017-08-26T09:38:22Z","2017-08-26T09:38:34Z","2017-08-26T09:38:38Z","2017-08-26T09:38:49Z","2017-08-26T09:38:50Z","2017-08-26T09:38:52Z","2017-08-26T09:38:59Z","2017-08-26T09:39:10Z","2017-08-26T09:39:20Z","2017-08-26T09:39:30Z","2017-08-26T09:39:34Z","2017-08-26T09:39:38Z","2017-08-26T09:39:48Z","2017-08-26T09:39:55Z","2017-08-26T09:40:01Z","2017-08-26T09:40:10Z","2017-08-26T09:40:21Z","2017-08-26T09:40:33Z","2017-08-26T09:40:42Z","2017-08-26T09:40:45Z","2017-08-26T09:40:50Z","2017-08-26T09:41:01Z","2017-08-26T09:41:02Z","2017-08-26T09:41:14Z","2017-08-26T09:41:15Z","2017-08-26T09:41:18Z","2017-08-26T09:41:24Z","2017-08-26T09:41:28Z","2017-08-26T09:41:38Z","2017-08-26T09:41:43Z","2017-08-26T09:41:48Z","2017-08-26T09:41:57Z","2017-08-26T09:42:06Z","2017-08-26T09:42:20Z","2017-08-26T09:42:27Z","2017-08-26T09:42:29Z","2017-08-26T09:42:40Z","2017-08-26T09:42:48Z","2017-08-26T09:42:50Z","2017-08-26T09:44:08Z","2017-08-26T09:44:11Z","2017-08-26T09:44:24Z","2017-08-26T09:44:34Z","2017-08-26T09:44:48Z","2017-08-26T09:44:58Z","2017-08-26T09:45:00Z","2017-08-26T09:45:04Z","2017-08-26T09:45:07Z","2017-08-26T09:45:11Z","2017-08-26T09:45:14Z","2017-08-26T09:45:30Z","2017-08-26T09:45:44Z","2017-08-26T09:45:50Z","2017-08-26T09:45:54Z","2017-08-26T09:46:05Z","2017-08-26T09:46:16Z","2017-08-26T09:46:32Z","2017-08-26T09:46:41Z","2017-08-26T09:46:53Z","2017-08-26T09:47:06Z","2017-08-26T09:47:08Z","2017-08-26T09:47:14Z","2017-08-26T09:47:25Z","2017-08-26T09:47:36Z","2017-08-26T09:47:41Z","2017-08-26T09:47:55Z","2017-08-26T09:48:06Z","2017-08-26T09:48:18Z","2017-08-26T09:48:27Z","2017-08-26T09:48:36Z","2017-08-26T09:48:37Z","2017-08-26T09:48:47Z","2017-08-26T09:48:54Z","2017-08-26T09:49:07Z","2017-08-26T09:49:19Z","2017-08-26T09:49:22Z","2017-08-26T09:49:26Z","2017-08-26T09:49:32Z","2017-08-26T09:49:42Z","2017-08-26T09:49:53Z","2017-08-26T09:49:58Z","2017-08-26T09:50:01Z","2017-08-26T09:50:16Z","2017-08-26T09:50:23Z","2017-08-26T09:50:29Z","2017-08-26T09:50:33Z","2017-08-26T09:50:43Z","2017-08-26T09:50:57Z","2017-08-26T09:51:11Z","2017-08-26T09:51:13Z","2017-08-26T09:51:28Z","2017-08-26T09:51:40Z","2017-08-26T09:51:52Z","2017-08-26T09:52:01Z","2017-08-26T09:52:15Z","2017-08-26T09:52:16Z","2017-08-26T09:52:30Z","2017-08-26T09:52:33Z","2017-08-26T09:52:42Z","2017-08-26T09:52:45Z","2017-08-26T09:52:52Z","2017-08-26T09:53:04Z","2017-08-26T09:53:14Z","2017-08-26T09:53:28Z","2017-08-26T09:53:38Z","2017-08-26T09:53:43Z","2017-08-26T09:53:54Z","2017-08-26T09:53:56Z","2017-08-26T09:54:00Z","2017-08-26T09:54:02Z","2017-08-26T09:54:13Z","2017-08-26T09:54:15Z","2017-08-26T09:54:18Z","2017-08-26T09:54:21Z","2017-08-26T09:54:25Z","2017-08-26T09:54:38Z","2017-08-26T09:54:43Z","2017-08-26T09:54:49Z","2017-08-26T09:55:03Z","2017-08-26T09:55:12Z","2017-08-26T09:55:20Z","2017-08-26T09:55:27Z","2017-08-26T09:55:39Z","2017-08-26T09:55:50Z","2017-08-26T09:55:53Z","2017-08-26T09:55:56Z","2017-08-26T09:56:03Z","2017-08-26T09:56:12Z","2017-08-26T09:56:21Z","2017-08-26T09:56:25Z","2017-08-26T09:56:31Z","2017-08-26T09:56:38Z","2017-08-26T09:56:40Z","2017-08-26T09:56:51Z","2017-08-26T09:58:39Z","2017-08-26T09:58:53Z","2017-08-26T09:59:12Z","2017-08-26T09:59:27Z","2017-08-26T09:59:43Z","2017-08-26T10:00:00Z","2017-08-26T10:00:12Z","2017-08-26T10:00:21Z","2017-08-26T10:00:30Z","2017-08-26T10:00:39Z","2017-08-26T10:00:45Z","2017-08-26T10:00:54Z","2017-08-26T10:00:57Z","2017-08-26T10:01:03Z","2017-08-26T10:01:16Z","2017-08-26T10:01:22Z","2017-08-26T10:01:26Z","2017-08-26T10:01:37Z","2017-08-26T10:01:48Z","2017-08-26T10:01:53Z","2017-08-26T10:01:56Z","2017-08-26T10:02:05Z","2017-08-26T10:02:15Z","2017-08-26T10:02:17Z","2017-08-26T10:02:30Z","2017-08-26T10:02:37Z","2017-08-26T10:02:51Z","2017-08-26T10:02:59Z","2017-08-26T10:03:06Z","2017-08-26T10:03:11Z","2017-08-26T10:03:16Z","2017-08-26T10:03:19Z","2017-08-26T10:03:30Z","2017-08-26T10:03:35Z","2017-08-26T10:03:41Z","2017-08-26T10:03:46Z","2017-08-26T10:03:56Z","2017-08-26T10:03:59Z","2017-08-26T10:04:02Z","2017-08-26T10:04:09Z","2017-08-26T10:04:11Z","2017-08-26T10:04:19Z","2017-08-26T10:04:23Z","2017-08-26T10:04:39Z","2017-08-26T10:04:43Z","2017-08-26T10:04:51Z","2017-08-26T10:04:57Z","2017-08-26T10:05:10Z","2017-08-26T10:05:19Z","2017-08-26T10:05:35Z","2017-08-26T10:05:37Z","2017-08-26T10:05:54Z","2017-08-26T10:06:13Z","2017-08-26T10:06:29Z","2017-08-26T10:06:33Z","2017-08-26T10:06:35Z","2017-08-26T10:06:37Z","2017-08-26T10:06:48Z","2017-08-26T10:06:57Z","2017-08-26T10:07:01Z","2017-08-26T10:07:12Z","2017-08-26T10:07:20Z","2017-08-26T10:07:25Z","2017-08-26T10:07:37Z","2017-08-26T10:07:40Z","2017-08-26T10:07:49Z","2017-08-26T10:07:54Z","2017-08-26T10:08:11Z","2017-08-26T10:08:24Z","2017-08-26T10:08:30Z","2017-08-26T10:08:39Z","2017-08-26T10:08:42Z","2017-08-26T10:08:57Z","2017-08-26T10:08:58Z"]}},"geometry":{"type":"LineString","coordinates":[[-6.992800533771515,62.10711828432977,286.1],[-6.992892986163497,62.10719497874379,284.2],[-6.992912013083696,62.107285000383854,281.8],[-6.992889968678355,62.10736697539687,278.9],[-6.992923999205232,62.10745297372341,275.1],[-6.993025001138449,62.10751097649336,272.2],[-6.993031958118081,62.10751801729202,272.2],[-6.993116028606892,62.107588006183505,269.8],[-6.993247959762812,62.10764701478183,267.9],[-6.993345022201538,62.107608038932085,266.9],[-6.993463961407542,62.1076020039618,266.9],[-6.993777025490999,62.10759898647666,266.9],[-6.993866041302681,62.107607033103704,266.9],[-6.993962014093995,62.10759102366865,266.9],[-6.993982968851924,62.10766101256013,266.9],[-6.994100986048579,62.107757991179824,266.9],[-6.994128981605172,62.10779596120119,265.9],[-6.994249010458589,62.10787701420486,265],[-6.994296032935381,62.10792202502489,264],[-6.994355041533709,62.10798698477447,264],[-6.994375996291637,62.107999976724386,263.1],[-6.994430981576443,62.10800400003791,263.1],[-6.99457498267293,62.10803400725126,263.1],[-6.994651006534696,62.10804699920118,263.1],[-6.994785033166409,62.108102990314364,263.1],[-6.994587974622846,62.10820700973272,263.1],[-6.994605995714665,62.108214972540736,263.1],[-6.994641032069922,62.10824799723923,263.1],[-6.994494013488293,62.10823701694608,262.1],[-6.994325034320355,62.10828797891736,262.1],[-6.994293015450239,62.10832896642387,264],[-6.994315981864929,62.1083930041641,265],[-6.994315981864929,62.10843700915575,265],[-6.994379013776779,62.10852200165391,265.9],[-6.99436099268496,62.10856298916042,266.9],[-6.994495019316673,62.10862803272903,266.9],[-6.994741028174758,62.10860003717244,266.9],[-6.995089966803789,62.10867396555841,266.9],[-6.995103964582086,62.10868000052869,266.9],[-6.995342010632157,62.10873800329864,266.9],[-6.995344022288919,62.108770022168756,266.9],[-6.995404036715627,62.10886297747493,265.9],[-6.995361037552357,62.10891301743686,265],[-6.995108993723989,62.10890203714371,265],[-6.994988964870572,62.108902959153056,265],[-6.99491897597909,62.108897008001804,265],[-6.994809005409479,62.108877981081605,265.9],[-6.994492001831532,62.10887202993035,267.9],[-6.994451014325023,62.10887496359646,267.9],[-6.99425102211535,62.108899019658566,269.8],[-6.994157982990146,62.10890999995172,269.8],[-6.993918009102345,62.10895098745823,269.8],[-6.993837039917707,62.10896900855005,269.8],[-6.993675017729402,62.109003039076924,269.8],[-6.993603017181158,62.109002033248544,268.8],[-6.99350000359118,62.10900396108627,267.9],[-6.99343697167933,62.10901896469295,266.9],[-6.993308980017901,62.10906003601849,265],[-6.993290958926082,62.10910202935338,265],[-6.993233961984515,62.10910898633301,265],[-6.993175037205219,62.1090870257467,265],[-6.993068000301719,62.1090629696846,265.9],[-6.992945959791541,62.10906003601849,266.9],[-6.992821991443634,62.10908300243318,267.9],[-6.992747979238629,62.109137987717986,268.8],[-6.992749990895391,62.109158020466566,269.8],[-6.992767006158829,62.10920596495271,272.2],[-6.992764994502068,62.109309984371066,274.1],[-6.992712020874023,62.1093409974128,274.1],[-6.992740016430616,62.1094099804759,274.1],[-6.992827020585537,62.109480975195765,275.1],[-6.992815034464002,62.109498996287584,275.1],[-6.992660975083709,62.10955096408725,276],[-6.992645971477032,62.10955096408725,276],[-6.99255402199924,62.10957703180611,277],[-6.992413038387895,62.109608966857195,278.9],[-6.992376996204257,62.1096330229193,279.9],[-6.992355035617948,62.10964199155569,280.8],[-6.992412032559514,62.10970804095268,281.8],[-6.992371967062354,62.109778029844165,284.2],[-6.992309018969536,62.10982899181545,286.1],[-6.992226038128138,62.109864028170705,288],[-6.99225302785635,62.10992001928389,289],[-6.992292003706098,62.10994399152696,290],[-6.992331985384226,62.11000400595367,291.9],[-6.992269037291408,62.110039964318275,293.8],[-6.992178009822965,62.11011397652328,296.2],[-6.992154959589243,62.11016099900007,297.2],[-6.992131993174553,62.11020198650658,298.1],[-6.992130987346172,62.11025898344815,300.1],[-6.992156971246004,62.11034799925983,302],[-6.992148002609611,62.11036995984614,303.9],[-6.992181027308106,62.11049602366984,305.8],[-6.992187984287739,62.11062401533127,308.2],[-6.992257973179221,62.110703978687525,310.2],[-6.992251016199589,62.11073499172926,310.2],[-6.992206005379558,62.11078100837767,311.1],[-6.99212696403265,62.11088796146214,312.1],[-6.992129981517792,62.11090296506882,312.1],[-6.992119001224637,62.11099902167916,315],[-6.992114977911115,62.11109801195562,315.9],[-6.992134004831314,62.111108992248774,315.9],[-6.992169041186571,62.1111680008471,317.9],[-6.992225032299757,62.11122902110219,319.8],[-6.992287980392575,62.11128702387214,322.2],[-6.992359980940819,62.11134200915694,325.1],[-6.992335002869368,62.111370004713535,327],[-6.992336008697748,62.111435970291495,329.9],[-6.992323016747832,62.11148500442505,333.2],[-6.992411026731134,62.1115099824965,336.1],[-6.992407003417611,62.11155499331653,339],[-6.992422007024288,62.11157301440835,341.9],[-6.992419995367527,62.111583994701505,342.9],[-6.992366015911102,62.111603021621704,346.2],[-6.992215979844332,62.11164199747145,349.1],[-6.992212040349841,62.111689019948244,351],[-6.992245987057686,62.111713998019695,351],[-6.992304995656014,62.111776024103165,352],[-6.992284040898085,62.11184601299465,353.9],[-6.99225596152246,62.111908961087465,355.8],[-6.992279011756182,62.11192497052252,355.8],[-6.992338020354509,62.11193502880633,355.8],[-6.992405997589231,62.111970987170935,356.8],[-6.99253398925066,62.11202496662736,358.2],[-6.992596015334129,62.11206897161901,359.2],[-6.992693999782205,62.112125968560576,360.1],[-6.992835989221931,62.11215203627944,362.1],[-6.992979990318418,62.11219604127109,363],[-6.993085015565157,62.112252032384276,364],[-6.993099013343453,62.112253960222006,364],[-6.993213007226586,62.1123009826988,365.9],[-6.993301017209888,62.11235001683235,366.9],[-6.993381986394525,62.112378012388945,367.8],[-6.993488017469645,62.112440038472414,368.8],[-6.993707036599517,62.11253500543535,371.2],[-6.993706030771136,62.1125459857285,371.2],[-6.993765961378813,62.112574987113476,372.2],[-6.993895964697003,62.11267598904669,373.1],[-6.994006019085646,62.112722005695105,375],[-6.994063016027212,62.11277497932315,376],[-6.99408296495676,62.112838011235,377],[-6.9941879902035,62.11288503371179,377.9],[-6.994262002408505,62.112895008176565,378.9],[-6.99431698769331,62.112938007339835,379.9],[-6.994334002956748,62.112957034260035,379.9],[-6.994456965476275,62.11299701593816,379.9],[-6.994602978229523,62.113005984574556,379.9],[-6.994815040379763,62.113001961261034,381.8],[-6.994904978200793,62.113005984574556,383.2],[-6.995032969862223,62.11306298151612,386.1],[-6.995045961812139,62.11306096985936,386.1],[-6.995117962360382,62.1130639873445,387.1],[-6.995180994272232,62.11309801787138,389],[-6.995271015912294,62.11314897984266,390.9],[-6.995342010632157,62.113155014812946,391.9],[-6.995352990925312,62.1131799928844,392.8],[-6.995380986481905,62.11323103867471,393.8],[-6.99547897092998,62.11323397234082,395.2],[-6.995596988126636,62.11324201896787,397.2],[-6.995653985068202,62.11321100592613,399.1],[-6.995789017528296,62.11320103146136,400],[-6.995806032791734,62.11320002563298,400],[-6.995896976441145,62.11316398344934,402],[-6.996053969487548,62.11314101703465,402.9],[-6.996095040813088,62.11312500759959,403.9],[-6.996225966140628,62.11312601342797,405.8],[-6.996397962793708,62.11314001120627,408.2],[-6.996406009420753,62.11314202286303,408.2],[-6.996549004688859,62.113174963742495,412.1],[-6.996660986915231,62.11318401619792,413],[-6.996732987463474,62.113153003156185,414],[-6.996824014931917,62.113134982064366,415.9],[-6.996923005208373,62.11311696097255,418.8],[-6.997058037668467,62.113133976235986,421.2],[-6.997189968824387,62.113112015649676,423.1],[-6.997226011008024,62.11311302147806,425],[-6.997286025434732,62.113108998164535,426],[-6.997392978519201,62.113091982901096,428.9],[-6.997443018481135,62.113110003992915,429.9],[-6.997493980452418,62.1131020411849,430.8],[-6.997580984607339,62.11307303979993,431.8],[-6.997665977105498,62.11306298151612,434.2],[-6.997805032879114,62.113046972081065,436.1],[-6.997878039255738,62.11306298151612,437.1],[-6.998047018423677,62.11307303979993,439],[-6.998108960688114,62.113086031749845,440.9],[-6.998186996206641,62.11311402730644,441.9],[-6.998266037553549,62.11311997845769,442.8],[-6.998445997014642,62.11314504034817,445.2],[-6.998550016433001,62.11317001841962,446.2],[-6.998683037236333,62.113173035904765,447.1],[-6.998760988935828,62.11311696097255,449.1],[-6.998928040266037,62.113134982064366,450],[-6.999035999178886,62.11312400177121,450],[-6.999230962246656,62.11301998235285,452],[-6.999335987493396,62.11297698318958,452.9],[-6.999403964728117,62.11296399123967,453.9],[-6.999540003016591,62.112937001511455,454.8],[-6.999638993293047,62.112918980419636,456.8],[-6.999699007719755,62.11292199790478,458.2],[-6.999857006594539,62.112915962934494,461.1],[-6.999939987435937,62.11291202344,462],[-7.000083988532424,62.112894002348185,464],[-7.000121958553791,62.11290095932782,464.9],[-7.000252967700362,62.11288603954017,466.9],[-7.000409960746765,62.112832982093096,470.2],[-7.000482967123389,62.112832982093096,471.2],[-7.000540969893336,62.11282300762832,472.1],[-7.000648006796837,62.11282200179994,475],[-7.000714978203178,62.11284697987139,477.9],[-7.000779015943408,62.11284102872014,478.9],[-7.000820003449917,62.11284697987139,479.8],[-7.000836012884975,62.11284697987139,480.8],[-7.00091103091836,62.11284102872014,482.2],[-7.000967022031546,62.112827030941844,483.2],[-7.00104396790266,62.11282300762832,484.2],[-7.00121303088963,62.11283599957824,487],[-7.001296011731029,62.112832982093096,488],[-7.001389972865582,62.112870030105114,490.9],[-7.001502960920334,62.11286500096321,492.8],[-7.001616032794118,62.112876987084746,495.2],[-7.001716028898954,62.11290003731847,498.1],[-7.001828011125326,62.11292300373316,501],[-7.001904034987092,62.11293197236955,502.9],[-7.001938987523317,62.11294303648174,505.8],[-7.00207200832665,62.11294798180461,509.2],[-7.002148032188416,62.11295502260327,510.1],[-7.002269988879561,62.11294303648174,512],[-7.002355987206101,62.112978994846344,514],[-7.002469981089234,62.11298896931112,515.9],[-7.002593027427793,62.112956028431654,517.8],[-7.00267399661243,62.112958962097764,520.2],[-7.002678019925952,62.11295502260327,520.2],[-7.002726970240474,62.112957034260035,520.2],[-7.002809029072523,62.11294798180461,520.2],[-7.002921011298895,62.11292803287506,521.2],[-7.002948001027107,62.112956028431654,521.2],[-7.003011032938957,62.11301201954484,523.1],[-7.003043973818421,62.11307999677956,526],[-7.002989994361997,62.11311302147806,528.9],[-7.002980019897223,62.113154008984566,530.8],[-7.003006003797054,62.113196002319455,534.2],[-7.002961998805404,62.11324998177588,536.1],[-7.002998040989041,62.11327202618122,537],[-7.00310499407351,62.11331896483898,539],[-7.003256035968661,62.11335299536586,539.9],[-7.003326024860144,62.11336196400225,540.9],[-7.003492992371321,62.11338099092245,541.8],[-7.003688039258122,62.113390965387225,542.8],[-7.003969000652432,62.11342399008572,543.8],[-7.004018034785986,62.113429019227624,543.8],[-7.004297990351915,62.1134580206126,546.2],[-7.004347024485469,62.11346698924899,547.1],[-7.004493959248066,62.11349003948271,548.1],[-7.004741979762912,62.113499008119106,550],[-7.004988994449377,62.1135320328176,551.9],[-7.005165014415979,62.11356899701059,553.9],[-7.005192004144192,62.11357302032411,554.8],[-7.005264004692435,62.11357796564698,554.8],[-7.005428038537502,62.11359196342528,557.2],[-7.005509007722139,62.11359699256718,559.1],[-7.005548989400268,62.11361400783062,560.1],[-7.005714029073715,62.113644015043974,561.1],[-7.005883008241653,62.11366002447903,564],[-7.005986021831632,62.113687014207244,565.9],[-7.006032960489392,62.11369698867202,566.8],[-7.006124993786216,62.11371802724898,567.8],[-7.006344012916088,62.11373998783529,571.2],[-7.00647602789104,62.11376102641225,574],[-7.00656495988369,62.113776030018926,575],[-7.006617011502385,62.113757003098726,576],[-7.006800994277,62.113778963685036,578.8],[-7.006955975666642,62.11379203945398,582.2],[-7.007038034498692,62.1138050314039,583.2],[-7.007184969261289,62.113821962848306,585.1],[-7.007302986457944,62.11383797228336,586.1],[-7.007338022813201,62.11383696645498,587],[-7.007497027516365,62.113861022517085,589],[-7.007612027227879,62.113874014467,590.9],[-7.00774697586894,62.11389698088169,594.2],[-7.007904974743724,62.11391299031675,597.1],[-7.008036989718676,62.113928999751806,599],[-7.008190965279937,62.1139620244503,602.9],[-7.008186019957066,62.113968981429935,602.9],[-7.008299008011818,62.113992031663656,604.8],[-7.008426999673247,62.11399697698653,607.2],[-7.008534958586097,62.113989014178514,610.1],[-7.00862699188292,62.11400401778519,612],[-7.008676026016474,62.11400996893644,613.9],[-7.00871299020946,62.11400703527033,613.9],[-7.008781973272562,62.11400703527033,615.9],[-7.008880963549018,62.11402698419988,617.8],[-7.00890501961112,62.1140399761498,617.8],[-7.009000992402434,62.114053973928094,620.2],[-7.009089002385736,62.11406998336315,622.1],[-7.009112974628806,62.11408599279821,624],[-7.009125966578722,62.11410501971841,626],[-7.009143987670541,62.114096973091364,626.9],[-7.009175000712276,62.11407300084829,626.9],[-7.00905698351562,62.114037964493036,626.9],[-7.008895967155695,62.11400703527033,624],[-7.008761018514633,62.113969987258315,621.2],[-7.008622968569398,62.11396001279354,617.8],[-7.008460024371743,62.11396001279354,613.9],[-7.008334966376424,62.11395800113678,611.1],[-7.008156012743712,62.11393897421658,608.2],[-7.008117958903313,62.11393503472209,607.2],[-7.008052999153733,62.11393402889371,605.8],[-7.007904974743724,62.1139070391655,602.9],[-7.007821993902326,62.11389396339655,601.9],[-7.007608003914356,62.11387200281024,598.1],[-7.007570033892989,62.11386697366834,598.1],[-7.007525023072958,62.11386797949672,598.1],[-7.007496021687985,62.113864962011576,596.2],[-7.007288988679647,62.1138549875468,591.8],[-7.007193015888333,62.113838978111744,589.9],[-7.007020013406873,62.11382598616183,587],[-7.006924040615559,62.11381299421191,586.1],[-7.00678096152842,62.11380402557552,585.1],[-7.006639977917075,62.11378399282694,582.2],[-7.006549034267664,62.11377100087702,579.8],[-7.006415007635951,62.1137669775635,577.9],[-7.006265977397561,62.113755997270346,576],[-7.006108984351158,62.11372900754213,572.1],[-7.005916032940149,62.113669998943806,570.2],[-7.005679998546839,62.11365298368037,566.8],[-7.005625013262034,62.11363697424531,565.9],[-7.005490986630321,62.11362096481025,564],[-7.005173983052373,62.11357503198087,561.1],[-7.005169037729502,62.11357100866735,561.1],[-7.005070969462395,62.11350495927036,557.2],[-7.005056971684098,62.113499008119106,557.2],[-7.004997963085771,62.113476041704416,555.8],[-7.004816997796297,62.113473024219275,555.8],[-7.004732005298138,62.11346103809774,553.9],[-7.004407038912177,62.11346103809774,551.9],[-7.004367979243398,62.11344704031944,550],[-7.004223978146911,62.11341602727771,549],[-7.004078971222043,62.113366993144155,548.1],[-7.003881996497512,62.113327011466026,546.2],[-7.003524005413055,62.11335802450776,543.8],[-7.003439012914896,62.11333396844566,542.8],[-7.003395007923245,62.113324999809265,541.8],[-7.003198033198714,62.11324595846236,539.9],[-7.00308102183044,62.11322600953281,539],[-7.00303802266717,62.11323296651244,539],[-7.003024024888873,62.113216035068035,536.1],[-7.003026036545634,62.1131990198046,536.1],[-7.002958981320262,62.113134982064366,535.1],[-7.002978008240461,62.11310497485101,532.2],[-7.003014972433448,62.11303096264601,528.9],[-7.002945989370346,62.11297698318958,526],[-7.002920005470514,62.11296902038157,525],[-7.002894021570683,62.11294597014785,524.1],[-7.00290902517736,62.112918980419636,523.1],[-7.002865020185709,62.11289098486304,522.1],[-7.002813974395394,62.112895008176565,521.2],[-7.002553967759013,62.11296700872481,520.2],[-7.002336038276553,62.11296700872481,517.8],[-7.002237970009446,62.11297396570444,515.9],[-7.002153983339667,62.1129759773612,515.9],[-7.00196698307991,62.11299198679626,512],[-7.001896994188428,62.11297396570444,509.2],[-7.001745030283928,62.11301101371646,505.8],[-7.001647967845202,62.112980000674725,502.9],[-7.001588037237525,62.11292501538992,500],[-7.00151695869863,62.11284496821463,497.1],[-7.001485023647547,62.11284102872014,497.1],[-7.001378992572427,62.11285603232682,495.2],[-7.001180006191135,62.11285997182131,491.9],[-7.001034999266267,62.11282300762832,488],[-7.000944977626205,62.11281202733517,486.1],[-7.000743979588151,62.11284798569977,484.2],[-7.000619005411863,62.11286801844835,479.8],[-7.000477015972138,62.11288603954017,477],[-7.00035598129034,62.112849997356534,474.1],[-7.000220026820898,62.11286801844835,471.2],[-7.000200999900699,62.112871035933495,470.2],[-7.000040989369154,62.11290397681296,467.8],[-6.999940993264318,62.11295502260327,465.9],[-6.999690039083362,62.11293096654117,462],[-6.999428020790219,62.11295200511813,459.2],[-6.999361971393228,62.11295502260327,458.2],[-6.999267004430294,62.112938007339835,455.8],[-6.999138006940484,62.11295099928975,453.9],[-6.998969027772546,62.11305401287973,452],[-6.998810023069382,62.11313799954951,450],[-6.998685970902443,62.1131799928844,450],[-6.99861497618258,62.113198013976216,450],[-6.998321022838354,62.1131659951061,447.1],[-6.998177021741867,62.11315903812647,446.2],[-6.998085994273424,62.11310698650777,443.8],[-6.9980129878968,62.11309801787138,442.8],[-6.997816013172269,62.11303498595953,440.9],[-6.997590037062764,62.11304102092981,438],[-6.997432038187981,62.11310002952814,435.1],[-6.997419968247414,62.11310296319425,435.1],[-6.997299017384648,62.1131799928844,431.8],[-6.997158033773303,62.1131659951061,428.9],[-6.99700296856463,62.11312500759959,426],[-6.996896015480161,62.113129030913115,424.1],[-6.996708009392023,62.11318803951144,420.2],[-6.996691999956965,62.11319097317755,420.2],[-6.996462000533938,62.11323103867471,416.9],[-6.996406009420753,62.11322500370443,415.9],[-6.996309030801058,62.11315996013582,413],[-6.996247004717588,62.11314302869141,412.1],[-6.996112978085876,62.113131964579225,409.2],[-6.995844002813101,62.11314797401428,404.9],[-6.995636969804764,62.113174963742495,402],[-6.995364977046847,62.113196002319455,399.1],[-6.995234973728657,62.11314202286303,396.2],[-6.995168002322316,62.113111009821296,393.8],[-6.995012015104294,62.11308200843632,390],[-6.995001034811139,62.11307102814317,390],[-6.994925010949373,62.113026017323136,388],[-6.994887962937355,62.113000033423305,388],[-6.994709009304643,62.11293197236955,384.2],[-6.994685037061572,62.11292803287506,384.2],[-6.994613958522677,62.1129209920764,383.2],[-6.99453298933804,62.11290498264134,381.8],[-6.994382031261921,62.11288603954017,380.8],[-6.99410299770534,62.1128240134567,379.9],[-6.993999984115362,62.11280004121363,379.9],[-6.993893031030893,62.112724017351866,377.9],[-6.9937579985708,62.11264899931848,376],[-6.993454992771149,62.11253802292049,374.1],[-6.993375029414892,62.11247901432216,372.2],[-6.993187023326755,62.11242998018861,371.2],[-6.993037993088365,62.11235102266073,368.8],[-6.992916958406568,62.112253960222006,365.9],[-6.992814028635621,62.1122040040791,365],[-6.992735993117094,62.112163016572595,365],[-6.992609007284045,62.1121299918741,364],[-6.992396023124456,62.1120660379529,361.1],[-6.992222014814615,62.11198297329247,359.2],[-6.992239030078054,62.11195497773588,359.2],[-6.992270965129137,62.1118569932878,358.2],[-6.992321005091071,62.11179396137595,356.8],[-6.992340032011271,62.111776024103165,356.8],[-6.992283035069704,62.111693965271115,353.9],[-6.992294015362859,62.11167996749282,352],[-6.99240499176085,62.11164501495659,352],[-6.992414966225624,62.111606961116195,348.1],[-6.992385964840651,62.11158801801503,344.8],[-6.992354029789567,62.11157997138798,343.8],[-6.992342965677381,62.111520962789655,340.9],[-6.992239030078054,62.11146296001971,337.1],[-6.992288986220956,62.11142297834158,334.2],[-6.992277000099421,62.1113440208137,329.9],[-6.992238024249673,62.111264979466796,327],[-6.992226038128138,62.11120999418199,325.1],[-6.992310024797916,62.111131958663464,322.2],[-6.992299966514111,62.11111603304744,319.8],[-6.992249004542828,62.11104101501405,319.8],[-6.992252022027969,62.110919980332255,316.9],[-6.992209022864699,62.11086398921907,315.9],[-6.992226960137487,62.11081302724779,314],[-6.99225596152246,62.110704984515905,312.1],[-6.992208017036319,62.110529970377684,310.2],[-6.992215979844332,62.11049602366984,309.2],[-6.992179015651345,62.110444977879524,309.2],[-6.992117995396256,62.110316986218095,306.8],[-6.992148002609611,62.11026602424681,303.9],[-6.992154037579894,62.11025797761977,303.9],[-6.992139033973217,62.11013602092862,300.1],[-6.992159988731146,62.110082963481545,298.1],[-6.992177003994584,62.11002797819674,294.8],[-6.992251016199589,62.109949020668864,292.9],[-6.992330979555845,62.10987903177738,290.9],[-6.992356963455677,62.10983402095735,289],[-6.992379007861018,62.10980703122914,288],[-6.992415972054005,62.10976998321712,287.1],[-6.992518985643983,62.10966202430427,284.2],[-6.992502976208925,62.10961500182748,282.8],[-6.992477998137474,62.10953302681446,280.8],[-6.992675978690386,62.1095170173794,279.9],[-6.992786033079028,62.10949396714568,277],[-6.992760971188545,62.109457002952695,276],[-6.992757031694055,62.109432024881244,275.1],[-6.992711015045643,62.10933102294803,275.1],[-6.992717972025275,62.109307972714305,275.1],[-6.992801036685705,62.10921199992299,275.1],[-6.992911007255316,62.10921199992299,275.1],[-6.992980996146798,62.109093982726336,272.2],[-6.993034975603223,62.10907403379679,271.2],[-6.993181994184852,62.109090965241194,267.9],[-6.99330797418952,62.10907503962517,266.9],[-6.993428003042936,62.10895400494337,264],[-6.993539985269308,62.10886197164655,264],[-6.993810972198844,62.108748983591795,264],[-6.993860006332398,62.10874303244054,264],[-6.99429402127862,62.10871403105557,265.9],[-6.994699034839869,62.108600959181786,265.9],[-6.995028024539352,62.108512027189136,265.9],[-6.995104970410466,62.108490988612175,265.9],[-6.995145035907626,62.10847397334874,265.9],[-6.995189962908626,62.10846399888396,265],[-6.995479976758361,62.10841597057879,263.1],[-6.99564996175468,62.10834799334407,261.1],[-6.995700001716614,62.108324021101,260.2],[-6.995879039168358,62.1083100233227,257.8],[-6.996041983366013,62.10826802998781,257.8],[-6.996162012219429,62.10827004164457,259.2],[-6.996431993320584,62.108211033046246,259.2],[-6.996473986655474,62.10818303748965,259.2],[-6.996600972488523,62.1081149764359,259.2],[-6.996630979701877,62.10805001668632,259.2],[-6.996514974161983,62.10789897479117,261.1],[-6.996343983337283,62.107801996171474,262.1],[-6.996261002495885,62.10776402615011,263.1],[-6.996198976412416,62.107676016166806,265],[-6.9961859844625,62.10764399729669,265],[-6.996069978922606,62.10750603117049,267.9],[-6.99613275937736,62.10745791904628,267.9]]}},{"type":"Feature","properties":{"_gpxType":"trk","name":"12 Variante zum Storaeyn","time":"2017-08-26T10:12:22Z","gpxx_TrackExtension":"Red","gpxx_DisplayColor":"Red","coordinateProperties":{"times":["2017-08-26T10:12:22Z","2017-08-26T10:12:29Z","2017-08-26T10:12:32Z","2017-08-26T10:12:38Z","2017-08-26T10:12:51Z","2017-08-26T10:12:58Z","2017-08-26T10:13:06Z","2017-08-26T10:13:11Z","2017-08-26T10:13:22Z","2017-08-26T10:13:33Z","2017-08-26T10:13:40Z","2017-08-26T10:13:48Z","2017-08-26T10:13:56Z","2017-08-26T10:14:02Z","2017-08-26T10:14:09Z","2017-08-26T10:14:17Z","2017-08-26T10:14:26Z","2017-08-26T10:14:29Z","2017-08-26T10:14:38Z","2017-08-26T10:14:41Z","2017-08-26T10:14:45Z","2017-08-26T10:14:50Z","2017-08-26T10:14:57Z","2017-08-26T10:15:04Z","2017-08-26T10:15:16Z","2017-08-26T10:15:18Z","2017-08-26T10:15:28Z","2017-08-26T10:15:37Z","2017-08-26T10:15:41Z","2017-08-26T10:15:48Z","2017-08-26T10:15:59Z","2017-08-26T10:16:00Z","2017-08-26T10:16:04Z","2017-08-26T10:16:16Z","2017-08-26T10:16:21Z","2017-08-26T10:16:29Z","2017-08-26T10:16:33Z","2017-08-26T10:16:40Z","2017-08-26T10:16:42Z","2017-08-26T10:16:52Z","2017-08-26T10:16:55Z","2017-08-26T10:17:05Z","2017-08-26T10:17:06Z","2017-08-26T10:17:10Z","2017-08-26T10:17:20Z","2017-08-26T10:17:28Z","2017-08-26T10:17:33Z","2017-08-26T10:17:41Z","2017-08-26T10:17:47Z","2017-08-26T10:17:49Z","2017-08-26T10:17:58Z","2017-08-26T10:17:59Z","2017-08-26T10:18:03Z","2017-08-26T10:18:08Z","2017-08-26T10:18:16Z","2017-08-26T10:18:25Z","2017-08-26T10:18:35Z","2017-08-26T10:18:43Z","2017-08-26T10:18:47Z","2017-08-26T10:18:57Z","2017-08-26T10:19:07Z","2017-08-26T10:19:10Z","2017-08-26T10:19:20Z","2017-08-26T10:19:27Z","2017-08-26T10:19:34Z","2017-08-26T10:19:36Z","2017-08-26T10:19:44Z","2017-08-26T10:19:46Z","2017-08-26T10:19:51Z","2017-08-26T10:19:55Z","2017-08-26T10:20:02Z","2017-08-26T10:20:09Z","2017-08-26T10:20:13Z","2017-08-26T10:20:23Z","2017-08-26T10:20:31Z","2017-08-26T10:20:38Z","2017-08-26T10:20:45Z","2017-08-26T10:20:55Z","2017-08-26T10:21:02Z","2017-08-26T10:21:06Z","2017-08-26T10:21:12Z","2017-08-26T10:21:21Z","2017-08-26T10:21:24Z","2017-08-26T10:21:29Z","2017-08-26T10:21:41Z","2017-08-26T10:21:44Z","2017-08-26T10:27:50Z","2017-08-26T10:27:52Z","2017-08-26T10:27:57Z","2017-08-26T10:28:02Z","2017-08-26T10:28:04Z","2017-08-26T10:28:17Z","2017-08-26T10:28:18Z","2017-08-26T10:28:29Z","2017-08-26T10:28:32Z","2017-08-26T10:28:36Z","2017-08-26T10:28:41Z","2017-08-26T10:28:46Z","2017-08-26T10:28:54Z","2017-08-26T10:28:56Z","2017-08-26T10:29:07Z","2017-08-26T10:29:11Z","2017-08-26T10:29:21Z","2017-08-26T10:29:26Z","2017-08-26T10:29:32Z","2017-08-26T10:29:37Z","2017-08-26T10:29:47Z","2017-08-26T10:29:51Z","2017-08-26T10:29:57Z","2017-08-26T10:32:54Z","2017-08-26T10:32:55Z","2017-08-26T10:32:58Z","2017-08-26T10:33:05Z","2017-08-26T10:33:07Z","2017-08-26T10:33:15Z","2017-08-26T10:33:20Z","2017-08-26T10:33:35Z","2017-08-26T10:33:44Z","2017-08-26T10:33:50Z","2017-08-26T10:33:59Z","2017-08-26T10:34:08Z","2017-08-26T10:34:16Z","2017-08-26T10:34:27Z","2017-08-26T10:34:30Z","2017-08-26T10:34:43Z","2017-08-26T10:34:52Z","2017-08-26T10:35:03Z","2017-08-26T10:35:11Z","2017-08-26T10:35:23Z","2017-08-26T10:35:27Z","2017-08-26T10:35:37Z","2017-08-26T10:35:40Z","2017-08-26T10:35:43Z","2017-08-26T10:35:46Z","2017-08-26T10:35:51Z","2017-08-26T10:35:56Z","2017-08-26T10:36:02Z","2017-08-26T10:36:05Z","2017-08-26T10:36:11Z","2017-08-26T10:36:20Z","2017-08-26T10:36:28Z","2017-08-26T10:36:37Z","2017-08-26T10:36:38Z","2017-08-26T10:36:43Z","2017-08-26T10:36:54Z","2017-08-26T10:36:59Z","2017-08-26T10:37:07Z","2017-08-26T10:37:18Z","2017-08-26T10:37:20Z","2017-08-26T10:37:26Z","2017-08-26T10:37:32Z","2017-08-26T10:37:36Z","2017-08-26T10:37:43Z","2017-08-26T10:37:48Z","2017-08-26T10:37:54Z","2017-08-26T10:38:05Z","2017-08-26T10:38:10Z","2017-08-26T10:38:26Z","2017-08-26T10:38:27Z","2017-08-26T10:38:38Z","2017-08-26T10:38:50Z","2017-08-26T10:39:03Z","2017-08-26T10:39:15Z","2017-08-26T10:39:17Z","2017-08-26T10:39:23Z","2017-08-26T10:39:32Z","2017-08-26T10:39:34Z","2017-08-26T10:39:41Z","2017-08-26T10:39:45Z","2017-08-26T10:39:50Z","2017-08-26T10:39:54Z","2017-08-26T10:40:05Z","2017-08-26T10:40:14Z"]}},"geometry":{"type":"LineString","coordinates":[[-6.998456474393606,62.10749111138284,253.9],[-6.998452031984925,62.107437970116735,253.9],[-6.998419007286429,62.107394970953465,253.9],[-6.998355975374579,62.107308972626925,253.9],[-6.998309958726168,62.10717502981424,253],[-6.998222032561898,62.10712096653879,253.9],[-6.998134022578597,62.10705902427435,254.9],[-6.998036038130522,62.10702097043395,255.9],[-6.997946016490459,62.10695500485599,257.8],[-6.997837973758578,62.106903959065676,260.2],[-6.997766979038715,62.106877975165844,262.1],[-6.997653990983963,62.10686699487269,264],[-6.997529016807675,62.10683103650808,265],[-6.997459027916193,62.106791976839304,265.9],[-6.99738803319633,62.10674596019089,267.9],[-6.997426003217697,62.10667102597654,268.8],[-6.99734796769917,62.106602964922786,268.8],[-6.997319972142577,62.106577986851335,269.8],[-6.997208995744586,62.10651998408139,271.2],[-6.99717303737998,62.10650104098022,272.2],[-6.997134983539581,62.106472961604595,272.2],[-6.997105982154608,62.10645804181695,273.1],[-6.996992994099855,62.106409007683396,274.1],[-6.996886963024736,62.106361985206604,275.1],[-6.996739022433758,62.10631303489208,276],[-6.996728964149952,62.1063069999218,277],[-6.99657297693193,62.106301970779896,278.9],[-6.996488990262151,62.10626802407205,280.8],[-6.996435010805726,62.1062189899385,281.8],[-6.996365021914244,62.1062049921602,282.8],[-6.996183972805738,62.10619803518057,284.2],[-6.996171986684203,62.10620197467506,284.2],[-6.996122030541301,62.10618495941162,285.2],[-6.995946010574698,62.106170039623976,287.1],[-6.995874010026455,62.10614196024835,288],[-6.995836962014437,62.10607599467039,290],[-6.995797986164689,62.10602503269911,290.9],[-6.995806032791734,62.10596401244402,290.9],[-6.995787005871534,62.10593802854419,290.9],[-6.995784994214773,62.10583099164069,290.9],[-6.99579899199307,62.105805007740855,290.9],[-6.995721962302923,62.105675004422665,290],[-6.99571399949491,62.10565899498761,290],[-6.995695978403091,62.10561700165272,290],[-6.995594976469874,62.10549303330481,290],[-6.995545020326972,62.1054229605943,290],[-6.995509983971715,62.1053450088948,290],[-6.995612997561693,62.10520897060633,289],[-6.995664965361357,62.10516697727144,288],[-6.995674017816782,62.10514501668513,288],[-6.995506966486573,62.10500503890216,286.1],[-6.995500009506941,62.1049979981035,286.1],[-6.995502021163702,62.104965979233384,285.2],[-6.995429014787078,62.104905964806676,285.2],[-6.995439995080233,62.1048320364207,282.8],[-6.995471008121967,62.1047440264374,282.8],[-6.995551977306604,62.104600025340915,284.2],[-6.995557006448507,62.104535987600684,284.2],[-6.995535967871547,62.10448603145778,284.2],[-6.995538985356689,62.10443498566747,282.8],[-6.995618026703596,62.10431797429919,281.8],[-6.995634958148003,62.10428796708584,281.8],[-6.99564702808857,62.10410398431122,281.8],[-6.99571299366653,62.10410297848284,281.8],[-6.995834028348327,62.104085041210055,282.8],[-6.995854983106256,62.10407397709787,282.8],[-6.995936958119273,62.1040169801563,285.2],[-6.995953973382711,62.10399099625647,285.2],[-6.995957996696234,62.103953026235104,286.1],[-6.995973000302911,62.103928970173,286.1],[-6.995956990867853,62.10385403595865,288],[-6.995965037494898,62.10377801209688,288],[-6.995931006968021,62.103742975741625,289],[-6.995807038620114,62.103678015992045,289],[-6.995657002553344,62.10362101905048,289],[-6.995528005063534,62.103527979925275,288],[-6.995472013950348,62.103482969105244,287.1],[-6.99539196677506,62.103439969941974,287.1],[-6.995361037552357,62.10336897522211,289],[-6.995323989540339,62.10334299132228,289],[-6.995264980942011,62.10330200381577,290],[-6.995195997878909,62.10324198938906,290],[-6.995173031464219,62.10321399383247,290],[-6.995147969573736,62.10315498523414,290],[-6.995100025087595,62.10304602049291,290.9],[-6.995097007602453,62.103036968037486,290.9],[-6.99511100538075,62.10302598774433,290],[-6.995122991502285,62.103036968037486,290],[-6.995194992050529,62.10309203714132,290.9],[-6.995275961235166,62.103119026869535,290.9],[-6.995319966226816,62.103138975799084,290.9],[-6.995463967323303,62.10323201492429,289],[-6.995461033657193,62.10324299521744,289],[-6.995572010055184,62.10333603434265,288],[-6.995592964813113,62.103353971615434,287.1],[-6.995616015046835,62.103399988263845,286.1],[-6.995672006160021,62.103462014347315,286.1],[-6.99571399949491,62.10349302738905,286.1],[-6.995811983942986,62.103569973260164,286.1],[-6.995827993378043,62.103569973260164,286.1],[-6.996023040264845,62.1036390401423,286.1],[-6.996095040813088,62.103677010163665,286.1],[-6.99612001888454,62.10376996546984,286.1],[-6.996161006391048,62.103826962411404,287.1],[-6.996215991675854,62.10388303734362,287.1],[-6.996279023587704,62.10393198765814,287.1],[-6.996406009420753,62.10400599986315,287.1],[-6.996415983885527,62.10403801873326,288],[-6.996406009420753,62.10407498292625,288],[-6.996424030512571,62.10405201651156,289],[-6.996423024684191,62.10405201651156,289],[-6.996364016085863,62.104062996804714,289],[-6.996225966140628,62.10407498292625,289],[-6.99620702303946,62.10409300401807,289],[-6.996221020817757,62.104125022888184,289],[-6.996084982529283,62.10415796376765,288],[-6.995793040841818,62.10411697626114,286.1],[-6.995646022260189,62.10411001928151,285.2],[-6.995630012825131,62.10415997542441,284.2],[-6.99582195840776,62.10426198318601,281.8],[-6.995791029185057,62.10431797429919,281.8],[-6.995703019201756,62.10439299233258,280.8],[-6.99577996507287,62.104518972337246,279.9],[-6.99581902474165,62.10454001091421,279.9],[-6.995770996436477,62.10467102006078,279.9],[-6.99564996175468,62.10471703670919,280.8],[-6.99556102976203,62.10478400811553,282.8],[-6.995416022837162,62.10484796203673,282.8],[-6.995439995080233,62.10498198866844,284.2],[-6.995450975373387,62.10501400753856,284.2],[-6.995543008670211,62.105159014463425,286.1],[-6.99551803059876,62.10517301224172,286.1],[-6.995503026992083,62.10519597865641,286.1],[-6.99547897092998,62.10523000918329,287.1],[-6.995556000620127,62.10527996532619,288],[-6.995569998398423,62.10534802637994,288],[-6.995657002553344,62.105420026928186,289],[-6.995687009766698,62.1054470166564,289],[-6.995679968968034,62.10550996474922,289],[-6.995745012536645,62.10562798194587,289],[-6.995763033628464,62.10568497888744,289],[-6.995907034724951,62.1057750005275,289],[-6.995917009189725,62.105783969163895,289],[-6.995950033888221,62.10585496388376,290],[-6.995945004746318,62.10596996359527,290],[-6.995990015566349,62.106067026034,290],[-6.995962020009756,62.10611999966204,290.9],[-6.996106021106243,62.106256037950516,290.9],[-6.996136028319597,62.106256959959865,290.9],[-6.996291009709239,62.10624597966671,289],[-6.99642201885581,62.10626601241529,287.1],[-6.996510028839111,62.10627196356654,286.1],[-6.996623016893864,62.106255032122135,284.2],[-6.9967230129987,62.10623097606003,282.8],[-6.99680800549686,62.10627498105168,279.9],[-6.99691697023809,62.10639903321862,278.9],[-6.996999029070139,62.10645703598857,278.9],[-6.997133977711201,62.1066540107131,277],[-6.997147975489497,62.10666197352111,276],[-6.997331036254764,62.10671603679657,275.1],[-6.997373029589653,62.10686003789306,272.2],[-6.997458022087812,62.10699398070574,271.2],[-6.997694978490472,62.107033962383866,268.8],[-6.997748035937548,62.107031028717756,268.8],[-6.997881978750229,62.10706003010273,265.9],[-6.998095968738198,62.10710504092276,263.1],[-6.998138967901468,62.10710898041725,263.1],[-6.998266037553549,62.10713102482259,260.2],[-6.998296966776252,62.1071720123291,259.2],[-6.998330997303128,62.107222974300385,257.8],[-6.998381959274411,62.107263039797544,255.9],[-6.998371984809637,62.10739899426699,254.9],[-6.998462928459048,62.107494715601206,255.9]]}},{"type":"Feature","properties":{"_gpxType":"trk","name":"12 Wanderung Kollafjardardalur Leynar CS 001","time":"2020-07-15T12:37:04Z","gpxx_TrackExtension":"Blue","gpxx_DisplayColor":"Blue","coordinateProperties":{"times":["2020-07-15T12:37:04Z","2020-07-15T12:37:44Z","2020-07-15T12:37:52Z","2020-07-15T12:37:58Z","2020-07-15T12:38:04Z","2020-07-15T12:38:11Z","2020-07-15T12:38:17Z","2020-07-15T12:38:24Z","2020-07-15T12:38:30Z","2020-07-15T12:38:36Z","2020-07-15T12:38:43Z","2020-07-15T12:38:50Z","2020-07-15T12:38:57Z","2020-07-15T12:39:05Z","2020-07-15T12:39:14Z","2020-07-15T12:39:23Z","2020-07-15T12:39:31Z","2020-07-15T12:39:41Z","2020-07-15T12:39:53Z","2020-07-15T12:40:04Z","2020-07-15T12:40:14Z","2020-07-15T12:40:24Z","2020-07-15T12:40:34Z","2020-07-15T12:40:45Z","2020-07-15T12:40:57Z","2020-07-15T12:41:10Z","2020-07-15T12:41:23Z","2020-07-15T12:41:35Z","2020-07-15T12:41:46Z","2020-07-15T12:42:17Z","2020-07-15T12:42:25Z","2020-07-15T12:42:33Z","2020-07-15T12:42:45Z","2020-07-15T12:42:54Z","2020-07-15T12:43:04Z","2020-07-15T12:43:15Z","2020-07-15T12:43:24Z","2020-07-15T12:43:33Z","2020-07-15T12:43:47Z","2020-07-15T12:44:05Z","2020-07-15T12:44:25Z","2020-07-15T12:44:46Z","2020-07-15T12:45:02Z","2020-07-15T12:45:16Z","2020-07-15T12:45:34Z","2020-07-15T12:45:44Z","2020-07-15T12:45:54Z","2020-07-15T12:46:05Z","2020-07-15T12:46:16Z","2020-07-15T12:46:31Z","2020-07-15T12:46:43Z","2020-07-15T12:46:57Z","2020-07-15T12:47:12Z","2020-07-15T12:47:23Z","2020-07-15T12:47:35Z","2020-07-15T12:47:46Z","2020-07-15T12:48:23Z","2020-07-15T12:48:33Z","2020-07-15T12:48:44Z","2020-07-15T12:48:54Z","2020-07-15T12:49:04Z","2020-07-15T12:49:14Z","2020-07-15T12:49:30Z","2020-07-15T12:50:01Z","2020-07-15T12:50:13Z","2020-07-15T12:50:24Z","2020-07-15T12:50:34Z","2020-07-15T12:50:43Z","2020-07-15T12:50:53Z","2020-07-15T12:51:08Z","2020-07-15T12:51:26Z","2020-07-15T12:51:43Z","2020-07-15T12:52:00Z","2020-07-15T12:52:13Z","2020-07-15T12:52:32Z","2020-07-15T12:52:46Z","2020-07-15T12:52:59Z","2020-07-15T12:53:18Z","2020-07-15T12:53:32Z","2020-07-15T12:53:48Z","2020-07-15T12:54:03Z","2020-07-15T12:54:18Z","2020-07-15T12:54:39Z","2020-07-15T12:54:53Z","2020-07-15T12:55:05Z","2020-07-15T12:55:18Z","2020-07-15T12:55:29Z","2020-07-15T12:55:41Z","2020-07-15T12:55:51Z","2020-07-15T12:56:03Z","2020-07-15T12:56:20Z","2020-07-15T12:56:32Z","2020-07-15T12:56:52Z","2020-07-15T12:57:12Z","2020-07-15T12:57:41Z","2020-07-15T12:57:56Z","2020-07-15T12:58:10Z","2020-07-15T12:58:21Z","2020-07-15T12:58:32Z","2020-07-15T12:58:43Z","2020-07-15T12:58:54Z","2020-07-15T12:59:13Z","2020-07-15T12:59:27Z","2020-07-15T12:59:48Z","2020-07-15T13:00:08Z","2020-07-15T13:00:24Z","2020-07-15T13:00:46Z","2020-07-15T13:01:03Z","2020-07-15T13:01:17Z","2020-07-15T13:02:02Z","2020-07-15T13:04:00Z","2020-07-15T13:05:40Z","2020-07-15T13:06:52Z","2020-07-15T13:07:12Z","2020-07-15T13:07:22Z","2020-07-15T13:10:59Z","2020-07-15T13:11:18Z","2020-07-15T13:11:49Z","2020-07-15T13:12:14Z","2020-07-15T13:12:28Z","2020-07-15T13:12:40Z","2020-07-15T13:12:54Z","2020-07-15T13:13:09Z","2020-07-15T13:13:32Z","2020-07-15T13:13:51Z","2020-07-15T13:14:04Z","2020-07-15T13:14:25Z","2020-07-15T13:14:47Z","2020-07-15T13:15:01Z","2020-07-15T13:15:13Z","2020-07-15T13:15:28Z","2020-07-15T13:15:46Z","2020-07-15T13:15:57Z","2020-07-15T13:16:05Z","2020-07-15T13:16:13Z","2020-07-15T13:16:21Z","2020-07-15T13:16:29Z","2020-07-15T13:16:36Z","2020-07-15T13:16:43Z","2020-07-15T13:16:50Z","2020-07-15T13:16:58Z","2020-07-15T13:17:07Z","2020-07-15T13:17:16Z","2020-07-15T13:17:25Z","2020-07-15T13:17:34Z","2020-07-15T13:17:45Z","2020-07-15T13:17:52Z","2020-07-15T13:18:00Z","2020-07-15T13:18:09Z","2020-07-15T13:18:17Z","2020-07-15T13:18:26Z","2020-07-15T13:19:07Z","2020-07-15T13:20:09Z","2020-07-15T13:20:16Z","2020-07-15T13:20:24Z","2020-07-15T13:20:34Z","2020-07-15T13:20:43Z","2020-07-15T13:20:51Z","2020-07-15T13:20:59Z","2020-07-15T13:21:07Z","2020-07-15T13:21:15Z","2020-07-15T13:21:23Z","2020-07-15T13:21:31Z","2020-07-15T13:21:38Z","2020-07-15T13:21:46Z","2020-07-15T13:21:58Z","2020-07-15T13:22:06Z","2020-07-15T13:22:13Z","2020-07-15T13:22:21Z","2020-07-15T13:22:29Z","2020-07-15T13:22:41Z","2020-07-15T13:22:50Z","2020-07-15T13:23:00Z","2020-07-15T13:23:14Z","2020-07-15T13:23:22Z","2020-07-15T13:23:31Z","2020-07-15T13:23:45Z","2020-07-15T13:23:57Z","2020-07-15T13:24:05Z","2020-07-15T13:24:16Z","2020-07-15T13:24:26Z","2020-07-15T13:24:37Z","2020-07-15T13:24:46Z","2020-07-15T13:24:56Z","2020-07-15T13:25:07Z","2020-07-15T13:25:15Z","2020-07-15T13:25:22Z","2020-07-15T13:25:31Z","2020-07-15T13:25:39Z","2020-07-15T13:25:47Z","2020-07-15T13:25:54Z","2020-07-15T13:26:00Z","2020-07-15T13:26:08Z","2020-07-15T13:27:32Z","2020-07-15T13:27:41Z","2020-07-15T13:27:48Z","2020-07-15T13:27:55Z","2020-07-15T13:28:04Z","2020-07-15T13:28:14Z","2020-07-15T13:28:23Z","2020-07-15T13:28:31Z","2020-07-15T13:28:38Z","2020-07-15T13:28:46Z","2020-07-15T13:28:56Z","2020-07-15T13:29:03Z","2020-07-15T13:29:11Z","2020-07-15T13:29:18Z","2020-07-15T13:29:26Z","2020-07-15T13:29:33Z","2020-07-15T13:29:40Z","2020-07-15T13:29:48Z","2020-07-15T13:30:00Z","2020-07-15T13:30:09Z","2020-07-15T13:30:18Z","2020-07-15T13:30:27Z","2020-07-15T13:30:34Z","2020-07-15T13:30:43Z","2020-07-15T13:30:52Z","2020-07-15T13:31:08Z","2020-07-15T13:31:19Z","2020-07-15T13:31:28Z","2020-07-15T13:31:36Z","2020-07-15T13:31:44Z","2020-07-15T13:31:51Z","2020-07-15T13:31:59Z","2020-07-15T13:32:07Z","2020-07-15T13:32:19Z","2020-07-15T13:32:31Z","2020-07-15T13:32:39Z","2020-07-15T13:32:48Z","2020-07-15T13:32:57Z","2020-07-15T13:33:06Z","2020-07-15T13:33:25Z","2020-07-15T13:33:40Z","2020-07-15T13:34:00Z","2020-07-15T13:34:20Z","2020-07-15T13:34:30Z","2020-07-15T13:34:39Z","2020-07-15T13:34:50Z","2020-07-15T13:35:02Z","2020-07-15T13:35:16Z","2020-07-15T13:35:27Z","2020-07-15T13:35:34Z","2020-07-15T13:35:42Z","2020-07-15T13:35:51Z","2020-07-15T13:36:32Z","2020-07-15T13:37:07Z","2020-07-15T13:37:39Z","2020-07-15T13:37:48Z","2020-07-15T13:37:57Z","2020-07-15T13:38:07Z","2020-07-15T13:38:20Z","2020-07-15T13:38:31Z","2020-07-15T13:38:49Z","2020-07-15T13:39:11Z","2020-07-15T13:39:24Z","2020-07-15T13:39:38Z","2020-07-15T13:39:50Z","2020-07-15T13:39:57Z","2020-07-15T13:40:04Z","2020-07-15T13:40:11Z","2020-07-15T13:40:19Z","2020-07-15T13:40:29Z","2020-07-15T13:40:38Z","2020-07-15T13:40:47Z","2020-07-15T13:40:56Z","2020-07-15T13:41:04Z","2020-07-15T13:41:12Z","2020-07-15T13:41:24Z","2020-07-15T13:41:35Z","2020-07-15T13:41:45Z","2020-07-15T13:42:00Z","2020-07-15T13:42:11Z","2020-07-15T13:42:21Z","2020-07-15T13:42:29Z","2020-07-15T13:42:37Z","2020-07-15T13:42:45Z","2020-07-15T13:42:53Z","2020-07-15T13:43:01Z","2020-07-15T13:43:10Z","2020-07-15T13:43:19Z","2020-07-15T13:43:31Z","2020-07-15T13:44:48Z","2020-07-15T13:45:37Z","2020-07-15T13:45:45Z","2020-07-15T13:45:52Z","2020-07-15T13:46:00Z","2020-07-15T13:46:08Z","2020-07-15T13:46:42Z","2020-07-15T13:46:52Z","2020-07-15T13:47:03Z","2020-07-15T13:47:13Z","2020-07-15T13:47:24Z","2020-07-15T13:47:34Z","2020-07-15T13:47:47Z","2020-07-15T13:48:00Z","2020-07-15T13:48:11Z","2020-07-15T13:48:23Z","2020-07-15T13:48:37Z","2020-07-15T13:48:52Z","2020-07-15T13:49:04Z","2020-07-15T13:49:17Z","2020-07-15T13:49:32Z","2020-07-15T13:49:48Z","2020-07-15T13:50:03Z","2020-07-15T13:50:16Z","2020-07-15T13:50:27Z","2020-07-15T13:50:37Z","2020-07-15T13:50:46Z","2020-07-15T13:50:55Z","2020-07-15T13:51:06Z","2020-07-15T13:51:20Z","2020-07-15T13:51:28Z","2020-07-15T13:51:36Z","2020-07-15T13:51:44Z","2020-07-15T13:51:52Z","2020-07-15T13:52:00Z","2020-07-15T13:52:09Z","2020-07-15T13:52:18Z","2020-07-15T13:52:52Z","2020-07-15T13:54:15Z","2020-07-15T13:54:24Z","2020-07-15T13:54:33Z","2020-07-15T13:54:42Z","2020-07-15T13:54:56Z","2020-07-15T13:55:05Z","2020-07-15T13:55:17Z","2020-07-15T13:55:26Z","2020-07-15T13:55:36Z","2020-07-15T13:55:45Z","2020-07-15T13:55:53Z","2020-07-15T13:56:03Z","2020-07-15T13:56:21Z","2020-07-15T13:56:58Z","2020-07-15T13:57:15Z","2020-07-15T13:57:23Z","2020-07-15T13:57:33Z","2020-07-15T13:57:45Z","2020-07-15T13:58:10Z","2020-07-15T13:58:24Z","2020-07-15T13:58:34Z","2020-07-15T13:58:43Z","2020-07-15T13:58:54Z","2020-07-15T13:59:03Z","2020-07-15T13:59:15Z","2020-07-15T13:59:23Z","2020-07-15T13:59:33Z","2020-07-15T13:59:41Z","2020-07-15T13:59:49Z","2020-07-15T13:59:57Z","2020-07-15T14:00:05Z","2020-07-15T14:00:13Z","2020-07-15T14:00:21Z","2020-07-15T14:00:31Z","2020-07-15T14:00:41Z","2020-07-15T14:00:51Z","2020-07-15T14:01:00Z","2020-07-15T14:01:08Z","2020-07-15T14:01:18Z","2020-07-15T14:01:28Z","2020-07-15T14:02:55Z","2020-07-15T14:03:07Z","2020-07-15T14:03:15Z","2020-07-15T14:03:26Z","2020-07-15T14:03:38Z","2020-07-15T14:03:49Z","2020-07-15T14:03:59Z","2020-07-15T14:04:15Z","2020-07-15T14:04:30Z","2020-07-15T14:04:44Z","2020-07-15T14:04:56Z","2020-07-15T14:05:07Z","2020-07-15T14:05:22Z","2020-07-15T14:05:35Z","2020-07-15T14:05:45Z","2020-07-15T14:05:54Z","2020-07-15T14:06:06Z","2020-07-15T14:06:22Z","2020-07-15T14:06:32Z","2020-07-15T14:06:40Z","2020-07-15T14:06:54Z","2020-07-15T14:07:09Z","2020-07-15T14:07:21Z","2020-07-15T14:07:32Z","2020-07-15T14:07:42Z","2020-07-15T14:07:53Z","2020-07-15T14:08:05Z","2020-07-15T14:08:20Z","2020-07-15T14:08:32Z","2020-07-15T14:08:42Z","2020-07-15T14:08:55Z","2020-07-15T14:09:09Z","2020-07-15T14:09:19Z","2020-07-15T14:09:28Z","2020-07-15T14:09:39Z","2020-07-15T14:09:50Z","2020-07-15T14:10:01Z","2020-07-15T14:10:12Z","2020-07-15T14:10:29Z","2020-07-15T14:10:38Z","2020-07-15T14:10:48Z","2020-07-15T14:10:57Z","2020-07-15T14:11:07Z","2020-07-15T14:11:18Z","2020-07-15T14:12:44Z","2020-07-15T14:13:09Z","2020-07-15T14:13:27Z","2020-07-15T14:13:43Z","2020-07-15T14:14:33Z","2020-07-15T14:15:08Z","2020-07-15T14:15:17Z","2020-07-15T14:15:26Z","2020-07-15T14:15:34Z","2020-07-15T14:15:41Z","2020-07-15T14:15:48Z","2020-07-15T14:15:56Z","2020-07-15T14:16:05Z","2020-07-15T14:16:13Z","2020-07-15T14:16:21Z","2020-07-15T14:16:29Z","2020-07-15T14:16:37Z","2020-07-15T14:16:44Z","2020-07-15T14:16:55Z","2020-07-15T14:17:03Z","2020-07-15T14:17:10Z","2020-07-15T14:17:18Z","2020-07-15T14:17:28Z","2020-07-15T14:17:37Z","2020-07-15T14:17:48Z","2020-07-15T14:17:59Z","2020-07-15T14:18:06Z","2020-07-15T14:18:20Z","2020-07-15T14:18:31Z","2020-07-15T14:18:39Z","2020-07-15T14:18:46Z","2020-07-15T14:18:54Z","2020-07-15T14:19:01Z","2020-07-15T14:19:13Z","2020-07-15T14:19:31Z","2020-07-15T14:19:37Z","2020-07-15T14:19:44Z","2020-07-15T14:19:50Z","2020-07-15T14:19:56Z","2020-07-15T14:20:03Z","2020-07-15T14:20:10Z","2020-07-15T14:20:16Z","2020-07-15T14:20:22Z","2020-07-15T14:20:29Z","2020-07-15T14:20:36Z","2020-07-15T14:20:43Z","2020-07-15T14:20:49Z","2020-07-15T14:20:56Z","2020-07-15T14:21:03Z","2020-07-15T14:21:10Z","2020-07-15T14:21:17Z","2020-07-15T14:21:24Z","2020-07-15T14:21:32Z","2020-07-15T14:21:39Z","2020-07-15T14:21:45Z","2020-07-15T14:21:52Z","2020-07-15T14:21:59Z","2020-07-15T14:22:31Z","2020-07-15T14:22:37Z","2020-07-15T14:22:43Z","2020-07-15T14:22:49Z","2020-07-15T14:22:55Z","2020-07-15T14:23:01Z","2020-07-15T14:23:08Z","2020-07-15T14:23:15Z","2020-07-15T14:23:22Z","2020-07-15T14:23:29Z","2020-07-15T14:23:36Z","2020-07-15T14:23:43Z","2020-07-15T14:23:51Z","2020-07-15T14:23:59Z","2020-07-15T14:24:07Z","2020-07-15T14:24:15Z","2020-07-15T14:24:23Z","2020-07-15T14:25:19Z","2020-07-15T14:25:50Z","2020-07-15T14:29:27Z","2020-07-15T14:30:04Z","2020-07-15T14:30:12Z","2020-07-15T14:30:20Z","2020-07-15T14:30:28Z","2020-07-15T14:30:36Z","2020-07-15T14:30:44Z","2020-07-15T14:30:52Z","2020-07-15T14:30:59Z","2020-07-15T14:31:07Z","2020-07-15T14:31:15Z","2020-07-15T14:31:22Z","2020-07-15T14:31:29Z","2020-07-15T14:31:37Z","2020-07-15T14:31:45Z","2020-07-15T14:31:52Z","2020-07-15T14:31:59Z","2020-07-15T14:32:07Z","2020-07-15T14:32:14Z","2020-07-15T14:32:21Z","2020-07-15T14:32:28Z","2020-07-15T14:32:36Z","2020-07-15T14:32:43Z","2020-07-15T14:32:49Z","2020-07-15T14:32:56Z","2020-07-15T14:33:04Z","2020-07-15T14:33:11Z","2020-07-15T14:33:18Z","2020-07-15T14:33:26Z","2020-07-15T14:33:34Z","2020-07-15T14:33:42Z","2020-07-15T14:33:50Z","2020-07-15T14:33:57Z","2020-07-15T14:34:04Z","2020-07-15T14:34:12Z","2020-07-15T14:34:19Z","2020-07-15T14:34:27Z","2020-07-15T14:34:35Z","2020-07-15T14:34:52Z","2020-07-15T14:35:34Z","2020-07-15T14:35:44Z","2020-07-15T14:35:50Z","2020-07-15T14:35:57Z","2020-07-15T14:36:46Z","2020-07-15T14:36:55Z","2020-07-15T14:37:05Z","2020-07-15T14:37:15Z","2020-07-15T14:37:25Z","2020-07-15T14:37:35Z","2020-07-15T14:37:50Z","2020-07-15T14:38:00Z","2020-07-15T14:38:07Z","2020-07-15T14:38:16Z","2020-07-15T14:38:53Z","2020-07-15T14:39:02Z","2020-07-15T14:39:12Z","2020-07-15T14:39:24Z","2020-07-15T14:39:34Z","2020-07-15T14:39:48Z","2020-07-15T14:39:59Z","2020-07-15T14:40:13Z","2020-07-15T14:40:22Z","2020-07-15T14:40:34Z","2020-07-15T14:40:46Z","2020-07-15T14:41:00Z","2020-07-15T14:41:13Z","2020-07-15T14:41:25Z","2020-07-15T14:42:15Z","2020-07-15T14:42:59Z","2020-07-15T14:43:14Z","2020-07-15T14:43:27Z","2020-07-15T14:43:38Z","2020-07-15T14:43:47Z","2020-07-15T14:43:55Z","2020-07-15T14:44:05Z","2020-07-15T14:44:17Z","2020-07-15T14:44:30Z","2020-07-15T14:44:43Z","2020-07-15T14:44:55Z","2020-07-15T14:45:07Z","2020-07-15T14:45:17Z","2020-07-15T14:45:27Z","2020-07-15T14:45:40Z","2020-07-15T14:45:57Z","2020-07-15T14:46:06Z","2020-07-15T14:46:19Z","2020-07-15T14:46:31Z","2020-07-15T14:46:40Z","2020-07-15T14:46:50Z","2020-07-15T14:46:58Z","2020-07-15T14:47:08Z","2020-07-15T14:47:18Z","2020-07-15T14:47:30Z","2020-07-15T14:47:47Z","2020-07-15T14:48:00Z","2020-07-15T14:48:09Z","2020-07-15T14:48:19Z","2020-07-15T14:48:32Z","2020-07-15T14:48:43Z","2020-07-15T14:48:51Z","2020-07-15T14:49:04Z","2020-07-15T14:49:18Z","2020-07-15T14:49:31Z","2020-07-15T14:49:45Z","2020-07-15T14:49:59Z","2020-07-15T14:50:18Z","2020-07-15T14:50:31Z","2020-07-15T14:50:41Z","2020-07-15T14:50:51Z","2020-07-15T14:51:03Z","2020-07-15T14:51:15Z","2020-07-15T14:51:25Z","2020-07-15T14:51:37Z","2020-07-15T14:51:47Z","2020-07-15T14:51:56Z","2020-07-15T14:52:06Z","2020-07-15T14:52:16Z","2020-07-15T14:52:26Z","2020-07-15T14:52:37Z","2020-07-15T14:52:48Z","2020-07-15T14:52:58Z","2020-07-15T14:53:09Z","2020-07-15T14:53:20Z","2020-07-15T14:53:29Z","2020-07-15T14:53:39Z","2020-07-15T14:53:47Z","2020-07-15T14:53:56Z","2020-07-15T14:54:06Z","2020-07-15T14:54:16Z","2020-07-15T14:54:26Z","2020-07-15T14:54:38Z","2020-07-15T14:54:57Z","2020-07-15T14:55:18Z","2020-07-15T14:55:32Z","2020-07-15T14:55:47Z","2020-07-15T14:55:58Z","2020-07-15T14:56:49Z","2020-07-15T14:56:57Z","2020-07-15T14:57:05Z","2020-07-15T14:57:14Z","2020-07-15T14:57:26Z","2020-07-15T14:57:35Z","2020-07-15T14:57:44Z","2020-07-15T14:57:53Z","2020-07-15T14:58:01Z","2020-07-15T14:58:10Z","2020-07-15T14:58:20Z","2020-07-15T14:58:31Z","2020-07-15T14:58:51Z","2020-07-15T14:59:04Z","2020-07-15T14:59:14Z","2020-07-15T14:59:22Z","2020-07-15T14:59:30Z","2020-07-15T14:59:37Z","2020-07-15T14:59:44Z","2020-07-15T14:59:54Z","2020-07-15T15:00:07Z","2020-07-15T15:00:21Z","2020-07-15T15:00:30Z","2020-07-15T15:00:53Z","2020-07-15T15:01:08Z","2020-07-15T15:01:22Z","2020-07-15T15:01:38Z","2020-07-15T15:01:53Z","2020-07-15T15:02:08Z","2020-07-15T15:02:29Z","2020-07-15T15:02:41Z","2020-07-15T15:02:50Z","2020-07-15T15:03:05Z","2020-07-15T15:03:20Z","2020-07-15T15:03:33Z","2020-07-15T15:03:43Z","2020-07-15T15:03:52Z","2020-07-15T15:04:04Z","2020-07-15T15:04:17Z","2020-07-15T15:04:26Z","2020-07-15T15:04:38Z","2020-07-15T15:04:49Z","2020-07-15T15:04:57Z","2020-07-15T15:05:06Z","2020-07-15T15:05:14Z","2020-07-15T15:05:22Z","2020-07-15T15:05:31Z","2020-07-15T15:05:40Z","2020-07-15T15:05:50Z","2020-07-15T15:05:58Z","2020-07-15T15:06:06Z","2020-07-15T15:06:15Z","2020-07-15T15:06:23Z","2020-07-15T15:06:31Z","2020-07-15T15:06:39Z","2020-07-15T15:06:47Z","2020-07-15T15:06:55Z","2020-07-15T15:07:04Z","2020-07-15T15:07:14Z","2020-07-15T15:07:24Z","2020-07-15T15:07:34Z","2020-07-15T15:07:43Z","2020-07-15T15:07:50Z","2020-07-15T15:07:58Z","2020-07-15T15:08:07Z","2020-07-15T15:08:15Z","2020-07-15T15:08:24Z","2020-07-15T15:08:34Z","2020-07-15T15:08:44Z","2020-07-15T15:08:53Z","2020-07-15T15:09:01Z","2020-07-15T15:09:08Z","2020-07-15T15:09:21Z","2020-07-15T15:10:14Z","2020-07-15T15:10:23Z","2020-07-15T15:10:36Z","2020-07-15T15:10:49Z","2020-07-15T15:11:04Z","2020-07-15T15:11:19Z","2020-07-15T15:11:28Z","2020-07-15T15:11:40Z","2020-07-15T15:11:50Z","2020-07-15T15:11:58Z","2020-07-15T15:12:06Z","2020-07-15T15:12:13Z","2020-07-15T15:12:21Z","2020-07-15T15:12:28Z","2020-07-15T15:12:36Z","2020-07-15T15:12:44Z","2020-07-15T15:12:55Z","2020-07-15T15:13:05Z","2020-07-15T15:13:16Z","2020-07-15T15:13:26Z","2020-07-15T15:13:35Z","2020-07-15T15:13:43Z","2020-07-15T15:13:59Z","2020-07-15T15:14:14Z","2020-07-15T15:14:31Z","2020-07-15T15:14:41Z","2020-07-15T15:14:51Z","2020-07-15T15:15:00Z","2020-07-15T15:15:09Z","2020-07-15T15:15:18Z","2020-07-15T15:15:26Z","2020-07-15T15:15:34Z","2020-07-15T15:15:43Z","2020-07-15T15:15:51Z","2020-07-15T15:15:58Z","2020-07-15T15:16:06Z","2020-07-15T15:16:13Z","2020-07-15T15:16:22Z","2020-07-15T15:16:31Z","2020-07-15T15:16:39Z","2020-07-15T15:16:49Z","2020-07-15T15:16:57Z","2020-07-15T15:17:05Z","2020-07-15T15:17:13Z","2020-07-15T15:17:21Z","2020-07-15T15:17:30Z","2020-07-15T15:17:41Z","2020-07-15T15:17:53Z","2020-07-15T15:18:01Z","2020-07-15T15:18:09Z","2020-07-15T15:18:18Z","2020-07-15T15:18:27Z","2020-07-15T15:18:34Z","2020-07-15T15:18:41Z","2020-07-15T15:18:49Z","2020-07-15T15:18:57Z","2020-07-15T15:19:04Z","2020-07-15T15:19:13Z","2020-07-15T15:19:24Z","2020-07-15T15:19:34Z","2020-07-15T15:19:46Z","2020-07-15T15:19:59Z","2020-07-15T15:20:07Z","2020-07-15T15:20:17Z","2020-07-15T15:20:27Z","2020-07-15T15:20:34Z","2020-07-15T15:20:42Z","2020-07-15T15:20:50Z","2020-07-15T15:21:00Z","2020-07-15T15:21:15Z","2020-07-15T15:21:25Z","2020-07-15T15:21:34Z","2020-07-15T15:21:44Z","2020-07-15T15:21:56Z","2020-07-15T15:22:11Z","2020-07-15T15:22:23Z","2020-07-15T15:22:36Z","2020-07-15T15:22:47Z","2020-07-15T15:22:58Z","2020-07-15T15:23:14Z","2020-07-15T15:23:24Z","2020-07-15T15:23:34Z","2020-07-15T15:23:46Z","2020-07-15T15:24:04Z","2020-07-15T15:24:20Z","2020-07-15T15:24:30Z","2020-07-15T15:24:38Z","2020-07-15T15:24:45Z","2020-07-15T15:24:53Z","2020-07-15T15:25:02Z","2020-07-15T15:25:10Z","2020-07-15T15:25:23Z","2020-07-15T15:25:40Z","2020-07-15T15:25:48Z","2020-07-15T15:25:55Z","2020-07-15T15:26:02Z","2020-07-15T15:26:10Z","2020-07-15T15:26:17Z","2020-07-15T15:26:24Z","2020-07-15T15:26:31Z","2020-07-15T15:26:39Z","2020-07-15T15:26:47Z","2020-07-15T15:26:55Z","2020-07-15T15:27:02Z","2020-07-15T15:27:10Z","2020-07-15T15:27:18Z","2020-07-15T15:27:25Z","2020-07-15T15:27:33Z","2020-07-15T15:27:41Z","2020-07-15T15:27:49Z","2020-07-15T15:27:56Z","2020-07-15T15:28:03Z","2020-07-15T15:28:10Z","2020-07-15T15:28:17Z","2020-07-15T15:28:26Z","2020-07-15T15:28:35Z","2020-07-15T15:28:43Z","2020-07-15T15:28:50Z","2020-07-15T15:28:58Z","2020-07-15T15:29:06Z","2020-07-15T15:29:14Z","2020-07-15T15:29:26Z","2020-07-15T15:29:33Z","2020-07-15T15:29:43Z","2020-07-15T15:29:52Z","2020-07-15T15:30:01Z","2020-07-15T15:31:36Z","2020-07-15T15:31:50Z","2020-07-15T15:32:03Z","2020-07-15T15:32:16Z","2020-07-15T15:32:32Z","2020-07-15T15:32:42Z","2020-07-15T15:33:00Z","2020-07-15T15:33:12Z","2020-07-15T15:33:24Z","2020-07-15T15:33:33Z","2020-07-15T15:33:45Z","2020-07-15T15:33:56Z","2020-07-15T15:34:12Z","2020-07-15T15:34:24Z","2020-07-15T15:34:45Z","2020-07-15T15:35:03Z","2020-07-15T15:35:20Z","2020-07-15T15:35:45Z","2020-07-15T15:36:45Z","2020-07-15T15:36:53Z","2020-07-15T15:37:15Z","2020-07-15T15:37:32Z","2020-07-15T15:37:45Z","2020-07-15T15:37:56Z","2020-07-15T15:38:06Z","2020-07-15T15:38:19Z","2020-07-15T15:38:40Z","2020-07-15T15:38:50Z","2020-07-15T15:38:59Z","2020-07-15T15:39:08Z","2020-07-15T15:39:16Z","2020-07-15T15:39:26Z","2020-07-15T15:39:42Z","2020-07-15T15:40:00Z","2020-07-15T15:40:16Z","2020-07-15T15:40:29Z","2020-07-15T15:40:41Z","2020-07-15T15:40:50Z","2020-07-15T15:41:00Z","2020-07-15T15:41:14Z","2020-07-15T15:41:24Z","2020-07-15T15:41:35Z","2020-07-15T15:41:46Z","2020-07-15T15:41:58Z","2020-07-15T15:42:15Z","2020-07-15T15:42:27Z","2020-07-15T15:42:42Z","2020-07-15T15:42:54Z","2020-07-15T15:43:08Z","2020-07-15T15:43:22Z","2020-07-15T15:43:34Z","2020-07-15T15:43:49Z","2020-07-15T15:44:03Z","2020-07-15T15:44:15Z","2020-07-15T15:44:26Z","2020-07-15T15:44:40Z","2020-07-15T15:44:51Z","2020-07-15T15:45:03Z","2020-07-15T15:45:18Z","2020-07-15T15:45:31Z","2020-07-15T15:45:42Z","2020-07-15T15:45:56Z","2020-07-15T15:46:05Z","2020-07-15T15:46:18Z","2020-07-15T15:46:31Z","2020-07-15T15:46:45Z","2020-07-15T15:46:58Z","2020-07-15T15:47:15Z","2020-07-15T15:47:28Z","2020-07-15T15:47:36Z","2020-07-15T15:47:44Z","2020-07-15T15:47:52Z","2020-07-15T15:48:02Z","2020-07-15T15:48:11Z","2020-07-15T15:48:22Z","2020-07-15T15:48:33Z","2020-07-15T15:48:43Z","2020-07-15T15:48:53Z","2020-07-15T15:49:03Z","2020-07-15T15:49:14Z","2020-07-15T15:49:23Z","2020-07-15T15:49:34Z","2020-07-15T15:49:44Z","2020-07-15T15:49:53Z","2020-07-15T15:50:03Z","2020-07-15T15:50:15Z","2020-07-15T15:50:25Z","2020-07-15T15:50:37Z","2020-07-15T15:50:49Z","2020-07-15T15:51:04Z","2020-07-15T15:51:17Z","2020-07-15T15:51:33Z","2020-07-15T15:51:47Z","2020-07-15T15:52:00Z","2020-07-15T15:52:15Z","2020-07-15T15:52:25Z","2020-07-15T15:52:32Z","2020-07-15T15:52:41Z","2020-07-15T15:52:52Z","2020-07-15T15:53:01Z","2020-07-15T15:53:09Z","2020-07-15T15:53:18Z","2020-07-15T15:53:25Z","2020-07-15T15:53:46Z","2020-07-15T15:54:05Z","2020-07-15T16:02:30Z","2020-07-15T16:02:39Z","2020-07-15T16:02:48Z","2020-07-15T16:03:00Z","2020-07-15T16:03:10Z","2020-07-15T16:03:20Z","2020-07-15T16:03:29Z","2020-07-15T16:03:37Z","2020-07-15T16:03:45Z","2020-07-15T16:04:12Z","2020-07-15T16:04:29Z","2020-07-15T16:04:37Z","2020-07-15T16:04:48Z","2020-07-15T16:05:03Z","2020-07-15T16:05:11Z","2020-07-15T16:05:20Z","2020-07-15T16:05:27Z","2020-07-15T16:05:33Z","2020-07-15T16:05:39Z","2020-07-15T16:05:45Z","2020-07-15T16:05:51Z","2020-07-15T16:05:56Z","2020-07-15T16:06:03Z","2020-07-15T16:06:14Z","2020-07-15T16:06:21Z","2020-07-15T16:06:27Z","2020-07-15T16:06:34Z","2020-07-15T16:06:42Z","2020-07-15T16:07:04Z"]}},"geometry":{"type":"LineString","coordinates":[[-6.965502854436636,62.105556735768914,3.88],[-6.965443342924118,62.105450788512826,2.87],[-6.965275537222624,62.10545799694955,2.26],[-6.965138074010611,62.10552329197526,1.43],[-6.96499583311379,62.10559411905706,0.59],[-6.964932549744844,62.10568388924003,-0.69],[-6.965054590255022,62.10574692115188,-1.21],[-6.965194400399923,62.10582286119461,-0.81],[-6.965333875268698,62.10590056143701,-0.83],[-6.965494891628623,62.105969125404954,-0.96],[-6.96566722355783,62.10604322142899,-0.61],[-6.965822372585535,62.10612243041396,-0.64],[-6.965966122224927,62.10620398633182,-0.2],[-6.966118086129427,62.10629585199058,0.31],[-6.966304248198867,62.106370953843,0.98],[-6.966458475217223,62.10644689388573,1.02],[-6.966611528769136,62.106520403176546,1.36],[-6.966785537078977,62.106477823108435,2.71],[-6.96694303303957,62.10640758275986,3.94],[-6.967121902853251,62.106346897780895,5.71],[-6.967304460704327,62.10629962384701,6.93],[-6.967479726299644,62.106249667704105,8.88],[-6.967667397111654,62.106196442618966,10.24],[-6.967890188097954,62.10618143901229,11.94],[-6.968068219721317,62.10614481009543,13.07],[-6.968276426196098,62.10614204406738,14.55],[-6.968489913269877,62.10611270740628,16.15],[-6.96866936981678,62.10605017840862,17.53],[-6.96898989379406,62.10601472295821,18.18],[-6.969194496050477,62.10601715371013,18.48],[-6.96940965950489,62.10606065578759,19.34],[-6.969589535146952,62.10609703324735,20.39],[-6.969778127968311,62.106135254725814,23.29],[-6.969990525394678,62.10612620227039,24.88],[-6.970197726041079,62.10613659583032,27.53],[-6.970413979142904,62.1061204187572,29.84],[-6.970616234466434,62.106097619980574,30.98],[-6.970812035724521,62.106080604717135,31.86],[-6.971033569425345,62.106094770133495,35.03],[-6.971282595768571,62.10609007626772,38.13],[-6.971492143347859,62.10609502159059,42.2],[-6.971683166921139,62.10609946399927,45.52],[-6.971863964572549,62.10609879344702,48.55],[-6.972078876569867,62.1060826163739,51.9],[-6.972301919013262,62.106061493977904,54.57],[-6.97250216268003,62.10608756169677,56.33],[-6.97268782183528,62.10607456974685,58.07],[-6.972873313352466,62.10602838546038,59.62],[-6.973077077418566,62.106007346883416,61.35],[-6.973274052143097,62.10601715371013,63.27],[-6.973455771803856,62.1059874817729,65.52],[-6.973664062097669,62.10597381927073,68.52],[-6.973851397633553,62.10596887394786,70.33],[-6.974057508632541,62.105952026322484,72.21],[-6.974273594096303,62.1059563010931,74.7],[-6.974471155554056,62.10594171658158,76.85],[-6.974672488868237,62.105932580307126,79],[-6.97485689073801,62.10588153451681,81.22],[-6.975078759714961,62.105857813730836,83.19],[-6.975303394719958,62.10582470521331,84.79],[-6.975500956177712,62.105807019397616,86.21],[-6.975750317797065,62.10579603910446,88.01],[-6.975958524271846,62.10583224892616,91.22],[-6.976136304438114,62.1058130543679,93.4],[-6.976368147879839,62.10584591142833,96.4],[-6.976551041007042,62.10589896887541,98.14],[-6.976737203076482,62.10595278069377,99.99],[-6.976913642138243,62.106004413217306,101.06],[-6.977082369849086,62.106053698807955,103.5],[-6.977244894951582,62.106133410707116,106.46],[-6.97740264236927,62.10617758333683,109.93],[-6.977618560194969,62.10621454752982,112.14],[-6.977803045883775,62.106270119547844,114.71],[-6.978029357269406,62.106309263035655,117.91],[-6.978238569572568,62.10634044371545,120.82],[-6.978470832109451,62.106355614960194,123.51],[-6.97847954928875,62.10644697770476,126.1],[-6.978561189025641,62.10653389804065,128.33],[-6.978660430759192,62.106615202501416,131.17],[-6.978704854846001,62.10671469569206,133.95],[-6.978828823193908,62.10673263296485,136.67],[-6.979026049375534,62.106712348759174,139.78],[-6.979255462065339,62.106714528054,141.82],[-6.97940357029438,62.10680144838989,145.16],[-6.979464590549469,62.10690253414214,147.35],[-6.979612782597542,62.10692583583295,149.28],[-6.979800453409553,62.1068855188787,150.97],[-6.979992231354117,62.10691837593913,153.44],[-6.980155510827899,62.106912760064006,154.96],[-6.980361621826887,62.106938073411584,157.47],[-6.980577791109681,62.10696958936751,160.03],[-6.980774933472276,62.10696179419756,162.28],[-6.980992360040546,62.10699297487736,164.68],[-6.981213055551052,62.107015773653984,167.2],[-6.981410449370742,62.107001692056656,170.25],[-6.981565430760384,62.1070546656847,173.46],[-6.981722675263882,62.107115937396884,175.09],[-6.981934234499931,62.10711970925331,177.06],[-6.982133220881224,62.10710587911308,178.63],[-6.982341594994068,62.10709749720991,180.46],[-6.982565056532621,62.107092048972845,182.34],[-6.982799749821425,62.10713228210807,184.84],[-6.982996808364987,62.10714410059154,187.56],[-6.983200740069151,62.10718642920256,190.73],[-6.983419256284833,62.10718500427902,194.42],[-6.9835798535496,62.10712440311909,197.31],[-6.983725279569626,62.10709724575281,200.15],[-6.983880931511521,62.107132533565164,204.27],[-6.984044965356588,62.107187267392874,207.04],[-6.984074553474784,62.10716849192977,207.2],[-6.984034990891814,62.10716614499688,206.66],[-6.984111769124866,62.107204869389534,205.45],[-6.984181758016348,62.107126750051975,207.28],[-6.984249399974942,62.10701216943562,207.24],[-6.98432014323771,62.10693555884063,206.5],[-6.984338415786624,62.10693882778287,206.31],[-6.984551148489118,62.10689381696284,209.67],[-6.984749296680093,62.10689649917185,215.24],[-6.984887095168233,62.10695005953312,218.84],[-6.985029000788927,62.10691242478788,220.5],[-6.985204685479403,62.106890715658665,222.99],[-6.985360672697425,62.10684411227703,225.14],[-6.98554465547204,62.10679273121059,228.09],[-6.985735176131129,62.10679952055216,230.54],[-6.985918739810586,62.10679876618087,232.85],[-6.986054694280028,62.106736823916435,236.09],[-6.986243706196547,62.10673665627837,238.91],[-6.986356023699045,62.106706481426954,241.42],[-6.986461132764816,62.106644036248326,244.36],[-6.986588537693024,62.10655963048339,247.55],[-6.986791379749775,62.10651562549174,250.13],[-6.986944349482656,62.10651562549174,251.97],[-6.987174432724714,62.10660707205534,252.28],[-6.987274261191487,62.10670983418822,252.84],[-6.987423207610846,62.10678040981293,254.01],[-6.987616242840886,62.10681024938822,254.39],[-6.987795699387789,62.10687638260424,254.87],[-6.987937772646546,62.10696330294013,254.55],[-6.988074481487274,62.107043685391545,254.63],[-6.988199204206467,62.107121385633945,254.65],[-6.988320238888264,62.10719824768603,255.83],[-6.98849206790328,62.10726077668369,257.15],[-6.988666160032153,62.10731073282659,258.68],[-6.98885609395802,62.10733260959387,260.02],[-6.989037981256843,62.10738549940288,261.32],[-6.989234369248152,62.10743763484061,262.74],[-6.989427488297224,62.107461439445615,263.54],[-6.98962471447885,62.10749605670571,263.82],[-6.989823533222079,62.10753997787833,263.98],[-6.990005420520902,62.10760192014277,263.81],[-6.990196779370308,62.107635447755456,263.73],[-6.990351257845759,62.1076331846416,263.64],[-6.990425940603018,62.10761038586497,264.22],[-6.990628279745579,62.10761013440788,264.74],[-6.990840928629041,62.10761365480721,266.14],[-6.991001525893807,62.10758004337549,267.87],[-6.991186263039708,62.10752178914845,268.77],[-6.991346525028348,62.10746278055012,270.31],[-6.99153914116323,62.107412237674,270.29],[-6.991742234677076,62.107373010367155,271.05],[-6.991908028721809,62.10731299594045,272.52],[-6.992092430591583,62.10726614110172,273.28],[-6.992281526327133,62.10722356103361,273.81],[-6.992479674518108,62.10717394016683,274.4],[-6.992679834365845,62.10712566040456,275.02],[-6.992892986163497,62.10711023770273,274.43],[-6.993063138797879,62.107160445302725,274.84],[-6.993231531232595,62.10720453411341,274.3],[-6.99346580542624,62.10721450857818,273.23],[-6.993673844262958,62.107234289869666,273.82],[-6.993861515074968,62.107198582962155,275.11],[-6.994063686579466,62.10716069675982,275.65],[-6.994291925802827,62.10716270841658,276.4],[-6.994502060115337,62.10720327682793,275.01],[-6.994709763675928,62.10720461793244,273.49],[-6.994909001514316,62.10723546333611,272.07],[-6.995035903528333,62.10732087492943,269.48],[-6.995212258771062,62.107374938204885,267.09],[-6.99540420435369,62.1073757763952,265.45],[-6.995607884600759,62.10737845860422,263.98],[-6.995811313390732,62.10738801397383,262.09],[-6.996003007516265,62.107438473030925,259.9],[-6.996208112686873,62.10747208446264,257.97],[-6.996394610032439,62.10751491598785,256.14],[-6.996597871184349,62.10749831981957,253.06],[-6.996781183406711,62.1074931230396,252.2],[-6.996990814805031,62.10751432925463,250.83],[-6.997209163382649,62.10751969367266,250.02],[-6.997436815872788,62.10749538615346,248.63],[-6.997659103944898,62.10748725570738,247.24],[-6.99785809032619,62.10745230317116,245.85],[-6.998052215203643,62.107435539364815,245.42],[-6.998261008411646,62.10745205171406,244.65],[-6.998446583747864,62.10747392848134,244.72],[-6.998650683090091,62.10750502534211,243.83],[-6.998880933970213,62.10751726292074,242.21],[-6.999076316133142,62.10754953324795,241.55],[-6.999225933104754,62.10761994123459,239.97],[-6.999398684129119,62.107684733346105,237.86],[-6.999568920582533,62.10774608887732,235.92],[-6.999753741547465,62.10777869448066,234.27],[-6.999949039891362,62.10779529064894,233.67],[-7.000142158940435,62.10780216380954,233.28],[-7.000364447012544,62.10779487155378,232.92],[-7.00059050694108,62.10777785629034,232.21],[-7.000769125297666,62.107747346162796,231.76],[-7.000977583229542,62.10771398618817,230.88],[-7.001177072525024,62.107692528516054,230.08],[-7.001365665346384,62.10772563703358,229.82],[-7.001573368906975,62.1077127289027,229.27],[-7.001774534583092,62.1077005751431,227.87],[-7.00196354649961,62.107706191018224,226.97],[-7.002168400213122,62.10772882215679,224.84],[-7.002362441271544,62.107745837420225,224.83],[-7.002581460401416,62.107741897925735,224.7],[-7.002791175618768,62.10774458013475,224.23],[-7.00302679091692,62.10775287821889,224.27],[-7.003234745934606,62.107745837420225,224.02],[-7.003426440060139,62.10774449631572,222.17],[-7.003633556887507,62.10772588849068,222.48],[-7.003870848566294,62.10770845413208,220.94],[-7.004084168002009,62.107664281502366,220.88],[-7.004296397790313,62.107619270682335,220.53],[-7.004504771903157,62.107609463855624,220.19],[-7.004736615344882,62.10762723349035,219.83],[-7.004950270056725,62.107638297602534,219.7],[-7.005143892019987,62.10764684714377,218.14],[-7.005412112921476,62.107632514089346,217.4],[-7.005632724612951,62.1076056919992,216.88],[-7.005853587761521,62.107578786090016,215.48],[-7.006070846691728,62.10755405947566,213.72],[-7.006276119500399,62.1075330208987,212.32],[-7.006485499441624,62.10751491598785,209.91],[-7.006645174697042,62.10747736506164,207.74],[-7.006824966520071,62.10741391405463,205.38],[-7.007065359503031,62.10737820714712,205.02],[-7.007298460230231,62.10735616274178,205.72],[-7.007502391934395,62.10732229985297,206.68],[-7.007700875401497,62.10728282108903,206.99],[-7.007889552041888,62.107225405052304,208.16],[-7.008120138198137,62.10718802176416,209.19],[-7.008321639150381,62.10711560212076,209.84],[-7.008502017706633,62.10706430487335,209.41],[-7.008701171725988,62.10701258853078,209.68],[-7.008897894993424,62.10696414113045,209.95],[-7.008951539173722,62.1068887040019,209.74],[-7.009043069556356,62.10688518360257,209.76],[-7.009076764807105,62.106878561899066,210.25],[-7.009256724268198,62.10690010339022,210.59],[-7.009453782811761,62.106885854154825,211.39],[-7.009668862447143,62.10686448030174,212.27],[-7.009869273751974,62.10689088329673,213.93],[-7.010076055303216,62.106891218572855,213.93],[-7.010285267606378,62.10690412670374,213.98],[-7.010478973388672,62.10691871121526,214.87],[-7.01067678630352,62.10692114196718,216.68],[-7.010910054668784,62.106892224401236,216.63],[-7.011133348569274,62.10685668513179,216.51],[-7.011257233098149,62.10678501985967,215.75],[-7.01140190474689,62.10671368986368,215.3],[-7.011572308838368,62.10666867904365,214.94],[-7.011745059862733,62.10662232711911,214.36],[-7.011925857514143,62.10656348615885,213.07],[-7.012100201100111,62.10649584420025,211.26],[-7.012281082570553,62.10643951781094,210.3],[-7.012470178306103,62.106390818953514,209.21],[-7.012632368132472,62.106328876689076,208.96],[-7.012825319543481,62.10627439431846,208.22],[-7.013028664514422,62.10624220781028,208.46],[-7.013214826583862,62.106180265545845,209.84],[-7.013427810743451,62.1061185747385,210.41],[-7.013646410778165,62.10606040433049,209.76],[-7.013845816254616,62.10602838546038,209.63],[-7.014050167053938,62.105973567813635,209.16],[-7.014233898371458,62.105919755995274,209.11],[-7.014372870326042,62.10584289394319,208.63],[-7.014459120109677,62.105756560340524,209.26],[-7.014646455645561,62.10570123977959,208.18],[-7.014827001839876,62.10564189590514,208.88],[-7.014997657388449,62.10558255203068,208.32],[-7.01512522995472,62.10550267249346,208.93],[-7.015339639037848,62.10544894449413,210.33],[-7.015442233532667,62.10544559173286,211.35],[-7.015527142211795,62.10541172884405,211.03],[-7.015716237947345,62.10537635721266,211.35],[-7.015892593190074,62.10532916709781,211.24],[-7.016073893755674,62.10529421456158,212.16],[-7.016278496012092,62.10527317598462,212.75],[-7.016493659466505,62.105282228440046,214.66],[-7.016706140711904,62.105293460190296,215.63],[-7.01691560447216,62.10530058480799,216.11],[-7.017111573368311,62.105302177369595,216.91],[-7.017335286363959,62.10530988872051,216.87],[-7.017522286623716,62.105345176532865,218.04],[-7.017702497541904,62.105387756600976,220.61],[-7.017931155860424,62.105386666953564,222.7],[-7.018180433660746,62.10537375882268,224.04],[-7.018408924341202,62.10537903942168,225.78],[-7.018624087795615,62.10540804080665,226.88],[-7.018917538225651,62.10541248321533,229.35],[-7.019119122996926,62.10538197308779,230.73],[-7.0193225517869,62.10539471358061,231.88],[-7.019584989175201,62.105363281443715,235.07],[-7.019827393814921,62.10535674355924,237.64],[-7.020013052970171,62.105426816269755,237.92],[-7.020143559202552,62.10550091229379,240.77],[-7.020333996042609,62.105554807931185,241.15],[-7.020544549450278,62.1056008245796,242.14],[-7.020765747874975,62.10562773048878,242.48],[-7.020928105339408,62.105689672753215,242.27],[-7.021089373156428,62.10573577322066,241.58],[-7.021237649023533,62.10582579486072,239.99],[-7.021409897133708,62.10589528083801,240.24],[-7.021569991484284,62.10597281344235,240.06],[-7.021731259301305,62.106053195893764,240.27],[-7.021900657564402,62.10611740127206,238.96],[-7.022088663652539,62.10616098716855,238.46],[-7.022223193198443,62.106247656047344,237.25],[-7.022328888997436,62.10633088834584,236.18],[-7.022500298917294,62.106400039047,236.29],[-7.022667014971376,62.10646089166403,235.36],[-7.022750247269869,62.106543872505426,234.41],[-7.022846136242151,62.1066333912313,233.36],[-7.022940600290895,62.106719641014934,231.88],[-7.023097844794393,62.10677579976618,230.61],[-7.023111926391721,62.10686598904431,230.56],[-7.023246120661497,62.1069304458797,228.78],[-7.023441335186362,62.106959195807576,226.96],[-7.023642417043448,62.10694511421025,225.34],[-7.023787507787347,62.107007978484035,223.76],[-7.02392103150487,62.107076877728105,222.82],[-7.024050364270806,62.107150638476014,221.97],[-7.024175422266126,62.10721492767334,220.73],[-7.024282040074468,62.107254238799214,219.78],[-7.024345071986318,62.10736253298819,217.68],[-7.024383880198002,62.10745926015079,216.31],[-7.0244893245399,62.10753888823092,214.5],[-7.024565096944571,62.10763653740287,212],[-7.024655621498823,62.10771029815078,209.55],[-7.024829043075442,62.107758494094014,208.9],[-7.025025514885783,62.10775136947632,207.59],[-7.025212263688445,62.10772764869034,205.96],[-7.025433294475079,62.10769982077181,204.08],[-7.025560028851032,62.107753716409206,203.27],[-7.025638064369559,62.10783887654543,202.61],[-7.025718195363879,62.10793518461287,201.24],[-7.025770582258701,62.10803551599383,200.29],[-7.025813413783908,62.10812486708164,198.89],[-7.025882061570883,62.10821581073105,197.78],[-7.026008209213615,62.10828831419349,197.06],[-7.026136200875044,62.108354615047574,195.92],[-7.026248602196574,62.108446983620524,194.37],[-7.026388328522444,62.108514457941055,192.71],[-7.026516404002905,62.10859299637377,191.59],[-7.026598211377859,62.108672792091966,190.32],[-7.026736009865999,62.10874739103019,189.43],[-7.026867689564824,62.10882366634905,187.86],[-7.026949496939778,62.10891092196107,186.75],[-7.027066424489021,62.10900488309562,185.89],[-7.027158290147781,62.1091028675437,185.32],[-7.027243366464973,62.10920956917107,184.4],[-7.027303632348776,62.10924963466823,184.24],[-7.027452662587166,62.10929305292666,183.64],[-7.027586186304689,62.109357845038176,182.08],[-7.027765307575464,62.10941132158041,180.71],[-7.027951218187809,62.10946504957974,178.76],[-7.028146767988801,62.10948617197573,178.35],[-7.028334187343717,62.1095362957567,175.42],[-7.028486570343375,62.10960720665753,172.6],[-7.028675330802798,62.109672501683235,171.18],[-7.028890075162053,62.10971365682781,169.52],[-7.029050588607788,62.10977744311094,168.2],[-7.029147399589419,62.10984994657338,167.38],[-7.029339428991079,62.10992337204516,165.46],[-7.029559873044491,62.109975507482886,164.02],[-7.029672358185053,62.11005639284849,164.01],[-7.029751734808087,62.11016510613263,163.52],[-7.029857765883207,62.11024624295533,163.08],[-7.030010316520929,62.11031153798103,161.86],[-7.030139062553644,62.11038370616734,161.05],[-7.030303431674838,62.110450426116586,158.31],[-7.03046964481473,62.110521672293544,156.31],[-7.030634265393019,62.11060255765915,153.32],[-7.030738117173314,62.1106949262321,153.13],[-7.030873065814376,62.110765501856804,150.83],[-7.030961243435741,62.110858373343945,149.79],[-7.031078338623047,62.11095401085913,149.72],[-7.031227201223373,62.111051911488175,148.78],[-7.031362736597657,62.11114344187081,148.5],[-7.031480167061091,62.11123488843441,147.77],[-7.031629700213671,62.11131175048649,147.13],[-7.031791722401977,62.11137562058866,146.34],[-7.031996240839362,62.11144535802305,144.63],[-7.032188856974244,62.11150906048715,143.28],[-7.032338893041015,62.11157804355025,141.87],[-7.032505441457033,62.111648954451084,140.53],[-7.032684646546841,62.11171223782003,139.64],[-7.032875502482057,62.111793626099825,139.05],[-7.033083876594901,62.111875768750906,135.81],[-7.033255370333791,62.11191843263805,134.36],[-7.033375147730112,62.11200308986008,132.48],[-7.033502049744129,62.112073162570596,131.81],[-7.033582935109735,62.11217483505607,131.51],[-7.033667676150799,62.112257815897465,130.51],[-7.033722242340446,62.11228162050247,130.06],[-7.033811677247286,62.11235010065138,128.52],[-7.034004125744104,62.112380946055055,125.51],[-7.034208308905363,62.112379940226674,121.93],[-7.034340156242251,62.112370636314154,121.48],[-7.034391285851598,62.11230894550681,120.51],[-7.034594295546413,62.112322356551886,117.75],[-7.034788336604834,62.11236895993352,114.66],[-7.034952370449901,62.112439116463065,112.86],[-7.035037027671933,62.1123821195215,110.71],[-7.035079691559076,62.11229142732918,109.15],[-7.035078350454569,62.11219402961433,107],[-7.035105172544718,62.11210266686976,105.15],[-7.035287730395794,62.112048268318176,101.4],[-7.035418068990111,62.111970568075776,98.62],[-7.035568524152041,62.11191021837294,96.4],[-7.035758793354034,62.11186897940934,94.69],[-7.035923581570387,62.11181843653321,93.26],[-7.03608887270093,62.11175590753555,90.41],[-7.036211416125298,62.11166337132454,88.83],[-7.036361200734973,62.11157402023673,87.84],[-7.036503609269857,62.11150361225009,85.46],[-7.03667669557035,62.11143848486245,82.7],[-7.036814745515585,62.11136782541871,80.31],[-7.036981210112572,62.11141375824809,77.88],[-7.037130491808057,62.11150361225009,75.69],[-7.037207018584013,62.111604111269116,74.45],[-7.037280611693859,62.11170444265008,73.03],[-7.037315396592021,62.11170628666878,70.7],[-7.037326544523239,62.11160469800234,70.34],[-7.037363341078162,62.11150939576328,69.22],[-7.037402149289846,62.11141023784876,68],[-7.037481609731913,62.11132071912289,66.85],[-7.037587808445096,62.11124327033758,65.89],[-7.037674644961953,62.111276211217046,65.42],[-7.037757374346256,62.111363299191,64.76],[-7.037851000204682,62.11146706715226,63.72],[-7.037931047379971,62.11156287230551,62.93],[-7.038025679066777,62.11165373213589,62.02],[-7.03811033628881,62.11174400523305,61.36],[-7.038197927176952,62.111830338835716,60.52],[-7.038294319063425,62.11191172711551,59.54],[-7.038370342925191,62.11199814453721,58.29],[-7.038455083966255,62.11209495551884,57.3],[-7.038554158061743,62.11219319142401,56.22],[-7.038636719807982,62.11229193024337,55.28],[-7.038709810003638,62.11237306706607,54.67],[-7.038773596286774,62.112465016543865,54.27],[-7.03884769231081,62.112564677372575,52.57],[-7.03892732039094,62.112655537202954,51.64],[-7.039032261818647,62.11274413391948,51.1],[-7.039119601249695,62.11283365264535,50.41],[-7.039178023114801,62.112942365929484,49.58],[-7.039231080561876,62.11303775198758,48.6],[-7.039267541840673,62.113128108903766,47.47],[-7.039296962320805,62.11323045194149,46.76],[-7.039343230426312,62.11332416161895,45.6],[-7.039392096921802,62.11342985741794,44.78],[-7.039456302300096,62.11351761594415,44.1],[-7.039532996714115,62.11361459456384,43.16],[-7.039615642279387,62.11370578967035,42.35],[-7.039685547351837,62.11378935724497,41.68],[-7.039742292836309,62.11387493647635,40.95],[-7.039808509871364,62.113957749679685,40.29],[-7.039885874837637,62.114038383588195,39.61],[-7.039961898699403,62.11412739939988,38.43],[-7.040021745488048,62.114224126562476,37.83],[-7.040091147646308,62.11431414820254,36.67],[-7.040158119052649,62.11440375074744,35.68],[-7.040233472362161,62.11449461057782,34.41],[-7.040304886177182,62.11459460668266,33.28],[-7.040385771542788,62.11469401605427,32.14],[-7.04049532301724,62.11478822864592,31.14],[-7.040647622197866,62.114868527278304,30.66],[-7.040537986904383,62.114861737936735,29.51],[-7.040706546977162,62.114833910018206,30.25],[-7.040662709623575,62.114904737100005,29.81],[-7.040541339665651,62.114837262779474,30.48],[-7.040465902537108,62.11475394666195,31.44],[-7.040378898382187,62.114648250862956,32.33],[-7.040280159562826,62.11455554701388,33.59],[-7.040216457098723,62.1144541259855,34.95],[-7.040106235072017,62.11435480043292,35.62],[-7.040000539273024,62.114251954481006,37.01],[-7.039908673614264,62.11414726451039,37.65],[-7.039826279506087,62.11404534056783,38.75],[-7.03973550349474,62.113948948681355,39.83],[-7.039654366672039,62.11384769529104,40.58],[-7.039583036676049,62.11375926621258,41.28],[-7.039494020864368,62.113653905689716,42.43],[-7.039394862949848,62.113542007282376,43.64],[-7.039325041696429,62.113444693386555,44.69],[-7.039296627044678,62.11334955878556,45.75],[-7.039270559325814,62.11324905976653,46.38],[-7.039222028106451,62.11315182968974,47.51],[-7.039152542129159,62.113054264336824,48.39],[-7.039107531309128,62.11296181194484,48.93],[-7.039046511054039,62.11286340840161,50.38],[-7.038948442786932,62.112771878018975,50.82],[-7.038864120841026,62.11267925798893,51.57],[-7.038772758096457,62.11258823052049,52.14],[-7.038716096431017,62.112489407882094,53.75],[-7.038611406460404,62.11239846423268,54.43],[-7.038563210517168,62.11229436099529,55.02],[-7.038483247160912,62.11219805292785,56.24],[-7.038383167237043,62.11210031993687,57.36],[-7.038289541378617,62.112007616087794,58.75],[-7.038191305473447,62.111913403496146,59.73],[-7.038109330460429,62.111820532009006,60.87],[-7.03801847063005,62.11172992363572,61.84],[-7.03793054446578,62.111633867025375,62.56],[-7.037844713777304,62.111544851213694,63.67],[-7.037769947201014,62.11145390756428,64.59],[-7.037694174796343,62.111357264220715,65.68],[-7.037556292489171,62.11128828115761,67.14],[-7.0374477468431,62.1113252453506,68.08],[-7.037387983873487,62.11142976768315,69.75],[-7.037378596141934,62.111529260873795,70.46],[-7.037404496222735,62.111617270857096,71.48],[-7.037251777946949,62.11176001466811,76.19],[-7.037190590053797,62.11162825115025,76.28],[-7.037069052457809,62.111533703282475,78.51],[-7.036924967542291,62.11144401691854,80.29],[-7.036771578714252,62.111438903957605,82.67],[-7.036610897630453,62.11148668080568,85.18],[-7.036460274830461,62.111554238945246,87.94],[-7.036334965378046,62.1116307657212,90.38],[-7.036224994808435,62.111700251698494,90.8],[-7.036101026460528,62.11175808683038,92.47],[-7.035973705351353,62.111840983852744,95.77],[-7.035782681778073,62.111894292756915,97.2],[-7.035604817792773,62.11195615120232,99.35],[-7.035404071211815,62.11202387697995,101.86],[-7.035280102863908,62.112084897235036,103.95],[-7.035112213343382,62.11214390583336,107.23],[-7.035088995471597,62.11223560385406,109.74],[-7.035082541406155,62.112336941063404,112.3],[-7.035026717931032,62.11242469958961,114.28],[-7.034895960241556,62.11245210841298,116.37],[-7.034728405997157,62.112390752881765,118.91],[-7.03454626724124,62.11235043592751,122.43],[-7.034384412690997,62.11237533017993,124.18],[-7.034280728548765,62.11245604790747,126.14],[-7.034279722720385,62.11243157275021,125.99],[-7.034163800999522,62.112417658790946,128.39],[-7.033962132409215,62.11240525357425,131.63],[-7.033770438283682,62.11236719973385,134.28],[-7.033661222085357,62.11226401850581,135.41],[-7.033584527671337,62.1121677942574,136.3],[-7.033492745831609,62.11207492277026,136.99],[-7.033332232385874,62.11200292222202,138.25],[-7.033180519938469,62.11193444207311,140.45],[-7.033017156645656,62.11185204796493,142.83],[-7.03286049887538,62.11175573989749,144.44],[-7.032649358734489,62.111693881452084,145.17],[-7.032418688759208,62.11162565276027,146.86],[-7.032169494777918,62.111571338027716,147.85],[-7.031955420970917,62.111516101285815,149.66],[-7.031742185354233,62.11145038716495,151.64],[-7.031605392694473,62.11136547848582,151.39],[-7.031476143747568,62.111264476552606,151.71],[-7.031350415199995,62.111176969483495,152.4],[-7.031240863725543,62.11108937859535,152.84],[-7.031050594523549,62.11101503111422,153.19],[-7.030925201252103,62.11091687902808,154.09],[-7.030879352241755,62.11082090623677,154.62],[-7.030741637572646,62.110757287591696,156.81],[-7.03064851462841,62.110656118020415,157.04],[-7.030512643978,62.11058168672025,159.54],[-7.030332516878843,62.110526198521256,162.96],[-7.03018574975431,62.1104393620044,164.97],[-7.030047448351979,62.1103479154408,165.48],[-7.029966227710247,62.110258312895894,165.8],[-7.029852401465178,62.11016175337136,165.35],[-7.029678393155336,62.11008329875767,168.19],[-7.029533470049501,62.11001079529524,168.36],[-7.029402796179056,62.10992890410125,170.55],[-7.029233397915959,62.10983502678573,171.81],[-7.029012870043516,62.109760930761695,173.28],[-7.028845483437181,62.10972094908357,175.36],[-7.028627470135689,62.109665628522635,176.93],[-7.028410797938705,62.10961768403649,179.76],[-7.028207704424858,62.10955113172531,182.11],[-7.02801282517612,62.10951131768525,183.2],[-7.027842588722706,62.109455578029156,184.26],[-7.027610242366791,62.10942272096872,185.91],[-7.027454506605864,62.109332447871566,186.75],[-7.027286281809211,62.109278636053205,188.69],[-7.027154518291354,62.1092046238482,189.86],[-7.027027616277337,62.10911854170263,190.62],[-7.026932397857308,62.10902910679579,191.08],[-7.026871209964156,62.108934642747045,191.95],[-7.026775823906064,62.10883900523186,193.62],[-7.026628302410245,62.10876625031233,194.85],[-7.026487737894058,62.10867497138679,195.98],[-7.026332672685385,62.10860012099147,197.2],[-7.026188839226961,62.10851420648396,198.84],[-7.026065206155181,62.10842636413872,200.69],[-7.025912655517459,62.10835092701018,202.39],[-7.02584040351212,62.108262330293655,203.66],[-7.02579447068274,62.108159232884645,204.82],[-7.02575633302331,62.10806258954108,204.98],[-7.025676453486085,62.10797466337681,205.47],[-7.025596741586924,62.10789025761187,207.96],[-7.025486519560218,62.10781582631171,208.94],[-7.025357773527503,62.10774256847799,209.89],[-7.025244198739529,62.107667131349444,209.39],[-7.025150237604976,62.10756587795913,213.62],[-7.02497941441834,62.1074812207371,217.31],[-7.02476542443037,62.10743369534612,220.49],[-7.024565516039729,62.10736186243594,222.5],[-7.024385975673795,62.107321713119745,224.65],[-7.024164274334908,62.10725164040923,226.98],[-7.024056315422058,62.10717352107167,228.47],[-7.023924048990011,62.10710453800857,229.74],[-7.023790441453457,62.10702641867101,230.5],[-7.023665634915233,62.10695022717118,232.29],[-7.023524651303887,62.10687286220491,233.64],[-7.023384673520923,62.106799855828285,235.13],[-7.023217789828777,62.10673506371677,236.48],[-7.023041602224112,62.10667261853814,238.05],[-7.022881675511599,62.10660606622696,239.1],[-7.022735998034477,62.10652702488005,241.56],[-7.022588392719626,62.106459802016616,243.05],[-7.022409187629819,62.10640833713114,243.34],[-7.022265773266554,62.106324853375554,244.59],[-7.022125124931335,62.1062396094203,245.91],[-7.021933095529676,62.10618143901229,245.67],[-7.021739557385445,62.106114299967885,246.69],[-7.021580720320344,62.10603525862098,247.38],[-7.021441161632538,62.105966191738844,247.65],[-7.021293891593814,62.10589385591447,247.55],[-7.021213509142399,62.10578975267708,247.45],[-7.021007398143411,62.105756644159555,248.81],[-7.020792318508029,62.10570702329278,249.29],[-7.020575981587172,62.105673076584935,248.53],[-7.020384119823575,62.105621779337525,248.1],[-7.020200304687023,62.10556184872985,247.1],[-7.019984470680356,62.10553259588778,246.35],[-7.019798392429948,62.10549118928611,243.84],[-7.019632933661342,62.10545992478728,242.51],[-7.019496224820614,62.10537367500365,240.45],[-7.019259100779891,62.10536638274789,238.69],[-7.019070340320468,62.10538909770548,237.71],[-7.018891219049692,62.10540854372084,235.42],[-7.018650993704796,62.105379458516836,233.21],[-7.018459802493453,62.10539219900966,231.56],[-7.018241202458739,62.10539295338094,230.89],[-7.018046323210001,62.1054139919579,229.96],[-7.017819005995989,62.105395048856735,228.03],[-7.017599735409021,62.105361269786954,225.31],[-7.017368143424392,62.10534299723804,225],[-7.017089612782002,62.10533662699163,224.31],[-7.01687453314662,62.105322210118175,223.99],[-7.016676887869835,62.105302177369595,223.01],[-7.016461975872517,62.10530837997794,221.43],[-7.016202472150326,62.105300752446055,219.77],[-7.015990745276213,62.10534827783704,219.29],[-7.015822939574719,62.10537484847009,219.37],[-7.015677178278565,62.105405777692795,218.93],[-7.01553518883884,62.10548289120197,218.92],[-7.015352630987763,62.10552765056491,217.65],[-7.015193291008472,62.10560392588377,217.18],[-7.015021126717329,62.10570811294019,217.47],[-7.014873521402478,62.10577298887074,217.51],[-7.014584010466933,62.10584155283868,217.99],[-7.014503963291645,62.10592059418559,217.65],[-7.014351915568113,62.10598303936422,217.96],[-7.014190899208188,62.106040539219975,218.47],[-7.014017142355442,62.106090411543846,218.72],[-7.013785382732749,62.10613802075386,218.79],[-7.013596370816231,62.10617649368942,218.82],[-7.013390175998211,62.10623147897422,218.87],[-7.01320149935782,62.10628227330744,217.77],[-7.013027742505074,62.10631722584367,218.06],[-7.012798329815269,62.10633751004934,218.07],[-7.01259171590209,62.10638537071645,217.9],[-7.012403039261699,62.10643499158323,218.69],[-7.012252332642674,62.1064967662096,220.31],[-7.01208109036088,62.10655233822763,221.07],[-7.011939603835344,62.106625428423285,222.55],[-7.011776911094785,62.106695333495736,223.42],[-7.011592173948884,62.106749983504415,224.2],[-7.011398719623685,62.106803208589554,224.54],[-7.011272823438048,62.106853080913424,225.42],[-7.011170815676451,62.10691778920591,226.07],[-7.011009128764272,62.1069700922817,226.25],[-7.010819362476468,62.10698861628771,225.76],[-7.010581148788333,62.10697981528938,224.41],[-7.01036062091589,62.106974786147475,224.5],[-7.010148139670491,62.10694377310574,223.2],[-7.009938340634108,62.10695349611342,223.55],[-7.009755950421095,62.10692809894681,221.86],[-7.009547827765346,62.10693606175482,220.97],[-7.009346829727292,62.106934720650315,220.45],[-7.009152704849839,62.10696439258754,220.61],[-7.0089250523597,62.10697109811008,218.92],[-7.008728161454201,62.10700244642794,219.13],[-7.008537892252207,62.10704326629639,219.05],[-7.008365979418159,62.10710353218019,219.52],[-7.008201777935028,62.10716991685331,219.08],[-7.007992314174771,62.10721107199788,218.71],[-7.007833477109671,62.10726136341691,218.28],[-7.007659720256925,62.107307966798544,216.74],[-7.007473725825548,62.107360772788525,216.29],[-7.007288988679647,62.10739002563059,215.26],[-7.007090924307704,62.107400838285685,214.54],[-7.00699201785028,62.10740553215146,214.59],[-7.006816333159804,62.10743428207934,216.78],[-7.006624387577176,62.107495218515396,218.86],[-7.006424814462662,62.10753796622157,220.59],[-7.006243597716093,62.10758733563125,222.49],[-7.006027428433299,62.107603093609214,223.87],[-7.005796926096082,62.10761331953108,225.06],[-7.005600705742836,62.10762622766197,226.37],[-7.005399288609624,62.10764676332474,226.96],[-7.005198122933507,62.107646176591516,227.57],[-7.004976002499461,62.10764835588634,228.5],[-7.004751451313496,62.10763561539352,228.61],[-7.004559421911836,62.10761130787432,230.21],[-7.004341408610344,62.10761466063559,229.45],[-7.00416337698698,62.10766553878784,229.75],[-7.003949470818043,62.107683727517724,230.36],[-7.003737995401025,62.10771532729268,232.05],[-7.003541775047779,62.10774030536413,232.3],[-7.003333484753966,62.10775338113308,233.08],[-7.003103401511908,62.107759499922395,233.8],[-7.002913299947977,62.10775522515178,233.63],[-7.00270526111126,62.107769222930074,234.29],[-7.002491857856512,62.107795123010874,234.85],[-7.002274347469211,62.10778816603124,234.84],[-7.002030937001109,62.10775061510503,235.87],[-7.001803871244192,62.1077280677855,237.72],[-7.001609578728676,62.10774600505829,238.27],[-7.001414448022842,62.10776561871171,239.66],[-7.001201547682285,62.107783975079656,240.98],[-7.000974901020527,62.107794201001525,241.81],[-7.00075956992805,62.107798056676984,242.26],[-7.000557566061616,62.107819179072976,242.37],[-7.000340558588505,62.107823956757784,243.17],[-7.000126568600535,62.10782328620553,243.27],[-6.999931856989861,62.107804007828236,243.55],[-6.999729014933109,62.10779654793441,244.75],[-6.999521143734455,62.10774944163859,246.61],[-6.999348057433963,62.10768951103091,247.95],[-6.999184107407928,62.10761549882591,250.18],[-6.999006075784564,62.10755372419953,252.11],[-6.998815219849348,62.107531763613224,252.82],[-6.998628554865718,62.10749639198184,254.18],[-6.998413726687431,62.10747987963259,254.58],[-6.998212561011314,62.10746185854077,254.79],[-6.998009383678436,62.10745473392308,255.77],[-6.997814755886793,62.107469821348786,256.49],[-6.997602609917522,62.10746319964528,257.82],[-6.997387278825045,62.107478035613894,259.92],[-6.997154513373971,62.10749052464962,261.31],[-6.996926106512547,62.107485327869654,262.18],[-6.996696442365646,62.1074830647558,263.57],[-6.996517404913902,62.107528829947114,265.43],[-6.996293524280191,62.10749882273376,267.26],[-6.996128065511584,62.107450207695365,269.76],[-6.995937041938305,62.10741676390171,272.11],[-6.995742497965694,62.10738583467901,274.09],[-6.995524652302265,62.10739019326866,275.54],[-6.995291886851192,62.10740025155246,277.16],[-6.995074544101954,62.1073741838336,278.42],[-6.99486424215138,62.107357420027256,280.22],[-6.994662322103977,62.107290448620915,281.92],[-6.994508597999811,62.10720352828503,284.52],[-6.994345737621188,62.10715390741825,285.71],[-6.994133926928043,62.10714519023895,286.17],[-6.993929073214531,62.107187267392874,285.41],[-6.993759507313371,62.107230769470334,283.78],[-6.993555407971144,62.10720998235047,283.83],[-6.993322307243943,62.10718961432576,283.67],[-6.993106137961149,62.10715818218887,284.44],[-6.992978984490037,62.10709372535348,284.81],[-6.992822242900729,62.10709565319121,284.21],[-6.992640271782875,62.10714963264763,284.09],[-6.99244505725801,62.10717687383294,284.19],[-6.992276748642325,62.10722967982292,283.84],[-6.992080193012953,62.10727469064295,283.1],[-6.99190903455019,62.10734182968736,282.03],[-6.991752879694104,62.107396479696035,281.33],[-6.991574512794614,62.10744568146765,280.61],[-6.991405701264739,62.107497649267316,280.24],[-6.991220628842711,62.107552802190185,279.4],[-6.991061372682452,62.1076004114002,278.63],[-6.990878814831376,62.10764835588634,277.51],[-6.990655353292823,62.10765774361789,276.06],[-6.990433316677809,62.10764106363058,276.02],[-6.990219159051776,62.10764106363058,275.75],[-6.990016903728247,62.107621030882,275.61],[-6.989829735830426,62.107557663694024,275.69],[-6.989636784419417,62.107510305941105,275.74],[-6.989432601258159,62.107471749186516,275.25],[-6.98923721909523,62.10745389573276,274.41],[-6.989052398130298,62.10740955546498,273.32],[-6.988888196647167,62.10736094042659,272.39],[-6.98869189247489,62.10735239088535,271.43],[-6.988489637151361,62.10730377584696,269.11],[-6.988329207524657,62.10723839700222,267.58],[-6.988199958577752,62.107165306806564,267.12],[-6.988057885318995,62.10709330625832,265.81],[-6.987896198406816,62.10701543837786,266.29],[-6.987777762115002,62.10691192187369,267.03],[-6.987594030797482,62.10685819387436,266.47],[-6.987389177083969,62.106835562735796,265.77],[-6.987195471301675,62.10679868236184,264.89],[-6.987056247889996,62.106722155585885,263.55],[-6.986919539049268,62.106649400666356,262.98],[-6.986874025315046,62.10661889053881,262.68],[-6.986693646758795,62.10658259689808,260.2],[-6.986535228788853,62.106619980186224,258.01],[-6.986422156915069,62.106693824753165,255.48],[-6.986254015937448,62.10671788081527,252.42],[-6.986223086714745,62.10679708980024,250.59],[-6.986018316820264,62.10678359493613,247.55],[-6.98590918444097,62.1068371552974,245.37],[-6.985837854444981,62.10691334679723,243.28],[-6.985758813098073,62.106994315981865,241.52],[-6.985655128955841,62.10706899873912,238.55],[-6.98546745814383,62.10704293102026,237.91],[-6.985280122607946,62.107009906321764,235.71],[-6.985086416825652,62.106981575489044,233.18],[-6.984901009127498,62.10696732625365,230.45],[-6.984703447669745,62.10701837204397,228.15],[-6.98459230363369,62.107082828879356,226.13],[-6.984440088272095,62.10715474560857,223.48],[-6.984242275357246,62.1071757003665,217.68],[-6.98408461175859,62.107219034805894,217.37],[-6.983896270394325,62.10720604285598,214.88],[-6.983748413622379,62.10715030319989,210.69],[-6.983555294573307,62.10712683387101,206.55],[-6.983361840248108,62.107101771980524,203.65],[-6.983163943514228,62.107110572978854,202.13],[-6.982965627685189,62.107139909639955,198.59],[-6.982784578576684,62.10713965818286,195.18],[-6.982582993805409,62.10711426101625,193.2],[-6.982361376285553,62.1071167755872,191.75],[-6.982181081548333,62.107129599899054,189.84],[-6.981981256976724,62.107147788628936,188.43],[-6.981775229796767,62.10714493878186,186.35],[-6.981599880382419,62.10708936676383,184.42],[-6.981426877900958,62.107069501653314,182.31],[-6.981196375563741,62.107047038152814,178.14],[-6.981014655902982,62.107021640986204,175.54],[-6.980844587087631,62.10698526352644,174.16],[-6.980649288743734,62.10699641145766,172.38],[-6.980463042855263,62.10698970593512,169.72],[-6.980272773653269,62.10692457854748,167.13],[-6.980093065649271,62.106946958228946,165.56],[-6.979958787560463,62.10688082501292,164.21],[-6.979779498651624,62.10687085054815,162.31],[-6.97961269877851,62.10693798959255,160.53],[-6.97946266271174,62.10688568651676,158.1],[-6.979367192834616,62.106794491410255,155.5],[-6.979212462902069,62.106731878593564,153.04],[-6.97904784232378,62.106745122000575,150.04],[-6.97888221591711,62.106789043173194,147.76],[-6.978791104629636,62.10674135014415,144.87],[-6.978693036362529,62.10666046477854,141.81],[-6.978551214560866,62.106574131175876,139.12],[-6.978500755503774,62.10646784864366,136.36],[-6.978493547067046,62.10638578981161,134.58],[-6.978305960074067,62.10639056749642,132.7],[-6.978100268170238,62.10638947784901,129.27],[-6.977891391143203,62.10635586641729,126.63],[-6.977692237123847,62.106305323541164,123.85],[-6.977488892152906,62.10628068074584,121.19],[-6.977315889671445,62.10627866908908,118.74],[-6.977175157517195,62.10622577928007,116.49],[-6.977088404819369,62.10614548064768,113.71],[-6.976929232478142,62.10607834160328,111.79],[-6.976747009903193,62.10601111873984,110.63],[-6.976532349362969,62.10594481788576,108.24],[-6.976297572255135,62.10589461028576,106.76],[-6.976110655814409,62.1058614179492,103.29],[-6.975960284471512,62.10585990920663,100.47],[-6.975738918408752,62.105868961662054,98.26],[-6.975522916764021,62.10589184425771,97.1],[-6.975332982838154,62.105926210060716,96.68],[-6.975133158266544,62.10594993084669,94.94],[-6.974933668971062,62.10598102770746,92.81],[-6.974746165797114,62.10600349120796,91.23],[-6.97456126101315,62.1060340013355,89.06],[-6.974337631836534,62.10604665800929,86.12],[-6.974131604656577,62.106075743213296,84.26],[-6.973914764821529,62.10606870241463,82.52],[-6.973740924149752,62.106024865061045,80.82],[-6.973544955253601,62.106005838140845,78.86],[-6.973360804840922,62.10594657808542,77.08],[-6.973191238939762,62.10590919479728,75.39],[-6.972985630854964,62.105874326080084,72.9],[-6.972844898700714,62.105908524245024,71.81],[-6.972676422446966,62.10594934411347,69.35],[-6.972480537369847,62.105956049636006,66.9],[-6.972277527675033,62.10597432218492,64.62],[-6.972079798579216,62.106001898646355,62.07],[-6.971944011747837,62.10605545900762,60.29],[-6.971802860498428,62.10611974820495,59.25],[-6.971613932400942,62.10614422336221,56.81],[-6.971442773938179,62.10614095441997,54.36],[-6.971242027357221,62.10615956224501,51.97],[-6.971072042360902,62.10616836324334,49.4],[-6.970895854756236,62.10610784590244,45.65],[-6.970676751807332,62.10611949674785,45.12],[-6.970492769032717,62.106135254725814,44.05],[-6.970279533416033,62.106156377121806,42.54],[-6.970073925331235,62.106146067380905,40.05],[-6.969808889552951,62.10615981370211,38.12],[-6.969595486298204,62.10616794414818,36.12],[-6.969402367249131,62.10613424889743,34.73],[-6.969281751662493,62.106059147045016,33.57],[-6.969130542129278,62.10606291890144,33.14],[-6.968933148309588,62.106009777635336,32.55],[-6.968797696754336,62.106165597215295,32.07],[-6.968618575483561,62.10621454752982,30.86],[-6.968438029289246,62.10621471516788,29.44],[-6.968234181404114,62.106208093464375,27.98],[-6.967983394861221,62.10621823556721,26.41],[-6.967780385166407,62.10624556057155,25.72],[-6.967581901699305,62.106293588876724,24.63],[-6.967403786256909,62.10633692331612,23.02],[-6.967215863987804,62.10636081174016,22.05],[-6.967103881761432,62.10637455806136,20.73],[-6.96698603220284,62.106387885287404,19.41],[-6.966813448816538,62.106433901935816,18.06],[-6.96659124456346,62.10645007900894,17.45],[-6.966399801895022,62.106452928856015,16.72],[-6.966257393360138,62.10637170821428,15.87],[-6.96608891710639,62.10630029439926,15.31],[-6.965922620147467,62.10621320642531,14.63],[-6.965764034539461,62.10614372044802,14.49],[-6.965648028999567,62.10606241598725,14.69],[-6.965527161955833,62.10599661804736,14.4],[-6.965404534712434,62.10592738352716,14.69],[-6.96532323025167,62.10584532469511,14.82],[-6.965163052082062,62.105802074074745,15.02],[-6.964961383491755,62.105742478743196,14.92],[-6.965032378211618,62.10561515763402,16.15],[-6.965165734291077,62.10553586483002,17.11],[-6.965318452566862,62.105484986677766,17.78],[-6.965463375672698,62.10550996474922,18.74],[-6.965501513332129,62.10559135302901,18.33]]}},{"type":"Feature","properties":{"name":"WP1 02_L","type":"user","time":"2020-07-15T13:04:12Z","gpxx_WaypointExtension":"SymbolAndName","gpxx_DisplayMode":"SymbolAndName","wptx1_WaypointExtension":"SymbolAndName","wptx1_DisplayMode":"SymbolAndName","ctx_CreationTimeExtension":"2020-07-15T13:04:12Z","ctx_CreationTime":"2020-07-15T13:04:12Z","sym":"Flag, Blue"},"geometry":{"type":"Point","coordinates":[-6.984072960913181,62.10717402398586,206.608246]}},{"type":"Feature","properties":{"name":"WP2 05_L","type":"user","time":"2020-07-15T13:34:15Z","gpxx_WaypointExtension":"SymbolAndName","gpxx_DisplayMode":"SymbolAndName","wptx1_WaypointExtension":"SymbolAndName","wptx1_DisplayMode":"SymbolAndName","ctx_CreationTimeExtension":"2020-07-15T13:34:15Z","ctx_CreationTime":"2020-07-15T13:34:15Z","sym":"Flag, Blue"},"geometry":{"type":"Point","coordinates":[-7.007010038942099,62.10738700814545,204.993561]}},{"type":"Feature","properties":{"name":"WP3 08_L","type":"user","time":"2020-07-15T14:11:19Z","gpxx_WaypointExtension":"SymbolAndName","gpxx_DisplayMode":"SymbolAndName","wptx1_WaypointExtension":"SymbolAndName","wptx1_DisplayMode":"SymbolAndName","ctx_CreationTimeExtension":"2020-07-15T14:11:19Z","ctx_CreationTime":"2020-07-15T14:11:19Z","sym":"Flag, Blue"},"geometry":{"type":"Point","coordinates":[-7.033674968406558,62.11226200684905,130.326462]}}]}