{"type":"FeatureCollection","features":[{"type":"Feature","properties":{"_gpxType":"trk","name":"17 Wanderung Gásadalur Fjallavatn Vatnsoyrar CS","time":"2020-07-30T09:05:22Z","gpxx_TrackExtension":"Blue","gpxx_DisplayColor":"Blue","coordinateProperties":{"times":["2020-07-30T09:05:22Z","2020-07-30T09:06:04Z","2020-07-30T09:06:19Z","2020-07-30T09:06:31Z","2020-07-30T09:06:42Z","2020-07-30T09:06:54Z","2020-07-30T09:07:08Z","2020-07-30T09:07:26Z","2020-07-30T09:07:44Z","2020-07-30T09:07:52Z","2020-07-30T09:08:12Z","2020-07-30T09:08:29Z","2020-07-30T09:08:40Z","2020-07-30T09:08:56Z","2020-07-30T09:09:13Z","2020-07-30T09:09:31Z","2020-07-30T09:09:44Z","2020-07-30T09:10:03Z","2020-07-30T09:10:20Z","2020-07-30T09:10:37Z","2020-07-30T09:11:00Z","2020-07-30T09:11:16Z","2020-07-30T09:11:29Z","2020-07-30T09:12:03Z","2020-07-30T09:12:23Z","2020-07-30T09:12:47Z","2020-07-30T09:13:02Z","2020-07-30T09:13:11Z","2020-07-30T09:13:19Z","2020-07-30T09:13:27Z","2020-07-30T09:13:34Z","2020-07-30T09:13:42Z","2020-07-30T09:13:50Z","2020-07-30T09:13:57Z","2020-07-30T09:14:05Z","2020-07-30T09:14:14Z","2020-07-30T09:14:22Z","2020-07-30T09:14:31Z","2020-07-30T09:14:39Z","2020-07-30T09:14:46Z","2020-07-30T09:14:53Z","2020-07-30T09:15:00Z","2020-07-30T09:15:07Z","2020-07-30T09:15:15Z","2020-07-30T09:15:23Z","2020-07-30T09:15:31Z","2020-07-30T09:15:40Z","2020-07-30T09:16:00Z","2020-07-30T09:16:10Z","2020-07-30T09:16:19Z","2020-07-30T09:16:29Z","2020-07-30T09:16:36Z","2020-07-30T09:16:52Z","2020-07-30T09:17:09Z","2020-07-30T09:17:35Z","2020-07-30T09:17:44Z","2020-07-30T09:17:54Z","2020-07-30T09:18:01Z","2020-07-30T09:18:20Z","2020-07-30T09:18:29Z","2020-07-30T09:18:35Z","2020-07-30T09:18:44Z","2020-07-30T09:18:52Z","2020-07-30T09:19:00Z","2020-07-30T09:19:10Z","2020-07-30T09:19:20Z","2020-07-30T09:19:28Z","2020-07-30T09:19:37Z","2020-07-30T09:19:45Z","2020-07-30T09:20:01Z","2020-07-30T09:20:13Z","2020-07-30T09:20:22Z","2020-07-30T09:20:30Z","2020-07-30T09:20:38Z","2020-07-30T09:20:45Z","2020-07-30T09:20:54Z","2020-07-30T09:21:02Z","2020-07-30T09:21:09Z","2020-07-30T09:21:16Z","2020-07-30T09:21:23Z","2020-07-30T09:21:32Z","2020-07-30T09:21:39Z","2020-07-30T09:21:46Z","2020-07-30T09:21:53Z","2020-07-30T09:22:00Z","2020-07-30T09:22:08Z","2020-07-30T09:22:16Z","2020-07-30T09:22:23Z","2020-07-30T09:22:30Z","2020-07-30T09:22:51Z","2020-07-30T09:23:00Z","2020-07-30T09:23:08Z","2020-07-30T09:23:15Z","2020-07-30T09:23:21Z","2020-07-30T09:23:27Z","2020-07-30T09:23:33Z","2020-07-30T09:23:39Z","2020-07-30T09:23:46Z","2020-07-30T09:23:53Z","2020-07-30T09:23:59Z","2020-07-30T09:24:09Z","2020-07-30T09:24:16Z","2020-07-30T09:24:25Z","2020-07-30T09:24:34Z","2020-07-30T09:24:44Z","2020-07-30T09:24:53Z","2020-07-30T09:25:02Z","2020-07-30T09:25:10Z","2020-07-30T09:25:22Z","2020-07-30T09:25:42Z","2020-07-30T09:25:49Z","2020-07-30T09:25:59Z","2020-07-30T09:26:09Z","2020-07-30T09:26:16Z","2020-07-30T09:26:23Z","2020-07-30T09:26:31Z","2020-07-30T09:26:39Z","2020-07-30T09:26:47Z","2020-07-30T09:26:55Z","2020-07-30T09:27:04Z","2020-07-30T09:27:13Z","2020-07-30T09:27:21Z","2020-07-30T09:27:29Z","2020-07-30T09:27:35Z","2020-07-30T09:27:43Z","2020-07-30T09:27:52Z","2020-07-30T09:28:00Z","2020-07-30T09:28:14Z","2020-07-30T09:28:22Z","2020-07-30T09:28:29Z","2020-07-30T09:28:36Z","2020-07-30T09:28:44Z","2020-07-30T09:28:52Z","2020-07-30T09:29:00Z","2020-07-30T09:29:08Z","2020-07-30T09:29:15Z","2020-07-30T09:29:23Z","2020-07-30T09:29:34Z","2020-07-30T09:29:41Z","2020-07-30T09:29:49Z","2020-07-30T09:29:56Z","2020-07-30T09:30:03Z","2020-07-30T09:30:10Z","2020-07-30T09:30:19Z","2020-07-30T09:30:27Z","2020-07-30T09:30:35Z","2020-07-30T09:30:44Z","2020-07-30T09:30:51Z","2020-07-30T09:30:58Z","2020-07-30T09:31:06Z","2020-07-30T09:31:13Z","2020-07-30T09:31:21Z","2020-07-30T09:31:28Z","2020-07-30T09:31:35Z","2020-07-30T09:31:42Z","2020-07-30T09:31:49Z","2020-07-30T09:32:01Z","2020-07-30T09:32:09Z","2020-07-30T09:32:17Z","2020-07-30T09:32:25Z","2020-07-30T09:32:32Z","2020-07-30T09:32:40Z","2020-07-30T09:32:48Z","2020-07-30T09:32:55Z","2020-07-30T09:33:02Z","2020-07-30T09:33:08Z","2020-07-30T09:33:16Z","2020-07-30T09:33:24Z","2020-07-30T09:33:41Z","2020-07-30T09:33:51Z","2020-07-30T09:34:00Z","2020-07-30T09:34:08Z","2020-07-30T09:34:18Z","2020-07-30T09:34:32Z","2020-07-30T09:34:41Z","2020-07-30T09:34:56Z","2020-07-30T09:35:06Z","2020-07-30T09:35:17Z","2020-07-30T09:35:32Z","2020-07-30T09:35:42Z","2020-07-30T09:35:50Z","2020-07-30T09:35:57Z","2020-07-30T09:36:15Z","2020-07-30T09:36:25Z","2020-07-30T09:36:33Z","2020-07-30T09:36:47Z","2020-07-30T09:36:56Z","2020-07-30T09:37:05Z","2020-07-30T09:37:12Z","2020-07-30T09:37:20Z","2020-07-30T09:37:28Z","2020-07-30T09:37:37Z","2020-07-30T09:37:49Z","2020-07-30T09:38:00Z","2020-07-30T09:38:21Z","2020-07-30T09:38:33Z","2020-07-30T09:38:43Z","2020-07-30T09:38:55Z","2020-07-30T09:39:10Z","2020-07-30T09:39:23Z","2020-07-30T09:39:41Z","2020-07-30T09:42:28Z","2020-07-30T09:43:08Z","2020-07-30T09:43:17Z","2020-07-30T09:43:29Z","2020-07-30T09:43:54Z","2020-07-30T09:44:14Z","2020-07-30T09:44:27Z","2020-07-30T09:44:42Z","2020-07-30T09:44:57Z","2020-07-30T09:45:15Z","2020-07-30T09:45:29Z","2020-07-30T09:45:47Z","2020-07-30T09:46:01Z","2020-07-30T09:46:22Z","2020-07-30T09:46:41Z","2020-07-30T09:47:05Z","2020-07-30T09:47:22Z","2020-07-30T09:47:48Z","2020-07-30T09:48:28Z","2020-07-30T09:48:46Z","2020-07-30T09:49:02Z","2020-07-30T09:49:31Z","2020-07-30T09:49:50Z","2020-07-30T09:50:11Z","2020-07-30T09:50:32Z","2020-07-30T09:50:48Z","2020-07-30T09:51:04Z","2020-07-30T09:51:18Z","2020-07-30T09:51:28Z","2020-07-30T09:51:41Z","2020-07-30T09:51:54Z","2020-07-30T09:52:05Z","2020-07-30T09:52:16Z","2020-07-30T09:52:33Z","2020-07-30T09:52:47Z","2020-07-30T09:53:00Z","2020-07-30T09:53:20Z","2020-07-30T09:53:33Z","2020-07-30T09:53:59Z","2020-07-30T09:54:15Z","2020-07-30T09:54:25Z","2020-07-30T09:54:34Z","2020-07-30T09:54:42Z","2020-07-30T09:54:51Z","2020-07-30T09:54:59Z","2020-07-30T09:55:07Z","2020-07-30T09:55:26Z","2020-07-30T09:55:37Z","2020-07-30T09:56:06Z","2020-07-30T09:56:33Z","2020-07-30T09:56:52Z","2020-07-30T09:57:16Z","2020-07-30T09:57:36Z","2020-07-30T09:57:53Z","2020-07-30T09:58:18Z","2020-07-30T09:58:53Z","2020-07-30T09:59:09Z","2020-07-30T09:59:34Z","2020-07-30T09:59:49Z","2020-07-30T10:00:39Z","2020-07-30T10:01:09Z","2020-07-30T10:01:43Z","2020-07-30T10:03:57Z","2020-07-30T10:04:25Z","2020-07-30T10:05:04Z","2020-07-30T10:05:20Z","2020-07-30T10:05:44Z","2020-07-30T10:06:05Z","2020-07-30T10:06:33Z","2020-07-30T10:06:51Z","2020-07-30T10:07:07Z","2020-07-30T10:07:25Z","2020-07-30T10:07:46Z","2020-07-30T10:08:01Z","2020-07-30T10:08:19Z","2020-07-30T10:08:40Z","2020-07-30T10:09:01Z","2020-07-30T10:09:17Z","2020-07-30T10:09:53Z","2020-07-30T10:10:46Z","2020-07-30T10:11:06Z","2020-07-30T10:11:40Z","2020-07-30T10:12:01Z","2020-07-30T10:12:21Z","2020-07-30T10:12:48Z","2020-07-30T10:13:00Z","2020-07-30T10:13:18Z","2020-07-30T10:13:49Z","2020-07-30T10:14:21Z","2020-07-30T10:14:41Z","2020-07-30T10:15:07Z","2020-07-30T10:15:32Z","2020-07-30T10:15:48Z","2020-07-30T10:16:04Z","2020-07-30T10:16:21Z","2020-07-30T10:16:39Z","2020-07-30T10:16:54Z","2020-07-30T10:17:13Z","2020-07-30T10:18:05Z","2020-07-30T10:18:27Z","2020-07-30T10:18:44Z","2020-07-30T10:19:00Z","2020-07-30T10:19:13Z","2020-07-30T10:19:34Z","2020-07-30T10:19:58Z","2020-07-30T10:20:12Z","2020-07-30T10:20:23Z","2020-07-30T10:22:27Z","2020-07-30T10:22:57Z","2020-07-30T10:24:18Z","2020-07-30T10:24:30Z","2020-07-30T10:24:39Z","2020-07-30T10:24:50Z","2020-07-30T10:25:37Z","2020-07-30T10:25:51Z","2020-07-30T10:26:14Z","2020-07-30T10:27:04Z","2020-07-30T10:30:28Z","2020-07-30T10:31:47Z","2020-07-30T10:32:58Z","2020-07-30T10:37:05Z","2020-07-30T10:37:21Z","2020-07-30T10:37:33Z","2020-07-30T10:37:53Z","2020-07-30T10:38:19Z","2020-07-30T10:38:32Z","2020-07-30T10:38:55Z","2020-07-30T10:39:07Z","2020-07-30T10:39:24Z","2020-07-30T10:39:36Z","2020-07-30T10:39:53Z","2020-07-30T10:40:09Z","2020-07-30T10:40:27Z","2020-07-30T10:40:41Z","2020-07-30T10:41:02Z","2020-07-30T10:41:14Z","2020-07-30T10:41:24Z","2020-07-30T10:41:36Z","2020-07-30T10:41:48Z","2020-07-30T10:41:58Z","2020-07-30T10:42:08Z","2020-07-30T10:42:19Z","2020-07-30T10:42:37Z","2020-07-30T10:42:46Z","2020-07-30T10:43:00Z","2020-07-30T10:43:10Z","2020-07-30T10:44:10Z","2020-07-30T10:44:19Z","2020-07-30T10:44:28Z","2020-07-30T10:44:40Z","2020-07-30T10:44:52Z","2020-07-30T10:45:12Z","2020-07-30T10:45:23Z","2020-07-30T10:46:02Z","2020-07-30T10:46:55Z","2020-07-30T10:47:08Z","2020-07-30T10:47:20Z","2020-07-30T10:47:40Z","2020-07-30T10:47:51Z","2020-07-30T10:48:14Z","2020-07-30T10:48:24Z","2020-07-30T10:48:36Z","2020-07-30T10:48:51Z","2020-07-30T10:49:06Z","2020-07-30T10:49:23Z","2020-07-30T10:49:41Z","2020-07-30T10:50:04Z","2020-07-30T10:50:23Z","2020-07-30T10:50:42Z","2020-07-30T10:51:03Z","2020-07-30T10:51:21Z","2020-07-30T10:51:41Z","2020-07-30T10:52:04Z","2020-07-30T10:52:34Z","2020-07-30T10:54:38Z","2020-07-30T10:54:49Z","2020-07-30T10:55:45Z","2020-07-30T10:55:54Z","2020-07-30T10:56:08Z","2020-07-30T10:56:33Z","2020-07-30T10:56:41Z","2020-07-30T10:56:50Z","2020-07-30T10:57:00Z","2020-07-30T10:57:18Z","2020-07-30T10:57:29Z","2020-07-30T10:57:53Z","2020-07-30T10:58:06Z","2020-07-30T10:58:19Z","2020-07-30T10:58:30Z","2020-07-30T11:09:52Z","2020-07-30T11:10:07Z","2020-07-30T11:10:19Z","2020-07-30T11:11:13Z","2020-07-30T11:11:26Z","2020-07-30T11:12:16Z","2020-07-30T11:12:44Z","2020-07-30T11:13:14Z","2020-07-30T11:13:43Z","2020-07-30T11:14:48Z","2020-07-30T11:15:27Z","2020-07-30T11:15:54Z","2020-07-30T11:16:25Z","2020-07-30T11:17:04Z","2020-07-30T11:17:54Z","2020-07-30T11:18:26Z","2020-07-30T11:18:51Z","2020-07-30T11:19:13Z","2020-07-30T11:19:28Z","2020-07-30T11:19:40Z","2020-07-30T11:19:53Z","2020-07-30T11:20:03Z","2020-07-30T11:20:16Z","2020-07-30T11:20:30Z","2020-07-30T11:20:42Z","2020-07-30T11:20:52Z","2020-07-30T11:21:02Z","2020-07-30T11:21:15Z","2020-07-30T11:21:28Z","2020-07-30T11:22:03Z","2020-07-30T11:22:47Z","2020-07-30T11:23:27Z","2020-07-30T11:23:46Z","2020-07-30T11:24:21Z","2020-07-30T11:25:01Z","2020-07-30T11:25:28Z","2020-07-30T11:25:52Z","2020-07-30T11:26:09Z","2020-07-30T11:26:34Z","2020-07-30T11:26:50Z","2020-07-30T11:26:59Z","2020-07-30T11:27:07Z","2020-07-30T11:27:16Z","2020-07-30T11:27:24Z","2020-07-30T11:27:34Z","2020-07-30T11:27:55Z","2020-07-30T11:28:38Z","2020-07-30T11:29:09Z","2020-07-30T11:29:31Z","2020-07-30T11:30:14Z","2020-07-30T11:30:51Z","2020-07-30T11:31:14Z","2020-07-30T11:31:29Z","2020-07-30T11:31:45Z","2020-07-30T11:31:57Z","2020-07-30T11:32:14Z","2020-07-30T11:32:32Z","2020-07-30T11:32:43Z","2020-07-30T11:32:53Z","2020-07-30T11:33:08Z","2020-07-30T11:33:52Z","2020-07-30T11:35:22Z","2020-07-30T11:37:01Z","2020-07-30T11:37:40Z","2020-07-30T11:38:04Z","2020-07-30T11:45:33Z","2020-07-30T11:45:46Z","2020-07-30T11:46:11Z","2020-07-30T11:46:34Z","2020-07-30T11:46:44Z","2020-07-30T11:46:59Z","2020-07-30T11:47:27Z","2020-07-30T11:47:39Z","2020-07-30T11:47:49Z","2020-07-30T11:48:02Z","2020-07-30T11:48:12Z","2020-07-30T11:48:23Z","2020-07-30T11:48:31Z","2020-07-30T11:48:49Z","2020-07-30T11:49:05Z","2020-07-30T11:49:30Z","2020-07-30T11:49:39Z","2020-07-30T11:49:47Z","2020-07-30T11:49:56Z","2020-07-30T11:50:05Z","2020-07-30T11:50:21Z","2020-07-30T11:50:29Z","2020-07-30T11:50:42Z","2020-07-30T11:50:50Z","2020-07-30T11:50:58Z","2020-07-30T11:51:06Z","2020-07-30T11:51:15Z","2020-07-30T11:51:25Z","2020-07-30T11:51:34Z","2020-07-30T11:51:44Z","2020-07-30T11:51:54Z","2020-07-30T11:52:05Z","2020-07-30T11:52:14Z","2020-07-30T11:52:23Z","2020-07-30T11:52:33Z","2020-07-30T11:52:46Z","2020-07-30T11:53:04Z","2020-07-30T11:53:13Z","2020-07-30T11:53:31Z","2020-07-30T11:54:06Z","2020-07-30T11:54:33Z","2020-07-30T11:54:44Z","2020-07-30T11:55:03Z","2020-07-30T11:55:14Z","2020-07-30T11:55:25Z","2020-07-30T11:55:36Z","2020-07-30T11:55:58Z","2020-07-30T11:56:19Z","2020-07-30T11:58:42Z","2020-07-30T11:58:49Z","2020-07-30T11:58:56Z","2020-07-30T11:59:04Z","2020-07-30T11:59:12Z","2020-07-30T11:59:20Z","2020-07-30T11:59:28Z","2020-07-30T11:59:36Z","2020-07-30T11:59:44Z","2020-07-30T11:59:51Z","2020-07-30T11:59:58Z","2020-07-30T12:00:05Z","2020-07-30T12:00:13Z","2020-07-30T12:00:23Z","2020-07-30T12:00:30Z","2020-07-30T12:00:38Z","2020-07-30T12:00:46Z","2020-07-30T12:00:54Z","2020-07-30T12:01:03Z","2020-07-30T12:01:11Z","2020-07-30T12:01:19Z","2020-07-30T12:01:29Z","2020-07-30T12:01:39Z","2020-07-30T12:01:50Z","2020-07-30T12:02:00Z","2020-07-30T12:02:09Z","2020-07-30T12:02:17Z","2020-07-30T12:02:25Z","2020-07-30T12:02:32Z","2020-07-30T12:02:40Z","2020-07-30T12:02:47Z","2020-07-30T12:02:54Z","2020-07-30T12:03:01Z","2020-07-30T12:03:08Z","2020-07-30T12:03:16Z","2020-07-30T12:03:25Z","2020-07-30T12:03:32Z","2020-07-30T12:03:40Z","2020-07-30T12:03:50Z","2020-07-30T12:04:04Z","2020-07-30T12:04:14Z","2020-07-30T12:05:01Z","2020-07-30T12:05:09Z","2020-07-30T12:05:22Z","2020-07-30T12:05:44Z","2020-07-30T12:06:06Z","2020-07-30T12:06:16Z","2020-07-30T12:11:39Z","2020-07-30T12:11:52Z","2020-07-30T12:12:06Z","2020-07-30T12:12:22Z","2020-07-30T12:12:32Z","2020-07-30T12:12:42Z","2020-07-30T12:12:51Z","2020-07-30T12:13:08Z","2020-07-30T12:13:19Z","2020-07-30T12:13:30Z","2020-07-30T12:13:39Z","2020-07-30T12:13:49Z","2020-07-30T12:13:57Z","2020-07-30T12:14:05Z","2020-07-30T12:14:14Z","2020-07-30T12:14:22Z","2020-07-30T12:14:30Z","2020-07-30T12:14:39Z","2020-07-30T12:14:47Z","2020-07-30T12:14:56Z","2020-07-30T12:15:05Z","2020-07-30T12:15:14Z","2020-07-30T12:15:26Z","2020-07-30T12:15:37Z","2020-07-30T12:15:48Z","2020-07-30T12:15:58Z","2020-07-30T12:16:09Z","2020-07-30T12:16:22Z","2020-07-30T12:16:39Z","2020-07-30T12:17:43Z","2020-07-30T12:18:11Z","2020-07-30T12:18:29Z","2020-07-30T12:18:49Z","2020-07-30T12:19:17Z","2020-07-30T12:19:57Z","2020-07-30T12:20:25Z","2020-07-30T12:20:43Z","2020-07-30T12:20:57Z","2020-07-30T12:21:11Z","2020-07-30T12:21:24Z","2020-07-30T12:21:40Z","2020-07-30T12:21:51Z","2020-07-30T12:22:03Z","2020-07-30T12:22:15Z","2020-07-30T12:22:30Z","2020-07-30T12:22:44Z","2020-07-30T12:22:57Z","2020-07-30T12:23:10Z","2020-07-30T12:23:20Z","2020-07-30T12:23:29Z","2020-07-30T12:23:38Z","2020-07-30T12:23:47Z","2020-07-30T12:23:58Z","2020-07-30T12:24:07Z","2020-07-30T12:24:15Z","2020-07-30T12:24:23Z","2020-07-30T12:24:30Z","2020-07-30T12:24:38Z","2020-07-30T12:24:45Z","2020-07-30T12:24:53Z","2020-07-30T12:25:02Z","2020-07-30T12:25:11Z","2020-07-30T12:25:19Z","2020-07-30T12:25:27Z","2020-07-30T12:25:35Z","2020-07-30T12:25:44Z","2020-07-30T12:25:56Z","2020-07-30T12:26:08Z","2020-07-30T12:28:15Z","2020-07-30T12:28:48Z","2020-07-30T12:31:35Z","2020-07-30T12:31:58Z","2020-07-30T12:32:08Z","2020-07-30T12:32:20Z","2020-07-30T12:32:33Z","2020-07-30T12:32:44Z","2020-07-30T12:32:55Z","2020-07-30T12:33:42Z","2020-07-30T12:34:09Z","2020-07-30T12:35:01Z","2020-07-30T12:36:29Z","2020-07-30T12:37:01Z","2020-07-30T12:38:02Z","2020-07-30T12:40:43Z","2020-07-30T12:41:35Z","2020-07-30T12:42:17Z","2020-07-30T12:42:43Z","2020-07-30T12:43:45Z","2020-07-30T12:44:12Z","2020-07-30T12:44:40Z","2020-07-30T12:44:58Z","2020-07-30T12:45:17Z","2020-07-30T12:45:39Z","2020-07-30T12:45:58Z","2020-07-30T12:46:16Z","2020-07-30T12:46:31Z","2020-07-30T12:46:52Z","2020-07-30T12:47:09Z","2020-07-30T12:47:25Z","2020-07-30T12:47:39Z","2020-07-30T12:48:18Z","2020-07-30T12:48:30Z","2020-07-30T12:48:46Z","2020-07-30T12:49:00Z","2020-07-30T12:49:09Z","2020-07-30T12:49:21Z","2020-07-30T12:49:33Z","2020-07-30T12:49:42Z","2020-07-30T12:49:55Z","2020-07-30T12:50:04Z","2020-07-30T12:50:14Z","2020-07-30T12:50:28Z","2020-07-30T12:50:37Z","2020-07-30T12:50:45Z","2020-07-30T12:50:53Z","2020-07-30T12:52:17Z","2020-07-30T12:52:57Z","2020-07-30T12:53:12Z","2020-07-30T12:53:23Z","2020-07-30T12:53:37Z","2020-07-30T12:53:46Z","2020-07-30T12:53:56Z","2020-07-30T12:54:04Z","2020-07-30T12:54:13Z","2020-07-30T12:54:22Z","2020-07-30T12:54:31Z","2020-07-30T12:54:39Z","2020-07-30T12:55:04Z","2020-07-30T12:55:37Z","2020-07-30T12:55:45Z","2020-07-30T12:55:56Z","2020-07-30T12:56:05Z","2020-07-30T12:56:15Z","2020-07-30T12:56:30Z","2020-07-30T12:56:39Z","2020-07-30T12:56:47Z","2020-07-30T12:56:55Z","2020-07-30T12:57:06Z","2020-07-30T12:57:15Z","2020-07-30T12:57:26Z","2020-07-30T12:57:35Z","2020-07-30T12:57:44Z","2020-07-30T12:58:02Z","2020-07-30T12:59:14Z","2020-07-30T13:00:43Z","2020-07-30T13:01:22Z","2020-07-30T13:01:57Z","2020-07-30T13:02:19Z","2020-07-30T13:02:26Z","2020-07-30T13:02:33Z","2020-07-30T13:02:40Z","2020-07-30T13:02:47Z","2020-07-30T13:02:54Z","2020-07-30T13:03:02Z","2020-07-30T13:03:09Z","2020-07-30T13:03:17Z","2020-07-30T13:03:26Z","2020-07-30T13:03:34Z","2020-07-30T13:03:42Z","2020-07-30T13:03:56Z","2020-07-30T13:04:05Z","2020-07-30T13:04:13Z","2020-07-30T13:04:22Z","2020-07-30T13:04:30Z","2020-07-30T13:04:39Z","2020-07-30T13:04:52Z","2020-07-30T13:05:01Z","2020-07-30T13:05:09Z","2020-07-30T13:05:17Z","2020-07-30T13:05:27Z","2020-07-30T13:05:35Z","2020-07-30T13:05:44Z","2020-07-30T13:05:52Z","2020-07-30T13:05:59Z","2020-07-30T13:06:06Z","2020-07-30T13:06:14Z","2020-07-30T13:06:22Z","2020-07-30T13:06:31Z","2020-07-30T13:06:38Z","2020-07-30T13:06:46Z","2020-07-30T13:06:57Z","2020-07-30T13:07:12Z","2020-07-30T13:07:20Z","2020-07-30T13:07:28Z","2020-07-30T13:07:36Z","2020-07-30T13:07:46Z","2020-07-30T13:07:55Z","2020-07-30T13:08:03Z","2020-07-30T13:08:11Z","2020-07-30T13:08:19Z","2020-07-30T13:08:26Z","2020-07-30T13:08:34Z","2020-07-30T13:08:41Z","2020-07-30T13:08:50Z","2020-07-30T13:08:58Z","2020-07-30T13:09:06Z","2020-07-30T13:09:14Z","2020-07-30T13:09:24Z","2020-07-30T13:09:32Z","2020-07-30T13:09:39Z","2020-07-30T13:09:47Z","2020-07-30T13:09:55Z","2020-07-30T13:10:03Z","2020-07-30T13:10:11Z","2020-07-30T13:10:20Z","2020-07-30T13:10:28Z","2020-07-30T13:10:36Z","2020-07-30T13:10:44Z","2020-07-30T13:10:55Z","2020-07-30T13:11:04Z","2020-07-30T13:11:13Z","2020-07-30T13:11:21Z","2020-07-30T13:11:28Z","2020-07-30T13:11:36Z","2020-07-30T13:11:46Z","2020-07-30T13:11:55Z","2020-07-30T13:12:18Z","2020-07-30T13:12:27Z","2020-07-30T13:12:35Z","2020-07-30T13:13:25Z","2020-07-30T13:13:32Z","2020-07-30T13:13:40Z","2020-07-30T13:13:48Z","2020-07-30T13:13:57Z","2020-07-30T13:14:05Z","2020-07-30T13:14:48Z","2020-07-30T13:14:58Z","2020-07-30T13:15:06Z","2020-07-30T13:15:15Z","2020-07-30T13:15:23Z","2020-07-30T13:15:31Z","2020-07-30T13:15:39Z","2020-07-30T13:15:47Z","2020-07-30T13:16:02Z","2020-07-30T13:16:12Z","2020-07-30T13:16:21Z","2020-07-30T13:16:29Z","2020-07-30T13:16:38Z","2020-07-30T13:16:46Z","2020-07-30T13:16:54Z","2020-07-30T13:17:03Z","2020-07-30T13:17:11Z","2020-07-30T13:17:23Z","2020-07-30T13:17:32Z","2020-07-30T13:17:42Z","2020-07-30T13:17:50Z","2020-07-30T13:17:58Z","2020-07-30T13:18:06Z","2020-07-30T13:18:15Z","2020-07-30T13:18:24Z","2020-07-30T13:18:35Z","2020-07-30T13:18:44Z","2020-07-30T13:18:53Z","2020-07-30T13:19:02Z","2020-07-30T13:19:15Z","2020-07-30T13:19:23Z","2020-07-30T13:19:31Z","2020-07-30T13:19:39Z","2020-07-30T13:19:55Z","2020-07-30T13:20:02Z","2020-07-30T13:20:10Z","2020-07-30T13:20:17Z","2020-07-30T13:20:28Z","2020-07-30T13:20:36Z","2020-07-30T13:20:46Z","2020-07-30T13:20:54Z","2020-07-30T13:21:02Z","2020-07-30T13:21:10Z","2020-07-30T13:21:19Z","2020-07-30T13:21:28Z","2020-07-30T13:21:37Z","2020-07-30T13:21:45Z","2020-07-30T13:21:53Z","2020-07-30T13:22:09Z","2020-07-30T13:22:17Z","2020-07-30T13:22:26Z","2020-07-30T13:22:33Z","2020-07-30T13:22:42Z","2020-07-30T13:22:58Z","2020-07-30T13:23:05Z","2020-07-30T13:23:14Z","2020-07-30T13:23:32Z","2020-07-30T13:23:39Z","2020-07-30T13:23:49Z","2020-07-30T13:23:56Z","2020-07-30T13:24:03Z","2020-07-30T13:24:19Z","2020-07-30T13:24:27Z","2020-07-30T13:24:35Z","2020-07-30T13:24:44Z","2020-07-30T13:24:53Z","2020-07-30T13:25:01Z","2020-07-30T13:25:09Z","2020-07-30T13:25:17Z","2020-07-30T13:25:26Z","2020-07-30T13:25:34Z","2020-07-30T13:25:50Z","2020-07-30T13:25:59Z","2020-07-30T13:26:15Z","2020-07-30T13:26:32Z","2020-07-30T13:27:40Z","2020-07-30T13:28:11Z","2020-07-30T13:28:29Z","2020-07-30T13:30:06Z","2020-07-30T13:31:36Z","2020-07-30T13:31:44Z","2020-07-30T13:31:52Z","2020-07-30T13:31:59Z","2020-07-30T13:32:06Z","2020-07-30T13:32:13Z","2020-07-30T13:32:20Z","2020-07-30T13:32:26Z","2020-07-30T13:32:33Z","2020-07-30T13:32:40Z","2020-07-30T13:32:46Z","2020-07-30T13:32:52Z","2020-07-30T13:32:58Z","2020-07-30T13:33:05Z","2020-07-30T13:33:13Z","2020-07-30T13:33:20Z","2020-07-30T13:33:27Z","2020-07-30T13:33:35Z","2020-07-30T13:33:42Z","2020-07-30T13:33:49Z","2020-07-30T13:33:57Z","2020-07-30T13:34:28Z","2020-07-30T13:34:49Z","2020-07-30T13:35:05Z","2020-07-30T13:35:20Z","2020-07-30T13:36:22Z","2020-07-30T13:36:30Z","2020-07-30T13:36:37Z","2020-07-30T13:36:45Z","2020-07-30T13:36:53Z","2020-07-30T13:37:01Z","2020-07-30T13:37:08Z","2020-07-30T13:37:15Z","2020-07-30T13:37:22Z","2020-07-30T13:37:30Z","2020-07-30T13:37:39Z","2020-07-30T13:37:47Z","2020-07-30T13:37:54Z","2020-07-30T13:38:02Z","2020-07-30T13:38:09Z","2020-07-30T13:38:16Z","2020-07-30T13:38:23Z","2020-07-30T13:38:32Z","2020-07-30T13:38:40Z","2020-07-30T13:38:51Z","2020-07-30T13:38:59Z","2020-07-30T13:39:06Z","2020-07-30T13:39:13Z","2020-07-30T13:39:21Z","2020-07-30T13:39:28Z","2020-07-30T13:39:35Z","2020-07-30T13:39:43Z","2020-07-30T13:39:50Z","2020-07-30T13:39:57Z","2020-07-30T13:40:09Z","2020-07-30T13:40:18Z","2020-07-30T13:40:30Z","2020-07-30T13:40:39Z","2020-07-30T13:40:54Z","2020-07-30T13:41:04Z","2020-07-30T13:41:11Z","2020-07-30T13:41:18Z","2020-07-30T13:41:27Z","2020-07-30T13:41:34Z","2020-07-30T13:41:41Z","2020-07-30T13:41:48Z","2020-07-30T13:41:57Z","2020-07-30T13:42:09Z","2020-07-30T13:42:17Z","2020-07-30T13:42:25Z","2020-07-30T13:42:36Z","2020-07-30T13:42:43Z","2020-07-30T13:42:50Z","2020-07-30T13:42:57Z","2020-07-30T13:43:04Z","2020-07-30T13:43:11Z","2020-07-30T13:43:18Z","2020-07-30T13:43:26Z","2020-07-30T13:43:34Z","2020-07-30T13:43:42Z","2020-07-30T13:43:51Z","2020-07-30T13:43:59Z","2020-07-30T13:44:07Z","2020-07-30T13:44:14Z","2020-07-30T13:44:22Z","2020-07-30T13:44:30Z","2020-07-30T13:44:38Z","2020-07-30T13:44:46Z","2020-07-30T13:44:53Z","2020-07-30T13:44:59Z","2020-07-30T13:45:05Z","2020-07-30T13:45:12Z","2020-07-30T13:45:21Z","2020-07-30T13:45:28Z","2020-07-30T13:45:35Z","2020-07-30T13:45:42Z","2020-07-30T13:45:50Z","2020-07-30T13:45:57Z","2020-07-30T13:46:04Z","2020-07-30T13:46:11Z","2020-07-30T13:46:18Z","2020-07-30T13:46:26Z","2020-07-30T13:46:34Z","2020-07-30T13:46:45Z","2020-07-30T13:46:54Z","2020-07-30T13:47:02Z","2020-07-30T13:47:09Z","2020-07-30T13:47:15Z","2020-07-30T13:47:22Z","2020-07-30T13:47:29Z","2020-07-30T13:47:36Z","2020-07-30T13:47:43Z","2020-07-30T13:47:50Z","2020-07-30T13:47:57Z","2020-07-30T13:48:04Z","2020-07-30T13:48:12Z","2020-07-30T13:48:19Z","2020-07-30T13:48:25Z","2020-07-30T13:48:32Z","2020-07-30T13:48:39Z","2020-07-30T13:48:46Z","2020-07-30T13:48:54Z","2020-07-30T13:49:01Z","2020-07-30T13:49:10Z","2020-07-30T13:49:17Z","2020-07-30T13:49:24Z","2020-07-30T13:49:30Z","2020-07-30T13:49:38Z","2020-07-30T13:49:45Z","2020-07-30T13:49:52Z","2020-07-30T13:50:00Z","2020-07-30T13:50:08Z","2020-07-30T13:50:17Z","2020-07-30T13:50:25Z","2020-07-30T13:50:33Z","2020-07-30T13:50:40Z","2020-07-30T13:50:48Z","2020-07-30T13:50:56Z","2020-07-30T13:51:03Z","2020-07-30T13:51:09Z","2020-07-30T13:51:16Z","2020-07-30T13:51:23Z","2020-07-30T13:51:30Z","2020-07-30T13:51:37Z","2020-07-30T13:51:44Z","2020-07-30T13:51:51Z","2020-07-30T13:51:59Z","2020-07-30T13:52:07Z","2020-07-30T13:52:14Z","2020-07-30T13:52:21Z","2020-07-30T13:52:30Z","2020-07-30T13:52:38Z","2020-07-30T13:52:46Z","2020-07-30T13:52:53Z","2020-07-30T13:53:01Z","2020-07-30T13:53:08Z","2020-07-30T13:53:15Z","2020-07-30T13:53:22Z","2020-07-30T13:53:31Z","2020-07-30T13:53:38Z","2020-07-30T13:53:44Z","2020-07-30T13:53:50Z","2020-07-30T13:53:57Z","2020-07-30T13:54:03Z","2020-07-30T13:54:10Z","2020-07-30T13:54:18Z","2020-07-30T13:54:25Z","2020-07-30T13:54:31Z","2020-07-30T13:54:40Z","2020-07-30T13:54:49Z","2020-07-30T13:55:01Z","2020-07-30T13:55:11Z","2020-07-30T13:55:18Z","2020-07-30T13:55:27Z","2020-07-30T13:55:34Z","2020-07-30T13:55:41Z","2020-07-30T13:55:48Z","2020-07-30T13:55:55Z","2020-07-30T13:56:03Z","2020-07-30T13:56:11Z","2020-07-30T13:58:44Z","2020-07-30T13:59:49Z","2020-07-30T13:59:57Z","2020-07-30T14:00:07Z","2020-07-30T14:00:15Z","2020-07-30T14:00:29Z","2020-07-30T14:00:37Z","2020-07-30T14:00:43Z","2020-07-30T14:00:49Z","2020-07-30T14:00:56Z","2020-07-30T14:01:03Z","2020-07-30T14:01:10Z","2020-07-30T14:01:18Z","2020-07-30T14:01:27Z","2020-07-30T14:01:35Z","2020-07-30T14:01:43Z","2020-07-30T14:01:54Z","2020-07-30T14:02:02Z","2020-07-30T14:02:20Z","2020-07-30T14:02:38Z","2020-07-30T14:03:00Z","2020-07-30T14:03:16Z","2020-07-30T14:03:26Z","2020-07-30T14:03:54Z","2020-07-30T14:04:12Z","2020-07-30T14:04:31Z","2020-07-30T14:04:42Z","2020-07-30T14:04:54Z","2020-07-30T14:05:06Z","2020-07-30T14:05:18Z","2020-07-30T14:05:29Z","2020-07-30T14:05:38Z","2020-07-30T14:05:48Z","2020-07-30T14:06:02Z","2020-07-30T14:06:11Z","2020-07-30T14:06:21Z","2020-07-30T14:06:32Z","2020-07-30T14:06:42Z","2020-07-30T14:06:54Z","2020-07-30T14:07:38Z","2020-07-30T14:08:15Z","2020-07-30T14:08:24Z","2020-07-30T14:08:32Z","2020-07-30T14:08:40Z","2020-07-30T14:08:48Z","2020-07-30T14:08:55Z","2020-07-30T14:09:03Z","2020-07-30T14:09:11Z","2020-07-30T14:09:19Z","2020-07-30T14:09:28Z","2020-07-30T14:09:36Z","2020-07-30T14:09:46Z","2020-07-30T14:09:55Z","2020-07-30T14:10:04Z","2020-07-30T14:10:15Z","2020-07-30T14:10:23Z","2020-07-30T14:10:31Z","2020-07-30T14:10:38Z","2020-07-30T14:10:49Z","2020-07-30T14:10:57Z","2020-07-30T14:11:08Z","2020-07-30T14:11:14Z","2020-07-30T14:11:22Z","2020-07-30T14:11:32Z","2020-07-30T14:11:40Z","2020-07-30T14:11:48Z","2020-07-30T14:11:56Z","2020-07-30T14:12:04Z","2020-07-30T14:12:13Z","2020-07-30T14:12:22Z","2020-07-30T14:12:30Z","2020-07-30T14:12:38Z","2020-07-30T14:12:50Z","2020-07-30T14:13:00Z","2020-07-30T14:13:09Z","2020-07-30T14:13:17Z","2020-07-30T14:13:26Z","2020-07-30T14:13:36Z","2020-07-30T14:13:45Z","2020-07-30T14:13:54Z","2020-07-30T14:14:05Z","2020-07-30T14:14:12Z","2020-07-30T14:14:19Z","2020-07-30T14:14:27Z","2020-07-30T14:14:38Z","2020-07-30T14:14:49Z","2020-07-30T14:14:58Z","2020-07-30T14:15:12Z","2020-07-30T14:15:24Z","2020-07-30T14:15:31Z","2020-07-30T14:15:38Z","2020-07-30T14:15:45Z","2020-07-30T14:15:53Z","2020-07-30T14:16:00Z","2020-07-30T14:16:09Z","2020-07-30T14:16:17Z","2020-07-30T14:16:24Z","2020-07-30T14:16:34Z","2020-07-30T14:16:43Z","2020-07-30T14:16:50Z","2020-07-30T14:16:58Z","2020-07-30T14:17:06Z","2020-07-30T14:17:13Z","2020-07-30T14:17:21Z","2020-07-30T14:17:28Z","2020-07-30T14:17:35Z","2020-07-30T14:17:42Z","2020-07-30T14:17:50Z","2020-07-30T14:17:57Z","2020-07-30T14:18:04Z","2020-07-30T14:18:23Z","2020-07-30T14:18:30Z","2020-07-30T14:18:37Z","2020-07-30T14:18:43Z","2020-07-30T14:18:49Z","2020-07-30T14:18:56Z","2020-07-30T14:19:04Z","2020-07-30T14:19:12Z","2020-07-30T14:19:19Z","2020-07-30T14:19:33Z","2020-07-30T14:20:01Z","2020-07-30T14:20:57Z","2020-07-30T14:22:48Z","2020-07-30T14:22:55Z","2020-07-30T14:23:02Z","2020-07-30T14:23:08Z","2020-07-30T14:23:14Z","2020-07-30T14:23:21Z","2020-07-30T14:23:28Z","2020-07-30T14:23:36Z","2020-07-30T14:23:43Z","2020-07-30T14:23:50Z","2020-07-30T14:23:57Z","2020-07-30T14:24:04Z","2020-07-30T14:24:12Z","2020-07-30T14:24:47Z","2020-07-30T14:25:49Z","2020-07-30T14:26:51Z","2020-07-30T14:27:12Z","2020-07-30T14:27:19Z","2020-07-30T14:27:26Z","2020-07-30T14:27:32Z","2020-07-30T14:27:38Z","2020-07-30T14:27:45Z","2020-07-30T14:27:51Z","2020-07-30T14:27:58Z","2020-07-30T14:28:05Z","2020-07-30T14:28:13Z","2020-07-30T14:28:19Z","2020-07-30T14:28:26Z","2020-07-30T14:28:34Z","2020-07-30T14:28:43Z","2020-07-30T14:28:51Z","2020-07-30T14:28:58Z","2020-07-30T14:29:05Z","2020-07-30T14:29:12Z","2020-07-30T14:29:19Z","2020-07-30T14:29:27Z","2020-07-30T14:29:35Z","2020-07-30T14:29:43Z","2020-07-30T14:29:52Z","2020-07-30T14:29:59Z","2020-07-30T14:30:06Z","2020-07-30T14:30:13Z","2020-07-30T14:30:20Z","2020-07-30T14:30:27Z","2020-07-30T14:30:33Z","2020-07-30T14:30:39Z","2020-07-30T14:30:46Z","2020-07-30T14:30:53Z","2020-07-30T14:31:01Z","2020-07-30T14:31:11Z","2020-07-30T14:31:20Z","2020-07-30T14:31:30Z","2020-07-30T14:31:38Z","2020-07-30T14:31:49Z","2020-07-30T14:31:56Z","2020-07-30T14:32:04Z","2020-07-30T14:32:11Z","2020-07-30T14:32:18Z","2020-07-30T14:32:25Z","2020-07-30T14:32:32Z","2020-07-30T14:32:39Z","2020-07-30T14:32:45Z","2020-07-30T14:32:52Z","2020-07-30T14:33:00Z","2020-07-30T14:33:07Z","2020-07-30T14:33:14Z","2020-07-30T14:33:21Z","2020-07-30T14:33:28Z","2020-07-30T14:33:35Z","2020-07-30T14:33:41Z","2020-07-30T14:33:47Z","2020-07-30T14:33:56Z","2020-07-30T14:34:04Z","2020-07-30T14:34:11Z","2020-07-30T14:34:19Z","2020-07-30T14:34:27Z","2020-07-30T14:34:34Z","2020-07-30T14:34:41Z","2020-07-30T14:34:50Z","2020-07-30T14:34:59Z","2020-07-30T14:35:07Z","2020-07-30T14:35:15Z","2020-07-30T14:35:22Z","2020-07-30T14:35:30Z","2020-07-30T14:35:38Z","2020-07-30T14:35:45Z","2020-07-30T14:35:52Z","2020-07-30T14:35:58Z","2020-07-30T14:36:05Z","2020-07-30T14:36:16Z","2020-07-30T14:36:23Z","2020-07-30T14:36:30Z","2020-07-30T14:36:37Z","2020-07-30T14:36:44Z","2020-07-30T14:36:51Z","2020-07-30T14:36:59Z","2020-07-30T14:37:06Z","2020-07-30T14:37:13Z","2020-07-30T14:37:20Z","2020-07-30T14:37:28Z","2020-07-30T14:37:39Z","2020-07-30T14:37:51Z","2020-07-30T14:38:00Z","2020-07-30T14:38:07Z","2020-07-30T14:38:14Z","2020-07-30T14:38:21Z","2020-07-30T14:38:29Z","2020-07-30T14:38:36Z","2020-07-30T14:38:45Z","2020-07-30T14:38:53Z","2020-07-30T14:39:03Z","2020-07-30T14:39:13Z","2020-07-30T14:39:24Z","2020-07-30T14:39:33Z","2020-07-30T14:39:40Z","2020-07-30T14:39:48Z","2020-07-30T14:39:59Z","2020-07-30T14:40:38Z","2020-07-30T14:41:28Z","2020-07-30T14:41:59Z","2020-07-30T14:42:06Z","2020-07-30T14:42:12Z","2020-07-30T14:42:19Z","2020-07-30T14:42:25Z","2020-07-30T14:42:30Z","2020-07-30T14:42:36Z","2020-07-30T14:42:42Z","2020-07-30T14:42:48Z","2020-07-30T14:42:54Z","2020-07-30T14:43:00Z","2020-07-30T14:43:06Z","2020-07-30T14:43:12Z","2020-07-30T14:43:18Z","2020-07-30T14:43:24Z","2020-07-30T14:43:30Z","2020-07-30T14:43:36Z","2020-07-30T14:43:42Z","2020-07-30T14:43:48Z","2020-07-30T14:43:55Z","2020-07-30T14:44:02Z","2020-07-30T14:44:08Z","2020-07-30T14:44:15Z","2020-07-30T14:44:21Z","2020-07-30T14:44:27Z","2020-07-30T14:44:33Z","2020-07-30T14:44:39Z","2020-07-30T14:44:45Z","2020-07-30T14:44:51Z","2020-07-30T14:44:57Z","2020-07-30T14:45:03Z","2020-07-30T14:45:09Z","2020-07-30T14:45:16Z","2020-07-30T14:45:22Z","2020-07-30T14:45:29Z","2020-07-30T14:45:36Z","2020-07-30T14:45:43Z","2020-07-30T14:45:49Z","2020-07-30T14:45:55Z","2020-07-30T14:46:01Z","2020-07-30T14:46:07Z","2020-07-30T14:46:15Z","2020-07-30T14:46:21Z","2020-07-30T14:46:27Z","2020-07-30T14:46:33Z","2020-07-30T14:46:39Z","2020-07-30T14:46:46Z","2020-07-30T14:46:52Z","2020-07-30T14:46:59Z","2020-07-30T14:47:08Z","2020-07-30T14:47:15Z","2020-07-30T14:47:21Z","2020-07-30T14:47:27Z","2020-07-30T14:47:34Z","2020-07-30T14:47:40Z","2020-07-30T14:47:47Z","2020-07-30T14:47:53Z","2020-07-30T14:48:00Z","2020-07-30T14:48:06Z","2020-07-30T14:48:12Z","2020-07-30T14:48:19Z","2020-07-30T14:48:26Z","2020-07-30T14:48:32Z","2020-07-30T14:48:38Z","2020-07-30T14:48:44Z","2020-07-30T14:48:51Z","2020-07-30T14:48:58Z","2020-07-30T14:49:05Z","2020-07-30T14:49:11Z","2020-07-30T14:49:18Z","2020-07-30T14:49:24Z","2020-07-30T14:49:30Z","2020-07-30T14:49:36Z","2020-07-30T14:49:42Z","2020-07-30T14:49:48Z","2020-07-30T14:49:54Z","2020-07-30T14:50:00Z","2020-07-30T14:50:06Z","2020-07-30T14:50:13Z","2020-07-30T14:50:19Z","2020-07-30T14:50:25Z","2020-07-30T14:50:31Z","2020-07-30T14:50:37Z","2020-07-30T14:50:43Z","2020-07-30T14:50:50Z","2020-07-30T14:50:56Z","2020-07-30T14:51:03Z","2020-07-30T14:51:10Z","2020-07-30T14:51:17Z","2020-07-30T14:51:23Z","2020-07-30T14:51:29Z","2020-07-30T14:51:36Z","2020-07-30T14:51:44Z","2020-07-30T14:51:51Z","2020-07-30T14:51:58Z","2020-07-30T14:52:05Z","2020-07-30T14:52:15Z","2020-07-30T14:52:23Z","2020-07-30T14:52:30Z","2020-07-30T14:52:36Z","2020-07-30T14:52:42Z","2020-07-30T14:52:48Z","2020-07-30T14:52:54Z","2020-07-30T14:53:01Z","2020-07-30T14:53:08Z","2020-07-30T14:53:14Z","2020-07-30T14:53:19Z","2020-07-30T14:53:25Z","2020-07-30T14:53:31Z","2020-07-30T14:53:38Z","2020-07-30T14:55:02Z","2020-07-30T14:55:08Z","2020-07-30T14:55:15Z","2020-07-30T14:55:22Z","2020-07-30T14:55:28Z","2020-07-30T14:55:35Z","2020-07-30T14:55:42Z","2020-07-30T14:55:48Z","2020-07-30T14:55:54Z","2020-07-30T14:56:00Z","2020-07-30T14:56:06Z","2020-07-30T14:56:12Z","2020-07-30T14:56:18Z","2020-07-30T14:56:24Z","2020-07-30T14:56:31Z","2020-07-30T14:56:37Z","2020-07-30T14:56:43Z","2020-07-30T14:56:49Z","2020-07-30T14:56:55Z","2020-07-30T14:57:02Z","2020-07-30T14:57:08Z","2020-07-30T14:57:14Z","2020-07-30T14:57:20Z","2020-07-30T14:57:26Z","2020-07-30T14:57:33Z","2020-07-30T14:57:40Z","2020-07-30T14:57:46Z","2020-07-30T14:57:53Z","2020-07-30T14:58:00Z","2020-07-30T14:58:07Z","2020-07-30T14:58:14Z","2020-07-30T14:58:21Z","2020-07-30T14:58:27Z","2020-07-30T14:58:33Z","2020-07-30T14:58:40Z","2020-07-30T14:58:46Z","2020-07-30T14:58:53Z","2020-07-30T15:02:01Z","2020-07-30T15:02:12Z","2020-07-30T15:02:19Z","2020-07-30T15:02:26Z","2020-07-30T15:02:32Z","2020-07-30T15:02:38Z","2020-07-30T15:02:44Z","2020-07-30T15:02:51Z","2020-07-30T15:02:57Z","2020-07-30T15:03:04Z","2020-07-30T15:03:11Z","2020-07-30T15:03:18Z","2020-07-30T15:03:25Z","2020-07-30T15:03:31Z","2020-07-30T15:03:37Z","2020-07-30T15:03:44Z","2020-07-30T15:03:51Z","2020-07-30T15:03:58Z","2020-07-30T15:04:06Z","2020-07-30T15:04:13Z","2020-07-30T15:04:20Z","2020-07-30T15:04:27Z","2020-07-30T15:04:34Z","2020-07-30T15:04:40Z","2020-07-30T15:04:46Z","2020-07-30T15:04:53Z","2020-07-30T15:05:00Z","2020-07-30T15:05:06Z","2020-07-30T15:05:13Z","2020-07-30T15:05:20Z","2020-07-30T15:05:27Z","2020-07-30T15:05:33Z","2020-07-30T15:05:39Z","2020-07-30T15:05:46Z","2020-07-30T15:05:53Z","2020-07-30T15:06:00Z","2020-07-30T15:06:07Z","2020-07-30T15:06:14Z","2020-07-30T15:06:20Z","2020-07-30T15:06:26Z","2020-07-30T15:06:33Z","2020-07-30T15:06:40Z","2020-07-30T15:06:47Z","2020-07-30T15:06:53Z","2020-07-30T15:06:59Z","2020-07-30T15:07:06Z","2020-07-30T15:07:13Z","2020-07-30T15:07:21Z","2020-07-30T15:07:27Z","2020-07-30T15:07:35Z","2020-07-30T15:07:44Z","2020-07-30T15:07:53Z","2020-07-30T15:08:08Z","2020-07-30T15:08:15Z","2020-07-30T15:08:21Z","2020-07-30T15:08:27Z","2020-07-30T15:08:34Z","2020-07-30T15:08:42Z","2020-07-30T15:08:49Z","2020-07-30T15:08:56Z","2020-07-30T15:09:02Z","2020-07-30T15:09:08Z","2020-07-30T15:09:14Z","2020-07-30T15:09:21Z","2020-07-30T15:09:27Z","2020-07-30T15:09:33Z","2020-07-30T15:09:39Z","2020-07-30T15:09:45Z","2020-07-30T15:09:52Z","2020-07-30T15:09:59Z","2020-07-30T15:10:05Z","2020-07-30T15:10:12Z","2020-07-30T15:10:18Z","2020-07-30T15:10:24Z","2020-07-30T15:10:30Z","2020-07-30T15:10:37Z","2020-07-30T15:10:45Z","2020-07-30T15:10:51Z","2020-07-30T15:10:58Z","2020-07-30T15:11:05Z","2020-07-30T15:11:12Z","2020-07-30T15:11:19Z","2020-07-30T15:11:26Z","2020-07-30T15:11:33Z","2020-07-30T15:11:40Z","2020-07-30T15:11:47Z","2020-07-30T15:11:53Z","2020-07-30T15:11:59Z","2020-07-30T15:12:06Z","2020-07-30T15:12:13Z","2020-07-30T15:12:20Z","2020-07-30T15:12:26Z","2020-07-30T15:12:32Z","2020-07-30T15:12:38Z","2020-07-30T15:12:44Z","2020-07-30T15:12:51Z","2020-07-30T15:12:57Z","2020-07-30T15:13:03Z","2020-07-30T15:13:08Z","2020-07-30T15:13:15Z","2020-07-30T15:13:27Z"]}},"geometry":{"type":"LineString","coordinates":[[-7.437008209526539,62.11037398315966,76.65],[-7.437238963320851,62.11034313775599,76.62],[-7.437359914183617,62.1102667786181,76.93],[-7.437444236129522,62.11018254049122,76.85],[-7.437593434005976,62.11012319661677,78.04],[-7.437795605510473,62.110088327899575,79.26],[-7.437993669882417,62.11009101010859,80.53],[-7.438209755346179,62.11011263541877,81.7],[-7.438278989866376,62.11016150191426,82.03],[-7.438239846378565,62.11023811250925,82.3],[-7.438299357891083,62.11031187325716,83.45],[-7.43838275782764,62.11040382273495,84.47],[-7.438468923792243,62.11049468256533,85.68],[-7.438522567972541,62.110593589022756,87.04],[-7.438694313168526,62.110660057514906,88.04],[-7.438870584592223,62.11071596480906,89.53],[-7.439044173806906,62.110761646181345,91.09],[-7.439204268157482,62.1108141168952,92.63],[-7.439394956454635,62.11085711605847,94.04],[-7.439569802954793,62.11091352626681,95.25],[-7.43970500305295,62.11095945909619,95.74],[-7.439876412972808,62.1109935734421,96.8],[-7.440045475959778,62.11103640496731,97.86],[-7.440227111801505,62.11107890121639,99.31],[-7.440392151474953,62.111132461577654,100.66],[-7.44046532548964,62.11118979379535,101.57],[-7.440487453714013,62.111282078549266,103.22],[-7.440445208922029,62.11137117817998,103.81],[-7.440385362133384,62.11146547459066,104.48],[-7.440287377685309,62.11155583150685,105.25],[-7.440182520076633,62.1116344537586,106.31],[-7.440067017450929,62.11172363720834,107.6],[-7.43993366137147,62.11181248538196,108.46],[-7.439819583669305,62.11189404129982,109.49],[-7.439724951982498,62.11198314093053,110.61],[-7.439616322517395,62.11207148618996,112.78],[-7.43953007273376,62.112165028229356,114.48],[-7.439421191811562,62.11225035600364,116.67],[-7.439297894015908,62.112328726798296,117.3],[-7.439170489087701,62.11241497658193,117.82],[-7.439030176028609,62.11249753832817,117.79],[-7.438898328691721,62.11258554831147,117.32],[-7.438740413635969,62.11264598183334,117.57],[-7.438556347042322,62.11270188912749,117.67],[-7.438425673171878,62.11279258131981,118.83],[-7.438277313485742,62.112862737849355,120.64],[-7.438075812533498,62.11291093379259,122.46],[-7.437898786738515,62.11296575143933,124.99],[-7.437859307974577,62.11306574754417,126.58],[-7.437823684886098,62.11316633038223,127.84],[-7.437763502821326,62.11327537894249,129.56],[-7.43769527412951,62.11336858570576,129.04],[-7.437632828950882,62.11346103809774,129.13],[-7.437535682693124,62.11355583742261,129.34],[-7.437442895025015,62.113636219874024,130.18],[-7.437378773465753,62.11372439749539,131.96],[-7.437354549765587,62.11382363922894,134.18],[-7.437312304973602,62.11392388679087,134.35],[-7.437231168150902,62.11401516571641,135.96],[-7.437135698273778,62.11410770192742,136.06],[-7.437049867585301,62.114192862063646,135.29],[-7.436988763511181,62.114282213151455,134.12],[-7.436930676922202,62.11437634192407,134.26],[-7.436915505677462,62.11447306908667,134.77],[-7.436809223145247,62.11454641073942,133.95],[-7.436733115464449,62.11463777348399,134.14],[-7.436624905094504,62.114721424877644,134.6],[-7.436536978930235,62.11480490863323,135.13],[-7.436429690569639,62.11488973349333,134.78],[-7.436354085803032,62.11498855613172,134.32],[-7.436280827969313,62.11509592831135,135.03],[-7.436241265386343,62.11519324220717,135.91],[-7.436128277331591,62.11527253501117,136.94],[-7.435972541570664,62.11535199545324,136.77],[-7.435838682577014,62.115415781736374,137.73],[-7.435681018978357,62.11547462269664,139.55],[-7.435549590736628,62.11555391550064,140.07],[-7.435437692329288,62.11563094519079,139.64],[-7.435364685952663,62.115725073963404,138.25],[-7.435246836394072,62.1158048696816,137.25],[-7.435104679316282,62.11589044891298,137.53],[-7.434985404834151,62.11597460322082,137.64],[-7.43486906401813,62.1160620264709,137.52],[-7.434745766222477,62.11614266037941,137.41],[-7.434613667428494,62.11623310111463,137.57],[-7.434461116790772,62.11630350910127,138.11],[-7.4342748709023,62.116369139403105,138.76],[-7.434108909219503,62.116434685885906,139.73],[-7.433955604210496,62.11650526151061,140],[-7.433860804885626,62.116546584293246,139.98],[-7.43372661061585,62.11664892733097,140.06],[-7.433578837662935,62.11674867197871,140.46],[-7.433472890406847,62.11684581823647,140.3],[-7.433388903737068,62.11693726480007,140.02],[-7.433304917067289,62.11701974272728,140.32],[-7.43322822265327,62.11710079573095,140.67],[-7.43314616382122,62.11718184873462,140.44],[-7.43305723182857,62.117271199822426,140.46],[-7.432957403361797,62.1173538453877,140.21],[-7.432848103344441,62.117425510659814,140.02],[-7.432690523564816,62.117475382983685,139.9],[-7.432661773636937,62.11756247095764,139.48],[-7.432618271559477,62.11765115149319,139.3],[-7.432523556053639,62.117734802886844,139.58],[-7.432390619069338,62.11781535297632,140.55],[-7.432253239676356,62.11790227331221,140.68],[-7.432082500308752,62.11793789640069,140.77],[-7.431913102045655,62.11799397133291,141.6],[-7.431806232780218,62.118073515594006,142.03],[-7.431684108451009,62.11814467795193,144.69],[-7.431596936658025,62.11822195909917,144.85],[-7.431453270837665,62.11829454638064,145.41],[-7.431303067132831,62.11837434209883,146.82],[-7.431181697174907,62.11845137178898,147.58],[-7.431050352752209,62.11851842701435,147.73],[-7.430911548435688,62.11858271621168,148.27],[-7.430829321965575,62.11867081001401,149.69],[-7.430738629773259,62.11876519024372,150.52],[-7.430643495172262,62.118841130286455,151.37],[-7.43055640719831,62.11892293766141,153.22],[-7.430485496297479,62.11902108974755,154.61],[-7.430426655337215,62.11911245249212,155.79],[-7.430373849347234,62.119214963167906,156.28],[-7.430323641747236,62.11930263787508,156.5],[-7.430279050022364,62.11939408443868,156.95],[-7.430200343951583,62.11948729120195,157.23],[-7.430047877132893,62.119561806321144,155.79],[-7.429949892684817,62.11964612826705,155.64],[-7.429785607382655,62.119684936478734,156.45],[-7.429676223546267,62.11977160535753,156.81],[-7.429559463635087,62.11986355483532,157.63],[-7.429434908553958,62.11994276382029,157.52],[-7.429318651556969,62.120022643357515,158.04],[-7.429170794785023,62.12010771967471,156.55],[-7.429077923297882,62.120209308341146,156.18],[-7.428970551118255,62.120302598923445,156.19],[-7.428822107613087,62.12039488367736,156.46],[-7.428655307739973,62.12046638131142,156.68],[-7.428498147055507,62.120537124574184,156.92],[-7.428305530920625,62.12058565579355,156.55],[-7.428114507347345,62.12063821032643,156.79],[-7.427965477108955,62.1207036729902,156.85],[-7.427800102159381,62.12075639516115,156.97],[-7.427608156576753,62.12075094692409,156.63],[-7.427393328398466,62.120750192552805,156.89],[-7.427256451919675,62.12081381119788,157.83],[-7.427131813019514,62.120886063203216,158.33],[-7.427012035623193,62.12096200324595,159.08],[-7.426893515512347,62.12102889083326,160.26],[-7.426707269623876,62.12108287028968,161.6],[-7.426541391760111,62.121137185022235,162.11],[-7.426346596330404,62.12117616087198,162.92],[-7.426138808950782,62.12123173289001,163.87],[-7.42597452364862,62.12130004540086,164.49],[-7.425832198932767,62.121375650167465,164.57],[-7.425688365474343,62.12144153192639,164.56],[-7.42549273185432,62.12146885693073,165.99],[-7.42528947070241,62.1215205732733,166.77],[-7.425102973356843,62.12157882750034,168],[-7.42490784265101,62.12160204537213,169.45],[-7.424750765785575,62.12166113778949,169.54],[-7.424594443291426,62.1217243373394,169.4],[-7.424415573477745,62.12175694294274,170.46],[-7.424260675907135,62.121824165806174,171.96],[-7.424096893519163,62.12189130485058,172.27],[-7.423965549096465,62.121959533542395,171.58],[-7.423793468624353,62.12200957350433,171.28],[-7.423777543008328,62.12209967896342,169.23],[-7.423722976818681,62.12217779830098,169.36],[-7.423498006537557,62.1221733558923,168.29],[-7.423297511413693,62.122180396690965,167.16],[-7.423090226948261,62.12221032008529,166.61],[-7.422953769564629,62.12227360345423,168.55],[-7.422809852287173,62.122331941500306,169.04],[-7.422667527571321,62.12227930314839,167.35],[-7.422549510374665,62.12230344302952,165.58],[-7.422369215637445,62.12232381105423,165.28],[-7.422179616987705,62.122337725013494,168.57],[-7.422038968652487,62.12241609580815,172.06],[-7.421954479068518,62.1225100569427,174.07],[-7.421864708885551,62.12259194813669,175.48],[-7.421802515164018,62.12267727591097,176.01],[-7.42171760648489,62.12276360951364,177.77],[-7.421628255397081,62.12285304442048,179.64],[-7.421496324241161,62.12293518707156,179.2],[-7.421306390315294,62.12295999750495,180.09],[-7.421142859384418,62.122998805716634,181.75],[-7.421000702306628,62.123063430190086,184.38],[-7.420891653746367,62.12314557284117,185.48],[-7.420770870521665,62.12322545237839,186.32],[-7.420601388439536,62.12329669855535,187.14],[-7.420429307967424,62.12334833107889,189.53],[-7.420264100655913,62.123396107926965,191.32],[-7.420082716271281,62.123440112918615,194.32],[-7.420061677694321,62.12351965717971,195.5],[-7.419899655506015,62.12357439100742,199.12],[-7.419712068513036,62.12362937629223,200.47],[-7.419609222561121,62.123717134818435,203.65],[-7.419550297781825,62.12381185032427,207.37],[-7.419344773516059,62.12382056750357,209.61],[-7.419147966429591,62.123837834224105,210.21],[-7.41901159286499,62.123816879466176,212.61],[-7.418903214856982,62.12387857027352,214.56],[-7.418783437460661,62.12395425885916,216.07],[-7.418608590960503,62.12401268072426,217.67],[-7.418425446376205,62.124065989628434,219.8],[-7.418253114446998,62.12411359883845,223.11],[-7.418045243248344,62.12413371540606,226.01],[-7.417813567444682,62.12413111701608,230.17],[-7.417597146704793,62.12411561049521,233.19],[-7.417399752885103,62.124076299369335,235.45],[-7.417220966890454,62.12403598241508,238.21],[-7.41702918894589,62.12402575649321,243.09],[-7.416815450415015,62.124013686552644,245.24],[-7.416602466255426,62.124000526964664,249.01],[-7.416399791836739,62.12401360273361,252.48],[-7.416183287277818,62.12403933517635,257.53],[-7.415972063317895,62.12404293939471,262.62],[-7.415772490203381,62.12408442981541,266.91],[-7.41563125513494,62.12409909814596,269.91],[-7.415408212691546,62.12411217391491,272.93],[-7.415196401998401,62.12409038096666,276.44],[-7.41498869843781,62.12407797574997,282.39],[-7.414794154465199,62.12411569431424,286.38],[-7.414591815322638,62.12412600405514,289.21],[-7.41437841206789,62.12415039539337,293.21],[-7.414170624688268,62.124182749539614,295.8],[-7.413953533396125,62.124167662113905,298.2],[-7.413742979988456,62.12415332905948,299.85],[-7.413536868989468,62.12412793189287,302.19],[-7.413316005840898,62.12411217391491,305.18],[-7.413097405806184,62.12410647422075,307.55],[-7.412892384454608,62.124078227207065,309.55],[-7.412714101374149,62.124028438702226,311.87],[-7.412511175498366,62.12400170043111,314.28],[-7.412309087812901,62.12395534850657,317.16],[-7.412118902429938,62.12389709427953,320.2],[-7.411924777552486,62.12385384365916,323.13],[-7.411726880818605,62.123825177550316,326.49],[-7.411503084003925,62.123811431229115,328.63],[-7.411318011581898,62.12384210899472,331.03],[-7.411097902804613,62.12385384365916,332.66],[-7.410884751006961,62.12383012287319,333.83],[-7.410676376894116,62.123816292732954,334.96],[-7.410458447411656,62.12380816228688,336.39],[-7.41027588956058,62.12376533076167,337.27],[-7.410092493519187,62.123726941645145,338.55],[-7.409886214882135,62.12369752116501,340.14],[-7.40969049744308,62.123663825914264,342.76],[-7.409478351473808,62.123643876984715,345.95],[-7.409339211881161,62.12356391362846,347.16],[-7.40921507589519,62.12347934022546,350.17],[-7.409005276858807,62.12345855310559,353.69],[-7.408787598833442,62.12343256920576,357.83],[-7.408590205013752,62.12343776598573,361.51],[-7.408385435119271,62.12340163998306,364.95],[-7.408242020756006,62.12335369549692,367.56],[-7.408092319965363,62.12329242378473,370.99],[-7.407927699387074,62.12326627224684,374.44],[-7.407773220911622,62.123292591422796,377.03],[-7.407545736059547,62.123303236439824,379.63],[-7.407343229278922,62.12330650538206,383.03],[-7.407103506848216,62.12330834940076,387],[-7.406940059736371,62.123290495947,389.79],[-7.406739564612508,62.12326920591295,394.45],[-7.406584918498993,62.12331346236169,396.09],[-7.406509313732386,62.123407842591405,397],[-7.406381238251925,62.12348344735801,401.41],[-7.406222485005856,62.12353692390025,405.28],[-7.40607756190002,62.12356978096068,408.88],[-7.405981672927737,62.12360783480108,411.58],[-7.405848568305373,62.12361093610525,414.77],[-7.405771873891354,62.12366986088455,417.78],[-7.405687803402543,62.123695593327284,420.95],[-7.40562510676682,62.123802714049816,424.77],[-7.405537264421582,62.123908242210746,428.35],[-7.405461659654975,62.123891646042466,430.25],[-7.405371218919754,62.123901369050145,433.03],[-7.405286310240626,62.12394805625081,435.9],[-7.405152535066009,62.123871026560664,437.69],[-7.405043989419937,62.12382920086384,441.87],[-7.404955811798573,62.123922323808074,445.82],[-7.404850870370865,62.12396616116166,448.35],[-7.404769901186228,62.12387731298804,451.08],[-7.404677197337151,62.12378729134798,454.54],[-7.404573848471046,62.123701460659504,456.14],[-7.404475025832653,62.123619485646486,458.51],[-7.404351308941841,62.12354094721377,460.57],[-7.404289450496435,62.12346718646586,462.79],[-7.404104461893439,62.12344530969858,467.14],[-7.403967082500458,62.123392168432474,470.49],[-7.403795002028346,62.123422930017114,475.61],[-7.403652844950557,62.123419074341655,479.59],[-7.403517309576273,62.12333936244249,482.11],[-7.403377247974277,62.12326442822814,485.49],[-7.403261326253414,62.123196786269546,488.05],[-7.403163593262434,62.12311439216137,491.09],[-7.40303342230618,62.12305488064885,493.62],[-7.402924876660109,62.12298103608191,495.49],[-7.402770398184657,62.12298095226288,498.78],[-7.402628408744931,62.122915741056204,502],[-7.402479378506541,62.12285304442048,504.87],[-7.402356248348951,62.1227674651891,506.92],[-7.402251055464149,62.122683646157384,508.62],[-7.402081321924925,62.12264718487859,510.59],[-7.401913432404399,62.12260854430497,511.99],[-7.40170824341476,62.12257803417742,513.92],[-7.401499282568693,62.122565880417824,516.1],[-7.401360226795077,62.12250754237175,516.16],[-7.401311444118619,62.122541069984436,516.65],[-7.401202479377389,62.12252598255873,516.41],[-7.401047833263874,62.12247435003519,516.67],[-7.400899473577738,62.1224202029407,516.62],[-7.400704929605126,62.1224048640579,516.35],[-7.400499153882265,62.1224117372185,515.72],[-7.400312824174762,62.122427662834525,513.59],[-7.400144683197141,62.12247787043452,511.16],[-7.400066060945392,62.122464794665575,510.2],[-7.399985594674945,62.12245146743953,507.92],[-7.400070419535041,62.1224635373801,509.97],[-7.400082405656576,62.122462783008814,510.08],[-7.400064803659916,62.12233319878578,511.76],[-7.400201177224517,62.12226019240916,513.89],[-7.400168152526021,62.12216891348362,515.88],[-7.400185167789459,62.12207109667361,518.71],[-7.400141581892967,62.12199482135475,520.4],[-7.399972099810839,62.121959533542395,521.53],[-7.399877216666937,62.121862303465605,523.41],[-7.399728773161769,62.12180304341018,525.4],[-7.399544958025217,62.121770521625876,525.72],[-7.399374386295676,62.12171042338014,527.72],[-7.39917372353375,62.12166415527463,529.03],[-7.39920062944293,62.12156726047397,532.52],[-7.399086216464639,62.1215033903718,535.67],[-7.398924864828587,62.12143834680319,537.94],[-7.398741384968162,62.121376153081656,539.72],[-7.398556647822261,62.121346313506365,540.94],[-7.398366378620267,62.12131639011204,541.85],[-7.398199494928122,62.12126727215946,543.61],[-7.398012327030301,62.12122636847198,544.9],[-7.397846532985568,62.12117498740554,545.99],[-7.397648384794593,62.121124025434256,546.64],[-7.397459708154202,62.121077505871654,548.07],[-7.397258710116148,62.12104003876448,547.69],[-7.39708486944437,62.12097918614745,547.48],[-7.396892756223679,62.12096753530204,545.96],[-7.396690584719181,62.12095915339887,544.24],[-7.396522695198655,62.120948927477,543.09],[-7.39634114317596,62.12090911343694,542.34],[-7.396144503727555,62.120860163122416,542.91],[-7.395970160141587,62.12079838849604,545.31],[-7.395780980587006,62.12076427415013,546.89],[-7.395612252876163,62.120712054893374,548.96],[-7.395448554307222,62.120645586401224,551.04],[-7.395265577360988,62.120589930564165,552.78],[-7.395095508545637,62.12052555754781,553.34],[-7.394903227686882,62.12048322893679,553.19],[-7.394697451964021,62.120436960831285,553.55],[-7.394537022337318,62.1203740965575,554.33],[-7.39432998932898,62.12036672048271,554.58],[-7.394115328788757,62.12033461779356,555.26],[-7.393910475075245,62.120306706056,555.67],[-7.393708638846874,62.120289858430624,557.48],[-7.393516525626183,62.12029547430575,557.66],[-7.393312258645892,62.12031550705433,560.38],[-7.393121654167771,62.12033562362194,561.81],[-7.392917890101671,62.12035213597119,563.98],[-7.392710018903017,62.12037141434848,565.61],[-7.392502399161458,62.120389519259334,568.29],[-7.392312129959464,62.12042103521526,570.36],[-7.392129823565483,62.12046101689339,571.17],[-7.391911810263991,62.1204861626029,574.93],[-7.391697317361832,62.12050510570407,579.57],[-7.391467485576868,62.12050225585699,583.55],[-7.391261542215943,62.12049772962928,585.92],[-7.391238575801253,62.120430674403906,587.07],[-7.391059789806604,62.12040888145566,587.58],[-7.390910089015961,62.120353896170855,588.29],[-7.390729207545519,62.12030243128538,588.72],[-7.390577243641019,62.120236130431294,588.22],[-7.390424190089107,62.1201581787318,587.55],[-7.3903329949826,62.12006866000593,587.97],[-7.390245487913489,62.119982074946165,587.83],[-7.390242051333189,62.11988207884133,588.65],[-7.390195783227682,62.11979859508574,588.53],[-7.39015756174922,62.11971209384501,588.54],[-7.390118585899472,62.11962400004268,587.43],[-7.390045495703816,62.1195400133729,586.22],[-7.389997383579612,62.11944923736155,585.38],[-7.389949103817344,62.11935921572149,583.99],[-7.389223733916879,62.119031650945544,568.6],[-7.389039751142263,62.11906861513853,566.92],[-7.388902371749282,62.11913893930614,565.91],[-7.388674300163984,62.11914078332484,563.27],[-7.388490149751306,62.11913315579295,561.57],[-7.388283703476191,62.11905989795923,554.3],[-7.388134589418769,62.119021927937865,550.78],[-7.387952953577042,62.11896434426308,544.34],[-7.387942643836141,62.11887893266976,541.48],[-7.387812556698918,62.1188576426357,536.18],[-7.38771004602313,62.118774242699146,530.12],[-7.387675093486905,62.118718922138214,526.05],[-7.387509718537331,62.11867877282202,527.02],[-7.387333866208792,62.11863661184907,522.59],[-7.387315845116973,62.118584560230374,518.14],[-7.387186260893941,62.118516163900495,511.93],[-7.387087857350707,62.11844106204808,507.67],[-7.386953327804804,62.118389597162604,502.97],[-7.38679675385356,62.118347100913525,499.25],[-7.386702541261911,62.11826864629984,496.62],[-7.386614447459579,62.11818524636328,494.71],[-7.386442618444562,62.118140906095505,492.95],[-7.386259809136391,62.118120873346925,491.26],[-7.386121591553092,62.11806731298566,488.01],[-7.385941129177809,62.11802112869918,484.86],[-7.385771228000522,62.11796136572957,482.49],[-7.385616162791848,62.11790797300637,479.82],[-7.385447602719069,62.117848712950945,477.25],[-7.385280802845955,62.117812000215054,475.24],[-7.385156834498048,62.11777076125145,474],[-7.384986262768507,62.11777176707983,468.97],[-7.384891714900732,62.11776036769152,466.15],[-7.38471083343029,62.11772373877466,461.83],[-7.384704547002912,62.11765794083476,459.04],[-7.384527185931802,62.11764184758067,455.97],[-7.384367929771543,62.11766338907182,452.17],[-7.384311938658357,62.117614187300205,447.31],[-7.384138097986579,62.11759105324745,443.36],[-7.383983284235001,62.117531625553966,439.07],[-7.383906673640013,62.11744537577033,435.78],[-7.383795781061053,62.11736826226115,434.2],[-7.383606098592281,62.11735242046416,433.51],[-7.383415661752224,62.1173173841089,431.35],[-7.38318532705307,62.11731486953795,431.34],[-7.38298935815692,62.117285868152976,431.61],[-7.382829431444407,62.11725577712059,429.63],[-7.382673947140575,62.11721043102443,424.45],[-7.382497424259782,62.11722384206951,420.04],[-7.382378820329905,62.11715745739639,416.22],[-7.382223671302199,62.117107501253486,412.5],[-7.382006999105215,62.11708822287619,406.77],[-7.381810611113906,62.11709752678871,402.36],[-7.381596788764,62.117086462676525,399.23],[-7.38139009103179,62.11704044602811,395.39],[-7.381196217611432,62.1170377638191,393.51],[-7.381004523485899,62.11700415238738,390.73],[-7.38081157207489,62.116975067183375,386.19],[-7.380620548501611,62.116926703602076,383.21],[-7.38045777194202,62.116875909268856,382.17],[-7.380265826359391,62.116839196532965,378.93],[-7.380113862454891,62.11684330366552,376.49],[-7.380063571035862,62.116837268695235,377.02],[-7.380057871341705,62.116846572607756,377.1],[-7.379909176379442,62.11682922206819,373.39],[-7.379708010703325,62.116818744689226,369.62],[-7.37940626218915,62.11670743301511,369.51],[-7.379175173118711,62.116715060546994,368.7],[-7.378966296091676,62.11669175885618,366.57],[-7.378775691613555,62.11669812910259,361.99],[-7.378582991659641,62.11672159843147,360.71],[-7.378368163481355,62.11670458316803,358.15],[-7.37824528478086,62.11675009690225,356.22],[-7.378057530149818,62.11678178049624,353.81],[-7.37791302613914,62.116839280351996,351.96],[-7.377747986465693,62.116889990866184,349.79],[-7.37754656933248,62.11692192591727,348.12],[-7.377369459718466,62.116952519863844,346.49],[-7.377194948494434,62.11699040606618,345.45],[-7.376984311267734,62.11700758896768,343.96],[-7.376879872754216,62.11707782931626,340.18],[-7.376779792830348,62.11714790202677,339.45],[-7.376712653785944,62.11722929030657,339.55],[-7.376600503921509,62.11730497889221,339.31],[-7.376461867243052,62.117376644164324,338.01],[-7.376384334638715,62.11746155284345,338.46],[-7.376300850883126,62.117553167045116,339.27],[-7.376233628019691,62.11764712817967,339.54],[-7.37619255669415,62.11774595081806,338.17],[-7.376104881986976,62.11783270351589,338.08],[-7.376068169251084,62.117928341031075,337.33],[-7.3759809974581,62.11801065132022,336.16],[-7.375915786251426,62.118096901103854,335.52],[-7.375796847045422,62.118177032098174,334.53],[-7.37569022923708,62.118256743997335,332.94],[-7.375551760196686,62.11832388304174,330.91],[-7.375371716916561,62.118371073156595,329.13],[-7.375272223725915,62.11844173260033,328.01],[-7.375249844044447,62.118535274639726,326.16],[-7.375232996419072,62.118624122813344,324.81],[-7.375225704163313,62.11872051469982,322.71],[-7.375264596194029,62.118812799453735,319.63],[-7.375157810747623,62.11885655298829,318.22],[-7.374968463554978,62.118873400613666,318.02],[-7.374768722802401,62.11887214332819,318.21],[-7.374585410580039,62.118874406442046,316.71],[-7.374373516067863,62.118878681212664,313.94],[-7.374200262129307,62.11885697208345,312.18],[-7.373995492234826,62.11884280666709,309.72],[-7.373790973797441,62.11881925351918,308.81],[-7.373578744009137,62.11880567483604,307.78],[-7.373388055711985,62.11878270842135,307.41],[-7.373206336051226,62.11876921355724,305.87],[-7.373035848140717,62.118759574368596,303.78],[-7.372885225340724,62.11873250082135,303.13],[-7.372677773237228,62.11871758103371,301.98],[-7.372455568984151,62.11870517581701,301.28],[-7.372269658371806,62.118678856641054,301.13],[-7.372086765244603,62.118637869134545,301.31],[-7.371898423880339,62.11859151721001,300.82],[-7.371701365336776,62.118555726483464,300.96],[-7.371507827192545,62.11851993575692,301.67],[-7.371309930458665,62.118485821411014,302.18],[-7.371122008189559,62.11843921802938,302.49],[-7.370930146425962,62.11841474287212,302.84],[-7.370736189186573,62.11840409785509,303.56],[-7.370529323816299,62.11837274953723,305.09],[-7.370332768186927,62.11835280060768,305.99],[-7.3701286688447,62.1183346118778,306.11],[-7.369936974719167,62.11829521693289,306.72],[-7.369739497080445,62.11829605512321,308.01],[-7.369519891217351,62.11831022053957,308.76],[-7.369286203756928,62.118308711797,309.56],[-7.369074309244752,62.118321284651756,309.73],[-7.368870712816715,62.11834542453289,310.72],[-7.36864616163075,62.118367133662105,311.75],[-7.36843217164278,62.11838775314391,313.07],[-7.368228742852807,62.1184141561389,313.77],[-7.368005197495222,62.1184260584414,315.86],[-7.36780570819974,62.118464866653085,316.25],[-7.367624407634139,62.11851163767278,316.53],[-7.367432126775384,62.118569388985634,316.95],[-7.367250910028815,62.11862093769014,317.04],[-7.367111183702946,62.118701906874776,317.49],[-7.366944132372737,62.11876217275858,317.98],[-7.366756796836853,62.118801986798644,317.59],[-7.366553200408816,62.118810871616006,317.93],[-7.366357566788793,62.11879838258028,317.83],[-7.366157658398151,62.11877767927945,318.07],[-7.365949284285307,62.118766363710165,316.48],[-7.36574174836278,62.11876208893955,315.95],[-7.365538822486997,62.11876133456826,315.12],[-7.365330951288343,62.11876183748245,313.98],[-7.365113440901041,62.11874591186643,313.29],[-7.364917891100049,62.11876552551985,310.96],[-7.36473516561091,62.118776589632034,308.35],[-7.364541124552488,62.11880408227444,307.51],[-7.364351777359843,62.118819672614336,306.31],[-7.364159831777215,62.118806010112166,304.33],[-7.364007867872715,62.11884515359998,303.16],[-7.36383612267673,62.118879267945886,303.14],[-7.363765044137836,62.11882570758462,302.29],[-7.363618863746524,62.11875479668379,300.23],[-7.363448208197951,62.11872763931751,297.27],[-7.363253580406308,62.118728309869766,293.58],[-7.3630675021559,62.118775667622685,292.16],[-7.362862313166261,62.11878949776292,292.09],[-7.362682772800326,62.11883224546909,292.12],[-7.362459730356932,62.11884096264839,292.03],[-7.362254122272134,62.11883048526943,291.86],[-7.362041724845767,62.11885294876993,292.01],[-7.361836032941937,62.11887222714722,291.2],[-7.361656241118908,62.11892050690949,292.43],[-7.361473767086864,62.1189718041569,292.59],[-7.361291209235787,62.11902209557593,291.59],[-7.361115356907249,62.11907691322267,290.94],[-7.360993232578039,62.11915737949312,291.23],[-7.360835233703256,62.11922066286206,290.75],[-7.360708583146334,62.11928503587842,290.24],[-7.360609006136656,62.11936600506306,290.34],[-7.360523426905274,62.119451919570565,289.46],[-7.360461484640837,62.11954152211547,287.93],[-7.360414629802108,62.119629783555865,287.49],[-7.360287643969059,62.11969315074384,287.79],[-7.360086897388101,62.11972332559526,288.23],[-7.359893023967743,62.11974671110511,287.04],[-7.359749441966415,62.119809072464705,286.57],[-7.359564369544387,62.119858022779226,284.96],[-7.359394384548068,62.119903452694416,282.29],[-7.359215766191483,62.11993865668774,280.14],[-7.359027424827218,62.11995013989508,276.77],[-7.358857523649931,62.11996614933014,271.15],[-7.358659878373146,62.11998266167939,267.71],[-7.358500538393855,62.11997067555785,264.24],[-7.358312699943781,62.11998282931745,260.48],[-7.358136847615242,62.119933711364865,255.16],[-7.357922438532114,62.119946870952845,251.24],[-7.35777709633112,62.119997497648,249.63],[-7.357633598148823,62.12005063891411,246.98],[-7.357460092753172,62.12009917013347,244.22],[-7.357287844642997,62.1201251540333,243.21],[-7.357089780271053,62.12013655342162,239.64],[-7.356915604323149,62.12017728947103,238.1],[-7.356721647083759,62.12019187398255,235.55],[-7.356549147516489,62.120172595605254,232.79],[-7.356366254389286,62.12015004828572,228.89],[-7.356173554435372,62.12017242796719,226.36],[-7.355968449264765,62.12018843740225,224.48],[-7.355802906677127,62.12023696862161,223.42],[-7.355642393231392,62.12029203772545,222.83],[-7.355453381314874,62.12032682262361,221.8],[-7.355264956131578,62.120361691340804,220.92],[-7.355073010548949,62.120366636663675,219.59],[-7.354880478233099,62.12036336772144,217.11],[-7.35468652099371,62.12037317454815,215.2],[-7.354482505470514,62.12038398720324,214.88],[-7.354280920699239,62.12041181512177,213.79],[-7.354104313999414,62.1204396430403,213.21],[-7.353923851624131,62.12048624642193,212.86],[-7.353734923526645,62.12051751092076,212.53],[-7.35356267541647,62.120558163151145,212.01],[-7.353360252454877,62.1205931995064,209.78],[-7.353194877505302,62.12065807543695,209.74],[-7.353024389594793,62.12070652283728,210.12],[-7.352853985503316,62.1207591611892,210.03],[-7.35272666439414,62.12082847952843,210.23],[-7.352530276402831,62.12087416090071,210.44],[-7.352384179830551,62.120923697948456,209.26],[-7.35221503302455,62.120964266359806,209.51],[-7.352074300870299,62.12096585892141,208.64],[-7.352070864289999,62.120984299108386,208.07],[-7.352073462679982,62.12100399658084,207.78],[-7.352103972807527,62.121091252192855,208.9],[-7.352083437144756,62.12117607705295,208.93],[-7.35211243852973,62.121262829750776,210.1],[-7.352171447128058,62.121367352083325,209.79],[-7.352245794609189,62.12145544588566,208.29],[-7.352265659719706,62.12155963294208,207.07],[-7.352319220080972,62.12166608311236,206.74],[-7.352405469864607,62.121758284047246,205.83],[-7.352461125701666,62.121826680377126,201.91],[-7.352453330531716,62.121970849111676,193.56],[-7.352538155391812,62.12204779498279,189.9],[-7.35265483148396,62.12213488295674,184.51],[-7.352487612515688,62.1221630461514,180.32],[-7.352370684966445,62.12221870198846,173.76],[-7.352252751588821,62.12228584103286,168.32],[-7.352131884545088,62.12234082631767,164.84],[-7.352065332233906,62.12241383269429,160.08],[-7.352021327242255,62.12249346077442,154.17],[-7.352000288665295,62.12257971055806,147.7],[-7.351893335580826,62.122638300061226,143.47],[-7.3518324829638,62.122721783816814,137.29],[-7.35175184905529,62.12279185652733,132.6],[-7.351594436913729,62.1228211093694,128.86],[-7.351481197401881,62.12287902832031,124.3],[-7.351472731679678,62.12296930141747,120.31],[-7.351397126913071,62.12305152788758,115.98],[-7.351233344525099,62.12308027781546,112.43],[-7.351045841351152,62.12310173548758,108.75],[-7.350901253521442,62.12314733304083,106.92],[-7.350755073130131,62.12317641824484,104.86],[-7.350533371791244,62.123215310275555,101.35],[-7.350448463112116,62.123303823173046,98.96],[-7.350353663787246,62.123392168432474,98.73],[-7.35025274567306,62.12347053922713,98.69],[-7.350177643820643,62.12355712428689,98.33],[-7.350076222792268,62.12363918311894,97.01],[-7.349940435960889,62.123700957745314,96.1],[-7.349800374358892,62.1237672585994,95.45],[-7.349701216444373,62.12384445592761,94.65],[-7.349599711596966,62.12392207235098,93.47],[-7.349426541477442,62.12397848255932,90.68],[-7.349254125729203,62.12402340956032,90.06],[-7.349071819335222,62.12406758219004,89.22],[-7.348911054432392,62.124117370694876,88.22],[-7.348872246220708,62.12416757829487,87.58],[-7.348695052787662,62.12421569041908,87.33],[-7.348516518250108,62.124249218031764,87.2],[-7.34833630733192,62.12421962991357,86.95],[-7.348122065886855,62.12420118972659,87.25],[-7.34794051386416,62.12417805567384,88.19],[-7.347761727869511,62.12421954609454,89.44],[-7.347566429525614,62.12423111312091,89.42],[-7.347383536398411,62.124257013201714,89.62],[-7.347199972718954,62.12429104372859,89.75],[-7.347013978287578,62.12431660853326,89.71],[-7.346847513690591,62.12435910478234,89.72],[-7.346703596413136,62.12442238815129,89.27],[-7.346524223685265,62.124481396749616,88.67],[-7.346368907019496,62.1245339512825,88.54],[-7.346193641424179,62.12455934844911,88.85],[-7.346003204584122,62.12458239868283,86.96],[-7.345830705016851,62.12461022660136,84.82],[-7.345633059740067,62.12462950497866,86.71],[-7.345429295673966,62.124653393402696,88.39],[-7.345203906297684,62.124647023156285,88.19],[-7.345008188858628,62.12467711418867,87.18],[-7.344811968505383,62.12468130514026,87.03],[-7.344646342098713,62.124708546325564,88.34],[-7.344451043754816,62.12472589686513,88.08],[-7.344275861978531,62.12477199733257,89.04],[-7.344076624140143,62.12480979971588,89.34],[-7.343913679942489,62.124853637069464,93.47],[-7.34384486451745,62.124901078641415,95.57],[-7.343818545341492,62.12492370977998,95.45],[-7.343878811225295,62.124911807477474,95.76],[-7.343803877010942,62.12492488324642,95.72],[-7.343733049929142,62.124894708395004,95.93],[-7.343525346368551,62.12493200786412,95.42],[-7.343336334452033,62.12495589628816,95.48],[-7.343143718317151,62.1249779406935,94.86],[-7.342950599268079,62.12498724460602,94.81],[-7.342758486047387,62.12501037865877,95.05],[-7.342550363391638,62.12502739392221,95.12],[-7.342360764741898,62.125039380043745,95.24],[-7.342151720076799,62.12505002506077,95.87],[-7.341943178325892,62.12504449300468,96.11],[-7.341743772849441,62.12507056072354,95.89],[-7.341540260240436,62.12509193457663,95.74],[-7.341368934139609,62.12510107085109,94.17],[-7.341171456500888,62.12510350160301,95.76],[-7.340951012447476,62.12509403005242,95.8],[-7.340744733810425,62.12510609999299,95.17],[-7.340542059391737,62.125132167711854,94.7],[-7.340336786583066,62.12516561150551,93.96],[-7.340323626995087,62.125222105532885,93.67],[-7.340169986709952,62.125290501862764,92.67],[-7.339991200715303,62.12533459067345,92.26],[-7.339844852685928,62.12539728730917,91.1],[-7.339650560170412,62.12541815824807,90.83],[-7.339458949863911,62.12542863562703,90.98],[-7.339257281273603,62.12542419321835,91.94],[-7.339053601026535,62.12543291039765,91.36],[-7.33885545283556,62.12544707581401,90.84],[-7.338650180026889,62.12546325288713,90.21],[-7.33844012953341,62.125470796599984,89.92],[-7.338225971907377,62.12547976523638,89.5],[-7.338041150942445,62.125492338091135,89.25],[-7.337847528979182,62.125470293685794,89.13],[-7.337650218978524,62.12548051960766,88.67],[-7.337550222873688,62.125524105504155,87.51],[-7.33738468028605,62.12551446631551,87.65],[-7.337258532643318,62.12558085098863,87.01],[-7.337050912901759,62.12558479048312,86.66],[-7.336835833266377,62.125571463257074,86.69],[-7.336660148575902,62.125526536256075,86.69],[-7.336444817483425,62.12549652904272,87.02],[-7.336222361773253,62.125486973673105,87.58],[-7.336005102843046,62.125490829348564,87.89],[-7.335789604112506,62.12546166032553,88.1],[-7.335597323253751,62.12547222152352,87.76],[-7.335388446226716,62.12545579299331,87.68],[-7.335195997729898,62.12543215602636,87.33],[-7.335006901994348,62.12544606998563,86.62],[-7.334813447669148,62.12545068003237,86.42],[-7.334597110748291,62.125442465767264,86.83],[-7.334384126588702,62.12543894536793,86.84],[-7.334256805479527,62.12546912021935,87.06],[-7.334058238193393,62.12545897811651,87.01],[-7.333858665078878,62.1254457347095,87.15],[-7.333644172176719,62.12542519904673,87.27],[-7.33342875726521,62.12540332227945,87.51],[-7.333222813904285,62.125387815758586,87.54],[-7.333007231354713,62.125386809930205,87.15],[-7.33280966989696,62.12536904029548,86.79],[-7.332610096782446,62.125355964526534,87.18],[-7.332400130107999,62.12534875608981,86.55],[-7.332214722409844,62.12534615769982,86.16],[-7.332081366330385,62.12539938278496,85.86],[-7.331980196759105,62.125473227351904,86.03],[-7.331776432693005,62.1254544518888,85.84],[-7.331567723304033,62.12543768808246,85.85],[-7.331384578719735,62.125428384169936,85.91],[-7.331193555146456,62.12542913854122,85.58],[-7.331003034487367,62.125411285087466,85.53],[-7.330816704779863,62.12538898922503,86.18],[-7.330681923776865,62.12534096091986,86.23],[-7.330565247684717,62.12525378912687,85.78],[-7.330463659018278,62.12516661733389,85.8],[-7.330322340130806,62.125075589865446,85.05],[-7.330175405368209,62.1250072773546,85.35],[-7.329984633252025,62.12497232481837,85.58],[-7.32979922555387,62.124915244057775,85.19],[-7.329664193093777,62.12482522241771,85.95],[-7.32953242957592,62.12475908920169,85.86],[-7.329315505921841,62.12476587854326,86.09],[-7.329148873686791,62.12473218329251,85.77],[-7.328999424353242,62.12466035038233,85.5],[-7.32884050346911,62.1245944686234,86.08],[-7.328650988638401,62.124535627663136,86.67],[-7.32845401391387,62.12450419552624,86.3],[-7.32825418934226,62.124504866078496,86.38],[-7.328075403347611,62.12451190687716,86.22],[-7.327909609302878,62.12446756660938,86.59],[-7.327829897403717,62.12438399903476,86.82],[-7.327634179964662,62.12434829212725,86.77],[-7.327489005401731,62.12426573038101,87],[-7.327351458370686,62.12418492883444,87.2],[-7.3272436670959,62.124104127287865,87.12],[-7.32713034376502,62.124026007950306,87.46],[-7.327049877494574,62.12394068017602,88.17],[-7.326987516134977,62.12384738959372,88.19],[-7.327005872502923,62.12378888390958,88.49],[-7.326895063742995,62.123702550306916,89.22],[-7.326775705441833,62.123613115400076,90.49],[-7.32665685005486,62.12352837435901,90.85],[-7.326542269438505,62.12343801744282,90.53],[-7.326392149552703,62.12336945347488,90.72],[-7.326247477903962,62.12330047041178,89.95],[-7.326126527041197,62.12321656756103,90.81],[-7.32595469802618,62.1231456566602,90.29],[-7.325786808505654,62.12308597750962,91.47],[-7.325635766610503,62.12302026338875,92.39],[-7.325475504621863,62.122951447963715,92.8],[-7.325346004217863,62.1228710655123,93.61],[-7.325241733342409,62.12278741411865,94.17],[-7.325124135240912,62.12270895950496,93.85],[-7.325029922649264,62.12262681685388,94.25],[-7.324850969016552,62.12258557789028,93.62],[-7.324654078111053,62.12258440442383,93.04],[-7.324450565502048,62.12259639054537,92.62],[-7.324268678203225,62.1226173453033,92.2],[-7.324088467285037,62.12260317988694,92.08],[-7.32388780452311,62.12261416018009,91.7],[-7.323756460100412,62.12267166003585,91.11],[-7.323551438748837,62.12270577438176,90.62],[-7.323372317478061,62.1227172575891,89.42],[-7.323185401037335,62.12273226119578,89.38],[-7.322998819872737,62.12274701334536,89.33],[-7.322799498215318,62.12276117876172,89.18],[-7.322599086910486,62.122761933133006,88.66],[-7.322406722232699,62.122754557058215,88.81],[-7.322213184088469,62.12276570498943,88.96],[-7.322012772783637,62.12278950959444,88.45],[-7.321804482489824,62.12281448766589,88.22],[-7.32161614112556,62.122844997793436,87.76],[-7.321493178606033,62.122915824875236,87.85],[-7.321371892467141,62.122995955869555,87.73],[-7.321265358477831,62.12306946516037,88.41],[-7.321211714297533,62.12315655313432,88.21],[-7.321187993511558,62.12325671687722,87.87],[-7.321206433698535,62.12330415844917,88.85],[-7.321118926629424,62.12339233607054,88.17],[-7.320937374606729,62.12343893945217,89.69],[-7.320752386003733,62.12343206629157,89.68],[-7.320560608059168,62.12341798469424,89.82],[-7.320374781265855,62.123384457081556,89.5],[-7.320180488750339,62.12334665469825,89.12],[-7.319972449913621,62.12331958115101,89.18],[-7.31977254152298,62.12331069633365,88.89],[-7.319554025307298,62.12330776266754,88.84],[-7.319336766377091,62.12330407463014,88.48],[-7.319155465811491,62.12330399081111,88.3],[-7.318979362025857,62.123260824009776,88.21],[-7.318772161379457,62.123264679685235,89.16],[-7.31858273036778,62.12327431887388,88.61],[-7.318416684865952,62.12332243099809,88.73],[-7.318387683480978,62.12341538630426,88.19],[-7.318244352936745,62.123491410166025,88.38],[-7.318059280514717,62.12347808293998,86.74],[-7.317892145365477,62.12346316315234,86.54],[-7.317703887820244,62.123458636924624,86.16],[-7.317529376596212,62.12342116981745,87.01],[-7.317482689395547,62.12338428944349,86.83],[-7.317448994144797,62.12337548844516,87.83],[-7.317256378009915,62.123290076851845,87.57],[-7.317122602835298,62.12323316372931,87.32],[-7.316990336403251,62.12318429723382,87.32],[-7.316805431619287,62.12314766831696,87.36],[-7.316607786342502,62.12311673909426,87.24],[-7.316400334239006,62.1230938564986,87.15],[-7.316214926540852,62.12308790534735,87.27],[-7.316001942381263,62.12308983318508,87.27],[-7.315810080617666,62.1230885758996,87.67],[-7.315615452826023,62.12309109047055,87.55],[-7.315435828641057,62.12309259921312,87.92],[-7.315245307981968,62.12309092283249,87.72],[-7.315052524209023,62.123082960024476,87.61],[-7.314845994114876,62.123058903962374,87.87],[-7.314620604738593,62.12303576990962,87.84],[-7.314405692741275,62.12303535081446,87.92],[-7.314186841249466,62.12301976047456,87.93],[-7.313966061919928,62.12300165556371,87.87],[-7.313785599544644,62.12294340133667,88.09],[-7.313578901812434,62.12291808798909,88.2],[-7.313440181314945,62.12291196919978,87.65],[-7.313284780830145,62.12285094894469,88.02],[-7.313106581568718,62.12285949848592,88.4],[-7.312929220497608,62.1228848118335,88.62],[-7.312848754227161,62.12289445102215,88.48],[-7.312686229124665,62.12282320484519,87.68],[-7.312543401494622,62.1227569039911,87.49],[-7.31240694411099,62.12269554845989,87.52],[-7.312252465635538,62.12262522429228,87.22],[-7.312083570286632,62.12255364283919,87.46],[-7.311911070719361,62.122491616755724,87.47],[-7.311766566708684,62.122420789673924,87.48],[-7.311642346903682,62.12233889847994,87.59],[-7.311524832621217,62.12225164286792,87.81],[-7.31140916235745,62.12215558625758,87.38],[-7.311334647238255,62.12206053547561,87.34],[-7.311362056061626,62.121966406702995,87.41],[-7.311423998326063,62.121883761137724,88.36],[-7.311379490420222,62.121791979297996,89.47],[-7.311262646690011,62.12171251885593,89.57],[-7.311130715534091,62.121642446145415,89.97],[-7.310948744416237,62.12159710004926,90.54],[-7.310764845460653,62.121551586315036,89.8],[-7.310586227104068,62.12148914113641,89.2],[-7.310415068641305,62.1214359998703,90.42],[-7.310245838016272,62.12138084694743,90.5],[-7.310091527178884,62.12132100015879,90.26],[-7.309969067573547,62.12124824523926,90.59],[-7.309902599081397,62.12116174399853,90.25],[-7.309777876362205,62.12108253501356,89.8],[-7.309629349038005,62.120997961610556,89.49],[-7.309483084827662,62.12091556750238,89.38],[-7.309350064024329,62.120837699621916,89.16],[-7.309179659932852,62.120796628296375,90.24],[-7.309010764583945,62.12075346149504,91.33],[-7.3088404443115,62.120692022144794,91.12],[-7.308652186766267,62.12062530219555,90.97],[-7.308529727160931,62.120542991906404,91.07],[-7.308403747156262,62.12045565247536,89.79],[-7.308238288387656,62.12038348428905,89.61],[-7.308088336139917,62.12032011710107,89.52],[-7.307976773008704,62.12022841908038,89.12],[-7.307911226525903,62.12013630196452,89.12],[-7.307825228199363,62.120049968361855,89.08],[-7.307734955102205,62.11996279656887,89.33],[-7.307605789974332,62.119885347783566,89.43],[-7.307421304285526,62.11982298642397,90.3],[-7.307262383401394,62.1197469625622,89.66],[-7.307119891047478,62.11966314353049,90.63],[-7.306945379823446,62.11959667503834,90.15],[-7.306771203875542,62.119545293971896,89.76],[-7.306596860289574,62.119495337828994,89.34],[-7.3063899949193,62.11945032700896,89.07],[-7.306224200874567,62.119402550160885,89.02],[-7.306041307747364,62.11935670115054,89.02],[-7.305880626663566,62.11930355988443,89.19],[-7.305725729092956,62.11923616938293,89.53],[-7.305525988340378,62.119198283180594,89.62],[-7.305305292829871,62.11916517466307,89.66],[-7.305096834897995,62.11913055740297,89.94],[-7.304886784404516,62.11907104589045,89.62],[-7.304685702547431,62.11903332732618,89.94],[-7.30448679998517,62.11897624656558,89.8],[-7.304319245740771,62.11890634149313,89.47],[-7.304132245481014,62.11885001510382,89.43],[-7.303931582719088,62.11879410780966,89.43],[-7.303751287981868,62.118739541620016,89.56],[-7.303588427603245,62.11867508478463,89.65],[-7.303422633558512,62.118607359007,89.95],[-7.303249211981893,62.118549859151244,89.87],[-7.303072940558195,62.118503507226706,89.86],[-7.302879318594933,62.11844206787646,89.59],[-7.302693659439683,62.11839001625776,89.78],[-7.302483608946204,62.11836688220501,89.52],[-7.30227816849947,62.11834299378097,89.56],[-7.302045905962586,62.11830770596862,89.53],[-7.301816996186972,62.1182791236788,89.69],[-7.301612226292491,62.11823067627847,89.33],[-7.3014304228127,62.11817183531821,88.95],[-7.301311064511538,62.1180912014097,88.99],[-7.301220623776317,62.11799413897097,88.97],[-7.301178127527237,62.117896070703864,88.91],[-7.301066480576992,62.11781124584377,89.55],[-7.300964472815394,62.11771175265312,89.26],[-7.300905799493194,62.1176075655967,88.84],[-7.300913594663143,62.117494912818074,88.95],[-7.3009451944381,62.11740422062576,88.85],[-7.300943015143275,62.11730355396867,89.21],[-7.300847629085183,62.117206659168005,89.13],[-7.300718380138278,62.11712284013629,89.28],[-7.300572786480188,62.11704128421843,89.73],[-7.300420822575688,62.116962829604745,89.74],[-7.300333483144641,62.11687557399273,89.63],[-7.300247484818101,62.116786893457174,89.66],[-7.300131982192397,62.1167010627687,90.04],[-7.300017066299915,62.11660995148122,89.95],[-7.299902234226465,62.11653308942914,90],[-7.299717077985406,62.116492353379726,89.59],[-7.299527479335666,62.1164711471647,89.74],[-7.299338048323989,62.11645161733031,89.8],[-7.299117017537355,62.11644851602614,89.67],[-7.29891886934638,62.11645094677806,89.73],[-7.298694904893637,62.11643451824784,89.79],[-7.29847613722086,62.116411635652184,89.88],[-7.298254016786814,62.116374000906944,89.89],[-7.298076320439577,62.11633435450494,89.9],[-7.297875490039587,62.116281213238835,90.02],[-7.297663763165474,62.11625807918608,89.98],[-7.297461340203881,62.116250954568386,89.86],[-7.297268053516746,62.11621114052832,89.89],[-7.297059679403901,62.11620879359543,89.95],[-7.296826327219605,62.11615405976772,89.96],[-7.296615354716778,62.11608499288559,90.01],[-7.296443106606603,62.11600142531097,90.22],[-7.296281084418297,62.1159153431654,89.93],[-7.296121492981911,62.11584183387458,89.78],[-7.295961482450366,62.115767151117325,90.11],[-7.295763334259391,62.1157182008028,90.31],[-7.295606089755893,62.1156560909003,90.27],[-7.295474074780941,62.115568835288286,90.52],[-7.295360583811998,62.11547906510532,90.75],[-7.295202165842056,62.11542617529631,90.76],[-7.295015752315521,62.11538393050432,90.4],[-7.294827494770289,62.115335650742054,90.36],[-7.294651558622718,62.1152969263494,90.44],[-7.294455086812377,62.11525057442486,90.53],[-7.29427881538868,62.115175472572446,90.69],[-7.294144788756967,62.11508855223656,90.68],[-7.294059041887522,62.114996099844575,90.83],[-7.293844716623426,62.11494958028197,90.95],[-7.293595271185041,62.11492074653506,90.71],[-7.293391842395067,62.114854948595166,90.68],[-7.293240549042821,62.11477314122021,90.77],[-7.293085902929306,62.11468555033207,90.92],[-7.292937291786075,62.114598378539085,91.1],[-7.292761774733663,62.114522187039256,91.04],[-7.2925647161901,62.114463932812214,90.83],[-7.292374949902296,62.11439277045429,90.66],[-7.292217202484608,62.114325715228915,90.59],[-7.29202869348228,62.11426637135446,90.83],[-7.291855020448566,62.114214319735765,90.67],[-7.291671959683299,62.11415983736515,90.66],[-7.291521923616529,62.11410376243293,90.69],[-7.291373228654265,62.11403436027467,90.33],[-7.291211877018213,62.113968562334776,90.53],[-7.291073156520724,62.113898573443294,90.2],[-7.290925802662969,62.11383881047368,90.16],[-7.2907670494169,62.11377812549472,90.83],[-7.29057845659554,62.11373437196016,92.55],[-7.290391623973846,62.1136858407408,92.8],[-7.2902178671211,62.113626413047314,91.27],[-7.290106639266014,62.11353722959757,90.04],[-7.289941934868693,62.11345030926168,90.2],[-7.289756443351507,62.11339314468205,90.07],[-7.289583021774888,62.11333262734115,90.19],[-7.289439104497433,62.11326012387872,90.32],[-7.289311531931162,62.11317513138056,90.32],[-7.289189407601953,62.11310841143131,90.46],[-7.289035012945533,62.113036746159196,90.52],[-7.289020428434014,62.1130174677819,91.34],[-7.288998803123832,62.112992741167545,91],[-7.288826135918498,62.11292266845703,91.24],[-7.288690516725183,62.112824684008956,91.35],[-7.288625305518508,62.112718066200614,91.72],[-7.288609547540546,62.11260893382132,92.11],[-7.28854768909514,62.112507009878755,92.15],[-7.288523968309164,62.11241899989545,91.87],[-7.288516759872437,62.11232210509479,92.01],[-7.288448363542557,62.112225629389286,91.63],[-7.288371920585632,62.11213217116892,91.74],[-7.288302183151245,62.112042820081115,92.09],[-7.288169749081135,62.111970568075776,92.18],[-7.288078218698502,62.111887000501156,92.24],[-7.287966571748257,62.11178557947278,92.37],[-7.287851823493838,62.111704191192985,92.12],[-7.287671780213714,62.11164694279432,92.15],[-7.287491904571652,62.111595226451755,92.31],[-7.287333989515901,62.111509731039405,92.2],[-7.28725578635931,62.1115274168551,92.02],[-7.287095356732607,62.11145323701203,91.98],[-7.286935178562999,62.1114182844758,93.03],[-7.286754716187716,62.11145524866879,92.92],[-7.286659413948655,62.11149523034692,93.21],[-7.286630999296904,62.111490704119205,93.17],[-7.28642069734633,62.11144988425076,92.8],[-7.28631567209959,62.11135106161237,93.21],[-7.286181394010782,62.111279647797346,93.11],[-7.286025071516633,62.11128291673958,93.14],[-7.285931529477239,62.111193649470806,93.6],[-7.285844273865223,62.111089043319225,93.74],[-7.285754084587097,62.11099348962307,93.79],[-7.285670852288604,62.1108952537179,94],[-7.285541268065572,62.11079810746014,94.12],[-7.28542635217309,62.11071940138936,94.26],[-7.285297019407153,62.11063340306282,94.31],[-7.285168441012502,62.1105482429266,94.49],[-7.285037431865931,62.11045939475298,94.56],[-7.284929808229208,62.11037917993963,94.95],[-7.284902315586805,62.110401056706905,95.23],[-7.284892676398158,62.1103547886014,95.12],[-7.284806929528713,62.11025571450591,95.47],[-7.28471833281219,62.11015907116234,95.61],[-7.284666867926717,62.110065780580044,95.85],[-7.284638285636902,62.10997123271227,96.26],[-7.284642895683646,62.10987324826419,96.49],[-7.284641219303012,62.10978708229959,96.44],[-7.284676004201174,62.1096932888031,96.82],[-7.284700982272625,62.109598154202104,97.51],[-7.284679273143411,62.10949631407857,97.99],[-7.284696036949754,62.109408639371395,98.45],[-7.284670891240239,62.10930378176272,98.99],[-7.284670053049922,62.10919649340212,99.37],[-7.284681536257267,62.10909356363118,99.71],[-7.284661754965782,62.10897739045322,99.98],[-7.284659910947084,62.108867168426514,101.06],[-7.284602746367455,62.10877379402518,103.21],[-7.284585982561112,62.10868041962385,103.41],[-7.284553460776806,62.108569610863924,105.17],[-7.2845399659127,62.108457293361425,106.14],[-7.284432929009199,62.10835796780884,106.73],[-7.284346846863627,62.108265683054924,106.96],[-7.284265542402864,62.108174320310354,107.8],[-7.28427124209702,62.1080837957561,108.81],[-7.284360844641924,62.107999976724386,109.6],[-7.28447986766696,62.107931077480316,110.45],[-7.284476095810533,62.107836781069636,111.8],[-7.284411136060953,62.10774499922991,110.97],[-7.284389846026897,62.10763921961188,111.43],[-7.284323293715715,62.10754727013409,112.1],[-7.284232769161463,62.1074534766376,112.48],[-7.284157248213887,62.10735607892275,113.29],[-7.284170743077993,62.10725046694279,114.64],[-7.284117182716727,62.10714074783027,114.56],[-7.284133611246944,62.10703496821225,115.73],[-7.284123972058296,62.106935642659664,116.37],[-7.284039063379169,62.10683246143162,117.37],[-7.283962955698371,62.10671595297754,117.76],[-7.283930433914065,62.106606820598245,117.81],[-7.283922052010894,62.106497352942824,117.61],[-7.283931104466319,62.106379084289074,118.27],[-7.283967062830925,62.10628562606871,119.05],[-7.284012660384178,62.10618873126805,119.33],[-7.284011403098702,62.10607658140361,119.36],[-7.283946191892028,62.105984296649694,118.9],[-7.283912664279342,62.10588681511581,119.37],[-7.283940240740776,62.10579067468643,120.01],[-7.284029759466648,62.10569612681866,118.56],[-7.284075692296028,62.10557911545038,119.41],[-7.284150710329413,62.1054763533175,119.59],[-7.28415691293776,62.10536881349981,120.29],[-7.2841324377805,62.10525850765407,120.39],[-7.284192452207208,62.105162870138884,121.47],[-7.284190524369478,62.105066142976284,121.35],[-7.284183232113719,62.10496187210083,122.31],[-7.284151213243604,62.104859948158264,123.66],[-7.284121876582503,62.10476296953857,124.18],[-7.284125899896026,62.10464998148382,125.35],[-7.284172503277659,62.10454562678933,126.07],[-7.284175772219896,62.104436410591006,126.43],[-7.284197900444269,62.10432174615562,127.2],[-7.284206533804536,62.1042141225189,127.72],[-7.284247688949108,62.10411161184311,129.13],[-7.284246766939759,62.10400742478669,130.34],[-7.284240899607539,62.10390734486282,130.03],[-7.284186165779829,62.10381221026182,130.4],[-7.284125732257962,62.103724870830774,130.02],[-7.284043841063976,62.10363635793328,129.53],[-7.284102765843272,62.10355220362544,129.53],[-7.284139143303037,62.10346855223179,129.08],[-7.284169821068645,62.10336402989924,128.69],[-7.284239223226905,62.103254897519946,128.98],[-7.284275600686669,62.10315087810159,129.15],[-7.284257495775819,62.10304384119809,129.13],[-7.284240731969476,62.10294627584517,129.02],[-7.284213742241263,62.1028549131006,129.52],[-7.284154146909714,62.10276338271797,129.93],[-7.284184657037258,62.102664643898606,130.12],[-7.284172922372818,62.102562468498945,130.74],[-7.28421307168901,62.10247278213501,130.46],[-7.284174598753452,62.10243464447558,129.71],[-7.284255903214216,62.102417377755046,129.5],[-7.284266632050276,62.10231838747859,129.54],[-7.284221621230245,62.10222392342985,129.49],[-7.284212904050946,62.102127112448215,129.58],[-7.284231847152114,62.10202845744789,130.57],[-7.284231344237924,62.10193399339914,129.31],[-7.284221285954118,62.10183030925691,129.72],[-7.284184070304036,62.10173299536109,128.7],[-7.284129168838263,62.10163123905659,129.02],[-7.284103352576494,62.10152680054307,129.3],[-7.284053564071655,62.101420098915696,128.13],[-7.28402984328568,62.1013146545738,127.67],[-7.284017102792859,62.10120812058449,127.91],[-7.283941162750125,62.10110468789935,128.23],[-7.283895900472999,62.10105171427131,128.33],[-7.283930266276002,62.101040398702025,128.27],[-7.283959519118071,62.101032603532076,127.75],[-7.28381727822125,62.10094501264393,128.06],[-7.283695405349135,62.100862534716725,128.45],[-7.283574873581529,62.10077494382858,129.26],[-7.28344445116818,62.100697327405214,128.79],[-7.283295337110758,62.10063555277884,129.32],[-7.283177571371198,62.10054720751941,130.04],[-7.283117221668363,62.10044997744262,129.78],[-7.283020662143827,62.100361716002226,129.67],[-7.28288646787405,62.100277142599225,129.04],[-7.282803906127811,62.100187791511416,128.2],[-7.282762499526143,62.10009081289172,128.59],[-7.282663006335497,62.10000582039356,128.44],[-7.282547084614635,62.099931724369526,129.22],[-7.282387241721153,62.09985519759357,130.69],[-7.282240558415651,62.09977221675217,131.34],[-7.282099071890116,62.09969158284366,131.31],[-7.281955657526851,62.09962687455118,131.3],[-7.281807130202651,62.09954246878624,131.83],[-7.281647538766265,62.09947264753282,131.23],[-7.281494149938226,62.099403915926814,131.6],[-7.281343527138233,62.09933811798692,132.44],[-7.281174715608358,62.09926402196288,132.67],[-7.281017722561956,62.099183136597276,132.34],[-7.280860394239426,62.09910820238292,133.18],[-7.280708514153957,62.09902689792216,132.78],[-7.280626287683845,62.09893519990146,132.34],[-7.280491171404719,62.09885641001165,132.73],[-7.280365442857146,62.098782397806644,131.44],[-7.280246336013079,62.09869145415723,131.6],[-7.280109291896224,62.09861350245774,131.69],[-7.279978534206748,62.09853261709213,131],[-7.279899576678872,62.09845047444105,130.23],[-7.279829252511263,62.0983615424484,130.02],[-7.279735123738647,62.098259534686804,129.21],[-7.27962632663548,62.0981820859015,127.99],[-7.279504705220461,62.09809558466077,126.91],[-7.279484169557691,62.09801159799099,125.99],[-7.279499508440495,62.097893580794334,124.06],[-7.279441254213452,62.0977917406708,123.14],[-7.279330529272556,62.097709430381656,123.31],[-7.279190635308623,62.09763550199568,123.18],[-7.279047975316644,62.097545731812716,122.73],[-7.278898861259222,62.09746937267482,121.35],[-7.278787968680263,62.097383039072156,122.32],[-7.278681602329016,62.09729125723243,122.08],[-7.278584372252226,62.097205678001046,121.01],[-7.278480771929026,62.097115656360984,121.06],[-7.27837641723454,62.09702228195965,120.32],[-7.278252616524696,62.09695187397301,119.97],[-7.278097718954086,62.09689378738403,119.26],[-7.277922788634896,62.0968419034034,119.16],[-7.277741655707359,62.09680762141943,118.91],[-7.277554571628571,62.09675640799105,118.92],[-7.277365643531084,62.0967211201787,119.24],[-7.277187025174499,62.09667292423546,119.03],[-7.277019051834941,62.09662673994899,119.25],[-7.276829704642296,62.096614418551326,118.87],[-7.276655780151486,62.096547950059175,118.61],[-7.276457212865353,62.09650763310492,117.98],[-7.276312038302422,62.09644074551761,117.96],[-7.276248252019286,62.096357429400086,117.37],[-7.276161164045334,62.09627076052129,116.8],[-7.276005679741502,62.09620663896203,117.19],[-7.2759591601789,62.09610513411462,116.98],[-7.275840220972896,62.09600958041847,116.79],[-7.275676103308797,62.09595191292465,116.18],[-7.275520954281092,62.09588318131864,115.42],[-7.275345772504807,62.095817970111966,115.01],[-7.275295229628682,62.09572912193835,114.53],[-7.275239070877433,62.095640525221825,113.38],[-7.275157934054732,62.09555326960981,111.82],[-7.275161873549223,62.09545914083719,112.62],[-7.27508844807744,62.09537481889129,110.7],[-7.274937657639384,62.095289491117,109.52],[-7.274773204699159,62.095221262425184,110.82],[-7.274592155590653,62.09516300819814,109.7],[-7.274397443979979,62.09512788802385,108.8],[-7.274242211133242,62.09506711922586,109.49],[-7.27411262691021,62.09499729797244,109.11],[-7.274006009101868,62.0949184242636,108.83],[-7.273892099037767,62.09483167156577,109.17],[-7.273782966658473,62.094741482287645,108.78],[-7.273678025230765,62.09465665742755,107.57],[-7.273544920608401,62.0945780351758,106.5],[-7.273404020816088,62.09449899382889,105.35],[-7.27330687455833,62.09441249258816,103.73],[-7.273176619783044,62.094332780689,104.48],[-7.273093638941646,62.09422867745161,104.57],[-7.272947039455175,62.09413974545896,104.73],[-7.272751657292247,62.09410009905696,105.13],[-7.272546300664544,62.09406212903559,103.29],[-7.272347314283252,62.09402239881456,102.28],[-7.272209096699953,62.09395106881857,100.88],[-7.272083116695285,62.093878565356135,99.89],[-7.271882453933358,62.093873703852296,99.07],[-7.271681539714336,62.09385383874178,98.18],[-7.27148037403822,62.09382056258619,98.02],[-7.271287338808179,62.093744622543454,97.71],[-7.271144678816199,62.09367396309972,97.24],[-7.271009646356106,62.093583857640624,97.28],[-7.270866902545095,62.0935124438256,97.07],[-7.270796075463295,62.09350590594113,97.1],[-7.270756680518389,62.09352811798453,96.7],[-7.270668251439929,62.093456871807575,95.95],[-7.270474964752793,62.0933726336807,96.05],[-7.270291317254305,62.0933052431792,95.09],[-7.27010733447969,62.09323039278388,95.23],[-7.269946401938796,62.09315964952111,94.91],[-7.269787816330791,62.09310005418956,93.68],[-7.26962068118155,62.09303744137287,93.91],[-7.269446421414614,62.092970218509436,93.02],[-7.26928255520761,62.09291657432914,92.32],[-7.269106283783913,62.09286284632981,91.94],[-7.268957756459713,62.09279805421829,91.21],[-7.268824316561222,62.092728735879064,91.7],[-7.268650056794286,62.09266360849142,90.67],[-7.26851150393486,62.092592949047685,90.85],[-7.268351912498474,62.09251809865236,91.09],[-7.268188884481788,62.092445930466056,90.15],[-7.268058964982629,62.09236839786172,90.55],[-7.267910437658429,62.09228994324803,90.24],[-7.267766771838069,62.092214254662395,90.13],[-7.267634924501181,62.09213688969612,90.1],[-7.267478266730905,62.09205759689212,90.16],[-7.267316831275821,62.09198693744838,89.86],[-7.26713796146214,62.09191585890949,89.78],[-7.266985746100545,62.09185282699764,89.57],[-7.266829507425427,62.09177562966943,89.32],[-7.266674945130944,62.09171335212886,89.28],[-7.266533710062504,62.09163439460099,88.86],[-7.266392139717937,62.091568764299154,88.83],[-7.266253083944321,62.091508163139224,89.17],[-7.266086619347334,62.091455860063434,89.67],[-7.265917891636491,62.09140473045409,88.31],[-7.265740446746349,62.091357707977295,88.52],[-7.26553182117641,62.091313283890486,88.93],[-7.265346078202128,62.09127162583172,89.13],[-7.265162346884608,62.09122493863106,89.16],[-7.264971993863583,62.0911761559546,89.93],[-7.264791196212173,62.091121254488826,88.88],[-7.264625569805503,62.09105344489217,88.92],[-7.264498416334391,62.090979516506195,89.13],[-7.264347039163113,62.09090441465378,88.86],[-7.264215359464288,62.09083367139101,88.99],[-7.264045039191842,62.09076586179435,89.98],[-7.263927524909377,62.09069335833192,90.41],[-7.263777740299702,62.090631667524576,91.02],[-7.263614209368825,62.090573413297534,89.81],[-7.26344196125865,62.090528486296535,90.67],[-7.263282286003232,62.09046076051891,90.34],[-7.263142978772521,62.09038934670389,90.04],[-7.263008449226618,62.09030804224312,88.99],[-7.262871405109763,62.09023327566683,88.95],[-7.262731930240989,62.09015507251024,86.85],[-7.26261424832046,62.090082401409745,86.72],[-7.26251944899559,62.09000185132027,86.3],[-7.262395145371556,62.089911326766014,86.45],[-7.262282576411963,62.08983236923814,86.59],[-7.26214318536222,62.089742766693234,86.92],[-7.26200345903635,62.08967319689691,86.57],[-7.261842023581266,62.08960220217705,86.01],[-7.261701878160238,62.0895233284682,85.45],[-7.261539855971932,62.08946004509926,84.81],[-7.261388646438718,62.089381171390414,84.38],[-7.261300552636385,62.08929257467389,83.81],[-7.261229055002332,62.08919199183583,83.23],[-7.261115228757262,62.089096270501614,82.53],[-7.260995283722878,62.08901412785053,82.19],[-7.260843990370631,62.08894900046289,82.24],[-7.260668808594346,62.088888147845864,81.73],[-7.260463535785675,62.088855458423495,80.87],[-7.260277206078172,62.088810447603464,80.3],[-7.26007872261107,62.08878127858043,79.63],[-7.259882837533951,62.08875747397542,78.72],[-7.259686030447483,62.08872327581048,78.2],[-7.259509256109595,62.08868455141783,76.68],[-7.25935117341578,62.0886202622205,75.46],[-7.259209603071213,62.0885478425771,74.58],[-7.259069541469216,62.088472824543715,74.25],[-7.258919253945351,62.088398560881615,73.06],[-7.258779779076576,62.08832748234272,71.45],[-7.258609039708972,62.08826067857444,70.28],[-7.258474929258227,62.08818976767361,69.73],[-7.25834115408361,62.08810796029866,69.27],[-7.258204277604818,62.08804031834006,68.26],[-7.258059522137046,62.087961696088314,67.17],[-7.257956676185131,62.08788542076945,67.15],[-7.257837150245905,62.08779959008098,66.75],[-7.257744194939733,62.08771417848766,66.35],[-7.257618131116033,62.08763907663524,65.07],[-7.257490558549762,62.08755827508867,66.01],[-7.257330296561122,62.08748769946396,65.38],[-7.25720071233809,62.087412513792515,65.12],[-7.25709174759686,62.087328443303704,64.56],[-7.256972724571824,62.08724336698651,64.38],[-7.256839703768492,62.08715912885964,63.79],[-7.256745072081685,62.0870660059154,63.66],[-7.256617248058319,62.08698528818786,64.61],[-7.256455980241299,62.086914628744125,63.14],[-7.256404766812921,62.08682552911341,62.72],[-7.256444497033954,62.08671882748604,62.85],[-7.256484478712082,62.08661623299122,62.17],[-7.256510043516755,62.08652009256184,60.36],[-7.256502080708742,62.086413810029626,60.79],[-7.256456399336457,62.08630710840225,59.67],[-7.256395965814591,62.086212392896414,60.17],[-7.256365790963173,62.086119186133146,59.38],[-7.256333520635963,62.08601089194417,59.56],[-7.256326396018267,62.08590058609843,59.15],[-7.256307872012258,62.08580318838358,59.07],[-7.256257245317102,62.085717944428325,59.79],[-7.256219778209925,62.085622642189264,59.8],[-7.256127325817943,62.085539577528834,58.98],[-7.256054067984223,62.08547109737992,58.2],[-7.25597427226603,62.08538895472884,58.09],[-7.255935296416283,62.08528585731983,57.8],[-7.255900595337153,62.085182927548885,57.44],[-7.255806801840663,62.08509164862335,56.69],[-7.255634134635329,62.085029454901814,57.09],[-7.255475800484419,62.084953682497144,57.35],[-7.255324758589268,62.08488721400499,56.22],[-7.255143290385604,62.084830636158586,56.12],[-7.254989314824343,62.08475159481168,55.96],[-7.254853444173932,62.08467238582671,56.53],[-7.254767948761582,62.084583370015025,56.81],[-7.254698714241386,62.08448295481503,56.41],[-7.254652697592974,62.08439259789884,55.92],[-7.254618164151907,62.084287740290165,55.23],[-7.254537614062429,62.08420601673424,52.78],[-7.25444340147078,62.084115240722895,52.3],[-7.254379028454423,62.08401742391288,52.07],[-7.25435153581202,62.08392161875963,51.03],[-7.254314990714192,62.08381592296064,49.94],[-7.254284899681807,62.08371324464679,49.27],[-7.254225639626384,62.08362137898803,49.89],[-7.254192363470793,62.08352079614997,48.74],[-7.254197560250759,62.0834275893867,50.11],[-7.254203008487821,62.08332792855799,50.04],[-7.254236619919539,62.083223573863506,49.67],[-7.254256652668119,62.08312835544348,49.1],[-7.254288420081139,62.0830269344151,49.25],[-7.254292443394661,62.082935152575374,49.84],[-7.254285318776965,62.082836497575045,50.14],[-7.254245840013027,62.08273365162313,50.32],[-7.254183311015368,62.08263105712831,50.54],[-7.254113992676139,62.08252309821546,49.79],[-7.254025647416711,62.08243131637573,49.41],[-7.253956077620387,62.08234414458275,48.85],[-7.253934200853109,62.08224691450596,48.5],[-7.253935961052775,62.08215798251331,48.26],[-7.254035035148263,62.082159826532006,47.77],[-7.253930512815714,62.082041976973414,47.49],[-7.253842754289508,62.081946758553386,45.59],[-7.25375390611589,62.08185078576207,44.5],[-7.253683246672154,62.08175883628428,43.59],[-7.253589117899537,62.081669736653566,42.63],[-7.253475124016404,62.08158725872636,41.97],[-7.253336235880852,62.08150872029364,40.2],[-7.253204891458154,62.08142900839448,40.61],[-7.253060722723603,62.08134753629565,40.27],[-7.252925774082542,62.08126422017813,39.52],[-7.252765512093902,62.08118258044124,38.5],[-7.252628384158015,62.08109859377146,37.78],[-7.252445574849844,62.081044195219874,37.76],[-7.252259664237499,62.08099809475243,36.98],[-7.252072244882584,62.08094419911504,37.15],[-7.251882310956717,62.08088762126863,37.54],[-7.251677205786109,62.08083280362189,37.8],[-7.251505209133029,62.08076457493007,37.82],[-7.251288369297981,62.08071378059685,37.8],[-7.251106984913349,62.08066298626363,38.38],[-7.250963402912021,62.08058369345963,37.87],[-7.250947058200836,62.080475399270654,37.92],[-7.250948902219534,62.08036978729069,37.71],[-7.250950327143073,62.080281442031264,37.44],[-7.250959547236562,62.080173483118415,37.26],[-7.250950494781137,62.0800687931478,37.01],[-7.250931384041905,62.07997399382293,36.53],[-7.250911602750421,62.079872991889715,36.88],[-7.250900119543076,62.07976318895817,37.06],[-7.2508763987571,62.079659420996904,36.46],[-7.25088126026094,62.07955850288272,36.41],[-7.250871201977134,62.07945926114917,35.75],[-7.250871285796166,62.07936228252947,35.49],[-7.250858880579472,62.07925868220627,35.31],[-7.250840188935399,62.07915592007339,35.3],[-7.250860221683979,62.07904167473316,35.31],[-7.250863490626216,62.07894000224769,34.9],[-7.250874470919371,62.078832713887095,35.05],[-7.250881511718035,62.07873380742967,34.3],[-7.250863155350089,62.078630374744534,33.78],[-7.2508504986763,62.078525768592954,34.08],[-7.250843290239573,62.07841370254755,34.12],[-7.250839769840241,62.07830876111984,33.71],[-7.250850331038237,62.07820641808212,33.03],[-7.250824263319373,62.07810583524406,33.46],[-7.250791825354099,62.07801103591919,32.88],[-7.250753184780479,62.07791103981435,33.9],[-7.250703731551766,62.077812468633056,33.14],[-7.250675735995174,62.07771406508982,33.24],[-7.250650757923722,62.07760711200535,33.26],[-7.250633910298348,62.07747844979167,33.45],[-7.250656373798847,62.07738381810486,32.45],[-7.25057439878583,62.07727711647749,32],[-7.250533662736416,62.07718608900905,31.65],[-7.250494603067637,62.07708508707583,31.59],[-7.250449759885669,62.07698400132358,32.28],[-7.250442635267973,62.0768759585917,31.73],[-7.250411538407207,62.07677353173494,31.35],[-7.250397289171815,62.07666590809822,31.47],[-7.250397959724069,62.0765685942024,31.29],[-7.250372059643269,62.07646105438471,31.33],[-7.250342555344105,62.07636793144047,31.31],[-7.250319756567478,62.076257625594735,31.4],[-7.250313386321068,62.076157880946994,31.03],[-7.250289581716061,62.076057214289904,30.98],[-7.250258065760136,62.07596166059375,30.48],[-7.250212803483009,62.07586501725018,30.72],[-7.250171396881342,62.07575890235603,30.12],[-7.250136863440275,62.075646836310625,30.41],[-7.250109370797873,62.075545247644186,30.07],[-7.250047847628593,62.0754408929497,30.5],[-7.250026725232601,62.07534592598677,31.15],[-7.250002166256309,62.07524442113936,31.38],[-7.249949024990201,62.075147945433855,31.43],[-7.249892363324761,62.075061025097966,31.92],[-7.249810136854649,62.07495365291834,32.58],[-7.249766048043966,62.074858183041215,32.54],[-7.24972858093679,62.074753157794476,32.48],[-7.249715756624937,62.07464846782386,32.12],[-7.249689940363169,62.07454847171903,32.13],[-7.249656831845641,62.07444763742387,31.58],[-7.249622968956828,62.07434110343456,31.13],[-7.249634703621268,62.074238173663616,30.91],[-7.249614335596561,62.07413432188332,31.12],[-7.24958105944097,62.07402963191271,30.66],[-7.249566726386547,62.073932653293014,30.32],[-7.249560942873359,62.073818910866976,30.3],[-7.249545017257333,62.07372033968568,30.22],[-7.249502772465348,62.073621014133096,30.43],[-7.249496234580874,62.073512049391866,30.19],[-7.249493217095733,62.07341951318085,29.71],[-7.24946765229106,62.073311554268,29.44],[-7.249444518238306,62.073210971429944,29.47],[-7.249416606500745,62.07311483100057,29.64],[-7.249393053352833,62.07300997339189,29.69],[-7.249388108029962,62.07291064783931,29.67],[-7.249374529346824,62.072799587622285,30.19],[-7.24934158846736,62.07271032035351,30.34],[-7.24928149022162,62.07261501811445,30.01],[-7.249216446653009,62.07252139225602,29.29]]}},{"type":"Feature","properties":{"name":"WP1 03_GF","type":"user","time":"2020-07-30T09:25:36Z","gpxx_WaypointExtension":"SymbolAndName","gpxx_DisplayMode":"SymbolAndName","wptx1_WaypointExtension":"SymbolAndName","wptx1_DisplayMode":"SymbolAndName","ctx_CreationTimeExtension":"2020-07-30T09:25:36Z","ctx_CreationTime":"2020-07-30T09:25:36Z","sym":"Flag, Blue"},"geometry":{"type":"Point","coordinates":[-7.431732974946499,62.11812598630786,144.273987]}},{"type":"Feature","properties":{"name":"WP2 08_GF","type":"user","time":"2020-07-30T10:19:47Z","gpxx_WaypointExtension":"SymbolAndName","gpxx_DisplayMode":"SymbolAndName","wptx1_WaypointExtension":"SymbolAndName","wptx1_DisplayMode":"SymbolAndName","ctx_CreationTimeExtension":"2020-07-30T10:19:47Z","ctx_CreationTime":"2020-07-30T10:19:47Z","sym":"Flag, Blue"},"geometry":{"type":"Point","coordinates":[-7.401938997209072,62.12261801585555,512.299744]}},{"type":"Feature","properties":{"name":"WP3 16_GF","type":"user","time":"2020-07-30T11:49:08Z","gpxx_WaypointExtension":"SymbolAndName","gpxx_DisplayMode":"SymbolAndName","wptx1_WaypointExtension":"SymbolAndName","wptx1_DisplayMode":"SymbolAndName","ctx_CreationTimeExtension":"2020-07-30T11:49:08Z","ctx_CreationTime":"2020-07-30T11:49:08Z","sym":"Flag, Blue"},"geometry":{"type":"Point","coordinates":[-7.376841986551881,62.11707598529756,340.124359]}},{"type":"Feature","properties":{"name":"WP4 20_GF","type":"user","time":"2020-07-30T12:47:44Z","gpxx_WaypointExtension":"SymbolAndName","gpxx_DisplayMode":"SymbolAndName","wptx1_WaypointExtension":"SymbolAndName","wptx1_DisplayMode":"SymbolAndName","ctx_CreationTimeExtension":"2020-07-30T12:47:44Z","ctx_CreationTime":"2020-07-30T12:47:44Z","sym":"Flag, Blue"},"geometry":{"type":"Point","coordinates":[-7.350866971537471,62.12317398749292,106.264679]}},{"type":"Feature","properties":{"name":"WP5 22_GF","type":"user","time":"2020-07-30T13:26:54Z","gpxx_WaypointExtension":"SymbolAndName","gpxx_DisplayMode":"SymbolAndName","wptx1_WaypointExtension":"SymbolAndName","wptx1_DisplayMode":"SymbolAndName","ctx_CreationTimeExtension":"2020-07-30T13:26:54Z","ctx_CreationTime":"2020-07-30T13:26:54Z","sym":"Flag, Blue"},"geometry":{"type":"Point","coordinates":[-7.317945035174489,62.123465007171035,86.832817]}},{"type":"Feature","properties":{"name":"WP6 24_GF","type":"user","time":"2020-07-30T13:56:13Z","gpxx_WaypointExtension":"SymbolAndName","gpxx_DisplayMode":"SymbolAndName","wptx1_WaypointExtension":"SymbolAndName","wptx1_DisplayMode":"SymbolAndName","ctx_CreationTimeExtension":"2020-07-30T13:56:13Z","ctx_CreationTime":"2020-07-30T13:56:13Z","sym":"Flag, Blue"},"geometry":{"type":"Point","coordinates":[-7.289011962711811,62.11301595903933,90.347908]}},{"type":"Feature","properties":{"name":"WP7 27_GF","type":"user","time":"2020-07-30T14:39:56Z","gpxx_WaypointExtension":"SymbolAndName","gpxx_DisplayMode":"SymbolAndName","wptx1_WaypointExtension":"SymbolAndName","wptx1_DisplayMode":"SymbolAndName","ctx_CreationTimeExtension":"2020-07-30T14:39:56Z","ctx_CreationTime":"2020-07-30T14:39:56Z","sym":"Flag, Blue"},"geometry":{"type":"Point","coordinates":[-7.270867992192507,62.093515964224935,97.069626]}}]}