{"type":"FeatureCollection","features":[{"type":"Feature","properties":{"_gpxType":"trk","name":"22 Wanderung Gudrunarløkur Skarvanes Dalur CS","time":"2020-07-29T09:38:13Z","gpxx_TrackExtension":"Blue","gpxx_DisplayColor":"Blue","coordinateProperties":{"times":["2020-07-29T09:38:13Z","2020-07-29T09:38:46Z","2020-07-29T09:38:52Z","2020-07-29T09:38:59Z","2020-07-29T09:39:51Z","2020-07-29T09:40:00Z","2020-07-29T09:40:08Z","2020-07-29T09:40:15Z","2020-07-29T09:40:24Z","2020-07-29T09:40:32Z","2020-07-29T09:40:40Z","2020-07-29T09:40:49Z","2020-07-29T09:40:57Z","2020-07-29T09:41:05Z","2020-07-29T09:41:12Z","2020-07-29T09:41:21Z","2020-07-29T09:41:35Z","2020-07-29T09:41:44Z","2020-07-29T09:41:53Z","2020-07-29T09:42:01Z","2020-07-29T09:42:09Z","2020-07-29T09:42:16Z","2020-07-29T09:42:24Z","2020-07-29T09:42:31Z","2020-07-29T09:42:39Z","2020-07-29T09:42:50Z","2020-07-29T09:42:57Z","2020-07-29T09:43:06Z","2020-07-29T09:43:13Z","2020-07-29T09:43:22Z","2020-07-29T09:43:32Z","2020-07-29T09:43:40Z","2020-07-29T09:43:48Z","2020-07-29T09:43:58Z","2020-07-29T09:44:07Z","2020-07-29T09:44:16Z","2020-07-29T09:44:24Z","2020-07-29T09:44:36Z","2020-07-29T09:44:44Z","2020-07-29T09:44:52Z","2020-07-29T09:44:59Z","2020-07-29T09:45:06Z","2020-07-29T09:45:13Z","2020-07-29T09:45:20Z","2020-07-29T09:45:27Z","2020-07-29T09:45:35Z","2020-07-29T09:45:42Z","2020-07-29T09:45:50Z","2020-07-29T09:45:59Z","2020-07-29T09:46:08Z","2020-07-29T09:46:16Z","2020-07-29T09:46:24Z","2020-07-29T09:46:33Z","2020-07-29T09:46:39Z","2020-07-29T09:46:46Z","2020-07-29T09:46:54Z","2020-07-29T09:47:02Z","2020-07-29T09:47:10Z","2020-07-29T09:47:18Z","2020-07-29T09:47:25Z","2020-07-29T09:47:33Z","2020-07-29T09:47:41Z","2020-07-29T09:47:50Z","2020-07-29T09:47:58Z","2020-07-29T09:48:06Z","2020-07-29T09:48:14Z","2020-07-29T09:48:22Z","2020-07-29T09:48:31Z","2020-07-29T09:48:38Z","2020-07-29T09:48:49Z","2020-07-29T09:48:58Z","2020-07-29T09:49:06Z","2020-07-29T09:49:14Z","2020-07-29T09:49:24Z","2020-07-29T09:49:34Z","2020-07-29T09:49:44Z","2020-07-29T09:49:53Z","2020-07-29T09:50:02Z","2020-07-29T09:50:11Z","2020-07-29T09:50:21Z","2020-07-29T09:50:30Z","2020-07-29T09:50:38Z","2020-07-29T09:50:48Z","2020-07-29T09:50:58Z","2020-07-29T09:51:07Z","2020-07-29T09:51:16Z","2020-07-29T09:51:25Z","2020-07-29T09:51:34Z","2020-07-29T09:52:14Z","2020-07-29T09:52:34Z","2020-07-29T09:52:42Z","2020-07-29T09:52:50Z","2020-07-29T09:52:58Z","2020-07-29T09:53:06Z","2020-07-29T09:53:14Z","2020-07-29T09:53:22Z","2020-07-29T09:53:29Z","2020-07-29T09:53:37Z","2020-07-29T09:53:44Z","2020-07-29T09:53:53Z","2020-07-29T09:54:01Z","2020-07-29T09:54:08Z","2020-07-29T09:54:15Z","2020-07-29T09:54:23Z","2020-07-29T09:54:31Z","2020-07-29T09:54:37Z","2020-07-29T09:54:45Z","2020-07-29T09:54:53Z","2020-07-29T09:55:01Z","2020-07-29T09:55:10Z","2020-07-29T09:55:19Z","2020-07-29T09:55:28Z","2020-07-29T09:55:39Z","2020-07-29T09:55:48Z","2020-07-29T09:55:57Z","2020-07-29T09:56:05Z","2020-07-29T09:56:28Z","2020-07-29T09:56:36Z","2020-07-29T09:56:45Z","2020-07-29T09:56:58Z","2020-07-29T09:57:09Z","2020-07-29T09:57:18Z","2020-07-29T09:57:27Z","2020-07-29T09:57:36Z","2020-07-29T09:57:53Z","2020-07-29T09:58:04Z","2020-07-29T09:58:14Z","2020-07-29T09:58:23Z","2020-07-29T09:58:31Z","2020-07-29T09:58:40Z","2020-07-29T09:58:48Z","2020-07-29T09:58:57Z","2020-07-29T09:59:06Z","2020-07-29T09:59:15Z","2020-07-29T09:59:23Z","2020-07-29T09:59:31Z","2020-07-29T09:59:39Z","2020-07-29T09:59:46Z","2020-07-29T09:59:53Z","2020-07-29T10:00:01Z","2020-07-29T10:00:09Z","2020-07-29T10:00:17Z","2020-07-29T10:00:26Z","2020-07-29T10:00:35Z","2020-07-29T10:00:43Z","2020-07-29T10:00:51Z","2020-07-29T10:00:59Z","2020-07-29T10:01:06Z","2020-07-29T10:01:14Z","2020-07-29T10:01:21Z","2020-07-29T10:01:29Z","2020-07-29T10:01:38Z","2020-07-29T10:01:46Z","2020-07-29T10:01:54Z","2020-07-29T10:02:01Z","2020-07-29T10:02:09Z","2020-07-29T10:02:16Z","2020-07-29T10:02:24Z","2020-07-29T10:02:32Z","2020-07-29T10:02:40Z","2020-07-29T10:02:48Z","2020-07-29T10:02:55Z","2020-07-29T10:03:03Z","2020-07-29T10:03:11Z","2020-07-29T10:03:18Z","2020-07-29T10:03:25Z","2020-07-29T10:03:34Z","2020-07-29T10:03:41Z","2020-07-29T10:03:50Z","2020-07-29T10:03:59Z","2020-07-29T10:04:07Z","2020-07-29T10:04:14Z","2020-07-29T10:04:23Z","2020-07-29T10:04:32Z","2020-07-29T10:04:41Z","2020-07-29T10:04:50Z","2020-07-29T10:05:15Z","2020-07-29T10:05:24Z","2020-07-29T10:05:33Z","2020-07-29T10:05:45Z","2020-07-29T10:08:49Z","2020-07-29T10:10:06Z","2020-07-29T10:10:14Z","2020-07-29T10:10:22Z","2020-07-29T10:10:29Z","2020-07-29T10:10:37Z","2020-07-29T10:10:45Z","2020-07-29T10:10:53Z","2020-07-29T10:11:01Z","2020-07-29T10:11:08Z","2020-07-29T10:11:16Z","2020-07-29T10:11:23Z","2020-07-29T10:11:31Z","2020-07-29T10:11:40Z","2020-07-29T10:11:48Z","2020-07-29T10:11:55Z","2020-07-29T10:12:03Z","2020-07-29T10:12:11Z","2020-07-29T10:12:19Z","2020-07-29T10:12:27Z","2020-07-29T10:12:36Z","2020-07-29T10:12:43Z","2020-07-29T10:12:52Z","2020-07-29T10:13:00Z","2020-07-29T10:13:08Z","2020-07-29T10:13:17Z","2020-07-29T10:13:41Z","2020-07-29T10:14:18Z","2020-07-29T10:14:26Z","2020-07-29T10:14:34Z","2020-07-29T10:14:41Z","2020-07-29T10:14:49Z","2020-07-29T10:14:59Z","2020-07-29T10:15:07Z","2020-07-29T10:15:14Z","2020-07-29T10:15:24Z","2020-07-29T10:15:39Z","2020-07-29T10:15:47Z","2020-07-29T10:15:54Z","2020-07-29T10:16:04Z","2020-07-29T10:16:20Z","2020-07-29T10:16:29Z","2020-07-29T10:16:39Z","2020-07-29T10:16:49Z","2020-07-29T10:16:59Z","2020-07-29T10:17:10Z","2020-07-29T10:17:18Z","2020-07-29T10:17:26Z","2020-07-29T10:17:58Z","2020-07-29T10:18:06Z","2020-07-29T10:18:14Z","2020-07-29T10:18:23Z","2020-07-29T10:18:31Z","2020-07-29T10:18:39Z","2020-07-29T10:18:48Z","2020-07-29T10:18:56Z","2020-07-29T10:19:03Z","2020-07-29T10:19:11Z","2020-07-29T10:19:19Z","2020-07-29T10:19:38Z","2020-07-29T10:19:49Z","2020-07-29T10:19:57Z","2020-07-29T10:20:05Z","2020-07-29T10:20:13Z","2020-07-29T10:20:21Z","2020-07-29T10:20:29Z","2020-07-29T10:20:37Z","2020-07-29T10:20:44Z","2020-07-29T10:20:51Z","2020-07-29T10:20:58Z","2020-07-29T10:21:07Z","2020-07-29T10:21:16Z","2020-07-29T10:21:25Z","2020-07-29T10:21:42Z","2020-07-29T10:21:49Z","2020-07-29T10:21:58Z","2020-07-29T10:22:05Z","2020-07-29T10:22:12Z","2020-07-29T10:22:20Z","2020-07-29T10:22:29Z","2020-07-29T10:22:45Z","2020-07-29T10:22:52Z","2020-07-29T10:23:02Z","2020-07-29T10:23:27Z","2020-07-29T10:23:35Z","2020-07-29T10:23:43Z","2020-07-29T10:23:52Z","2020-07-29T10:24:00Z","2020-07-29T10:24:07Z","2020-07-29T10:24:14Z","2020-07-29T10:24:22Z","2020-07-29T10:24:30Z","2020-07-29T10:24:37Z","2020-07-29T10:24:45Z","2020-07-29T10:25:02Z","2020-07-29T10:25:14Z","2020-07-29T10:25:22Z","2020-07-29T10:25:31Z","2020-07-29T10:25:39Z","2020-07-29T10:25:47Z","2020-07-29T10:25:55Z","2020-07-29T10:26:03Z","2020-07-29T10:26:11Z","2020-07-29T10:26:19Z","2020-07-29T10:26:27Z","2020-07-29T10:26:36Z","2020-07-29T10:26:47Z","2020-07-29T10:26:57Z","2020-07-29T10:27:06Z","2020-07-29T10:27:14Z","2020-07-29T10:27:23Z","2020-07-29T10:27:33Z","2020-07-29T10:27:41Z","2020-07-29T10:27:50Z","2020-07-29T10:27:59Z","2020-07-29T10:28:10Z","2020-07-29T10:30:28Z","2020-07-29T10:30:38Z","2020-07-29T10:30:48Z","2020-07-29T10:31:00Z","2020-07-29T10:31:17Z","2020-07-29T10:31:30Z","2020-07-29T10:31:52Z","2020-07-29T10:32:04Z","2020-07-29T10:32:14Z","2020-07-29T10:34:18Z","2020-07-29T10:34:39Z","2020-07-29T10:34:55Z","2020-07-29T10:35:35Z","2020-07-29T10:36:09Z","2020-07-29T10:36:45Z","2020-07-29T10:36:59Z","2020-07-29T10:37:17Z","2020-07-29T10:37:55Z","2020-07-29T10:38:13Z","2020-07-29T10:38:24Z","2020-07-29T10:38:35Z","2020-07-29T10:38:48Z","2020-07-29T10:39:00Z","2020-07-29T10:39:10Z","2020-07-29T10:39:25Z","2020-07-29T10:39:36Z","2020-07-29T10:39:48Z","2020-07-29T10:40:01Z","2020-07-29T10:40:14Z","2020-07-29T10:40:28Z","2020-07-29T10:40:46Z","2020-07-29T10:41:25Z","2020-07-29T10:41:45Z","2020-07-29T10:42:01Z","2020-07-29T10:42:18Z","2020-07-29T10:42:34Z","2020-07-29T10:42:50Z","2020-07-29T10:43:09Z","2020-07-29T10:43:29Z","2020-07-29T10:44:27Z","2020-07-29T10:44:42Z","2020-07-29T10:45:35Z","2020-07-29T10:46:09Z","2020-07-29T10:46:40Z","2020-07-29T10:47:33Z","2020-07-29T10:53:21Z","2020-07-29T10:53:27Z","2020-07-29T10:53:33Z","2020-07-29T10:53:52Z","2020-07-29T10:53:59Z","2020-07-29T10:54:56Z","2020-07-29T10:55:05Z","2020-07-29T10:55:12Z","2020-07-29T10:55:19Z","2020-07-29T10:55:26Z","2020-07-29T10:55:34Z","2020-07-29T10:55:44Z","2020-07-29T10:56:01Z","2020-07-29T10:56:18Z","2020-07-29T10:56:30Z","2020-07-29T10:56:39Z","2020-07-29T10:56:50Z","2020-07-29T10:57:14Z","2020-07-29T10:57:40Z","2020-07-29T10:58:00Z","2020-07-29T10:58:12Z","2020-07-29T10:58:24Z","2020-07-29T10:58:32Z","2020-07-29T10:58:40Z","2020-07-29T10:58:49Z","2020-07-29T10:58:56Z","2020-07-29T10:59:06Z","2020-07-29T10:59:16Z","2020-07-29T10:59:25Z","2020-07-29T10:59:36Z","2020-07-29T10:59:44Z","2020-07-29T10:59:53Z","2020-07-29T11:00:02Z","2020-07-29T11:00:12Z","2020-07-29T11:00:22Z","2020-07-29T11:00:46Z","2020-07-29T11:00:54Z","2020-07-29T11:01:04Z","2020-07-29T11:01:21Z","2020-07-29T11:01:36Z","2020-07-29T11:01:47Z","2020-07-29T11:01:56Z","2020-07-29T11:02:07Z","2020-07-29T11:02:18Z","2020-07-29T11:02:29Z","2020-07-29T11:02:41Z","2020-07-29T11:02:54Z","2020-07-29T11:03:06Z","2020-07-29T11:03:21Z","2020-07-29T11:03:41Z","2020-07-29T11:03:59Z","2020-07-29T11:04:17Z","2020-07-29T11:04:27Z","2020-07-29T11:04:40Z","2020-07-29T11:04:52Z","2020-07-29T11:05:02Z","2020-07-29T11:05:12Z","2020-07-29T11:05:23Z","2020-07-29T11:05:35Z","2020-07-29T11:05:49Z","2020-07-29T11:06:17Z","2020-07-29T11:06:42Z","2020-07-29T11:06:53Z","2020-07-29T11:07:04Z","2020-07-29T11:07:15Z","2020-07-29T11:07:29Z","2020-07-29T11:08:13Z","2020-07-29T11:08:22Z","2020-07-29T11:08:32Z","2020-07-29T11:08:41Z","2020-07-29T11:08:53Z","2020-07-29T11:09:05Z","2020-07-29T11:09:18Z","2020-07-29T11:09:29Z","2020-07-29T11:09:40Z","2020-07-29T11:11:35Z","2020-07-29T11:11:43Z","2020-07-29T11:11:51Z","2020-07-29T11:11:59Z","2020-07-29T11:12:07Z","2020-07-29T11:12:17Z","2020-07-29T11:12:26Z","2020-07-29T11:12:35Z","2020-07-29T11:12:44Z","2020-07-29T11:12:54Z","2020-07-29T11:13:04Z","2020-07-29T11:13:12Z","2020-07-29T11:13:20Z","2020-07-29T11:13:29Z","2020-07-29T11:13:38Z","2020-07-29T11:13:46Z","2020-07-29T11:13:54Z","2020-07-29T11:14:02Z","2020-07-29T11:14:10Z","2020-07-29T11:14:19Z","2020-07-29T11:14:27Z","2020-07-29T11:14:37Z","2020-07-29T11:14:45Z","2020-07-29T11:14:52Z","2020-07-29T11:15:01Z","2020-07-29T11:15:12Z","2020-07-29T11:15:21Z","2020-07-29T11:15:38Z","2020-07-29T11:15:49Z","2020-07-29T11:15:58Z","2020-07-29T11:16:07Z","2020-07-29T11:16:17Z","2020-07-29T11:16:28Z","2020-07-29T11:16:53Z","2020-07-29T11:17:10Z","2020-07-29T11:17:20Z","2020-07-29T11:18:01Z","2020-07-29T11:18:15Z","2020-07-29T11:18:27Z","2020-07-29T11:18:47Z","2020-07-29T11:18:55Z","2020-07-29T11:19:04Z","2020-07-29T11:19:14Z","2020-07-29T11:19:24Z","2020-07-29T11:19:36Z","2020-07-29T11:19:46Z","2020-07-29T11:19:55Z","2020-07-29T11:20:05Z","2020-07-29T11:20:16Z","2020-07-29T11:20:30Z","2020-07-29T11:20:40Z","2020-07-29T11:20:51Z","2020-07-29T11:22:15Z","2020-07-29T11:22:24Z","2020-07-29T11:22:35Z","2020-07-29T11:22:43Z","2020-07-29T11:22:52Z","2020-07-29T11:23:01Z","2020-07-29T11:23:09Z","2020-07-29T11:23:20Z","2020-07-29T11:23:31Z","2020-07-29T11:23:41Z","2020-07-29T11:23:51Z","2020-07-29T11:24:01Z","2020-07-29T11:24:10Z","2020-07-29T11:24:26Z","2020-07-29T11:24:39Z","2020-07-29T11:24:52Z","2020-07-29T11:25:03Z","2020-07-29T11:25:17Z","2020-07-29T11:25:26Z","2020-07-29T11:25:35Z","2020-07-29T11:25:44Z","2020-07-29T11:25:53Z","2020-07-29T11:26:04Z","2020-07-29T11:26:13Z","2020-07-29T11:26:23Z","2020-07-29T11:26:41Z","2020-07-29T11:26:57Z","2020-07-29T11:27:13Z","2020-07-29T11:27:29Z","2020-07-29T11:27:54Z","2020-07-29T11:28:17Z","2020-07-29T11:28:34Z","2020-07-29T11:31:10Z","2020-07-29T11:31:18Z","2020-07-29T11:31:25Z","2020-07-29T11:31:33Z","2020-07-29T11:31:40Z","2020-07-29T11:31:47Z","2020-07-29T11:31:55Z","2020-07-29T11:32:03Z","2020-07-29T11:32:14Z","2020-07-29T11:32:25Z","2020-07-29T11:32:35Z","2020-07-29T11:32:45Z","2020-07-29T11:32:54Z","2020-07-29T11:33:01Z","2020-07-29T11:33:08Z","2020-07-29T11:33:17Z","2020-07-29T11:33:27Z","2020-07-29T11:33:37Z","2020-07-29T11:33:47Z","2020-07-29T11:33:58Z","2020-07-29T11:34:09Z","2020-07-29T11:34:18Z","2020-07-29T11:34:28Z","2020-07-29T11:34:36Z","2020-07-29T11:34:48Z","2020-07-29T11:34:55Z","2020-07-29T11:35:03Z","2020-07-29T11:35:10Z","2020-07-29T11:35:16Z","2020-07-29T11:35:23Z","2020-07-29T11:35:30Z","2020-07-29T11:35:37Z","2020-07-29T11:35:44Z","2020-07-29T11:35:51Z","2020-07-29T11:35:58Z","2020-07-29T11:36:04Z","2020-07-29T11:36:11Z","2020-07-29T11:36:18Z","2020-07-29T11:36:25Z","2020-07-29T11:36:32Z","2020-07-29T11:36:39Z","2020-07-29T11:36:47Z","2020-07-29T11:36:54Z","2020-07-29T11:37:01Z","2020-07-29T11:37:08Z","2020-07-29T11:37:55Z","2020-07-29T11:39:44Z","2020-07-29T11:40:02Z","2020-07-29T11:40:11Z","2020-07-29T11:40:20Z","2020-07-29T11:40:39Z","2020-07-29T11:40:46Z","2020-07-29T11:40:53Z","2020-07-29T11:41:01Z","2020-07-29T11:41:10Z","2020-07-29T11:41:18Z","2020-07-29T11:41:25Z","2020-07-29T11:41:31Z","2020-07-29T11:41:38Z","2020-07-29T11:41:45Z","2020-07-29T11:41:52Z","2020-07-29T11:41:59Z","2020-07-29T11:42:07Z","2020-07-29T11:42:15Z","2020-07-29T11:42:32Z","2020-07-29T11:42:39Z","2020-07-29T11:42:46Z","2020-07-29T11:42:53Z","2020-07-29T11:42:59Z","2020-07-29T11:43:07Z","2020-07-29T11:43:15Z","2020-07-29T11:43:23Z","2020-07-29T11:43:31Z","2020-07-29T11:43:38Z","2020-07-29T11:43:44Z","2020-07-29T11:43:52Z","2020-07-29T11:43:59Z","2020-07-29T11:44:05Z","2020-07-29T11:44:12Z","2020-07-29T11:44:19Z","2020-07-29T11:44:32Z","2020-07-29T11:44:39Z","2020-07-29T11:44:47Z","2020-07-29T11:45:05Z","2020-07-29T11:45:13Z","2020-07-29T11:45:22Z","2020-07-29T11:45:31Z","2020-07-29T11:45:40Z","2020-07-29T11:45:47Z","2020-07-29T11:45:54Z","2020-07-29T11:46:01Z","2020-07-29T11:46:08Z","2020-07-29T11:46:16Z","2020-07-29T11:46:23Z","2020-07-29T11:46:30Z","2020-07-29T11:46:37Z","2020-07-29T11:46:44Z","2020-07-29T11:46:51Z","2020-07-29T11:47:01Z","2020-07-29T11:47:10Z","2020-07-29T11:47:21Z","2020-07-29T11:47:33Z","2020-07-29T11:47:42Z","2020-07-29T11:47:48Z","2020-07-29T11:47:55Z","2020-07-29T11:48:03Z","2020-07-29T11:48:09Z","2020-07-29T11:48:15Z","2020-07-29T11:48:24Z","2020-07-29T11:48:32Z","2020-07-29T11:48:40Z","2020-07-29T11:48:50Z","2020-07-29T11:48:58Z","2020-07-29T11:49:08Z","2020-07-29T11:49:29Z","2020-07-29T11:49:52Z","2020-07-29T11:52:19Z","2020-07-29T11:52:41Z","2020-07-29T11:52:51Z","2020-07-29T11:53:00Z","2020-07-29T11:53:08Z","2020-07-29T11:53:16Z","2020-07-29T11:53:25Z","2020-07-29T11:53:33Z","2020-07-29T11:53:40Z","2020-07-29T11:53:51Z","2020-07-29T11:54:03Z","2020-07-29T11:54:48Z","2020-07-29T11:55:17Z","2020-07-29T11:55:50Z","2020-07-29T11:56:12Z","2020-07-29T11:56:24Z","2020-07-29T11:56:39Z","2020-07-29T11:56:49Z","2020-07-29T11:57:02Z","2020-07-29T11:57:14Z","2020-07-29T11:57:24Z","2020-07-29T11:57:33Z","2020-07-29T11:57:43Z","2020-07-29T11:57:53Z","2020-07-29T11:58:01Z","2020-07-29T11:58:09Z","2020-07-29T11:58:16Z","2020-07-29T11:58:23Z","2020-07-29T11:58:31Z","2020-07-29T11:58:38Z","2020-07-29T11:58:47Z","2020-07-29T11:58:55Z","2020-07-29T11:59:04Z","2020-07-29T11:59:14Z","2020-07-29T11:59:23Z","2020-07-29T11:59:32Z","2020-07-29T12:00:03Z","2020-07-29T12:00:13Z","2020-07-29T12:00:25Z","2020-07-29T12:00:34Z","2020-07-29T12:00:42Z","2020-07-29T12:00:49Z","2020-07-29T12:00:58Z","2020-07-29T12:01:06Z","2020-07-29T12:01:13Z","2020-07-29T12:01:20Z","2020-07-29T12:01:27Z","2020-07-29T12:01:33Z","2020-07-29T12:01:41Z","2020-07-29T12:03:25Z","2020-07-29T12:03:37Z","2020-07-29T12:03:44Z","2020-07-29T12:03:50Z","2020-07-29T12:03:56Z","2020-07-29T12:04:01Z","2020-07-29T12:04:07Z","2020-07-29T12:04:14Z","2020-07-29T12:04:20Z","2020-07-29T12:04:26Z","2020-07-29T12:04:32Z","2020-07-29T12:04:38Z","2020-07-29T12:04:44Z","2020-07-29T12:04:50Z","2020-07-29T12:04:57Z","2020-07-29T12:05:10Z","2020-07-29T12:05:16Z","2020-07-29T12:05:23Z","2020-07-29T12:05:29Z","2020-07-29T12:05:35Z","2020-07-29T12:05:41Z","2020-07-29T12:05:47Z","2020-07-29T12:05:53Z","2020-07-29T12:05:59Z","2020-07-29T12:06:05Z","2020-07-29T12:06:12Z","2020-07-29T12:06:18Z","2020-07-29T12:06:24Z","2020-07-29T12:06:40Z","2020-07-29T12:06:46Z","2020-07-29T12:06:53Z","2020-07-29T12:06:59Z","2020-07-29T12:07:05Z","2020-07-29T12:07:12Z","2020-07-29T12:07:18Z","2020-07-29T12:07:31Z","2020-07-29T12:07:39Z","2020-07-29T12:07:45Z","2020-07-29T12:07:55Z","2020-07-29T12:08:23Z","2020-07-29T12:08:29Z","2020-07-29T12:08:36Z","2020-07-29T12:08:54Z","2020-07-29T12:09:00Z","2020-07-29T12:09:05Z","2020-07-29T12:09:11Z","2020-07-29T12:09:18Z","2020-07-29T12:09:45Z","2020-07-29T12:09:52Z","2020-07-29T12:09:58Z","2020-07-29T12:10:04Z","2020-07-29T12:10:11Z","2020-07-29T12:10:18Z","2020-07-29T12:10:25Z","2020-07-29T12:10:31Z","2020-07-29T12:10:37Z","2020-07-29T12:11:03Z","2020-07-29T12:11:10Z","2020-07-29T12:11:16Z","2020-07-29T12:11:23Z","2020-07-29T12:11:31Z","2020-07-29T12:11:37Z","2020-07-29T12:11:43Z","2020-07-29T12:11:49Z","2020-07-29T12:11:55Z","2020-07-29T12:12:02Z","2020-07-29T12:12:08Z","2020-07-29T12:12:14Z","2020-07-29T12:12:21Z","2020-07-29T12:12:27Z","2020-07-29T12:12:34Z","2020-07-29T12:12:42Z","2020-07-29T12:12:49Z","2020-07-29T12:12:57Z","2020-07-29T12:13:26Z","2020-07-29T12:13:36Z","2020-07-29T12:13:44Z","2020-07-29T12:13:51Z","2020-07-29T12:14:08Z","2020-07-29T12:14:14Z","2020-07-29T12:14:21Z","2020-07-29T12:14:28Z","2020-07-29T12:14:34Z","2020-07-29T12:14:40Z","2020-07-29T12:14:47Z","2020-07-29T12:14:53Z","2020-07-29T12:14:59Z","2020-07-29T12:15:04Z","2020-07-29T12:15:11Z","2020-07-29T12:15:18Z","2020-07-29T12:15:25Z","2020-07-29T12:15:33Z","2020-07-29T12:15:40Z","2020-07-29T12:15:48Z","2020-07-29T12:16:04Z","2020-07-29T12:16:10Z","2020-07-29T12:16:17Z","2020-07-29T12:16:23Z","2020-07-29T12:16:29Z","2020-07-29T12:16:35Z","2020-07-29T12:16:43Z","2020-07-29T12:17:15Z","2020-07-29T12:17:21Z","2020-07-29T12:17:27Z","2020-07-29T12:17:34Z","2020-07-29T12:17:41Z","2020-07-29T12:17:48Z","2020-07-29T12:17:54Z","2020-07-29T12:18:00Z","2020-07-29T12:18:07Z","2020-07-29T12:18:14Z","2020-07-29T12:18:20Z","2020-07-29T12:18:27Z","2020-07-29T12:18:34Z","2020-07-29T12:18:41Z","2020-07-29T12:18:48Z","2020-07-29T12:18:58Z","2020-07-29T12:19:04Z","2020-07-29T12:19:10Z","2020-07-29T12:19:17Z","2020-07-29T12:19:23Z","2020-07-29T12:19:30Z","2020-07-29T12:21:10Z","2020-07-29T12:21:19Z","2020-07-29T12:21:27Z","2020-07-29T12:21:33Z","2020-07-29T12:21:39Z","2020-07-29T12:21:45Z","2020-07-29T12:21:52Z","2020-07-29T12:21:59Z","2020-07-29T12:22:06Z","2020-07-29T12:22:12Z","2020-07-29T12:22:19Z","2020-07-29T12:22:26Z","2020-07-29T12:22:33Z","2020-07-29T12:22:40Z","2020-07-29T12:22:47Z","2020-07-29T12:22:54Z","2020-07-29T12:23:03Z","2020-07-29T12:23:14Z","2020-07-29T12:23:37Z","2020-07-29T12:23:44Z","2020-07-29T12:23:50Z","2020-07-29T12:23:58Z","2020-07-29T12:24:03Z","2020-07-29T12:24:10Z","2020-07-29T12:24:17Z","2020-07-29T12:24:25Z","2020-07-29T12:24:43Z","2020-07-29T12:24:50Z","2020-07-29T12:24:57Z","2020-07-29T12:25:04Z","2020-07-29T12:25:11Z","2020-07-29T12:25:18Z","2020-07-29T12:25:25Z","2020-07-29T12:25:32Z","2020-07-29T12:25:40Z","2020-07-29T12:25:47Z","2020-07-29T12:26:05Z","2020-07-29T12:26:18Z","2020-07-29T12:26:25Z","2020-07-29T12:26:32Z","2020-07-29T12:30:15Z","2020-07-29T12:30:25Z","2020-07-29T12:30:32Z","2020-07-29T12:30:39Z","2020-07-29T12:30:56Z","2020-07-29T12:31:03Z","2020-07-29T12:31:09Z","2020-07-29T12:31:15Z","2020-07-29T12:31:21Z","2020-07-29T12:31:27Z","2020-07-29T12:31:33Z","2020-07-29T12:31:39Z","2020-07-29T12:31:45Z","2020-07-29T12:31:51Z","2020-07-29T12:31:58Z","2020-07-29T12:32:05Z","2020-07-29T12:32:12Z","2020-07-29T12:32:19Z","2020-07-29T12:32:26Z","2020-07-29T12:32:39Z","2020-07-29T12:32:46Z","2020-07-29T12:32:52Z","2020-07-29T12:32:58Z","2020-07-29T12:33:05Z","2020-07-29T12:33:12Z","2020-07-29T12:33:18Z","2020-07-29T12:33:24Z","2020-07-29T12:33:30Z","2020-07-29T12:33:37Z","2020-07-29T12:33:43Z","2020-07-29T12:33:50Z","2020-07-29T12:33:57Z","2020-07-29T12:34:04Z","2020-07-29T12:34:11Z","2020-07-29T12:34:18Z","2020-07-29T12:34:25Z","2020-07-29T12:34:32Z","2020-07-29T12:34:39Z","2020-07-29T12:34:46Z","2020-07-29T12:34:53Z","2020-07-29T12:35:00Z","2020-07-29T12:35:07Z","2020-07-29T12:35:14Z","2020-07-29T12:35:20Z","2020-07-29T12:35:27Z","2020-07-29T12:35:34Z","2020-07-29T12:35:41Z","2020-07-29T12:35:47Z","2020-07-29T12:35:53Z","2020-07-29T12:35:59Z","2020-07-29T12:36:06Z","2020-07-29T12:36:13Z","2020-07-29T12:36:20Z","2020-07-29T12:36:26Z","2020-07-29T12:36:32Z","2020-07-29T12:36:38Z","2020-07-29T12:37:00Z","2020-07-29T12:37:07Z","2020-07-29T12:37:14Z","2020-07-29T12:37:21Z","2020-07-29T12:37:28Z","2020-07-29T12:37:34Z","2020-07-29T12:37:41Z","2020-07-29T12:37:48Z","2020-07-29T12:37:55Z","2020-07-29T12:38:02Z","2020-07-29T12:38:09Z","2020-07-29T12:38:16Z","2020-07-29T12:38:22Z","2020-07-29T12:38:29Z","2020-07-29T12:38:36Z","2020-07-29T12:38:43Z","2020-07-29T12:38:50Z","2020-07-29T12:39:06Z","2020-07-29T12:39:13Z","2020-07-29T12:39:21Z","2020-07-29T12:39:28Z","2020-07-29T12:39:35Z","2020-07-29T12:39:41Z","2020-07-29T12:39:47Z","2020-07-29T12:39:59Z","2020-07-29T12:40:06Z","2020-07-29T12:40:12Z","2020-07-29T12:40:18Z","2020-07-29T12:40:24Z","2020-07-29T12:40:31Z","2020-07-29T12:40:38Z","2020-07-29T12:40:44Z","2020-07-29T12:40:50Z","2020-07-29T12:40:56Z","2020-07-29T12:41:03Z","2020-07-29T12:41:09Z","2020-07-29T12:41:15Z","2020-07-29T12:41:21Z","2020-07-29T12:41:27Z","2020-07-29T12:41:34Z","2020-07-29T12:41:41Z","2020-07-29T12:41:48Z","2020-07-29T12:41:55Z","2020-07-29T12:42:02Z","2020-07-29T12:42:09Z","2020-07-29T12:42:16Z","2020-07-29T12:42:23Z","2020-07-29T12:42:30Z","2020-07-29T12:42:36Z","2020-07-29T12:42:43Z","2020-07-29T12:42:50Z","2020-07-29T12:42:57Z","2020-07-29T12:43:04Z","2020-07-29T12:43:10Z","2020-07-29T12:43:17Z","2020-07-29T12:43:24Z","2020-07-29T12:43:48Z","2020-07-29T12:43:54Z","2020-07-29T12:44:00Z","2020-07-29T12:44:06Z","2020-07-29T12:44:13Z","2020-07-29T12:44:19Z","2020-07-29T12:44:25Z","2020-07-29T12:44:31Z","2020-07-29T12:44:37Z","2020-07-29T12:44:44Z","2020-07-29T12:44:50Z","2020-07-29T12:44:56Z","2020-07-29T12:45:14Z","2020-07-29T12:45:44Z","2020-07-29T12:45:51Z","2020-07-29T12:45:57Z","2020-07-29T12:46:03Z","2020-07-29T12:46:09Z","2020-07-29T12:46:15Z","2020-07-29T12:46:21Z","2020-07-29T12:46:27Z","2020-07-29T12:46:33Z","2020-07-29T12:46:39Z","2020-07-29T12:46:45Z","2020-07-29T12:46:51Z","2020-07-29T12:46:57Z","2020-07-29T12:47:03Z","2020-07-29T12:47:09Z","2020-07-29T12:47:16Z","2020-07-29T12:47:23Z","2020-07-29T12:47:30Z","2020-07-29T12:47:38Z","2020-07-29T12:47:44Z","2020-07-29T12:47:50Z","2020-07-29T12:48:01Z","2020-07-29T12:48:08Z","2020-07-29T12:48:15Z","2020-07-29T12:48:20Z","2020-07-29T12:48:26Z","2020-07-29T12:48:33Z","2020-07-29T12:48:39Z","2020-07-29T12:48:45Z","2020-07-29T12:48:51Z","2020-07-29T12:48:57Z","2020-07-29T12:49:03Z","2020-07-29T12:49:08Z","2020-07-29T12:49:13Z","2020-07-29T12:49:19Z","2020-07-29T12:49:25Z","2020-07-29T12:49:32Z","2020-07-29T12:49:38Z","2020-07-29T12:49:44Z","2020-07-29T12:49:51Z","2020-07-29T12:49:57Z","2020-07-29T12:50:04Z","2020-07-29T12:50:09Z","2020-07-29T12:50:15Z","2020-07-29T12:50:22Z","2020-07-29T12:50:28Z","2020-07-29T12:50:35Z","2020-07-29T12:50:42Z","2020-07-29T12:50:47Z","2020-07-29T12:50:53Z","2020-07-29T12:51:00Z","2020-07-29T12:51:06Z","2020-07-29T12:51:44Z","2020-07-29T12:51:50Z","2020-07-29T12:51:55Z","2020-07-29T12:52:01Z","2020-07-29T12:52:07Z","2020-07-29T12:52:13Z","2020-07-29T12:52:19Z","2020-07-29T12:52:25Z","2020-07-29T12:52:34Z","2020-07-29T12:52:55Z","2020-07-29T12:53:02Z","2020-07-29T12:53:09Z","2020-07-29T12:53:15Z","2020-07-29T12:53:21Z","2020-07-29T12:53:29Z","2020-07-29T12:53:43Z","2020-07-29T12:53:50Z","2020-07-29T12:53:58Z","2020-07-29T12:54:05Z","2020-07-29T12:54:12Z","2020-07-29T12:54:18Z","2020-07-29T12:54:24Z","2020-07-29T12:54:31Z","2020-07-29T12:54:37Z","2020-07-29T12:54:43Z","2020-07-29T12:54:49Z","2020-07-29T12:54:55Z","2020-07-29T12:55:02Z","2020-07-29T12:55:09Z","2020-07-29T12:55:15Z","2020-07-29T12:55:22Z","2020-07-29T12:55:28Z","2020-07-29T12:55:34Z","2020-07-29T12:55:40Z","2020-07-29T12:55:46Z","2020-07-29T12:55:52Z","2020-07-29T12:55:57Z","2020-07-29T12:56:03Z","2020-07-29T12:56:13Z","2020-07-29T12:56:19Z","2020-07-29T12:56:25Z","2020-07-29T12:56:31Z","2020-07-29T12:56:37Z","2020-07-29T12:56:43Z","2020-07-29T12:56:49Z","2020-07-29T12:56:54Z","2020-07-29T12:57:00Z","2020-07-29T12:57:06Z","2020-07-29T12:57:12Z","2020-07-29T12:57:18Z","2020-07-29T12:57:36Z","2020-07-29T12:57:42Z","2020-07-29T12:57:48Z","2020-07-29T12:57:54Z","2020-07-29T12:58:00Z","2020-07-29T12:58:06Z","2020-07-29T12:58:11Z","2020-07-29T12:58:17Z","2020-07-29T12:58:23Z","2020-07-29T12:58:29Z","2020-07-29T12:58:35Z","2020-07-29T12:58:41Z","2020-07-29T12:58:47Z","2020-07-29T12:58:53Z","2020-07-29T12:58:59Z","2020-07-29T12:59:05Z","2020-07-29T12:59:11Z","2020-07-29T12:59:18Z","2020-07-29T12:59:24Z","2020-07-29T12:59:30Z","2020-07-29T12:59:36Z","2020-07-29T12:59:42Z","2020-07-29T12:59:48Z","2020-07-29T12:59:54Z","2020-07-29T13:00:00Z","2020-07-29T13:00:06Z","2020-07-29T13:00:12Z","2020-07-29T13:00:18Z","2020-07-29T13:00:24Z","2020-07-29T13:00:30Z","2020-07-29T13:00:36Z","2020-07-29T13:00:42Z","2020-07-29T13:00:48Z","2020-07-29T13:00:56Z","2020-07-29T13:01:03Z","2020-07-29T13:01:09Z","2020-07-29T13:01:16Z","2020-07-29T13:01:23Z","2020-07-29T13:01:29Z","2020-07-29T13:01:35Z","2020-07-29T13:01:41Z","2020-07-29T13:01:47Z","2020-07-29T13:01:53Z","2020-07-29T13:01:59Z","2020-07-29T13:02:05Z","2020-07-29T13:02:11Z","2020-07-29T13:02:17Z","2020-07-29T13:02:23Z","2020-07-29T13:02:29Z","2020-07-29T13:02:35Z","2020-07-29T13:02:41Z","2020-07-29T13:02:47Z","2020-07-29T13:02:53Z","2020-07-29T13:02:59Z","2020-07-29T13:03:05Z","2020-07-29T13:03:12Z","2020-07-29T13:03:18Z","2020-07-29T13:03:24Z","2020-07-29T13:03:30Z","2020-07-29T13:03:36Z","2020-07-29T13:03:43Z","2020-07-29T13:03:50Z","2020-07-29T13:03:56Z","2020-07-29T13:04:02Z","2020-07-29T13:04:08Z","2020-07-29T13:04:14Z","2020-07-29T13:04:21Z","2020-07-29T13:04:28Z","2020-07-29T13:04:34Z","2020-07-29T13:04:41Z","2020-07-29T13:04:48Z","2020-07-29T13:04:55Z","2020-07-29T13:05:02Z","2020-07-29T13:05:09Z","2020-07-29T13:05:15Z","2020-07-29T13:05:22Z","2020-07-29T13:05:29Z","2020-07-29T13:05:36Z","2020-07-29T13:06:29Z","2020-07-29T13:07:41Z","2020-07-29T13:07:48Z","2020-07-29T13:07:54Z","2020-07-29T13:08:00Z","2020-07-29T13:08:06Z","2020-07-29T13:08:12Z","2020-07-29T13:08:18Z","2020-07-29T13:08:24Z","2020-07-29T13:08:30Z","2020-07-29T13:08:36Z","2020-07-29T13:08:42Z","2020-07-29T13:08:48Z","2020-07-29T13:08:54Z","2020-07-29T13:09:00Z","2020-07-29T13:09:07Z","2020-07-29T13:09:29Z","2020-07-29T13:09:36Z","2020-07-29T13:09:42Z","2020-07-29T13:09:48Z","2020-07-29T13:09:54Z","2020-07-29T13:10:00Z","2020-07-29T13:10:06Z","2020-07-29T13:10:14Z","2020-07-29T13:10:43Z","2020-07-29T13:10:49Z","2020-07-29T13:10:55Z","2020-07-29T13:11:01Z","2020-07-29T13:11:07Z","2020-07-29T13:11:13Z","2020-07-29T13:11:19Z","2020-07-29T13:11:25Z","2020-07-29T13:11:31Z","2020-07-29T13:11:37Z","2020-07-29T13:11:43Z","2020-07-29T13:11:49Z","2020-07-29T13:11:55Z","2020-07-29T13:12:01Z","2020-07-29T13:12:07Z","2020-07-29T13:12:13Z","2020-07-29T13:12:19Z","2020-07-29T13:12:25Z","2020-07-29T13:12:31Z","2020-07-29T13:12:37Z","2020-07-29T13:12:43Z","2020-07-29T13:12:49Z","2020-07-29T13:12:55Z","2020-07-29T13:13:01Z","2020-07-29T13:13:06Z","2020-07-29T13:13:12Z","2020-07-29T13:13:18Z","2020-07-29T13:13:24Z","2020-07-29T13:13:30Z","2020-07-29T13:13:35Z","2020-07-29T13:13:41Z","2020-07-29T13:13:47Z","2020-07-29T13:13:53Z","2020-07-29T13:13:59Z","2020-07-29T13:14:05Z","2020-07-29T13:14:11Z","2020-07-29T13:14:30Z","2020-07-29T13:14:36Z","2020-07-29T13:14:42Z","2020-07-29T13:14:47Z","2020-07-29T13:14:53Z","2020-07-29T13:14:59Z","2020-07-29T13:15:05Z","2020-07-29T13:15:11Z","2020-07-29T13:15:30Z","2020-07-29T13:15:46Z","2020-07-29T13:15:52Z","2020-07-29T13:15:58Z","2020-07-29T13:16:04Z","2020-07-29T13:16:09Z","2020-07-29T13:16:15Z","2020-07-29T13:16:21Z","2020-07-29T13:16:26Z","2020-07-29T13:16:31Z","2020-07-29T13:16:37Z","2020-07-29T13:16:44Z","2020-07-29T13:16:50Z","2020-07-29T13:16:56Z","2020-07-29T13:17:02Z","2020-07-29T13:17:08Z","2020-07-29T13:17:14Z","2020-07-29T13:17:20Z","2020-07-29T13:17:27Z","2020-07-29T13:17:33Z","2020-07-29T13:17:39Z","2020-07-29T13:17:46Z","2020-07-29T13:17:53Z","2020-07-29T13:17:59Z","2020-07-29T13:18:05Z","2020-07-29T13:18:11Z","2020-07-29T13:18:17Z","2020-07-29T13:18:24Z","2020-07-29T13:18:30Z","2020-07-29T13:18:36Z","2020-07-29T13:18:43Z","2020-07-29T13:18:49Z","2020-07-29T13:18:55Z","2020-07-29T13:19:00Z","2020-07-29T13:19:06Z","2020-07-29T13:19:12Z","2020-07-29T13:19:19Z","2020-07-29T13:19:25Z","2020-07-29T13:19:31Z","2020-07-29T13:19:38Z","2020-07-29T13:19:44Z","2020-07-29T13:19:50Z","2020-07-29T13:19:56Z","2020-07-29T13:20:02Z","2020-07-29T13:20:09Z","2020-07-29T13:20:16Z","2020-07-29T13:20:22Z","2020-07-29T13:20:28Z","2020-07-29T13:20:35Z","2020-07-29T13:20:41Z","2020-07-29T13:20:47Z","2020-07-29T13:20:53Z","2020-07-29T13:21:00Z","2020-07-29T13:21:07Z","2020-07-29T13:21:15Z","2020-07-29T13:21:27Z","2020-07-29T13:21:41Z","2020-07-29T13:24:09Z","2020-07-29T13:24:16Z","2020-07-29T13:24:22Z","2020-07-29T13:24:29Z","2020-07-29T13:24:36Z","2020-07-29T13:24:43Z","2020-07-29T13:24:50Z","2020-07-29T13:24:58Z","2020-07-29T13:25:06Z","2020-07-29T13:25:12Z","2020-07-29T13:25:19Z","2020-07-29T13:27:54Z","2020-07-29T13:28:24Z","2020-07-29T13:28:31Z","2020-07-29T13:28:38Z","2020-07-29T13:28:45Z","2020-07-29T13:28:53Z","2020-07-29T13:29:00Z","2020-07-29T13:29:06Z","2020-07-29T13:29:33Z","2020-07-29T13:29:40Z","2020-07-29T13:29:46Z","2020-07-29T13:29:52Z","2020-07-29T13:29:58Z","2020-07-29T13:30:04Z","2020-07-29T13:30:10Z","2020-07-29T13:30:16Z","2020-07-29T13:30:22Z","2020-07-29T13:30:28Z","2020-07-29T13:30:34Z","2020-07-29T13:30:40Z","2020-07-29T13:30:46Z","2020-07-29T13:30:53Z","2020-07-29T13:31:00Z","2020-07-29T13:31:06Z","2020-07-29T13:31:13Z","2020-07-29T13:31:20Z","2020-07-29T13:31:26Z","2020-07-29T13:31:32Z","2020-07-29T13:31:39Z","2020-07-29T13:31:45Z","2020-07-29T13:31:52Z","2020-07-29T13:31:59Z","2020-07-29T13:32:06Z","2020-07-29T13:32:12Z","2020-07-29T13:32:18Z","2020-07-29T13:32:25Z","2020-07-29T13:32:32Z","2020-07-29T13:32:45Z","2020-07-29T13:32:51Z","2020-07-29T13:32:57Z","2020-07-29T13:33:04Z","2020-07-29T13:33:11Z","2020-07-29T13:33:18Z","2020-07-29T13:33:24Z","2020-07-29T13:33:30Z","2020-07-29T13:33:37Z","2020-07-29T13:33:44Z","2020-07-29T13:33:50Z","2020-07-29T13:33:56Z","2020-07-29T13:34:02Z","2020-07-29T13:34:08Z","2020-07-29T13:34:15Z","2020-07-29T13:34:21Z","2020-07-29T13:34:27Z","2020-07-29T13:34:33Z","2020-07-29T13:34:39Z","2020-07-29T13:34:45Z","2020-07-29T13:34:51Z","2020-07-29T13:34:58Z","2020-07-29T13:35:05Z","2020-07-29T13:35:12Z","2020-07-29T13:35:19Z","2020-07-29T13:35:26Z","2020-07-29T13:35:34Z","2020-07-29T13:35:41Z","2020-07-29T13:35:48Z","2020-07-29T13:35:55Z","2020-07-29T13:36:01Z","2020-07-29T13:36:07Z","2020-07-29T13:36:14Z","2020-07-29T13:36:21Z","2020-07-29T13:36:28Z","2020-07-29T13:36:42Z","2020-07-29T13:36:49Z","2020-07-29T13:36:55Z","2020-07-29T13:37:01Z","2020-07-29T13:37:08Z","2020-07-29T13:37:14Z","2020-07-29T13:37:21Z","2020-07-29T13:37:28Z","2020-07-29T13:37:34Z","2020-07-29T13:37:41Z","2020-07-29T13:37:49Z","2020-07-29T13:37:57Z","2020-07-29T13:38:04Z","2020-07-29T13:38:11Z","2020-07-29T13:38:18Z","2020-07-29T13:38:25Z","2020-07-29T13:38:31Z","2020-07-29T13:38:38Z","2020-07-29T13:38:45Z","2020-07-29T13:38:56Z","2020-07-29T13:39:03Z","2020-07-29T13:39:10Z","2020-07-29T13:39:17Z","2020-07-29T13:39:24Z","2020-07-29T13:39:31Z","2020-07-29T13:39:39Z","2020-07-29T13:39:47Z","2020-07-29T13:39:54Z","2020-07-29T13:40:01Z","2020-07-29T13:40:08Z","2020-07-29T13:40:14Z","2020-07-29T13:40:20Z","2020-07-29T13:40:27Z","2020-07-29T13:40:34Z","2020-07-29T13:40:40Z","2020-07-29T13:40:47Z","2020-07-29T13:40:55Z","2020-07-29T13:41:02Z","2020-07-29T13:41:09Z","2020-07-29T13:41:16Z","2020-07-29T13:41:23Z","2020-07-29T13:41:29Z","2020-07-29T13:41:35Z","2020-07-29T13:41:41Z","2020-07-29T13:41:47Z","2020-07-29T13:41:54Z","2020-07-29T13:42:00Z","2020-07-29T13:42:07Z","2020-07-29T13:42:14Z","2020-07-29T13:42:21Z","2020-07-29T13:42:27Z","2020-07-29T13:42:33Z","2020-07-29T13:42:39Z","2020-07-29T13:42:45Z","2020-07-29T13:42:51Z","2020-07-29T13:42:57Z","2020-07-29T13:43:03Z","2020-07-29T13:43:09Z","2020-07-29T13:43:16Z","2020-07-29T13:43:22Z","2020-07-29T13:43:28Z","2020-07-29T13:43:34Z","2020-07-29T13:43:40Z","2020-07-29T13:43:47Z","2020-07-29T13:43:53Z","2020-07-29T13:44:00Z","2020-07-29T13:44:07Z","2020-07-29T13:44:15Z","2020-07-29T13:44:22Z","2020-07-29T13:44:29Z","2020-07-29T13:44:36Z","2020-07-29T13:44:43Z","2020-07-29T13:44:49Z","2020-07-29T13:44:55Z","2020-07-29T13:45:01Z","2020-07-29T13:45:07Z","2020-07-29T13:45:13Z","2020-07-29T13:45:19Z","2020-07-29T13:45:25Z","2020-07-29T13:45:31Z","2020-07-29T13:45:37Z","2020-07-29T13:45:44Z","2020-07-29T13:45:50Z","2020-07-29T13:45:57Z","2020-07-29T13:46:04Z","2020-07-29T13:46:10Z","2020-07-29T13:46:16Z","2020-07-29T13:46:22Z","2020-07-29T13:46:29Z","2020-07-29T13:46:35Z","2020-07-29T13:46:41Z","2020-07-29T13:46:47Z","2020-07-29T13:46:53Z","2020-07-29T13:46:59Z","2020-07-29T13:47:05Z","2020-07-29T13:47:11Z","2020-07-29T13:47:17Z","2020-07-29T13:47:23Z","2020-07-29T13:47:30Z","2020-07-29T13:47:36Z","2020-07-29T13:47:42Z","2020-07-29T13:47:49Z","2020-07-29T13:47:55Z","2020-07-29T13:48:02Z","2020-07-29T13:48:09Z","2020-07-29T13:48:15Z","2020-07-29T13:48:21Z","2020-07-29T13:48:27Z","2020-07-29T13:48:33Z","2020-07-29T13:48:39Z","2020-07-29T13:48:46Z","2020-07-29T13:48:52Z","2020-07-29T13:48:58Z","2020-07-29T13:49:04Z","2020-07-29T13:49:10Z","2020-07-29T13:49:16Z","2020-07-29T13:49:22Z","2020-07-29T13:49:28Z","2020-07-29T13:49:34Z","2020-07-29T13:49:40Z","2020-07-29T13:49:46Z","2020-07-29T13:49:53Z","2020-07-29T13:50:00Z","2020-07-29T13:50:07Z","2020-07-29T13:50:13Z","2020-07-29T13:50:20Z","2020-07-29T13:50:27Z","2020-07-29T13:50:33Z","2020-07-29T13:50:39Z","2020-07-29T13:50:45Z","2020-07-29T13:50:51Z","2020-07-29T13:50:58Z","2020-07-29T13:51:04Z","2020-07-29T13:51:10Z","2020-07-29T13:51:17Z","2020-07-29T13:51:25Z","2020-07-29T13:51:33Z","2020-07-29T13:51:41Z","2020-07-29T13:51:48Z","2020-07-29T13:51:56Z","2020-07-29T13:52:09Z"]}},"geometry":{"type":"LineString","coordinates":[[-6.718450114130974,61.81853061541915,55.22],[-6.718479115515947,61.818424416705966,54.48],[-6.718509122729302,61.818332551047206,54.27],[-6.71853250823915,61.81824227795005,54.15],[-6.718576261773706,61.818158542737365,54.78],[-6.718542901799083,61.81805913336575,55.62],[-6.71851004473865,61.81794195435941,56],[-6.718507446348667,61.81785478256643,54.78],[-6.718647088855505,61.81777280755341,54.94],[-6.718687154352665,61.817680187523365,55.78],[-6.718807183206081,61.81760651059449,55.71],[-6.718956213444471,61.817543897777796,57.09],[-6.719090407714248,61.81746703572571,57.29],[-6.719222338870168,61.817391933873296,57.71],[-6.719267936423421,61.817303504794836,58.21],[-6.719339936971664,61.8172122258693,60.31],[-6.719428114593029,61.81712061166763,59.69],[-6.719552921131253,61.81703536771238,61.33],[-6.719625173136592,61.81695205159485,60.53],[-6.719758445397019,61.81687669828534,62.12],[-6.719916025176644,61.81682037189603,63.74],[-6.720081400126219,61.816766895353794,63.55],[-6.720261108130217,61.81671878322959,64.74],[-6.72039270401001,61.81664996780455,65.53],[-6.720547685399652,61.8165940605104,66.26],[-6.720707528293133,61.81652817875147,66.27],[-6.720836693421006,61.816459111869335,67.3],[-6.721000391989946,61.8163953255862,67.66],[-6.721127210184932,61.81632483378053,68.41],[-6.721289232373238,61.81625015102327,70.98],[-6.721441866829991,61.816180162131786,72.57],[-6.721523674204946,61.81609718129039,72.56],[-6.721623167395592,61.81601428426802,73.19],[-6.721787452697754,61.81596684269607,74.08],[-6.721974452957511,61.81590959429741,76.07],[-6.722175199538469,61.81587003171444,77.71],[-6.722366809844971,61.81581001728773,78.14],[-6.72250360250473,61.81574044749141,80],[-6.722711222246289,61.815712954849005,80.89],[-6.722892774268985,61.81567523628473,81.4],[-6.723076673224568,61.81561874225736,82.44],[-6.723231486976147,61.81556803174317,82.93],[-6.723389821127057,61.81551623158157,82.99],[-6.723557710647583,61.81547524407506,84.68],[-6.723736999556422,61.815427634865046,84.24],[-6.723793912678957,61.81534641422331,83.85],[-6.723958617076278,61.81529293768108,84.86],[-6.724105384200811,61.815232168883085,85.03],[-6.724149556830525,61.81514943949878,85.47],[-6.724308645352721,61.815097304061055,86.08],[-6.724489778280258,61.81506637483835,87.17],[-6.724700331687927,61.815040642395616,87.94],[-6.724854810163379,61.81498364545405,88.61],[-6.725020604208112,61.814930671826005,88.83],[-6.725198468193412,61.81487308815122,89.88],[-6.725355125963688,61.81481081061065,90.78],[-6.725549921393395,61.8147530592978,91.96],[-6.725729377940297,61.81470947340131,91.83],[-6.725900787860155,61.81465582922101,93.28],[-6.726076556369662,61.81461039930582,94.81],[-6.726251486688852,61.81455382145941,96.65],[-6.726417951285839,61.81449984200299,97.26],[-6.72655675560236,61.814429853111506,99.1],[-6.726705534383655,61.81435475125909,100.88],[-6.726861102506518,61.81429037824273,101.88],[-6.727051371708512,61.81424335576594,102.93],[-6.727193612605333,61.81417646817863,103.31],[-6.727320598438382,61.814105892553926,103.27],[-6.727402824908495,61.81401880457997,103.96],[-6.727532325312495,61.81396180763841,105.83],[-6.72768646851182,61.81390514597297,105.79],[-6.727819740772247,61.81383348070085,107.16],[-6.727983523160219,61.813785787671804,107.82],[-6.728134900331497,61.81370406411588,107.29],[-6.728293234482408,61.813628459349275,108],[-6.728464476764202,61.813554698601365,110.13],[-6.728659607470036,61.81351236999035,110.74],[-6.728839483112097,61.81347490288317,110.99],[-6.729009971022606,61.81342151015997,111.87],[-6.729178782552481,61.81335990317166,113.29],[-6.729354048147798,61.81330801919103,114.88],[-6.729491343721747,61.81323970668018,115.56],[-6.729663172736764,61.81317960843444,116.98],[-6.729840533807874,61.81311515159905,118.64],[-6.730026695877314,61.81306192651391,119.65],[-6.730198273435235,61.81299730204046,121.09],[-6.730369683355093,61.812956565991044,122.45],[-6.730546625331044,61.812908789142966,123.09],[-6.730657601729035,61.81289789266884,124.92],[-6.73081124201417,61.81284399703145,125.3],[-6.730945436283946,61.812769481912255,126.41],[-6.731133945286274,61.81271558627486,127.24],[-6.731314323842526,61.812679041177034,128.24],[-6.731473160907626,61.81261324323714,128.97],[-6.731662508100271,61.812570663169026,130.69],[-6.731828972697258,61.81251794099808,130.94],[-6.732001975178719,61.8124511372298,131.38],[-6.732189562171698,61.81241442449391,132.28],[-6.732350662350655,61.81236564181745,133.26],[-6.732514444738627,61.812307219952345,134.43],[-6.732700606808066,61.81226044893265,135.81],[-6.732879895716906,61.81221904233098,137.16],[-6.733031691983342,61.812167409807444,136.28],[-6.733216512948275,61.81213287636638,137.34],[-6.73339856788516,61.812088284641504,138.05],[-6.733552878722549,61.81204369291663,138.58],[-6.73372252844274,61.81200245395303,137.49],[-6.733880192041397,61.811934895813465,137.86],[-6.734055541455746,61.811905140057206,137.68],[-6.734242541715503,61.81186473928392,138.29],[-6.734438762068749,61.81182970292866,139.29],[-6.734557030722499,61.811759043484926,140.9],[-6.734689800068736,61.811689641326666,144.15],[-6.734872525557876,61.811649492010474,146.37],[-6.735066566616297,61.811635410413146,147.61],[-6.735239317640662,61.811691066250205,148.71],[-6.735391952097416,61.81169969961047,148.23],[-6.735551711171866,61.81164010427892,148.71],[-6.735744327306747,61.81159065105021,148.79],[-6.735898554325104,61.81152627803385,148.31],[-6.736098797991872,61.811506329104304,147.1],[-6.736221676692367,61.811436424031854,146.55],[-6.736345561221242,61.811358304694295,147.03],[-6.736341621726751,61.81126275099814,148.58],[-6.73632251098752,61.8111749086529,150.08],[-6.736452765762806,61.81111682206392,151.97],[-6.736610848456621,61.811069045215845,152.65],[-6.736772619187832,61.811015317216516,153.12],[-6.736955009400845,61.81097969412804,153.02],[-6.737112756818533,61.81092060171068,154.02],[-6.737281987443566,61.81086243130267,154.72],[-6.737453062087297,61.81081859394908,155.98],[-6.73760075122118,61.81075162254274,156.82],[-6.737803425639868,61.81070292368531,157.27],[-6.737989671528339,61.81065330281854,157.61],[-6.738134091719985,61.81059421040118,157.86],[-6.738327210769057,61.810559425503016,159.15],[-6.738502979278565,61.8105152528733,160.18],[-6.738655446097255,61.8104600161314,160.75],[-6.738822581246495,61.81041240692139,161.86],[-6.738984519615769,61.810361947864294,163.03],[-6.739167245104909,61.81032749824226,163.65],[-6.739336811006069,61.810262789949775,164.73],[-6.739463964477181,61.8101957347244,166.13],[-6.739601008594036,61.81012482382357,166.96],[-6.739757666364312,61.81006455793977,168.26],[-6.739925220608711,61.81000806391239,169.29],[-6.740068634971976,61.80993958376348,170.03],[-6.740257395431399,61.80989373475313,170.58],[-6.740396618843079,61.809843024238944,170.92],[-6.740472810342908,61.80977110750973,171.22],[-6.740543385967612,61.80968091823161,172.63],[-6.740663666278124,61.80959952995181,173.32],[-6.740764835849404,61.809513783082366,174.51],[-6.740851756185293,61.809432562440634,175.91],[-6.740872710943222,61.80933617055416,176.66],[-6.740946136415005,61.80923684500158,177.4],[-6.741025596857071,61.80914129130542,178.17],[-6.741085862740874,61.80904841981828,178.46],[-6.741130957379937,61.80895194411278,178.42],[-6.741156941279769,61.8088507745415,179.84],[-6.741255009546876,61.80876670405269,180.14],[-6.741307228803635,61.808668887242675,180.94],[-6.741358609870076,61.80857710540295,181.47],[-6.741418959572911,61.80848297663033,181.81],[-6.741464557126164,61.808383567258716,182.8],[-6.741505796089768,61.80828843265772,183.6],[-6.741547705605626,61.80819815956056,183.63],[-6.741583747789264,61.808114759624004,183.46],[-6.741642169654369,61.8080132547766,183.79],[-6.741712996736169,61.80792214348912,184.85],[-6.741824811324477,61.80783371441066,184.73],[-6.741885580122471,61.80775576271117,184.88],[-6.742028743028641,61.8077058903873,185.42],[-6.742174420505762,61.80762534029782,186.4],[-6.742260167375207,61.807540096342564,185.96],[-6.742313476279378,61.8074622284621,186.25],[-6.74232479184866,61.807368686422706,188.06],[-6.742277517914772,61.80727698840201,189.23],[-6.742138545960188,61.807210771366954,192.22],[-6.742055397480726,61.80719283409417,192.51],[-6.742206690832973,61.80715335533023,190.39],[-6.742239883169532,61.80705361068249,189.88],[-6.742328647524118,61.8069563806057,190.09],[-6.742416908964515,61.80685638450086,189.34],[-6.742458567023277,61.806761249899864,189.1],[-6.742537440732122,61.80666578002274,188.65],[-6.742631569504738,61.80656938813627,188.95],[-6.74268638715148,61.80646503344178,189.38],[-6.742771547287703,61.806368893012404,190.1],[-6.742791328579187,61.80626646615565,190.73],[-6.742862993851304,61.806183233857155,190.68],[-6.74294488504529,61.8060895241797,191.5],[-6.743023339658976,61.80599480867386,191.26],[-6.743051670491695,61.805901769548655,191.41],[-6.743063405156136,61.80581325665116,191.97],[-6.743075726553798,61.805707309395075,192.25],[-6.743129035457969,61.805610498413444,192.68],[-6.743175722658634,61.80551997385919,194.07],[-6.743187122046948,61.80541779845953,194.59],[-6.743179494515061,61.80531453341246,195.06],[-6.74319114536047,61.805221075192094,195.29],[-6.743213860318065,61.80512350983918,195.97],[-6.743221571668983,61.80502292700112,196.93],[-6.743207909166813,61.8049324862659,198],[-6.743149235844612,61.80484615266323,198.12],[-6.743109757080674,61.80477172136307,199.9],[-6.743109673261643,61.804683627560735,199.44],[-6.743074050173163,61.804588912054896,198.88],[-6.743058627471328,61.80449025705457,199.54],[-6.743043623864651,61.804397301748395,198.94],[-6.743020070716739,61.804297640919685,198.82],[-6.743093160912395,61.804207703098655,197.61],[-6.74309098161757,61.80411701090634,196.91],[-6.743158288300037,61.80402707308531,196.57],[-6.743235904723406,61.80393864400685,195.28],[-6.743269683793187,61.80385381914675,195.6],[-6.743307402357459,61.803753739222884,195.46],[-6.743276473134756,61.80365030653775,194.78],[-6.743252836167812,61.803557854145765,194.25],[-6.743152001872659,61.80350420996547,194.57],[-6.743060471490026,61.80341770872474,194.37],[-6.743037588894367,61.803316455334425,194.62],[-6.742920661345124,61.80324252694845,194.66],[-6.742905741557479,61.803152756765485,194.82],[-6.742727207019925,61.80311780422926,194.78],[-6.742549678310752,61.80307639762759,194.82],[-6.742377346381545,61.80303859524429,195.98],[-6.742384387180209,61.80295947007835,194.41],[-6.742418585345149,61.80285754613578,194.21],[-6.742434930056334,61.80276073515415,196.16],[-6.74245529808104,61.802675826475024,194.15],[-6.742488238960505,61.80256954394281,193.96],[-6.742541966959834,61.80247776210308,193.79],[-6.742587815970182,61.80237399414182,193.81],[-6.742661325260997,61.80227089673281,194.4],[-6.742728883400559,61.80217534303665,193.61],[-6.742782611399889,61.80208045989275,193.46],[-6.742837848141789,61.80197635665536,194.67],[-6.742869783192873,61.80188708938658,194.32],[-6.74293071962893,61.80178491398692,193.05],[-6.743036666885018,61.80169916711748,193.88],[-6.743044964969158,61.80159925483167,194.07],[-6.743048988282681,61.801491463556886,194.21],[-6.743045970797539,61.80138224735856,193.27],[-6.742973886430264,61.80128610692918,192.35],[-6.742868274450302,61.801188038662076,191.86],[-6.742844386026263,61.801087288185954,191.04],[-6.742806416004896,61.800992488861084,190.3],[-6.742765512317419,61.800890481099486,189.59],[-6.742697115987539,61.80079551413655,187.54],[-6.742636766284704,61.80070691742003,186.76],[-6.742548337206245,61.80061890743673,185.8],[-6.742513468489051,61.80051296018064,185.13],[-6.742484634742141,61.80042025633156,184.89],[-6.742436941713095,61.80031732656062,184.23],[-6.742418166249991,61.80021774955094,184.48],[-6.742385309189558,61.80012043565512,183.96],[-6.742352368310094,61.80001566186547,184.46],[-6.742318253964186,61.79991432465613,185.13],[-6.742336945608258,61.799821788445115,184.35],[-6.742305178195238,61.79973025806248,184.5],[-6.74216989427805,61.799657084047794,184.93],[-6.742160758003593,61.79955918341875,183.26],[-6.742099737748504,61.79945901967585,184.27],[-6.742088673636317,61.79936212487519,182.93],[-6.742098815739155,61.79925852455199,182.42],[-6.742091523483396,61.799152912572026,181.55],[-6.742069479078054,61.79904520511627,181.71],[-6.741997143253684,61.79895509965718,181.05],[-6.741970237344503,61.79884806275368,179.8],[-6.741977697238326,61.79875292815268,179.59],[-6.741988677531481,61.79864932782948,180.28],[-6.74196470528841,61.79854908026755,179.84],[-6.741981049999595,61.79844019934535,178.67],[-6.742020780220628,61.79834087379277,178.45],[-6.742059253156185,61.79824959486723,176.2],[-6.742075430229306,61.79814322851598,175.12],[-6.742082303389907,61.79804055020213,174.35],[-6.742129912599921,61.79793359711766,172.12],[-6.742205265909433,61.79783863015473,170.66],[-6.742234686389566,61.79773796349764,169.33],[-6.742304507642984,61.79764517582953,168.23],[-6.742359409108758,61.79755817167461,167.27],[-6.742409700527787,61.7974637914449,166.37],[-6.742502236738801,61.79736622609198,163.8],[-6.742523778229952,61.79726103320718,162.21],[-6.742647495120764,61.7971804831177,159.87],[-6.742726871743798,61.79708333685994,158.32],[-6.742795435711741,61.79698468185961,157.49],[-6.742872716858983,61.79689692333341,155.43],[-6.742914877831936,61.79679835215211,153.97],[-6.743002133443952,61.796709252521396,153.25],[-6.743058040738106,61.79660590365529,151.82],[-6.743135321885347,61.796517642214894,149.14],[-6.743189049884677,61.796419406309724,148.24],[-6.743325004354119,61.79635017178953,146.4],[-6.743418797850609,61.796269956976175,144.43],[-6.743464814499021,61.79617675021291,143.82],[-6.743497587740421,61.796089578419924,143.27],[-6.743670674040914,61.79610785096884,139.51],[-6.743863122537732,61.79610223509371,137.38],[-6.743994886055589,61.796046663075686,134.52],[-6.74412589520216,61.795974327251315,130.73],[-6.744305016472936,61.79592336528003,128.79],[-6.744452202692628,61.795860920101404,128.08],[-6.744560329243541,61.795867374166846,126.61],[-6.744658397510648,61.79593417793512,125.41],[-6.744804074987769,61.79591255262494,119.66],[-6.744848163798451,61.7958336789161,114.64],[-6.744823185727,61.79574164561927,112.42],[-6.744801979511976,61.7956502828747,107.54],[-6.744772307574749,61.795556992292404,107.59],[-6.744725117459893,61.79546697065234,103.98],[-6.744761746376753,61.795373260974884,100.81],[-6.744810109958053,61.79527427069843,98.28],[-6.744832070544362,61.79517821408808,95.32],[-6.744921505451202,61.7951616179198,92.31],[-6.745051257312298,61.79523152299225,91.07],[-6.745233479887247,61.79525272920728,86.46],[-6.745375972241163,61.7951943911612,82.34],[-6.745534893125296,61.795207215473056,79.65],[-6.745596583932638,61.79512440226972,78.85],[-6.745747625827789,61.79510436952114,76],[-6.745913336053491,61.79507050663233,70.64],[-6.746077286079526,61.795041589066386,67.97],[-6.746245427057147,61.79504485800862,62.11],[-6.746414992958307,61.795003367587924,59.8],[-6.746541224420071,61.794939832761884,56.83],[-6.746646752581,61.79486003704369,54.15],[-6.74675714224577,61.794776720926166,50.23],[-6.746834171935916,61.79468988440931,47.3],[-6.746895527467132,61.794596929103136,44.73],[-6.746899131685495,61.79450523108244,42.51],[-6.746934000402689,61.79441135376692,38.97],[-6.747058052569628,61.79434924386442,34.61],[-6.747241783887148,61.794301802292466,30.59],[-6.747357370331883,61.79424254223704,26.96],[-6.747395675629377,61.79418420419097,24.32],[-6.747527690604329,61.794203566387296,21.91],[-6.747498521581292,61.794126788154244,18.31],[-6.747521320357919,61.79410734213889,17.6],[-6.747709913179278,61.79416266269982,16.81],[-6.747891213744879,61.794200548902154,16.4],[-6.747793816030026,61.7941755708307,16.14],[-6.747592147439718,61.79413718171418,16.52],[-6.747468430548906,61.794070126488805,17.39],[-6.747327530756593,61.79399318061769,16.66],[-6.747233988717198,61.79390366189182,18.7],[-6.747136255726218,61.793808778747916,19.53],[-6.747006000950933,61.79372990503907,20.53],[-6.746869292110205,61.79366368800402,21.15],[-6.746680112555623,61.793619599193335,22.8],[-6.746486490592361,61.79358028806746,24.27],[-6.746387500315905,61.793498480692506,24.2],[-6.746246013790369,61.793431509286165,25.31],[-6.746124727651477,61.793361101299524,27.72],[-6.745964633300901,61.79329203441739,29.58],[-6.745830941945314,61.793234534561634,30.32],[-6.745719630271196,61.79315423592925,31.12],[-6.745563978329301,61.793103609234095,33.83],[-6.745400615036488,61.793036134913564,34.76],[-6.745255440473557,61.79296396672726,36.81],[-6.745159300044179,61.79287922568619,37.25],[-6.74503424204886,61.79280135780573,38.62],[-6.744897784665227,61.79273681715131,39.48],[-6.744811199605465,61.792652662843466,40.49],[-6.744655715301633,61.79259088821709,41.55],[-6.744506768882275,61.79252383299172,42.65],[-6.744379615411162,61.79243800230324,44.35],[-6.744219269603491,61.792371617630124,46.04],[-6.744065545499325,61.79231713525951,48.15],[-6.74389086663723,61.79225661791861,49.41],[-6.743725910782814,61.792201548814774,51.5],[-6.743566235527396,61.79214756935835,54.31],[-6.74337144009769,61.79214178584516,54.76],[-6.74315745010972,61.79216659627855,55.72],[-6.742954608052969,61.792162489145994,55.9],[-6.74276408739388,61.79219400510192,57.12],[-6.74263458698988,61.79210649803281,56.81],[-6.742537608370185,61.792018823325634,61.59],[-6.742444820702076,61.79193542338908,63.41],[-6.742347506806254,61.79185998626053,64.2],[-6.742247091606259,61.79176837205887,67.57],[-6.742152962833643,61.79167642258108,69.34],[-6.742034275084734,61.7915956210345,71.51],[-6.741882897913456,61.79154013283551,72.65],[-6.741716014221311,61.79148347117007,76.64],[-6.741564217954874,61.79142739623785,78.19],[-6.741383420303464,61.79137911647558,81.64],[-6.741188708692789,61.79132329300046,83.87],[-6.741014029830694,61.79126042872667,87.19],[-6.740847984328866,61.791181806474924,89.38],[-6.740725189447403,61.791098238900304,91.56],[-6.740594767034054,61.79101978428662,93.26],[-6.74046266824007,61.79093915037811,95.81],[-6.740345740690827,61.790844686329365,98.36],[-6.740236021578312,61.79076631553471,101.44],[-6.740099564194679,61.790685849264264,99.46],[-6.739941481500864,61.790637485682964,101.91],[-6.739778621122241,61.79060513153672,104.6],[-6.739619951695204,61.79058643989265,108.11],[-6.739408224821091,61.790592642501,111.08],[-6.739196414127946,61.79057763889432,112.35],[-6.7389967571944,61.790533466264606,112.5],[-6.738783605396748,61.79052198305726,115.92],[-6.738603729754686,61.79049541242421,117.32],[-6.738408347591758,61.79049658589065,118.24],[-6.738190921023488,61.790485605597496,118.62],[-6.737969638779759,61.79045702330768,120.53],[-6.737764533609152,61.79043204523623,120.53],[-6.737560601904988,61.790401954203844,123.08],[-6.73735055141151,61.79036758840084,125.84],[-6.73716832883656,61.790342358872294,128.49],[-6.736955931410193,61.79032316431403,130.42],[-6.736736409366131,61.79030799306929,133.33],[-6.73652627505362,61.79028360173106,134.66],[-6.73632837831974,61.79028108716011,134.48],[-6.73612947575748,61.79026650264859,133.56],[-6.735921688377857,61.790244625881314,134.3],[-6.735742064192891,61.790222246199846,135.44],[-6.735551962628961,61.79020137526095,137.61],[-6.735343253239989,61.79017203859985,139.15],[-6.735147535800934,61.79013415239751,140.67],[-6.734952740371227,61.79013876244426,141.79],[-6.734757609665394,61.79011009633541,142.16],[-6.734553761780262,61.790093164891005,143.71],[-6.734347231686115,61.79006475023925,143.55],[-6.734155286103487,61.79007288068533,145.55],[-6.73395118676126,61.79008511826396,146.47],[-6.733746081590653,61.790053183212876,148.06],[-6.733558159321547,61.79000775329769,149.26],[-6.73336680047214,61.78999392315745,150.59],[-6.733168233186007,61.78996291011572,152.3],[-6.732982574030757,61.789928460493684,154.66],[-6.732782414183021,61.78989317268133,154.65],[-6.73258988186717,61.78987464867532,155.36],[-6.732379160821438,61.78986861370504,155.95],[-6.732145389541984,61.78983793593943,156.06],[-6.73194782808423,61.78981262259185,156.83],[-6.731734592467547,61.789800971746445,158.38],[-6.731521273031831,61.78976836614311,160.27],[-6.731319688260555,61.789739364758134,162.69],[-6.731111565604806,61.78972846828401,167.07],[-6.730893552303314,61.78972092457116,165.94],[-6.730708396062255,61.789662670344114,167.12],[-6.730524748563767,61.78963107056916,169.48],[-6.730318553745747,61.78963123820722,172.47],[-6.730113113299012,61.789638781920075,175.9],[-6.730003226548433,61.789645571261644,176.51],[-6.729886131361127,61.78961992263794,177.43],[-6.729703908786178,61.789639284834266,179.12],[-6.729530235752463,61.78968597203493,178.75],[-6.729352623224258,61.78970382548869,179.47],[-6.729133855551481,61.78970097564161,179],[-6.728940065950155,61.78963995538652,179.99],[-6.728768236935139,61.7895875684917,181.67],[-6.728614764288068,61.789526883512735,183.38],[-6.728473529219627,61.789458990097046,184.84],[-6.728302706032991,61.789398305118084,186.58],[-6.728107742965221,61.78933611139655,189.58],[-6.727923508733511,61.78927903063595,192.77],[-6.727740615606308,61.78925111889839,196.5],[-6.727567110210657,61.789285484701395,197.29],[-6.727358903735876,61.78928129374981,198.96],[-6.72714114189148,61.78930141031742,198.86],[-6.726931175217032,61.789302164688706,200.18],[-6.726731518283486,61.789319179952145,201.85],[-6.726478300988674,61.789302080869675,204.07],[-6.726302616298199,61.7892609257251,206.04],[-6.726097762584686,61.78922211751342,207.79],[-6.725924341008067,61.7891797889024,208.46],[-6.725731724873185,61.78914760239422,209.54],[-6.725537097081542,61.789110973477364,212],[-6.725349090993404,61.789072919636965,212.96],[-6.725153122097254,61.789040230214596,214.71],[-6.724931336939335,61.789006451144814,215.82],[-6.724746432155371,61.78899304009974,217.08],[-6.724528754130006,61.789002595469356,218.04],[-6.72430856153369,61.78899404592812,219.45],[-6.724094990640879,61.78899069316685,220.67],[-6.723874295130372,61.78899555467069,222.29],[-6.723662568256259,61.78899387829006,223.51],[-6.723458049818873,61.788972252979875,224.21],[-6.723221261054277,61.78897585719824,224.78],[-6.723025208339095,61.78895850665867,225.35],[-6.722813230007887,61.78892891854048,225.01],[-6.722638802602887,61.78888080641627,225.72],[-6.722470745444298,61.78883831016719,226.3],[-6.722273100167513,61.788793383166194,227.2],[-6.722136558964849,61.78877318277955,227.14],[-6.721936818212271,61.7887466121465,228.24],[-6.721813268959522,61.788655081763864,229.42],[-6.721683517098427,61.788586685433984,232.62],[-6.721502132713795,61.78853429853916,235.47],[-6.721305912360549,61.78848819807172,238.83],[-6.721118157729507,61.78843589499593,242.52],[-6.720923781394959,61.788453413173556,248.79],[-6.720717418938875,61.78841929882765,251.35],[-6.720511643216014,61.78840370848775,255.43],[-6.7204122338444,61.78831326775253,257.74],[-6.720354231074452,61.78822634741664,256.95],[-6.720297234132886,61.788139175623655,256.5],[-6.720262449234724,61.7880573682487,257.46],[-6.720253312960267,61.78796198219061,258.02],[-6.720235459506512,61.78787112236023,255.31],[-6.720160860568285,61.787776574492455,256.63],[-6.720078466460109,61.787695437669754,256.98],[-6.719894567504525,61.78766249679029,260.89],[-6.71973112039268,61.78761010989547,261.45],[-6.719602877274156,61.78752964362502,263.55],[-6.719453511759639,61.78746066056192,266.44],[-6.719311522319913,61.78738539107144,268.08],[-6.719156457111239,61.787329483777285,268.21],[-6.71900843270123,61.78725513629615,269.02],[-6.718886224552989,61.78718120791018,272.55],[-6.718703163787723,61.78714105859399,275.26],[-6.718512056395412,61.78708146326244,275.84],[-6.718316003680229,61.78705841302872,278.21],[-6.718102684244514,61.787044163793325,282.19],[-6.717908391728997,61.787007953971624,281.35],[-6.717709070071578,61.786999655887485,284.52],[-6.717498265206814,61.78700376302004,289.89],[-6.71729726716876,61.78700644522905,291.86],[-6.717101968824863,61.78701935335994,287.99],[-6.716883284971118,61.7870435770601,288.48],[-6.716669797897339,61.78704500198364,289.14],[-6.716471901163459,61.78704030811787,288.88],[-6.716275848448277,61.78705698810518,290.21],[-6.716066636145115,61.787091102451086,290.01],[-6.715859519317746,61.78712077438831,290.26],[-6.715648965910077,61.787125300616026,290.68],[-6.715460624545813,61.78712387569249,291.59],[-6.715254345908761,61.78711851127446,292.63],[-6.715035159140825,61.78712211549282,293.26],[-6.714824521914125,61.78712924011052,291.61],[-6.714615980163217,61.78710627369583,290.56],[-6.714426130056381,61.7870972212404,290.24],[-6.714212810620666,61.7870921920985,289.92],[-6.714021870866418,61.78708925843239,290.23],[-6.713822800666094,61.787075428292155,289.02],[-6.713632782921195,61.787069728598,289.15],[-6.713415188714862,61.78706528618932,289.72],[-6.713197510689497,61.78706578910351,289.86],[-6.712990310043097,61.787069728598,289.48],[-6.712820073589683,61.78703251294792,288.65],[-6.712829042226076,61.78703544661403,287.35],[-6.712629972025752,61.787042235955596,288.65],[-6.712429309263825,61.787024131044745,289.91],[-6.712226634845138,61.787039721384645,290.26],[-6.711999401450157,61.78704785183072,290.68],[-6.711794128641486,61.78700627759099,289.76],[-6.711578294634819,61.786975264549255,290.93],[-6.711374949663878,61.78693729452789,292.77],[-6.711156349629164,61.78690158762038,290.69],[-6.710931211709976,61.78685154765844,291.66],[-6.710704062134028,61.786838890984654,291],[-6.710530975833535,61.78678440861404,291.37],[-6.710349256172776,61.78677577525377,291.25],[-6.710175750777125,61.78674182854593,289.55],[-6.709982799366117,61.78671458736062,289.33],[-6.709774928167462,61.7867052834481,288.74],[-6.709571750834584,61.78668047301471,288.47],[-6.709338901564479,61.786655243486166,287.59],[-6.709154918789864,61.78658206947148,286.83],[-6.708977054804564,61.786532532423735,286.47],[-6.708770357072353,61.786508560180664,285.81],[-6.708536753430963,61.78649657405913,284.37],[-6.708340365439653,61.78648458793759,283.64],[-6.708140792325139,61.78646178916097,282.63],[-6.707948176190257,61.786413844674826,282.73],[-6.707742065191269,61.78638978861272,280.46],[-6.707513825967908,61.786392806097865,280.75],[-6.707310900092125,61.786377718672156,278.2],[-6.707114512100816,61.78636967204511,278.52],[-6.706918124109507,61.78637051023543,276.37],[-6.706707067787647,61.786362463608384,275.21],[-6.706503052264452,61.78633698262274,274.31],[-6.706289816647768,61.78632281720638,272.99],[-6.706087980419397,61.78631083108485,271.39],[-6.705884551629424,61.78630756214261,269.38],[-6.705691013485193,61.78628568537533,268.57],[-6.705495044589043,61.78627177141607,267.44],[-6.705328579992056,61.78624193184078,267.23],[-6.705110901966691,61.786243775859475,266.22],[-6.704890877008438,61.78621452301741,262.54],[-6.704686861485243,61.786193400621414,258.89],[-6.704459125176072,61.78619432263076,258.88],[-6.704265838488936,61.78621192462742,258.36],[-6.704058134928346,61.786201279610395,256.2],[-6.703848671168089,61.786228604614735,254.94],[-6.703648678958416,61.786228688433766,253.57],[-6.703440053388476,61.786229610443115,250.84],[-6.703197313472629,61.78621863014996,250.12],[-6.702989945188165,61.78621720522642,249.11],[-6.702783750370145,61.78622659295797,248.98],[-6.70257093384862,61.78622298873961,246.71],[-6.702368343248963,61.786210080608726,246.18],[-6.70214680954814,61.78617948666215,245.32],[-6.701917145401239,61.78618141449988,244.69],[-6.701699886471033,61.78617797791958,243.57],[-6.701470892876387,61.78616255521774,239.34],[-6.70125849545002,61.78614478558302,236.72],[-6.701076105237007,61.786133889108896,235.3],[-6.700880723074079,61.78613129071891,234.86],[-6.700660279020667,61.786138666793704,233.98],[-6.7004669085145,61.78612475283444,233.4],[-6.700283847749233,61.78610220551491,232.66],[-6.700098188593984,61.786102121695876,230.11],[-6.69990842230618,61.7861148621887,229.05],[-6.69971982948482,61.78610522300005,227.77],[-6.699497038498521,61.786092314869165,228.24],[-6.699304841458798,61.78608234040439,226.79],[-6.699128402397037,61.78604261018336,224.7],[-6.698922542855144,61.786035653203726,224.53],[-6.698728920891881,61.78604353219271,224.71],[-6.698737302795053,61.78596859797835,220.98],[-6.698625572025776,61.78589165210724,216.21],[-6.69850017875433,61.78582275286317,214.87],[-6.698355004191399,61.78576550446451,212.37],[-6.698197927325964,61.78571186028421,210.26],[-6.698011849075556,61.78566140122712,209.56],[-6.697842534631491,61.78561328910291,208.95],[-6.697667017579079,61.78555645979941,206.84],[-6.697483621537685,61.78551287390292,204.65],[-6.697394018992782,61.785454954952,203.87],[-6.697221770882607,61.78545160219073,202.48],[-6.697010630741715,61.78543400019407,199.88],[-6.696861181408167,61.785416482016444,199.55],[-6.696715839207172,61.78538488224149,194.32],[-6.696546692401171,61.785408770665526,187.61],[-6.696536717936397,61.785497115924954,183.15],[-6.69636245816946,61.78549502044916,178.8],[-6.696204962208867,61.78543911315501,177.27],[-6.696030618622899,61.785387229174376,175.14],[-6.695852000266314,61.78533559665084,172.14],[-6.695670448243618,61.78528446704149,169.68],[-6.695500714704394,61.7852289788425,167.73],[-6.69532461091876,61.785226380452514,164.89],[-6.695138951763511,61.78520777262747,162.38],[-6.694969721138477,61.785147339105606,160.97],[-6.694825636222959,61.785083301365376,159.52],[-6.694661602377892,61.7850196827203,159.31],[-6.694529335945845,61.784954220056534,158.14],[-6.694389441981912,61.78489102050662,156.43],[-6.694231694564223,61.784848775714636,155.88],[-6.694026757031679,61.78483050316572,153.77],[-6.693847719579935,61.784773422405124,153.08],[-6.693659042939544,61.78472874686122,152.25],[-6.693440526723862,61.78470636717975,148.63],[-6.693244054913521,61.78467904217541,147.1],[-6.69304272159934,61.784665044397116,144.24],[-6.692891009151936,61.78468038327992,144.45],[-6.692749690264463,61.784609304741025,142.61],[-6.692571742460132,61.784568736329675,138.63],[-6.692395554855466,61.784517019987106,136.09],[-6.692228000611067,61.78446035832167,133.5],[-6.692058937624097,61.784417778253555,132.18],[-6.691873278468847,61.784388441592455,129.29],[-6.691680327057838,61.7843412514776,128.11],[-6.691480670124292,61.78431920707226,127.17],[-6.69128654524684,61.78430277854204,125.69],[-6.691094264388084,61.78427050821483,124.09],[-6.690907767042518,61.78423865698278,123.54],[-6.690715318545699,61.78422516211867,123.5],[-6.690681120380759,61.784238405525684,123.57],[-6.690664188936353,61.78432700224221,124.25],[-6.690653208643198,61.78442046046257,123.51],[-6.690679108723998,61.784516433253884,122.02],[-6.690741386264563,61.78461735136807,119.84],[-6.690836856141686,61.784702176228166,121.44],[-6.690950179472566,61.78477476350963,120.78],[-6.691075405105948,61.78485824726522,119.77],[-6.691212700679898,61.7849266435951,119.73],[-6.691380841657519,61.78499688394368,118.85],[-6.691521238535643,61.78506695665419,119.39],[-6.691626934334636,61.78515111096203,119.02],[-6.691722236573696,61.78523736074567,118.18],[-6.691834386438131,61.78532143123448,116.53],[-6.691796500235796,61.78538538515568,116.02],[-6.691616624593735,61.7853410448879,115.07],[-6.691447393968701,61.78529159165919,114.69],[-6.691254274919629,61.785236187279224,113.63],[-6.691069537773728,61.785183465108275,112.4],[-6.69086292386055,61.78514717146754,112.6],[-6.690687574446201,61.78511708043516,110.84],[-6.690500658005476,61.78508531302214,110.05],[-6.690311143174768,61.78505899384618,108.9],[-6.690128836780787,61.785024208948016,107],[-6.689937729388475,61.784989507868886,106.28],[-6.689716279506683,61.78496268577874,104.88],[-6.689515449106693,61.78493334911764,104.38],[-6.689334064722061,61.78490476682782,103.88],[-6.689161313697696,61.784863444045186,103.05],[-6.688982108607888,61.78481440991163,102.07],[-6.688782870769501,61.78475255146623,100.42],[-6.688610203564167,61.78468398749828,100.03],[-6.688443319872022,61.78461592644453,97.57],[-6.688271323218942,61.784555492922664,97.78],[-6.688120951876044,61.784487096592784,97.44],[-6.687984159216285,61.78442917764187,95.96],[-6.687808306887746,61.784349884837866,94.99],[-6.687665143981576,61.784263802692294,93.69],[-6.687540002167225,61.784194484353065,93.42],[-6.68745425529778,61.78411024622619,91.75],[-6.687327604740858,61.78403648547828,90.28],[-6.687194248661399,61.783952079713345,90.01],[-6.687101125717163,61.78387647494674,89.98],[-6.6870042309165,61.783789806067944,89.2],[-6.686941953375936,61.7837056517601,88.21],[-6.686947988346219,61.783610600978136,86.96],[-6.686889650300145,61.78352292627096,85.92],[-6.686782194301486,61.783464504405856,84.83],[-6.686549428850412,61.7834379337728,84.04],[-6.686345497146249,61.78341178223491,83.31],[-6.686148187145591,61.78338076919317,82.24],[-6.685948027297854,61.78334020078182,81.78],[-6.685761110857129,61.78328379057348,80.97],[-6.685553239658475,61.78321757353842,79.64],[-6.685388535261154,61.78315429016948,78.47],[-6.685223830863833,61.78309863433242,77.34],[-6.685041859745979,61.78303166292608,77.09],[-6.68487430550158,61.78297307342291,75.82],[-6.684764167293906,61.78290174342692,74.02],[-6.684595104306936,61.782895205542445,72.51],[-6.684581944718957,61.78299495019019,71.36],[-6.684669032692909,61.7830787692219,70.38],[-6.684803059324622,61.78315252996981,69.06],[-6.684903390705586,61.783226961269975,67.93],[-6.684989221394062,61.783320251852274,67.17],[-6.685064407065511,61.783409267663956,66.46],[-6.685164738446474,61.78348923102021,65.74],[-6.685285773128271,61.78357422351837,65.48],[-6.685451148077846,61.78365242667496,64.69],[-6.685606213286519,61.78371503949165,62.64],[-6.685749376192689,61.7838007863611,62.48],[-6.68570788577199,61.78389374166727,60.88],[-6.685524070635438,61.783936489373446,60.28],[-6.685332376509905,61.7839786503464,58.55],[-6.685189548879862,61.78402726538479,57.79],[-6.685215784236789,61.784123657271266,55.93],[-6.685250988230109,61.78422356955707,55.03],[-6.685243612155318,61.784329265356064,54.4],[-6.685268590226769,61.78442825563252,52.8],[-6.685330616310239,61.78451215848327,53.44],[-6.685465145856142,61.78458868525922,51.62],[-6.685613756999373,61.78467258810997,50.19],[-6.685762200504541,61.78473997861147,49.21],[-6.685892622917891,61.78481030277908,47.67],[-6.685992199927568,61.78489965386689,47.93],[-6.68607434257865,61.78497467190027,47.37],[-6.686210967600346,61.78503426723182,46.75],[-6.686361255124211,61.785092521458864,46.13],[-6.686356225982308,61.785154547542334,44.32],[-6.686145756393671,61.78513593971729,42.89],[-6.685956912115216,61.78514172323048,41.57],[-6.685743005946279,61.785130742937326,40.1],[-6.685539074242115,61.78510098718107,38.97],[-6.685322653502226,61.78506217896938,38.37],[-6.685158619657159,61.7849956266582,36.69],[-6.6849993634969,61.78493552841246,35.53],[-6.684820158407092,61.78486671298742,33.92],[-6.684650257229805,61.78481239825487,32.63],[-6.684471555054188,61.78476185537875,31.67],[-6.684308610856533,61.784714329987764,30.87],[-6.684116665273905,61.78466688841581,29.98],[-6.683884151279926,61.78462288342416,28.17],[-6.683693546801806,61.784588852897286,27.5],[-6.683517610654235,61.784558007493615,26.4],[-6.683309823274612,61.784535041078925,25.55],[-6.683114692568779,61.78448575548828,24.55],[-6.682939510792494,61.78442389704287,23.68],[-6.682771956548095,61.78436606191099,22.65],[-6.682598534971476,61.7843169439584,22.26],[-6.682409355416894,61.784258438274264,21.09],[-6.682180697098374,61.78422164171934,20.49],[-6.681984225288034,61.78421233780682,19.41],[-6.681774845346808,61.784216025844216,17.98],[-6.681534200906754,61.784240333363414,16.74],[-6.681298585608602,61.78426640108228,16.29],[-6.681088451296091,61.78430085070431,15.45],[-6.680917795747519,61.7843515612185,13.7],[-6.680775890126824,61.784415850415826,12.24],[-6.68062711134553,61.78448307327926,11.89],[-6.680418234318495,61.784518444910645,10.36],[-6.680210866034031,61.78452976047993,9.54],[-6.680007521063089,61.78455817513168,8.64],[-6.679992852732539,61.78459941409528,8.31],[-6.6797652002424,61.78460746072233,7.97],[-6.679524471983314,61.78463746793568,7.16],[-6.679306710138917,61.784646436572075,6.59],[-6.679097162559629,61.78467208519578,5.21],[-6.678905552253127,61.78469639271498,5.77],[-6.678662477061153,61.78469211794436,5.28],[-6.678412947803736,61.784690441563725,5.12],[-6.678179511800408,61.7846763599664,4.42],[-6.677975915372372,61.78466613404453,4.92],[-6.677758824080229,61.78465657867491,4.46],[-6.677547264844179,61.784650795161724,3.54],[-6.677339561283588,61.78463478572667,3.14],[-6.677124314010143,61.784629840403795,2.16],[-6.676904372870922,61.78463000804186,2.15],[-6.676683258265257,61.784631349146366,1.92],[-6.676528863608837,61.784679628908634,1.86],[-6.676414031535387,61.78462380543351,1.79],[-6.676297942176461,61.784622045233846,1.69],[-6.676290649920702,61.78452707827091,1.7],[-6.676318477839232,61.7844395712018,2.59],[-6.67635552585125,61.78434418514371,1.63],[-6.676368098706007,61.78425433114171,2.2],[-6.676371451467276,61.78415693342686,2.29],[-6.676365165039897,61.784059535712004,1.97],[-6.676403302699328,61.78395912051201,1.44],[-6.676421239972115,61.783966328948736,4.02],[-6.676402799785137,61.784064816311,3.27],[-6.676404476165772,61.7841736972332,3.12],[-6.676578903570771,61.784224743023515,1.6],[-6.676777889952064,61.78425106219947,2.61],[-6.676977882161737,61.784284422174096,3.02],[-6.677195224910975,61.78431644104421,1.63],[-6.677406448870897,61.78435935638845,-0.44],[-6.677598981186748,61.78441157564521,1.25],[-6.67777843773365,61.78445558063686,0.96],[-6.677987650036812,61.78448944352567,2.83],[-6.678163502365351,61.784562366083264,1.98],[-6.678310437127948,61.784636629745364,4.28],[-6.678495509549975,61.78466672077775,5.35],[-6.67868678458035,61.78469664417207,5.04],[-6.67891644872725,61.78469211794436,5.8],[-6.679127253592014,61.78466906771064,5.89],[-6.679325737059116,61.78464635275304,5.65],[-6.679556155577302,61.7846124060452,7.08],[-6.679761009290814,61.78460863418877,7.61],[-6.679978352040052,61.78461064584553,7.62],[-6.680165687575936,61.78464023396373,6.6],[-6.680336426943541,61.78468884900212,8.32],[-6.680491575971246,61.78474282845855,8.39],[-6.680631805211306,61.78480753675103,8.57],[-6.680753929540515,61.78488071076572,9.53],[-6.680846381932497,61.784967044368386,11.69],[-6.680886866524816,61.785057317465544,11.69],[-6.680881753563881,61.78515094332397,12.4],[-6.680813357234001,61.78523593582213,13.77],[-6.680688299238682,61.785321179777384,14.21],[-6.680500041693449,61.78538848645985,15.75],[-6.680316058918834,61.785427713766694,17.25],[-6.680106176063418,61.785460235551,17.07],[-6.679891012609005,61.78548571653664,17.7],[-6.679682973772287,61.7855085991323,18.06],[-6.679479964077473,61.785546066239476,18.23],[-6.679270416498184,61.78556827828288,19.04],[-6.679035471752286,61.78558923304081,19.52],[-6.678838497027755,61.78561571985483,20.5],[-6.678636744618416,61.78564581088722,20.98],[-6.6784234251827,61.785657880827785,19.65],[-6.678187223151326,61.785673974081874,20.7],[-6.677980022504926,61.78569786250591,21.56],[-6.677761422470212,61.78572401404381,22],[-6.67754290625453,61.78573918528855,22.53],[-6.677328329533339,61.785742873325944,23.35],[-6.677128840237856,61.78574446588755,24.33],[-6.676912419497967,61.78575980477035,25.39],[-6.676687197759748,61.785769863054156,26.65],[-6.676459880545735,61.78577212616801,27.7],[-6.676229629665613,61.78577941842377,27.96],[-6.67600667104125,61.785794673487544,28.96],[-6.675792261958122,61.78580707870424,30.08],[-6.675589503720403,61.78582577034831,30.39],[-6.675385739654303,61.785833314061165,31.46],[-6.675158925354481,61.78584437817335,32.78],[-6.674949713051319,61.78586080670357,33.8],[-6.674723485484719,61.78587354719639,34.46],[-6.674508824944496,61.78588352166116,35.17],[-6.674303133040667,61.7859005369246,35.72],[-6.674095932394266,61.7859211564064,36.42],[-6.673905579373241,61.78592492826283,36.66],[-6.673722183331847,61.78592492826283,37.43],[-6.673506936058402,61.785920737311244,38.25],[-6.673292107880116,61.78591319359839,38.87],[-6.673092450946569,61.78590724244714,40.25],[-6.672900756821036,61.785903135314584,40.22],[-6.672717779874802,61.785884695127606,41.43],[-6.672532120719552,61.785869440063834,40.89],[-6.672343527898192,61.78585988469422,42.39],[-6.672161892056465,61.78584219887853,43.64],[-6.671965923160315,61.78582585416734,43.37],[-6.671773642301559,61.78581881336868,45.02],[-6.671571303158999,61.785809844732285,45.42],[-6.671378100290895,61.785792745649815,46.75],[-6.671167882159352,61.78577841259539,47.22],[-6.67093955911696,61.78575745783746,47.79],[-6.670721964910626,61.785733150318265,48.53],[-6.670510992407799,61.785711608827114,49.41],[-6.670316113159061,61.78570004180074,50.83],[-6.67011477984488,61.78569283336401,51.72],[-6.669920235872269,61.78568780422211,53.16],[-6.669710353016853,61.785682775080204,53.66],[-6.669507091864944,61.78566483780742,54.68],[-6.669292598962784,61.785654025152326,55.82],[-6.669077603146434,61.785623682662845,56.15],[-6.668914491310716,61.78560457192361,56.57],[-6.668718354776502,61.78564731962979,57.06],[-6.66855457238853,61.78571387194097,56.52],[-6.668379977345467,61.785792242735624,56.16],[-6.668223403394222,61.78587907925248,56.92],[-6.668091807514429,61.78595242090523,57.26],[-6.667963899672031,61.78602416999638,56.87],[-6.667847475036979,61.78610480390489,56.29],[-6.667718812823296,61.78619449026883,56.86],[-6.667608423158526,61.786282416433096,56.11],[-6.667506834492087,61.78636958822608,54.67],[-6.667426284402609,61.786463633179665,55.97],[-6.667318325489759,61.786551056429744,56.16],[-6.667194943875074,61.786646861582994,54.38],[-6.667083129286766,61.78672791458666,54.14],[-6.666971147060394,61.78682388737798,54.13],[-6.66682630777359,61.786899575963616,54.07],[-6.666698399931192,61.78698725067079,55.17],[-6.666592955589294,61.78707232698798,55.42],[-6.666476698592305,61.78714541718364,55.37],[-6.666352143511176,61.78721624426544,56.68],[-6.666225744411349,61.78728925064206,57.42],[-6.666128681972623,61.787375919520855,57.8],[-6.666062129661441,61.7874616663903,58.15],[-6.665995242074132,61.78755587898195,58.65],[-6.665905890986323,61.78764346987009,59.77],[-6.665776977315545,61.7877156380564,61.8],[-6.665658289566636,61.787797110155225,62.38],[-6.665569441393018,61.78788671270013,63.58],[-6.66542929597199,61.787966676056385,64.57],[-6.665290910750628,61.7880417779088,65.89],[-6.665153782814741,61.78810522891581,66.54],[-6.665015732869506,61.788179744035006,67.84],[-6.66489377617836,61.78826071321964,68.61],[-6.664770394563675,61.78833422251046,69.39],[-6.664614491164684,61.788406893610954,69.89],[-6.664482643827796,61.78847034461796,71.16],[-6.664317101240158,61.78853035904467,72.15],[-6.664160108193755,61.78858417086303,73.31],[-6.663984004408121,61.78862264379859,73.88],[-6.663805721327663,61.78867695853114,74.48],[-6.663642190396786,61.788730435073376,74.75],[-6.663478324189782,61.78878474980593,74.81],[-6.663302555680275,61.78884065710008,75.31],[-6.663146400824189,61.788888266310096,75.93],[-6.662987731397152,61.78894232958555,76.31],[-6.662815483286977,61.78898264653981,76.21],[-6.662634015083313,61.789019694551826,76.45],[-6.662427065894008,61.789048025384545,76.45],[-6.662226989865303,61.78906738758087,76.59],[-6.662033116444945,61.789092533290386,76.43],[-6.661845445632935,61.78911625407636,76.79],[-6.661634473130107,61.7891573254019,77.06],[-6.661434732377529,61.78919546306133,77.16],[-6.661227364093065,61.78923259489238,77.24],[-6.661044051870704,61.789277689531446,77.05],[-6.660859398543835,61.78929680027068,77.01],[-6.660662675276399,61.78933301009238,76.89],[-6.660459833219647,61.78937223739922,76.9],[-6.660259757190943,61.789412554353476,76.89],[-6.660081474110484,61.789448177441955,76.96],[-6.659880476072431,61.78947005420923,77.16],[-6.65966740809381,61.78949696011841,76.91],[-6.659469762817025,61.78953987546265,77.62],[-6.659299861639738,61.78959511220455,77.84],[-6.659147311002016,61.78965068422258,78.83],[-6.658980343490839,61.789699383080006,79.14],[-6.658787224441767,61.78973416797817,80.69],[-6.658590333536267,61.78977498784661,81.19],[-6.658401489257813,61.78983206860721,81.86],[-6.658272659406066,61.78991127759218,81.87],[-6.658177776262164,61.7900001257658,82.33],[-6.658091694116592,61.790086375549436,82.27],[-6.657976694405079,61.79016575217247,82.35],[-6.657874686643481,61.790258288383484,81.83],[-6.657801009714603,61.79035878740251,80.42],[-6.657746024429798,61.79045056924224,79.93],[-6.657686429098249,61.7905474640429,80.57],[-6.657584253698587,61.79065248928964,80.35],[-6.657507978379726,61.790740583091974,79.91],[-6.657445449382067,61.79084233939648,80.02],[-6.657382836565375,61.79093873128295,79.06],[-6.657295664772391,61.79102229885757,78.94],[-6.657221987843514,61.79110771045089,78.22],[-6.657185442745686,61.791195468977094,78.47],[-6.657151076942682,61.791287418454885,78.93],[-6.657120818272233,61.79138196632266,78.87],[-6.657061390578747,61.791474502533674,77.74],[-6.656996430829167,61.79157441481948,77.43],[-6.65696625597775,61.79167994298041,76.48],[-6.656926944851875,61.79178203456104,77.06],[-6.656845640391111,61.791875660419464,76.59],[-6.65674639865756,61.79196098819375,76.02],[-6.656667608767748,61.79205763153732,75.21],[-6.656595189124346,61.79214019328356,75.15],[-6.656532660126686,61.79224127903581,74.76],[-6.656482368707657,61.79233004339039,74.27],[-6.656425455585122,61.79242526181042,75],[-6.65635596960783,61.79252156987786,74.19],[-6.656280364841223,61.79262416437268,74.37],[-6.656245831400156,61.79271284490824,74.64],[-6.656210878863931,61.79280479438603,75.19],[-6.656223954632878,61.7929083108902,74.32],[-6.656230743974447,61.79300562478602,72.42],[-6.656265025958419,61.793094305321574,72.71],[-6.656305007636547,61.79318659007549,72.8],[-6.656341636553407,61.79327644407749,71.3],[-6.656392095610499,61.79336822591722,70.65],[-6.656442973762751,61.79345774464309,70.36],[-6.656510531902313,61.79355690255761,70.76],[-6.656571300700307,61.79365262389183,70.89],[-6.656611114740372,61.79374893195927,69.88],[-6.656654868274927,61.79382747039199,70.59],[-6.656744470819831,61.79391698911786,71.37],[-6.656811526045203,61.7940101120621,71.54],[-6.656878581270576,61.794123854488134,72.75],[-6.656943876296282,61.79421924054623,72.97],[-6.657031299546361,61.79430381394923,73.93],[-6.657103300094605,61.794396098703146,71.97],[-6.657185610383749,61.79449223913252,74.09],[-6.65726674720645,61.79457941092551,74.89],[-6.657353332266212,61.79468275979161,75.14],[-6.657422985881567,61.79478468373418,76.2],[-6.657487694174051,61.79488644003868,75.71],[-6.657535051926971,61.79498367011547,76.86],[-6.657607136294246,61.795074697583914,77.37],[-6.657667402178049,61.795169580727816,78.88],[-6.657719034701586,61.795270750299096,79.13],[-6.657750383019447,61.79537292569876,80.21],[-6.657777288928628,61.795469569042325,78.89],[-6.657808301970363,61.79555774666369,79.65],[-6.657851384952664,61.79565908387303,79.64],[-6.657874938100576,61.79577223956585,79.09],[-6.657918440178037,61.79587785154581,78.48],[-6.657984238117933,61.79597608745098,78.68],[-6.658030338585377,61.7960702162236,78.04],[-6.658091610297561,61.796169793233275,77.39],[-6.658132346346974,61.79627272300422,77.27],[-6.65815849788487,61.79636592976749,77.49],[-6.658153971657157,61.79646810516715,77.04],[-6.658131675794721,61.796563155949116,77.67],[-6.658113235607743,61.79666684009135,78.08],[-6.658120946958661,61.79675635881722,76.5],[-6.658090017735958,61.79684671573341,76.91],[-6.658059926703572,61.79694252088666,76.28],[-6.658041151240468,61.797051234170794,76.22],[-6.658001504838467,61.79715030826628,76.25],[-6.657976862043142,61.79724552668631,76.33],[-6.657950878143311,61.79734795354307,75.77],[-6.657924056053162,61.797441663220525,75.51],[-6.657908549532294,61.797528164461255,74.9],[-6.657908381894231,61.79762128740549,74.84],[-6.657921792939305,61.79773109033704,75.15],[-6.657930258661509,61.79783184081316,74.38],[-6.657935623079538,61.79791448637843,75.16],[-6.657940819859505,61.798007022589445,74.61],[-6.657953895628452,61.79809721186757,74.74],[-6.657982980832458,61.7981940228492,74.03],[-6.658048275858164,61.79827901534736,74.48],[-6.658091275021434,61.798377921804786,74.43],[-6.658138297498226,61.79846693761647,75.16],[-6.658218093216419,61.798554277047515,75.48],[-6.658293446525931,61.79864069446921,72.14],[-6.658374415710568,61.798729710280895,72.61],[-6.658452199772,61.79882526397705,71.79],[-6.658518081530929,61.79891117848456,71.18],[-6.658564433455467,61.79900555871427,71.28],[-6.658622771501541,61.799106895923615,70.17],[-6.658680606633425,61.79920521564782,69.88],[-6.658749924972653,61.799302864819765,69.83],[-6.658809604123235,61.799398167058825,64.08],[-6.658858470618725,61.79949648678303,62.03],[-6.658879928290844,61.79958960972726,63.96],[-6.65889585390687,61.799699580296874,64.35],[-6.65892468765378,61.79980343207717,61.51],[-6.658942122012377,61.79990837350488,63.68],[-6.658973302692175,61.80000954307616,62.02],[-6.659001549705863,61.800110545009375,61.42],[-6.659036837518215,61.800213726237416,61.03],[-6.65908151306212,61.80030316114426,60.28],[-6.659125937148929,61.80039527826011,60.43],[-6.659178240224719,61.80049401707947,58.13],[-6.65922517888248,61.800591414794326,58.31],[-6.659250743687153,61.80069266818464,59.55],[-6.659265998750925,61.80079794488847,59.38],[-6.659269100055099,61.80090523324907,58.71],[-6.659266417846084,61.8010073248297,59.29],[-6.659298269078136,61.801114194095135,58.57],[-6.659339005127549,61.80122441612184,59.21],[-6.659379741176963,61.80131720378995,58.26],[-6.659400947391987,61.8014214746654,58.68],[-6.659418465569615,61.801534043625,59.59],[-6.659458614885807,61.80162448436022,63.11],[-6.659522233530879,61.801714757457376,58.99],[-6.659564478322864,61.801808550953865,57.26],[-6.659617619588971,61.80189220234752,55.84],[-6.659674281254411,61.80198373273015,54.07],[-6.659723985940218,61.80207719095051,54.79],[-6.659774528816342,61.80218112654984,53.29],[-6.659816354513168,61.80228120647371,55.81],[-6.659881817176938,61.80237617343664,50.03],[-6.659970413893461,61.80247105658054,50.44],[-6.660053730010986,61.80256619118154,50.16],[-6.660107122734189,61.80266534909606,49.72],[-6.660131933167577,61.80276291444898,49.32],[-6.660160766914487,61.802863078191876,48.98],[-6.660198653116822,61.80296089500189,50.32],[-6.660228408873081,61.803061813116074,49.93],[-6.660247771069408,61.803155271336436,49.39],[-6.660255650058389,61.803272450342774,49.49],[-6.660269815474749,61.80337839759886,49.36],[-6.660304935649037,61.80347596295178,49.76],[-6.660316754132509,61.80358157493174,48.93],[-6.660323711112142,61.80368601344526,50.48],[-6.660349778831005,61.803788943216205,50.48],[-6.660384396091104,61.803894555196166,52.34],[-6.660401076078415,61.8039963953197,50.86],[-6.660450529307127,61.804088931530714,50.36],[-6.660508532077074,61.80418289266527,51.37],[-6.660581873729825,61.80426905862987,52.51],[-6.660686228424311,61.804364025592804,51.18],[-6.660800557583571,61.80445513688028,52.35],[-6.660909438505769,61.80453132838011,55.65],[-6.661064755171537,61.80459595285356,52.05],[-6.66122417896986,61.80466057732701,52.4],[-6.661394834518433,61.80471531115472,53.51],[-6.661572027951479,61.80476878769696,52.93],[-6.661743270233274,61.8048236053437,51.95],[-6.661907304078341,61.80486911907792,53.95],[-6.662110229954124,61.80490524508059,52.66],[-6.662311144173145,61.80494128726423,53.47],[-6.662514992058277,61.80497364141047,53.66],[-6.662668799981475,61.804970037192106,49.95],[-6.662760330364108,61.80496760644019,48.34],[-6.662970716133714,61.804959224537015,46.4],[-6.663162326440215,61.80495612323284,47.91],[-6.663362821564078,61.8049615714699,47.9],[-6.663571782410145,61.80494681932032,45.83],[-6.663787784054875,61.80494053289294,43.35],[-6.664005964994431,61.80493801832199,43.4],[-6.664206124842167,61.804942628368735,40.79],[-6.664416845887899,61.80495067499578,42.07],[-6.664613485336304,61.804991494864225,40.18],[-6.664772238582373,61.805052598938346,40.68],[-6.664942391216755,61.8051240965724,39.43],[-6.665121847763658,61.805172711610794,39.84],[-6.665304740890861,61.805211352184415,40.18],[-6.665513115003705,61.80522962473333,40.69],[-6.665752166882157,61.805209927260876,40.19],[-6.665979316458106,61.805180087685585,35.61],[-6.666182912886143,61.80512770079076,36.92],[-6.666357843205333,61.80506986565888,36.18],[-6.666513998061419,61.80501454509795,32.48],[-6.666702004149556,61.80495738051832,34.48],[-6.666865535080433,61.80490667000413,32.81],[-6.667058570310473,61.80484523065388,31.67],[-6.66724213398993,61.80478756316006,31.13],[-6.667415890842676,61.80473484098911,30.49],[-6.667603813111782,61.80469117127359,30.13],[-6.667795591056347,61.8046594876796,29.58],[-6.66801611892879,61.80464180186391,28.1],[-6.668228516355157,61.8046127166599,28.47],[-6.668443595990539,61.80458773858845,27.69],[-6.668666638433933,61.8045696336776,26.67],[-6.668869480490685,61.80456083267927,26.7],[-6.669099060818553,61.80456854403019,25.56],[-6.669310284778476,61.80456527508795,26.89],[-6.669531399384141,61.80456577800214,26],[-6.66974144987762,61.804564436897635,25.07],[-6.669941693544388,61.804573237895966,24.14],[-6.670165993273258,61.80458027869463,24.53],[-6.67038694024086,61.804578602313995,21.42],[-6.670608725398779,61.80458371527493,21.87],[-6.670829923823476,61.80458136834204,20.48],[-6.671038968488574,61.80458656512201,20.41],[-6.671245163306594,61.80458463728428,20.16],[-6.671457896009088,61.80458555929363,18.7],[-6.671667862683535,61.804586397483945,18.25],[-6.671896856278181,61.80459117516875,17.32],[-6.672116126865149,61.804594192653894,16.68],[-6.672309916466475,61.80459930561483,15.83],[-6.672517117112875,61.80460089817643,14.64],[-6.672732448205352,61.80461489595473,13.99],[-6.672943755984306,61.80463207885623,11.76],[-6.673158332705498,61.80465211160481,13.33],[-6.673348182812333,61.80467055179179,11.32],[-6.673552449792624,61.80468832142651,10.58],[-6.673749005421996,61.804707599803805,9.62],[-6.673974981531501,61.804732494056225,10.27],[-6.674172291532159,61.80475328117609,8.74],[-6.674372283741832,61.80477079935372,8.97],[-6.674579484388232,61.80480449460447,9.47],[-6.674774447456002,61.80482796393335,9.84],[-6.674983156844974,61.80486283265054,9.29],[-6.675162361934781,61.80491488426924,9.13],[-6.675166971981525,61.80499954149127,8.06],[-6.674976954236627,61.80505117401481,7.01],[-6.674776878207922,61.805090652778745,6.75],[-6.67457839474082,61.80514505133033,5.67],[-6.674398351460695,61.80519140325487,4.56],[-6.674300953745842,61.80523658171296,4.44],[-6.674161730334163,61.8052879627794,3.67],[-6.674027536064386,61.805361388251185,3.12],[-6.67387624271214,61.805431293323636,2.56],[-6.673717070370913,61.80549994111061,1.45],[-6.673586061224341,61.80556649342179,0.75],[-6.673438204452395,61.805635476484895,-0.01],[-6.673267967998982,61.80570554919541,-0.45],[-6.673136036843061,61.805778136476874,-0.24],[-6.672991197556257,61.8058405816555,-0.01],[-6.672841161489487,61.805918952450156,-1.71],[-6.67267419397831,61.80599229410291,-2.51],[-6.672520721331239,61.80607493966818,-2.83],[-6.672475459054112,61.80616831406951,-1.41],[-6.67256916873157,61.806254647672176,-0.72],[-6.672701602801681,61.80633595213294,-0.92],[-6.672823894768953,61.80640443228185,-1.2],[-6.672952640801668,61.806477941572666,0.47],[-6.673085493966937,61.80656838230789,2.75],[-6.673236200585961,61.80664516054094,0.86],[-6.673375675454736,61.80671012029052,-0.97],[-6.673528226092458,61.80677231401205,-2.59],[-6.673691673204303,61.806846829131246,-1.07],[-6.673821844160557,61.80692461319268,-1.47],[-6.673993337899447,61.80698739364743,-2.91],[-6.674136500805616,61.80704824626446,-0.76],[-6.674276310950518,61.807124353945255,-1.45],[-6.674443865194917,61.80720624513924,-1.94],[-6.674550734460354,61.80729207582772,-2.21],[-6.674587279558182,61.807397939264774,-1.84],[-6.674618879333139,61.80752760730684,-1.76],[-6.674691298976541,61.80761720985174,-2.09],[-6.674785343930125,61.80771108716726,-2.02],[-6.674875868484378,61.8077867757529,-1.6],[-6.675026072189212,61.80785718373954,-2],[-6.675189016386867,61.8079078104347,-1.1],[-6.675371155142784,61.80795952677727,-2.02],[-6.675522699952126,61.80801627226174,-1.54],[-6.67569394223392,61.80807729251683,-2.09],[-6.67585764080286,61.80814694613218,-1.24],[-6.675980184227228,61.80822640657425,-2.93],[-6.676136171445251,61.80828801356256,-0.95],[-6.676319735124707,61.808329252526164,-2.56],[-6.676484607160091,61.80838541127741,-1.43],[-6.676663476973772,61.80844928137958,-1.66],[-6.67684611864388,61.808524718508124,-2.06],[-6.677031107246876,61.80858062580228,-0.89],[-6.677186256274581,61.80863695219159,-0.97],[-6.677364874631167,61.808701576665044,-0.4],[-6.677515916526318,61.808770056813955,-0.54],[-6.677674753591418,61.80883426219225,-0.07],[-6.677835518494248,61.80889310315251,0.46],[-6.67802176438272,61.80893886834383,-0.85],[-6.678196443244815,61.80899293161929,-0.18],[-6.678363243117929,61.80904867127538,-0.95],[-6.67854848317802,61.809093095362186,-0.43],[-6.678647473454475,61.80916409008205,-0.57],[-6.67882701382041,61.80920331738889,-1.37],[-6.67901904322207,61.80916752666235,-0.7],[-6.679220795631409,61.80916400626302,0.94],[-6.679431516677141,61.80917087942362,0.5],[-6.679645590484142,61.80919929407537,-0.06],[-6.67988196015358,61.809226451441646,-0.47],[-6.680090669542551,61.80926240980625,1.08],[-6.680236682295799,61.80932351388037,1.16],[-6.680221427232027,61.80943926796317,0.68],[-6.68017708696425,61.80953339673579,1.28],[-6.680108942091465,61.809624591842294,1.85],[-6.680007269605994,61.80966013111174,2],[-6.680142553523183,61.80969952605665,2.38],[-6.680356794968247,61.80972349829972,3.08],[-6.680571874603629,61.809766413643956,3.55],[-6.680782092735171,61.80980069562793,4.07],[-6.681010331958532,61.8098418507725,5.22],[-6.681237230077386,61.80986909195781,6.29],[-6.681440239772201,61.80986808612943,6.52],[-6.681609973311424,61.80983799509704,5.28],[-6.681773336604238,61.80977345444262,4.14],[-6.681913314387202,61.80969223380089,2.23],[-6.682073744013906,61.809629537165165,2.36],[-6.682225791737437,61.809550831094384,0.99],[-6.682431567460299,61.80950665846467,1.29],[-6.682626949623227,61.80952174589038,1.33],[-6.682807495817542,61.8095638230443,1.58],[-6.682984605431557,61.80960539728403,0.65],[-6.683173449710012,61.80964403785765,1.1],[-6.683344524353743,61.80969977751374,1.84],[-6.683541163802147,61.80973372422159,2.29],[-6.683713579550386,61.80978083051741,2.09],[-6.683917930349708,61.809803964570165,2.08],[-6.684115659445524,61.809842102229595,3.02],[-6.684297127649188,61.809879234060645,3.61],[-6.684482702985406,61.80993027985096,5.89],[-6.684682695195079,61.80997285991907,6.13],[-6.68485133908689,61.810013176873326,5.62],[-6.685015540570021,61.81007486768067,7.74],[-6.685165911912918,61.81013789959252,5.45],[-6.685311673209071,61.81020386517048,7.6],[-6.685485262423754,61.81026807054877,7.13],[-6.685661366209388,61.8103289231658,8.73],[-6.685846690088511,61.81038633920252,10.08],[-6.686022961512208,61.81043000891805,8.11],[-6.686204681172967,61.810467056930065,10.17],[-6.686410373076797,61.810486586764455,9.59],[-6.686628554016352,61.81048843078315,11.03],[-6.686854865401983,61.81050703860819,10.65],[-6.687041446566582,61.81053176522255,10.98],[-6.687224423512816,61.81056881323457,11.06],[-6.687396420165896,61.81063544936478,12.16],[-6.687530614435673,61.81071633473039,12.64],[-6.687675537541509,61.81078992784023,12.88],[-6.687790369614959,61.81086461059749,13.57],[-6.68790721334517,61.810935689136386,12.67],[-6.688041742891073,61.81100710295141,15.52],[-6.688192617148161,61.81107172742486,15.4],[-6.688339971005917,61.811129143461585,17.2],[-6.688492856919766,61.81119100190699,16.3],[-6.688624704256654,61.81125436909497,18.52],[-6.688774656504393,61.81130767799914,17.73],[-6.688940869644284,61.811355873942375,18.2],[-6.689085206016898,61.81141773238778,18.29],[-6.689223423600197,61.81148763746023,18.07],[-6.689381087198854,61.81154455058277,17.79],[-6.689512934535742,61.811612863093615,18.52],[-6.689662635326386,61.811671536415815,18.14],[-6.689813258126378,61.81174160912633,20.23],[-6.689973101019859,61.811800533905625,19.74],[-6.690139481797814,61.81186490692198,18.62],[-6.690315753221512,61.811922742053866,19.56],[-6.690485570579767,61.81197722442448,20.85],[-6.690684054046869,61.81202860549092,21.29],[-6.690888907760382,61.812079986557364,22.33],[-6.691083535552025,61.81213170289993,21.77],[-6.691275062039495,61.81218484416604,22.31],[-6.69147714972496,61.812245696783066,24.22],[-6.691665574908257,61.812297916039824,24.63],[-6.691859364509583,61.81233781389892,22.51],[-6.692052483558655,61.81239313445985,23.52],[-6.692260270938277,61.81243655271828,24.4],[-6.692461185157299,61.81247452273965,24.78],[-6.692652376368642,61.81251115165651,25.78],[-6.692840717732906,61.812547612935305,26.55],[-6.693028975278139,61.81258893571794,26.64],[-6.693203570321202,61.812640484422445,25.98],[-6.693377327173948,61.81269974447787,27.78],[-6.693529542535543,61.81275313720107,28.12],[-6.693719392642379,61.81280200369656,28.85],[-6.693895161151886,61.81284978054464,29.14],[-6.694038575515151,61.81291381828487,30.79],[-6.694213254377246,61.812971821054816,29.7],[-6.694379132241011,61.81303200311959,31.14],[-6.694578621536493,61.81306787766516,32.27],[-6.69476461596787,61.81312344968319,33.94],[-6.694940468296409,61.813189163804054,34.48],[-6.695118751376867,61.81324616074562,34.06],[-6.695302650332451,61.81330148130655,33.3],[-6.695450339466333,61.813361747190356,34.4],[-6.695623928681016,61.813418911769986,35.79],[-6.695781257003546,61.81346786208451,36.14],[-6.695978650823236,61.81352209299803,37.03],[-6.696167998015881,61.81356903165579,37.13],[-6.696351896971464,61.81362661533058,37.66],[-6.696534287184477,61.81368201971054,38.31],[-6.696711564436555,61.81374203413725,39.05],[-6.696851709857583,61.81381110101938,40.37],[-6.697009121999145,61.81389609351754,44.26],[-6.697205761447549,61.81396692059934,43.85],[-6.697375075891614,61.81404470466077,43.56],[-6.697564506903291,61.814120979979634,44.2],[-6.697779083624482,61.814175797626376,43.2],[-6.697944710031152,61.81423153728247,43.26],[-6.6980941593647,61.814287696033716,43.6],[-6.698243524879217,61.81434108875692,45.27],[-6.698411498218775,61.814398085698485,45],[-6.698557091876864,61.814458686858416,45.62],[-6.698727328330278,61.8145165219903,46.22],[-6.698889937251806,61.814576871693134,47.61],[-6.69907383620739,61.814610566943884,48.36],[-6.699260417371988,61.81468172930181,49.03],[-6.699436521157622,61.814737217500806,50.82],[-6.699628047645092,61.81478130631149,51.25],[-6.699817394837737,61.81482137180865,50.55],[-6.700003892183304,61.81485674344003,51.42],[-6.700170524418354,61.81489513255656,49.89],[-6.700349478051066,61.814919859170914,50.75],[-6.700543938204646,61.81495673954487,51.95],[-6.700721550732851,61.814987836405635,51.08],[-6.700921626761556,61.815018095076084,52.67],[-6.701099993661046,61.815058747306466,51.96],[-6.701286071911454,61.81511113420129,55.12],[-6.701477263122797,61.815143739804626,50.9],[-6.701675662770867,61.8151587434113,51.58],[-6.701850676909089,61.815192522481084,50.59],[-6.702036084607244,61.81522931903601,51.31],[-6.702230712398887,61.81525982916355,51.12],[-6.702416706830263,61.815303498879075,50.31],[-6.702613849192858,61.815343145281076,50.32],[-6.702815601602197,61.815379941836,49.73],[-6.703014671802521,61.81540919467807,49.69],[-6.703205611556768,61.81543258018792,49.93],[-6.70339236035943,61.81546996347606,49.18],[-6.70358874835074,61.81550902314484,49.4],[-6.703771641477943,61.815551770851016,50.01],[-6.703970292583108,61.815589824691415,49.91],[-6.704158382490277,61.81561589241028,50.3],[-6.704375892877579,61.815644977614284,49.6],[-6.704587368294597,61.81568688713014,50.92],[-6.704819463193417,61.815713960677385,54.18],[-6.705041667446494,61.81573801673949,52.24],[-6.705235373228788,61.815765677019954,52.4],[-6.705435700714588,61.81580641306937,52.78],[-6.705641811713576,61.81584186851978,52.77],[-6.705833841115236,61.81587061844766,53.08],[-6.706023355945945,61.815911773592234,52.63],[-6.706207673996687,61.81595225818455,54],[-6.706392578780651,61.81600598618388,54.37],[-6.70657622627914,61.8160361610353,53.92],[-6.706766076385975,61.81606658734381,53.1],[-6.706937402486801,61.816103886812925,55.14],[-6.707126665860415,61.81612953543663,57.75],[-6.707309139892459,61.81616138666868,56.15],[-6.707511059939861,61.81619608774781,56.26],[-6.707694036886096,61.81621980853379,56.27],[-6.707902746275067,61.81626196950674,56.52],[-6.708115311339498,61.81629281491041,55.97],[-6.708327205851674,61.81633028201759,54.49],[-6.708515882492065,61.81637009605765,55.69],[-6.708686035126448,61.81640069000423,56.26],[-6.708864653483033,61.81643111631274,55.95],[-6.709072357043624,61.816460033878684,53.23],[-6.709263129159808,61.81649649515748,55.39],[-6.709474939852953,61.8165298551321,54.91],[-6.709672752767801,61.81655801832676,55.18],[-6.709857741370797,61.81657805107534,54.29],[-6.710050273686647,61.81661367416382,54.45],[-6.710247751325369,61.81664854288101,54.06],[-6.710456209257245,61.816691625863314,53.48],[-6.710629463195801,61.81672414764762,53.82],[-6.710840770974755,61.81676270440221,52.82],[-6.711025172844529,61.81679053232074,56.07],[-6.711200522258878,61.81682774797082,55.32],[-6.711395652964711,61.8168755248189,53.57],[-6.711570080369711,61.816907208412886,54.52],[-6.711784740909934,61.81693327613175,54.12],[-6.711986241862178,61.816965295001864,55.16],[-6.712183970957995,61.81698365136981,53.2],[-6.712376922369003,61.81700460612774,53.72],[-6.71257171779871,61.817019023001194,51.61],[-6.712772967293859,61.81703285314143,50.76],[-6.712963152676821,61.81705171242356,51.51],[-6.713172700256109,61.81707836687565,52.55],[-6.713363556191325,61.817118683829904,52.62],[-6.713563380762935,61.817157324403524,50.59],[-6.713755829259753,61.817195964977145,51.69],[-6.713938638567925,61.81722932495177,51.25],[-6.714133769273758,61.817255560308695,50.3],[-6.714312136173248,61.817305851727724,50.23],[-6.714494442567229,61.817341139540076,50.31],[-6.714676497504115,61.81737701408565,52.33],[-6.714851595461369,61.817415319383144,52.74],[-6.715028705075383,61.81745479814708,50.28],[-6.715233810245991,61.81749100796878,50.59],[-6.715423157438636,61.81752847507596,50.79],[-6.715599093586206,61.817573653534055,50.96],[-6.7157565895468,61.817625453695655,50.91],[-6.715932441875339,61.81768286973238,50.95],[-6.716101421043277,61.8177455663681,50.65],[-6.716294540092349,61.817792505025864,52.58],[-6.716462010517716,61.81785536929965,52.05],[-6.716617327183485,61.81792116723955,54.99],[-6.716785971075296,61.81797699071467,56.07],[-6.716957213357091,61.81803775951266,54.71],[-6.717111356556416,61.818093582987785,54.42],[-6.717248065397143,61.818155189976096,56.08],[-6.717402040958405,61.81821973063052,56.97],[-6.717566912993789,61.818287540227175,57.77],[-6.717762714251876,61.81833456270397,58.77],[-6.717949295416474,61.81840153411031,56.52],[-6.718112574890256,61.81847772561014,57.57],[-6.71825204975903,61.81854302063584,59.13],[-6.718223383650184,61.81849415414035,58.38]]}},{"type":"Feature","properties":{"name":"WP1 06_SD","type":"user","time":"2020-07-29T10:06:15Z","gpxx_WaypointExtension":"SymbolAndName","gpxx_DisplayMode":"SymbolAndName","wptx1_WaypointExtension":"SymbolAndName","wptx1_DisplayMode":"SymbolAndName","ctx_CreationTimeExtension":"2020-07-29T10:06:15Z","ctx_CreationTime":"2020-07-29T10:06:15Z","sym":"Flag, Blue"},"geometry":{"type":"Point","coordinates":[-6.742123961448669,61.80719995871186,192.212646]}},{"type":"Feature","properties":{"name":"WP2 11_SD","type":"user","time":"2020-07-29T10:47:35Z","gpxx_WaypointExtension":"SymbolAndName","gpxx_DisplayMode":"SymbolAndName","wptx1_WaypointExtension":"SymbolAndName","wptx1_DisplayMode":"SymbolAndName","ctx_CreationTimeExtension":"2020-07-29T10:47:35Z","ctx_CreationTime":"2020-07-29T10:47:35Z","sym":"Flag, Blue"},"geometry":{"type":"Point","coordinates":[-6.747470023110509,61.7941100243479,18.558823]}},{"type":"Feature","properties":{"name":"WP3 16_SD","type":"user","time":"2020-07-29T11:34:42Z","gpxx_WaypointExtension":"SymbolAndName","gpxx_DisplayMode":"SymbolAndName","wptx1_WaypointExtension":"SymbolAndName","wptx1_DisplayMode":"SymbolAndName","ctx_CreationTimeExtension":"2020-07-29T11:34:42Z","ctx_CreationTime":"2020-07-29T11:34:42Z","sym":"Flag, Blue"},"geometry":{"type":"Point","coordinates":[-6.717194002121687,61.787008037790656,288.975281]}},{"type":"Feature","properties":{"name":"WP4 20_SD","type":"user","time":"2020-07-29T12:01:46Z","gpxx_WaypointExtension":"SymbolAndName","gpxx_DisplayMode":"SymbolAndName","wptx1_WaypointExtension":"SymbolAndName","wptx1_DisplayMode":"SymbolAndName","ctx_CreationTimeExtension":"2020-07-29T12:01:46Z","ctx_CreationTime":"2020-07-29T12:01:46Z","sym":"Flag, Blue"},"geometry":{"type":"Point","coordinates":[-6.690707020461559,61.78425399586558,122.118263]}},{"type":"Feature","properties":{"name":"WP5 23_SD","type":"user","time":"2020-07-29T12:23:27Z","gpxx_WaypointExtension":"SymbolAndName","gpxx_DisplayMode":"SymbolAndName","wptx1_WaypointExtension":"SymbolAndName","wptx1_DisplayMode":"SymbolAndName","ctx_CreationTimeExtension":"2020-07-29T12:23:27Z","ctx_CreationTime":"2020-07-29T12:23:27Z","sym":"Flag, Blue"},"geometry":{"type":"Point","coordinates":[-6.676439009606838,61.784619027748704,1.800445]}},{"type":"Feature","properties":{"name":"WP6 25_SD","type":"user","time":"2020-07-29T12:56:10Z","gpxx_WaypointExtension":"SymbolAndName","gpxx_DisplayMode":"SymbolAndName","wptx1_WaypointExtension":"SymbolAndName","wptx1_DisplayMode":"SymbolAndName","ctx_CreationTimeExtension":"2020-07-29T12:56:10Z","ctx_CreationTime":"2020-07-29T12:56:10Z","sym":"Flag, Blue"},"geometry":{"type":"Point","coordinates":[-6.658113989979029,61.79674303159118,76.492279]}},{"type":"Feature","properties":{"name":"WP7 27_SD","type":"user","time":"2020-07-29T13:21:32Z","gpxx_WaypointExtension":"SymbolAndName","gpxx_DisplayMode":"SymbolAndName","wptx1_WaypointExtension":"SymbolAndName","wptx1_DisplayMode":"SymbolAndName","ctx_CreationTimeExtension":"2020-07-29T13:21:32Z","ctx_CreationTime":"2020-07-29T13:21:32Z","sym":"Flag, Blue"},"geometry":{"type":"Point","coordinates":[-6.678651999682188,61.809135004878044,0.301124]}}]}