<?xml version="1.0" encoding="utf-8"?> <gpx creator="Garmin Desktop App" version="1.1" xsi:schemaLocation="http://www.topografix.com/GPX/1/1 http://www.topografix.com/GPX/1/1/gpx.xsd http://www.garmin.com/xmlschemas/WaypointExtension/v1 http://www8.garmin.com/xmlschemas/WaypointExtensionv1.xsd http://www.garmin.com/xmlschemas/TrackPointExtension/v1 http://www.garmin.com/xmlschemas/TrackPointExtensionv1.xsd http://www.garmin.com/xmlschemas/GpxExtensions/v3 http://www8.garmin.com/xmlschemas/GpxExtensionsv3.xsd http://www.garmin.com/xmlschemas/ActivityExtension/v1 http://www8.garmin.com/xmlschemas/ActivityExtensionv1.xsd http://www.garmin.com/xmlschemas/AdventuresExtensions/v1 http://www8.garmin.com/xmlschemas/AdventuresExtensionv1.xsd http://www.garmin.com/xmlschemas/PressureExtension/v1 http://www.garmin.com/xmlschemas/PressureExtensionv1.xsd http://www.garmin.com/xmlschemas/TripExtensions/v1 http://www.garmin.com/xmlschemas/TripExtensionsv1.xsd http://www.garmin.com/xmlschemas/TripMetaDataExtensions/v1 http://www.garmin.com/xmlschemas/TripMetaDataExtensionsv1.xsd http://www.garmin.com/xmlschemas/ViaPointTransportationModeExtensions/v1 http://www.garmin.com/xmlschemas/ViaPointTransportationModeExtensionsv1.xsd http://www.garmin.com/xmlschemas/CreationTimeExtension/v1 http://www.garmin.com/xmlschemas/CreationTimeExtensionsv1.xsd http://www.garmin.com/xmlschemas/AccelerationExtension/v1 http://www.garmin.com/xmlschemas/AccelerationExtensionv1.xsd http://www.garmin.com/xmlschemas/PowerExtension/v1 http://www.garmin.com/xmlschemas/PowerExtensionv1.xsd http://www.garmin.com/xmlschemas/VideoExtension/v1 http://www.garmin.com/xmlschemas/VideoExtensionv1.xsd" xmlns="http://www.topografix.com/GPX/1/1" xmlns:xsi="http://www.w3.org/2001/XMLSchema-instance" xmlns:wptx1="http://www.garmin.com/xmlschemas/WaypointExtension/v1" xmlns:gpxtrx="http://www.garmin.com/xmlschemas/GpxExtensions/v3" xmlns:gpxtpx="http://www.garmin.com/xmlschemas/TrackPointExtension/v1" xmlns:gpxx="http://www.garmin.com/xmlschemas/GpxExtensions/v3" xmlns:trp="http://www.garmin.com/xmlschemas/TripExtensions/v1" xmlns:adv="http://www.garmin.com/xmlschemas/AdventuresExtensions/v1" xmlns:prs="http://www.garmin.com/xmlschemas/PressureExtension/v1" xmlns:tmd="http://www.garmin.com/xmlschemas/TripMetaDataExtensions/v1" xmlns:vptm="http://www.garmin.com/xmlschemas/ViaPointTransportationModeExtensions/v1" xmlns:ctx="http://www.garmin.com/xmlschemas/CreationTimeExtension/v1" xmlns:gpxacc="http://www.garmin.com/xmlschemas/AccelerationExtension/v1" xmlns:gpxpx="http://www.garmin.com/xmlschemas/PowerExtension/v1" xmlns:vidx1="http://www.garmin.com/xmlschemas/VideoExtension/v1">

 <metadata>
 <link href="http://www.garmin.com">
 <text>Garmin International</text>
 </link>
 <time>2021-01-27T13:51:01Z</time>
 <bounds maxlat="62.206999054178596" maxlon="-6.840361207723618" minlat="62.155995089560747" minlon="-6.998945809900761" />
 </metadata>

 <wpt lat="62.19684362411499" lon="-6.856627464294434">
 <ele>16.95703125</ele>
 <time>2020-08-11T18:55:19Z</time>
 <name>WP 5</name>
 <sym>Flag, Blue</sym>
 <type>user</type>
 <extensions>
 <gpxx:WaypointExtension>
 <gpxx:DisplayMode>SymbolAndName</gpxx:DisplayMode>
 </gpxx:WaypointExtension>
 <wptx1:WaypointExtension>
 <wptx1:DisplayMode>SymbolAndName</wptx1:DisplayMode>
 </wptx1:WaypointExtension>
 <ctx:CreationTimeExtension>
 <ctx:CreationTime>2020-08-11T18:55:19Z</ctx:CreationTime>
 </ctx:CreationTimeExtension>
 </extensions>
 </wpt>

 <wpt lat="62.189784049987793" lon="-6.984500354155898">
 <ele>2.0390625</ele>
 <time>2020-08-11T18:51:53Z</time>
 <name>WP1 00_OS</name>
 <sym>Flag, Blue</sym>
 <type>user</type>
 <extensions>
 <gpxx:WaypointExtension>
 <gpxx:DisplayMode>SymbolAndName</gpxx:DisplayMode>
 </gpxx:WaypointExtension>
 <wptx1:WaypointExtension>
 <wptx1:DisplayMode>SymbolAndName</wptx1:DisplayMode>
 </wptx1:WaypointExtension>
 <ctx:CreationTimeExtension>
 <ctx:CreationTime>2020-08-11T18:51:53Z</ctx:CreationTime>
 </ctx:CreationTimeExtension>
 </extensions>
 </wpt>

 <wpt lat="62.194235008209944" lon="-6.960702035576105">
 <ele>342.28512599999999</ele>
 <time>2020-07-23T07:19:55Z</time>
 <name>WP2 07_OS</name>
 <sym>Flag, Blue</sym>
 <type>user</type>
 <extensions>
 <gpxx:WaypointExtension>
 <gpxx:DisplayMode>SymbolAndName</gpxx:DisplayMode>
 </gpxx:WaypointExtension>
 <wptx1:WaypointExtension>
 <wptx1:DisplayMode>SymbolAndName</wptx1:DisplayMode>
 </wptx1:WaypointExtension>
 <ctx:CreationTimeExtension>
 <ctx:CreationTime>2020-07-23T07:19:55Z</ctx:CreationTime>
 </ctx:CreationTimeExtension>
 </extensions>
 </wpt>

 <wpt lat="62.202119026333094" lon="-6.935804011300206">
 <ele>533.362122</ele>
 <time>2020-07-23T08:05:16Z</time>
 <name>WP3 11_OS</name>
 <sym>Flag, Blue</sym>
 <type>user</type>
 <extensions>
 <gpxx:WaypointExtension>
 <gpxx:DisplayMode>SymbolAndName</gpxx:DisplayMode>
 </gpxx:WaypointExtension>
 <wptx1:WaypointExtension>
 <wptx1:DisplayMode>SymbolAndName</wptx1:DisplayMode>
 </wptx1:WaypointExtension>
 <ctx:CreationTimeExtension>
 <ctx:CreationTime>2020-07-23T08:05:16Z</ctx:CreationTime>
 </ctx:CreationTimeExtension>
 </extensions>
 </wpt>

 <wpt lat="62.205870011821389" lon="-6.89447402022779">
 <ele>286.14120500000001</ele>
 <time>2020-07-23T09:11:18Z</time>
 <name>WP4 16_OS</name>
 <sym>Flag, Blue</sym>
 <type>user</type>
 <extensions>
 <gpxx:WaypointExtension>
 <gpxx:DisplayMode>SymbolAndName</gpxx:DisplayMode>
 </gpxx:WaypointExtension>
 <wptx1:WaypointExtension>
 <wptx1:DisplayMode>SymbolAndName</wptx1:DisplayMode>
 </wptx1:WaypointExtension>
 <ctx:CreationTimeExtension>
 <ctx:CreationTime>2020-07-23T09:11:18Z</ctx:CreationTime>
 </ctx:CreationTimeExtension>
 </extensions>
 </wpt>

 <wpt lat="62.180320965126157" lon="-6.846486032009125">
 <ele>345.364105</ele>
 <time>2020-07-23T11:42:12Z</time>
 <name>WP6 34_OS</name>
 <sym>Flag, Blue</sym>
 <type>user</type>
 <extensions>
 <gpxx:WaypointExtension>
 <gpxx:DisplayMode>SymbolAndName</gpxx:DisplayMode>
 </gpxx:WaypointExtension>
 <wptx1:WaypointExtension>
 <wptx1:DisplayMode>SymbolAndName</wptx1:DisplayMode>
 </wptx1:WaypointExtension>
 <ctx:CreationTimeExtension>
 <ctx:CreationTime>2020-07-23T11:42:12Z</ctx:CreationTime>
 </ctx:CreationTimeExtension>
 </extensions>
 </wpt>

 <wpt lat="62.163010993972421" lon="-6.851980034261942">
 <ele>336.52557400000001</ele>
 <time>2020-07-23T12:52:03Z</time>
 <name>WP7 38_OS</name>
 <sym>Flag, Blue</sym>
 <type>user</type>
 <extensions>
 <gpxx:WaypointExtension>
 <gpxx:DisplayMode>SymbolAndName</gpxx:DisplayMode>
 </gpxx:WaypointExtension>
 <wptx1:WaypointExtension>
 <wptx1:DisplayMode>SymbolAndName</wptx1:DisplayMode>
 </wptx1:WaypointExtension>
 <ctx:CreationTimeExtension>
 <ctx:CreationTime>2020-07-23T12:52:03Z</ctx:CreationTime>
 </ctx:CreationTimeExtension>
 </extensions>
 </wpt>

 <trk>
 <name>07 Wanderung Oyrarbakki Seletrað</name>
 <extensions>
 <gpxx:TrackExtension>
 <gpxx:DisplayColor>Blue</gpxx:DisplayColor>
 </gpxx:TrackExtension>
 </extensions>
 <trkseg>
 <trkpt lat="62.206244766712189" lon="-6.998945809900761">
 <ele>49.170000000000002</ele>
 <time>2020-07-23T05:52:23Z</time>
 </trkpt>
 <trkpt lat="62.206138903275132" lon="-6.998717403039336">
 <ele>48.719999999999999</ele>
 <time>2020-07-23T05:52:43Z</time>
 </trkpt>
 <trkpt lat="62.206051982939243" lon="-6.998691754415631">
 <ele>48.789999999999999</ele>
 <time>2020-07-23T05:52:50Z</time>
 </trkpt>
 <trkpt lat="62.20595802180469" lon="-6.998631404712796">
 <ele>49</ele>
 <time>2020-07-23T05:52:57Z</time>
 </trkpt>
 <trkpt lat="62.2058763820678" lon="-6.998559571802616">
 <ele>48.869999999999997</ele>
 <time>2020-07-23T05:53:04Z</time>
 </trkpt>
 <trkpt lat="62.2057762183249" lon="-6.998479105532169">
 <ele>48.909999999999997</ele>
 <time>2020-07-23T05:53:11Z</time>
 </trkpt>
 <trkpt lat="62.205675384029746" lon="-6.998362680897117">
 <ele>48.780000000000001</ele>
 <time>2020-07-23T05:53:18Z</time>
 </trkpt>
 <trkpt lat="62.205578237771988" lon="-6.998315323144198">
 <ele>48.600000000000001</ele>
 <time>2020-07-23T05:53:25Z</time>
 </trkpt>
 <trkpt lat="62.20548209734261" lon="-6.998284142464399">
 <ele>48.460000000000001</ele>
 <time>2020-07-23T05:53:32Z</time>
 </trkpt>
 <trkpt lat="62.205383609980345" lon="-6.998238544911146">
 <ele>48.630000000000003</ele>
 <time>2020-07-23T05:53:39Z</time>
 </trkpt>
 <trkpt lat="62.205279171466827" lon="-6.998168136924505">
 <ele>48.32</ele>
 <time>2020-07-23T05:53:46Z</time>
 </trkpt>
 <trkpt lat="62.205190407112241" lon="-6.998116672039032">
 <ele>48.439999999999998</ele>
 <time>2020-07-23T05:53:53Z</time>
 </trkpt>
 <trkpt lat="62.205101642757654" lon="-6.998059088364244">
 <ele>48.560000000000002</ele>
 <time>2020-07-23T05:54:00Z</time>
 </trkpt>
 <trkpt lat="62.205005083233118" lon="-6.9980164244771">
 <ele>48.450000000000003</ele>
 <time>2020-07-23T05:54:07Z</time>
 </trkpt>
 <trkpt lat="62.204907601699233" lon="-6.997982980683446">
 <ele>48.25</ele>
 <time>2020-07-23T05:54:15Z</time>
 </trkpt>
 <trkpt lat="62.204813556745648" lon="-6.997907543554902">
 <ele>48.210000000000001</ele>
 <time>2020-07-23T05:54:23Z</time>
 </trkpt>
 <trkpt lat="62.204719008877873" lon="-6.997871082276106">
 <ele>48.07</ele>
 <time>2020-07-23T05:54:30Z</time>
 </trkpt>
 <trkpt lat="62.204612558707595" lon="-6.997822048142552">
 <ele>47.759999999999998</ele>
 <time>2020-07-23T05:54:38Z</time>
 </trkpt>
 <trkpt lat="62.204509796574712" lon="-6.99774912558496">
 <ele>47.560000000000002</ele>
 <time>2020-07-23T05:54:46Z</time>
 </trkpt>
 <trkpt lat="62.204407788813114" lon="-6.997697576880455">
 <ele>47.399999999999999</ele>
 <time>2020-07-23T05:54:53Z</time>
 </trkpt>
 <trkpt lat="62.20430594868958" lon="-6.997643681243062">
 <ele>47.310000000000002</ele>
 <time>2020-07-23T05:55:00Z</time>
 </trkpt>
 <trkpt lat="62.204216010868549" lon="-6.997576374560595">
 <ele>46.969999999999999</ele>
 <time>2020-07-23T05:55:07Z</time>
 </trkpt>
 <trkpt lat="62.204128252342343" lon="-6.997550223022699">
 <ele>46.700000000000003</ele>
 <time>2020-07-23T05:55:14Z</time>
 </trkpt>
 <trkpt lat="62.204035464674234" lon="-6.997531531378627">
 <ele>46.520000000000003</ele>
 <time>2020-07-23T05:55:22Z</time>
 </trkpt>
 <trkpt lat="62.203932283446193" lon="-6.997507642954588">
 <ele>46.200000000000003</ele>
 <time>2020-07-23T05:55:29Z</time>
 </trkpt>
 <trkpt lat="62.203837819397449" lon="-6.997436061501503">
 <ele>45.719999999999999</ele>
 <time>2020-07-23T05:55:36Z</time>
 </trkpt>
 <trkpt lat="62.203730531036854" lon="-6.997366910800338">
 <ele>46.079999999999998</ele>
 <time>2020-07-23T05:55:43Z</time>
 </trkpt>
 <trkpt lat="62.203624164685607" lon="-6.997291138395667">
 <ele>45.780000000000001</ele>
 <time>2020-07-23T05:55:50Z</time>
 </trkpt>
 <trkpt lat="62.203530455008149" lon="-6.997224083170295">
 <ele>45.539999999999999</ele>
 <time>2020-07-23T05:55:57Z</time>
 </trkpt>
 <trkpt lat="62.203426519408822" lon="-6.997186616063118">
 <ele>45.340000000000003</ele>
 <time>2020-07-23T05:56:05Z</time>
 </trkpt>
 <trkpt lat="62.203328870236874" lon="-6.997138420119882">
 <ele>45.119999999999997</ele>
 <time>2020-07-23T05:56:12Z</time>
 </trkpt>
 <trkpt lat="62.203240524977446" lon="-6.997087122872472">
 <ele>45.219999999999999</ele>
 <time>2020-07-23T05:56:19Z</time>
 </trkpt>
 <trkpt lat="62.203139690682292" lon="-6.997032389044762">
 <ele>44.710000000000001</ele>
 <time>2020-07-23T05:56:26Z</time>
 </trkpt>
 <trkpt lat="62.203051680698991" lon="-6.996997352689505">
 <ele>44.390000000000001</ele>
 <time>2020-07-23T05:56:33Z</time>
 </trkpt>
 <trkpt lat="62.202955624088645" lon="-6.996960891410708">
 <ele>44.200000000000003</ele>
 <time>2020-07-23T05:56:40Z</time>
 </trkpt>
 <trkpt lat="62.20286350697279" lon="-6.996920658275485">
 <ele>43.979999999999997</ele>
 <time>2020-07-23T05:56:47Z</time>
 </trkpt>
 <trkpt lat="62.202763091772795" lon="-6.996919987723231">
 <ele>43.719999999999999</ele>
 <time>2020-07-23T05:56:55Z</time>
 </trkpt>
 <trkpt lat="62.202659323811531" lon="-6.996876318007708">
 <ele>43.740000000000002</ele>
 <time>2020-07-23T05:57:03Z</time>
 </trkpt>
 <trkpt lat="62.202550945803523" lon="-6.996698705479503">
 <ele>42.890000000000001</ele>
 <time>2020-07-23T05:57:11Z</time>
 </trkpt>
 <trkpt lat="62.20244818367064" lon="-6.996674062684178">
 <ele>42.630000000000003</ele>
 <time>2020-07-23T05:57:18Z</time>
 </trkpt>
 <trkpt lat="62.202340727671981" lon="-6.996666099876165">
 <ele>42.490000000000002</ele>
 <time>2020-07-23T05:57:26Z</time>
 </trkpt>
 <trkpt lat="62.202233355492353" lon="-6.996654784306884">
 <ele>42.670000000000002</ele>
 <time>2020-07-23T05:57:33Z</time>
 </trkpt>
 <trkpt lat="62.202119529247284" lon="-6.996623938903213">
 <ele>42.490000000000002</ele>
 <time>2020-07-23T05:57:40Z</time>
 </trkpt>
 <trkpt lat="62.202031351625919" lon="-6.996567528694868">
 <ele>42.210000000000001</ele>
 <time>2020-07-23T05:57:46Z</time>
 </trkpt>
 <trkpt lat="62.20192976295948" lon="-6.996545568108559">
 <ele>41.649999999999999</ele>
 <time>2020-07-23T05:57:53Z</time>
 </trkpt>
 <trkpt lat="62.201837478205562" lon="-6.99652117677033">
 <ele>41.719999999999999</ele>
 <time>2020-07-23T05:58:00Z</time>
 </trkpt>
 <trkpt lat="62.201740499585867" lon="-6.996505754068494">
 <ele>41.520000000000003</ele>
 <time>2020-07-23T05:58:08Z</time>
 </trkpt>
 <trkpt lat="62.20164536498487" lon="-6.996477507054806">
 <ele>41.090000000000003</ele>
 <time>2020-07-23T05:58:15Z</time>
 </trkpt>
 <trkpt lat="62.201538998633623" lon="-6.996443476527929">
 <ele>41.090000000000003</ele>
 <time>2020-07-23T05:58:23Z</time>
 </trkpt>
 <trkpt lat="62.201432380825281" lon="-6.996426042169333">
 <ele>40.759999999999998</ele>
 <time>2020-07-23T05:58:31Z</time>
 </trkpt>
 <trkpt lat="62.201328696683049" lon="-6.996394861489534">
 <ele>40.770000000000003</ele>
 <time>2020-07-23T05:58:38Z</time>
 </trkpt>
 <trkpt lat="62.201219731941819" lon="-6.996329398825765">
 <ele>40.340000000000003</ele>
 <time>2020-07-23T05:58:46Z</time>
 </trkpt>
 <trkpt lat="62.201114287599921" lon="-6.996267205104232">
 <ele>40.289999999999999</ele>
 <time>2020-07-23T05:58:53Z</time>
 </trkpt>
 <trkpt lat="62.201016135513783" lon="-6.996212806552649">
 <ele>40.329999999999998</ele>
 <time>2020-07-23T05:59:00Z</time>
 </trkpt>
 <trkpt lat="62.200923850759864" lon="-6.996166789904237">
 <ele>40.140000000000001</ele>
 <time>2020-07-23T05:59:08Z</time>
 </trkpt>
 <trkpt lat="62.200820501893759" lon="-6.996139632537961">
 <ele>40.240000000000002</ele>
 <time>2020-07-23T05:59:16Z</time>
 </trkpt>
 <trkpt lat="62.200714470818639" lon="-6.996105099096894">
 <ele>40.32</ele>
 <time>2020-07-23T05:59:23Z</time>
 </trkpt>
 <trkpt lat="62.200600393116474" lon="-6.996073834598064">
 <ele>40.240000000000002</ele>
 <time>2020-07-23T05:59:31Z</time>
 </trkpt>
 <trkpt lat="62.200492266565561" lon="-6.996035696938634">
 <ele>40.07</ele>
 <time>2020-07-23T05:59:39Z</time>
 </trkpt>
 <trkpt lat="62.200395707041025" lon="-6.995988506823778">
 <ele>39.850000000000001</ele>
 <time>2020-07-23T05:59:46Z</time>
 </trkpt>
 <trkpt lat="62.200297974050045" lon="-6.995940981432796">
 <ele>39.509999999999998</ele>
 <time>2020-07-23T05:59:53Z</time>
 </trkpt>
 <trkpt lat="62.200192362070084" lon="-6.995903765782714">
 <ele>39.100000000000001</ele>
 <time>2020-07-23T06:00:00Z</time>
 </trkpt>
 <trkpt lat="62.200093287974596" lon="-6.995857246220112">
 <ele>38.899999999999999</ele>
 <time>2020-07-23T06:00:07Z</time>
 </trkpt>
 <trkpt lat="62.200004020705819" lon="-6.995814582332969">
 <ele>38.909999999999997</ele>
 <time>2020-07-23T06:00:14Z</time>
 </trkpt>
 <trkpt lat="62.199914585798979" lon="-6.995776109397411">
 <ele>38.840000000000003</ele>
 <time>2020-07-23T06:00:20Z</time>
 </trkpt>
 <trkpt lat="62.199818948283792" lon="-6.99575305916369">
 <ele>38.579999999999998</ele>
 <time>2020-07-23T06:00:27Z</time>
 </trkpt>
 <trkpt lat="62.199715096503496" lon="-6.995715508237481">
 <ele>38.399999999999999</ele>
 <time>2020-07-23T06:00:34Z</time>
 </trkpt>
 <trkpt lat="62.199615770950913" lon="-6.995657086372376">
 <ele>38.329999999999998</ele>
 <time>2020-07-23T06:00:42Z</time>
 </trkpt>
 <trkpt lat="62.199512086808681" lon="-6.995611237362027">
 <ele>38</ele>
 <time>2020-07-23T06:00:49Z</time>
 </trkpt>
 <trkpt lat="62.199421646073461" lon="-6.995563125237823">
 <ele>37.850000000000001</ele>
 <time>2020-07-23T06:00:55Z</time>
 </trkpt>
 <trkpt lat="62.19931754283607" lon="-6.995528340339661">
 <ele>37.82</ele>
 <time>2020-07-23T06:01:02Z</time>
 </trkpt>
 <trkpt lat="62.199229281395674" lon="-6.995508726686239">
 <ele>37.539999999999999</ele>
 <time>2020-07-23T06:01:08Z</time>
 </trkpt>
 <trkpt lat="62.199144791811705" lon="-6.995474528521299">
 <ele>37.649999999999999</ele>
 <time>2020-07-23T06:01:15Z</time>
 </trkpt>
 <trkpt lat="62.199058458209038" lon="-6.995449550449848">
 <ele>37.509999999999998</ele>
 <time>2020-07-23T06:01:21Z</time>
 </trkpt>
 <trkpt lat="62.198961731046438" lon="-6.995538650080562">
 <ele>37.159999999999997</ele>
 <time>2020-07-23T06:01:30Z</time>
 </trkpt>
 <trkpt lat="62.198907332494855" lon="-6.995583660900593">
 <ele>36.57</ele>
 <time>2020-07-23T06:02:09Z</time>
 </trkpt>
 <trkpt lat="62.198842875659466" lon="-6.995419375598431">
 <ele>36.850000000000001</ele>
 <time>2020-07-23T06:02:16Z</time>
 </trkpt>
 <trkpt lat="62.198753608390689" lon="-6.995345531031489">
 <ele>36.759999999999998</ele>
 <time>2020-07-23T06:02:23Z</time>
 </trkpt>
 <trkpt lat="62.198660904541612" lon="-6.995293311774731">
 <ele>36.869999999999997</ele>
 <time>2020-07-23T06:02:31Z</time>
 </trkpt>
 <trkpt lat="62.19856258481741" lon="-6.995240841060877">
 <ele>36.829999999999998</ele>
 <time>2020-07-23T06:02:39Z</time>
 </trkpt>
 <trkpt lat="62.198475329205394" lon="-6.995201697573066">
 <ele>36.689999999999998</ele>
 <time>2020-07-23T06:02:45Z</time>
 </trkpt>
 <trkpt lat="62.19837642274797" lon="-6.995148304849863">
 <ele>36.75</ele>
 <time>2020-07-23T06:02:53Z</time>
 </trkpt>
 <trkpt lat="62.198288245126605" lon="-6.995106982067227">
 <ele>36.740000000000002</ele>
 <time>2020-07-23T06:03:00Z</time>
 </trkpt>
 <trkpt lat="62.198197972029448" lon="-6.995085440576077">
 <ele>36.75</ele>
 <time>2020-07-23T06:03:07Z</time>
 </trkpt>
 <trkpt lat="62.198096215724945" lon="-6.995023833587766">
 <ele>36.840000000000003</ele>
 <time>2020-07-23T06:03:15Z</time>
 </trkpt>
 <trkpt lat="62.197992699220777" lon="-6.99497421272099">
 <ele>37.009999999999998</ele>
 <time>2020-07-23T06:03:23Z</time>
 </trkpt>
 <trkpt lat="62.197886081412435" lon="-6.994946636259556">
 <ele>36.880000000000003</ele>
 <time>2020-07-23T06:03:31Z</time>
 </trkpt>
 <trkpt lat="62.197777032852173" lon="-6.994996927678585">
 <ele>37</ele>
 <time>2020-07-23T06:03:38Z</time>
 </trkpt>
 <trkpt lat="62.197687178850174" lon="-6.995002292096615">
 <ele>37.060000000000002</ele>
 <time>2020-07-23T06:03:44Z</time>
 </trkpt>
 <trkpt lat="62.197586428374052" lon="-6.994965244084597">
 <ele>37.07</ele>
 <time>2020-07-23T06:03:51Z</time>
 </trkpt>
 <trkpt lat="62.197503615170717" lon="-6.994873462244868">
 <ele>35.93</ele>
 <time>2020-07-23T06:05:16Z</time>
 </trkpt>
 <trkpt lat="62.197448378428817" lon="-6.994702974334359">
 <ele>36.460000000000001</ele>
 <time>2020-07-23T06:05:24Z</time>
 </trkpt>
 <trkpt lat="62.197345029562712" lon="-6.994635248556733">
 <ele>36.340000000000003</ele>
 <time>2020-07-23T06:05:31Z</time>
 </trkpt>
 <trkpt lat="62.197247967123985" lon="-6.994583699852228">
 <ele>36.450000000000003</ele>
 <time>2020-07-23T06:05:38Z</time>
 </trkpt>
 <trkpt lat="62.197156520560384" lon="-6.994521757587791">
 <ele>36.130000000000003</ele>
 <time>2020-07-23T06:05:45Z</time>
 </trkpt>
 <trkpt lat="62.197056859731674" lon="-6.994489319622517">
 <ele>36.579999999999998</ele>
 <time>2020-07-23T06:05:52Z</time>
 </trkpt>
 <trkpt lat="62.196961473673582" lon="-6.994407093152404">
 <ele>36.469999999999999</ele>
 <time>2020-07-23T06:05:59Z</time>
 </trkpt>
 <trkpt lat="62.196870446205139" lon="-6.994330063462257">
 <ele>36.5</ele>
 <time>2020-07-23T06:06:06Z</time>
 </trkpt>
 <trkpt lat="62.196778999641538" lon="-6.994288573041558">
 <ele>36.380000000000003</ele>
 <time>2020-07-23T06:06:13Z</time>
 </trkpt>
 <trkpt lat="62.196684619411826" lon="-6.994208358228207">
 <ele>36.549999999999997</ele>
 <time>2020-07-23T06:06:20Z</time>
 </trkpt>
 <trkpt lat="62.19657925888896" lon="-6.994152702391148">
 <ele>36.469999999999999</ele>
 <time>2020-07-23T06:06:27Z</time>
 </trkpt>
 <trkpt lat="62.196480939164758" lon="-6.994072236120701">
 <ele>36.409999999999997</ele>
 <time>2020-07-23T06:06:34Z</time>
 </trkpt>
 <trkpt lat="62.196388151496649" lon="-6.994001576676965">
 <ele>36.130000000000003</ele>
 <time>2020-07-23T06:06:41Z</time>
 </trkpt>
 <trkpt lat="62.196297124028206" lon="-6.993959415704012">
 <ele>36.109999999999999</ele>
 <time>2020-07-23T06:06:47Z</time>
 </trkpt>
 <trkpt lat="62.196201905608177" lon="-6.99388506822288">
 <ele>36.310000000000002</ele>
 <time>2020-07-23T06:06:54Z</time>
 </trkpt>
 <trkpt lat="62.196117583662271" lon="-6.993827736005187">
 <ele>36.079999999999998</ele>
 <time>2020-07-23T06:07:00Z</time>
 </trkpt>
 <trkpt lat="62.196030411869287" lon="-6.993768895044923">
 <ele>36.009999999999998</ele>
 <time>2020-07-23T06:07:07Z</time>
 </trkpt>
 <trkpt lat="62.195943240076303" lon="-6.993701839819551">
 <ele>36.030000000000001</ele>
 <time>2020-07-23T06:07:14Z</time>
 </trkpt>
 <trkpt lat="62.195844333618879" lon="-6.993632772937417">
 <ele>36.270000000000003</ele>
 <time>2020-07-23T06:07:21Z</time>
 </trkpt>
 <trkpt lat="62.195748696103692" lon="-6.99356647208333">
 <ele>36.310000000000002</ele>
 <time>2020-07-23T06:07:28Z</time>
 </trkpt>
 <trkpt lat="62.195643587037921" lon="-6.993492878973484">
 <ele>36.289999999999999</ele>
 <time>2020-07-23T06:07:35Z</time>
 </trkpt>
 <trkpt lat="62.195549458265305" lon="-6.993417106568813">
 <ele>36.030000000000001</ele>
 <time>2020-07-23T06:07:42Z</time>
 </trkpt>
 <trkpt lat="62.195447785779834" lon="-6.993343848735094">
 <ele>36.189999999999998</ele>
 <time>2020-07-23T06:07:50Z</time>
 </trkpt>
 <trkpt lat="62.195350974798203" lon="-6.993282493203878">
 <ele>36.170000000000002</ele>
 <time>2020-07-23T06:07:57Z</time>
 </trkpt>
 <trkpt lat="62.195262545719743" lon="-6.993216192349792">
 <ele>36.07</ele>
 <time>2020-07-23T06:08:04Z</time>
 </trkpt>
 <trkpt lat="62.195170596241951" lon="-6.993154585361481">
 <ele>36</ele>
 <time>2020-07-23T06:08:11Z</time>
 </trkpt>
 <trkpt lat="62.195081077516079" lon="-6.993089290335774">
 <ele>36.100000000000001</ele>
 <time>2020-07-23T06:08:18Z</time>
 </trkpt>
 <trkpt lat="62.194991139695048" lon="-6.993024330586195">
 <ele>35.859999999999999</ele>
 <time>2020-07-23T06:08:25Z</time>
 </trkpt>
 <trkpt lat="62.194894161075354" lon="-6.992964651435614">
 <ele>35.759999999999998</ele>
 <time>2020-07-23T06:08:31Z</time>
 </trkpt>
 <trkpt lat="62.194798942655325" lon="-6.992903966456652">
 <ele>36.219999999999999</ele>
 <time>2020-07-23T06:08:38Z</time>
 </trkpt>
 <trkpt lat="62.194697773084044" lon="-6.992840934544802">
 <ele>36.130000000000003</ele>
 <time>2020-07-23T06:08:46Z</time>
 </trkpt>
 <trkpt lat="62.194596352055669" lon="-6.992749907076359">
 <ele>35.700000000000003</ele>
 <time>2020-07-23T06:08:54Z</time>
 </trkpt>
 <trkpt lat="62.194494176656008" lon="-6.992671871557832">
 <ele>35.560000000000002</ele>
 <time>2020-07-23T06:09:02Z</time>
 </trkpt>
 <trkpt lat="62.194398706778884" lon="-6.992609677836299">
 <ele>35.390000000000001</ele>
 <time>2020-07-23T06:09:09Z</time>
 </trkpt>
 <trkpt lat="62.194299045950174" lon="-6.99254035949707">
 <ele>35.039999999999999</ele>
 <time>2020-07-23T06:09:16Z</time>
 </trkpt>
 <trkpt lat="62.194199888035655" lon="-6.992463665083051">
 <ele>34.82</ele>
 <time>2020-07-23T06:09:23Z</time>
 </trkpt>
 <trkpt lat="62.194104334339499" lon="-6.992375822737813">
 <ele>34.25</ele>
 <time>2020-07-23T06:09:31Z</time>
 </trkpt>
 <trkpt lat="62.194004422053695" lon="-6.992290830239654">
 <ele>34.460000000000001</ele>
 <time>2020-07-23T06:09:38Z</time>
 </trkpt>
 <trkpt lat="62.193911969661713" lon="-6.992214722558856">
 <ele>34.200000000000003</ele>
 <time>2020-07-23T06:09:44Z</time>
 </trkpt>
 <trkpt lat="62.193816499784589" lon="-6.992138111963868">
 <ele>33.840000000000003</ele>
 <time>2020-07-23T06:09:50Z</time>
 </trkpt>
 <trkpt lat="62.193716838955879" lon="-6.99204440228641">
 <ele>33.950000000000003</ele>
 <time>2020-07-23T06:09:57Z</time>
 </trkpt>
 <trkpt lat="62.193631762638688" lon="-6.99196427129209">
 <ele>33.789999999999999</ele>
 <time>2020-07-23T06:10:04Z</time>
 </trkpt>
 <trkpt lat="62.193547608330846" lon="-6.991869136691093">
 <ele>33.280000000000001</ele>
 <time>2020-07-23T06:10:11Z</time>
 </trkpt>
 <trkpt lat="62.193467142060399" lon="-6.991750281304121">
 <ele>33.600000000000001</ele>
 <time>2020-07-23T06:10:19Z</time>
 </trkpt>
 <trkpt lat="62.193378042429686" lon="-6.991655481979251">
 <ele>34.039999999999999</ele>
 <time>2020-07-23T06:10:27Z</time>
 </trkpt>
 <trkpt lat="62.193280141800642" lon="-6.99155037291348">
 <ele>34.109999999999999</ele>
 <time>2020-07-23T06:10:34Z</time>
 </trkpt>
 <trkpt lat="62.193198250606656" lon="-6.991426488384605">
 <ele>34.490000000000002</ele>
 <time>2020-07-23T06:10:41Z</time>
 </trkpt>
 <trkpt lat="62.193105630576611" lon="-6.991303777322173">
 <ele>34.469999999999999</ele>
 <time>2020-07-23T06:10:48Z</time>
 </trkpt>
 <trkpt lat="62.19303036108613" lon="-6.991175031289458">
 <ele>34.909999999999997</ele>
 <time>2020-07-23T06:10:55Z</time>
 </trkpt>
 <trkpt lat="62.19294679351151" lon="-6.99103245511651">
 <ele>35</ele>
 <time>2020-07-23T06:11:02Z</time>
 </trkpt>
 <trkpt lat="62.192872362211347" lon="-6.990905134007335">
 <ele>35.219999999999999</ele>
 <time>2020-07-23T06:11:09Z</time>
 </trkpt>
 <trkpt lat="62.192797092720866" lon="-6.990760546177626">
 <ele>35.460000000000001</ele>
 <time>2020-07-23T06:11:17Z</time>
 </trkpt>
 <trkpt lat="62.192726852372289" lon="-6.990623837336898">
 <ele>35.880000000000003</ele>
 <time>2020-07-23T06:11:24Z</time>
 </trkpt>
 <trkpt lat="62.192645380273461" lon="-6.990497354418039">
 <ele>36.030000000000001</ele>
 <time>2020-07-23T06:11:31Z</time>
 </trkpt>
 <trkpt lat="62.192577151581645" lon="-6.990349078550935">
 <ele>36.109999999999999</ele>
 <time>2020-07-23T06:11:38Z</time>
 </trkpt>
 <trkpt lat="62.192506995052099" lon="-6.990198204293847">
 <ele>36.159999999999997</ele>
 <time>2020-07-23T06:11:45Z</time>
 </trkpt>
 <trkpt lat="62.192440610378981" lon="-6.990054454654455">
 <ele>36.130000000000003</ele>
 <time>2020-07-23T06:11:52Z</time>
 </trkpt>
 <trkpt lat="62.192381517961621" lon="-6.989878267049789">
 <ele>35.57</ele>
 <time>2020-07-23T06:11:59Z</time>
 </trkpt>
 <trkpt lat="62.192311864346266" lon="-6.989746754989028">
 <ele>35.859999999999999</ele>
 <time>2020-07-23T06:12:05Z</time>
 </trkpt>
 <trkpt lat="62.192244222387671" lon="-6.989573668688536">
 <ele>36.009999999999998</ele>
 <time>2020-07-23T06:12:13Z</time>
 </trkpt>
 <trkpt lat="62.192168282344937" lon="-6.98943754658103">
 <ele>35.579999999999998</ele>
 <time>2020-07-23T06:12:20Z</time>
 </trkpt>
 <trkpt lat="62.19210198149085" lon="-6.989289857447147">
 <ele>35.799999999999997</ele>
 <time>2020-07-23T06:12:27Z</time>
 </trkpt>
 <trkpt lat="62.192025789991021" lon="-6.989162284880877">
 <ele>35</ele>
 <time>2020-07-23T06:12:33Z</time>
 </trkpt>
 <trkpt lat="62.191965859383345" lon="-6.989018954336643">
 <ele>35.189999999999998</ele>
 <time>2020-07-23T06:12:40Z</time>
 </trkpt>
 <trkpt lat="62.191899726167321" lon="-6.988858692348003">
 <ele>34.520000000000003</ele>
 <time>2020-07-23T06:12:48Z</time>
 </trkpt>
 <trkpt lat="62.191830743104219" lon="-6.988687869161367">
 <ele>34.700000000000003</ele>
 <time>2020-07-23T06:12:56Z</time>
 </trkpt>
 <trkpt lat="62.191749773919582" lon="-6.988535821437836">
 <ele>34.640000000000001</ele>
 <time>2020-07-23T06:13:03Z</time>
 </trkpt>
 <trkpt lat="62.191682299599051" lon="-6.988381175324321">
 <ele>34.490000000000002</ele>
 <time>2020-07-23T06:13:10Z</time>
 </trkpt>
 <trkpt lat="62.191613903269172" lon="-6.988215548917651">
 <ele>34.289999999999999</ele>
 <time>2020-07-23T06:13:17Z</time>
 </trkpt>
 <trkpt lat="62.191533101722598" lon="-6.988057298585773">
 <ele>34.340000000000003</ele>
 <time>2020-07-23T06:13:24Z</time>
 </trkpt>
 <trkpt lat="62.191457832232118" lon="-6.987889409065247">
 <ele>34.259999999999998</ele>
 <time>2020-07-23T06:13:32Z</time>
 </trkpt>
 <trkpt lat="62.19138415530324" lon="-6.987739959731698">
 <ele>34.039999999999999</ele>
 <time>2020-07-23T06:13:39Z</time>
 </trkpt>
 <trkpt lat="62.191311316564679" lon="-6.987632000818849">
 <ele>33.82</ele>
 <time>2020-07-23T06:13:58Z</time>
 </trkpt>
 <trkpt lat="62.191221127286553" lon="-6.987550277262926">
 <ele>33.409999999999997</ele>
 <time>2020-07-23T06:14:19Z</time>
 </trkpt>
 <trkpt lat="62.191154574975371" lon="-6.987412143498659">
 <ele>32.729999999999997</ele>
 <time>2020-07-23T06:14:26Z</time>
 </trkpt>
 <trkpt lat="62.191093722358346" lon="-6.987265460193157">
 <ele>32.299999999999997</ele>
 <time>2020-07-23T06:14:34Z</time>
 </trkpt>
 <trkpt lat="62.191027253866196" lon="-6.987106623128057">
 <ele>31.949999999999999</ele>
 <time>2020-07-23T06:14:41Z</time>
 </trkpt>
 <trkpt lat="62.190944524481893" lon="-6.986921383067966">
 <ele>31.57</ele>
 <time>2020-07-23T06:14:49Z</time>
 </trkpt>
 <trkpt lat="62.190862465649843" lon="-6.986754667013884">
 <ele>30.809999999999999</ele>
 <time>2020-07-23T06:14:56Z</time>
 </trkpt>
 <trkpt lat="62.190791387110949" lon="-6.986606894060969">
 <ele>30.5</ele>
 <time>2020-07-23T06:15:03Z</time>
 </trkpt>
 <trkpt lat="62.190731205046177" lon="-6.98645107448101">
 <ele>30.07</ele>
 <time>2020-07-23T06:15:10Z</time>
 </trkpt>
 <trkpt lat="62.19066733494401" lon="-6.986297266557813">
 <ele>29.699999999999999</ele>
 <time>2020-07-23T06:15:17Z</time>
 </trkpt>
 <trkpt lat="62.190593322739005" lon="-6.986144632101059">
 <ele>29.41</ele>
 <time>2020-07-23T06:15:24Z</time>
 </trkpt>
 <trkpt lat="62.190516209229827" lon="-6.986002558842301">
 <ele>28.84</ele>
 <time>2020-07-23T06:15:31Z</time>
 </trkpt>
 <trkpt lat="62.190430965274572" lon="-6.9858593121171">
 <ele>28.32</ele>
 <time>2020-07-23T06:15:38Z</time>
 </trkpt>
 <trkpt lat="62.190354773774743" lon="-6.985705168917775">
 <ele>28.100000000000001</ele>
 <time>2020-07-23T06:15:45Z</time>
 </trkpt>
 <trkpt lat="62.190274894237518" lon="-6.985566280782223">
 <ele>27.940000000000001</ele>
 <time>2020-07-23T06:15:52Z</time>
 </trkpt>
 <trkpt lat="62.190210772678256" lon="-6.985428230836988">
 <ele>27.690000000000001</ele>
 <time>2020-07-23T06:15:58Z</time>
 </trkpt>
 <trkpt lat="62.190130893141031" lon="-6.985289258882403">
 <ele>27.77</ele>
 <time>2020-07-23T06:16:05Z</time>
 </trkpt>
 <trkpt lat="62.190052438527346" lon="-6.98514056392014">
 <ele>27.449999999999999</ele>
 <time>2020-07-23T06:16:12Z</time>
 </trkpt>
 <trkpt lat="62.189981192350388" lon="-6.98499740101397">
 <ele>26.809999999999999</ele>
 <time>2020-07-23T06:16:19Z</time>
 </trkpt>
 <trkpt lat="62.189915059134364" lon="-6.98485960252583">
 <ele>26.710000000000001</ele>
 <time>2020-07-23T06:16:25Z</time>
 </trkpt>
 <trkpt lat="62.189859822392464" lon="-6.984710991382599">
 <ele>26.239999999999998</ele>
 <time>2020-07-23T06:16:35Z</time>
 </trkpt>
 <trkpt lat="62.189780948683619" lon="-6.984401112422347">
 <ele>2.26171875</ele>
 </trkpt>
 <trkpt lat="62.189615238457918" lon="-6.983488239347935">
 <ele>3.45703125</ele>
 </trkpt>
 <trkpt lat="62.190080182626843" lon="-6.983562167733908">
 <ele>6.0703125</ele>
 </trkpt>
 <trkpt lat="62.190400622785091" lon="-6.983622936531901">
 <ele>7.84765625</ele>
 </trkpt>
 <trkpt lat="62.190476227551699" lon="-6.983601478859782">
 <ele>8.3984375</ele>
 </trkpt>
 <trkpt lat="62.190564572811127" lon="-6.983535261824727">
 <ele>9.19140625</ele>
 </trkpt>
 <trkpt lat="62.190577648580074" lon="-6.98341179639101">
 <ele>9.58203125</ele>
 </trkpt>
 <trkpt lat="62.190571697428823" lon="-6.983344238251448">
 <ele>9.703125</ele>
 </trkpt>
 <trkpt lat="62.190586030483246" lon="-6.981705157086253">
 <ele>17.203125</ele>
 <time>2020-07-23T06:32:27Z</time>
 </trkpt>
 <trkpt lat="62.190591981634498" lon="-6.981658888980746">
 <ele>17.54296875</ele>
 <time>2020-07-23T06:33:48Z</time>
 </trkpt>
 <trkpt lat="62.19066197052598" lon="-6.98164539411664">
 <ele>18.515625</ele>
 <time>2020-07-23T06:34:47Z</time>
 </trkpt>
 <trkpt lat="62.190727600827813" lon="-6.981561575084925">
 <ele>19.94921875</ele>
 <time>2020-07-23T06:35:11Z</time>
 </trkpt>
 <trkpt lat="62.190790381282568" lon="-6.981480354443193">
 <ele>21.546875</ele>
 <time>2020-07-23T06:35:33Z</time>
 </trkpt>
 <trkpt lat="62.190878642722964" lon="-6.98139913380146">
 <ele>23.5234375</ele>
 <time>2020-07-23T06:35:54Z</time>
 </trkpt>
 <trkpt lat="62.190967239439487" lon="-6.981397541239858">
 <ele>24.75390625</ele>
 <time>2020-07-23T06:36:17Z</time>
 </trkpt>
 <trkpt lat="62.191011076793075" lon="-6.981403408572078">
 <ele>25.296875</ele>
 <time>2020-07-23T06:36:44Z</time>
 </trkpt>
 <trkpt lat="62.190979141741991" lon="-6.981408940628171">
 <ele>24.8046875</ele>
 <time>2020-07-23T06:37:15Z</time>
 </trkpt>
 <trkpt lat="62.191072348505259" lon="-6.98133266530931">
 <ele>26.859375</ele>
 <time>2020-07-23T06:37:40Z</time>
 </trkpt>
 <trkpt lat="62.191130770370364" lon="-6.981211127713323">
 <ele>28.9375</ele>
 <time>2020-07-23T06:38:01Z</time>
 </trkpt>
 <trkpt lat="62.191189778968692" lon="-6.981147844344378">
 <ele>30.44921875</ele>
 <time>2020-07-23T06:38:21Z</time>
 </trkpt>
 <trkpt lat="62.191279549151659" lon="-6.981132170185447">
 <ele>31.8984375</ele>
 <time>2020-07-23T06:38:33Z</time>
 </trkpt>
 <trkpt lat="62.191365212202072" lon="-6.981111969798803">
 <ele>33.0859375</ele>
 <time>2020-07-23T06:38:53Z</time>
 </trkpt>
 <trkpt lat="62.19145841896534" lon="-6.981054050847888">
 <ele>34.75390625</ele>
 <time>2020-07-23T06:39:06Z</time>
 </trkpt>
 <trkpt lat="62.191558247432113" lon="-6.981026558205485">
 <ele>36.16015625</ele>
 <time>2020-07-23T06:39:25Z</time>
 </trkpt>
 <trkpt lat="62.191639887169003" lon="-6.981006860733032">
 <ele>37.28125</ele>
 <time>2020-07-23T06:39:43Z</time>
 </trkpt>
 <trkpt lat="62.191745331510901" lon="-6.981105683371425">
 <ele>37.45703125</ele>
 <time>2020-07-23T06:40:05Z</time>
 </trkpt>
 <trkpt lat="62.191831497475505" lon="-6.981231244280934">
 <ele>37.17578125</ele>
 <time>2020-07-23T06:40:22Z</time>
 </trkpt>
 <trkpt lat="62.19192554242909" lon="-6.981232669204474">
 <ele>38.24609375</ele>
 <time>2020-07-23T06:40:36Z</time>
 </trkpt>
 <trkpt lat="62.191991424188018" lon="-6.981093194335699">
 <ele>40.3671875</ele>
 <time>2020-07-23T06:41:08Z</time>
 </trkpt>
 <trkpt lat="62.192027634009719" lon="-6.980939134955406">
 <ele>42.2734375</ele>
 <time>2020-07-23T06:41:25Z</time>
 </trkpt>
 <trkpt lat="62.192059317603707" lon="-6.980753978714347">
 <ele>44.4140625</ele>
 <time>2020-07-23T06:41:54Z</time>
 </trkpt>
 <trkpt lat="62.192086894065142" lon="-6.980573097243905">
 <ele>46.66015625</ele>
 <time>2020-07-23T06:42:14Z</time>
 </trkpt>
 <trkpt lat="62.192134838551283" lon="-6.980390623211861">
 <ele>49.1171875</ele>
 <time>2020-07-23T06:42:30Z</time>
 </trkpt>
 <trkpt lat="62.192204827442765" lon="-6.980330692604184">
 <ele>50.4375</ele>
 <time>2020-07-23T06:42:50Z</time>
 </trkpt>
 <trkpt lat="62.192246820777655" lon="-6.980205634608865">
 <ele>52.19140625</ele>
 <time>2020-07-23T06:43:11Z</time>
 </trkpt>
 <trkpt lat="62.192347571253777" lon="-6.98022935539484">
 <ele>52.90234375</ele>
 <time>2020-07-23T06:43:24Z</time>
 </trkpt>
 <trkpt lat="62.192403813824058" lon="-6.980072194710374">
 <ele>55.140625</ele>
 <time>2020-07-23T06:43:38Z</time>
 </trkpt>
 <trkpt lat="62.192457709461451" lon="-6.979952333495021">
 <ele>56.953125</ele>
 <time>2020-07-23T06:44:03Z</time>
 </trkpt>
 <trkpt lat="62.192539013922215" lon="-6.979821911081672">
 <ele>59.421875</ele>
 <time>2020-07-23T06:44:50Z</time>
 </trkpt>
 <trkpt lat="62.192619564011693" lon="-6.979759465903044">
 <ele>61.078125</ele>
 <time>2020-07-23T06:45:04Z</time>
 </trkpt>
 <trkpt lat="62.192654432728887" lon="-6.979600545018911">
 <ele>63.64453125</ele>
 <time>2020-07-23T06:45:35Z</time>
 </trkpt>
 <trkpt lat="62.192666670307517" lon="-6.979433409869671">
 <ele>66.109375</ele>
 <time>2020-07-23T06:45:49Z</time>
 </trkpt>
 <trkpt lat="62.192683350294828" lon="-6.979224281385541">
 <ele>69.21875</ele>
 <time>2020-07-23T06:46:11Z</time>
 </trkpt>
 <trkpt lat="62.192679578438401" lon="-6.979016829282045">
 <ele>72.0625</ele>
 <time>2020-07-23T06:46:28Z</time>
 </trkpt>
 <trkpt lat="62.192693240940571" lon="-6.978850951418281">
 <ele>74.45703125</ele>
 <time>2020-07-23T06:46:53Z</time>
 </trkpt>
 <trkpt lat="62.192725259810686" lon="-6.978669064119458">
 <ele>77.25</ele>
 <time>2020-07-23T06:47:21Z</time>
 </trkpt>
 <trkpt lat="62.192748645320535" lon="-6.978506036102772">
 <ele>79.6875</ele>
 <time>2020-07-23T06:47:34Z</time>
 </trkpt>
 <trkpt lat="62.192784016951919" lon="-6.978337811306119">
 <ele>82.30078125</ele>
 <time>2020-07-23T06:47:51Z</time>
 </trkpt>
 <trkpt lat="62.192805139347911" lon="-6.978167239576578">
 <ele>84.875</ele>
 <time>2020-07-23T06:48:17Z</time>
 </trkpt>
 <trkpt lat="62.192756440490484" lon="-6.977979065850377">
 <ele>87.1171875</ele>
 <time>2020-07-23T06:48:44Z</time>
 </trkpt>
 <trkpt lat="62.192779155448079" lon="-6.977792317047715">
 <ele>90.02734375</ele>
 <time>2020-07-23T06:49:03Z</time>
 </trkpt>
 <trkpt lat="62.192837242037058" lon="-6.977647980675101">
 <ele>92.6640625</ele>
 <time>2020-07-23T06:49:21Z</time>
 </trkpt>
 <trkpt lat="62.192884683609009" lon="-6.977440360933542">
 <ele>96.11328125</ele>
 <time>2020-07-23T06:49:37Z</time>
 </trkpt>
 <trkpt lat="62.19296489842236" lon="-6.977289067581296">
 <ele>99.50390625</ele>
 <time>2020-07-23T06:50:32Z</time>
 </trkpt>
 <trkpt lat="62.193026589229703" lon="-6.9771231058985">
 <ele>102.98828125</ele>
 <time>2020-07-23T06:50:54Z</time>
 </trkpt>
 <trkpt lat="62.193076042458415" lon="-6.97695454582572">
 <ele>106.33984375</ele>
 <time>2020-07-23T06:51:31Z</time>
 </trkpt>
 <trkpt lat="62.193064140155911" lon="-6.976743070408702">
 <ele>109.94140625</ele>
 <time>2020-07-23T06:51:57Z</time>
 </trkpt>
 <trkpt lat="62.192987697198987" lon="-6.976673752069473">
 <ele>110.6640625</ele>
 <time>2020-07-23T06:52:25Z</time>
 </trkpt>
 <trkpt lat="62.193049974739552" lon="-6.976494379341602">
 <ele>113.99609375</ele>
 <time>2020-07-23T06:52:46Z</time>
 </trkpt>
 <trkpt lat="62.193056680262089" lon="-6.976270498707891">
 <ele>117.4140625</ele>
 <time>2020-07-23T06:53:03Z</time>
 </trkpt>
 <trkpt lat="62.193001778796315" lon="-6.976107051596046">
 <ele>119.66796875</ele>
 <time>2020-07-23T06:53:26Z</time>
 </trkpt>
 <trkpt lat="62.19293262809515" lon="-6.975964056327939">
 <ele>121.59375</ele>
 <time>2020-07-23T06:53:41Z</time>
 </trkpt>
 <trkpt lat="62.192852413281798" lon="-6.975866826251149">
 <ele>122.42578125</ele>
 <time>2020-07-23T06:53:59Z</time>
 </trkpt>
 <trkpt lat="62.192836152389646" lon="-6.975709162652493">
 <ele>124.6796875</ele>
 <time>2020-07-23T06:54:21Z</time>
 </trkpt>
 <trkpt lat="62.1928402595222" lon="-6.975511601194739">
 <ele>127.37890625</ele>
 <time>2020-07-23T06:55:37Z</time>
 </trkpt>
 <trkpt lat="62.192753003910184" lon="-6.975493580102921">
 <ele>126.953125</ele>
 <time>2020-07-23T06:55:46Z</time>
 </trkpt>
 <trkpt lat="62.19267706386745" lon="-6.97538310661912">
 <ele>127.9140625</ele>
 <time>2020-07-23T06:56:14Z</time>
 </trkpt>
 <trkpt lat="62.192633058875799" lon="-6.975226197391748">
 <ele>129.80078125</ele>
 <time>2020-07-23T06:56:29Z</time>
 </trkpt>
 <trkpt lat="62.192628532648087" lon="-6.975018493831158">
 <ele>132.69921875</ele>
 <time>2020-07-23T06:56:47Z</time>
 </trkpt>
 <trkpt lat="62.192630711942911" lon="-6.974803749471903">
 <ele>135.5390625</ele>
 <time>2020-07-23T06:57:07Z</time>
 </trkpt>
 <trkpt lat="62.192649068310857" lon="-6.97462672367692">
 <ele>137.84375</ele>
 <time>2020-07-23T06:57:16Z</time>
 </trkpt>
 <trkpt lat="62.192701958119869" lon="-6.974482471123338">
 <ele>140.01171875</ele>
 <time>2020-07-23T06:57:27Z</time>
 </trkpt>
 <trkpt lat="62.192713273689151" lon="-6.974304607138038">
 <ele>142.328125</ele>
 <time>2020-07-23T06:57:48Z</time>
 </trkpt>
 <trkpt lat="62.19265996478498" lon="-6.974154151976109">
 <ele>143.78125</ele>
 <time>2020-07-23T06:58:15Z</time>
 </trkpt>
 <trkpt lat="62.192681506276131" lon="-6.973958099260926">
 <ele>146.90234375</ele>
 <time>2020-07-23T06:58:30Z</time>
 </trkpt>
 <trkpt lat="62.192753590643406" lon="-6.973803201690316">
 <ele>150.08203125</ele>
 <time>2020-07-23T06:58:40Z</time>
 </trkpt>
 <trkpt lat="62.192809414118528" lon="-6.973615027964115">
 <ele>153.703125</ele>
 <time>2020-07-23T06:58:55Z</time>
 </trkpt>
 <trkpt lat="62.19283539801836" lon="-6.973446132615209">
 <ele>156.75</ele>
 <time>2020-07-23T06:59:16Z</time>
 </trkpt>
 <trkpt lat="62.192806396633387" lon="-6.973266843706369">
 <ele>159.4609375</ele>
 <time>2020-07-23T06:59:36Z</time>
 </trkpt>
 <trkpt lat="62.192809246480465" lon="-6.973066097125411">
 <ele>162.37890625</ele>
 <time>2020-07-23T06:59:53Z</time>
 </trkpt>
 <trkpt lat="62.192774377763271" lon="-6.972828470170498">
 <ele>165.40234375</ele>
 <time>2020-07-23T07:00:02Z</time>
 </trkpt>
 <trkpt lat="62.192747639492154" lon="-6.972632752731443">
 <ele>167.89453125</ele>
 <time>2020-07-23T07:00:11Z</time>
 </trkpt>
 <trkpt lat="62.192690894007683" lon="-6.972478106617928">
 <ele>169.47265625</ele>
 <time>2020-07-23T07:00:21Z</time>
 </trkpt>
 <trkpt lat="62.192672034725547" lon="-6.972273588180542">
 <ele>172.54296875</ele>
 <time>2020-07-23T07:00:33Z</time>
 </trkpt>
 <trkpt lat="62.192699024453759" lon="-6.972079798579216">
 <ele>176.09375</ele>
 <time>2020-07-23T07:00:46Z</time>
 </trkpt>
 <trkpt lat="62.192713525146246" lon="-6.971847536042333">
 <ele>180.15234375</ele>
 <time>2020-07-23T07:01:03Z</time>
 </trkpt>
 <trkpt lat="62.192764403298497" lon="-6.971677467226982">
 <ele>183.5625</ele>
 <time>2020-07-23T07:01:15Z</time>
 </trkpt>
 <trkpt lat="62.19274990260601" lon="-6.971477894112468">
 <ele>186.47265625</ele>
 <time>2020-07-23T07:01:33Z</time>
 </trkpt>
 <trkpt lat="62.192739341408014" lon="-6.971280667930841">
 <ele>189.140625</ele>
 <time>2020-07-23T07:02:04Z</time>
 </trkpt>
 <trkpt lat="62.192750908434391" lon="-6.971057960763574">
 <ele>192.41796875</ele>
 <time>2020-07-23T07:02:16Z</time>
 </trkpt>
 <trkpt lat="62.192748812958598" lon="-6.970833577215672">
 <ele>195.56640625</ele>
 <time>2020-07-23T07:02:26Z</time>
 </trkpt>
 <trkpt lat="62.192710842937231" lon="-6.970580611377955">
 <ele>197.84765625</ele>
 <time>2020-07-23T07:02:36Z</time>
 </trkpt>
 <trkpt lat="62.192661305889487" lon="-6.970387743785977">
 <ele>199.015625</ele>
 <time>2020-07-23T07:02:45Z</time>
 </trkpt>
 <trkpt lat="62.192622413858771" lon="-6.970193451270461">
 <ele>200.30859375</ele>
 <time>2020-07-23T07:02:56Z</time>
 </trkpt>
 <trkpt lat="62.192607326433063" lon="-6.970004187896848">
 <ele>201.83984375</ele>
 <time>2020-07-23T07:03:07Z</time>
 </trkpt>
 <trkpt lat="62.192658791318536" lon="-6.969851134344935">
 <ele>203.953125</ele>
 <time>2020-07-23T07:03:25Z</time>
 </trkpt>
 <trkpt lat="62.192697348073125" lon="-6.969761280342937">
 <ele>205.32421875</ele>
 <time>2020-07-23T07:06:40Z</time>
 </trkpt>
 <trkpt lat="62.192657198756933" lon="-6.96956992149353">
 <ele>206.6328125</ele>
 <time>2020-07-23T07:06:50Z</time>
 </trkpt>
 <trkpt lat="62.192661138251424" lon="-6.96936858817935">
 <ele>208.6171875</ele>
 <time>2020-07-23T07:07:03Z</time>
 </trkpt>
 <trkpt lat="62.192698940634727" lon="-6.969192735850811">
 <ele>210.8046875</ele>
 <time>2020-07-23T07:07:16Z</time>
 </trkpt>
 <trkpt lat="62.192778903990984" lon="-6.969055272638798">
 <ele>213.16015625</ele>
 <time>2020-07-23T07:07:28Z</time>
 </trkpt>
 <trkpt lat="62.192836822941899" lon="-6.96888436563313">
 <ele>215.40625</ele>
 <time>2020-07-23T07:07:38Z</time>
 </trkpt>
 <trkpt lat="62.19287839718163" lon="-6.968698287382722">
 <ele>217.52734375</ele>
 <time>2020-07-23T07:07:48Z</time>
 </trkpt>
 <trkpt lat="62.192930448800325" lon="-6.96852226741612">
 <ele>219.640625</ele>
 <time>2020-07-23T07:07:57Z</time>
 </trkpt>
 <trkpt lat="62.193005718290806" lon="-6.968382205814123">
 <ele>221.2421875</ele>
 <time>2020-07-23T07:08:10Z</time>
 </trkpt>
 <trkpt lat="62.193058859556913" lon="-6.968202916905284">
 <ele>223.00390625</ele>
 <time>2020-07-23T07:08:22Z</time>
 </trkpt>
 <trkpt lat="62.193065145984292" lon="-6.968004181981087">
 <ele>224.703125</ele>
 <time>2020-07-23T07:08:38Z</time>
 </trkpt>
 <trkpt lat="62.193082664161921" lon="-6.967809973284602">
 <ele>226.421875</ele>
 <time>2020-07-23T07:09:01Z</time>
 </trkpt>
 <trkpt lat="62.193145444616675" lon="-6.967641329392791">
 <ele>228.140625</ele>
 <time>2020-07-23T07:09:25Z</time>
 </trkpt>
 <trkpt lat="62.193174781277776" lon="-6.967437565326691">
 <ele>229.9921875</ele>
 <time>2020-07-23T07:09:37Z</time>
 </trkpt>
 <trkpt lat="62.193209733814001" lon="-6.96727043017745">
 <ele>231.56640625</ele>
 <time>2020-07-23T07:09:51Z</time>
 </trkpt>
 <trkpt lat="62.193271508440375" lon="-6.967108575627208">
 <ele>233.22265625</ele>
 <time>2020-07-23T07:10:06Z</time>
 </trkpt>
 <trkpt lat="62.193342251703143" lon="-6.966944793239236">
 <ele>234.94140625</ele>
 <time>2020-07-23T07:10:16Z</time>
 </trkpt>
 <trkpt lat="62.193379886448383" lon="-6.966727450489998">
 <ele>236.94921875</ele>
 <time>2020-07-23T07:10:28Z</time>
 </trkpt>
 <trkpt lat="62.193424226716161" lon="-6.966495858505368">
 <ele>239.0625</ele>
 <time>2020-07-23T07:10:43Z</time>
 </trkpt>
 <trkpt lat="62.193452306091785" lon="-6.966277090832591">
 <ele>240.9375</ele>
 <time>2020-07-23T07:10:56Z</time>
 </trkpt>
 <trkpt lat="62.193467058241367" lon="-6.966073829680681">
 <ele>242.6328125</ele>
 <time>2020-07-23T07:11:08Z</time>
 </trkpt>
 <trkpt lat="62.193449791520834" lon="-6.965879620984197">
 <ele>244.078125</ele>
 <time>2020-07-23T07:11:28Z</time>
 </trkpt>
 <trkpt lat="62.193448282778263" lon="-6.965669738128781">
 <ele>245.87890625</ele>
 <time>2020-07-23T07:11:45Z</time>
 </trkpt>
 <trkpt lat="62.193476194515824" lon="-6.965485839173198">
 <ele>247.81640625</ele>
 <time>2020-07-23T07:11:58Z</time>
 </trkpt>
 <trkpt lat="62.193521372973919" lon="-6.965290373191237">
 <ele>249.96484375</ele>
 <time>2020-07-23T07:12:14Z</time>
 </trkpt>
 <trkpt lat="62.193533275276423" lon="-6.965049896389246">
 <ele>252.34375</ele>
 <time>2020-07-23T07:12:26Z</time>
 </trkpt>
 <trkpt lat="62.193568227812648" lon="-6.964854095131159">
 <ele>254.4140625</ele>
 <time>2020-07-23T07:12:36Z</time>
 </trkpt>
 <trkpt lat="62.193586667999625" lon="-6.964674219489098">
 <ele>256.20703125</ele>
 <time>2020-07-23T07:12:48Z</time>
 </trkpt>
 <trkpt lat="62.193581555038691" lon="-6.964491745457053">
 <ele>257.87890625</ele>
 <time>2020-07-23T07:13:02Z</time>
 </trkpt>
 <trkpt lat="62.193614160642028" lon="-6.964242048561573">
 <ele>260.43359375</ele>
 <time>2020-07-23T07:13:15Z</time>
 </trkpt>
 <trkpt lat="62.193619022145867" lon="-6.964026717469096">
 <ele>262.2734375</ele>
 <time>2020-07-23T07:13:29Z</time>
 </trkpt>
 <trkpt lat="62.193652465939522" lon="-6.963831586763263">
 <ele>263.6875</ele>
 <time>2020-07-23T07:13:45Z</time>
 </trkpt>
 <trkpt lat="62.193713989108801" lon="-6.963651878759265">
 <ele>265.2109375</ele>
 <time>2020-07-23T07:13:57Z</time>
 </trkpt>
 <trkpt lat="62.193767298012972" lon="-6.963499831035733">
 <ele>266.5078125</ele>
 <time>2020-07-23T07:14:09Z</time>
 </trkpt>
 <trkpt lat="62.19378724694252" lon="-6.963302353397012">
 <ele>267.81640625</ele>
 <time>2020-07-23T07:14:27Z</time>
 </trkpt>
 <trkpt lat="62.193766543641686" lon="-6.96312733925879">
 <ele>269.203125</ele>
 <time>2020-07-23T07:15:09Z</time>
 </trkpt>
 <trkpt lat="62.193818092346191" lon="-6.962953917682171">
 <ele>271.2265625</ele>
 <time>2020-07-23T07:15:29Z</time>
 </trkpt>
 <trkpt lat="62.193900654092431" lon="-6.962812514975667">
 <ele>273.20703125</ele>
 <time>2020-07-23T07:15:46Z</time>
 </trkpt>
 <trkpt lat="62.193954382091761" lon="-6.962642529979348">
 <ele>275.3203125</ele>
 <time>2020-07-23T07:16:02Z</time>
 </trkpt>
 <trkpt lat="62.193988328799605" lon="-6.962412027642131">
 <ele>277.9375</ele>
 <time>2020-07-23T07:16:19Z</time>
 </trkpt>
 <trkpt lat="62.1940110437572" lon="-6.962214633822441">
 <ele>280.09375</ele>
 <time>2020-07-23T07:16:31Z</time>
 </trkpt>
 <trkpt lat="62.194074243307114" lon="-6.962048672139645">
 <ele>282.30859375</ele>
 <time>2020-07-23T07:16:48Z</time>
 </trkpt>
 <trkpt lat="62.194144064560533" lon="-6.961896289139986">
 <ele>284.48046875</ele>
 <time>2020-07-23T07:17:10Z</time>
 </trkpt>
 <trkpt lat="62.194143813103437" lon="-6.961649525910616">
 <ele>286.98046875</ele>
 <time>2020-07-23T07:17:34Z</time>
 </trkpt>
 <trkpt lat="62.194140292704105" lon="-6.961435116827488">
 <ele>289.68359375</ele>
 <time>2020-07-23T07:17:56Z</time>
 </trkpt>
 <trkpt lat="62.194134760648012" lon="-6.961253313347697">
 <ele>292.125</ele>
 <time>2020-07-23T07:18:21Z</time>
 </trkpt>
 <trkpt lat="62.194143477827311" lon="-6.961068827658892">
 <ele>294.75</ele>
 <time>2020-07-23T07:18:50Z</time>
 </trkpt>
 <trkpt lat="62.194174155592918" lon="-6.96090160869062">
 <ele>297.37109375</ele>
 <time>2020-07-23T07:19:18Z</time>
 </trkpt>
 <trkpt lat="62.194224447011948" lon="-6.960760541260243">
 <ele>299.859375</ele>
 <time>2020-07-23T07:19:44Z</time>
 </trkpt>
 <trkpt lat="62.194238360971212" lon="-6.960543198511004">
 <ele>302.73828125</ele>
 <time>2020-07-23T07:20:23Z</time>
 </trkpt>
 <trkpt lat="62.194290915504098" lon="-6.960342871025205">
 <ele>305.78515625</ele>
 <time>2020-07-23T07:20:34Z</time>
 </trkpt>
 <trkpt lat="62.194306254386902" lon="-6.960144387558103">
 <ele>308.41015625</ele>
 <time>2020-07-23T07:20:47Z</time>
 </trkpt>
 <trkpt lat="62.19431740231812" lon="-6.959964847192168">
 <ele>310.75390625</ele>
 <time>2020-07-23T07:20:58Z</time>
 </trkpt>
 <trkpt lat="62.194350091740489" lon="-6.959808776155114">
 <ele>313.0546875</ele>
 <time>2020-07-23T07:21:15Z</time>
 </trkpt>
 <trkpt lat="62.194366604089737" lon="-6.959598641842604">
 <ele>315.91796875</ele>
 <time>2020-07-23T07:21:30Z</time>
 </trkpt>
 <trkpt lat="62.194353528320789" lon="-6.959386244416237">
 <ele>318.515625</ele>
 <time>2020-07-23T07:21:45Z</time>
 </trkpt>
 <trkpt lat="62.194316731765866" lon="-6.959156496450305">
 <ele>321.0703125</ele>
 <time>2020-07-23T07:21:57Z</time>
 </trkpt>
 <trkpt lat="62.194291250780225" lon="-6.958975531160832">
 <ele>323.5859375</ele>
 <time>2020-07-23T07:22:11Z</time>
 </trkpt>
 <trkpt lat="62.194349924102426" lon="-6.958796493709087">
 <ele>327.2265625</ele>
 <time>2020-07-23T07:22:21Z</time>
 </trkpt>
 <trkpt lat="62.194404741749167" lon="-6.958620976656675">
 <ele>330.76953125</ele>
 <time>2020-07-23T07:22:34Z</time>
 </trkpt>
 <trkpt lat="62.194402981549501" lon="-6.958445878699422">
 <ele>333.6953125</ele>
 <time>2020-07-23T07:22:58Z</time>
 </trkpt>
 <trkpt lat="62.194412453100085" lon="-6.958286119624972">
 <ele>336.484375</ele>
 <time>2020-07-23T07:23:25Z</time>
 </trkpt>
 <trkpt lat="62.194463750347495" lon="-6.958089899271727">
 <ele>339.515625</ele>
 <time>2020-07-23T07:23:42Z</time>
 </trkpt>
 <trkpt lat="62.194503312930465" lon="-6.957925949245691">
 <ele>341.9140625</ele>
 <time>2020-07-23T07:24:01Z</time>
 </trkpt>
 <trkpt lat="62.194594759494066" lon="-6.957930056378245">
 <ele>342.8515625</ele>
 <time>2020-07-23T07:24:11Z</time>
 </trkpt>
 <trkpt lat="62.194644464179873" lon="-6.95790440775454">
 <ele>343.58203125</ele>
 <time>2020-07-23T07:25:58Z</time>
 </trkpt>
 <trkpt lat="62.194678829982877" lon="-6.957742972299457">
 <ele>345.77734375</ele>
 <time>2020-07-23T07:26:44Z</time>
 </trkpt>
 <trkpt lat="62.194684529677033" lon="-6.957569215446711">
 <ele>347.88671875</ele>
 <time>2020-07-23T07:26:59Z</time>
 </trkpt>
 <trkpt lat="62.19463599845767" lon="-6.957422783598304">
 <ele>349.28515625</ele>
 <time>2020-07-23T07:27:14Z</time>
 </trkpt>
 <trkpt lat="62.194588221609592" lon="-6.957256989553571">
 <ele>351.07421875</ele>
 <time>2020-07-23T07:27:31Z</time>
 </trkpt>
 <trkpt lat="62.19459249638021" lon="-6.957027157768607">
 <ele>354.15625</ele>
 <time>2020-07-23T07:28:18Z</time>
 </trkpt>
 <trkpt lat="62.194577241316438" lon="-6.956814173609018">
 <ele>356.82421875</ele>
 <time>2020-07-23T07:28:30Z</time>
 </trkpt>
 <trkpt lat="62.194583024829626" lon="-6.956627424806356">
 <ele>359.3515625</ele>
 <time>2020-07-23T07:28:58Z</time>
 </trkpt>
 <trkpt lat="62.194628203287721" lon="-6.956416703760624">
 <ele>362.82421875</ele>
 <time>2020-07-23T07:29:22Z</time>
 </trkpt>
 <trkpt lat="62.194690480828285" lon="-6.956245796754956">
 <ele>366.03515625</ele>
 <time>2020-07-23T07:29:37Z</time>
 </trkpt>
 <trkpt lat="62.194758290424943" lon="-6.956098023802042">
 <ele>369.02734375</ele>
 <time>2020-07-23T07:29:49Z</time>
 </trkpt>
 <trkpt lat="62.194830039516091" lon="-6.955954441800714">
 <ele>372.0703125</ele>
 <time>2020-07-23T07:30:04Z</time>
 </trkpt>
 <trkpt lat="62.194903297349811" lon="-6.955824857577682">
 <ele>374.9765625</ele>
 <time>2020-07-23T07:30:15Z</time>
 </trkpt>
 <trkpt lat="62.194968005642295" lon="-6.955657973885536">
 <ele>378.4140625</ele>
 <time>2020-07-23T07:30:26Z</time>
 </trkpt>
 <trkpt lat="62.195025756955147" lon="-6.955488827079535">
 <ele>381.81640625</ele>
 <time>2020-07-23T07:30:39Z</time>
 </trkpt>
 <trkpt lat="62.195069426670671" lon="-6.955289086326957">
 <ele>385.51171875</ele>
 <time>2020-07-23T07:30:53Z</time>
 </trkpt>
 <trkpt lat="62.195137236267328" lon="-6.955126225948334">
 <ele>388.94921875</ele>
 <time>2020-07-23T07:31:20Z</time>
 </trkpt>
 <trkpt lat="62.195197502151132" lon="-6.954957917332649">
 <ele>392.37109375</ele>
 <time>2020-07-23T07:31:31Z</time>
 </trkpt>
 <trkpt lat="62.195266233757138" lon="-6.954805785790086">
 <ele>396.125</ele>
 <time>2020-07-23T07:31:40Z</time>
 </trkpt>
 <trkpt lat="62.195329181849957" lon="-6.954646613448858">
 <ele>400.1484375</ele>
 <time>2020-07-23T07:31:49Z</time>
 </trkpt>
 <trkpt lat="62.195382323116064" lon="-6.954479310661554">
 <ele>404.30078125</ele>
 <time>2020-07-23T07:32:05Z</time>
 </trkpt>
 <trkpt lat="62.195429848507047" lon="-6.954269930720329">
 <ele>409.3125</ele>
 <time>2020-07-23T07:32:34Z</time>
 </trkpt>
 <trkpt lat="62.195505788549781" lon="-6.954135820269585">
 <ele>412.6953125</ele>
 <time>2020-07-23T07:32:43Z</time>
 </trkpt>
 <trkpt lat="62.195572843775153" lon="-6.953954435884953">
 <ele>416.78125</ele>
 <time>2020-07-23T07:33:05Z</time>
 </trkpt>
 <trkpt lat="62.195628918707371" lon="-6.953786127269268">
 <ele>420.44921875</ele>
 <time>2020-07-23T07:33:15Z</time>
 </trkpt>
 <trkpt lat="62.195684323087335" lon="-6.953616896644235">
 <ele>424.046875</ele>
 <time>2020-07-23T07:33:26Z</time>
 </trkpt>
 <trkpt lat="62.195758167654276" lon="-6.953478343784809">
 <ele>427.0625</ele>
 <time>2020-07-23T07:33:36Z</time>
 </trkpt>
 <trkpt lat="62.195809967815876" lon="-6.953310621902347">
 <ele>430.453125</ele>
 <time>2020-07-23T07:33:47Z</time>
 </trkpt>
 <trkpt lat="62.195884734392166" lon="-6.95317592471838">
 <ele>432.96875</ele>
 <time>2020-07-23T07:33:58Z</time>
 </trkpt>
 <trkpt lat="62.195958998054266" lon="-6.953028487041593">
 <ele>435.47265625</ele>
 <time>2020-07-23T07:34:09Z</time>
 </trkpt>
 <trkpt lat="62.196013731881976" lon="-6.952857999131084">
 <ele>438.21484375</ele>
 <time>2020-07-23T07:34:20Z</time>
 </trkpt>
 <trkpt lat="62.196073578670621" lon="-6.952707460150123">
 <ele>440.6171875</ele>
 <time>2020-07-23T07:34:32Z</time>
 </trkpt>
 <trkpt lat="62.196139041334391" lon="-6.952547701075673">
 <ele>443.109375</ele>
 <time>2020-07-23T07:34:45Z</time>
 </trkpt>
 <trkpt lat="62.196205174550414" lon="-6.952441670000553">
 <ele>444.7578125</ele>
 <time>2020-07-23T07:35:03Z</time>
 </trkpt>
 <trkpt lat="62.196250855922699" lon="-6.952252071350813">
 <ele>446.921875</ele>
 <time>2020-07-23T07:35:13Z</time>
 </trkpt>
 <trkpt lat="62.196291675791144" lon="-6.95208284072578">
 <ele>448.57421875</ele>
 <time>2020-07-23T07:35:27Z</time>
 </trkpt>
 <trkpt lat="62.196357389912009" lon="-6.9519367441535">
 <ele>449.55078125</ele>
 <time>2020-07-23T07:35:36Z</time>
 </trkpt>
 <trkpt lat="62.196413967758417" lon="-6.951767345890403">
 <ele>450.828125</ele>
 <time>2020-07-23T07:35:46Z</time>
 </trkpt>
 <trkpt lat="62.196464175358415" lon="-6.951581351459026">
 <ele>452.359375</ele>
 <time>2020-07-23T07:35:57Z</time>
 </trkpt>
 <trkpt lat="62.196515975520015" lon="-6.951424526050687">
 <ele>453.8359375</ele>
 <time>2020-07-23T07:36:07Z</time>
 </trkpt>
 <trkpt lat="62.196568949148059" lon="-6.951235178858042">
 <ele>455.58203125</ele>
 <time>2020-07-23T07:36:20Z</time>
 </trkpt>
 <trkpt lat="62.196639943867922" lon="-6.951068378984928">
 <ele>456.67578125</ele>
 <time>2020-07-23T07:36:32Z</time>
 </trkpt>
 <trkpt lat="62.196715045720339" lon="-6.950930412858725">
 <ele>457.21484375</ele>
 <time>2020-07-23T07:36:44Z</time>
 </trkpt>
 <trkpt lat="62.196789728477597" lon="-6.950805354863405">
 <ele>457.47265625</ele>
 <time>2020-07-23T07:36:55Z</time>
 </trkpt>
 <trkpt lat="62.196843456476927" lon="-6.950642243027687">
 <ele>459.09765625</ele>
 <time>2020-07-23T07:37:07Z</time>
 </trkpt>
 <trkpt lat="62.196909924969077" lon="-6.950449794530869">
 <ele>460.98046875</ele>
 <time>2020-07-23T07:37:18Z</time>
 </trkpt>
 <trkpt lat="62.196960803121328" lon="-6.950275450944901">
 <ele>462.60546875</ele>
 <time>2020-07-23T07:37:31Z</time>
 </trkpt>
 <trkpt lat="62.197014698758721" lon="-6.950118290260434">
 <ele>463.6796875</ele>
 <time>2020-07-23T07:37:46Z</time>
 </trkpt>
 <trkpt lat="62.197099020704627" lon="-6.950002871453762">
 <ele>463.1875</ele>
 <time>2020-07-23T07:38:00Z</time>
 </trkpt>
 <trkpt lat="62.197180408984423" lon="-6.949897510930896">
 <ele>463.36328125</ele>
 <time>2020-07-23T07:38:13Z</time>
 </trkpt>
 <trkpt lat="62.197278225794435" lon="-6.949854511767626">
 <ele>462.39453125</ele>
 <time>2020-07-23T07:38:28Z</time>
 </trkpt>
 <trkpt lat="62.197363553568721" lon="-6.949692070484161">
 <ele>463.71875</ele>
 <time>2020-07-23T07:38:56Z</time>
 </trkpt>
 <trkpt lat="62.197460783645511" lon="-6.949601210653782">
 <ele>463.07421875</ele>
 <time>2020-07-23T07:39:10Z</time>
 </trkpt>
 <trkpt lat="62.197503782808781" lon="-6.949445558711886">
 <ele>464.52734375</ele>
 <time>2020-07-23T07:39:21Z</time>
 </trkpt>
 <trkpt lat="62.197571005672216" lon="-6.949309939518571">
 <ele>464.75</ele>
 <time>2020-07-23T07:39:34Z</time>
 </trkpt>
 <trkpt lat="62.197628421708941" lon="-6.949171638116241">
 <ele>464.99609375</ele>
 <time>2020-07-23T07:39:56Z</time>
 </trkpt>
 <trkpt lat="62.197701092809439" lon="-6.9490338396281">
 <ele>464.8125</ele>
 <time>2020-07-23T07:40:07Z</time>
 </trkpt>
 <trkpt lat="62.197783570736647" lon="-6.94886670447886">
 <ele>464.953125</ele>
 <time>2020-07-23T07:40:20Z</time>
 </trkpt>
 <trkpt lat="62.197853811085224" lon="-6.948705269023776">
 <ele>465.1640625</ele>
 <time>2020-07-23T07:40:34Z</time>
 </trkpt>
 <trkpt lat="62.197938719764352" lon="-6.948576271533966">
 <ele>464.1171875</ele>
 <time>2020-07-23T07:40:47Z</time>
 </trkpt>
 <trkpt lat="62.198023963719606" lon="-6.948447609320283">
 <ele>464.12890625</ele>
 <time>2020-07-23T07:40:59Z</time>
 </trkpt>
 <trkpt lat="62.198091521859169" lon="-6.94831307977438">
 <ele>464.4375</ele>
 <time>2020-07-23T07:41:14Z</time>
 </trkpt>
 <trkpt lat="62.198161678388715" lon="-6.94817335344851">
 <ele>464.87109375</ele>
 <time>2020-07-23T07:41:28Z</time>
 </trkpt>
 <trkpt lat="62.198240384459496" lon="-6.948034632951021">
 <ele>464.98046875</ele>
 <time>2020-07-23T07:41:43Z</time>
 </trkpt>
 <trkpt lat="62.198315570130944" lon="-6.947906641289592">
 <ele>464.78515625</ele>
 <time>2020-07-23T07:41:58Z</time>
 </trkpt>
 <trkpt lat="62.198405591771007" lon="-6.947808405384421">
 <ele>463.49609375</ele>
 <time>2020-07-23T07:42:12Z</time>
 </trkpt>
 <trkpt lat="62.198493853211403" lon="-6.947720227763057">
 <ele>461.93359375</ele>
 <time>2020-07-23T07:42:25Z</time>
 </trkpt>
 <trkpt lat="62.19856845214963" lon="-6.94757329300046">
 <ele>461.33203125</ele>
 <time>2020-07-23T07:42:37Z</time>
 </trkpt>
 <trkpt lat="62.198664676398039" lon="-6.947469022125006">
 <ele>459.265625</ele>
 <time>2020-07-23T07:42:52Z</time>
 </trkpt>
 <trkpt lat="62.198748998343945" lon="-6.947359889745712">
 <ele>457.69140625</ele>
 <time>2020-07-23T07:43:05Z</time>
 </trkpt>
 <trkpt lat="62.19883575104177" lon="-6.947276573628187">
 <ele>456.7109375</ele>
 <time>2020-07-23T07:43:15Z</time>
 </trkpt>
 <trkpt lat="62.198904734104872" lon="-6.94715796969831">
 <ele>456.71875</ele>
 <time>2020-07-23T07:43:26Z</time>
 </trkpt>
 <trkpt lat="62.198985368013382" lon="-6.947017489001155">
 <ele>456.5703125</ele>
 <time>2020-07-23T07:43:38Z</time>
 </trkpt>
 <trkpt lat="62.199064828455448" lon="-6.94691657088697">
 <ele>455.83203125</ele>
 <time>2020-07-23T07:43:47Z</time>
 </trkpt>
 <trkpt lat="62.199139930307865" lon="-6.946769217029214">
 <ele>455.52734375</ele>
 <time>2020-07-23T07:43:58Z</time>
 </trkpt>
 <trkpt lat="62.199206398800015" lon="-6.946629909798503">
 <ele>455.18359375</ele>
 <time>2020-07-23T07:44:08Z</time>
 </trkpt>
 <trkpt lat="62.199292313307524" lon="-6.946536283940077">
 <ele>453.98046875</ele>
 <time>2020-07-23T07:44:19Z</time>
 </trkpt>
 <trkpt lat="62.199356602504849" lon="-6.946396054700017">
 <ele>453.890625</ele>
 <time>2020-07-23T07:44:30Z</time>
 </trkpt>
 <trkpt lat="62.199430027976632" lon="-6.946263452991843">
 <ele>453.29296875</ele>
 <time>2020-07-23T07:44:43Z</time>
 </trkpt>
 <trkpt lat="62.19949884340167" lon="-6.946110902354121">
 <ele>452.875</ele>
 <time>2020-07-23T07:44:55Z</time>
 </trkpt>
 <trkpt lat="62.199580315500498" lon="-6.945986095815897">
 <ele>451.6015625</ele>
 <time>2020-07-23T07:45:05Z</time>
 </trkpt>
 <trkpt lat="62.199660949409008" lon="-6.945875873789191">
 <ele>451.21484375</ele>
 <time>2020-07-23T07:45:16Z</time>
 </trkpt>
 <trkpt lat="62.199728339910507" lon="-6.945745619013906">
 <ele>451.61328125</ele>
 <time>2020-07-23T07:46:21Z</time>
 </trkpt>
 <trkpt lat="62.199806291610003" lon="-6.945620812475681">
 <ele>452.07421875</ele>
 <time>2020-07-23T07:46:35Z</time>
 </trkpt>
 <trkpt lat="62.199858510866761" lon="-6.945450073108077">
 <ele>453.34375</ele>
 <time>2020-07-23T07:46:52Z</time>
 </trkpt>
 <trkpt lat="62.199921291321516" lon="-6.945273466408253">
 <ele>454.41015625</ele>
 <time>2020-07-23T07:47:08Z</time>
 </trkpt>
 <trkpt lat="62.199996979907155" lon="-6.945151761174202">
 <ele>454.5234375</ele>
 <time>2020-07-23T07:47:25Z</time>
 </trkpt>
 <trkpt lat="62.200082642957568" lon="-6.945059392601252">
 <ele>454.05078125</ele>
 <time>2020-07-23T07:47:38Z</time>
 </trkpt>
 <trkpt lat="62.200167551636696" lon="-6.944960821419954">
 <ele>453.5625</ele>
 <time>2020-07-23T07:47:52Z</time>
 </trkpt>
 <trkpt lat="62.200264781713486" lon="-6.944915475323796">
 <ele>452.296875</ele>
 <time>2020-07-23T07:48:04Z</time>
 </trkpt>
 <trkpt lat="62.200368633493781" lon="-6.944874236360192">
 <ele>450.828125</ele>
 <time>2020-07-23T07:48:19Z</time>
 </trkpt>
 <trkpt lat="62.200429402291775" lon="-6.944828806445003">
 <ele>450.1328125</ele>
 <time>2020-07-23T07:51:51Z</time>
 </trkpt>
 <trkpt lat="62.200482208281755" lon="-6.944645829498768">
 <ele>451.7578125</ele>
 <time>2020-07-23T07:52:02Z</time>
 </trkpt>
 <trkpt lat="62.200541133061051" lon="-6.944503840059042">
 <ele>453.0078125</ele>
 <time>2020-07-23T07:52:12Z</time>
 </trkpt>
 <trkpt lat="62.200603745877743" lon="-6.944342320784926">
 <ele>454.3203125</ele>
 <time>2020-07-23T07:52:33Z</time>
 </trkpt>
 <trkpt lat="62.200678428635001" lon="-6.944228578358889">
 <ele>455.08984375</ele>
 <time>2020-07-23T07:52:45Z</time>
 </trkpt>
 <trkpt lat="62.200746573507786" lon="-6.944099413231015">
 <ele>455.91015625</ele>
 <time>2020-07-23T07:52:55Z</time>
 </trkpt>
 <trkpt lat="62.200800720602274" lon="-6.943920627236366">
 <ele>457.62890625</ele>
 <time>2020-07-23T07:53:09Z</time>
 </trkpt>
 <trkpt lat="62.20084841363132" lon="-6.943730609491468">
 <ele>459.31640625</ele>
 <time>2020-07-23T07:53:32Z</time>
 </trkpt>
 <trkpt lat="62.200897699221969" lon="-6.943554924800992">
 <ele>460.6640625</ele>
 <time>2020-07-23T07:53:49Z</time>
 </trkpt>
 <trkpt lat="62.200911361724138" lon="-6.943351747468114">
 <ele>462.4921875</ele>
 <time>2020-07-23T07:54:11Z</time>
 </trkpt>
 <trkpt lat="62.200983446091413" lon="-6.943200118839741">
 <ele>463.28125</ele>
 <time>2020-07-23T07:54:31Z</time>
 </trkpt>
 <trkpt lat="62.20105410553515" lon="-6.943079000338912">
 <ele>463.80859375</ele>
 <time>2020-07-23T07:54:40Z</time>
 </trkpt>
 <trkpt lat="62.201119484379888" lon="-6.942909769713879">
 <ele>464.77734375</ele>
 <time>2020-07-23T07:54:51Z</time>
 </trkpt>
 <trkpt lat="62.201172038912773" lon="-6.942734336480498">
 <ele>465.80859375</ele>
 <time>2020-07-23T07:55:16Z</time>
 </trkpt>
 <trkpt lat="62.201240938156843" lon="-6.942588407546282">
 <ele>466.05078125</ele>
 <time>2020-07-23T07:55:28Z</time>
 </trkpt>
 <trkpt lat="62.201335486024618" lon="-6.942501068115234">
 <ele>466.96875</ele>
 <time>2020-07-23T07:55:51Z</time>
 </trkpt>
 <trkpt lat="62.201405726373196" lon="-6.942353378981352">
 <ele>469.109375</ele>
 <time>2020-07-23T07:56:12Z</time>
 </trkpt>
 <trkpt lat="62.201486863195896" lon="-6.942284731194377">
 <ele>470.51953125</ele>
 <time>2020-07-23T07:56:25Z</time>
 </trkpt>
 <trkpt lat="62.2015471290797" lon="-6.942151375114918">
 <ele>472.4296875</ele>
 <time>2020-07-23T07:57:00Z</time>
 </trkpt>
 <trkpt lat="62.20161602832377" lon="-6.942029250785708">
 <ele>474.203125</ele>
 <time>2020-07-23T07:57:14Z</time>
 </trkpt>
 <trkpt lat="62.201652238145471" lon="-6.941973930224776">
 <ele>475.015625</ele>
 <time>2020-07-23T07:57:58Z</time>
 </trkpt>
 <trkpt lat="62.201690208166838" lon="-6.941898325458169">
 <ele>476.03125</ele>
 <time>2020-07-23T07:58:15Z</time>
 </trkpt>
 <trkpt lat="62.201751312240958" lon="-6.941751809790731">
 <ele>477.85546875</ele>
 <time>2020-07-23T07:58:30Z</time>
 </trkpt>
 <trkpt lat="62.201804369688034" lon="-6.941587273031473">
 <ele>479.71484375</ele>
 <time>2020-07-23T07:58:48Z</time>
 </trkpt>
 <trkpt lat="62.201862959191203" lon="-6.941426005214453">
 <ele>481.3515625</ele>
 <time>2020-07-23T07:59:02Z</time>
 </trkpt>
 <trkpt lat="62.201910819858313" lon="-6.941227521747351">
 <ele>483.25</ele>
 <time>2020-07-23T07:59:16Z</time>
 </trkpt>
 <trkpt lat="62.201932445168495" lon="-6.941042700782418">
 <ele>484.91015625</ele>
 <time>2020-07-23T07:59:39Z</time>
 </trkpt>
 <trkpt lat="62.201931523159146" lon="-6.940800966694951">
 <ele>486.9375</ele>
 <time>2020-07-23T07:59:50Z</time>
 </trkpt>
 <trkpt lat="62.201896319165826" lon="-6.940595610067248">
 <ele>488.69921875</ele>
 <time>2020-07-23T08:00:04Z</time>
 </trkpt>
 <trkpt lat="62.201943676918745" lon="-6.940439203754067">
 <ele>490.3359375</ele>
 <time>2020-07-23T08:00:20Z</time>
 </trkpt>
 <trkpt lat="62.20194635912776" lon="-6.940203253179789">
 <ele>492.53515625</ele>
 <time>2020-07-23T08:00:34Z</time>
 </trkpt>
 <trkpt lat="62.201912496238947" lon="-6.940004518255591">
 <ele>494.37109375</ele>
 <time>2020-07-23T08:00:48Z</time>
 </trkpt>
 <trkpt lat="62.201883159577847" lon="-6.93980754353106">
 <ele>496.4609375</ele>
 <time>2020-07-23T08:01:08Z</time>
 </trkpt>
 <trkpt lat="62.20191702246666" lon="-6.939620627090335">
 <ele>498.47265625</ele>
 <time>2020-07-23T08:01:24Z</time>
 </trkpt>
 <trkpt lat="62.20192976295948" lon="-6.93941225297749">
 <ele>500.69921875</ele>
 <time>2020-07-23T08:01:36Z</time>
 </trkpt>
 <trkpt lat="62.201923225075006" lon="-6.939198933541775">
 <ele>503.046875</ele>
 <time>2020-07-23T08:01:46Z</time>
 </trkpt>
 <trkpt lat="62.201937893405557" lon="-6.938998522236943">
 <ele>505.59375</ele>
 <time>2020-07-23T08:01:56Z</time>
 </trkpt>
 <trkpt lat="62.201976366341114" lon="-6.938823172822595">
 <ele>507.96484375</ele>
 <time>2020-07-23T08:02:09Z</time>
 </trkpt>
 <trkpt lat="62.201984915882349" lon="-6.93862066604197">
 <ele>510.921875</ele>
 <time>2020-07-23T08:02:20Z</time>
 </trkpt>
 <trkpt lat="62.201974773779511" lon="-6.938413381576538">
 <ele>514.10546875</ele>
 <time>2020-07-23T08:02:34Z</time>
 </trkpt>
 <trkpt lat="62.20196052454412" lon="-6.938220262527466">
 <ele>517.1015625</ele>
 <time>2020-07-23T08:02:44Z</time>
 </trkpt>
 <trkpt lat="62.201961865648627" lon="-6.938010212033987">
 <ele>520.11328125</ele>
 <time>2020-07-23T08:02:56Z</time>
 </trkpt>
 <trkpt lat="62.201960356906056" lon="-6.937817092984915">
 <ele>522.91015625</ele>
 <time>2020-07-23T08:03:08Z</time>
 </trkpt>
 <trkpt lat="62.202006876468658" lon="-6.937609389424324">
 <ele>525.45703125</ele>
 <time>2020-07-23T08:03:25Z</time>
 </trkpt>
 <trkpt lat="62.201999668031931" lon="-6.937415767461062">
 <ele>528.28125</ele>
 <time>2020-07-23T08:03:36Z</time>
 </trkpt>
 <trkpt lat="62.202007798478007" lon="-6.937204878777266">
 <ele>530.93359375</ele>
 <time>2020-07-23T08:03:53Z</time>
 </trkpt>
 <trkpt lat="62.202055575326085" lon="-6.937013687565923">
 <ele>533.00390625</ele>
 <time>2020-07-23T08:04:11Z</time>
 </trkpt>
 <trkpt lat="62.202045936137438" lon="-6.936806235462427">
 <ele>535.79296875</ele>
 <time>2020-07-23T08:04:27Z</time>
 </trkpt>
 <trkpt lat="62.2020582575351" lon="-6.936609596014023">
 <ele>538.26953125</ele>
 <time>2020-07-23T08:04:36Z</time>
 </trkpt>
 <trkpt lat="62.202057000249624" lon="-6.936411112546921">
 <ele>539.75</ele>
 <time>2020-07-23T08:04:44Z</time>
 </trkpt>
 <trkpt lat="62.202090276405215" lon="-6.936213467270136">
 <ele>540.921875</ele>
 <time>2020-07-23T08:04:53Z</time>
 </trkpt>
 <trkpt lat="62.202130844816566" lon="-6.936031831428409">
 <ele>542.09375</ele>
 <time>2020-07-23T08:05:02Z</time>
 </trkpt>
 <trkpt lat="62.202121540904045" lon="-6.935821864753962">
 <ele>543.609375</ele>
 <time>2020-07-23T08:05:14Z</time>
 </trkpt>
 <trkpt lat="62.202124642208219" lon="-6.935613909736276">
 <ele>544.68359375</ele>
 <time>2020-07-23T08:07:48Z</time>
 </trkpt>
 <trkpt lat="62.202109638601542" lon="-6.935417437925935">
 <ele>545.66796875</ele>
 <time>2020-07-23T08:07:57Z</time>
 </trkpt>
 <trkpt lat="62.202095473185182" lon="-6.935209231451154">
 <ele>546.76953125</ele>
 <time>2020-07-23T08:08:06Z</time>
 </trkpt>
 <trkpt lat="62.202089354395866" lon="-6.934999683871865">
 <ele>547.83984375</ele>
 <time>2020-07-23T08:08:14Z</time>
 </trkpt>
 <trkpt lat="62.202091114595532" lon="-6.934801451861858">
 <ele>548.109375</ele>
 <time>2020-07-23T08:08:29Z</time>
 </trkpt>
 <trkpt lat="62.202094802632928" lon="-6.934585198760033">
 <ele>548.0703125</ele>
 <time>2020-07-23T08:08:38Z</time>
 </trkpt>
 <trkpt lat="62.202101089060307" lon="-6.934368945658207">
 <ele>547.99609375</ele>
 <time>2020-07-23T08:08:48Z</time>
 </trkpt>
 <trkpt lat="62.202110392972827" lon="-6.934166774153709">
 <ele>547.875</ele>
 <time>2020-07-23T08:09:00Z</time>
 </trkpt>
 <trkpt lat="62.202154565602541" lon="-6.934007182717323">
 <ele>546.6484375</ele>
 <time>2020-07-23T08:09:38Z</time>
 </trkpt>
 <trkpt lat="62.202202761545777" lon="-6.933849100023508">
 <ele>544.94140625</ele>
 <time>2020-07-23T08:09:59Z</time>
 </trkpt>
 <trkpt lat="62.202241569757462" lon="-6.933663357049227">
 <ele>543.10546875</ele>
 <time>2020-07-23T08:10:23Z</time>
 </trkpt>
 <trkpt lat="62.202269732952118" lon="-6.933485576882958">
 <ele>541.421875</ele>
 <time>2020-07-23T08:10:42Z</time>
 </trkpt>
 <trkpt lat="62.20225322060287" lon="-6.933295726776123">
 <ele>540.390625</ele>
 <time>2020-07-23T08:10:54Z</time>
 </trkpt>
 <trkpt lat="62.202233942225575" lon="-6.933104200288653">
 <ele>538.6484375</ele>
 <time>2020-07-23T08:11:06Z</time>
 </trkpt>
 <trkpt lat="62.202223716303706" lon="-6.932925162836909">
 <ele>536.8125</ele>
 <time>2020-07-23T08:11:24Z</time>
 </trkpt>
 <trkpt lat="62.202254142612219" lon="-6.932723242789507">
 <ele>533.90234375</ele>
 <time>2020-07-23T08:11:37Z</time>
 </trkpt>
 <trkpt lat="62.202257243916392" lon="-6.932523669674993">
 <ele>531.546875</ele>
 <time>2020-07-23T08:11:45Z</time>
 </trkpt>
 <trkpt lat="62.202275851741433" lon="-6.932312697172165">
 <ele>528.46484375</ele>
 <time>2020-07-23T08:11:54Z</time>
 </trkpt>
 <trkpt lat="62.202345002442598" lon="-6.932169618085027">
 <ele>525.015625</ele>
 <time>2020-07-23T08:12:05Z</time>
 </trkpt>
 <trkpt lat="62.202336201444268" lon="-6.931971218436956">
 <ele>522.5234375</ele>
 <time>2020-07-23T08:12:14Z</time>
 </trkpt>
 <trkpt lat="62.202327148988843" lon="-6.931755300611258">
 <ele>519.80078125</ele>
 <time>2020-07-23T08:12:25Z</time>
 </trkpt>
 <trkpt lat="62.202338045462966" lon="-6.931563271209598">
 <ele>517.02734375</ele>
 <time>2020-07-23T08:12:36Z</time>
 </trkpt>
 <trkpt lat="62.202356150373816" lon="-6.931375181302428">
 <ele>514.35546875</ele>
 <time>2020-07-23T08:12:44Z</time>
 </trkpt>
 <trkpt lat="62.202376099303365" lon="-6.931176530197263">
 <ele>511.515625</ele>
 <time>2020-07-23T08:12:54Z</time>
 </trkpt>
 <trkpt lat="62.202384145930409" lon="-6.930957175791264">
 <ele>508.6953125</ele>
 <time>2020-07-23T08:13:03Z</time>
 </trkpt>
 <trkpt lat="62.202428318560123" lon="-6.930751902982593">
 <ele>505.328125</ele>
 <time>2020-07-23T08:13:12Z</time>
 </trkpt>
 <trkpt lat="62.202432760968804" lon="-6.930557945743203">
 <ele>503.6875</ele>
 <time>2020-07-23T08:13:20Z</time>
 </trkpt>
 <trkpt lat="62.20244474709034" lon="-6.930343871936202">
 <ele>501.7265625</ele>
 <time>2020-07-23T08:13:28Z</time>
 </trkpt>
 <trkpt lat="62.202436784282327" lon="-6.930154860019684">
 <ele>500.40625</ele>
 <time>2020-07-23T08:13:35Z</time>
 </trkpt>
 <trkpt lat="62.20242572017014" lon="-6.929928800091147">
 <ele>498.86328125</ele>
 <time>2020-07-23T08:13:42Z</time>
 </trkpt>
 <trkpt lat="62.202410465106368" lon="-6.929716402664781">
 <ele>497.6640625</ele>
 <time>2020-07-23T08:13:50Z</time>
 </trkpt>
 <trkpt lat="62.202391102910042" lon="-6.929510626941919">
 <ele>496.6015625</ele>
 <time>2020-07-23T08:14:00Z</time>
 </trkpt>
 <trkpt lat="62.202368136495352" lon="-6.929352208971977">
 <ele>495.95703125</ele>
 <time>2020-07-23T08:14:11Z</time>
 </trkpt>
 <trkpt lat="62.202387498691678" lon="-6.929161353036761">
 <ele>494.16015625</ele>
 <time>2020-07-23T08:14:23Z</time>
 </trkpt>
 <trkpt lat="62.20237878151238" lon="-6.92894333973527">
 <ele>493.18359375</ele>
 <time>2020-07-23T08:14:30Z</time>
 </trkpt>
 <trkpt lat="62.202411387115717" lon="-6.928754830732942">
 <ele>491.57421875</ele>
 <time>2020-07-23T08:14:39Z</time>
 </trkpt>
 <trkpt lat="62.202376518398523" lon="-6.928541176021099">
 <ele>491.30078125</ele>
 <time>2020-07-23T08:14:50Z</time>
 </trkpt>
 <trkpt lat="62.202380374073982" lon="-6.928352834656835">
 <ele>490.3125</ele>
 <time>2020-07-23T08:14:59Z</time>
 </trkpt>
 <trkpt lat="62.202426809817553" lon="-6.928162313997746">
 <ele>488.48046875</ele>
 <time>2020-07-23T08:15:06Z</time>
 </trkpt>
 <trkpt lat="62.202457906678319" lon="-6.927965255454183">
 <ele>486.9921875</ele>
 <time>2020-07-23T08:15:13Z</time>
 </trkpt>
 <trkpt lat="62.202480286359787" lon="-6.927741877734661">
 <ele>485.5703125</ele>
 <time>2020-07-23T08:15:21Z</time>
 </trkpt>
 <trkpt lat="62.202497301623225" lon="-6.927539119496942">
 <ele>484.34375</ele>
 <time>2020-07-23T08:15:28Z</time>
 </trkpt>
 <trkpt lat="62.202545497566462" lon="-6.927338959649205">
 <ele>482.52734375</ele>
 <time>2020-07-23T08:15:35Z</time>
 </trkpt>
 <trkpt lat="62.202595956623554" lon="-6.927133938297629">
 <ele>480.73046875</ele>
 <time>2020-07-23T08:15:43Z</time>
 </trkpt>
 <trkpt lat="62.202629148960114" lon="-6.92692045122385">
 <ele>479.28125</ele>
 <time>2020-07-23T08:15:51Z</time>
 </trkpt>
 <trkpt lat="62.202660162001848" lon="-6.926724817603827">
 <ele>477.92578125</ele>
 <time>2020-07-23T08:16:00Z</time>
 </trkpt>
 <trkpt lat="62.202705172821879" lon="-6.926552904769778">
 <ele>476.359375</ele>
 <time>2020-07-23T08:16:11Z</time>
 </trkpt>
 <trkpt lat="62.202787986025214" lon="-6.926195416599512">
 <ele>473.58203125</ele>
 <time>2020-07-23T08:16:30Z</time>
 </trkpt>
 <trkpt lat="62.202790584415197" lon="-6.926002129912376">
 <ele>473.09375</ele>
 <time>2020-07-23T08:16:38Z</time>
 </trkpt>
 <trkpt lat="62.202804330736399" lon="-6.925801718607545">
 <ele>472.3046875</ele>
 <time>2020-07-23T08:16:47Z</time>
 </trkpt>
 <trkpt lat="62.202815059572458" lon="-6.92558697424829">
 <ele>471.55859375</ele>
 <time>2020-07-23T08:16:57Z</time>
 </trkpt>
 <trkpt lat="62.202862836420536" lon="-6.925397459417582">
 <ele>469.90234375</ele>
 <time>2020-07-23T08:17:07Z</time>
 </trkpt>
 <trkpt lat="62.202861411496997" lon="-6.925165699794889">
 <ele>469.40625</ele>
 <time>2020-07-23T08:17:16Z</time>
 </trkpt>
 <trkpt lat="62.202891586348414" lon="-6.924963444471359">
 <ele>468.1484375</ele>
 <time>2020-07-23T08:17:24Z</time>
 </trkpt>
 <trkpt lat="62.202918073162436" lon="-6.924748029559851">
 <ele>467.1640625</ele>
 <time>2020-07-23T08:17:32Z</time>
 </trkpt>
 <trkpt lat="62.202963083982468" lon="-6.924559939652681">
 <ele>466.0234375</ele>
 <time>2020-07-23T08:17:40Z</time>
 </trkpt>
 <trkpt lat="62.202993594110012" lon="-6.924358606338501">
 <ele>465.234375</ele>
 <time>2020-07-23T08:17:49Z</time>
 </trkpt>
 <trkpt lat="62.203018153086305" lon="-6.924158362671733">
 <ele>464.53515625</ele>
 <time>2020-07-23T08:17:58Z</time>
 </trkpt>
 <trkpt lat="62.203108510002494" lon="-6.923823589459062">
 <ele>462.5</ele>
 <time>2020-07-23T08:19:04Z</time>
 </trkpt>
 <trkpt lat="62.203174224123359" lon="-6.923672882840037">
 <ele>461.13671875</ele>
 <time>2020-07-23T08:19:17Z</time>
 </trkpt>
 <trkpt lat="62.203196939080954" lon="-6.92347071133554">
 <ele>460.484375</ele>
 <time>2020-07-23T08:19:25Z</time>
 </trkpt>
 <trkpt lat="62.203250247985125" lon="-6.923300558701158">
 <ele>459.3203125</ele>
 <time>2020-07-23T08:19:34Z</time>
 </trkpt>
 <trkpt lat="62.203254103660583" lon="-6.923095285892487">
 <ele>459.00390625</ele>
 <time>2020-07-23T08:19:46Z</time>
 </trkpt>
 <trkpt lat="62.203244464471936" lon="-6.922905687242746">
 <ele>458.94921875</ele>
 <time>2020-07-23T08:19:56Z</time>
 </trkpt>
 <trkpt lat="62.203260222449899" lon="-6.922785239294171">
 <ele>458.51953125</ele>
 <time>2020-07-23T08:20:36Z</time>
 </trkpt>
 <trkpt lat="62.203256282955408" lon="-6.922594467177987">
 <ele>458.36328125</ele>
 <time>2020-07-23T08:20:53Z</time>
 </trkpt>
 <trkpt lat="62.203316045925021" lon="-6.922446107491851">
 <ele>457.109375</ele>
 <time>2020-07-23T08:21:04Z</time>
 </trkpt>
 <trkpt lat="62.203324930742383" lon="-6.922238655388355">
 <ele>456.69921875</ele>
 <time>2020-07-23T08:21:16Z</time>
 </trkpt>
 <trkpt lat="62.203354686498642" lon="-6.922047631815076">
 <ele>455.93359375</ele>
 <time>2020-07-23T08:21:25Z</time>
 </trkpt>
 <trkpt lat="62.203387040644884" lon="-6.921850070357323">
 <ele>455.11328125</ele>
 <time>2020-07-23T08:21:37Z</time>
 </trkpt>
 <trkpt lat="62.203424926847219" lon="-6.921667344868183">
 <ele>454.2109375</ele>
 <time>2020-07-23T08:21:46Z</time>
 </trkpt>
 <trkpt lat="62.2034777328372" lon="-6.92147858440876">
 <ele>452.92578125</ele>
 <time>2020-07-23T08:22:07Z</time>
 </trkpt>
 <trkpt lat="62.20353732816875" lon="-6.921305917203426">
 <ele>451.484375</ele>
 <time>2020-07-23T08:22:17Z</time>
 </trkpt>
 <trkpt lat="62.203570436686277" lon="-6.921125454828143">
 <ele>450.48828125</ele>
 <time>2020-07-23T08:22:26Z</time>
 </trkpt>
 <trkpt lat="62.203625254333019" lon="-6.920954715460539">
 <ele>449.08984375</ele>
 <time>2020-07-23T08:22:37Z</time>
 </trkpt>
 <trkpt lat="62.203616956248879" lon="-6.920734774321318">
 <ele>448.8125</ele>
 <time>2020-07-23T08:22:51Z</time>
 </trkpt>
 <trkpt lat="62.203629780560732" lon="-6.920524556189776">
 <ele>448.3125</ele>
 <time>2020-07-23T08:23:04Z</time>
 </trkpt>
 <trkpt lat="62.203606981784105" lon="-6.920320708304644">
 <ele>448.5078125</ele>
 <time>2020-07-23T08:23:14Z</time>
 </trkpt>
 <trkpt lat="62.203595582395792" lon="-6.920131361111999">
 <ele>448.5</ele>
 <time>2020-07-23T08:23:23Z</time>
 </trkpt>
 <trkpt lat="62.203592145815492" lon="-6.919930698350072">
 <ele>448.32421875</ele>
 <time>2020-07-23T08:23:31Z</time>
 </trkpt>
 <trkpt lat="62.203593906015158" lon="-6.919714780524373">
 <ele>448.03125</ele>
 <time>2020-07-23T08:23:39Z</time>
 </trkpt>
 <trkpt lat="62.203613184392452" lon="-6.91953532397747">
 <ele>447.4453125</ele>
 <time>2020-07-23T08:23:47Z</time>
 </trkpt>
 <trkpt lat="62.203637575730681" lon="-6.919345306232572">
 <ele>446.75</ele>
 <time>2020-07-23T08:23:55Z</time>
 </trkpt>
 <trkpt lat="62.203660290688276" lon="-6.91918445751071">
 <ele>446.1171875</ele>
 <time>2020-07-23T08:24:02Z</time>
 </trkpt>
 <trkpt lat="62.2036814969033" lon="-6.918982453644276">
 <ele>445.32421875</ele>
 <time>2020-07-23T08:24:11Z</time>
 </trkpt>
 <trkpt lat="62.203687783330679" lon="-6.918771397322416">
 <ele>444.71875</ele>
 <time>2020-07-23T08:24:20Z</time>
 </trkpt>
 <trkpt lat="62.203694488853216" lon="-6.918563861399889">
 <ele>444.109375</ele>
 <time>2020-07-23T08:24:28Z</time>
 </trkpt>
 <trkpt lat="62.203728603199124" lon="-6.918377699330449">
 <ele>442.98828125</ele>
 <time>2020-07-23T08:24:36Z</time>
 </trkpt>
 <trkpt lat="62.203786438331008" lon="-6.918244929984212">
 <ele>441.4453125</ele>
 <time>2020-07-23T08:24:45Z</time>
 </trkpt>
 <trkpt lat="62.203807644546032" lon="-6.918044183403254">
 <ele>440.671875</ele>
 <time>2020-07-23T08:24:55Z</time>
 </trkpt>
 <trkpt lat="62.203830443322659" lon="-6.917844442650676">
 <ele>439.85546875</ele>
 <time>2020-07-23T08:25:02Z</time>
 </trkpt>
 <trkpt lat="62.203845782205462" lon="-6.917649647220969">
 <ele>439.234375</ele>
 <time>2020-07-23T08:25:11Z</time>
 </trkpt>
 <trkpt lat="62.203898085281253" lon="-6.917480835691094">
 <ele>437.71484375</ele>
 <time>2020-07-23T08:25:20Z</time>
 </trkpt>
 <trkpt lat="62.20391065813601" lon="-6.917279502376914">
 <ele>436.984375</ele>
 <time>2020-07-23T08:25:31Z</time>
 </trkpt>
 <trkpt lat="62.203938653692603" lon="-6.917109014466405">
 <ele>435.91796875</ele>
 <time>2020-07-23T08:25:39Z</time>
 </trkpt>
 <trkpt lat="62.20395416021347" lon="-6.916902149096131">
 <ele>435.09375</ele>
 <time>2020-07-23T08:25:47Z</time>
 </trkpt>
 <trkpt lat="62.203982239589095" lon="-6.916730739176273">
 <ele>434.05078125</ele>
 <time>2020-07-23T08:25:55Z</time>
 </trkpt>
 <trkpt lat="62.204017359763384" lon="-6.916555557399988">
 <ele>432.8984375</ele>
 <time>2020-07-23T08:26:02Z</time>
 </trkpt>
 <trkpt lat="62.204041332006454" lon="-6.916373502463102">
 <ele>432.1015625</ele>
 <time>2020-07-23T08:26:09Z</time>
 </trkpt>
 <trkpt lat="62.204062286764383" lon="-6.91616521216929">
 <ele>431.34765625</ele>
 <time>2020-07-23T08:26:16Z</time>
 </trkpt>
 <trkpt lat="62.204104699194431" lon="-6.916007129475474">
 <ele>430.140625</ele>
 <time>2020-07-23T08:26:24Z</time>
 </trkpt>
 <trkpt lat="62.204073183238506" lon="-6.916047278791666">
 <ele>430.9453125</ele>
 <time>2020-07-23T08:26:39Z</time>
 </trkpt>
 <trkpt lat="62.204063963145018" lon="-6.915846448391676">
 <ele>430.92578125</ele>
 <time>2020-07-23T08:26:55Z</time>
 </trkpt>
 <trkpt lat="62.204086594283581" lon="-6.915670176967979">
 <ele>430.36328125</ele>
 <time>2020-07-23T08:27:02Z</time>
 </trkpt>
 <trkpt lat="62.204122804105282" lon="-6.915471106767654">
 <ele>429.6015625</ele>
 <time>2020-07-23T08:27:10Z</time>
 </trkpt>
 <trkpt lat="62.204139232635498" lon="-6.915273629128933">
 <ele>429.3203125</ele>
 <time>2020-07-23T08:27:18Z</time>
 </trkpt>
 <trkpt lat="62.204203102737665" lon="-6.915142117068172">
 <ele>427.91796875</ele>
 <time>2020-07-23T08:27:27Z</time>
 </trkpt>
 <trkpt lat="62.20421064645052" lon="-6.91504480317235">
 <ele>427.8046875</ele>
 <time>2020-07-23T08:29:39Z</time>
 </trkpt>
 <trkpt lat="62.204253310337663" lon="-6.914862664416432">
 <ele>426.95703125</ele>
 <time>2020-07-23T08:29:50Z</time>
 </trkpt>
 <trkpt lat="62.204310055822134" lon="-6.914709191769362">
 <ele>425.7890625</ele>
 <time>2020-07-23T08:30:02Z</time>
 </trkpt>
 <trkpt lat="62.204326316714287" lon="-6.914518503472209">
 <ele>425.578125</ele>
 <time>2020-07-23T08:30:12Z</time>
 </trkpt>
 <trkpt lat="62.204334698617458" lon="-6.91429722122848">
 <ele>425.57421875</ele>
 <time>2020-07-23T08:30:24Z</time>
 </trkpt>
 <trkpt lat="62.204350456595421" lon="-6.914112316444516">
 <ele>425.37890625</ele>
 <time>2020-07-23T08:30:36Z</time>
 </trkpt>
 <trkpt lat="62.204312235116959" lon="-6.91390092484653">
 <ele>426.29296875</ele>
 <time>2020-07-23T08:30:50Z</time>
 </trkpt>
 <trkpt lat="62.204375267028809" lon="-6.913850717246532">
 <ele>424.92578125</ele>
 <time>2020-07-23T08:31:05Z</time>
 </trkpt>
 <trkpt lat="62.204450368881226" lon="-6.913962196558714">
 <ele>423.25</ele>
 <time>2020-07-23T08:31:16Z</time>
 </trkpt>
 <trkpt lat="62.20452044159174" lon="-6.913848202675581">
 <ele>421.734375</ele>
 <time>2020-07-23T08:31:25Z</time>
 </trkpt>
 <trkpt lat="62.204571319743991" lon="-6.913675451651216">
 <ele>420.62109375</ele>
 <time>2020-07-23T08:31:32Z</time>
 </trkpt>
 <trkpt lat="62.204620856791735" lon="-6.913501610979438">
 <ele>419.48828125</ele>
 <time>2020-07-23T08:31:40Z</time>
 </trkpt>
 <trkpt lat="62.204677183181047" lon="-6.913333386182785">
 <ele>418.20703125</ele>
 <time>2020-07-23T08:31:47Z</time>
 </trkpt>
 <trkpt lat="62.204702161252499" lon="-6.913120653480291">
 <ele>418.0546875</ele>
 <time>2020-07-23T08:31:55Z</time>
 </trkpt>
 <trkpt lat="62.204765528440475" lon="-6.912950249388814">
 <ele>417.015625</ele>
 <time>2020-07-23T08:32:02Z</time>
 </trkpt>
 <trkpt lat="62.204821351915598" lon="-6.91279761493206">
 <ele>416.109375</ele>
 <time>2020-07-23T08:32:10Z</time>
 </trkpt>
 <trkpt lat="62.204876756295562" lon="-6.912642633542419">
 <ele>415.21875</ele>
 <time>2020-07-23T08:32:19Z</time>
 </trkpt>
 <trkpt lat="62.204928388819098" lon="-6.912463260814548">
 <ele>414.46875</ele>
 <time>2020-07-23T08:32:28Z</time>
 </trkpt>
 <trkpt lat="62.2049680352211" lon="-6.912293108180165">
 <ele>413.953125</ele>
 <time>2020-07-23T08:32:36Z</time>
 </trkpt>
 <trkpt lat="62.204997204244137" lon="-6.912080962210894">
 <ele>413.80078125</ele>
 <time>2020-07-23T08:32:48Z</time>
 </trkpt>
 <trkpt lat="62.205043975263834" lon="-6.91191952675581">
 <ele>413.18359375</ele>
 <time>2020-07-23T08:32:59Z</time>
 </trkpt>
 <trkpt lat="62.205136679112911" lon="-6.9118388928473">
 <ele>411.43359375</ele>
 <time>2020-07-23T08:33:10Z</time>
 </trkpt>
 <trkpt lat="62.205188311636448" lon="-6.91169572994113">
 <ele>410.76171875</ele>
 <time>2020-07-23T08:33:20Z</time>
 </trkpt>
 <trkpt lat="62.20520549453795" lon="-6.911488110199571">
 <ele>411.0625</ele>
 <time>2020-07-23T08:33:32Z</time>
 </trkpt>
 <trkpt lat="62.205215552821755" lon="-6.911287866532803">
 <ele>411.51953125</ele>
 <time>2020-07-23T08:33:45Z</time>
 </trkpt>
 <trkpt lat="62.205258384346962" lon="-6.911101369187236">
 <ele>411.2890625</ele>
 <time>2020-07-23T08:33:53Z</time>
 </trkpt>
 <trkpt lat="62.205326026305556" lon="-6.91094521433115">
 <ele>410.5</ele>
 <time>2020-07-23T08:34:02Z</time>
 </trkpt>
 <trkpt lat="62.205375647172332" lon="-6.910764165222645">
 <ele>410.171875</ele>
 <time>2020-07-23T08:34:11Z</time>
 </trkpt>
 <trkpt lat="62.20540339127183" lon="-6.910546571016312">
 <ele>410.40625</ele>
 <time>2020-07-23T08:34:21Z</time>
 </trkpt>
 <trkpt lat="62.205430045723915" lon="-6.91035931929946">
 <ele>410.5859375</ele>
 <time>2020-07-23T08:34:32Z</time>
 </trkpt>
 <trkpt lat="62.205460388213396" lon="-6.910155052319169">
 <ele>410.484375</ele>
 <time>2020-07-23T08:35:11Z</time>
 </trkpt>
 <trkpt lat="62.205487880855799" lon="-6.909969393163919">
 <ele>410.41015625</ele>
 <time>2020-07-23T08:35:20Z</time>
 </trkpt>
 <trkpt lat="62.205491987988353" lon="-6.909749619662762">
 <ele>411.109375</ele>
 <time>2020-07-23T08:35:58Z</time>
 </trkpt>
 <trkpt lat="62.205529287457466" lon="-6.909553650766611">
 <ele>410.8203125</ele>
 <time>2020-07-23T08:36:09Z</time>
 </trkpt>
 <trkpt lat="62.205562815070152" lon="-6.90936011262238">
 <ele>410.6484375</ele>
 <time>2020-07-23T08:36:25Z</time>
 </trkpt>
 <trkpt lat="62.20563012175262" lon="-6.909230025485158">
 <ele>409.35546875</ele>
 <time>2020-07-23T08:36:43Z</time>
 </trkpt>
 <trkpt lat="62.205701284110546" lon="-6.909122820943594">
 <ele>407.890625</ele>
 <time>2020-07-23T08:37:27Z</time>
 </trkpt>
 <trkpt lat="62.205758616328239" lon="-6.908956356346607">
 <ele>407.1328125</ele>
 <time>2020-07-23T08:37:39Z</time>
 </trkpt>
 <trkpt lat="62.205811170861125" lon="-6.90879475325346">
 <ele>406.53125</ele>
 <time>2020-07-23T08:37:55Z</time>
 </trkpt>
 <trkpt lat="62.205873029306531" lon="-6.908649830147624">
 <ele>405.66015625</ele>
 <time>2020-07-23T08:38:03Z</time>
 </trkpt>
 <trkpt lat="62.205940000712872" lon="-6.908493675291538">
 <ele>404.7734375</ele>
 <time>2020-07-23T08:38:13Z</time>
 </trkpt>
 <trkpt lat="62.205992806702852" lon="-6.908320086076856">
 <ele>404.3828125</ele>
 <time>2020-07-23T08:38:24Z</time>
 </trkpt>
 <trkpt lat="62.206053491681814" lon="-6.908180024474859">
 <ele>403.87109375</ele>
 <time>2020-07-23T08:38:32Z</time>
 </trkpt>
 <trkpt lat="62.206114176660776" lon="-6.908025294542313">
 <ele>403.62109375</ele>
 <time>2020-07-23T08:38:42Z</time>
 </trkpt>
 <trkpt lat="62.206154158338904" lon="-6.907850783318281">
 <ele>404.078125</ele>
 <time>2020-07-23T08:38:53Z</time>
 </trkpt>
 <trkpt lat="62.206160528585315" lon="-6.907619191333652">
 <ele>405.74609375</ele>
 <time>2020-07-23T08:39:31Z</time>
 </trkpt>
 <trkpt lat="62.206177040934563" lon="-6.907409643754363">
 <ele>407.0234375</ele>
 <time>2020-07-23T08:39:39Z</time>
 </trkpt>
 <trkpt lat="62.206237055361271" lon="-6.907228091731668">
 <ele>407.171875</ele>
 <time>2020-07-23T08:39:48Z</time>
 </trkpt>
 <trkpt lat="62.206298997625709" lon="-6.907076463103294">
 <ele>406.99609375</ele>
 <time>2020-07-23T08:39:57Z</time>
 </trkpt>
 <trkpt lat="62.20634157769382" lon="-6.906886277720332">
 <ele>407.59765625</ele>
 <time>2020-07-23T08:40:06Z</time>
 </trkpt>
 <trkpt lat="62.206372506916523" lon="-6.906691901385784">
 <ele>408.62890625</ele>
 <time>2020-07-23T08:40:15Z</time>
 </trkpt>
 <trkpt lat="62.206409554928541" lon="-6.906489226967096">
 <ele>409.3359375</ele>
 <time>2020-07-23T08:40:24Z</time>
 </trkpt>
 <trkpt lat="62.206450123339891" lon="-6.906314799562097">
 <ele>409.70703125</ele>
 <time>2020-07-23T08:40:32Z</time>
 </trkpt>
 <trkpt lat="62.206508461385965" lon="-6.906146658584476">
 <ele>409.875</ele>
 <time>2020-07-23T08:40:40Z</time>
 </trkpt>
 <trkpt lat="62.206560764461756" lon="-6.905965860933065">
 <ele>410.31640625</ele>
 <time>2020-07-23T08:40:48Z</time>
 </trkpt>
 <trkpt lat="62.206628741696477" lon="-6.905821021646261">
 <ele>410.43359375</ele>
 <time>2020-07-23T08:40:56Z</time>
 </trkpt>
 <trkpt lat="62.206694120541215" lon="-6.905677858740091">
 <ele>410.2578125</ele>
 <time>2020-07-23T08:41:04Z</time>
 </trkpt>
 <trkpt lat="62.206756146624684" lon="-6.905518351122737">
 <ele>410.08984375</ele>
 <time>2020-07-23T08:41:15Z</time>
 </trkpt>
 <trkpt lat="62.206829655915499" lon="-6.905361022800207">
 <ele>409.7734375</ele>
 <time>2020-07-23T08:41:25Z</time>
 </trkpt>
 <trkpt lat="62.206891849637032" lon="-6.905205119401217">
 <ele>409.5859375</ele>
 <time>2020-07-23T08:41:35Z</time>
 </trkpt>
 <trkpt lat="62.206921437755227" lon="-6.904983501881361">
 <ele>410.03125</ele>
 <time>2020-07-23T08:41:49Z</time>
 </trkpt>
 <trkpt lat="62.206958318129182" lon="-6.904799016192555">
 <ele>410.25</ele>
 <time>2020-07-23T08:41:59Z</time>
 </trkpt>
 <trkpt lat="62.206970220431685" lon="-6.904601203277707">
 <ele>410.8203125</ele>
 <time>2020-07-23T08:42:09Z</time>
 </trkpt>
 <trkpt lat="62.206999054178596" lon="-6.904446557164192">
 <ele>411.03125</ele>
 <time>2020-07-23T08:42:26Z</time>
 </trkpt>
 <trkpt lat="62.206985140219331" lon="-6.904248325154185">
 <ele>411.9140625</ele>
 <time>2020-07-23T08:42:44Z</time>
 </trkpt>
 <trkpt lat="62.20696703530848" lon="-6.904047327116132">
 <ele>412.47265625</ele>
 <time>2020-07-23T08:42:54Z</time>
 </trkpt>
 <trkpt lat="62.206980949267745" lon="-6.903841719031334">
 <ele>412.05859375</ele>
 <time>2020-07-23T08:43:06Z</time>
 </trkpt>
 <trkpt lat="62.206981536000967" lon="-6.903632087633014">
 <ele>411.80078125</ele>
 <time>2020-07-23T08:43:17Z</time>
 </trkpt>
 <trkpt lat="62.206943482160568" lon="-6.903425306081772">
 <ele>412.0078125</ele>
 <time>2020-07-23T08:43:28Z</time>
 </trkpt>
 <trkpt lat="62.206940045580268" lon="-6.903232857584953">
 <ele>411.453125</ele>
 <time>2020-07-23T08:43:38Z</time>
 </trkpt>
 <trkpt lat="62.206943146884441" lon="-6.903037307783961">
 <ele>410.0078125</ele>
 <time>2020-07-23T08:43:50Z</time>
 </trkpt>
 <trkpt lat="62.206930490210652" lon="-6.902821222320199">
 <ele>408.6015625</ele>
 <time>2020-07-23T08:43:58Z</time>
 </trkpt>
 <trkpt lat="62.206925209611654" lon="-6.902626175433397">
 <ele>407.26171875</ele>
 <time>2020-07-23T08:44:06Z</time>
 </trkpt>
 <trkpt lat="62.206924287602305" lon="-6.90243230201304">
 <ele>405.828125</ele>
 <time>2020-07-23T08:44:15Z</time>
 </trkpt>
 <trkpt lat="62.206968460232019" lon="-6.902251169085503">
 <ele>403.7109375</ele>
 <time>2020-07-23T08:47:07Z</time>
 </trkpt>
 <trkpt lat="62.206934597343206" lon="-6.902059726417065">
 <ele>402.3984375</ele>
 <time>2020-07-23T08:47:17Z</time>
 </trkpt>
 <trkpt lat="62.206912720575929" lon="-6.901872642338276">
 <ele>400.9609375</ele>
 <time>2020-07-23T08:47:27Z</time>
 </trkpt>
 <trkpt lat="62.206873157992959" lon="-6.901697041466832">
 <ele>399.78125</ele>
 <time>2020-07-23T08:48:01Z</time>
 </trkpt>
 <trkpt lat="62.206870056688786" lon="-6.901704585179687">
 <ele>399.87890625</ele>
 <time>2020-07-23T08:53:05Z</time>
 </trkpt>
 <trkpt lat="62.206562776118517" lon="-6.899189259856939">
 <ele>379.49609375</ele>
 <time>2020-07-23T09:04:21Z</time>
 </trkpt>
 <trkpt lat="62.206468731164932" lon="-6.899106614291668">
 <ele>378.8046875</ele>
 <time>2020-07-23T09:05:01Z</time>
 </trkpt>
 <trkpt lat="62.206459259614348" lon="-6.898909136652947">
 <ele>377.14453125</ele>
 <time>2020-07-23T09:05:14Z</time>
 </trkpt>
 <trkpt lat="62.20641827210784" lon="-6.898689111694694">
 <ele>375.296875</ele>
 <time>2020-07-23T09:05:25Z</time>
 </trkpt>
 <trkpt lat="62.206384995952249" lon="-6.898493897169828">
 <ele>373.65625</ele>
 <time>2020-07-23T09:05:37Z</time>
 </trkpt>
 <trkpt lat="62.206355826929212" lon="-6.898298431187868">
 <ele>372.01171875</ele>
 <time>2020-07-23T09:05:53Z</time>
 </trkpt>
 <trkpt lat="62.206375356763601" lon="-6.898068347945809">
 <ele>370.1171875</ele>
 <time>2020-07-23T09:06:28Z</time>
 </trkpt>
 <trkpt lat="62.206435957923532" lon="-6.897919988259673">
 <ele>368.92578125</ele>
 <time>2020-07-23T09:06:49Z</time>
 </trkpt>
 <trkpt lat="62.206470491364598" lon="-6.897745309397578">
 <ele>367.52734375</ele>
 <time>2020-07-23T09:07:11Z</time>
 </trkpt>
 <trkpt lat="62.206508796662092" lon="-6.897573312744498">
 <ele>366.171875</ele>
 <time>2020-07-23T09:07:28Z</time>
 </trkpt>
 <trkpt lat="62.206489602103829" lon="-6.89738379791379">
 <ele>364.69140625</ele>
 <time>2020-07-23T09:07:38Z</time>
 </trkpt>
 <trkpt lat="62.206489099189639" lon="-6.897185482084751">
 <ele>363.26171875</ele>
 <time>2020-07-23T09:07:51Z</time>
 </trkpt>
 <trkpt lat="62.206479711458087" lon="-6.896988088265061">
 <ele>361.828125</ele>
 <time>2020-07-23T09:08:05Z</time>
 </trkpt>
 <trkpt lat="62.20645347610116" lon="-6.896802512928844">
 <ele>360.4609375</ele>
 <time>2020-07-23T09:08:18Z</time>
 </trkpt>
 <trkpt lat="62.206397736445069" lon="-6.896626325324178">
 <ele>359.11328125</ele>
 <time>2020-07-23T09:08:33Z</time>
 </trkpt>
 <trkpt lat="62.206317689269781" lon="-6.896472433581948">
 <ele>357.5625</ele>
 <time>2020-07-23T09:08:52Z</time>
 </trkpt>
 <trkpt lat="62.206262536346912" lon="-6.896316949278116">
 <ele>356.0390625</ele>
 <time>2020-07-23T09:09:05Z</time>
 </trkpt>
 <trkpt lat="62.206253483891487" lon="-6.896139085292816">
 <ele>354.55078125</ele>
 <time>2020-07-23T09:09:18Z</time>
 </trkpt>
 <trkpt lat="62.206282820552588" lon="-6.895946301519871">
 <ele>352.4765625</ele>
 <time>2020-07-23T09:09:30Z</time>
 </trkpt>
 <trkpt lat="62.206224650144577" lon="-6.895785788074136">
 <ele>351.84375</ele>
 <time>2020-07-23T09:09:42Z</time>
 </trkpt>
 <trkpt lat="62.206159438937902" lon="-6.895635332912207">
 <ele>351.94140625</ele>
 <time>2020-07-23T09:09:54Z</time>
 </trkpt>
 <trkpt lat="62.206102190539241" lon="-6.895497534424067">
 <ele>351.9453125</ele>
 <time>2020-07-23T09:10:04Z</time>
 </trkpt>
 <trkpt lat="62.206043768674135" lon="-6.895348001271486">
 <ele>351.83984375</ele>
 <time>2020-07-23T09:10:12Z</time>
 </trkpt>
 <trkpt lat="62.206020634621382" lon="-6.89515714533627">
 <ele>350.48046875</ele>
 <time>2020-07-23T09:10:23Z</time>
 </trkpt>
 <trkpt lat="62.205974701792002" lon="-6.895017921924591">
 <ele>350.14453125</ele>
 <time>2020-07-23T09:10:34Z</time>
 </trkpt>
 <trkpt lat="62.205925500020385" lon="-6.894860174506903">
 <ele>349.375</ele>
 <time>2020-07-23T09:10:46Z</time>
 </trkpt>
 <trkpt lat="62.205842770636082" lon="-6.894729668274522">
 <ele>349.5078125</ele>
 <time>2020-07-23T09:10:57Z</time>
 </trkpt>
 <trkpt lat="62.205885769799352" lon="-6.894581979140639">
 <ele>346.62109375</ele>
 <time>2020-07-23T09:11:07Z</time>
 </trkpt>
 <trkpt lat="62.205856265500188" lon="-6.894433619454503">
 <ele>345.30859375</ele>
 <time>2020-07-23T09:11:29Z</time>
 </trkpt>
 <trkpt lat="62.20578552223742" lon="-6.89430738799274">
 <ele>345.12109375</ele>
 <time>2020-07-23T09:11:46Z</time>
 </trkpt>
 <trkpt lat="62.205749312415719" lon="-6.894137738272548">
 <ele>343.58984375</ele>
 <time>2020-07-23T09:11:56Z</time>
 </trkpt>
 <trkpt lat="62.205727100372314" lon="-6.894058026373386">
 <ele>342.7265625</ele>
 <time>2020-07-23T09:12:26Z</time>
 </trkpt>
 <trkpt lat="62.205642610788345" lon="-6.894138073548675">
 <ele>345.7734375</ele>
 <time>2020-07-23T09:12:34Z</time>
 </trkpt>
 <trkpt lat="62.205575974658132" lon="-6.894025756046176">
 <ele>345.19921875</ele>
 <time>2020-07-23T09:12:46Z</time>
 </trkpt>
 <trkpt lat="62.205493580549955" lon="-6.893933471292257">
 <ele>345.20703125</ele>
 <time>2020-07-23T09:12:58Z</time>
 </trkpt>
 <trkpt lat="62.205483186990023" lon="-6.893752506002784">
 <ele>342.19140625</ele>
 <time>2020-07-23T09:13:07Z</time>
 </trkpt>
 <trkpt lat="62.205452173948288" lon="-6.893580174073577">
 <ele>339.68359375</ele>
 <time>2020-07-23T09:13:17Z</time>
 </trkpt>
 <trkpt lat="62.205429542809725" lon="-6.893367189913988">
 <ele>336.34375</ele>
 <time>2020-07-23T09:13:25Z</time>
 </trkpt>
 <trkpt lat="62.205410180613399" lon="-6.89314934425056">
 <ele>334.1953125</ele>
 <time>2020-07-23T09:13:34Z</time>
 </trkpt>
 <trkpt lat="62.205382855609059" lon="-6.892943317070603">
 <ele>332.97265625</ele>
 <time>2020-07-23T09:13:45Z</time>
 </trkpt>
 <trkpt lat="62.205353518947959" lon="-6.892758160829544">
 <ele>332.1484375</ele>
 <time>2020-07-23T09:13:55Z</time>
 </trkpt>
 <trkpt lat="62.205336252227426" lon="-6.892541572451592">
 <ele>330.265625</ele>
 <time>2020-07-23T09:14:10Z</time>
 </trkpt>
 <trkpt lat="62.20529149286449" lon="-6.892348788678646">
 <ele>329.98828125</ele>
 <time>2020-07-23T09:14:24Z</time>
 </trkpt>
 <trkpt lat="62.205230556428432" lon="-6.892201686277986">
 <ele>331.07421875</ele>
 <time>2020-07-23T09:14:40Z</time>
 </trkpt>
 <trkpt lat="62.205191412940621" lon="-6.892021810635924">
 <ele>330.41015625</ele>
 <time>2020-07-23T09:14:54Z</time>
 </trkpt>
 <trkpt lat="62.205196358263493" lon="-6.891817962750793">
 <ele>327.00390625</ele>
 <time>2020-07-23T09:15:03Z</time>
 </trkpt>
 <trkpt lat="62.205196274444461" lon="-6.891597434878349">
 <ele>323.7109375</ele>
 <time>2020-07-23T09:15:12Z</time>
 </trkpt>
 <trkpt lat="62.205201052129269" lon="-6.891395347192884">
 <ele>320.9453125</ele>
 <time>2020-07-23T09:15:30Z</time>
 </trkpt>
 <trkpt lat="62.205214630812407" lon="-6.891185464337468">
 <ele>317.671875</ele>
 <time>2020-07-23T09:15:41Z</time>
 </trkpt>
 <trkpt lat="62.205190155655146" lon="-6.890966109931469">
 <ele>316.1015625</ele>
 <time>2020-07-23T09:15:53Z</time>
 </trkpt>
 <trkpt lat="62.205177582800388" lon="-6.890765111893416">
 <ele>314.15625</ele>
 <time>2020-07-23T09:16:02Z</time>
 </trkpt>
 <trkpt lat="62.205138523131609" lon="-6.890589678660035">
 <ele>313.640625</ele>
 <time>2020-07-23T09:16:10Z</time>
 </trkpt>
 <trkpt lat="62.205119244754314" lon="-6.890375856310129">
 <ele>311.6484375</ele>
 <time>2020-07-23T09:16:23Z</time>
 </trkpt>
 <trkpt lat="62.205121843144298" lon="-6.890165470540524">
 <ele>308.76953125</ele>
 <time>2020-07-23T09:16:31Z</time>
 </trkpt>
 <trkpt lat="62.205137349665165" lon="-6.889974363148212">
 <ele>305.69140625</ele>
 <time>2020-07-23T09:16:39Z</time>
 </trkpt>
 <trkpt lat="62.205140870064497" lon="-6.889766491949558">
 <ele>303.20703125</ele>
 <time>2020-07-23T09:16:48Z</time>
 </trkpt>
 <trkpt lat="62.205145228654146" lon="-6.889558285474777">
 <ele>300.7109375</ele>
 <time>2020-07-23T09:16:56Z</time>
 </trkpt>
 <trkpt lat="62.205162914469838" lon="-6.889362568035722">
 <ele>297.93359375</ele>
 <time>2020-07-23T09:17:04Z</time>
 </trkpt>
 <trkpt lat="62.205146821215749" lon="-6.889148410409689">
 <ele>296.046875</ele>
 <time>2020-07-23T09:17:14Z</time>
 </trkpt>
 <trkpt lat="62.205133326351643" lon="-6.888932073488832">
 <ele>293.44140625</ele>
 <time>2020-07-23T09:17:24Z</time>
 </trkpt>
 <trkpt lat="62.20517423003912" lon="-6.888910112902522">
 <ele>291.91796875</ele>
 <time>2020-07-23T09:18:09Z</time>
 </trkpt>
 <trkpt lat="62.20512586645782" lon="-6.888861916959286">
 <ele>292.6640625</ele>
 <time>2020-07-23T09:18:55Z</time>
 </trkpt>
 <trkpt lat="62.205171547830105" lon="-6.888769129291177">
 <ele>290.0390625</ele>
 <time>2020-07-23T09:19:57Z</time>
 </trkpt>
 <trkpt lat="62.205147575587034" lon="-6.88858606852591">
 <ele>288.15234375</ele>
 <time>2020-07-23T09:20:13Z</time>
 </trkpt>
 <trkpt lat="62.20523240044713" lon="-6.888579027727246">
 <ele>285.74609375</ele>
 <time>2020-07-23T09:20:39Z</time>
 </trkpt>
 <trkpt lat="62.20532912760973" lon="-6.888535022735596">
 <ele>282.5546875</ele>
 <time>2020-07-23T09:21:06Z</time>
 </trkpt>
 <trkpt lat="62.205346310511231" lon="-6.888387585058808">
 <ele>280.23046875</ele>
 <time>2020-07-23T09:21:29Z</time>
 </trkpt>
 <trkpt lat="62.205278165638447" lon="-6.888248445466161">
 <ele>280.0859375</ele>
 <time>2020-07-23T09:22:20Z</time>
 </trkpt>
 <trkpt lat="62.205235669389367" lon="-6.888074856251478">
 <ele>278.55078125</ele>
 <time>2020-07-23T09:22:31Z</time>
 </trkpt>
 <trkpt lat="62.205154867842793" lon="-6.887993719428778">
 <ele>279.1640625</ele>
 <time>2020-07-23T09:22:42Z</time>
 </trkpt>
 <trkpt lat="62.205074904486537" lon="-6.887909229844809">
 <ele>279.5859375</ele>
 <time>2020-07-23T09:23:06Z</time>
 </trkpt>
 <trkpt lat="62.205052860081196" lon="-6.887735472992063">
 <ele>277.203125</ele>
 <time>2020-07-23T09:23:49Z</time>
 </trkpt>
 <trkpt lat="62.205018410459161" lon="-6.887550819665194">
 <ele>274.8046875</ele>
 <time>2020-07-23T09:24:12Z</time>
 </trkpt>
 <trkpt lat="62.204976920038462" lon="-6.887389803305268">
 <ele>272.92578125</ele>
 <time>2020-07-23T09:24:28Z</time>
 </trkpt>
 <trkpt lat="62.204891005530953" lon="-6.887298189103603">
 <ele>272.9375</ele>
 <time>2020-07-23T09:24:41Z</time>
 </trkpt>
 <trkpt lat="62.204860243946314" lon="-6.887159468606114">
 <ele>271.171875</ele>
 <time>2020-07-23T09:24:59Z</time>
 </trkpt>
 <trkpt lat="62.204761169850826" lon="-6.887102136388421">
 <ele>271.796875</ele>
 <time>2020-07-23T09:25:11Z</time>
 </trkpt>
 <trkpt lat="62.204679949209094" lon="-6.887024603784084">
 <ele>271.7265625</ele>
 <time>2020-07-23T09:25:19Z</time>
 </trkpt>
 <trkpt lat="62.204597890377045" lon="-6.886900803074241">
 <ele>270.78125</ele>
 <time>2020-07-23T09:25:28Z</time>
 </trkpt>
 <trkpt lat="62.204512562602758" lon="-6.886799717321992">
 <ele>271.296875</ele>
 <time>2020-07-23T09:25:36Z</time>
 </trkpt>
 <trkpt lat="62.204425139352679" lon="-6.886694524437189">
 <ele>271.6875</ele>
 <time>2020-07-23T09:25:45Z</time>
 </trkpt>
 <trkpt lat="62.204359844326973" lon="-6.886550690978766">
 <ele>270.64453125</ele>
 <time>2020-07-23T09:25:54Z</time>
 </trkpt>
 <trkpt lat="62.204258926212788" lon="-6.886522192507982">
 <ele>272.6875</ele>
 <time>2020-07-23T09:26:02Z</time>
 </trkpt>
 <trkpt lat="62.204169323667884" lon="-6.886425297707319">
 <ele>273.01171875</ele>
 <time>2020-07-23T09:26:11Z</time>
 </trkpt>
 <trkpt lat="62.204094137996435" lon="-6.886293701827526">
 <ele>272.15234375</ele>
 <time>2020-07-23T09:26:21Z</time>
 </trkpt>
 <trkpt lat="62.204005708917975" lon="-6.886194376274943">
 <ele>272.18359375</ele>
 <time>2020-07-23T09:26:31Z</time>
 </trkpt>
 <trkpt lat="62.203925242647529" lon="-6.886086333543062">
 <ele>271.73828125</ele>
 <time>2020-07-23T09:26:49Z</time>
 </trkpt>
 <trkpt lat="62.203839663416147" lon="-6.885969657450914">
 <ele>271.11328125</ele>
 <time>2020-07-23T09:27:08Z</time>
 </trkpt>
 <trkpt lat="62.203771350905299" lon="-6.885820711031556">
 <ele>269.26171875</ele>
 <time>2020-07-23T09:27:19Z</time>
 </trkpt>
 <trkpt lat="62.203689208254218" lon="-6.885652653872967">
 <ele>267.69921875</ele>
 <time>2020-07-23T09:27:46Z</time>
 </trkpt>
 <trkpt lat="62.203659033402801" lon="-6.885473113507032">
 <ele>264.80078125</ele>
 <time>2020-07-23T09:27:54Z</time>
 </trkpt>
 <trkpt lat="62.20357202924788" lon="-6.885392898693681">
 <ele>264.9453125</ele>
 <time>2020-07-23T09:28:07Z</time>
 </trkpt>
 <trkpt lat="62.203575046733022" lon="-6.885251412168145">
 <ele>262.05078125</ele>
 <time>2020-07-23T09:28:16Z</time>
 </trkpt>
 <trkpt lat="62.203610586002469" lon="-6.885073883458972">
 <ele>257.83984375</ele>
 <time>2020-07-23T09:28:27Z</time>
 </trkpt>
 <trkpt lat="62.203566581010818" lon="-6.884893421083689">
 <ele>255.35546875</ele>
 <time>2020-07-23T09:28:37Z</time>
 </trkpt>
 <trkpt lat="62.203542105853558" lon="-6.884670630097389">
 <ele>252.2421875</ele>
 <time>2020-07-23T09:28:48Z</time>
 </trkpt>
 <trkpt lat="62.203493323177099" lon="-6.884486982598901">
 <ele>250.16015625</ele>
 <time>2020-07-23T09:29:03Z</time>
 </trkpt>
 <trkpt lat="62.203399278223515" lon="-6.884398888796568">
 <ele>250.3671875</ele>
 <time>2020-07-23T09:30:10Z</time>
 </trkpt>
 <trkpt lat="62.203342784196138" lon="-6.884267963469029">
 <ele>249.21484375</ele>
 <time>2020-07-23T09:30:21Z</time>
 </trkpt>
 <trkpt lat="62.203271118924022" lon="-6.884117759764195">
 <ele>247.9140625</ele>
 <time>2020-07-23T09:30:39Z</time>
 </trkpt>
 <trkpt lat="62.203180091455579" lon="-6.884106695652008">
 <ele>249.2421875</ele>
 <time>2020-07-23T09:31:06Z</time>
 </trkpt>
 <trkpt lat="62.20309853553772" lon="-6.884012902155519">
 <ele>248.8671875</ele>
 <time>2020-07-23T09:31:30Z</time>
 </trkpt>
 <trkpt lat="62.203053692355752" lon="-6.883829506114125">
 <ele>246.24609375</ele>
 <time>2020-07-23T09:31:50Z</time>
 </trkpt>
 <trkpt lat="62.203003484755754" lon="-6.883686678484082">
 <ele>244.54296875</ele>
 <time>2020-07-23T09:32:10Z</time>
 </trkpt>
 <trkpt lat="62.203023349866271" lon="-6.883553825318813">
 <ele>241.7265625</ele>
 <time>2020-07-23T09:33:03Z</time>
 </trkpt>
 <trkpt lat="62.20311270095408" lon="-6.883500935509801">
 <ele>239.00390625</ele>
 <time>2020-07-23T09:33:43Z</time>
 </trkpt>
 <trkpt lat="62.203150754794478" lon="-6.883314354345202">
 <ele>234.72265625</ele>
 <time>2020-07-23T09:34:19Z</time>
 </trkpt>
 <trkpt lat="62.203122423961759" lon="-6.883154343813658">
 <ele>232.79296875</ele>
 <time>2020-07-23T09:34:41Z</time>
 </trkpt>
 <trkpt lat="62.203134493902326" lon="-6.882974300533533">
 <ele>229.734375</ele>
 <time>2020-07-23T09:35:00Z</time>
 </trkpt>
 <trkpt lat="62.203095015138388" lon="-6.882832814007998">
 <ele>228.4453125</ele>
 <time>2020-07-23T09:35:29Z</time>
 </trkpt>
 <trkpt lat="62.203064924106002" lon="-6.882615890353918">
 <ele>225.8515625</ele>
 <time>2020-07-23T09:36:02Z</time>
 </trkpt>
 <trkpt lat="62.203059559687972" lon="-6.882420340552926">
 <ele>223.19921875</ele>
 <time>2020-07-23T09:36:14Z</time>
 </trkpt>
 <trkpt lat="62.203003568574786" lon="-6.882278183475137">
 <ele>222.9140625</ele>
 <time>2020-07-23T09:36:35Z</time>
 </trkpt>
 <trkpt lat="62.202944392338395" lon="-6.882136696949601">
 <ele>222.69140625</ele>
 <time>2020-07-23T09:36:46Z</time>
 </trkpt>
 <trkpt lat="62.202877420932055" lon="-6.881995880976319">
 <ele>223.59765625</ele>
 <time>2020-07-23T09:36:53Z</time>
 </trkpt>
 <trkpt lat="62.202850934118032" lon="-6.881777616217732">
 <ele>222.10546875</ele>
 <time>2020-07-23T09:37:00Z</time>
 </trkpt>
 <trkpt lat="62.202850682660937" lon="-6.881576785817742">
 <ele>219.92578125</ele>
 <time>2020-07-23T09:37:08Z</time>
 </trkpt>
 <trkpt lat="62.202783208340406" lon="-6.881457092240453">
 <ele>221.66015625</ele>
 <time>2020-07-23T09:37:20Z</time>
 </trkpt>
 <trkpt lat="62.202751943841577" lon="-6.881309319287539">
 <ele>221.58984375</ele>
 <time>2020-07-23T09:37:33Z</time>
 </trkpt>
 <trkpt lat="62.202757727354765" lon="-6.881082002073526">
 <ele>219.2734375</ele>
 <time>2020-07-23T09:37:49Z</time>
 </trkpt>
 <trkpt lat="62.202711878344417" lon="-6.880935067310929">
 <ele>219.7109375</ele>
 <time>2020-07-23T09:37:58Z</time>
 </trkpt>
 <trkpt lat="62.20267784781754" lon="-6.88074354082346">
 <ele>219.31640625</ele>
 <time>2020-07-23T09:38:06Z</time>
 </trkpt>
 <trkpt lat="62.202682038769126" lon="-6.880554612725973">
 <ele>217.66015625</ele>
 <time>2020-07-23T09:38:17Z</time>
 </trkpt>
 <trkpt lat="62.202611127868295" lon="-6.880404576659203">
 <ele>219.11328125</ele>
 <time>2020-07-23T09:38:28Z</time>
 </trkpt>
 <trkpt lat="62.202607104554772" lon="-6.880228975787759">
 <ele>217.83203125</ele>
 <time>2020-07-23T09:38:42Z</time>
 </trkpt>
 <trkpt lat="62.202557902783155" lon="-6.880063097923994">
 <ele>218.265625</ele>
 <time>2020-07-23T09:38:52Z</time>
 </trkpt>
 <trkpt lat="62.202523117884994" lon="-6.879892442375422">
 <ele>217.8984375</ele>
 <time>2020-07-23T09:39:07Z</time>
 </trkpt>
 <trkpt lat="62.202498223632574" lon="-6.879697311669588">
 <ele>216.66796875</ele>
 <time>2020-07-23T09:39:22Z</time>
 </trkpt>
 <trkpt lat="62.202489338815212" lon="-6.879495643079281">
 <ele>214.78515625</ele>
 <time>2020-07-23T09:39:31Z</time>
 </trkpt>
 <trkpt lat="62.20247894525528" lon="-6.879327418282628">
 <ele>213.30859375</ele>
 <time>2020-07-23T09:40:04Z</time>
 </trkpt>
 <trkpt lat="62.202523620799184" lon="-6.879310486838222">
 <ele>211.6015625</ele>
 <time>2020-07-23T09:41:12Z</time>
 </trkpt>
 <trkpt lat="62.20249705016613" lon="-6.879259776324034">
 <ele>211.95703125</ele>
 <time>2020-07-23T09:42:15Z</time>
 </trkpt>
 <trkpt lat="62.202480537816882" lon="-6.879051569849253">
 <ele>210.4609375</ele>
 <time>2020-07-23T09:42:32Z</time>
 </trkpt>
 <trkpt lat="62.202518591657281" lon="-6.878915531560779">
 <ele>208.05078125</ele>
 <time>2020-07-23T09:42:57Z</time>
 </trkpt>
 <trkpt lat="62.202468048781157" lon="-6.878778906539083">
 <ele>208.546875</ele>
 <time>2020-07-23T09:43:41Z</time>
 </trkpt>
 <trkpt lat="62.202409040182829" lon="-6.878624008968473">
 <ele>209.12109375</ele>
 <time>2020-07-23T09:43:52Z</time>
 </trkpt>
 <trkpt lat="62.202343326061964" lon="-6.878481432795525">
 <ele>209.9609375</ele>
 <time>2020-07-23T09:44:09Z</time>
 </trkpt>
 <trkpt lat="62.202278701588511" lon="-6.878334162756801">
 <ele>210.671875</ele>
 <time>2020-07-23T09:44:21Z</time>
 </trkpt>
 <trkpt lat="62.202221704646945" lon="-6.878256294876337">
 <ele>211.53515625</ele>
 <time>2020-07-23T09:44:37Z</time>
 </trkpt>
 <trkpt lat="62.202195134013891" lon="-6.878067785874009">
 <ele>209.8984375</ele>
 <time>2020-07-23T09:44:55Z</time>
 </trkpt>
 <trkpt lat="62.20215942710638" lon="-6.877873074263334">
 <ele>208.4453125</ele>
 <time>2020-07-23T09:45:07Z</time>
 </trkpt>
 <trkpt lat="62.202156661078334" lon="-6.877654558047652">
 <ele>205.66015625</ele>
 <time>2020-07-23T09:45:19Z</time>
 </trkpt>
 <trkpt lat="62.202126821503043" lon="-6.877464624121785">
 <ele>204.05078125</ele>
 <time>2020-07-23T09:45:28Z</time>
 </trkpt>
 <trkpt lat="62.202096479013562" lon="-6.877271672710776">
 <ele>202.1875</ele>
 <time>2020-07-23T09:45:38Z</time>
 </trkpt>
 <trkpt lat="62.202047947794199" lon="-6.87709104269743">
 <ele>201.1015625</ele>
 <time>2020-07-23T09:45:48Z</time>
 </trkpt>
 <trkpt lat="62.201976031064987" lon="-6.876965565606952">
 <ele>201.5</ele>
 <time>2020-07-23T09:45:58Z</time>
 </trkpt>
 <trkpt lat="62.201914675533772" lon="-6.876831706613302">
 <ele>201.3984375</ele>
 <time>2020-07-23T09:46:07Z</time>
 </trkpt>
 <trkpt lat="62.201881986111403" lon="-6.876624170690775">
 <ele>199.26171875</ele>
 <time>2020-07-23T09:46:17Z</time>
 </trkpt>
 <trkpt lat="62.201827755197883" lon="-6.876484695822001">
 <ele>198.65234375</ele>
 <time>2020-07-23T09:46:33Z</time>
 </trkpt>
 <trkpt lat="62.20176606439054" lon="-6.876341113820672">
 <ele>198.1796875</ele>
 <time>2020-07-23T09:46:43Z</time>
 </trkpt>
 <trkpt lat="62.20168492756784" lon="-6.876242207363248">
 <ele>198.9765625</ele>
 <time>2020-07-23T09:46:56Z</time>
 </trkpt>
 <trkpt lat="62.201619716361165" lon="-6.876113712787628">
 <ele>198.8046875</ele>
 <time>2020-07-23T09:47:10Z</time>
 </trkpt>
 <trkpt lat="62.20157939940691" lon="-6.875939117744565">
 <ele>197.125</ele>
 <time>2020-07-23T09:47:28Z</time>
 </trkpt>
 <trkpt lat="62.201527347788215" lon="-6.875650444999337">
 <ele>192.98828125</ele>
 <time>2020-07-23T09:48:07Z</time>
 </trkpt>
 <trkpt lat="62.201481331139803" lon="-6.875489093363285">
 <ele>190.7109375</ele>
 <time>2020-07-23T09:48:21Z</time>
 </trkpt>
 <trkpt lat="62.20141863450408" lon="-6.87534861266613">
 <ele>189.31640625</ele>
 <time>2020-07-23T09:48:30Z</time>
 </trkpt>
 <trkpt lat="62.201354261487722" lon="-6.875190446153283">
 <ele>187.51953125</ele>
 <time>2020-07-23T09:48:43Z</time>
 </trkpt>
 <trkpt lat="62.201294079422951" lon="-6.875041918829083">
 <ele>185.765625</ele>
 <time>2020-07-23T09:48:55Z</time>
 </trkpt>
 <trkpt lat="62.20122660510242" lon="-6.874905880540609">
 <ele>184.7734375</ele>
 <time>2020-07-23T09:49:11Z</time>
 </trkpt>
 <trkpt lat="62.201162399724126" lon="-6.874737488105893">
 <ele>183.421875</ele>
 <time>2020-07-23T09:49:31Z</time>
 </trkpt>
 <trkpt lat="62.201128453016281" lon="-6.874556774273515">
 <ele>181.1015625</ele>
 <time>2020-07-23T09:49:45Z</time>
 </trkpt>
 <trkpt lat="62.201082855463028" lon="-6.874393410980701">
 <ele>179.30859375</ele>
 <time>2020-07-23T09:50:01Z</time>
 </trkpt>
 <trkpt lat="62.201039101928473" lon="-6.874212697148323">
 <ele>177.12890625</ele>
 <time>2020-07-23T09:50:18Z</time>
 </trkpt>
 <trkpt lat="62.201011776924133" lon="-6.874028295278549">
 <ele>174.40234375</ele>
 <time>2020-07-23T09:50:30Z</time>
 </trkpt>
 <trkpt lat="62.201020745560527" lon="-6.873844480141997">
 <ele>170.86328125</ele>
 <time>2020-07-23T09:50:48Z</time>
 </trkpt>
 <trkpt lat="62.201012782752514" lon="-6.873668795451522">
 <ele>167.80859375</ele>
 <time>2020-07-23T09:50:59Z</time>
 </trkpt>
 <trkpt lat="62.201061230152845" lon="-6.873516915366054">
 <ele>164.16015625</ele>
 <time>2020-07-23T09:51:16Z</time>
 </trkpt>
 <trkpt lat="62.20102678053081" lon="-6.873372327536345">
 <ele>162.1484375</ele>
 <time>2020-07-23T09:51:28Z</time>
 </trkpt>
 <trkpt lat="62.200959473848343" lon="-6.873233523219824">
 <ele>161.1015625</ele>
 <time>2020-07-23T09:51:39Z</time>
 </trkpt>
 <trkpt lat="62.200944637879729" lon="-6.873143585398793">
 <ele>160.09765625</ele>
 <time>2020-07-23T09:52:21Z</time>
 </trkpt>
 <trkpt lat="62.200934160500765" lon="-6.873089103028178">
 <ele>159.50390625</ele>
 <time>2020-07-23T09:53:42Z</time>
 </trkpt>
 <trkpt lat="62.200915468856692" lon="-6.872893217951059">
 <ele>157.04296875</ele>
 <time>2020-07-23T09:53:54Z</time>
 </trkpt>
 <trkpt lat="62.200862998142838" lon="-6.872741337865591">
 <ele>155.62109375</ele>
 <time>2020-07-23T09:54:02Z</time>
 </trkpt>
 <trkpt lat="62.200807342305779" lon="-6.872586272656918">
 <ele>154.09765625</ele>
 <time>2020-07-23T09:54:12Z</time>
 </trkpt>
 <trkpt lat="62.200781777501106" lon="-6.872385106980801">
 <ele>151.2734375</ele>
 <time>2020-07-23T09:54:30Z</time>
 </trkpt>
 <trkpt lat="62.200717739760876" lon="-6.872242446988821">
 <ele>149.71484375</ele>
 <time>2020-07-23T09:54:56Z</time>
 </trkpt>
 <trkpt lat="62.200660994276404" lon="-6.872082352638245">
 <ele>147.83203125</ele>
 <time>2020-07-23T09:55:14Z</time>
 </trkpt>
 <trkpt lat="62.200631238520145" lon="-6.87191161327064">
 <ele>145.4609375</ele>
 <time>2020-07-23T09:55:26Z</time>
 </trkpt>
 <trkpt lat="62.200547000393271" lon="-6.871798457577825">
 <ele>144.80859375</ele>
 <time>2020-07-23T09:55:44Z</time>
 </trkpt>
 <trkpt lat="62.200465863570571" lon="-6.871736263856292">
 <ele>144.96484375</ele>
 <time>2020-07-23T09:55:56Z</time>
 </trkpt>
 <trkpt lat="62.200385145843029" lon="-6.871642470359802">
 <ele>144.1171875</ele>
 <time>2020-07-23T09:56:13Z</time>
 </trkpt>
 <trkpt lat="62.200311804190278" lon="-6.871518921107054">
 <ele>142.4765625</ele>
 <time>2020-07-23T09:56:25Z</time>
 </trkpt>
 <trkpt lat="62.200242402032018" lon="-6.871373662725091">
 <ele>140.51171875</ele>
 <time>2020-07-23T09:56:40Z</time>
 </trkpt>
 <trkpt lat="62.200178699567914" lon="-6.871230835095048">
 <ele>138.58984375</ele>
 <time>2020-07-23T09:57:12Z</time>
 </trkpt>
 <trkpt lat="62.20012572593987" lon="-6.871078871190548">
 <ele>136.5078125</ele>
 <time>2020-07-23T09:57:24Z</time>
 </trkpt>
 <trkpt lat="62.200050456449389" lon="-6.870952975004911">
 <ele>134.9453125</ele>
 <time>2020-07-23T09:57:34Z</time>
 </trkpt>
 <trkpt lat="62.19996890053153" lon="-6.870844094082713">
 <ele>133.6953125</ele>
 <time>2020-07-23T09:57:49Z</time>
 </trkpt>
 <trkpt lat="62.199919614940882" lon="-6.870708391070366">
 <ele>132.0078125</ele>
 <time>2020-07-23T09:58:06Z</time>
 </trkpt>
 <trkpt lat="62.199869239702821" lon="-6.870544776320458">
 <ele>129.9453125</ele>
 <time>2020-07-23T09:58:16Z</time>
 </trkpt>
 <trkpt lat="62.199831772595644" lon="-6.870369929820299">
 <ele>127.65234375</ele>
 <time>2020-07-23T09:58:27Z</time>
 </trkpt>
 <trkpt lat="62.199774272739887" lon="-6.870214529335499">
 <ele>125.69140625</ele>
 <time>2020-07-23T09:58:44Z</time>
 </trkpt>
 <trkpt lat="62.199697243049741" lon="-6.870112689211965">
 <ele>124.5390625</ele>
 <time>2020-07-23T09:58:57Z</time>
 </trkpt>
 <trkpt lat="62.199637480080128" lon="-6.869959216564894">
 <ele>122.66796875</ele>
 <time>2020-07-23T09:59:08Z</time>
 </trkpt>
 <trkpt lat="62.19957017339766" lon="-6.86983491294086">
 <ele>121.55859375</ele>
 <time>2020-07-23T09:59:19Z</time>
 </trkpt>
 <trkpt lat="62.199520217254758" lon="-6.869648834690452">
 <ele>119.7109375</ele>
 <time>2020-07-23T09:59:29Z</time>
 </trkpt>
 <trkpt lat="62.199475290253758" lon="-6.869495362043381">
 <ele>118.18359375</ele>
 <time>2020-07-23T09:59:38Z</time>
 </trkpt>
 <trkpt lat="62.199432458728552" lon="-6.869357647374272">
 <ele>116.80859375</ele>
 <time>2020-07-23T09:59:47Z</time>
 </trkpt>
 <trkpt lat="62.199364732950926" lon="-6.869192607700825">
 <ele>115.14453125</ele>
 <time>2020-07-23T09:59:57Z</time>
 </trkpt>
 <trkpt lat="62.1993229072541" lon="-6.868985239416361">
 <ele>113.36328125</ele>
 <time>2020-07-23T10:00:06Z</time>
 </trkpt>
 <trkpt lat="62.199273873120546" lon="-6.868796395137906">
 <ele>111.81640625</ele>
 <time>2020-07-23T10:00:15Z</time>
 </trkpt>
 <trkpt lat="62.199215702712536" lon="-6.868633031845093">
 <ele>110.49609375</ele>
 <time>2020-07-23T10:00:24Z</time>
 </trkpt>
 <trkpt lat="62.199138421565294" lon="-6.868474781513214">
 <ele>109.234375</ele>
 <time>2020-07-23T10:00:34Z</time>
 </trkpt>
 <trkpt lat="62.1991519164294" lon="-6.868300270289183">
 <ele>107.8828125</ele>
 <time>2020-07-23T10:00:49Z</time>
 </trkpt>
 <trkpt lat="62.199215618893504" lon="-6.868190886452794">
 <ele>107.0234375</ele>
 <time>2020-07-23T10:01:19Z</time>
 </trkpt>
 <trkpt lat="62.199256857857108" lon="-6.868012016639113">
 <ele>105.6015625</ele>
 <time>2020-07-23T10:01:57Z</time>
 </trkpt>
 <trkpt lat="62.19931804575026" lon="-6.867869775742292">
 <ele>104.4375</ele>
 <time>2020-07-23T10:02:31Z</time>
 </trkpt>
 <trkpt lat="62.19926624558866" lon="-6.867706077173352">
 <ele>103.17578125</ele>
 <time>2020-07-23T10:02:45Z</time>
 </trkpt>
 <trkpt lat="62.199303628876805" lon="-6.867523184046149">
 <ele>101.68359375</ele>
 <time>2020-07-23T10:03:06Z</time>
 </trkpt>
 <trkpt lat="62.199347885325551" lon="-6.867366442456842">
 <ele>100</ele>
 <time>2020-07-23T10:03:26Z</time>
 </trkpt>
 <trkpt lat="62.199362386018038" lon="-6.867187572643161">
 <ele>97.953125</ele>
 <time>2020-07-23T10:03:50Z</time>
 </trkpt>
 <trkpt lat="62.199331372976303" lon="-6.867057653144002">
 <ele>96.55859375</ele>
 <time>2020-07-23T10:04:13Z</time>
 </trkpt>
 <trkpt lat="62.199282255023718" lon="-6.86691876500845">
 <ele>95.13671875</ele>
 <time>2020-07-23T10:04:30Z</time>
 </trkpt>
 <trkpt lat="62.199267167598009" lon="-6.866724221035838">
 <ele>93.03125</ele>
 <time>2020-07-23T10:04:45Z</time>
 </trkpt>
 <trkpt lat="62.199278818443418" lon="-6.866529006510973">
 <ele>90.60546875</ele>
 <time>2020-07-23T10:04:58Z</time>
 </trkpt>
 <trkpt lat="62.199230119585991" lon="-6.866353489458561">
 <ele>88.46875</ele>
 <time>2020-07-23T10:05:13Z</time>
 </trkpt>
 <trkpt lat="62.199179073795676" lon="-6.866190880537033">
 <ele>86.45703125</ele>
 <time>2020-07-23T10:05:22Z</time>
 </trkpt>
 <trkpt lat="62.199150742962956" lon="-6.866010585799813">
 <ele>84.12109375</ele>
 <time>2020-07-23T10:05:31Z</time>
 </trkpt>
 <trkpt lat="62.199122831225395" lon="-6.865830877795816">
 <ele>81.765625</ele>
 <time>2020-07-23T10:05:40Z</time>
 </trkpt>
 <trkpt lat="62.199077736586332" lon="-6.865642033517361">
 <ele>79.7421875</ele>
 <time>2020-07-23T10:05:49Z</time>
 </trkpt>
 <trkpt lat="62.199062397703528" lon="-6.865444052964449">
 <ele>77.62109375</ele>
 <time>2020-07-23T10:05:57Z</time>
 </trkpt>
 <trkpt lat="62.19905074685812" lon="-6.865247748792172">
 <ele>75.515625</ele>
 <time>2020-07-23T10:06:06Z</time>
 </trkpt>
 <trkpt lat="62.198980757966638" lon="-6.865129061043263">
 <ele>74.31640625</ele>
 <time>2020-07-23T10:06:17Z</time>
 </trkpt>
 <trkpt lat="62.198937172070146" lon="-6.864973492920399">
 <ele>72.6796875</ele>
 <time>2020-07-23T10:06:26Z</time>
 </trkpt>
 <trkpt lat="62.198881013318896" lon="-6.864799819886684">
 <ele>70.74609375</ele>
 <time>2020-07-23T10:06:35Z</time>
 </trkpt>
 <trkpt lat="62.198840864002705" lon="-6.864606449380517">
 <ele>68.5</ele>
 <time>2020-07-23T10:06:51Z</time>
 </trkpt>
 <trkpt lat="62.198827788233757" lon="-6.864404110237956">
 <ele>66.11328125</ele>
 <time>2020-07-23T10:07:08Z</time>
 </trkpt>
 <trkpt lat="62.198808845132589" lon="-6.864197663962841">
 <ele>63.64453125</ele>
 <time>2020-07-23T10:07:18Z</time>
 </trkpt>
 <trkpt lat="62.198737347498536" lon="-6.864033881574869">
 <ele>62.33203125</ele>
 <time>2020-07-23T10:07:32Z</time>
 </trkpt>
 <trkpt lat="62.198781184852123" lon="-6.863903040066361">
 <ele>61.2421875</ele>
 <time>2020-07-23T10:07:50Z</time>
 </trkpt>
 <trkpt lat="62.198818819597363" lon="-6.863666754215956">
 <ele>59.62890625</ele>
 <time>2020-07-23T10:08:03Z</time>
 </trkpt>
 <trkpt lat="62.198882773518562" lon="-6.863622833043337">
 <ele>59.46484375</ele>
 <time>2020-07-23T10:08:20Z</time>
 </trkpt>
 <trkpt lat="62.198894675821066" lon="-6.863399622961879">
 <ele>57.88671875</ele>
 <time>2020-07-23T10:08:34Z</time>
 </trkpt>
 <trkpt lat="62.198869530111551" lon="-6.863208180293441">
 <ele>56.578125</ele>
 <time>2020-07-23T10:08:45Z</time>
 </trkpt>
 <trkpt lat="62.19883575104177" lon="-6.863016402348876">
 <ele>55.34765625</ele>
 <time>2020-07-23T10:09:10Z</time>
 </trkpt>
 <trkpt lat="62.198793757706881" lon="-6.862849770113826">
 <ele>54.24609375</ele>
 <time>2020-07-23T10:09:26Z</time>
 </trkpt>
 <trkpt lat="62.198802893981338" lon="-6.862687664106488">
 <ele>53.29296875</ele>
 <time>2020-07-23T10:09:40Z</time>
 </trkpt>
 <trkpt lat="62.198784202337265" lon="-6.862511895596981">
 <ele>52.1953125</ele>
 <time>2020-07-23T10:09:56Z</time>
 </trkpt>
 <trkpt lat="62.198783531785011" lon="-6.862312573939562">
 <ele>50.99609375</ele>
 <time>2020-07-23T10:10:08Z</time>
 </trkpt>
 <trkpt lat="62.198742544278502" lon="-6.862144432961941">
 <ele>49.90625</ele>
 <time>2020-07-23T10:10:23Z</time>
 </trkpt>
 <trkpt lat="62.198672639206052" lon="-6.862046364694834">
 <ele>49.1875</ele>
 <time>2020-07-23T10:10:34Z</time>
 </trkpt>
 <trkpt lat="62.198597118258476" lon="-6.861874451860786">
 <ele>47.97265625</ele>
 <time>2020-07-23T10:10:44Z</time>
 </trkpt>
 <trkpt lat="62.198549760505557" lon="-6.861715698614717">
 <ele>46.87109375</ele>
 <time>2020-07-23T10:10:54Z</time>
 </trkpt>
 <trkpt lat="62.198495445773005" lon="-6.861539678648114">
 <ele>45.44140625</ele>
 <time>2020-07-23T10:11:03Z</time>
 </trkpt>
 <trkpt lat="62.198441801592708" lon="-6.861374387517571">
 <ele>43.9453125</ele>
 <time>2020-07-23T10:11:14Z</time>
 </trkpt>
 <trkpt lat="62.198409363627434" lon="-6.861175065860152">
 <ele>42.19921875</ele>
 <time>2020-07-23T10:11:25Z</time>
 </trkpt>
 <trkpt lat="62.198350019752979" lon="-6.860983204096556">
 <ele>40.359375</ele>
 <time>2020-07-23T10:11:35Z</time>
 </trkpt>
 <trkpt lat="62.19831196591258" lon="-6.860835766419768">
 <ele>38.9375</ele>
 <time>2020-07-23T10:11:51Z</time>
 </trkpt>
 <trkpt lat="62.198252957314253" lon="-6.860987143591046">
 <ele>39.97265625</ele>
 <time>2020-07-23T10:12:00Z</time>
 </trkpt>
 <trkpt lat="62.198158409446478" lon="-6.861025113612413">
 <ele>39.90625</ele>
 <time>2020-07-23T10:12:15Z</time>
 </trkpt>
 <trkpt lat="62.198083391413093" lon="-6.860896786674857">
 <ele>38.4140625</ele>
 <time>2020-07-23T10:12:26Z</time>
 </trkpt>
 <trkpt lat="62.198016168549657" lon="-6.860746247693896">
 <ele>36.41796875</ele>
 <time>2020-07-23T10:12:36Z</time>
 </trkpt>
 <trkpt lat="62.19798649661243" lon="-6.860573161393404">
 <ele>34</ele>
 <time>2020-07-23T10:12:46Z</time>
 </trkpt>
 <trkpt lat="62.197929415851831" lon="-6.860461682081223">
 <ele>32.265625</ele>
 <time>2020-07-23T10:12:59Z</time>
 </trkpt>
 <trkpt lat="62.197845261543989" lon="-6.860455060377717">
 <ele>32.109375</ele>
 <time>2020-07-23T10:13:10Z</time>
 </trkpt>
 <trkpt lat="62.197761358693242" lon="-6.86042538844049">
 <ele>31.66796875</ele>
 <time>2020-07-23T10:13:28Z</time>
 </trkpt>
 <trkpt lat="62.197743337601423" lon="-6.860587829723954">
 <ele>33.66796875</ele>
 <time>2020-07-23T10:13:48Z</time>
 </trkpt>
 <trkpt lat="62.197701092809439" lon="-6.860413150861859">
 <ele>31.4765625</ele>
 <time>2020-07-23T10:14:11Z</time>
 </trkpt>
 <trkpt lat="62.197661278769374" lon="-6.860238471999764">
 <ele>29.35546875</ele>
 <time>2020-07-23T10:14:20Z</time>
 </trkpt>
 <trkpt lat="62.197597995400429" lon="-6.860089357942343">
 <ele>27.609375</ele>
 <time>2020-07-23T10:14:29Z</time>
 </trkpt>
 <trkpt lat="62.197541669011116" lon="-6.859938651323319">
 <ele>26.125</ele>
 <time>2020-07-23T10:14:37Z</time>
 </trkpt>
 <trkpt lat="62.197474613785744" lon="-6.859763469547033">
 <ele>24.9453125</ele>
 <time>2020-07-23T10:14:47Z</time>
 </trkpt>
 <trkpt lat="62.197414599359035" lon="-6.859585270285606">
 <ele>23.734375</ele>
 <time>2020-07-23T10:14:56Z</time>
 </trkpt>
 <trkpt lat="62.197436643764377" lon="-6.859389133751392">
 <ele>22.29296875</ele>
 <time>2020-07-23T10:15:04Z</time>
 </trkpt>
 <trkpt lat="62.197428261861205" lon="-6.859176401048899">
 <ele>20.76953125</ele>
 <time>2020-07-23T10:15:14Z</time>
 </trkpt>
 <trkpt lat="62.197372857481241" lon="-6.859079673886299">
 <ele>20.5546875</ele>
 <time>2020-07-23T10:17:05Z</time>
 </trkpt>
 <trkpt lat="62.197274873033166" lon="-6.859084535390139">
 <ele>20.66015625</ele>
 <time>2020-07-23T10:17:41Z</time>
 </trkpt>
 <trkpt lat="62.197181833907962" lon="-6.859127450734377">
 <ele>20.84765625</ele>
 <time>2020-07-23T10:17:53Z</time>
 </trkpt>
 <trkpt lat="62.197105558589101" lon="-6.859094426035881">
 <ele>20.85546875</ele>
 <time>2020-07-23T10:18:15Z</time>
 </trkpt>
 <trkpt lat="62.197081334888935" lon="-6.858890829607844">
 <ele>20.421875</ele>
 <time>2020-07-23T10:18:23Z</time>
 </trkpt>
 <trkpt lat="62.197033138945699" lon="-6.858700476586819">
 <ele>20.02734375</ele>
 <time>2020-07-23T10:18:30Z</time>
 </trkpt>
 <trkpt lat="62.196977818384767" lon="-6.858518170192838">
 <ele>19.58203125</ele>
 <time>2020-07-23T10:18:37Z</time>
 </trkpt>
 <trkpt lat="62.196936495602131" lon="-6.858298480510712">
 <ele>18.97265625</ele>
 <time>2020-07-23T10:18:44Z</time>
 </trkpt>
 <trkpt lat="62.196893244981766" lon="-6.858088513836265">
 <ele>18.71875</ele>
 <time>2020-07-23T10:18:51Z</time>
 </trkpt>
 <trkpt lat="62.196857118979096" lon="-6.857885755598545">
 <ele>18.4765625</ele>
 <time>2020-07-23T10:18:57Z</time>
 </trkpt>
 <trkpt lat="62.196848150342703" lon="-6.85769104398787">
 <ele>18.2421875</ele>
 <time>2020-07-23T10:19:03Z</time>
 </trkpt>
 <trkpt lat="62.196831051260233" lon="-6.857481831684709">
 <ele>17.9921875</ele>
 <time>2020-07-23T10:19:09Z</time>
 </trkpt>
 <trkpt lat="62.196816131472588" lon="-6.857284940779209">
 <ele>17.75390625</ele>
 <time>2020-07-23T10:19:15Z</time>
 </trkpt>
 <trkpt lat="62.196807833388448" lon="-6.857066592201591">
 <ele>17.4921875</ele>
 <time>2020-07-23T10:19:22Z</time>
 </trkpt>
 <trkpt lat="62.196781849488616" lon="-6.856859475374222">
 <ele>17.24609375</ele>
 <time>2020-07-23T10:19:29Z</time>
 </trkpt>
 <trkpt lat="62.196733485907316" lon="-6.856744224205613">
 <ele>17.10546875</ele>
 <time>2020-07-23T10:22:00Z</time>
 </trkpt>
 <trkpt lat="62.196628712117672" lon="-6.856699883937836">
 <ele>17.0546875</ele>
 <time>2020-07-23T10:22:07Z</time>
 </trkpt>
 <trkpt lat="62.196541540324688" lon="-6.856676666066051">
 <ele>17.0234375</ele>
 <time>2020-07-23T10:22:13Z</time>
 </trkpt>
 <trkpt lat="62.196455458179116" lon="-6.856628134846687">
 <ele>16.94140625</ele>
 <time>2020-07-23T10:22:19Z</time>
 </trkpt>
 <trkpt lat="62.196365939453244" lon="-6.856569964438677">
 <ele>16.8046875</ele>
 <time>2020-07-23T10:22:25Z</time>
 </trkpt>
 <trkpt lat="62.196279019117355" lon="-6.856516655534506">
 <ele>16.66796875</ele>
 <time>2020-07-23T10:22:31Z</time>
 </trkpt>
 <trkpt lat="62.196187991648912" lon="-6.856447923928499">
 <ele>16.57421875</ele>
 <time>2020-07-23T10:22:37Z</time>
 </trkpt>
 <trkpt lat="62.196106016635895" lon="-6.856350777670741">
 <ele>16.39453125</ele>
 <time>2020-07-23T10:22:43Z</time>
 </trkpt>
 <trkpt lat="62.19601976685226" lon="-6.85627743601799">
 <ele>16.2578125</ele>
 <time>2020-07-23T10:22:49Z</time>
 </trkpt>
 <trkpt lat="62.195935109630227" lon="-6.856191353872418">
 <ele>16.0625</ele>
 <time>2020-07-23T10:22:55Z</time>
 </trkpt>
 <trkpt lat="62.195835029706359" lon="-6.856107199564576">
 <ele>15.86328125</ele>
 <time>2020-07-23T10:23:02Z</time>
 </trkpt>
 <trkpt lat="62.195754563435912" lon="-6.856005191802979">
 <ele>15.57421875</ele>
 <time>2020-07-23T10:23:08Z</time>
 </trkpt>
 <trkpt lat="62.195658758282661" lon="-6.855924222618341">
 <ele>15.33203125</ele>
 <time>2020-07-23T10:23:15Z</time>
 </trkpt>
 <trkpt lat="62.195557756349444" lon="-6.855824394151568">
 <ele>15.00390625</ele>
 <time>2020-07-23T10:23:22Z</time>
 </trkpt>
 <trkpt lat="62.195458682253957" lon="-6.855738898739219">
 <ele>14.796875</ele>
 <time>2020-07-23T10:23:29Z</time>
 </trkpt>
 <trkpt lat="62.195362122729421" lon="-6.85565147548914">
 <ele>15.1171875</ele>
 <time>2020-07-23T10:23:36Z</time>
 </trkpt>
 <trkpt lat="62.195265730842948" lon="-6.855553826317191">
 <ele>15.53125</ele>
 <time>2020-07-23T10:23:43Z</time>
 </trkpt>
 <trkpt lat="62.195179229602218" lon="-6.855472018942237">
 <ele>15.890625</ele>
 <time>2020-07-23T10:23:49Z</time>
 </trkpt>
 <trkpt lat="62.195083508267999" lon="-6.855360539630055">
 <ele>16.20703125</ele>
 <time>2020-07-23T10:23:56Z</time>
 </trkpt>
 <trkpt lat="62.194999689236283" lon="-6.855241768062115">
 <ele>16.39453125</ele>
 <time>2020-07-23T10:24:03Z</time>
 </trkpt>
 <trkpt lat="62.194911008700728" lon="-6.855126852169633">
 <ele>16.59765625</ele>
 <time>2020-07-23T10:24:10Z</time>
 </trkpt>
 <trkpt lat="62.194839091971517" lon="-6.854993160814047">
 <ele>16.60546875</ele>
 <time>2020-07-23T10:24:16Z</time>
 </trkpt>
 <trkpt lat="62.194761224091053" lon="-6.854862738400698">
 <ele>16.5390625</ele>
 <time>2020-07-23T10:24:23Z</time>
 </trkpt>
 <trkpt lat="62.194671537727118" lon="-6.854728208854795">
 <ele>16.421875</ele>
 <time>2020-07-23T10:24:30Z</time>
 </trkpt>
 <trkpt lat="62.194593502208591" lon="-6.854601558297873">
 <ele>16.25</ele>
 <time>2020-07-23T10:24:36Z</time>
 </trkpt>
 <trkpt lat="62.19452116638422" lon="-6.854460658505559">
 <ele>16.23828125</ele>
 <time>2020-07-23T10:24:43Z</time>
 </trkpt>
 <trkpt lat="62.194443298503757" lon="-6.854323614388704">
 <ele>16.23828125</ele>
 <time>2020-07-23T10:24:50Z</time>
 </trkpt>
 <trkpt lat="62.194364340975881" lon="-6.854190258309245">
 <ele>16.20703125</ele>
 <time>2020-07-23T10:24:57Z</time>
 </trkpt>
 <trkpt lat="62.194286389276385" lon="-6.854048101231456">
 <ele>16.26953125</ele>
 <time>2020-07-23T10:25:04Z</time>
 </trkpt>
 <trkpt lat="62.194208689033985" lon="-6.853913068771362">
 <ele>16.328125</ele>
 <time>2020-07-23T10:25:11Z</time>
 </trkpt>
 <trkpt lat="62.194131324067712" lon="-6.853795973584056">
 <ele>16.375</ele>
 <time>2020-07-23T10:25:18Z</time>
 </trkpt>
 <trkpt lat="62.19404716975987" lon="-6.853654319420457">
 <ele>16.26953125</ele>
 <time>2020-07-23T10:25:25Z</time>
 </trkpt>
 <trkpt lat="62.193955136463046" lon="-6.853533536195755">
 <ele>16.21484375</ele>
 <time>2020-07-23T10:25:32Z</time>
 </trkpt>
 <trkpt lat="62.193876598030329" lon="-6.85338182374835">
 <ele>15.8203125</ele>
 <time>2020-07-23T10:25:39Z</time>
 </trkpt>
 <trkpt lat="62.193797724321485" lon="-6.853234888985753">
 <ele>15.453125</ele>
 <time>2020-07-23T10:25:46Z</time>
 </trkpt>
 <trkpt lat="62.193711474537849" lon="-6.853088457137346">
 <ele>15.28515625</ele>
 <time>2020-07-23T10:25:53Z</time>
 </trkpt>
 <trkpt lat="62.193635953590274" lon="-6.852956777438521">
 <ele>15.14453125</ele>
 <time>2020-07-23T10:26:00Z</time>
 </trkpt>
 <trkpt lat="62.193556157872081" lon="-6.852817134931684">
 <ele>14.96484375</ele>
 <time>2020-07-23T10:26:07Z</time>
 </trkpt>
 <trkpt lat="62.193479631096125" lon="-6.852677073329687">
 <ele>14.7265625</ele>
 <time>2020-07-23T10:26:14Z</time>
 </trkpt>
 <trkpt lat="62.193400673568249" lon="-6.852554110810161">
 <ele>14.56640625</ele>
 <time>2020-07-23T10:26:21Z</time>
 </trkpt>
 <trkpt lat="62.193311490118504" lon="-6.85240994207561">
 <ele>14.4296875</ele>
 <time>2020-07-23T10:26:28Z</time>
 </trkpt>
 <trkpt lat="62.193230353295803" lon="-6.852272814139724">
 <ele>14.375</ele>
 <time>2020-07-23T10:26:35Z</time>
 </trkpt>
 <trkpt lat="62.193156173452735" lon="-6.852123448625207">
 <ele>14.2578125</ele>
 <time>2020-07-23T10:26:42Z</time>
 </trkpt>
 <trkpt lat="62.193072689697146" lon="-6.851988835260272">
 <ele>14.29296875</ele>
 <time>2020-07-23T10:26:49Z</time>
 </trkpt>
 <trkpt lat="62.192996330559254" lon="-6.851863525807858">
 <ele>14.34765625</ele>
 <time>2020-07-23T10:26:56Z</time>
 </trkpt>
 <trkpt lat="62.192922988906503" lon="-6.851739808917046">
 <ele>14.41796875</ele>
 <time>2020-07-23T10:27:03Z</time>
 </trkpt>
 <trkpt lat="62.192848809063435" lon="-6.851613409817219">
 <ele>14.4375</ele>
 <time>2020-07-23T10:27:10Z</time>
 </trkpt>
 <trkpt lat="62.192764570936561" lon="-6.851493129506707">
 <ele>14.46484375</ele>
 <time>2020-07-23T10:27:17Z</time>
 </trkpt>
 <trkpt lat="62.192683769389987" lon="-6.851364048197866">
 <ele>14.4296875</ele>
 <time>2020-07-23T10:27:24Z</time>
 </trkpt>
 <trkpt lat="62.192597519606352" lon="-6.851206300780177">
 <ele>14.29296875</ele>
 <time>2020-07-23T10:27:32Z</time>
 </trkpt>
 <trkpt lat="62.192519484087825" lon="-6.851089289411902">
 <ele>14.29296875</ele>
 <time>2020-07-23T10:27:40Z</time>
 </trkpt>
 <trkpt lat="62.192431809380651" lon="-6.850958280265331">
 <ele>14.296875</ele>
 <time>2020-07-23T10:27:54Z</time>
 </trkpt>
 <trkpt lat="62.19235553406179" lon="-6.850832300260663">
 <ele>14.23828125</ele>
 <time>2020-07-23T10:28:02Z</time>
 </trkpt>
 <trkpt lat="62.192340111359954" lon="-6.850773207843304">
 <ele>14.11328125</ele>
 <time>2020-07-23T10:29:29Z</time>
 </trkpt>
 <trkpt lat="62.192256627604365" lon="-6.850560642778873">
 <ele>13.91015625</ele>
 <time>2020-07-23T10:32:21Z</time>
 </trkpt>
 <trkpt lat="62.192181777209044" lon="-6.850435920059681">
 <ele>14.01171875</ele>
 <time>2020-07-23T10:32:30Z</time>
 </trkpt>
 <trkpt lat="62.192076249048114" lon="-6.850119670853019">
 <ele>13.71875</ele>
 <time>2020-07-23T10:32:48Z</time>
 </trkpt>
 <trkpt lat="62.191807692870498" lon="-6.84969998896122">
 <ele>14.45703125</ele>
 <time>2020-07-23T10:33:32Z</time>
 </trkpt>
 <trkpt lat="62.191545842215419" lon="-6.849190453067422">
 <ele>14.82421875</ele>
 <time>2020-07-23T10:38:46Z</time>
 </trkpt>
 <trkpt lat="62.191359177231789" lon="-6.848726933822036">
 <ele>14.72265625</ele>
 <time>2020-07-23T10:44:02Z</time>
 </trkpt>
 <trkpt lat="62.191340737044811" lon="-6.84863674454391">
 <ele>14.5546875</ele>
 <time>2020-07-23T10:44:27Z</time>
 </trkpt>
 <trkpt lat="62.191173182800412" lon="-6.848128465935588">
 <ele>14.1015625</ele>
 <time>2020-07-23T10:45:43Z</time>
 </trkpt>
 <trkpt lat="62.190949721261859" lon="-6.848090495914221">
 <ele>15.76171875</ele>
 <time>2020-07-23T10:49:19Z</time>
 </trkpt>
 <trkpt lat="62.190914684906602" lon="-6.847993852570653">
 <ele>15.64453125</ele>
 <time>2020-07-23T10:49:46Z</time>
 </trkpt>
 <trkpt lat="62.190835140645504" lon="-6.848123352974653">
 <ele>16.82421875</ele>
 <time>2020-07-23T10:49:58Z</time>
 </trkpt>
 <trkpt lat="62.190743023529649" lon="-6.848128885030747">
 <ele>17.59765625</ele>
 <time>2020-07-23T10:50:08Z</time>
 </trkpt>
 <trkpt lat="62.190640848129988" lon="-6.848160903900862">
 <ele>18.5703125</ele>
 <time>2020-07-23T10:50:25Z</time>
 </trkpt>
 <trkpt lat="62.190540013834834" lon="-6.848150258883834">
 <ele>19.34375</ele>
 <time>2020-07-23T10:50:38Z</time>
 </trkpt>
 <trkpt lat="62.190465163439512" lon="-6.848277412354946">
 <ele>20.55859375</ele>
 <time>2020-07-23T10:50:55Z</time>
 </trkpt>
 <trkpt lat="62.190375812351704" lon="-6.84840951114893">
 <ele>22.34375</ele>
 <time>2020-07-23T10:51:06Z</time>
 </trkpt>
 <trkpt lat="62.190320659428835" lon="-6.848562648519874">
 <ele>23.90625</ele>
 <time>2020-07-23T10:51:16Z</time>
 </trkpt>
 <trkpt lat="62.190280510112643" lon="-6.848738919943571">
 <ele>25.38671875</ele>
 <time>2020-07-23T10:51:25Z</time>
 </trkpt>
 <trkpt lat="62.190263494849205" lon="-6.848935475572944">
 <ele>26.63671875</ele>
 <time>2020-07-23T10:51:33Z</time>
 </trkpt>
 <trkpt lat="62.190224016085267" lon="-6.849110908806324">
 <ele>28.13671875</ele>
 <time>2020-07-23T10:51:48Z</time>
 </trkpt>
 <trkpt lat="62.190206917002797" lon="-6.849265052005649">
 <ele>29.1953125</ele>
 <time>2020-07-23T10:52:11Z</time>
 </trkpt>
 <trkpt lat="62.190175736322999" lon="-6.849450543522835">
 <ele>30.6484375</ele>
 <time>2020-07-23T10:52:20Z</time>
 </trkpt>
 <trkpt lat="62.190150590613484" lon="-6.849642656743527">
 <ele>32.0546875</ele>
 <time>2020-07-23T10:52:31Z</time>
 </trkpt>
 <trkpt lat="62.190106669440866" lon="-6.84980551712215">
 <ele>33.6328125</ele>
 <time>2020-07-23T10:52:47Z</time>
 </trkpt>
 <trkpt lat="62.190059144049883" lon="-6.84977768920362">
 <ele>34.26953125</ele>
 <time>2020-07-23T10:53:05Z</time>
 </trkpt>
 <trkpt lat="62.189972558990121" lon="-6.849796129390597">
 <ele>35.80078125</ele>
 <time>2020-07-23T10:53:18Z</time>
 </trkpt>
 <trkpt lat="62.189904665574431" lon="-6.849826723337174">
 <ele>37.08984375</ele>
 <time>2020-07-23T10:53:36Z</time>
 </trkpt>
 <trkpt lat="62.189814392477274" lon="-6.84986368753016">
 <ele>38.796875</ele>
 <time>2020-07-23T10:53:53Z</time>
 </trkpt>
 <trkpt lat="62.189731327816844" lon="-6.849958570674062">
 <ele>40.73046875</ele>
 <time>2020-07-23T10:54:07Z</time>
 </trkpt>
 <trkpt lat="62.189636779949069" lon="-6.849926384165883">
 <ele>42.125</ele>
 <time>2020-07-23T10:54:21Z</time>
 </trkpt>
 <trkpt lat="62.189549272879958" lon="-6.849884977564216">
 <ele>43.55859375</ele>
 <time>2020-07-23T10:54:32Z</time>
 </trkpt>
 <trkpt lat="62.189452461898327" lon="-6.84981725178659">
 <ele>45.12890625</ele>
 <time>2020-07-23T10:54:49Z</time>
 </trkpt>
 <trkpt lat="62.189360009506345" lon="-6.849731002002955">
 <ele>46.49609375</ele>
 <time>2020-07-23T10:55:04Z</time>
 </trkpt>
 <trkpt lat="62.189267389476299" lon="-6.849705521017313">
 <ele>48.234375</ele>
 <time>2020-07-23T10:55:13Z</time>
 </trkpt>
 <trkpt lat="62.18917359597981" lon="-6.849657744169235">
 <ele>49.86328125</ele>
 <time>2020-07-23T10:55:26Z</time>
 </trkpt>
 <trkpt lat="62.189091956242919" lon="-6.849595131352544">
 <ele>51.15234375</ele>
 <time>2020-07-23T10:55:40Z</time>
 </trkpt>
 <trkpt lat="62.188990786671638" lon="-6.849574176594615">
 <ele>53.08984375</ele>
 <time>2020-07-23T10:55:54Z</time>
 </trkpt>
 <trkpt lat="62.18890093266964" lon="-6.849602172151208">
 <ele>55.09375</ele>
 <time>2020-07-23T10:56:10Z</time>
 </trkpt>
 <trkpt lat="62.188818706199527" lon="-6.84950745664537">
 <ele>56.203125</ele>
 <time>2020-07-23T10:56:26Z</time>
 </trkpt>
 <trkpt lat="62.188713764771819" lon="-6.849489016458392">
 <ele>58.44140625</ele>
 <time>2020-07-23T10:56:43Z</time>
 </trkpt>
 <trkpt lat="62.188641680404544" lon="-6.849388349801302">
 <ele>59.51171875</ele>
 <time>2020-07-23T10:56:56Z</time>
 </trkpt>
 <trkpt lat="62.188545204699039" lon="-6.849375106394291">
 <ele>61.6875</ele>
 <time>2020-07-23T10:57:11Z</time>
 </trkpt>
 <trkpt lat="62.188458116725087" lon="-6.849342836067081">
 <ele>63.50390625</ele>
 <time>2020-07-23T10:57:22Z</time>
 </trkpt>
 <trkpt lat="62.188363149762154" lon="-6.849300088360906">
 <ele>65.4140625</ele>
 <time>2020-07-23T10:57:36Z</time>
 </trkpt>
 <trkpt lat="62.188269440084696" lon="-6.849239571020007">
 <ele>67.13671875</ele>
 <time>2020-07-23T10:57:56Z</time>
 </trkpt>
 <trkpt lat="62.188182771205902" lon="-6.849156087264419">
 <ele>68.4921875</ele>
 <time>2020-07-23T10:58:06Z</time>
 </trkpt>
 <trkpt lat="62.188099203631282" lon="-6.849202942103148">
 <ele>70.76953125</ele>
 <time>2020-07-23T10:58:21Z</time>
 </trkpt>
 <trkpt lat="62.188011864200234" lon="-6.849194308742881">
 <ele>72.703125</ele>
 <time>2020-07-23T10:58:43Z</time>
 </trkpt>
 <trkpt lat="62.187921172007918" lon="-6.849216436967254">
 <ele>75.0234375</ele>
 <time>2020-07-23T10:59:05Z</time>
 </trkpt>
 <trkpt lat="62.187834670767188" lon="-6.849172934889793">
 <ele>76.83984375</ele>
 <time>2020-07-23T10:59:21Z</time>
 </trkpt>
 <trkpt lat="62.187757138162851" lon="-6.849104957655072">
 <ele>78.171875</ele>
 <time>2020-07-23T10:59:40Z</time>
 </trkpt>
 <trkpt lat="62.187666529789567" lon="-6.849053325131536">
 <ele>79.9375</ele>
 <time>2020-07-23T11:00:07Z</time>
 </trkpt>
 <trkpt lat="62.187571479007602" lon="-6.84902080334723">
 <ele>81.96484375</ele>
 <time>2020-07-23T11:00:25Z</time>
 </trkpt>
 <trkpt lat="62.187475254759192" lon="-6.848938912153244">
 <ele>83.48046875</ele>
 <time>2020-07-23T11:00:47Z</time>
 </trkpt>
 <trkpt lat="62.187428902834654" lon="-6.848957603797317">
 <ele>84.8046875</ele>
 <time>2020-07-23T11:03:59Z</time>
 </trkpt>
 <trkpt lat="62.187338462099433" lon="-6.84887227602303">
 <ele>86.0625</ele>
 <time>2020-07-23T11:04:09Z</time>
 </trkpt>
 <trkpt lat="62.18723863363266" lon="-6.848770519718528">
 <ele>87.29296875</ele>
 <time>2020-07-23T11:04:20Z</time>
 </trkpt>
 <trkpt lat="62.187139475718141" lon="-6.848682090640068">
 <ele>88.57421875</ele>
 <time>2020-07-23T11:04:45Z</time>
 </trkpt>
 <trkpt lat="62.187047693878412" lon="-6.848586872220039">
 <ele>89.75390625</ele>
 <time>2020-07-23T11:05:08Z</time>
 </trkpt>
 <trkpt lat="62.186958007514477" lon="-6.848547896370292">
 <ele>91.62109375</ele>
 <time>2020-07-23T11:05:21Z</time>
 </trkpt>
 <trkpt lat="62.186893215402961" lon="-6.848378079012036">
 <ele>91.12109375</ele>
 <time>2020-07-23T11:05:37Z</time>
 </trkpt>
 <trkpt lat="62.186820795759559" lon="-6.848253104835749">
 <ele>91.39453125</ele>
 <time>2020-07-23T11:05:48Z</time>
 </trkpt>
 <trkpt lat="62.186725325882435" lon="-6.848145313560963">
 <ele>92.42578125</ele>
 <time>2020-07-23T11:05:59Z</time>
 </trkpt>
 <trkpt lat="62.186643183231354" lon="-6.848050011321902">
 <ele>93.2109375</ele>
 <time>2020-07-23T11:06:10Z</time>
 </trkpt>
 <trkpt lat="62.186571434140205" lon="-6.847969461232424">
 <ele>93.875</ele>
 <time>2020-07-23T11:06:37Z</time>
 </trkpt>
 <trkpt lat="62.186476634815335" lon="-6.847981447353959">
 <ele>96.28125</ele>
 <time>2020-07-23T11:07:01Z</time>
 </trkpt>
 <trkpt lat="62.186388373374939" lon="-6.848039114847779">
 <ele>99.1796875</ele>
 <time>2020-07-23T11:07:13Z</time>
 </trkpt>
 <trkpt lat="62.186299692839384" lon="-6.848087143152952">
 <ele>101.9921875</ele>
 <time>2020-07-23T11:07:29Z</time>
 </trkpt>
 <trkpt lat="62.186205396428704" lon="-6.848153946921229">
 <ele>105.8046875</ele>
 <time>2020-07-23T11:07:45Z</time>
 </trkpt>
 <trkpt lat="62.186111016198993" lon="-6.848191246390343">
 <ele>109.390625</ele>
 <time>2020-07-23T11:07:59Z</time>
 </trkpt>
 <trkpt lat="62.186027951538563" lon="-6.848255787044764">
 <ele>113.01953125</ele>
 <time>2020-07-23T11:08:20Z</time>
 </trkpt>
 <trkpt lat="62.185935918241739" lon="-6.848320076242089">
 <ele>116.94921875</ele>
 <time>2020-07-23T11:08:37Z</time>
 </trkpt>
 <trkpt lat="62.185849500820041" lon="-6.848337342962623">
 <ele>120.015625</ele>
 <time>2020-07-23T11:09:03Z</time>
 </trkpt>
 <trkpt lat="62.185764005407691" lon="-6.84845007956028">
 <ele>124.546875</ele>
 <time>2020-07-23T11:09:17Z</time>
 </trkpt>
 <trkpt lat="62.185680018737912" lon="-6.84852484613657">
 <ele>128.4375</ele>
 <time>2020-07-23T11:09:33Z</time>
 </trkpt>
 <trkpt lat="62.185603072866797" lon="-6.848439518362284">
 <ele>129.6015625</ele>
 <time>2020-07-23T11:09:58Z</time>
 </trkpt>
 <trkpt lat="62.185546243563294" lon="-6.848278837278485">
 <ele>128.94140625</ele>
 <time>2020-07-23T11:10:19Z</time>
 </trkpt>
 <trkpt lat="62.185451947152615" lon="-6.848185127601028">
 <ele>130.53125</ele>
 <time>2020-07-23T11:10:38Z</time>
 </trkpt>
 <trkpt lat="62.185353375971317" lon="-6.848160568624735">
 <ele>133.97265625</ele>
 <time>2020-07-23T11:11:20Z</time>
 </trkpt>
 <trkpt lat="62.185262432321906" lon="-6.84822041541338">
 <ele>138.4296875</ele>
 <time>2020-07-23T11:11:40Z</time>
 </trkpt>
 <trkpt lat="62.185180792585015" lon="-6.84833625331521">
 <ele>143.2578125</ele>
 <time>2020-07-23T11:11:56Z</time>
 </trkpt>
 <trkpt lat="62.185094710439444" lon="-6.848411858081818">
 <ele>147.70703125</ele>
 <time>2020-07-23T11:12:27Z</time>
 </trkpt>
 <trkpt lat="62.185004018247128" lon="-6.848436752334237">
 <ele>151.55078125</ele>
 <time>2020-07-23T11:13:01Z</time>
 </trkpt>
 <trkpt lat="62.1849156729877" lon="-6.848394256085157">
 <ele>154.30078125</ele>
 <time>2020-07-23T11:13:32Z</time>
 </trkpt>
 <trkpt lat="62.184821125119925" lon="-6.848384449258447">
 <ele>157.78125</ele>
 <time>2020-07-23T11:14:03Z</time>
 </trkpt>
 <trkpt lat="62.18472808599472" lon="-6.848478745669127">
 <ele>162.72265625</ele>
 <time>2020-07-23T11:14:31Z</time>
 </trkpt>
 <trkpt lat="62.184640830382705" lon="-6.848538424819708">
 <ele>166.91796875</ele>
 <time>2020-07-23T11:15:04Z</time>
 </trkpt>
 <trkpt lat="62.184551311656833" lon="-6.848575975745916">
 <ele>171.30859375</ele>
 <time>2020-07-23T11:15:36Z</time>
 </trkpt>
 <trkpt lat="62.184465145692229" lon="-6.848622662946582">
 <ele>175.85546875</ele>
 <time>2020-07-23T11:16:02Z</time>
 </trkpt>
 <trkpt lat="62.184418039396405" lon="-6.848506992682815">
 <ele>176.44140625</ele>
 <time>2020-07-23T11:16:24Z</time>
 </trkpt>
 <trkpt lat="62.184356432408094" lon="-6.848466591909528">
 <ele>178.7421875</ele>
 <time>2020-07-23T11:19:08Z</time>
 </trkpt>
 <trkpt lat="62.184274708852172" lon="-6.848406996577978">
 <ele>181.76171875</ele>
 <time>2020-07-23T11:19:19Z</time>
 </trkpt>
 <trkpt lat="62.184190051630139" lon="-6.84833231382072">
 <ele>184.7890625</ele>
 <time>2020-07-23T11:19:37Z</time>
 </trkpt>
 <trkpt lat="62.184091815724969" lon="-6.848292499780655">
 <ele>188.953125</ele>
 <time>2020-07-23T11:20:03Z</time>
 </trkpt>
 <trkpt lat="62.18399609439075" lon="-6.848243130370975">
 <ele>192.90234375</ele>
 <time>2020-07-23T11:20:30Z</time>
 </trkpt>
 <trkpt lat="62.183916801586747" lon="-6.848127208650112">
 <ele>195.36328125</ele>
 <time>2020-07-23T11:20:48Z</time>
 </trkpt>
 <trkpt lat="62.183812614530325" lon="-6.848146738484502">
 <ele>200.453125</ele>
 <time>2020-07-23T11:21:07Z</time>
 </trkpt>
 <trkpt lat="62.183728544041514" lon="-6.848176494240761">
 <ele>204.61328125</ele>
 <time>2020-07-23T11:21:34Z</time>
 </trkpt>
 <trkpt lat="62.18364137224853" lon="-6.848207423463464">
 <ele>208.84765625</ele>
 <time>2020-07-23T11:22:07Z</time>
 </trkpt>
 <trkpt lat="62.183570880442858" lon="-6.848195856437087">
 <ele>211.88671875</ele>
 <time>2020-07-23T11:22:51Z</time>
 </trkpt>
 <trkpt lat="62.183490749448538" lon="-6.848208848387003">
 <ele>215.60546875</ele>
 <time>2020-07-23T11:23:19Z</time>
 </trkpt>
 <trkpt lat="62.183407181873918" lon="-6.848112875595689">
 <ele>218.4140625</ele>
 <time>2020-07-23T11:23:30Z</time>
 </trkpt>
 <trkpt lat="62.183300731703639" lon="-6.84813198633492">
 <ele>223.38671875</ele>
 <time>2020-07-23T11:23:50Z</time>
 </trkpt>
 <trkpt lat="62.183211045339704" lon="-6.848227037116885">
 <ele>228.29296875</ele>
 <time>2020-07-23T11:24:07Z</time>
 </trkpt>
 <trkpt lat="62.18315270729363" lon="-6.848147073760629">
 <ele>230.18359375</ele>
 <time>2020-07-23T11:24:24Z</time>
 </trkpt>
 <trkpt lat="62.183098560199142" lon="-6.848101895302534">
 <ele>232.21484375</ele>
 <time>2020-07-23T11:24:50Z</time>
 </trkpt>
 <trkpt lat="62.183014824986458" lon="-6.848019668832421">
 <ele>235.28515625</ele>
 <time>2020-07-23T11:25:20Z</time>
 </trkpt>
 <trkpt lat="62.182914661243558" lon="-6.847982201725245">
 <ele>239.17578125</ele>
 <time>2020-07-23T11:25:50Z</time>
 </trkpt>
 <trkpt lat="62.182847186923027" lon="-6.847894443199039">
 <ele>240.796875</ele>
 <time>2020-07-23T11:26:19Z</time>
 </trkpt>
 <trkpt lat="62.182759344577789" lon="-6.847937777638435">
 <ele>244.203125</ele>
 <time>2020-07-23T11:27:02Z</time>
 </trkpt>
 <trkpt lat="62.182675609365106" lon="-6.847943728789687">
 <ele>247.15625</ele>
 <time>2020-07-23T11:27:24Z</time>
 </trkpt>
 <trkpt lat="62.182588186115026" lon="-6.84801665134728">
 <ele>250.73046875</ele>
 <time>2020-07-23T11:27:44Z</time>
 </trkpt>
 <trkpt lat="62.182487016543746" lon="-6.848055711016059">
 <ele>254.5</ele>
 <time>2020-07-23T11:28:27Z</time>
 </trkpt>
 <trkpt lat="62.182391295209527" lon="-6.847956385463476">
 <ele>257.1171875</ele>
 <time>2020-07-23T11:28:42Z</time>
 </trkpt>
 <trkpt lat="62.182316612452269" lon="-6.847856137901545">
 <ele>259.046875</ele>
 <time>2020-07-23T11:28:57Z</time>
 </trkpt>
 <trkpt lat="62.182230949401855" lon="-6.847748178988695">
 <ele>261.359375</ele>
 <time>2020-07-23T11:29:21Z</time>
 </trkpt>
 <trkpt lat="62.18217789195478" lon="-6.8476218637079">
 <ele>262.44921875</ele>
 <time>2020-07-23T11:29:53Z</time>
 </trkpt>
 <trkpt lat="62.182123493403196" lon="-6.8475994002074">
 <ele>264.25</ele>
 <time>2020-07-23T11:30:32Z</time>
 </trkpt>
 <trkpt lat="62.182012349367142" lon="-6.847646590322256">
 <ele>269.0859375</ele>
 <time>2020-07-23T11:31:02Z</time>
 </trkpt>
 <trkpt lat="62.181939678266644" lon="-6.847608285024762">
 <ele>271.83984375</ele>
 <time>2020-07-23T11:31:34Z</time>
 </trkpt>
 <trkpt lat="62.181867677718401" lon="-6.847624629735947">
 <ele>274.9296875</ele>
 <time>2020-07-23T11:32:08Z</time>
 </trkpt>
 <trkpt lat="62.181793330237269" lon="-6.847560172900558">
 <ele>277.53125</ele>
 <time>2020-07-23T11:32:34Z</time>
 </trkpt>
 <trkpt lat="62.181691490113735" lon="-6.847472162917256">
 <ele>281.03125</ele>
 <time>2020-07-23T11:32:48Z</time>
 </trkpt>
 <trkpt lat="62.18160817399621" lon="-6.847356576472521">
 <ele>283.51171875</ele>
 <time>2020-07-23T11:33:06Z</time>
 </trkpt>
 <trkpt lat="62.181514883413911" lon="-6.847322965040803">
 <ele>287.03125</ele>
 <time>2020-07-23T11:33:40Z</time>
 </trkpt>
 <trkpt lat="62.181441625580192" lon="-6.847311649471521">
 <ele>289.91015625</ele>
 <time>2020-07-23T11:34:16Z</time>
 </trkpt>
 <trkpt lat="62.181360404938459" lon="-6.847428241744638">
 <ele>294.171875</ele>
 <time>2020-07-23T11:34:54Z</time>
 </trkpt>
 <trkpt lat="62.181309945881367" lon="-6.847604513168335">
 <ele>297.82421875</ele>
 <time>2020-07-23T11:35:15Z</time>
 </trkpt>
 <trkpt lat="62.181229395791888" lon="-6.847573416307569">
 <ele>300.96484375</ele>
 <time>2020-07-23T11:35:43Z</time>
 </trkpt>
 <trkpt lat="62.181144906207919" lon="-6.847519017755985">
 <ele>304.09375</ele>
 <time>2020-07-23T11:36:09Z</time>
 </trkpt>
 <trkpt lat="62.18106921762228" lon="-6.847438216209412">
 <ele>306.58984375</ele>
 <time>2020-07-23T11:36:29Z</time>
 </trkpt>
 <trkpt lat="62.181003419682384" lon="-6.847293125465512">
 <ele>308.02734375</ele>
 <time>2020-07-23T11:36:57Z</time>
 </trkpt>
 <trkpt lat="62.180935945361853" lon="-6.84723193757236">
 <ele>310.27734375</ele>
 <time>2020-07-23T11:37:27Z</time>
 </trkpt>
 <trkpt lat="62.180854473263025" lon="-6.8471659719944">
 <ele>313.03125</ele>
 <time>2020-07-23T11:38:30Z</time>
 </trkpt>
 <trkpt lat="62.180830417200923" lon="-6.847177036106587">
 <ele>314.15234375</ele>
 <time>2020-07-23T11:39:34Z</time>
 </trkpt>
 <trkpt lat="62.180753806605935" lon="-6.847094809636474">
 <ele>316.48046875</ele>
 <time>2020-07-23T11:39:56Z</time>
 </trkpt>
 <trkpt lat="62.180668646469712" lon="-6.847003530710936">
 <ele>319.00390625</ele>
 <time>2020-07-23T11:40:41Z</time>
 </trkpt>
 <trkpt lat="62.180578876286745" lon="-6.846914011985064">
 <ele>321.671875</ele>
 <time>2020-07-23T11:40:55Z</time>
 </trkpt>
 <trkpt lat="62.180513413622975" lon="-6.846754504367709">
 <ele>322.46484375</ele>
 <time>2020-07-23T11:41:07Z</time>
 </trkpt>
 <trkpt lat="62.180420039221644" lon="-6.846642773598433">
 <ele>324.41796875</ele>
 <time>2020-07-23T11:41:25Z</time>
 </trkpt>
 <trkpt lat="62.180357426404953" lon="-6.846564151346684">
 <ele>324.8984375</ele>
 <time>2020-07-23T11:41:51Z</time>
 </trkpt>
 <trkpt lat="62.180315852165222" lon="-6.846489468589425">
 <ele>324.9296875</ele>
 <time>2020-07-23T11:48:10Z</time>
 </trkpt>
 <trkpt lat="62.180288191884756" lon="-6.846631374210119">
 <ele>327.59375</ele>
 <time>2020-07-23T11:50:11Z</time>
 </trkpt>
 <trkpt lat="62.180226249620318" lon="-6.846758695319295">
 <ele>330.64453125</ele>
 <time>2020-07-23T11:50:21Z</time>
 </trkpt>
 <trkpt lat="62.18013103120029" lon="-6.84679901227355">
 <ele>333.43359375</ele>
 <time>2020-07-23T11:50:34Z</time>
 </trkpt>
 <trkpt lat="62.180053666234016" lon="-6.846737572923303">
 <ele>334.70703125</ele>
 <time>2020-07-23T11:50:48Z</time>
 </trkpt>
 <trkpt lat="62.179976217448711" lon="-6.846822230145335">
 <ele>337.4765625</ele>
 <time>2020-07-23T11:51:01Z</time>
 </trkpt>
 <trkpt lat="62.179882926866412" lon="-6.846859026700258">
 <ele>340.1171875</ele>
 <time>2020-07-23T11:51:13Z</time>
 </trkpt>
 <trkpt lat="62.179795252159238" lon="-6.846854919567704">
 <ele>342.21484375</ele>
 <time>2020-07-23T11:51:25Z</time>
 </trkpt>
 <trkpt lat="62.179735908284783" lon="-6.846939995884895">
 <ele>344.421875</ele>
 <time>2020-07-23T11:51:35Z</time>
 </trkpt>
 <trkpt lat="62.179646557196975" lon="-6.846893224865198">
 <ele>346.16796875</ele>
 <time>2020-07-23T11:51:48Z</time>
 </trkpt>
 <trkpt lat="62.179562402889132" lon="-6.846862379461527">
 <ele>347.5625</ele>
 <time>2020-07-23T11:52:01Z</time>
 </trkpt>
 <trkpt lat="62.17950071208179" lon="-6.846722736954689">
 <ele>347.51953125</ele>
 <time>2020-07-23T11:52:13Z</time>
 </trkpt>
 <trkpt lat="62.179413791745901" lon="-6.846660962328315">
 <ele>348.60546875</ele>
 <time>2020-07-23T11:52:26Z</time>
 </trkpt>
 <trkpt lat="62.179332487285137" lon="-6.846670936793089">
 <ele>350.140625</ele>
 <time>2020-07-23T11:52:39Z</time>
 </trkpt>
 <trkpt lat="62.179247578606009" lon="-6.84660698287189">
 <ele>351.16015625</ele>
 <time>2020-07-23T11:52:53Z</time>
 </trkpt>
 <trkpt lat="62.179192174226046" lon="-6.846526935696602">
 <ele>351.55859375</ele>
 <time>2020-07-23T11:53:47Z</time>
 </trkpt>
 <trkpt lat="62.179123442620039" lon="-6.846444960683584">
 <ele>352.26953125</ele>
 <time>2020-07-23T11:53:58Z</time>
 </trkpt>
 <trkpt lat="62.179044904187322" lon="-6.846341192722321">
 <ele>353.109375</ele>
 <time>2020-07-23T11:54:12Z</time>
 </trkpt>
 <trkpt lat="62.178966784849763" lon="-6.846331134438515">
 <ele>354.63671875</ele>
 <time>2020-07-23T11:54:51Z</time>
 </trkpt>
 <trkpt lat="62.178869219496846" lon="-6.846337337046862">
 <ele>356.66015625</ele>
 <time>2020-07-23T11:55:01Z</time>
 </trkpt>
 <trkpt lat="62.178772324696183" lon="-6.846338761970401">
 <ele>358.55078125</ele>
 <time>2020-07-23T11:55:10Z</time>
 </trkpt>
 <trkpt lat="62.178680878132582" lon="-6.84629475697875">
 <ele>359.328125</ele>
 <time>2020-07-23T11:55:20Z</time>
 </trkpt>
 <trkpt lat="62.178608877584338" lon="-6.84623759239912">
 <ele>359.828125</ele>
 <time>2020-07-23T11:55:31Z</time>
 </trkpt>
 <trkpt lat="62.178510641679168" lon="-6.846262067556381">
 <ele>361.0078125</ele>
 <time>2020-07-23T11:55:41Z</time>
 </trkpt>
 <trkpt lat="62.178419111296535" lon="-6.846261061728001">
 <ele>361.9921875</ele>
 <time>2020-07-23T11:55:53Z</time>
 </trkpt>
 <trkpt lat="62.178328251466155" lon="-6.846313867717981">
 <ele>363.23046875</ele>
 <time>2020-07-23T11:56:05Z</time>
 </trkpt>
 <trkpt lat="62.178239738568664" lon="-6.846288805827498">
 <ele>364.06640625</ele>
 <time>2020-07-23T11:56:22Z</time>
 </trkpt>
 <trkpt lat="62.178154410794377" lon="-6.846315376460552">
 <ele>365.11328125</ele>
 <time>2020-07-23T11:56:36Z</time>
 </trkpt>
 <trkpt lat="62.178069753572345" lon="-6.846355777233839">
 <ele>366.22265625</ele>
 <time>2020-07-23T11:56:51Z</time>
 </trkpt>
 <trkpt lat="62.177978223189712" lon="-6.846303893253207">
 <ele>366.96484375</ele>
 <time>2020-07-23T11:57:02Z</time>
 </trkpt>
 <trkpt lat="62.177895661443472" lon="-6.846306156367064">
 <ele>367.3828125</ele>
 <time>2020-07-23T11:57:17Z</time>
 </trkpt>
 <trkpt lat="62.177803125232458" lon="-6.846255613490939">
 <ele>367.30859375</ele>
 <time>2020-07-23T11:57:29Z</time>
 </trkpt>
 <trkpt lat="62.177739338949323" lon="-6.846204148605466">
 <ele>367.19140625</ele>
 <time>2020-07-23T11:57:43Z</time>
 </trkpt>
 <trkpt lat="62.17764931730926" lon="-6.846195012331009">
 <ele>367.3203125</ele>
 <time>2020-07-23T11:57:55Z</time>
 </trkpt>
 <trkpt lat="62.177555020898581" lon="-6.846172213554382">
 <ele>367.3984375</ele>
 <time>2020-07-23T11:58:07Z</time>
 </trkpt>
 <trkpt lat="62.177460473030806" lon="-6.846178583800793">
 <ele>367.60546875</ele>
 <time>2020-07-23T11:58:16Z</time>
 </trkpt>
 <trkpt lat="62.177379922941327" lon="-6.846112115308642">
 <ele>367.49609375</ele>
 <time>2020-07-23T11:58:24Z</time>
 </trkpt>
 <trkpt lat="62.177293002605438" lon="-6.846059393137693">
 <ele>367.46484375</ele>
 <time>2020-07-23T11:58:32Z</time>
 </trkpt>
 <trkpt lat="62.177213793620467" lon="-6.845967946574092">
 <ele>367.28515625</ele>
 <time>2020-07-23T11:58:41Z</time>
 </trkpt>
 <trkpt lat="62.177126538008451" lon="-6.845893179997802">
 <ele>367.20703125</ele>
 <time>2020-07-23T11:58:51Z</time>
 </trkpt>
 <trkpt lat="62.177042048424482" lon="-6.845841044560075">
 <ele>366.77734375</ele>
 <time>2020-07-23T11:59:02Z</time>
 </trkpt>
 <trkpt lat="62.176951020956039" lon="-6.845851857215166">
 <ele>366.4921875</ele>
 <time>2020-07-23T11:59:11Z</time>
 </trkpt>
 <trkpt lat="62.176852868869901" lon="-6.845819754526019">
 <ele>366.015625</ele>
 <time>2020-07-23T11:59:21Z</time>
 </trkpt>
 <trkpt lat="62.176761003211141" lon="-6.845839619636536">
 <ele>365.765625</ele>
 <time>2020-07-23T11:59:32Z</time>
 </trkpt>
 <trkpt lat="62.176679028198123" lon="-6.845799637958407">
 <ele>365.30078125</ele>
 <time>2020-07-23T11:59:44Z</time>
 </trkpt>
 <trkpt lat="62.176590347662568" lon="-6.84581003151834">
 <ele>365.0234375</ele>
 <time>2020-07-23T11:59:53Z</time>
 </trkpt>
 <trkpt lat="62.176513653248549" lon="-6.845726380124688">
 <ele>364.37109375</ele>
 <time>2020-07-23T12:00:02Z</time>
 </trkpt>
 <trkpt lat="62.176478449255228" lon="-6.845644069835544">
 <ele>363.8671875</ele>
 <time>2020-07-23T12:00:19Z</time>
 </trkpt>
 <trkpt lat="62.176462523639202" lon="-6.845582546666265">
 <ele>363.52734375</ele>
 <time>2020-07-23T12:17:29Z</time>
 </trkpt>
 <trkpt lat="62.176369233056903" lon="-6.845491183921695">
 <ele>362.73046875</ele>
 <time>2020-07-23T12:17:39Z</time>
 </trkpt>
 <trkpt lat="62.176278876140714" lon="-6.84540250338614">
 <ele>361.953125</ele>
 <time>2020-07-23T12:17:48Z</time>
 </trkpt>
 <trkpt lat="62.176207043230534" lon="-6.845249533653259">
 <ele>361.18359375</ele>
 <time>2020-07-23T12:17:58Z</time>
 </trkpt>
 <trkpt lat="62.176116183400154" lon="-6.845217682421207">
 <ele>360.96875</ele>
 <time>2020-07-23T12:18:05Z</time>
 </trkpt>
 <trkpt lat="62.176028927788138" lon="-6.845197733491659">
 <ele>360.8125</ele>
 <time>2020-07-23T12:18:14Z</time>
 </trkpt>
 <trkpt lat="62.175937816500664" lon="-6.845132522284985">
 <ele>360.375</ele>
 <time>2020-07-23T12:18:21Z</time>
 </trkpt>
 <trkpt lat="62.175847375765443" lon="-6.845067562535405">
 <ele>359.91015625</ele>
 <time>2020-07-23T12:18:30Z</time>
 </trkpt>
 <trkpt lat="62.175754839554429" lon="-6.845083823427558">
 <ele>359.921875</ele>
 <time>2020-07-23T12:18:38Z</time>
 </trkpt>
 <trkpt lat="62.175669260323048" lon="-6.845139982178807">
 <ele>360.20703125</ele>
 <time>2020-07-23T12:18:47Z</time>
 </trkpt>
 <trkpt lat="62.175579993054271" lon="-6.845119530335069">
 <ele>360</ele>
 <time>2020-07-23T12:18:55Z</time>
 </trkpt>
 <trkpt lat="62.175492402166128" lon="-6.845063203945756">
 <ele>359.52734375</ele>
 <time>2020-07-23T12:19:05Z</time>
 </trkpt>
 <trkpt lat="62.175394501537085" lon="-6.845017438754439">
 <ele>359.4921875</ele>
 <time>2020-07-23T12:19:13Z</time>
 </trkpt>
 <trkpt lat="62.175309928134084" lon="-6.844898667186499">
 <ele>359.140625</ele>
 <time>2020-07-23T12:19:22Z</time>
 </trkpt>
 <trkpt lat="62.175237676128745" lon="-6.844773860648274">
 <ele>358.67578125</ele>
 <time>2020-07-23T12:19:31Z</time>
 </trkpt>
 <trkpt lat="62.175190821290016" lon="-6.844635978341103">
 <ele>357.96484375</ele>
 <time>2020-07-23T12:19:43Z</time>
 </trkpt>
 <trkpt lat="62.175100464373827" lon="-6.844577137380838">
 <ele>358.08203125</ele>
 <time>2020-07-23T12:19:52Z</time>
 </trkpt>
 <trkpt lat="62.175011867657304" lon="-6.844602283090353">
 <ele>358.796875</ele>
 <time>2020-07-23T12:20:00Z</time>
 </trkpt>
 <trkpt lat="62.174926875159144" lon="-6.844619633629918">
 <ele>359.4296875</ele>
 <time>2020-07-23T12:20:08Z</time>
 </trkpt>
 <trkpt lat="62.174832411110401" lon="-6.844647545367479">
 <ele>360.19921875</ele>
 <time>2020-07-23T12:20:17Z</time>
 </trkpt>
 <trkpt lat="62.174741216003895" lon="-6.844674786552787">
 <ele>360.94140625</ele>
 <time>2020-07-23T12:21:07Z</time>
 </trkpt>
 <trkpt lat="62.174640130251646" lon="-6.844609742984176">
 <ele>361.08203125</ele>
 <time>2020-07-23T12:21:22Z</time>
 </trkpt>
 <trkpt lat="62.17454893514514" lon="-6.844547381624579">
 <ele>361.0078125</ele>
 <time>2020-07-23T12:21:30Z</time>
 </trkpt>
 <trkpt lat="62.174460170790553" lon="-6.844498096033931">
 <ele>360.94140625</ele>
 <time>2020-07-23T12:21:38Z</time>
 </trkpt>
 <trkpt lat="62.174375848844647" lon="-6.844407739117742">
 <ele>360.51171875</ele>
 <time>2020-07-23T12:21:45Z</time>
 </trkpt>
 <trkpt lat="62.174282306805253" lon="-6.844383431598544">
 <ele>360.60546875</ele>
 <time>2020-07-23T12:21:53Z</time>
 </trkpt>
 <trkpt lat="62.174193626269698" lon="-6.844366919249296">
 <ele>360.734375</ele>
 <time>2020-07-23T12:22:02Z</time>
 </trkpt>
 <trkpt lat="62.174109555780888" lon="-6.844308497384191">
 <ele>360.48046875</ele>
 <time>2020-07-23T12:22:09Z</time>
 </trkpt>
 <trkpt lat="62.174015929922462" lon="-6.844282429665327">
 <ele>360.51171875</ele>
 <time>2020-07-23T12:22:17Z</time>
 </trkpt>
 <trkpt lat="62.173926159739494" lon="-6.844243369996548">
 <ele>360.3984375</ele>
 <time>2020-07-23T12:22:25Z</time>
 </trkpt>
 <trkpt lat="62.173837730661035" lon="-6.844204058870673">
 <ele>360.2578125</ele>
 <time>2020-07-23T12:22:35Z</time>
 </trkpt>
 <trkpt lat="62.173759359866381" lon="-6.84409299865365">
 <ele>359.6171875</ele>
 <time>2020-07-23T12:22:45Z</time>
 </trkpt>
 <trkpt lat="62.173671098425984" lon="-6.844131136313081">
 <ele>360.3125</ele>
 <time>2020-07-23T12:22:54Z</time>
 </trkpt>
 <trkpt lat="62.173579316586256" lon="-6.844175225123763">
 <ele>361.09765625</ele>
 <time>2020-07-23T12:23:04Z</time>
 </trkpt>
 <trkpt lat="62.173493737354875" lon="-6.844231300055981">
 <ele>362.0234375</ele>
 <time>2020-07-23T12:23:13Z</time>
 </trkpt>
 <trkpt lat="62.173406733199954" lon="-6.844291565939784">
 <ele>362.9765625</ele>
 <time>2020-07-23T12:23:27Z</time>
 </trkpt>
 <trkpt lat="62.173312185332179" lon="-6.84433925896883">
 <ele>363.83984375</ele>
 <time>2020-07-23T12:23:39Z</time>
 </trkpt>
 <trkpt lat="62.173223588615656" lon="-6.844319142401218">
 <ele>364.06640625</ele>
 <time>2020-07-23T12:23:48Z</time>
 </trkpt>
 <trkpt lat="62.173136249184608" lon="-6.8442786578089">
 <ele>364.11328125</ele>
 <time>2020-07-23T12:23:59Z</time>
 </trkpt>
 <trkpt lat="62.173045808449388" lon="-6.844249991700053">
 <ele>364.2890625</ele>
 <time>2020-07-23T12:24:15Z</time>
 </trkpt>
 <trkpt lat="62.172975651919842" lon="-6.844107834622264">
 <ele>363.48828125</ele>
 <time>2020-07-23T12:24:24Z</time>
 </trkpt>
 <trkpt lat="62.17290909960866" lon="-6.843969700857997">
 <ele>363.1171875</ele>
 <time>2020-07-23T12:24:34Z</time>
 </trkpt>
 <trkpt lat="62.172813545912504" lon="-6.843964587897062">
 <ele>364.23046875</ele>
 <time>2020-07-23T12:24:42Z</time>
 </trkpt>
 <trkpt lat="62.172736851498485" lon="-6.843866016715765">
 <ele>364.44140625</ele>
 <time>2020-07-23T12:24:50Z</time>
 </trkpt>
 <trkpt lat="62.172668036073446" lon="-6.843830225989223">
 <ele>365.0078125</ele>
 <time>2020-07-23T12:25:05Z</time>
 </trkpt>
 <trkpt lat="62.172574242576957" lon="-6.843784628435969">
 <ele>365.8046875</ele>
 <time>2020-07-23T12:25:14Z</time>
 </trkpt>
 <trkpt lat="62.172485226765275" lon="-6.843744730576873">
 <ele>366.5859375</ele>
 <time>2020-07-23T12:25:24Z</time>
 </trkpt>
 <trkpt lat="62.172383889555931" lon="-6.843752022832632">
 <ele>367.85546875</ele>
 <time>2020-07-23T12:25:37Z</time>
 </trkpt>
 <trkpt lat="62.172283893451095" lon="-6.843783622607589">
 <ele>369.28515625</ele>
 <time>2020-07-23T12:25:46Z</time>
 </trkpt>
 <trkpt lat="62.172189261764288" lon="-6.843766607344151">
 <ele>370.30078125</ele>
 <time>2020-07-23T12:25:54Z</time>
 </trkpt>
 <trkpt lat="62.172093037515879" lon="-6.843739869073033">
 <ele>371.30859375</ele>
 <time>2020-07-23T12:26:05Z</time>
 </trkpt>
 <trkpt lat="62.171988263726234" lon="-6.843695864081383">
 <ele>372.4296875</ele>
 <time>2020-07-23T12:26:14Z</time>
 </trkpt>
 <trkpt lat="62.171881226822734" lon="-6.843661079183221">
 <ele>373.63671875</ele>
 <time>2020-07-23T12:26:23Z</time>
 </trkpt>
 <trkpt lat="62.171782152727246" lon="-6.843636352568865">
 <ele>374.80078125</ele>
 <time>2020-07-23T12:26:33Z</time>
 </trkpt>
 <trkpt lat="62.171690622344613" lon="-6.843583881855011">
 <ele>375.640625</ele>
 <time>2020-07-23T12:26:42Z</time>
 </trkpt>
 <trkpt lat="62.171599008142948" lon="-6.8435222748667">
 <ele>376.39453125</ele>
 <time>2020-07-23T12:26:52Z</time>
 </trkpt>
 <trkpt lat="62.171503789722919" lon="-6.843451280146837">
 <ele>377.10546875</ele>
 <time>2020-07-23T12:27:03Z</time>
 </trkpt>
 <trkpt lat="62.171412846073508" lon="-6.84334340505302">
 <ele>377.43359375</ele>
 <time>2020-07-23T12:27:13Z</time>
 </trkpt>
 <trkpt lat="62.171320812776685" lon="-6.843239553272724">
 <ele>378.10546875</ele>
 <time>2020-07-23T12:27:22Z</time>
 </trkpt>
 <trkpt lat="62.171221571043134" lon="-6.843228740617633">
 <ele>379.4140625</ele>
 <time>2020-07-23T12:27:31Z</time>
 </trkpt>
 <trkpt lat="62.171132052317262" lon="-6.843236284330487">
 <ele>380.70703125</ele>
 <time>2020-07-23T12:27:40Z</time>
 </trkpt>
 <trkpt lat="62.171037252992392" lon="-6.843195967376232">
 <ele>381.796875</ele>
 <time>2020-07-23T12:27:51Z</time>
 </trkpt>
 <trkpt lat="62.170952847227454" lon="-6.843234356492758">
 <ele>383.203125</ele>
 <time>2020-07-23T12:28:02Z</time>
 </trkpt>
 <trkpt lat="62.170869614928961" lon="-6.843149699270725">
 <ele>383.80859375</ele>
 <time>2020-07-23T12:28:10Z</time>
 </trkpt>
 <trkpt lat="62.170782526955009" lon="-6.843090439215303">
 <ele>384.58203125</ele>
 <time>2020-07-23T12:28:18Z</time>
 </trkpt>
 <trkpt lat="62.170693259686232" lon="-6.843077782541513">
 <ele>385.68359375</ele>
 <time>2020-07-23T12:28:27Z</time>
 </trkpt>
 <trkpt lat="62.170593682676554" lon="-6.843060348182917">
 <ele>386.87109375</ele>
 <time>2020-07-23T12:28:36Z</time>
 </trkpt>
 <trkpt lat="62.17050357721746" lon="-6.843002261593938">
 <ele>387.58984375</ele>
 <time>2020-07-23T12:28:46Z</time>
 </trkpt>
 <trkpt lat="62.170421937480569" lon="-6.842890111729503">
 <ele>387.640625</ele>
 <time>2020-07-23T12:28:55Z</time>
 </trkpt>
 <trkpt lat="62.170349853113294" lon="-6.842762622982264">
 <ele>387.34765625</ele>
 <time>2020-07-23T12:29:06Z</time>
 </trkpt>
 <trkpt lat="62.170268213376403" lon="-6.842679809778929">
 <ele>387.53125</ele>
 <time>2020-07-23T12:29:17Z</time>
 </trkpt>
 <trkpt lat="62.170182131230831" lon="-6.842567911371589">
 <ele>387.5234375</ele>
 <time>2020-07-23T12:29:28Z</time>
 </trkpt>
 <trkpt lat="62.17009705491364" lon="-6.842445451766253">
 <ele>387.32421875</ele>
 <time>2020-07-23T12:29:37Z</time>
 </trkpt>
 <trkpt lat="62.170003931969404" lon="-6.842380994930863">
 <ele>387.66015625</ele>
 <time>2020-07-23T12:29:46Z</time>
 </trkpt>
 <trkpt lat="62.169917095452547" lon="-6.842317376285791">
 <ele>387.92578125</ele>
 <time>2020-07-23T12:29:56Z</time>
 </trkpt>
 <trkpt lat="62.169829085469246" lon="-6.842189468443394">
 <ele>387.5078125</ele>
 <time>2020-07-23T12:30:11Z</time>
 </trkpt>
 <trkpt lat="62.169748535379767" lon="-6.842062147334218">
 <ele>386.9921875</ele>
 <time>2020-07-23T12:30:22Z</time>
 </trkpt>
 <trkpt lat="62.169685838744044" lon="-6.8419249355793">
 <ele>386.16015625</ele>
 <time>2020-07-23T12:30:30Z</time>
 </trkpt>
 <trkpt lat="62.169611910358071" lon="-6.841788478195667">
 <ele>385.41015625</ele>
 <time>2020-07-23T12:30:38Z</time>
 </trkpt>
 <trkpt lat="62.169542089104652" lon="-6.84165914542973">
 <ele>384.609375</ele>
 <time>2020-07-23T12:30:46Z</time>
 </trkpt>
 <trkpt lat="62.169479979202151" lon="-6.841522185131908">
 <ele>383.92578125</ele>
 <time>2020-07-23T12:30:56Z</time>
 </trkpt>
 <trkpt lat="62.169389873743057" lon="-6.841434761881828">
 <ele>383.8515625</ele>
 <time>2020-07-23T12:31:03Z</time>
 </trkpt>
 <trkpt lat="62.169331200420856" lon="-6.841305596753955">
 <ele>383.11328125</ele>
 <time>2020-07-23T12:31:11Z</time>
 </trkpt>
 <trkpt lat="62.169246543198824" lon="-6.841253293678165">
 <ele>383.2421875</ele>
 <time>2020-07-23T12:31:18Z</time>
 </trkpt>
 <trkpt lat="62.169168759137392" lon="-6.841165283694863">
 <ele>382.94921875</ele>
 <time>2020-07-23T12:31:27Z</time>
 </trkpt>
 <trkpt lat="62.169083179906011" lon="-6.841170145198703">
 <ele>383.59375</ele>
 <time>2020-07-23T12:31:36Z</time>
 </trkpt>
 <trkpt lat="62.168998690322042" lon="-6.841115998104215">
 <ele>383.62890625</ele>
 <time>2020-07-23T12:31:45Z</time>
 </trkpt>
 <trkpt lat="62.168892994523048" lon="-6.841042991727591">
 <ele>383.5859375</ele>
 <time>2020-07-23T12:31:55Z</time>
 </trkpt>
 <trkpt lat="62.168794423341751" lon="-6.840989515185356">
 <ele>383.66015625</ele>
 <time>2020-07-23T12:32:04Z</time>
 </trkpt>
 <trkpt lat="62.168689984828234" lon="-6.840914413332939">
 <ele>382.99609375</ele>
 <time>2020-07-23T12:32:13Z</time>
 </trkpt>
 <trkpt lat="62.168604573234916" lon="-6.840814417228103">
 <ele>382.0625</ele>
 <time>2020-07-23T12:32:22Z</time>
 </trkpt>
 <trkpt lat="62.168516898527741" lon="-6.84072389267385">
 <ele>381.33203125</ele>
 <time>2020-07-23T12:32:30Z</time>
 </trkpt>
 <trkpt lat="62.168441712856293" lon="-6.840677540749311">
 <ele>380.96484375</ele>
 <time>2020-07-23T12:33:01Z</time>
 </trkpt>
 <trkpt lat="62.168343812227249" lon="-6.840654741972685">
 <ele>380.81640625</ele>
 <time>2020-07-23T12:33:09Z</time>
 </trkpt>
 <trkpt lat="62.168250856921077" lon="-6.840653317049146">
 <ele>380.8671875</ele>
 <time>2020-07-23T12:33:17Z</time>
 </trkpt>
 <trkpt lat="62.168165193870664" lon="-6.840625153854489">
 <ele>380.63671875</ele>
 <time>2020-07-23T12:33:27Z</time>
 </trkpt>
 <trkpt lat="62.168069053441286" lon="-6.840613083913922">
 <ele>380.5703125</ele>
 <time>2020-07-23T12:33:37Z</time>
 </trkpt>
 <trkpt lat="62.167980624362826" lon="-6.84061199426651">
 <ele>380.609375</ele>
 <time>2020-07-23T12:33:45Z</time>
 </trkpt>
 <trkpt lat="62.16788942925632" lon="-6.840562289580703">
 <ele>379.61328125</ele>
 <time>2020-07-23T12:33:54Z</time>
 </trkpt>
 <trkpt lat="62.167798820883036" lon="-6.84050646610558">
 <ele>378.359375</ele>
 <time>2020-07-23T12:34:03Z</time>
 </trkpt>
 <trkpt lat="62.167699914425611" lon="-6.840434800833464">
 <ele>376.87109375</ele>
 <time>2020-07-23T12:34:13Z</time>
 </trkpt>
 <trkpt lat="62.167608048766851" lon="-6.840455504134297">
 <ele>376.43359375</ele>
 <time>2020-07-23T12:34:23Z</time>
 </trkpt>
 <trkpt lat="62.167523726820946" lon="-6.840407392010093">
 <ele>375.3046875</ele>
 <time>2020-07-23T12:34:35Z</time>
 </trkpt>
 <trkpt lat="62.16743990778923" lon="-6.840459443628788">
 <ele>375.265625</ele>
 <time>2020-07-23T12:34:43Z</time>
 </trkpt>
 <trkpt lat="62.16734703630209" lon="-6.840444607660174">
 <ele>374.43359375</ele>
 <time>2020-07-23T12:34:51Z</time>
 </trkpt>
 <trkpt lat="62.167252656072378" lon="-6.840435136109591">
 <ele>373.65234375</ele>
 <time>2020-07-23T12:34:59Z</time>
 </trkpt>
 <trkpt lat="62.167158192023635" lon="-6.840412588790059">
 <ele>372.73046875</ele>
 <time>2020-07-23T12:35:08Z</time>
 </trkpt>
 <trkpt lat="62.167068254202604" lon="-6.840445278212428">
 <ele>372.42578125</ele>
 <time>2020-07-23T12:35:17Z</time>
 </trkpt>
 <trkpt lat="62.166970605030656" lon="-6.840439159423113">
 <ele>371.64453125</ele>
 <time>2020-07-23T12:35:26Z</time>
 </trkpt>
 <trkpt lat="62.166880834847689" lon="-6.840494479984045">
 <ele>371.50390625</ele>
 <time>2020-07-23T12:35:37Z</time>
 </trkpt>
 <trkpt lat="62.166799027472734" lon="-6.840401859954">
 <ele>370.05078125</ele>
 <time>2020-07-23T12:35:45Z</time>
 </trkpt>
 <trkpt lat="62.166761895641685" lon="-6.840361207723618">
 <ele>369.4296875</ele>
 <time>2020-07-23T12:38:57Z</time>
 </trkpt>
 <trkpt lat="62.166758961975574" lon="-6.84056312777102">
 <ele>371.171875</ele>
 <time>2020-07-23T12:39:06Z</time>
 </trkpt>
 <trkpt lat="62.166767260059714" lon="-6.840760437771678">
 <ele>372.96484375</ele>
 <time>2020-07-23T12:39:17Z</time>
 </trkpt>
 <trkpt lat="62.166717471554875" lon="-6.84090225957334">
 <ele>373.5390625</ele>
 <time>2020-07-23T12:39:42Z</time>
 </trkpt>
 <trkpt lat="62.1666419506073" lon="-6.841050619259477">
 <ele>373.66015625</ele>
 <time>2020-07-23T12:39:51Z</time>
 </trkpt>
 <trkpt lat="62.166571710258722" lon="-6.841191099956632">
 <ele>373.73046875</ele>
 <time>2020-07-23T12:40:01Z</time>
 </trkpt>
 <trkpt lat="62.16653399169445" lon="-6.841373490169644">
 <ele>374.3359375</ele>
 <time>2020-07-23T12:40:10Z</time>
 </trkpt>
 <trkpt lat="62.166508259251714" lon="-6.841580858454108">
 <ele>375.17578125</ele>
 <time>2020-07-23T12:40:19Z</time>
 </trkpt>
 <trkpt lat="62.166487136855721" lon="-6.84179644100368">
 <ele>376.08203125</ele>
 <time>2020-07-23T12:40:28Z</time>
 </trkpt>
 <trkpt lat="62.166442209854722" lon="-6.841976065188646">
 <ele>376.46875</ele>
 <time>2020-07-23T12:40:37Z</time>
 </trkpt>
 <trkpt lat="62.166390661150217" lon="-6.842149067670107">
 <ele>376.6875</ele>
 <time>2020-07-23T12:40:45Z</time>
 </trkpt>
 <trkpt lat="62.166346404701471" lon="-6.842318968847394">
 <ele>376.9375</ele>
 <time>2020-07-23T12:40:54Z</time>
 </trkpt>
 <trkpt lat="62.166300220414996" lon="-6.842510243877769">
 <ele>377.203125</ele>
 <time>2020-07-23T12:41:03Z</time>
 </trkpt>
 <trkpt lat="62.166272643953562" lon="-6.84272775426507">
 <ele>377.625</ele>
 <time>2020-07-23T12:41:13Z</time>
 </trkpt>
 <trkpt lat="62.166289072483778" lon="-6.842953311279416">
 <ele>378.640625</ele>
 <time>2020-07-23T12:41:24Z</time>
 </trkpt>
 <trkpt lat="62.166250934824347" lon="-6.843145759776235">
 <ele>378.83984375</ele>
 <time>2020-07-23T12:41:34Z</time>
 </trkpt>
 <trkpt lat="62.166210617870092" lon="-6.843338124454022">
 <ele>378.98046875</ele>
 <time>2020-07-23T12:41:43Z</time>
 </trkpt>
 <trkpt lat="62.166162421926856" lon="-6.843517078086734">
 <ele>378.73828125</ele>
 <time>2020-07-23T12:41:52Z</time>
 </trkpt>
 <trkpt lat="62.166107520461082" lon="-6.843676082789898">
 <ele>378.33984375</ele>
 <time>2020-07-23T12:42:01Z</time>
 </trkpt>
 <trkpt lat="62.166062174364924" lon="-6.843852186575532">
 <ele>378.08203125</ele>
 <time>2020-07-23T12:42:10Z</time>
 </trkpt>
 <trkpt lat="62.166014313697815" lon="-6.844019405543804">
 <ele>377.75</ele>
 <time>2020-07-23T12:42:18Z</time>
 </trkpt>
 <trkpt lat="62.165989000350237" lon="-6.844210848212242">
 <ele>377.7265625</ele>
 <time>2020-07-23T12:42:26Z</time>
 </trkpt>
 <trkpt lat="62.165932841598988" lon="-6.844379240646958">
 <ele>377.05078125</ele>
 <time>2020-07-23T12:42:35Z</time>
 </trkpt>
 <trkpt lat="62.165907360613346" lon="-6.844576131552458">
 <ele>376.80859375</ele>
 <time>2020-07-23T12:42:44Z</time>
 </trkpt>
 <trkpt lat="62.165907863527536" lon="-6.844775453209877">
 <ele>376.96484375</ele>
 <time>2020-07-23T12:42:53Z</time>
 </trkpt>
 <trkpt lat="62.165872156620026" lon="-6.84496178291738">
 <ele>376.46875</ele>
 <time>2020-07-23T12:43:04Z</time>
 </trkpt>
 <trkpt lat="62.16581373475492" lon="-6.845107628032565">
 <ele>375.5703125</ele>
 <time>2020-07-23T12:43:14Z</time>
 </trkpt>
 <trkpt lat="62.165752043947577" lon="-6.845231596380472">
 <ele>374.609375</ele>
 <time>2020-07-23T12:43:24Z</time>
 </trkpt>
 <trkpt lat="62.165685323998332" lon="-6.845385236665607">
 <ele>373.58984375</ele>
 <time>2020-07-23T12:43:41Z</time>
 </trkpt>
 <trkpt lat="62.165620364248753" lon="-6.845539631322026">
 <ele>372.60546875</ele>
 <time>2020-07-23T12:44:02Z</time>
 </trkpt>
 <trkpt lat="62.165561858564615" lon="-6.845674579963088">
 <ele>371.71484375</ele>
 <time>2020-07-23T12:44:28Z</time>
 </trkpt>
 <trkpt lat="62.165512992069125" lon="-6.845849342644215">
 <ele>371</ele>
 <time>2020-07-23T12:44:54Z</time>
 </trkpt>
 <trkpt lat="62.165488516911864" lon="-6.846046149730682">
 <ele>370.34765625</ele>
 <time>2020-07-23T12:45:10Z</time>
 </trkpt>
 <trkpt lat="62.165454989299178" lon="-6.846229629591107">
 <ele>369.49609375</ele>
 <time>2020-07-23T12:45:19Z</time>
 </trkpt>
 <trkpt lat="62.165415678173304" lon="-6.84640908613801">
 <ele>368.6328125</ele>
 <time>2020-07-23T12:45:28Z</time>
 </trkpt>
 <trkpt lat="62.165341414511204" lon="-6.84654881246388">
 <ele>367.22265625</ele>
 <time>2020-07-23T12:45:37Z</time>
 </trkpt>
 <trkpt lat="62.165279388427734" lon="-6.846689209342003">
 <ele>366.015625</ele>
 <time>2020-07-23T12:45:46Z</time>
 </trkpt>
 <trkpt lat="62.165217781439424" lon="-6.84684444218874">
 <ele>364.92578125</ele>
 <time>2020-07-23T12:45:55Z</time>
 </trkpt>
 <trkpt lat="62.16516631655395" lon="-6.847005877643824">
 <ele>363.98046875</ele>
 <time>2020-07-23T12:46:03Z</time>
 </trkpt>
 <trkpt lat="62.165120467543602" lon="-6.847206791862845">
 <ele>363.08984375</ele>
 <time>2020-07-23T12:46:12Z</time>
 </trkpt>
 <trkpt lat="62.165067158639431" lon="-6.847365293651819">
 <ele>362.0625</ele>
 <time>2020-07-23T12:46:21Z</time>
 </trkpt>
 <trkpt lat="62.164989039301872" lon="-6.847465541213751">
 <ele>360.6015625</ele>
 <time>2020-07-23T12:46:36Z</time>
 </trkpt>
 <trkpt lat="62.16495425440371" lon="-6.847674166783691">
 <ele>359.48046875</ele>
 <time>2020-07-23T12:46:45Z</time>
 </trkpt>
 <trkpt lat="62.164898430928588" lon="-6.847843984141946">
 <ele>357.96875</ele>
 <time>2020-07-23T12:46:54Z</time>
 </trkpt>
 <trkpt lat="62.164866160601377" lon="-6.848027296364307">
 <ele>356.82421875</ele>
 <time>2020-07-23T12:47:02Z</time>
 </trkpt>
 <trkpt lat="62.164853671565652" lon="-6.848235670477152">
 <ele>355.96484375</ele>
 <time>2020-07-23T12:47:11Z</time>
 </trkpt>
 <trkpt lat="62.164824418723583" lon="-6.848436668515205">
 <ele>355</ele>
 <time>2020-07-23T12:47:21Z</time>
 </trkpt>
 <trkpt lat="62.164776306599379" lon="-6.848611766472459">
 <ele>353.83984375</ele>
 <time>2020-07-23T12:47:30Z</time>
 </trkpt>
 <trkpt lat="62.164733810350299" lon="-6.848784685134888">
 <ele>352.7734375</ele>
 <time>2020-07-23T12:47:39Z</time>
 </trkpt>
 <trkpt lat="62.16467279009521" lon="-6.848917873576284">
 <ele>351.3359375</ele>
 <time>2020-07-23T12:47:50Z</time>
 </trkpt>
 <trkpt lat="62.164647979661822" lon="-6.849110992625356">
 <ele>350.5859375</ele>
 <time>2020-07-23T12:48:04Z</time>
 </trkpt>
 <trkpt lat="62.164627276360989" lon="-6.849311320111156">
 <ele>349.71875</ele>
 <time>2020-07-23T12:48:13Z</time>
 </trkpt>
 <trkpt lat="62.16454865410924" lon="-6.849399916827679">
 <ele>347.99609375</ele>
 <time>2020-07-23T12:48:29Z</time>
 </trkpt>
 <trkpt lat="62.164457542821765" lon="-6.849528830498457">
 <ele>345.859375</ele>
 <time>2020-07-23T12:48:42Z</time>
 </trkpt>
 <trkpt lat="62.164382608607411" lon="-6.849650116637349">
 <ele>343.97265625</ele>
 <time>2020-07-23T12:48:50Z</time>
 </trkpt>
 <trkpt lat="62.164291581138968" lon="-6.849744245409966">
 <ele>341.77734375</ele>
 <time>2020-07-23T12:48:59Z</time>
 </trkpt>
 <trkpt lat="62.164206421002746" lon="-6.849847258999944">
 <ele>339.59765625</ele>
 <time>2020-07-23T12:49:07Z</time>
 </trkpt>
 <trkpt lat="62.16414506547153" lon="-6.850009113550186">
 <ele>337.578125</ele>
 <time>2020-07-23T12:49:15Z</time>
 </trkpt>
 <trkpt lat="62.164065605029464" lon="-6.850146241486073">
 <ele>335.140625</ele>
 <time>2020-07-23T12:49:23Z</time>
 </trkpt>
 <trkpt lat="62.163991006091237" lon="-6.850245650857687">
 <ele>332.95703125</ele>
 <time>2020-07-23T12:49:32Z</time>
 </trkpt>
 <trkpt lat="62.16393643990159" lon="-6.850409936159849">
 <ele>330.8203125</ele>
 <time>2020-07-23T12:49:40Z</time>
 </trkpt>
 <trkpt lat="62.163886651396751" lon="-6.850587548688054">
 <ele>328.66796875</ele>
 <time>2020-07-23T12:49:49Z</time>
 </trkpt>
 <trkpt lat="62.163892015814781" lon="-6.850780164822936">
 <ele>327.69140625</ele>
 <time>2020-07-23T12:49:58Z</time>
 </trkpt>
 <trkpt lat="62.163934595882893" lon="-6.850959453731775">
 <ele>327.70703125</ele>
 <time>2020-07-23T12:50:14Z</time>
 </trkpt>
 <trkpt lat="62.163862427696586" lon="-6.851052409037948">
 <ele>325.40625</ele>
 <time>2020-07-23T12:50:24Z</time>
 </trkpt>
 <trkpt lat="62.163776429370046" lon="-6.851130276918411">
 <ele>322.88671875</ele>
 <time>2020-07-23T12:50:33Z</time>
 </trkpt>
 <trkpt lat="62.163684563711286" lon="-6.851190375164151">
 <ele>320.69921875</ele>
 <time>2020-07-23T12:50:41Z</time>
 </trkpt>
 <trkpt lat="62.163605438545346" lon="-6.851315600797534">
 <ele>318.40625</ele>
 <time>2020-07-23T12:50:50Z</time>
 </trkpt>
 <trkpt lat="62.163519691675901" lon="-6.851420626044273">
 <ele>316.12890625</ele>
 <time>2020-07-23T12:51:00Z</time>
 </trkpt>
 <trkpt lat="62.163434447720647" lon="-6.85153872705996">
 <ele>313.8125</ele>
 <time>2020-07-23T12:51:10Z</time>
 </trkpt>
 <trkpt lat="62.163345851004124" lon="-6.851627491414547">
 <ele>311.62109375</ele>
 <time>2020-07-23T12:51:26Z</time>
 </trkpt>
 <trkpt lat="62.163262283429503" lon="-6.851757494732738">
 <ele>309.37109375</ele>
 <time>2020-07-23T12:51:37Z</time>
 </trkpt>
 <trkpt lat="62.163177123293281" lon="-6.851871488615871">
 <ele>307.1875</ele>
 <time>2020-07-23T12:51:46Z</time>
 </trkpt>
 <trkpt lat="62.163084419444203" lon="-6.851940136402845">
 <ele>305.078125</ele>
 <time>2020-07-23T12:51:55Z</time>
 </trkpt>
 <trkpt lat="62.163017028942704" lon="-6.851956732571125">
 <ele>303.703125</ele>
 <time>2020-07-23T12:52:17Z</time>
 </trkpt>
 <trkpt lat="62.163003198802471" lon="-6.851927479729056">
 <ele>303.578125</ele>
 <time>2020-07-23T12:55:22Z</time>
 </trkpt>
 <trkpt lat="62.162930192425847" lon="-6.852014400064945">
 <ele>301.87109375</ele>
 <time>2020-07-23T12:55:34Z</time>
 </trkpt>
 <trkpt lat="62.162885433062911" lon="-6.852186396718025">
 <ele>300.390625</ele>
 <time>2020-07-23T12:55:44Z</time>
 </trkpt>
 <trkpt lat="62.162834387272596" lon="-6.852343138307333">
 <ele>298.90625</ele>
 <time>2020-07-23T12:55:59Z</time>
 </trkpt>
 <trkpt lat="62.162765990942717" lon="-6.852460904046893">
 <ele>297.37109375</ele>
 <time>2020-07-23T12:56:12Z</time>
 </trkpt>
 <trkpt lat="62.162697343155742" lon="-6.852591494098306">
 <ele>296.05078125</ele>
 <time>2020-07-23T12:56:26Z</time>
 </trkpt>
 <trkpt lat="62.162615871056914" lon="-6.852669445797801">
 <ele>294.68359375</ele>
 <time>2020-07-23T12:56:39Z</time>
 </trkpt>
 <trkpt lat="62.162579577416182" lon="-6.852855272591114">
 <ele>293.71484375</ele>
 <time>2020-07-23T12:56:49Z</time>
 </trkpt>
 <trkpt lat="62.162529118359089" lon="-6.852999106049538">
 <ele>292.5859375</ele>
 <time>2020-07-23T12:56:59Z</time>
 </trkpt>
 <trkpt lat="62.162476731464267" lon="-6.853175545111299">
 <ele>291.296875</ele>
 <time>2020-07-23T12:57:08Z</time>
 </trkpt>
 <trkpt lat="62.162441024556756" lon="-6.853342177346349">
 <ele>290.26953125</ele>
 <time>2020-07-23T12:57:17Z</time>
 </trkpt>
 <trkpt lat="62.162362150847912" lon="-6.853419961407781">
 <ele>288.73828125</ele>
 <time>2020-07-23T12:57:30Z</time>
 </trkpt>
 <trkpt lat="62.162283025681973" lon="-6.853486513718963">
 <ele>287.1796875</ele>
 <time>2020-07-23T12:57:47Z</time>
 </trkpt>
 <trkpt lat="62.162213288247585" lon="-6.853623474016786">
 <ele>285.51953125</ele>
 <time>2020-07-23T12:57:55Z</time>
 </trkpt>
 <trkpt lat="62.16215780004859" lon="-6.853791950270534">
 <ele>283.9296875</ele>
 <time>2020-07-23T12:58:05Z</time>
 </trkpt>
 <trkpt lat="62.162093846127391" lon="-6.853944584727287">
 <ele>282.203125</ele>
 <time>2020-07-23T12:58:17Z</time>
 </trkpt>
 <trkpt lat="62.162035088986158" lon="-6.854092609137297">
 <ele>280.609375</ele>
 <time>2020-07-23T12:58:28Z</time>
 </trkpt>
 <trkpt lat="62.162007847800851" lon="-6.854264689609408">
 <ele>279.62890625</ele>
 <time>2020-07-23T12:59:51Z</time>
 </trkpt>
 <trkpt lat="62.161994772031903" lon="-6.854475913569331">
 <ele>278.88671875</ele>
 <time>2020-07-23T13:00:11Z</time>
 </trkpt>
 <trkpt lat="62.161952862516046" lon="-6.854656459763646">
 <ele>277.69921875</ele>
 <time>2020-07-23T13:00:27Z</time>
 </trkpt>
 <trkpt lat="62.161906259134412" lon="-6.85482082888484">
 <ele>276.46484375</ele>
 <time>2020-07-23T13:00:41Z</time>
 </trkpt>
 <trkpt lat="62.161870552226901" lon="-6.855018641799688">
 <ele>275.3125</ele>
 <time>2020-07-23T13:00:55Z</time>
 </trkpt>
 <trkpt lat="62.161812381818891" lon="-6.855186028406024">
 <ele>273.66015625</ele>
 <time>2020-07-23T13:01:17Z</time>
 </trkpt>
 <trkpt lat="62.161770472303033" lon="-6.855351654812694">
 <ele>272.30859375</ele>
 <time>2020-07-23T13:01:39Z</time>
 </trkpt>
 <trkpt lat="62.161678019911051" lon="-6.855398593470454">
 <ele>270.4765625</ele>
 <time>2020-07-23T13:02:08Z</time>
 </trkpt>
 <trkpt lat="62.161583974957466" lon="-6.855477802455425">
 <ele>268.49609375</ele>
 <time>2020-07-23T13:02:26Z</time>
 </trkpt>
 <trkpt lat="62.161531336605549" lon="-6.855684081092477">
 <ele>266.8046875</ele>
 <time>2020-07-23T13:02:38Z</time>
 </trkpt>
 <trkpt lat="62.161502838134766" lon="-6.85587870888412">
 <ele>265.58984375</ele>
 <time>2020-07-23T13:02:50Z</time>
 </trkpt>
 <trkpt lat="62.161473417654634" lon="-6.85608247295022">
 <ele>264.328125</ele>
 <time>2020-07-23T13:03:01Z</time>
 </trkpt>
 <trkpt lat="62.161411056295037" lon="-6.856204681098461">
 <ele>262.765625</ele>
 <time>2020-07-23T13:03:18Z</time>
 </trkpt>
 <trkpt lat="62.161320280283689" lon="-6.856258576735854">
 <ele>260.93359375</ele>
 <time>2020-07-23T13:03:32Z</time>
 </trkpt>
 <trkpt lat="62.161259176209569" lon="-6.85640542767942">
 <ele>259.3046875</ele>
 <time>2020-07-23T13:03:42Z</time>
 </trkpt>
 <trkpt lat="62.161184661090374" lon="-6.856511207297444">
 <ele>257.58203125</ele>
 <time>2020-07-23T13:03:53Z</time>
 </trkpt>
 <trkpt lat="62.161113582551479" lon="-6.856542387977243">
 <ele>256.1875</ele>
 <time>2020-07-23T13:04:05Z</time>
 </trkpt>
 <trkpt lat="62.161023141816258" lon="-6.856625284999609">
 <ele>254.26171875</ele>
 <time>2020-07-23T13:04:17Z</time>
 </trkpt>
 <trkpt lat="62.160947620868683" lon="-6.856774818152189">
 <ele>252.16015625</ele>
 <time>2020-07-23T13:04:27Z</time>
 </trkpt>
 <trkpt lat="62.160885846242309" lon="-6.856936840340495">
 <ele>250.1640625</ele>
 <time>2020-07-23T13:04:38Z</time>
 </trkpt>
 <trkpt lat="62.160809570923448" lon="-6.857065418735147">
 <ele>248.05078125</ele>
 <time>2020-07-23T13:04:47Z</time>
 </trkpt>
 <trkpt lat="62.160729020833969" lon="-6.857170360162854">
 <ele>245.96484375</ele>
 <time>2020-07-23T13:04:56Z</time>
 </trkpt>
 <trkpt lat="62.160637490451336" lon="-6.857217717915773">
 <ele>243.9765625</ele>
 <time>2020-07-23T13:05:05Z</time>
 </trkpt>
 <trkpt lat="62.160555515438318" lon="-6.857311008498073">
 <ele>241.88671875</ele>
 <time>2020-07-23T13:05:14Z</time>
 </trkpt>
 <trkpt lat="62.160485778003931" lon="-6.857468672096729">
 <ele>239.625</ele>
 <time>2020-07-23T13:05:23Z</time>
 </trkpt>
 <trkpt lat="62.160401036962867" lon="-6.857548216357827">
 <ele>237.515625</ele>
 <time>2020-07-23T13:05:31Z</time>
 </trkpt>
 <trkpt lat="62.160320738330483" lon="-6.857642848044634">
 <ele>235.37890625</ele>
 <time>2020-07-23T13:05:40Z</time>
 </trkpt>
 <trkpt lat="62.160240691155195" lon="-6.857764469459653">
 <ele>233.0546875</ele>
 <time>2020-07-23T13:05:49Z</time>
 </trkpt>
 <trkpt lat="62.160176066681743" lon="-6.857913583517075">
 <ele>230.828125</ele>
 <time>2020-07-23T13:05:57Z</time>
 </trkpt>
 <trkpt lat="62.160120997577906" lon="-6.858073007315397">
 <ele>228.703125</ele>
 <time>2020-07-23T13:06:06Z</time>
 </trkpt>
 <trkpt lat="62.160056876018643" lon="-6.858203765004873">
 <ele>226.5546875</ele>
 <time>2020-07-23T13:06:15Z</time>
 </trkpt>
 <trkpt lat="62.160016559064388" lon="-6.858390429988504">
 <ele>224.2109375</ele>
 <time>2020-07-23T13:06:24Z</time>
 </trkpt>
 <trkpt lat="62.159943049773574" lon="-6.858500903472304">
 <ele>221.51953125</ele>
 <time>2020-07-23T13:06:33Z</time>
 </trkpt>
 <trkpt lat="62.159853028133512" lon="-6.858561169356108">
 <ele>219.02734375</ele>
 <time>2020-07-23T13:06:43Z</time>
 </trkpt>
 <trkpt lat="62.159774908795953" lon="-6.858660746365786">
 <ele>216.359375</ele>
 <time>2020-07-23T13:06:53Z</time>
 </trkpt>
 <trkpt lat="62.159695280715823" lon="-6.858790414407849">
 <ele>213.33203125</ele>
 <time>2020-07-23T13:07:02Z</time>
 </trkpt>
 <trkpt lat="62.159609785303473" lon="-6.85888035222888">
 <ele>210.4921875</ele>
 <time>2020-07-23T13:07:10Z</time>
 </trkpt>
 <trkpt lat="62.159528229385614" lon="-6.858968613669276">
 <ele>207.28515625</ele>
 <time>2020-07-23T13:07:18Z</time>
 </trkpt>
 <trkpt lat="62.159438207745552" lon="-6.859046146273613">
 <ele>203.96484375</ele>
 <time>2020-07-23T13:07:27Z</time>
 </trkpt>
 <trkpt lat="62.159343827515841" lon="-6.859105573967099">
 <ele>200.71484375</ele>
 <time>2020-07-23T13:07:37Z</time>
 </trkpt>
 <trkpt lat="62.159257410094142" lon="-6.85917891561985">
 <ele>197.53515625</ele>
 <time>2020-07-23T13:07:49Z</time>
 </trkpt>
 <trkpt lat="62.15917032212019" lon="-6.859203558415175">
 <ele>194.86328125</ele>
 <time>2020-07-23T13:08:02Z</time>
 </trkpt>
 <trkpt lat="62.15908189304173" lon="-6.859246054664254">
 <ele>191.9609375</ele>
 <time>2020-07-23T13:08:17Z</time>
 </trkpt>
 <trkpt lat="62.158993380144238" lon="-6.859303303062916">
 <ele>188.8984375</ele>
 <time>2020-07-23T13:08:31Z</time>
 </trkpt>
 <trkpt lat="62.15891526080668" lon="-6.859369603917003">
 <ele>186.02734375</ele>
 <time>2020-07-23T13:08:43Z</time>
 </trkpt>
 <trkpt lat="62.158844685181975" lon="-6.859448980540037">
 <ele>183.21875</ele>
 <time>2020-07-23T13:08:53Z</time>
 </trkpt>
 <trkpt lat="62.158772768452764" lon="-6.859509414061904">
 <ele>180.4765625</ele>
 <time>2020-07-23T13:09:09Z</time>
 </trkpt>
 <trkpt lat="62.158684674650431" lon="-6.859607817605138">
 <ele>176.5703125</ele>
 <time>2020-07-23T13:09:21Z</time>
 </trkpt>
 <trkpt lat="62.158616445958614" lon="-6.859730193391442">
 <ele>173.10546875</ele>
 <time>2020-07-23T13:09:38Z</time>
 </trkpt>
 <trkpt lat="62.158530782908201" lon="-6.859821053221822">
 <ele>169.45703125</ele>
 <time>2020-07-23T13:09:50Z</time>
 </trkpt>
 <trkpt lat="62.158445874229074" lon="-6.85988643206656">
 <ele>166.125</ele>
 <time>2020-07-23T13:10:01Z</time>
 </trkpt>
 <trkpt lat="62.158353589475155" lon="-6.859949883073568">
 <ele>162.609375</ele>
 <time>2020-07-23T13:10:13Z</time>
 </trkpt>
 <trkpt lat="62.158273877575994" lon="-6.860045520588756">
 <ele>159.109375</ele>
 <time>2020-07-23T13:10:23Z</time>
 </trkpt>
 <trkpt lat="62.158188801258802" lon="-6.860114587470889">
 <ele>155.69140625</ele>
 <time>2020-07-23T13:10:34Z</time>
 </trkpt>
 <trkpt lat="62.158109340816736" lon="-6.860218942165375">
 <ele>152.07421875</ele>
 <time>2020-07-23T13:10:45Z</time>
 </trkpt>
 <trkpt lat="62.158029545098543" lon="-6.860293038189411">
 <ele>148.80078125</ele>
 <time>2020-07-23T13:11:03Z</time>
 </trkpt>
 <trkpt lat="62.157942289486527" lon="-6.860369984060526">
 <ele>145.35546875</ele>
 <time>2020-07-23T13:11:16Z</time>
 </trkpt>
 <trkpt lat="62.157851932570338" lon="-6.860416671261191">
 <ele>142.40625</ele>
 <time>2020-07-23T13:11:30Z</time>
 </trkpt>
 <trkpt lat="62.157758893445134" lon="-6.8604542221874">
 <ele>139.4765625</ele>
 <time>2020-07-23T13:11:44Z</time>
 </trkpt>
 <trkpt lat="62.157670296728611" lon="-6.860477020964027">
 <ele>136.8203125</ele>
 <time>2020-07-23T13:12:00Z</time>
 </trkpt>
 <trkpt lat="62.157603576779366" lon="-6.860642898827791">
 <ele>133.1328125</ele>
 <time>2020-07-23T13:12:18Z</time>
 </trkpt>
 <trkpt lat="62.157552111893892" lon="-6.860799556598067">
 <ele>129.9375</ele>
 <time>2020-07-23T13:12:32Z</time>
 </trkpt>
 <trkpt lat="62.157478770241141" lon="-6.860895864665508">
 <ele>126.6640625</ele>
 <time>2020-07-23T13:13:41Z</time>
 </trkpt>
 <trkpt lat="62.157397884875536" lon="-6.861017318442464">
 <ele>122.7578125</ele>
 <time>2020-07-23T13:14:00Z</time>
 </trkpt>
 <trkpt lat="62.157325046136975" lon="-6.86114170588553">
 <ele>118.98046875</ele>
 <time>2020-07-23T13:14:15Z</time>
 </trkpt>
 <trkpt lat="62.157236617058516" lon="-6.861242288723588">
 <ele>115.0390625</ele>
 <time>2020-07-23T13:14:26Z</time>
 </trkpt>
 <trkpt lat="62.157157240435481" lon="-6.861343793570995">
 <ele>111.296875</ele>
 <time>2020-07-23T13:14:36Z</time>
 </trkpt>
 <trkpt lat="62.157063111662865" lon="-6.861376650631428">
 <ele>108.23046875</ele>
 <time>2020-07-23T13:14:48Z</time>
 </trkpt>
 <trkpt lat="62.15696269646287" lon="-6.861384445801377">
 <ele>105.4375</ele>
 <time>2020-07-23T13:14:58Z</time>
 </trkpt>
 <trkpt lat="62.156874602660537" lon="-6.861408753320575">
 <ele>102.76171875</ele>
 <time>2020-07-23T13:15:08Z</time>
 </trkpt>
 <trkpt lat="62.156780809164047" lon="-6.861376063898206">
 <ele>100.671875</ele>
 <time>2020-07-23T13:15:20Z</time>
 </trkpt>
 <trkpt lat="62.156690955162048" lon="-6.861363239586353">
 <ele>98.4140625</ele>
 <time>2020-07-23T13:15:32Z</time>
 </trkpt>
 <trkpt lat="62.156604034826159" lon="-6.861334322020412">
 <ele>96.40625</ele>
 <time>2020-07-23T13:15:51Z</time>
 </trkpt>
 <trkpt lat="62.156544607132673" lon="-6.861245725303888">
 <ele>95.77734375</ele>
 <time>2020-07-23T13:16:10Z</time>
 </trkpt>
 <trkpt lat="62.156571932137012" lon="-6.861338010057807">
 <ele>95.5</ele>
 <time>2020-07-23T13:22:17Z</time>
 </trkpt>
 <trkpt lat="62.156557850539684" lon="-6.861515454947949">
 <ele>93.14453125</ele>
 <time>2020-07-23T13:22:31Z</time>
 </trkpt>
 <trkpt lat="62.156560365110636" lon="-6.861712178215385">
 <ele>91.13671875</ele>
 <time>2020-07-23T13:22:46Z</time>
 </trkpt>
 <trkpt lat="62.156575620174408" lon="-6.861916780471802">
 <ele>89.6328125</ele>
 <time>2020-07-23T13:23:01Z</time>
 </trkpt>
 <trkpt lat="62.156596994027495" lon="-6.862101182341576">
 <ele>88.4453125</ele>
 <time>2020-07-23T13:23:18Z</time>
 </trkpt>
 <trkpt lat="62.156584840267897" lon="-6.862292289733887">
 <ele>86.390625</ele>
 <time>2020-07-23T13:23:37Z</time>
 </trkpt>
 <trkpt lat="62.15660797432065" lon="-6.862488845363259">
 <ele>85.1015625</ele>
 <time>2020-07-23T13:23:53Z</time>
 </trkpt>
 <trkpt lat="62.15663437731564" lon="-6.862660087645054">
 <ele>84.09765625</ele>
 <time>2020-07-23T13:24:25Z</time>
 </trkpt>
 <trkpt lat="62.156660696491599" lon="-6.862839544191957">
 <ele>82.984375</ele>
 <time>2020-07-23T13:24:47Z</time>
 </trkpt>
 <trkpt lat="62.156651644036174" lon="-6.86302587389946">
 <ele>81.03125</ele>
 <time>2020-07-23T13:25:15Z</time>
 </trkpt>
 <trkpt lat="62.156679974868894" lon="-6.863218825310469">
 <ele>79.796875</ele>
 <time>2020-07-23T13:26:02Z</time>
 </trkpt>
 <trkpt lat="62.156650554388762" lon="-6.863389983773232">
 <ele>77.69921875</ele>
 <time>2020-07-23T13:26:35Z</time>
 </trkpt>
 <trkpt lat="62.15661627240479" lon="-6.86357312835753">
 <ele>75.59765625</ele>
 <time>2020-07-23T13:27:01Z</time>
 </trkpt>
 <trkpt lat="62.156590120866895" lon="-6.863735653460026">
 <ele>73.83203125</ele>
 <time>2020-07-23T13:27:24Z</time>
 </trkpt>
 <trkpt lat="62.156580900773406" lon="-6.863914271816611">
 <ele>72.2890625</ele>
 <time>2020-07-23T13:27:54Z</time>
 </trkpt>
 <trkpt lat="62.156615266576409" lon="-6.864078473299742">
 <ele>71.703125</ele>
 <time>2020-07-23T13:28:11Z</time>
 </trkpt>
 <trkpt lat="62.156597580760717" lon="-6.864276118576527">
 <ele>69.6484375</ele>
 <time>2020-07-23T13:28:26Z</time>
 </trkpt>
 <trkpt lat="62.156610572710633" lon="-6.864474602043629">
 <ele>68.04296875</ele>
 <time>2020-07-23T13:28:47Z</time>
 </trkpt>
 <trkpt lat="62.156599843874574" lon="-6.864672917872667">
 <ele>66.00390625</ele>
 <time>2020-07-23T13:29:03Z</time>
 </trkpt>
 <trkpt lat="62.156591964885592" lon="-6.86486997641623">
 <ele>64.04296875</ele>
 <time>2020-07-23T13:29:23Z</time>
 </trkpt>
 <trkpt lat="62.156620630994439" lon="-6.86503660865128">
 <ele>63.0234375</ele>
 <time>2020-07-23T13:29:41Z</time>
 </trkpt>
 <trkpt lat="62.156667402014136" lon="-6.865225872024894">
 <ele>62.21875</ele>
 <time>2020-07-23T13:29:53Z</time>
 </trkpt>
 <trkpt lat="62.156678549945354" lon="-6.865431731566787">
 <ele>60.6796875</ele>
 <time>2020-07-23T13:30:08Z</time>
 </trkpt>
 <trkpt lat="62.15671693906188" lon="-6.865576487034559">
 <ele>60.10546875</ele>
 <time>2020-07-23T13:30:33Z</time>
 </trkpt>
 <trkpt lat="62.156757591292262" lon="-6.865771198645234">
 <ele>59.15234375</ele>
 <time>2020-07-23T13:30:46Z</time>
 </trkpt>
 <trkpt lat="62.156787011772394" lon="-6.865948559716344">
 <ele>58.31640625</ele>
 <time>2020-07-23T13:30:58Z</time>
 </trkpt>
 <trkpt lat="62.156829675659537" lon="-6.866130279377103">
 <ele>57.72265625</ele>
 <time>2020-07-23T13:31:13Z</time>
 </trkpt>
 <trkpt lat="62.156840823590755" lon="-6.866331025958061">
 <ele>56.46484375</ele>
 <time>2020-07-23T13:31:33Z</time>
 </trkpt>
 <trkpt lat="62.15687376447022" lon="-6.866521378979087">
 <ele>55.6484375</ele>
 <time>2020-07-23T13:31:44Z</time>
 </trkpt>
 <trkpt lat="62.156879464164376" lon="-6.866665044799447">
 <ele>54.68359375</ele>
 <time>2020-07-23T13:32:03Z</time>
 </trkpt>
 <trkpt lat="62.156923469156027" lon="-6.866770908236504">
 <ele>54.46484375</ele>
 <time>2020-07-23T13:34:17Z</time>
 </trkpt>
 <trkpt lat="62.156886756420135" lon="-6.866967044770718">
 <ele>52.11328125</ele>
 <time>2020-07-23T13:34:32Z</time>
 </trkpt>
 <trkpt lat="62.156902179121971" lon="-6.867206180468202">
 <ele>50.21875</ele>
 <time>2020-07-23T13:34:49Z</time>
 </trkpt>
 <trkpt lat="62.156852809712291" lon="-6.867399634793401">
 <ele>47.76171875</ele>
 <time>2020-07-23T13:35:02Z</time>
 </trkpt>
 <trkpt lat="62.156812408939004" lon="-6.867564003914595">
 <ele>45.77734375</ele>
 <time>2020-07-23T13:35:20Z</time>
 </trkpt>
 <trkpt lat="62.15674577280879" lon="-6.867743711918593">
 <ele>43.41015625</ele>
 <time>2020-07-23T13:35:48Z</time>
 </trkpt>
 <trkpt lat="62.156680393964052" lon="-6.867892071604729">
 <ele>41.40625</ele>
 <time>2020-07-23T13:36:13Z</time>
 </trkpt>
 <trkpt lat="62.156612584367394" lon="-6.868027271702886">
 <ele>39.55078125</ele>
 <time>2020-07-23T13:36:29Z</time>
 </trkpt>
 <trkpt lat="62.156566819176078" lon="-6.868189880624414">
 <ele>37.83203125</ele>
 <time>2020-07-23T13:36:50Z</time>
 </trkpt>
 <trkpt lat="62.156519880518317" lon="-6.868329271674156">
 <ele>36.3515625</ele>
 <time>2020-07-23T13:37:19Z</time>
 </trkpt>
 <trkpt lat="62.156577464193106" lon="-6.868498669937253">
 <ele>36.01953125</ele>
 <time>2020-07-23T13:37:38Z</time>
 </trkpt>
 <trkpt lat="62.156623397022486" lon="-6.868660943582654">
 <ele>35.55859375</ele>
 <time>2020-07-23T13:38:04Z</time>
 </trkpt>
 <trkpt lat="62.15660504065454" lon="-6.868840986862779">
 <ele>34.3515625</ele>
 <time>2020-07-23T13:38:19Z</time>
 </trkpt>
 <trkpt lat="62.156542846933007" lon="-6.868952801451087">
 <ele>33.15625</ele>
 <time>2020-07-23T13:38:36Z</time>
 </trkpt>
 <trkpt lat="62.156497752293944" lon="-6.869114739820361">
 <ele>31.87890625</ele>
 <time>2020-07-23T13:38:53Z</time>
 </trkpt>
 <trkpt lat="62.156447125598788" lon="-6.869269385933876">
 <ele>30.83984375</ele>
 <time>2020-07-23T13:39:08Z</time>
 </trkpt>
 <trkpt lat="62.156379483640194" lon="-6.869369046762586">
 <ele>29.91015625</ele>
 <time>2020-07-23T13:39:23Z</time>
 </trkpt>
 <trkpt lat="62.15634067542851" lon="-6.869538864120841">
 <ele>28.97265625</ele>
 <time>2020-07-23T13:39:36Z</time>
 </trkpt>
 <trkpt lat="62.156271105632186" lon="-6.86967515386641">
 <ele>27.60546875</ele>
 <time>2020-07-23T13:39:51Z</time>
 </trkpt>
 <trkpt lat="62.156228190287948" lon="-6.869844719767571">
 <ele>26.12109375</ele>
 <time>2020-07-23T13:40:08Z</time>
 </trkpt>
 <trkpt lat="62.156200613826513" lon="-6.86996340751648">
 <ele>25.12890625</ele>
 <time>2020-07-23T13:40:33Z</time>
 </trkpt>
 <trkpt lat="62.156131798401475" lon="-6.870074383914471">
 <ele>23.234375</ele>
 <time>2020-07-23T13:40:52Z</time>
 </trkpt>
 <trkpt lat="62.156042028218508" lon="-6.870119646191597">
 <ele>21.21484375</ele>
 <time>2020-07-23T13:41:06Z</time>
 </trkpt>
 <trkpt lat="62.155995089560747" lon="-6.870281165465713">
 <ele>19.55859375</ele>
 <time>2020-07-23T13:41:18Z</time>
 </trkpt>
 <trkpt lat="62.156033478677273" lon="-6.870473613962531">
 <ele>19.47265625</ele>
 <time>2020-07-23T13:41:53Z</time>
 </trkpt>
 <trkpt lat="62.156077651306987" lon="-6.870646281167865">
 <ele>19.5703125</ele>
 <time>2020-07-23T13:41:59Z</time>
 </trkpt>
 <trkpt lat="62.156118303537369" lon="-6.870821379125118">
 <ele>19.5546875</ele>
 <time>2020-07-23T13:42:05Z</time>
 </trkpt>
 <trkpt lat="62.156156525015831" lon="-6.871017767116427">
 <ele>19.1484375</ele>
 <time>2020-07-23T13:42:12Z</time>
 </trkpt>
 <trkpt lat="62.156193070113659" lon="-6.871196134015918">
 <ele>18.796875</ele>
 <time>2020-07-23T13:42:18Z</time>
 </trkpt>
 <trkpt lat="62.156235482543707" lon="-6.871396545320749">
 <ele>18.40234375</ele>
 <time>2020-07-23T13:42:25Z</time>
 </trkpt>
 <trkpt lat="62.156268004328012" lon="-6.871609194204211">
 <ele>17.73046875</ele>
 <time>2020-07-23T13:42:32Z</time>
 </trkpt>
 <trkpt lat="62.156311171129346" lon="-6.871793009340763">
 <ele>17.68359375</ele>
 <time>2020-07-23T13:42:39Z</time>
 </trkpt>
 <trkpt lat="62.156354505568743" lon="-6.87198537401855">
 <ele>17.58984375</ele>
 <time>2020-07-23T13:42:46Z</time>
 </trkpt>
 <trkpt lat="62.156391805037856" lon="-6.87218033708632">
 <ele>17.42578125</ele>
 <time>2020-07-23T13:42:52Z</time>
 </trkpt>
 <trkpt lat="62.156443605199456" lon="-6.872377814725041">
 <ele>17.48046875</ele>
 <time>2020-07-23T13:42:59Z</time>
 </trkpt>
 <trkpt lat="62.156488951295614" lon="-6.872542183846235">
 <ele>17.5625</ele>
 <time>2020-07-23T13:43:05Z</time>
 </trkpt>
 <trkpt lat="62.156536895781755" lon="-6.872727004811168">
 <ele>17.58984375</ele>
 <time>2020-07-23T13:43:12Z</time>
 </trkpt>
 <trkpt lat="62.156596072018147" lon="-6.872904198244214">
 <ele>17.8046875</ele>
 <time>2020-07-23T13:43:19Z</time>
 </trkpt>
 <trkpt lat="62.156659942120314" lon="-6.873094886541367">
 <ele>18.03515625</ele>
 <time>2020-07-23T13:43:26Z</time>
 </trkpt>
 <trkpt lat="62.15671450830996" lon="-6.87329538166523">
 <ele>18.1015625</ele>
 <time>2020-07-23T13:43:33Z</time>
 </trkpt>
 <trkpt lat="62.156748957931995" lon="-6.873502917587757">
 <ele>17.74609375</ele>
 <time>2020-07-23T13:43:40Z</time>
 </trkpt>
 <trkpt lat="62.156778797507286" lon="-6.873706262558699">
 <ele>17.34765625</ele>
 <time>2020-07-23T13:43:47Z</time>
 </trkpt>
 <trkpt lat="62.156802099198103" lon="-6.873912792652845">
 <ele>16.85546875</ele>
 <time>2020-07-23T13:43:54Z</time>
 </trkpt>
 <trkpt lat="62.156837973743677" lon="-6.874095182865858">
 <ele>16.671875</ele>
 <time>2020-07-23T13:44:02Z</time>
 </trkpt>
 <trkpt lat="62.156920284032822" lon="-6.874180510640144">
 <ele>17.59375</ele>
 <time>2020-07-23T13:44:15Z</time>
 </trkpt>
 <trkpt lat="62.156923972070217" lon="-6.874178918078542">
 <ele>17.66015625</ele>
 <time>2020-07-23T13:47:05Z</time>
 </trkpt>
 </trkseg>
 </trk>

</gpx>