<?xml version="1.0" encoding="utf-8"?> <gpx creator="Garmin Desktop App" version="1.1" xsi:schemaLocation="http://www.topografix.com/GPX/1/1 http://www.topografix.com/GPX/1/1/gpx.xsd http://www.garmin.com/xmlschemas/WaypointExtension/v1 http://www8.garmin.com/xmlschemas/WaypointExtensionv1.xsd http://www.garmin.com/xmlschemas/TrackPointExtension/v1 http://www.garmin.com/xmlschemas/TrackPointExtensionv1.xsd http://www.garmin.com/xmlschemas/GpxExtensions/v3 http://www8.garmin.com/xmlschemas/GpxExtensionsv3.xsd http://www.garmin.com/xmlschemas/ActivityExtension/v1 http://www8.garmin.com/xmlschemas/ActivityExtensionv1.xsd http://www.garmin.com/xmlschemas/AdventuresExtensions/v1 http://www8.garmin.com/xmlschemas/AdventuresExtensionv1.xsd http://www.garmin.com/xmlschemas/PressureExtension/v1 http://www.garmin.com/xmlschemas/PressureExtensionv1.xsd http://www.garmin.com/xmlschemas/TripExtensions/v1 http://www.garmin.com/xmlschemas/TripExtensionsv1.xsd http://www.garmin.com/xmlschemas/TripMetaDataExtensions/v1 http://www.garmin.com/xmlschemas/TripMetaDataExtensionsv1.xsd http://www.garmin.com/xmlschemas/ViaPointTransportationModeExtensions/v1 http://www.garmin.com/xmlschemas/ViaPointTransportationModeExtensionsv1.xsd http://www.garmin.com/xmlschemas/CreationTimeExtension/v1 http://www.garmin.com/xmlschemas/CreationTimeExtensionsv1.xsd http://www.garmin.com/xmlschemas/AccelerationExtension/v1 http://www.garmin.com/xmlschemas/AccelerationExtensionv1.xsd http://www.garmin.com/xmlschemas/PowerExtension/v1 http://www.garmin.com/xmlschemas/PowerExtensionv1.xsd http://www.garmin.com/xmlschemas/VideoExtension/v1 http://www.garmin.com/xmlschemas/VideoExtensionv1.xsd" xmlns="http://www.topografix.com/GPX/1/1" xmlns:xsi="http://www.w3.org/2001/XMLSchema-instance" xmlns:wptx1="http://www.garmin.com/xmlschemas/WaypointExtension/v1" xmlns:gpxtrx="http://www.garmin.com/xmlschemas/GpxExtensions/v3" xmlns:gpxtpx="http://www.garmin.com/xmlschemas/TrackPointExtension/v1" xmlns:gpxx="http://www.garmin.com/xmlschemas/GpxExtensions/v3" xmlns:trp="http://www.garmin.com/xmlschemas/TripExtensions/v1" xmlns:adv="http://www.garmin.com/xmlschemas/AdventuresExtensions/v1" xmlns:prs="http://www.garmin.com/xmlschemas/PressureExtension/v1" xmlns:tmd="http://www.garmin.com/xmlschemas/TripMetaDataExtensions/v1" xmlns:vptm="http://www.garmin.com/xmlschemas/ViaPointTransportationModeExtensions/v1" xmlns:ctx="http://www.garmin.com/xmlschemas/CreationTimeExtension/v1" xmlns:gpxacc="http://www.garmin.com/xmlschemas/AccelerationExtension/v1" xmlns:gpxpx="http://www.garmin.com/xmlschemas/PowerExtension/v1" xmlns:vidx1="http://www.garmin.com/xmlschemas/VideoExtension/v1">

 <metadata>
 <link href="http://www.garmin.com">
 <text>Garmin International</text>
 </link>
 <time>2021-01-27T13:51:20Z</time>
 <bounds maxlat="62.289461558684707" maxlon="-7.149667767807841" minlat="62.245878679677844" minlon="-7.18911568634212" />
 </metadata>

 <wpt lat="62.254393016919494" lon="-7.188897002488375">
 <ele>270.72256499999997</ele>
 <time>2020-07-13T12:55:58Z</time>
 <name>WP1 04_ST</name>
 <sym>Flag, Blue</sym>
 <type>user</type>
 <extensions>
 <gpxx:WaypointExtension>
 <gpxx:DisplayMode>SymbolAndName</gpxx:DisplayMode>
 </gpxx:WaypointExtension>
 <wptx1:WaypointExtension>
 <wptx1:DisplayMode>SymbolAndName</wptx1:DisplayMode>
 </wptx1:WaypointExtension>
 <ctx:CreationTimeExtension>
 <ctx:CreationTime>2020-07-13T12:55:58Z</ctx:CreationTime>
 </ctx:CreationTimeExtension>
 </extensions>
 </wpt>

 <wpt lat="62.272853991016746" lon="-7.185305021703243">
 <ele>514.18573000000004</ele>
 <time>2020-07-13T13:44:53Z</time>
 <name>WP2 07_ST</name>
 <sym>Flag, Blue</sym>
 <type>user</type>
 <extensions>
 <gpxx:WaypointExtension>
 <gpxx:DisplayMode>SymbolAndName</gpxx:DisplayMode>
 </gpxx:WaypointExtension>
 <wptx1:WaypointExtension>
 <wptx1:DisplayMode>SymbolAndName</wptx1:DisplayMode>
 </wptx1:WaypointExtension>
 <ctx:CreationTimeExtension>
 <ctx:CreationTime>2020-07-13T13:44:53Z</ctx:CreationTime>
 </ctx:CreationTimeExtension>
 </extensions>
 </wpt>

 <wpt lat="62.286149030551314" lon="-7.15403800830245">
 <ele>107.356651</ele>
 <time>2020-07-13T14:34:21Z</time>
 <name>WP3 11_ST</name>
 <sym>Flag, Blue</sym>
 <type>user</type>
 <extensions>
 <gpxx:WaypointExtension>
 <gpxx:DisplayMode>SymbolAndName</gpxx:DisplayMode>
 </gpxx:WaypointExtension>
 <wptx1:WaypointExtension>
 <wptx1:DisplayMode>SymbolAndName</wptx1:DisplayMode>
 </wptx1:WaypointExtension>
 <ctx:CreationTimeExtension>
 <ctx:CreationTime>2020-07-13T14:34:21Z</ctx:CreationTime>
 </ctx:CreationTimeExtension>
 </extensions>
 </wpt>

 <trk>
 <name>09 Wanderung Saksun Tjørnuvik</name>
 <extensions>
 <gpxx:TrackExtension>
 <gpxx:DisplayColor>Black</gpxx:DisplayColor>
 </gpxx:TrackExtension>
 </extensions>
 <trkseg>
 <trkpt lat="62.245878679677844" lon="-7.176860254257917">
 <ele>46.810000000000002</ele>
 <time>2020-07-13T12:23:21Z</time>
 </trkpt>
 <trkpt lat="62.245959648862481" lon="-7.176903085783124">
 <ele>47.789999999999999</ele>
 <time>2020-07-13T12:23:43Z</time>
 </trkpt>
 <trkpt lat="62.246042294427752" lon="-7.176949437707663">
 <ele>48.509999999999998</ele>
 <time>2020-07-13T12:23:49Z</time>
 </trkpt>
 <trkpt lat="62.246129801496863" lon="-7.176987072452903">
 <ele>49.229999999999997</ele>
 <time>2020-07-13T12:23:55Z</time>
 </trkpt>
 <trkpt lat="62.246218733489513" lon="-7.177027557045221">
 <ele>49.219999999999999</ele>
 <time>2020-07-13T12:24:01Z</time>
 </trkpt>
 <trkpt lat="62.246308252215385" lon="-7.177074076607823">
 <ele>49.490000000000002</ele>
 <time>2020-07-13T12:24:07Z</time>
 </trkpt>
 <trkpt lat="62.246410762891173" lon="-7.177101988345385">
 <ele>49.530000000000001</ele>
 <time>2020-07-13T12:24:14Z</time>
 </trkpt>
 <trkpt lat="62.246518554165959" lon="-7.177129397168756">
 <ele>49.219999999999999</ele>
 <time>2020-07-13T12:24:21Z</time>
 </trkpt>
 <trkpt lat="62.246621148660779" lon="-7.177145071327686">
 <ele>49.409999999999997</ele>
 <time>2020-07-13T12:24:27Z</time>
 </trkpt>
 <trkpt lat="62.246721982955933" lon="-7.177167870104313">
 <ele>48.710000000000001</ele>
 <time>2020-07-13T12:24:33Z</time>
 </trkpt>
 <trkpt lat="62.246826170012355" lon="-7.177214976400137">
 <ele>48.399999999999999</ele>
 <time>2020-07-13T12:24:39Z</time>
 </trkpt>
 <trkpt lat="62.246926166117191" lon="-7.177247833460569">
 <ele>47.619999999999997</ele>
 <time>2020-07-13T12:24:45Z</time>
 </trkpt>
 <trkpt lat="62.247023396193981" lon="-7.177288820967078">
 <ele>47.100000000000001</ele>
 <time>2020-07-13T12:24:51Z</time>
 </trkpt>
 <trkpt lat="62.247119201347232" lon="-7.177325868979096">
 <ele>46.740000000000002</ele>
 <time>2020-07-13T12:24:57Z</time>
 </trkpt>
 <trkpt lat="62.247212240472436" lon="-7.177331987768412">
 <ele>46.920000000000002</ele>
 <time>2020-07-13T12:25:03Z</time>
 </trkpt>
 <trkpt lat="62.247266806662083" lon="-7.177166193723679">
 <ele>45.950000000000003</ele>
 <time>2020-07-13T12:25:09Z</time>
 </trkpt>
 <trkpt lat="62.247330257669091" lon="-7.177006350830197">
 <ele>47.979999999999997</ele>
 <time>2020-07-13T12:25:17Z</time>
 </trkpt>
 <trkpt lat="62.24739613942802" lon="-7.176828738301992">
 <ele>51.630000000000003</ele>
 <time>2020-07-13T12:25:29Z</time>
 </trkpt>
 <trkpt lat="62.247467385604978" lon="-7.1767040155828">
 <ele>54.740000000000002</ele>
 <time>2020-07-13T12:25:40Z</time>
 </trkpt>
 <trkpt lat="62.247542655095458" lon="-7.176641402766109">
 <ele>56.590000000000003</ele>
 <time>2020-07-13T12:25:50Z</time>
 </trkpt>
 <trkpt lat="62.247618259862065" lon="-7.176705608144403">
 <ele>57.969999999999999</ele>
 <time>2020-07-13T12:25:59Z</time>
 </trkpt>
 <trkpt lat="62.247715909034014" lon="-7.176658669486642">
 <ele>61.18</ele>
 <time>2020-07-13T12:26:11Z</time>
 </trkpt>
 <trkpt lat="62.247797464951873" lon="-7.176588596776128">
 <ele>65.019999999999996</ele>
 <time>2020-07-13T12:26:27Z</time>
 </trkpt>
 <trkpt lat="62.247882960364223" lon="-7.176494970917702">
 <ele>70.239999999999995</ele>
 <time>2020-07-13T12:26:47Z</time>
 </trkpt>
 <trkpt lat="62.247966947034001" lon="-7.176422467455268">
 <ele>72.510000000000005</ele>
 <time>2020-07-13T12:26:57Z</time>
 </trkpt>
 <trkpt lat="62.248050263151526" lon="-7.176387934014201">
 <ele>74.5</ele>
 <time>2020-07-13T12:27:18Z</time>
 </trkpt>
 <trkpt lat="62.248139027506113" lon="-7.176460772752762">
 <ele>79.030000000000001</ele>
 <time>2020-07-13T12:27:33Z</time>
 </trkpt>
 <trkpt lat="62.248235084116459" lon="-7.176462365314364">
 <ele>82.340000000000003</ele>
 <time>2020-07-13T12:27:45Z</time>
 </trkpt>
 <trkpt lat="62.24834069609642" lon="-7.176374020054936">
 <ele>84.409999999999997</ele>
 <time>2020-07-13T12:27:55Z</time>
 </trkpt>
 <trkpt lat="62.248401800170541" lon="-7.176445182412863">
 <ele>85.319999999999993</ele>
 <time>2020-07-13T12:28:11Z</time>
 </trkpt>
 <trkpt lat="62.248450415208936" lon="-7.176580131053925">
 <ele>86.670000000000002</ele>
 <time>2020-07-13T12:28:19Z</time>
 </trkpt>
 <trkpt lat="62.248524762690067" lon="-7.176634529605508">
 <ele>89.969999999999999</ele>
 <time>2020-07-13T12:28:35Z</time>
 </trkpt>
 <trkpt lat="62.248592991381884" lon="-7.176686748862267">
 <ele>92.629999999999995</ele>
 <time>2020-07-13T12:28:49Z</time>
 </trkpt>
 <trkpt lat="62.248603384941816" lon="-7.176528498530388">
 <ele>94.760000000000005</ele>
 <time>2020-07-13T12:29:03Z</time>
 </trkpt>
 <trkpt lat="62.248659878969193" lon="-7.176494551822543">
 <ele>97.840000000000003</ele>
 <time>2020-07-13T12:29:17Z</time>
 </trkpt>
 <trkpt lat="62.248619729653001" lon="-7.17631945386529">
 <ele>101.67</ele>
 <time>2020-07-13T12:29:33Z</time>
 </trkpt>
 <trkpt lat="62.248622579500079" lon="-7.176154917106032">
 <ele>104.39</ele>
 <time>2020-07-13T12:29:46Z</time>
 </trkpt>
 <trkpt lat="62.248695669695735" lon="-7.176116779446602">
 <ele>107.84999999999999</ele>
 <time>2020-07-13T12:30:04Z</time>
 </trkpt>
 <trkpt lat="62.248748224228621" lon="-7.176243849098682">
 <ele>108.34999999999999</ele>
 <time>2020-07-13T12:30:14Z</time>
 </trkpt>
 <trkpt lat="62.248807149007916" lon="-7.176381815224886">
 <ele>109.08</ele>
 <time>2020-07-13T12:30:24Z</time>
 </trkpt>
 <trkpt lat="62.248834306374192" lon="-7.176545765250921">
 <ele>110.05</ele>
 <time>2020-07-13T12:30:33Z</time>
 </trkpt>
 <trkpt lat="62.248893063515425" lon="-7.176692867651582">
 <ele>111.17</ele>
 <time>2020-07-13T12:30:42Z</time>
 </trkpt>
 <trkpt lat="62.24895341321826" lon="-7.176836868748069">
 <ele>112.09</ele>
 <time>2020-07-13T12:30:50Z</time>
 </trkpt>
 <trkpt lat="62.249015271663666" lon="-7.176946001127362">
 <ele>111.95</ele>
 <time>2020-07-13T12:30:58Z</time>
 </trkpt>
 <trkpt lat="62.249036561697721" lon="-7.177127050235868">
 <ele>111.83</ele>
 <time>2020-07-13T12:31:08Z</time>
 </trkpt>
 <trkpt lat="62.249067826196551" lon="-7.177321678027511">
 <ele>111.84999999999999</ele>
 <time>2020-07-13T12:31:23Z</time>
 </trkpt>
 <trkpt lat="62.249112920835614" lon="-7.177500715479255">
 <ele>113.13</ele>
 <time>2020-07-13T12:31:32Z</time>
 </trkpt>
 <trkpt lat="62.249173689633608" lon="-7.177667934447527">
 <ele>114.59999999999999</ele>
 <time>2020-07-13T12:31:41Z</time>
 </trkpt>
 <trkpt lat="62.249276367947459" lon="-7.177683608606458">
 <ele>117.72</ele>
 <time>2020-07-13T12:31:54Z</time>
 </trkpt>
 <trkpt lat="62.249342417344451" lon="-7.177795758470893">
 <ele>120.39</ele>
 <time>2020-07-13T12:32:06Z</time>
 </trkpt>
 <trkpt lat="62.249390697106719" lon="-7.177937580272555">
 <ele>121.67</ele>
 <time>2020-07-13T12:32:17Z</time>
 </trkpt>
 <trkpt lat="62.249490190297365" lon="-7.178046712651849">
 <ele>124.42</ele>
 <time>2020-07-13T12:34:30Z</time>
 </trkpt>
 <trkpt lat="62.249584486708045" lon="-7.178143691271544">
 <ele>128.38999999999999</ele>
 <time>2020-07-13T12:34:43Z</time>
 </trkpt>
 <trkpt lat="62.24965363740921" lon="-7.178317364305258">
 <ele>129.46000000000001</ele>
 <time>2020-07-13T12:34:52Z</time>
 </trkpt>
 <trkpt lat="62.249717256054282" lon="-7.178479302674532">
 <ele>131.80000000000001</ele>
 <time>2020-07-13T12:35:04Z</time>
 </trkpt>
 <trkpt lat="62.249790681526065" lon="-7.178594889119268">
 <ele>134.25</ele>
 <time>2020-07-13T12:35:15Z</time>
 </trkpt>
 <trkpt lat="62.249854970723391" lon="-7.178731765598059">
 <ele>136.71000000000001</ele>
 <time>2020-07-13T12:35:29Z</time>
 </trkpt>
 <trkpt lat="62.249914985150099" lon="-7.178864786401391">
 <ele>137.55000000000001</ele>
 <time>2020-07-13T12:35:37Z</time>
 </trkpt>
 <trkpt lat="62.249977849423885" lon="-7.179028820246458">
 <ele>139.06</ele>
 <time>2020-07-13T12:35:50Z</time>
 </trkpt>
 <trkpt lat="62.250051945447922" lon="-7.17916083522141">
 <ele>140.94999999999999</ele>
 <time>2020-07-13T12:36:00Z</time>
 </trkpt>
 <trkpt lat="62.250148504972458" lon="-7.179239038378">
 <ele>143.16999999999999</ele>
 <time>2020-07-13T12:36:13Z</time>
 </trkpt>
 <trkpt lat="62.250224696472287" lon="-7.179334005340934">
 <ele>145.19999999999999</ele>
 <time>2020-07-13T12:36:24Z</time>
 </trkpt>
 <trkpt lat="62.25033039227128" lon="-7.179361414164305">
 <ele>148.53999999999999</ele>
 <time>2020-07-13T12:36:39Z</time>
 </trkpt>
 <trkpt lat="62.250396441668272" lon="-7.179487645626068">
 <ele>150.08000000000001</ele>
 <time>2020-07-13T12:36:49Z</time>
 </trkpt>
 <trkpt lat="62.250442542135715" lon="-7.179658887907863">
 <ele>150.86000000000001</ele>
 <time>2020-07-13T12:36:57Z</time>
 </trkpt>
 <trkpt lat="62.250503897666931" lon="-7.179833399131894">
 <ele>151.49000000000001</ele>
 <time>2020-07-13T12:37:05Z</time>
 </trkpt>
 <trkpt lat="62.250545891001821" lon="-7.180009922012687">
 <ele>151.66999999999999</ele>
 <time>2020-07-13T12:37:13Z</time>
 </trkpt>
 <trkpt lat="62.250595008954406" lon="-7.180180074647069">
 <ele>152.22</ele>
 <time>2020-07-13T12:37:22Z</time>
 </trkpt>
 <trkpt lat="62.250662064179778" lon="-7.180311838164926">
 <ele>152.06</ele>
 <time>2020-07-13T12:37:29Z</time>
 </trkpt>
 <trkpt lat="62.250712271779776" lon="-7.180486684665084">
 <ele>152.74000000000001</ele>
 <time>2020-07-13T12:37:37Z</time>
 </trkpt>
 <trkpt lat="62.250773878768086" lon="-7.180618615821004">
 <ele>152.97</ele>
 <time>2020-07-13T12:37:45Z</time>
 </trkpt>
 <trkpt lat="62.250831881538033" lon="-7.180797820910811">
 <ele>153.61000000000001</ele>
 <time>2020-07-13T12:37:54Z</time>
 </trkpt>
 <trkpt lat="62.250886783003807" lon="-7.180930757895112">
 <ele>154.12</ele>
 <time>2020-07-13T12:38:08Z</time>
 </trkpt>
 <trkpt lat="62.250946378335357" lon="-7.181112561374903">
 <ele>153.69999999999999</ele>
 <time>2020-07-13T12:38:16Z</time>
 </trkpt>
 <trkpt lat="62.251017205417156" lon="-7.18126050196588">
 <ele>154.34999999999999</ele>
 <time>2020-07-13T12:38:24Z</time>
 </trkpt>
 <trkpt lat="62.251065485179424" lon="-7.181434342637658">
 <ele>154.50999999999999</ele>
 <time>2020-07-13T12:38:31Z</time>
 </trkpt>
 <trkpt lat="62.251115273684263" lon="-7.18159519135952">
 <ele>155.19999999999999</ele>
 <time>2020-07-13T12:38:44Z</time>
 </trkpt>
 <trkpt lat="62.251188447698951" lon="-7.181728044524789">
 <ele>156.84999999999999</ele>
 <time>2020-07-13T12:38:55Z</time>
 </trkpt>
 <trkpt lat="62.25123337469995" lon="-7.181896436959505">
 <ele>156.22999999999999</ele>
 <time>2020-07-13T12:39:02Z</time>
 </trkpt>
 <trkpt lat="62.251251731067896" lon="-7.182077569887042">
 <ele>156.31</ele>
 <time>2020-07-13T12:39:09Z</time>
 </trkpt>
 <trkpt lat="62.251309817656875" lon="-7.18222551047802">
 <ele>155.72</ele>
 <time>2020-07-13T12:39:17Z</time>
 </trkpt>
 <trkpt lat="62.251361198723316" lon="-7.182372780516744">
 <ele>157.06</ele>
 <time>2020-07-13T12:39:26Z</time>
 </trkpt>
 <trkpt lat="62.251397492364049" lon="-7.182555086910725">
 <ele>157.38</ele>
 <time>2020-07-13T12:39:35Z</time>
 </trkpt>
 <trkpt lat="62.251435043290257" lon="-7.18273856677115">
 <ele>157.02000000000001</ele>
 <time>2020-07-13T12:39:44Z</time>
 </trkpt>
 <trkpt lat="62.251476030796766" lon="-7.182924812659621">
 <ele>157.03</ele>
 <time>2020-07-13T12:39:55Z</time>
 </trkpt>
 <trkpt lat="62.251511653885245" lon="-7.183095803484321">
 <ele>156.53</ele>
 <time>2020-07-13T12:40:03Z</time>
 </trkpt>
 <trkpt lat="62.251575859263539" lon="-7.183276684954763">
 <ele>156.5</ele>
 <time>2020-07-13T12:40:11Z</time>
 </trkpt>
 <trkpt lat="62.251634364947677" lon="-7.183455722406507">
 <ele>155.59</ele>
 <time>2020-07-13T12:40:19Z</time>
 </trkpt>
 <trkpt lat="62.251697229221463" lon="-7.183629479259253">
 <ele>156.53999999999999</ele>
 <time>2020-07-13T12:40:28Z</time>
 </trkpt>
 <trkpt lat="62.251749448478222" lon="-7.183816395699978">
 <ele>158.13999999999999</ele>
 <time>2020-07-13T12:40:38Z</time>
 </trkpt>
 <trkpt lat="62.251784568652511" lon="-7.18400121666491">
 <ele>161.44999999999999</ele>
 <time>2020-07-13T12:40:49Z</time>
 </trkpt>
 <trkpt lat="62.251850115135312" lon="-7.184182265773416">
 <ele>162.88</ele>
 <time>2020-07-13T12:41:02Z</time>
 </trkpt>
 <trkpt lat="62.251921528950334" lon="-7.18432224355638">
 <ele>165.06</ele>
 <time>2020-07-13T12:41:15Z</time>
 </trkpt>
 <trkpt lat="62.251976681873202" lon="-7.184472950175405">
 <ele>167.46000000000001</ele>
 <time>2020-07-13T12:41:30Z</time>
 </trkpt>
 <trkpt lat="62.252039546146989" lon="-7.184604629874229">
 <ele>171.03999999999999</ele>
 <time>2020-07-13T12:41:53Z</time>
 </trkpt>
 <trkpt lat="62.252093106508255" lon="-7.184775872156024">
 <ele>173.61000000000001</ele>
 <time>2020-07-13T12:42:38Z</time>
 </trkpt>
 <trkpt lat="62.252168292179704" lon="-7.1849100664258">
 <ele>175.72999999999999</ele>
 <time>2020-07-13T12:42:49Z</time>
 </trkpt>
 <trkpt lat="62.252240711823106" lon="-7.185058426111937">
 <ele>178.52000000000001</ele>
 <time>2020-07-13T12:43:02Z</time>
 </trkpt>
 <trkpt lat="62.25232595577836" lon="-7.185148531571031">
 <ele>181.37</ele>
 <time>2020-07-13T12:43:17Z</time>
 </trkpt>
 <trkpt lat="62.252401812002063" lon="-7.185259675607085">
 <ele>184.56999999999999</ele>
 <time>2020-07-13T12:43:33Z</time>
 </trkpt>
 <trkpt lat="62.252479093149304" lon="-7.185426894575357">
 <ele>187.66999999999999</ele>
 <time>2020-07-13T12:43:50Z</time>
 </trkpt>
 <trkpt lat="62.252546902745962" lon="-7.185576595366001">
 <ele>188.13</ele>
 <time>2020-07-13T12:44:08Z</time>
 </trkpt>
 <trkpt lat="62.25263181142509" lon="-7.185691175982356">
 <ele>191</ele>
 <time>2020-07-13T12:44:26Z</time>
 </trkpt>
 <trkpt lat="62.252693669870496" lon="-7.185864765197039">
 <ele>194.88</ele>
 <time>2020-07-13T12:44:49Z</time>
 </trkpt>
 <trkpt lat="62.25275888107717" lon="-7.185997953638434">
 <ele>198.88999999999999</ele>
 <time>2020-07-13T12:45:07Z</time>
 </trkpt>
 <trkpt lat="62.252860721200705" lon="-7.186096273362637">
 <ele>201.44999999999999</ele>
 <time>2020-07-13T12:45:31Z</time>
 </trkpt>
 <trkpt lat="62.252930961549282" lon="-7.186200711876154">
 <ele>204.08000000000001</ele>
 <time>2020-07-13T12:45:50Z</time>
 </trkpt>
 <trkpt lat="62.253001872450113" lon="-7.186319567263126">
 <ele>207.34</ele>
 <time>2020-07-13T12:46:05Z</time>
 </trkpt>
 <trkpt lat="62.253052834421396" lon="-7.186489636078477">
 <ele>208.77000000000001</ele>
 <time>2020-07-13T12:46:16Z</time>
 </trkpt>
 <trkpt lat="62.253122655674815" lon="-7.186640594154596">
 <ele>210.47</ele>
 <time>2020-07-13T12:46:26Z</time>
 </trkpt>
 <trkpt lat="62.253158614039421" lon="-7.186831366270781">
 <ele>210.63999999999999</ele>
 <time>2020-07-13T12:46:38Z</time>
 </trkpt>
 <trkpt lat="62.253126930445433" lon="-7.187016606330872">
 <ele>210.66</ele>
 <time>2020-07-13T12:46:46Z</time>
 </trkpt>
 <trkpt lat="62.253159955143929" lon="-7.187202768400312">
 <ele>209.84</ele>
 <time>2020-07-13T12:46:55Z</time>
 </trkpt>
 <trkpt lat="62.253201026469469" lon="-7.187382392585278">
 <ele>209.91</ele>
 <time>2020-07-13T12:47:06Z</time>
 </trkpt>
 <trkpt lat="62.253215191885829" lon="-7.187588335946202">
 <ele>208.91</ele>
 <time>2020-07-13T12:47:20Z</time>
 </trkpt>
 <trkpt lat="62.253262549638748" lon="-7.187740132212639">
 <ele>208.02000000000001</ele>
 <time>2020-07-13T12:47:39Z</time>
 </trkpt>
 <trkpt lat="62.253287443891168" lon="-7.187931071966887">
 <ele>210.88</ele>
 <time>2020-07-13T12:48:02Z</time>
 </trkpt>
 <trkpt lat="62.253336645662785" lon="-7.188112875446677">
 <ele>210.55000000000001</ele>
 <time>2020-07-13T12:48:11Z</time>
 </trkpt>
 <trkpt lat="62.253370089456439" lon="-7.18830406665802">
 <ele>211.03</ele>
 <time>2020-07-13T12:48:25Z</time>
 </trkpt>
 <trkpt lat="62.253366485238075" lon="-7.188460556790233">
 <ele>211.03</ele>
 <time>2020-07-13T12:48:46Z</time>
 </trkpt>
 <trkpt lat="62.253409400582314" lon="-7.188395177945495">
 <ele>213.46000000000001</ele>
 <time>2020-07-13T12:49:15Z</time>
 </trkpt>
 <trkpt lat="62.253465140238404" lon="-7.188263079151511">
 <ele>216.56</ele>
 <time>2020-07-13T12:49:36Z</time>
 </trkpt>
 <trkpt lat="62.253515347838402" lon="-7.188095608726144">
 <ele>220.72</ele>
 <time>2020-07-13T12:50:02Z</time>
 </trkpt>
 <trkpt lat="62.253562789410353" lon="-7.187938112765551">
 <ele>222.63</ele>
 <time>2020-07-13T12:50:26Z</time>
 </trkpt>
 <trkpt lat="62.253575110808015" lon="-7.187990164384246">
 <ele>225.34999999999999</ele>
 <time>2020-07-13T12:51:05Z</time>
 </trkpt>
 <trkpt lat="62.253641663119197" lon="-7.187893269583583">
 <ele>230.47999999999999</ele>
 <time>2020-07-13T12:51:34Z</time>
 </trkpt>
 <trkpt lat="62.253727577626705" lon="-7.187968119978905">
 <ele>235.78999999999999</ele>
 <time>2020-07-13T12:52:14Z</time>
 </trkpt>
 <trkpt lat="62.253811648115516" lon="-7.187926629558206">
 <ele>242.09999999999999</ele>
 <time>2020-07-13T12:53:02Z</time>
 </trkpt>
 <trkpt lat="62.253851378336549" lon="-7.187909279018641">
 <ele>244.06</ele>
 <time>2020-07-13T12:53:23Z</time>
 </trkpt>
 <trkpt lat="62.253879373893142" lon="-7.188057890161872">
 <ele>245.63</ele>
 <time>2020-07-13T12:53:34Z</time>
 </trkpt>
 <trkpt lat="62.253910806030035" lon="-7.188262240961194">
 <ele>246.58000000000001</ele>
 <time>2020-07-13T12:53:44Z</time>
 </trkpt>
 <trkpt lat="62.253967886790633" lon="-7.18842719681561">
 <ele>249.28</ele>
 <time>2020-07-13T12:53:56Z</time>
 </trkpt>
 <trkpt lat="62.254028907045722" lon="-7.188605898991227">
 <ele>252.00999999999999</ele>
 <time>2020-07-13T12:54:10Z</time>
 </trkpt>
 <trkpt lat="62.254096465185285" lon="-7.188769681379199">
 <ele>254.02000000000001</ele>
 <time>2020-07-13T12:54:21Z</time>
 </trkpt>
 <trkpt lat="62.254150612279773" lon="-7.188916532322764">
 <ele>257.87</ele>
 <time>2020-07-13T12:54:46Z</time>
 </trkpt>
 <trkpt lat="62.254225127398968" lon="-7.189078638330102">
 <ele>260.43000000000001</ele>
 <time>2020-07-13T12:55:03Z</time>
 </trkpt>
 <trkpt lat="62.254288243129849" lon="-7.18911568634212">
 <ele>264.58999999999997</ele>
 <time>2020-07-13T12:55:25Z</time>
 </trkpt>
 <trkpt lat="62.254324285313487" lon="-7.188931033015251">
 <ele>268.07999999999998</ele>
 <time>2020-07-13T12:55:38Z</time>
 </trkpt>
 <trkpt lat="62.254400057718158" lon="-7.188887698575854">
 <ele>271.13</ele>
 <time>2020-07-13T12:56:11Z</time>
 </trkpt>
 <trkpt lat="62.25452478043735" lon="-7.188827516511083">
 <ele>272.88</ele>
 <time>2020-07-13T12:58:19Z</time>
 </trkpt>
 <trkpt lat="62.254628129303455" lon="-7.188750822097063">
 <ele>274.82999999999998</ele>
 <time>2020-07-13T12:58:29Z</time>
 </trkpt>
 <trkpt lat="62.254727203398943" lon="-7.188652083277702">
 <ele>276.25</ele>
 <time>2020-07-13T12:58:39Z</time>
 </trkpt>
 <trkpt lat="62.254828875884414" lon="-7.188632553443313">
 <ele>278.42000000000002</ele>
 <time>2020-07-13T12:58:51Z</time>
 </trkpt>
 <trkpt lat="62.254938008263707" lon="-7.188592068850994">
 <ele>282.05000000000001</ele>
 <time>2020-07-13T12:59:08Z</time>
 </trkpt>
 <trkpt lat="62.25503440015018" lon="-7.188617214560509">
 <ele>283.92000000000002</ele>
 <time>2020-07-13T12:59:24Z</time>
 </trkpt>
 <trkpt lat="62.255147891119123" lon="-7.188647137954831">
 <ele>287.25</ele>
 <time>2020-07-13T12:59:39Z</time>
 </trkpt>
 <trkpt lat="62.255250234156847" lon="-7.188664823770523">
 <ele>289.35000000000002</ele>
 <time>2020-07-13T12:59:52Z</time>
 </trkpt>
 <trkpt lat="62.255347045138478" lon="-7.18863733112812">
 <ele>291.26999999999998</ele>
 <time>2020-07-13T13:00:04Z</time>
 </trkpt>
 <trkpt lat="62.255446286872029" lon="-7.18866029754281">
 <ele>292.32999999999998</ele>
 <time>2020-07-13T13:00:18Z</time>
 </trkpt>
 <trkpt lat="62.25553915835917" lon="-7.188700111582875">
 <ele>293.36000000000001</ele>
 <time>2020-07-13T13:00:29Z</time>
 </trkpt>
 <trkpt lat="62.255630856379867" lon="-7.188702374696732">
 <ele>296.89999999999998</ele>
 <time>2020-07-13T13:00:49Z</time>
 </trkpt>
 <trkpt lat="62.255723141133785" lon="-7.18874042853713">
 <ele>299.67000000000002</ele>
 <time>2020-07-13T13:01:08Z</time>
 </trkpt>
 <trkpt lat="62.255820538848639" lon="-7.188708493486047">
 <ele>302.69</ele>
 <time>2020-07-13T13:01:29Z</time>
 </trkpt>
 <trkpt lat="62.255902597680688" lon="-7.188729867339134">
 <ele>305.37</ele>
 <time>2020-07-13T13:01:51Z</time>
 </trkpt>
 <trkpt lat="62.255970658734441" lon="-7.188842855393887">
 <ele>308.23000000000002</ele>
 <time>2020-07-13T13:02:10Z</time>
 </trkpt>
 <trkpt lat="62.256012987345457" lon="-7.188728861510754">
 <ele>310.81</ele>
 <time>2020-07-13T13:02:52Z</time>
 </trkpt>
 <trkpt lat="62.256066463887691" lon="-7.188596511259675">
 <ele>313.54000000000002</ele>
 <time>2020-07-13T13:03:11Z</time>
 </trkpt>
 <trkpt lat="62.256128909066319" lon="-7.188413785770536">
 <ele>316.75999999999999</ele>
 <time>2020-07-13T13:03:26Z</time>
 </trkpt>
 <trkpt lat="62.256210716441274" lon="-7.18830892816186">
 <ele>319.63999999999999</ele>
 <time>2020-07-13T13:03:39Z</time>
 </trkpt>
 <trkpt lat="62.2562594152987" lon="-7.188154701143503">
 <ele>322.94999999999999</ele>
 <time>2020-07-13T13:03:59Z</time>
 </trkpt>
 <trkpt lat="62.256307695060968" lon="-7.187960240989924">
 <ele>324.88999999999999</ele>
 <time>2020-07-13T13:04:16Z</time>
 </trkpt>
 <trkpt lat="62.256372570991516" lon="-7.187823196873069">
 <ele>326.41000000000003</ele>
 <time>2020-07-13T13:04:26Z</time>
 </trkpt>
 <trkpt lat="62.256448846310377" lon="-7.187704760581255">
 <ele>327.48000000000002</ele>
 <time>2020-07-13T13:04:36Z</time>
 </trkpt>
 <trkpt lat="62.25653937086463" lon="-7.187608620151877">
 <ele>327.75999999999999</ele>
 <time>2020-07-13T13:05:01Z</time>
 </trkpt>
 <trkpt lat="62.256615981459618" lon="-7.187479035928845">
 <ele>328</ele>
 <time>2020-07-13T13:05:09Z</time>
 </trkpt>
 <trkpt lat="62.256710613146424" lon="-7.187399072572589">
 <ele>329.36000000000001</ele>
 <time>2020-07-13T13:05:47Z</time>
 </trkpt>
 <trkpt lat="62.256787307560444" lon="-7.187262279912829">
 <ele>329.75999999999999</ele>
 <time>2020-07-13T13:05:56Z</time>
 </trkpt>
 <trkpt lat="62.256798958405852" lon="-7.187054995447397">
 <ele>331.01999999999998</ele>
 <time>2020-07-13T13:06:07Z</time>
 </trkpt>
 <trkpt lat="62.256867438554764" lon="-7.186898337677121">
 <ele>332.62</ele>
 <time>2020-07-13T13:06:16Z</time>
 </trkpt>
 <trkpt lat="62.256952431052923" lon="-7.186803789809346">
 <ele>333.74000000000001</ele>
 <time>2020-07-13T13:06:24Z</time>
 </trkpt>
 <trkpt lat="62.257025269791484" lon="-7.186648389324546">
 <ele>335.60000000000002</ele>
 <time>2020-07-13T13:06:34Z</time>
 </trkpt>
 <trkpt lat="62.257092325016856" lon="-7.186562223359942">
 <ele>336.69</ele>
 <time>2020-07-13T13:06:43Z</time>
 </trkpt>
 <trkpt lat="62.257144711911678" lon="-7.186465663835406">
 <ele>337.23000000000002</ele>
 <time>2020-07-13T13:06:55Z</time>
 </trkpt>
 <trkpt lat="62.257211599498987" lon="-7.186305401846767">
 <ele>338.51999999999998</ele>
 <time>2020-07-13T13:07:07Z</time>
 </trkpt>
 <trkpt lat="62.257279073819518" lon="-7.186172800138593">
 <ele>339.29000000000002</ele>
 <time>2020-07-13T13:07:17Z</time>
 </trkpt>
 <trkpt lat="62.257348140701652" lon="-7.186021003872156">
 <ele>341.10000000000002</ele>
 <time>2020-07-13T13:07:33Z</time>
 </trkpt>
 <trkpt lat="62.257439168170094" lon="-7.185885636135936">
 <ele>343.81999999999999</ele>
 <time>2020-07-13T13:07:49Z</time>
 </trkpt>
 <trkpt lat="62.257541427388787" lon="-7.185866944491863">
 <ele>346.35000000000002</ele>
 <time>2020-07-13T13:08:11Z</time>
 </trkpt>
 <trkpt lat="62.257639495655894" lon="-7.18589074909687">
 <ele>349.81999999999999</ele>
 <time>2020-07-13T13:08:26Z</time>
 </trkpt>
 <trkpt lat="62.25765542127192" lon="-7.185814473778009">
 <ele>353.52999999999997</ele>
 <time>2020-07-13T13:08:59Z</time>
 </trkpt>
 <trkpt lat="62.257767571136355" lon="-7.185815814882517">
 <ele>356.43000000000001</ele>
 <time>2020-07-13T13:12:27Z</time>
 </trkpt>
 <trkpt lat="62.257871339097619" lon="-7.185842553153634">
 <ele>358.98000000000002</ele>
 <time>2020-07-13T13:12:41Z</time>
 </trkpt>
 <trkpt lat="62.257964126765728" lon="-7.185888737440109">
 <ele>361.89999999999998</ele>
 <time>2020-07-13T13:13:00Z</time>
 </trkpt>
 <trkpt lat="62.258059931918979" lon="-7.185906171798706">
 <ele>364.82999999999998</ele>
 <time>2020-07-13T13:13:16Z</time>
 </trkpt>
 <trkpt lat="62.258166801184416" lon="-7.185869039967656">
 <ele>368.49000000000001</ele>
 <time>2020-07-13T13:13:34Z</time>
 </trkpt>
 <trkpt lat="62.258248273283243" lon="-7.185820508748293">
 <ele>372.44999999999999</ele>
 <time>2020-07-13T13:13:57Z</time>
 </trkpt>
 <trkpt lat="62.258352292701602" lon="-7.185761164873838">
 <ele>375.08999999999997</ele>
 <time>2020-07-13T13:14:11Z</time>
 </trkpt>
 <trkpt lat="62.258451282978058" lon="-7.1857148129493">
 <ele>378.37</ele>
 <time>2020-07-13T13:14:30Z</time>
 </trkpt>
 <trkpt lat="62.258561924099922" lon="-7.185743311420083">
 <ele>380.26999999999998</ele>
 <time>2020-07-13T13:14:43Z</time>
 </trkpt>
 <trkpt lat="62.258661668747663" lon="-7.185770301148295">
 <ele>382.14999999999998</ele>
 <time>2020-07-13T13:14:53Z</time>
 </trkpt>
 <trkpt lat="62.258757054805756" lon="-7.185840541496873">
 <ele>383.89999999999998</ele>
 <time>2020-07-13T13:15:05Z</time>
 </trkpt>
 <trkpt lat="62.258850932121277" lon="-7.185873817652464">
 <ele>386.72000000000003</ele>
 <time>2020-07-13T13:15:21Z</time>
 </trkpt>
 <trkpt lat="62.258961154147983" lon="-7.185874572023749">
 <ele>390.07999999999998</ele>
 <time>2020-07-13T13:15:36Z</time>
 </trkpt>
 <trkpt lat="62.259039944037795" lon="-7.185963336378336">
 <ele>392.49000000000001</ele>
 <time>2020-07-13T13:15:52Z</time>
 </trkpt>
 <trkpt lat="62.259139018133283" lon="-7.186005413532257">
 <ele>395.10000000000002</ele>
 <time>2020-07-13T13:16:04Z</time>
 </trkpt>
 <trkpt lat="62.259239517152309" lon="-7.185964426025748">
 <ele>397.54000000000002</ele>
 <time>2020-07-13T13:16:20Z</time>
 </trkpt>
 <trkpt lat="62.259330293163657" lon="-7.185951685532928">
 <ele>399.47000000000003</ele>
 <time>2020-07-13T13:16:31Z</time>
 </trkpt>
 <trkpt lat="62.259416375309229" lon="-7.185923354700208">
 <ele>401.67000000000002</ele>
 <time>2020-07-13T13:16:42Z</time>
 </trkpt>
 <trkpt lat="62.259500529617071" lon="-7.185814054682851">
 <ele>403.86000000000001</ele>
 <time>2020-07-13T13:16:55Z</time>
 </trkpt>
 <trkpt lat="62.259601028636098" lon="-7.185849761590362">
 <ele>404.94</ele>
 <time>2020-07-13T13:17:06Z</time>
 </trkpt>
 <trkpt lat="62.259699767455459" lon="-7.185924025252461">
 <ele>406.22000000000003</ele>
 <time>2020-07-13T13:17:17Z</time>
 </trkpt>
 <trkpt lat="62.259781574830413" lon="-7.185940369963646">
 <ele>408.36000000000001</ele>
 <time>2020-07-13T13:17:28Z</time>
 </trkpt>
 <trkpt lat="62.25988894701004" lon="-7.185959480702877">
 <ele>412.44</ele>
 <time>2020-07-13T13:17:54Z</time>
 </trkpt>
 <trkpt lat="62.259955415502191" lon="-7.185910949483514">
 <ele>413.80000000000001</ele>
 <time>2020-07-13T13:18:24Z</time>
 </trkpt>
 <trkpt lat="62.260042503476143" lon="-7.185885468497872">
 <ele>415.36000000000001</ele>
 <time>2020-07-13T13:18:33Z</time>
 </trkpt>
 <trkpt lat="62.260139901190996" lon="-7.185874152928591">
 <ele>417.16000000000003</ele>
 <time>2020-07-13T13:18:44Z</time>
 </trkpt>
 <trkpt lat="62.260213997215033" lon="-7.185758063569665">
 <ele>419.29000000000002</ele>
 <time>2020-07-13T13:19:12Z</time>
 </trkpt>
 <trkpt lat="62.260315753519535" lon="-7.185676423832774">
 <ele>420.99000000000001</ele>
 <time>2020-07-13T13:19:22Z</time>
 </trkpt>
 <trkpt lat="62.260407032445073" lon="-7.185684470459819">
 <ele>421.75</ele>
 <time>2020-07-13T13:19:30Z</time>
 </trkpt>
 <trkpt lat="62.260504933074117" lon="-7.185663348063827">
 <ele>422.37</ele>
 <time>2020-07-13T13:19:39Z</time>
 </trkpt>
 <trkpt lat="62.26059596054256" lon="-7.185632921755314">
 <ele>422.88</ele>
 <time>2020-07-13T13:19:46Z</time>
 </trkpt>
 <trkpt lat="62.260697800666094" lon="-7.185572991147637">
 <ele>422.93000000000001</ele>
 <time>2020-07-13T13:19:54Z</time>
 </trkpt>
 <trkpt lat="62.260769214481115" lon="-7.185442401096225">
 <ele>423.05000000000001</ele>
 <time>2020-07-13T13:20:01Z</time>
 </trkpt>
 <trkpt lat="62.260826379060745" lon="-7.18530435115099">
 <ele>423.61000000000001</ele>
 <time>2020-07-13T13:20:10Z</time>
 </trkpt>
 <trkpt lat="62.260923609137535" lon="-7.185225477442145">
 <ele>424.37</ele>
 <time>2020-07-13T13:20:19Z</time>
 </trkpt>
 <trkpt lat="62.261030394583941" lon="-7.185204774141312">
 <ele>425.56999999999999</ele>
 <time>2020-07-13T13:20:28Z</time>
 </trkpt>
 <trkpt lat="62.261121673509479" lon="-7.185262441635132">
 <ele>425.31999999999999</ele>
 <time>2020-07-13T13:20:36Z</time>
 </trkpt>
 <trkpt lat="62.261209767311811" lon="-7.185273254290223">
 <ele>426.24000000000001</ele>
 <time>2020-07-13T13:20:45Z</time>
 </trkpt>
 <trkpt lat="62.261298280209303" lon="-7.18535321764648">
 <ele>427.51999999999998</ele>
 <time>2020-07-13T13:20:56Z</time>
 </trkpt>
 <trkpt lat="62.261371035128832" lon="-7.185507109388709">
 <ele>430.79000000000002</ele>
 <time>2020-07-13T13:21:08Z</time>
 </trkpt>
 <trkpt lat="62.261445382609963" lon="-7.185674663633108">
 <ele>432.63999999999999</ele>
 <time>2020-07-13T13:21:20Z</time>
 </trkpt>
 <trkpt lat="62.261513443663716" lon="-7.185790333896875">
 <ele>434.92000000000002</ele>
 <time>2020-07-13T13:21:39Z</time>
 </trkpt>
 <trkpt lat="62.261594412848353" lon="-7.185904076322913">
 <ele>438.74000000000001</ele>
 <time>2020-07-13T13:21:57Z</time>
 </trkpt>
 <trkpt lat="62.261681081727147" lon="-7.186038522049785">
 <ele>441.19999999999999</ele>
 <time>2020-07-13T13:22:11Z</time>
 </trkpt>
 <trkpt lat="62.261773869395256" lon="-7.186106247827411">
 <ele>443.62</ele>
 <time>2020-07-13T13:22:24Z</time>
 </trkpt>
 <trkpt lat="62.26187277585268" lon="-7.186141284182668">
 <ele>445.31999999999999</ele>
 <time>2020-07-13T13:22:37Z</time>
 </trkpt>
 <trkpt lat="62.261959193274379" lon="-7.186149833723903">
 <ele>447.62</ele>
 <time>2020-07-13T13:23:14Z</time>
 </trkpt>
 <trkpt lat="62.262047873809934" lon="-7.186245303601027">
 <ele>449.94999999999999</ele>
 <time>2020-07-13T13:23:25Z</time>
 </trkpt>
 <trkpt lat="62.262112079188228" lon="-7.186370110139251">
 <ele>450.25</ele>
 <time>2020-07-13T13:23:57Z</time>
 </trkpt>
 <trkpt lat="62.262203022837639" lon="-7.18643506988883">
 <ele>450.5</ele>
 <time>2020-07-13T13:24:05Z</time>
 </trkpt>
 <trkpt lat="62.262294385582209" lon="-7.186501622200012">
 <ele>450.75999999999999</ele>
 <time>2020-07-13T13:24:12Z</time>
 </trkpt>
 <trkpt lat="62.262393040582538" lon="-7.186554847285152">
 <ele>451.95999999999998</ele>
 <time>2020-07-13T13:24:20Z</time>
 </trkpt>
 <trkpt lat="62.262487420812249" lon="-7.186583848670125">
 <ele>452.93000000000001</ele>
 <time>2020-07-13T13:24:30Z</time>
 </trkpt>
 <trkpt lat="62.262585572898388" lon="-7.186624752357602">
 <ele>453.02999999999997</ele>
 <time>2020-07-13T13:24:38Z</time>
 </trkpt>
 <trkpt lat="62.262686407193542" lon="-7.186635481193662">
 <ele>454.08999999999997</ele>
 <time>2020-07-13T13:24:47Z</time>
 </trkpt>
 <trkpt lat="62.262781457975507" lon="-7.186679653823376">
 <ele>455.47000000000003</ele>
 <time>2020-07-13T13:24:57Z</time>
 </trkpt>
 <trkpt lat="62.262890506535769" lon="-7.186681916937232">
 <ele>456.30000000000001</ele>
 <time>2020-07-13T13:25:05Z</time>
 </trkpt>
 <trkpt lat="62.262985054403543" lon="-7.186648976057768">
 <ele>457.24000000000001</ele>
 <time>2020-07-13T13:25:14Z</time>
 </trkpt>
 <trkpt lat="62.263067113235593" lon="-7.186579657718539">
 <ele>458.68000000000001</ele>
 <time>2020-07-13T13:25:23Z</time>
 </trkpt>
 <trkpt lat="62.263128468766809" lon="-7.186451833695173">
 <ele>461.72000000000003</ele>
 <time>2020-07-13T13:25:36Z</time>
 </trkpt>
 <trkpt lat="62.263221004977822" lon="-7.186359632760286">
 <ele>461.93000000000001</ele>
 <time>2020-07-13T13:25:48Z</time>
 </trkpt>
 <trkpt lat="62.263289820402861" lon="-7.186241950839758">
 <ele>462.73000000000002</ele>
 <time>2020-07-13T13:25:57Z</time>
 </trkpt>
 <trkpt lat="62.263359557837248" lon="-7.186105577275157">
 <ele>464.56999999999999</ele>
 <time>2020-07-13T13:26:08Z</time>
 </trkpt>
 <trkpt lat="62.263454357162118" lon="-7.186054112389684">
 <ele>465.54000000000002</ele>
 <time>2020-07-13T13:26:18Z</time>
 </trkpt>
 <trkpt lat="62.263555191457272" lon="-7.185971550643444">
 <ele>466.75</ele>
 <time>2020-07-13T13:26:27Z</time>
 </trkpt>
 <trkpt lat="62.263663066551089" lon="-7.185903573408723">
 <ele>465.99000000000001</ele>
 <time>2020-07-13T13:26:35Z</time>
 </trkpt>
 <trkpt lat="62.263758620247245" lon="-7.185872895643115">
 <ele>466.20999999999998</ele>
 <time>2020-07-13T13:26:42Z</time>
 </trkpt>
 <trkpt lat="62.263846378773451" lon="-7.185839535668492">
 <ele>466.75</ele>
 <time>2020-07-13T13:26:49Z</time>
 </trkpt>
 <trkpt lat="62.263938495889306" lon="-7.185788825154305">
 <ele>468.11000000000001</ele>
 <time>2020-07-13T13:26:58Z</time>
 </trkpt>
 <trkpt lat="62.264037150889635" lon="-7.185754710808396">
 <ele>468.24000000000001</ele>
 <time>2020-07-13T13:27:07Z</time>
 </trkpt>
 <trkpt lat="62.264119377359748" lon="-7.185700898990035">
 <ele>469.18000000000001</ele>
 <time>2020-07-13T13:27:14Z</time>
 </trkpt>
 <trkpt lat="62.264190288260579" lon="-7.185639459639788">
 <ele>470.77999999999997</ele>
 <time>2020-07-13T13:27:24Z</time>
 </trkpt>
 <trkpt lat="62.264274107292295" lon="-7.185543654486537">
 <ele>471.86000000000001</ele>
 <time>2020-07-13T13:27:35Z</time>
 </trkpt>
 <trkpt lat="62.264354405924678" lon="-7.18544315546751">
 <ele>473.06</ele>
 <time>2020-07-13T13:27:46Z</time>
 </trkpt>
 <trkpt lat="62.264446187764406" lon="-7.185353301465511">
 <ele>474.25999999999999</ele>
 <time>2020-07-13T13:27:57Z</time>
 </trkpt>
 <trkpt lat="62.264539813622832" lon="-7.185280378907919">
 <ele>475.19999999999999</ele>
 <time>2020-07-13T13:28:07Z</time>
 </trkpt>
 <trkpt lat="62.264620363712311" lon="-7.18517099507153">
 <ele>476.36000000000001</ele>
 <time>2020-07-13T13:28:23Z</time>
 </trkpt>
 <trkpt lat="62.264697644859552" lon="-7.185046523809433">
 <ele>478.43000000000001</ele>
 <time>2020-07-13T13:28:34Z</time>
 </trkpt>
 <trkpt lat="62.264785822480917" lon="-7.184961782768369">
 <ele>480.68000000000001</ele>
 <time>2020-07-13T13:28:44Z</time>
 </trkpt>
 <trkpt lat="62.264886489138007" lon="-7.184919370338321">
 <ele>481.08999999999997</ele>
 <time>2020-07-13T13:28:53Z</time>
 </trkpt>
 <trkpt lat="62.264978606253862" lon="-7.184884501621127">
 <ele>480.29000000000002</ele>
 <time>2020-07-13T13:29:01Z</time>
 </trkpt>
 <trkpt lat="62.26507424376905" lon="-7.184873102232814">
 <ele>480</ele>
 <time>2020-07-13T13:29:09Z</time>
 </trkpt>
 <trkpt lat="62.265167785808444" lon="-7.184797078371048">
 <ele>480.32999999999998</ele>
 <time>2020-07-13T13:29:17Z</time>
 </trkpt>
 <trkpt lat="62.26526920683682" lon="-7.184745110571384">
 <ele>480.94999999999999</ele>
 <time>2020-07-13T13:29:25Z</time>
 </trkpt>
 <trkpt lat="62.265366101637483" lon="-7.18469406478107">
 <ele>481.94</ele>
 <time>2020-07-13T13:29:34Z</time>
 </trkpt>
 <trkpt lat="62.265458470210433" lon="-7.184624830260873">
 <ele>482.62</ele>
 <time>2020-07-13T13:29:42Z</time>
 </trkpt>
 <trkpt lat="62.265538265928626" lon="-7.184523493051529">
 <ele>483.48000000000002</ele>
 <time>2020-07-13T13:29:51Z</time>
 </trkpt>
 <trkpt lat="62.265625521540642" lon="-7.184437997639179">
 <ele>485.27999999999997</ele>
 <time>2020-07-13T13:30:01Z</time>
 </trkpt>
 <trkpt lat="62.265710765495896" lon="-7.184344539418817">
 <ele>487.13</ele>
 <time>2020-07-13T13:30:16Z</time>
 </trkpt>
 <trkpt lat="62.265785448253155" lon="-7.184255858883262">
 <ele>488.25</ele>
 <time>2020-07-13T13:30:24Z</time>
 </trkpt>
 <trkpt lat="62.265868680551648" lon="-7.184162819758058">
 <ele>489.29000000000002</ele>
 <time>2020-07-13T13:30:34Z</time>
 </trkpt>
 <trkpt lat="62.265945710241795" lon="-7.184071205556393">
 <ele>489.43000000000001</ele>
 <time>2020-07-13T13:30:42Z</time>
 </trkpt>
 <trkpt lat="62.266029110178351" lon="-7.184031391516328">
 <ele>490.54000000000002</ele>
 <time>2020-07-13T13:30:51Z</time>
 </trkpt>
 <trkpt lat="62.266101529821754" lon="-7.183893173933029">
 <ele>491.23000000000002</ele>
 <time>2020-07-13T13:30:59Z</time>
 </trkpt>
 <trkpt lat="62.266189455986023" lon="-7.183826873078942">
 <ele>492.48000000000002</ele>
 <time>2020-07-13T13:31:25Z</time>
 </trkpt>
 <trkpt lat="62.266262294724584" lon="-7.183711873367429">
 <ele>494.14999999999998</ele>
 <time>2020-07-13T13:31:34Z</time>
 </trkpt>
 <trkpt lat="62.266343347728252" lon="-7.1836200915277">
 <ele>494.56</ele>
 <time>2020-07-13T13:31:41Z</time>
 </trkpt>
 <trkpt lat="62.26641358807683" lon="-7.183501236140728">
 <ele>496.24000000000001</ele>
 <time>2020-07-13T13:31:50Z</time>
 </trkpt>
 <trkpt lat="62.2664859239012" lon="-7.183393025770783">
 <ele>497.83999999999997</ele>
 <time>2020-07-13T13:31:59Z</time>
 </trkpt>
 <trkpt lat="62.266559014096856" lon="-7.183287162333727">
 <ele>499.64999999999998</ele>
 <time>2020-07-13T13:32:09Z</time>
 </trkpt>
 <trkpt lat="62.266639061272144" lon="-7.183183394372463">
 <ele>500.83999999999997</ele>
 <time>2020-07-13T13:32:21Z</time>
 </trkpt>
 <trkpt lat="62.266731513664126" lon="-7.183135952800512">
 <ele>502.13999999999999</ele>
 <time>2020-07-13T13:32:31Z</time>
 </trkpt>
 <trkpt lat="62.266818517819047" lon="-7.183037381619215">
 <ele>502.92000000000002</ele>
 <time>2020-07-13T13:32:39Z</time>
 </trkpt>
 <trkpt lat="62.266910886391997" lon="-7.182961022481322">
 <ele>503.36000000000001</ele>
 <time>2020-07-13T13:32:48Z</time>
 </trkpt>
 <trkpt lat="62.267013732343912" lon="-7.182950042188168">
 <ele>504.19999999999999</ele>
 <time>2020-07-13T13:32:56Z</time>
 </trkpt>
 <trkpt lat="62.267108615487814" lon="-7.182924225926399">
 <ele>504.85000000000002</ele>
 <time>2020-07-13T13:33:03Z</time>
 </trkpt>
 <trkpt lat="62.267198050394654" lon="-7.182859014719725">
 <ele>505.88</ele>
 <time>2020-07-13T13:33:12Z</time>
 </trkpt>
 <trkpt lat="62.267281701788306" lon="-7.182838562875986">
 <ele>506.56</ele>
 <time>2020-07-13T13:33:20Z</time>
 </trkpt>
 <trkpt lat="62.267378764227033" lon="-7.18278500251472">
 <ele>506.70999999999998</ele>
 <time>2020-07-13T13:33:29Z</time>
 </trkpt>
 <trkpt lat="62.267469791695476" lon="-7.182760275900364">
 <ele>507.73000000000002</ele>
 <time>2020-07-13T13:33:37Z</time>
 </trkpt>
 <trkpt lat="62.267559058964252" lon="-7.182745188474655">
 <ele>508.88</ele>
 <time>2020-07-13T13:33:49Z</time>
 </trkpt>
 <trkpt lat="62.267662240192294" lon="-7.182753654196858">
 <ele>509.00999999999999</ele>
 <time>2020-07-13T13:33:58Z</time>
 </trkpt>
 <trkpt lat="62.267745891585946" lon="-7.182736387476325">
 <ele>509.69999999999999</ele>
 <time>2020-07-13T13:34:05Z</time>
 </trkpt>
 <trkpt lat="62.267836164683104" lon="-7.182666482403874">
 <ele>510.06</ele>
 <time>2020-07-13T13:34:14Z</time>
 </trkpt>
 <trkpt lat="62.267919899895787" lon="-7.182602947577834">
 <ele>511.13999999999999</ele>
 <time>2020-07-13T13:34:23Z</time>
 </trkpt>
 <trkpt lat="62.268012603744864" lon="-7.182602612301707">
 <ele>511.69</ele>
 <time>2020-07-13T13:34:32Z</time>
 </trkpt>
 <trkpt lat="62.268115449696779" lon="-7.182581489905715">
 <ele>512.85000000000002</ele>
 <time>2020-07-13T13:34:42Z</time>
 </trkpt>
 <trkpt lat="62.268219972029328" lon="-7.182569419965148">
 <ele>513.87</ele>
 <time>2020-07-13T13:34:51Z</time>
 </trkpt>
 <trkpt lat="62.268329774960876" lon="-7.182576293125749">
 <ele>513.92999999999995</ele>
 <time>2020-07-13T13:34:59Z</time>
 </trkpt>
 <trkpt lat="62.268414683640003" lon="-7.182527678087354">
 <ele>515.34000000000003</ele>
 <time>2020-07-13T13:35:07Z</time>
 </trkpt>
 <trkpt lat="62.268502861261368" lon="-7.182502616196871">
 <ele>515.86000000000001</ele>
 <time>2020-07-13T13:35:25Z</time>
 </trkpt>
 <trkpt lat="62.268605874851346" lon="-7.182465568184853">
 <ele>515.74000000000001</ele>
 <time>2020-07-13T13:35:34Z</time>
 </trkpt>
 <trkpt lat="62.268671924248338" lon="-7.182443272322416">
 <ele>516.82000000000005</ele>
 <time>2020-07-13T13:35:53Z</time>
 </trkpt>
 <trkpt lat="62.268761191517115" lon="-7.182418629527092">
 <ele>517.69000000000005</ele>
 <time>2020-07-13T13:36:01Z</time>
 </trkpt>
 <trkpt lat="62.268851464614272" lon="-7.182393399998546">
 <ele>518.52999999999997</ele>
 <time>2020-07-13T13:36:16Z</time>
 </trkpt>
 <trkpt lat="62.2689398098737" lon="-7.182418378069997">
 <ele>518.45000000000005</ele>
 <time>2020-07-13T13:36:31Z</time>
 </trkpt>
 <trkpt lat="62.26904047653079" lon="-7.182439835742116">
 <ele>518.78999999999996</ele>
 <time>2020-07-13T13:36:45Z</time>
 </trkpt>
 <trkpt lat="62.269122116267681" lon="-7.182530611753464">
 <ele>518.88999999999999</ele>
 <time>2020-07-13T13:36:52Z</time>
 </trkpt>
 <trkpt lat="62.269225465133786" lon="-7.182550728321075">
 <ele>520.61000000000001</ele>
 <time>2020-07-13T13:37:07Z</time>
 </trkpt>
 <trkpt lat="62.269331999123096" lon="-7.182572856545448">
 <ele>521.72000000000003</ele>
 <time>2020-07-13T13:37:20Z</time>
 </trkpt>
 <trkpt lat="62.269430067390203" lon="-7.182626584544778">
 <ele>522.15999999999997</ele>
 <time>2020-07-13T13:37:30Z</time>
 </trkpt>
 <trkpt lat="62.269505504518747" lon="-7.182585932314396">
 <ele>525.02999999999997</ele>
 <time>2020-07-13T13:37:59Z</time>
 </trkpt>
 <trkpt lat="62.26960533298552" lon="-7.182632200419903">
 <ele>524.22000000000003</ele>
 <time>2020-07-13T13:38:08Z</time>
 </trkpt>
 <trkpt lat="62.269703485071659" lon="-7.182703614234924">
 <ele>523.32000000000005</ele>
 <time>2020-07-13T13:38:19Z</time>
 </trkpt>
 <trkpt lat="62.26981052197516" lon="-7.182772597298026">
 <ele>523.08000000000004</ele>
 <time>2020-07-13T13:38:31Z</time>
 </trkpt>
 <trkpt lat="62.269907835870981" lon="-7.182802772149444">
 <ele>522.66999999999996</ele>
 <time>2020-07-13T13:38:40Z</time>
 </trkpt>
 <trkpt lat="62.270005568861961" lon="-7.182869408279657">
 <ele>522.44000000000005</ele>
 <time>2020-07-13T13:38:49Z</time>
 </trkpt>
 <trkpt lat="62.270110594108701" lon="-7.182956915348768">
 <ele>522.17999999999995</ele>
 <time>2020-07-13T13:39:09Z</time>
 </trkpt>
 <trkpt lat="62.27019558660686" lon="-7.183056827634573">
 <ele>521.49000000000001</ele>
 <time>2020-07-13T13:39:20Z</time>
 </trkpt>
 <trkpt lat="62.270289463922381" lon="-7.183128576725721">
 <ele>521.11000000000001</ele>
 <time>2020-07-13T13:39:30Z</time>
 </trkpt>
 <trkpt lat="62.270389292389154" lon="-7.183234104886651">
 <ele>520.55999999999995</ele>
 <time>2020-07-13T13:39:39Z</time>
 </trkpt>
 <trkpt lat="62.270486690104008" lon="-7.183245923370123">
 <ele>521.04999999999995</ele>
 <time>2020-07-13T13:39:50Z</time>
 </trkpt>
 <trkpt lat="62.270576544106007" lon="-7.183318007737398">
 <ele>521.16999999999996</ele>
 <time>2020-07-13T13:40:01Z</time>
 </trkpt>
 <trkpt lat="62.27065734565258" lon="-7.183396127074957">
 <ele>521.22000000000003</ele>
 <time>2020-07-13T13:40:11Z</time>
 </trkpt>
 <trkpt lat="62.270747283473611" lon="-7.183455722406507">
 <ele>520.47000000000003</ele>
 <time>2020-07-13T13:40:23Z</time>
 </trkpt>
 <trkpt lat="62.270844513550401" lon="-7.183545827865601">
 <ele>519.14999999999998</ele>
 <time>2020-07-13T13:40:38Z</time>
 </trkpt>
 <trkpt lat="62.270952891558409" lon="-7.183643560856581">
 <ele>519.99000000000001</ele>
 <time>2020-07-13T13:40:50Z</time>
 </trkpt>
 <trkpt lat="62.271039811894298" lon="-7.183763841167092">
 <ele>519.53999999999996</ele>
 <time>2020-07-13T13:41:02Z</time>
 </trkpt>
 <trkpt lat="62.271136958152056" lon="-7.183880433440208">
 <ele>519.19000000000005</ele>
 <time>2020-07-13T13:41:15Z</time>
 </trkpt>
 <trkpt lat="62.271224381402135" lon="-7.18395528383553">
 <ele>518.46000000000004</ele>
 <time>2020-07-13T13:41:27Z</time>
 </trkpt>
 <trkpt lat="62.271310547366738" lon="-7.184049412608147">
 <ele>518.49000000000001</ele>
 <time>2020-07-13T13:41:36Z</time>
 </trkpt>
 <trkpt lat="62.271407777443528" lon="-7.18413750641048">
 <ele>517.83000000000004</ele>
 <time>2020-07-13T13:41:49Z</time>
 </trkpt>
 <trkpt lat="62.271508779376745" lon="-7.184201627969742">
 <ele>517.79999999999995</ele>
 <time>2020-07-13T13:41:58Z</time>
 </trkpt>
 <trkpt lat="62.271613469347358" lon="-7.184280082583427">
 <ele>518.13999999999999</ele>
 <time>2020-07-13T13:42:07Z</time>
 </trkpt>
 <trkpt lat="62.271696701645851" lon="-7.184398099780083">
 <ele>518.63</ele>
 <time>2020-07-13T13:42:16Z</time>
 </trkpt>
 <trkpt lat="62.271792674437165" lon="-7.184465155005455">
 <ele>519.14999999999998</ele>
 <time>2020-07-13T13:42:25Z</time>
 </trkpt>
 <trkpt lat="62.271877164021134" lon="-7.184607228264213">
 <ele>518.29999999999995</ele>
 <time>2020-07-13T13:42:35Z</time>
 </trkpt>
 <trkpt lat="62.271959474310279" lon="-7.184764975681901">
 <ele>518.65999999999997</ele>
 <time>2020-07-13T13:42:45Z</time>
 </trkpt>
 <trkpt lat="62.272043712437153" lon="-7.18491543084383">
 <ele>519.14999999999998</ele>
 <time>2020-07-13T13:42:53Z</time>
 </trkpt>
 <trkpt lat="62.272123005241156" lon="-7.185077788308263">
 <ele>518.21000000000004</ele>
 <time>2020-07-13T13:43:03Z</time>
 </trkpt>
 <trkpt lat="62.272186204791069" lon="-7.185251042246819">
 <ele>517.27999999999997</ele>
 <time>2020-07-13T13:43:15Z</time>
 </trkpt>
 <trkpt lat="62.27229475043714" lon="-7.185373585671186">
 <ele>518.63</ele>
 <time>2020-07-13T13:43:28Z</time>
 </trkpt>
 <trkpt lat="62.272401619702578" lon="-7.185463355854154">
 <ele>519.23000000000002</ele>
 <time>2020-07-13T13:43:40Z</time>
 </trkpt>
 <trkpt lat="62.272484265267849" lon="-7.18558045104146">
 <ele>518.45000000000005</ele>
 <time>2020-07-13T13:43:50Z</time>
 </trkpt>
 <trkpt lat="62.272574789822102" lon="-7.185679776594043">
 <ele>518.07000000000005</ele>
 <time>2020-07-13T13:43:57Z</time>
 </trkpt>
 <trkpt lat="62.272676043212414" lon="-7.185666868463159">
 <ele>518.55999999999995</ele>
 <time>2020-07-13T13:44:08Z</time>
 </trkpt>
 <trkpt lat="62.27274770848453" lon="-7.185549773275852">
 <ele>518.17999999999995</ele>
 <time>2020-07-13T13:44:17Z</time>
 </trkpt>
 <trkpt lat="62.272794479504228" lon="-7.185373920947313">
 <ele>516.41999999999996</ele>
 <time>2020-07-13T13:44:33Z</time>
 </trkpt>
 <trkpt lat="62.272852314636111" lon="-7.185313906520605">
 <ele>514.14999999999998</ele>
 <time>2020-07-13T13:44:56Z</time>
 </trkpt>
 <trkpt lat="62.272936133667827" lon="-7.185369813814759">
 <ele>511.87</ele>
 <time>2020-07-13T13:47:52Z</time>
 </trkpt>
 <trkpt lat="62.273036297410727" lon="-7.185432091355324">
 <ele>510.67000000000002</ele>
 <time>2020-07-13T13:48:00Z</time>
 </trkpt>
 <trkpt lat="62.273138221353292" lon="-7.185432342812419">
 <ele>509.08999999999997</ele>
 <time>2020-07-13T13:48:10Z</time>
 </trkpt>
 <trkpt lat="62.273234026506543" lon="-7.1853884216398">
 <ele>507.29000000000002</ele>
 <time>2020-07-13T13:48:18Z</time>
 </trkpt>
 <trkpt lat="62.273341566324234" lon="-7.185401413589716">
 <ele>506.39999999999998</ele>
 <time>2020-07-13T13:48:26Z</time>
 </trkpt>
 <trkpt lat="62.273435946553946" lon="-7.185361180454493">
 <ele>505.41000000000003</ele>
 <time>2020-07-13T13:48:33Z</time>
 </trkpt>
 <trkpt lat="62.273524878546596" lon="-7.185303345322609">
 <ele>504.38999999999999</ele>
 <time>2020-07-13T13:48:41Z</time>
 </trkpt>
 <trkpt lat="62.273587742820382" lon="-7.185152135789394">
 <ele>502.41000000000003</ele>
 <time>2020-07-13T13:48:52Z</time>
 </trkpt>
 <trkpt lat="62.273656222969294" lon="-7.185039315372706">
 <ele>498.99000000000001</ele>
 <time>2020-07-13T13:49:06Z</time>
 </trkpt>
 <trkpt lat="62.273734929040074" lon="-7.184982821345329">
 <ele>496.17000000000002</ele>
 <time>2020-07-13T13:49:17Z</time>
 </trkpt>
 <trkpt lat="62.273825705051422" lon="-7.18492423184216">
 <ele>495.31999999999999</ele>
 <time>2020-07-13T13:49:31Z</time>
 </trkpt>
 <trkpt lat="62.273910949006677" lon="-7.184848710894585">
 <ele>494.06</ele>
 <time>2020-07-13T13:49:39Z</time>
 </trkpt>
 <trkpt lat="62.273997366428375" lon="-7.184769250452519">
 <ele>493.14999999999998</ele>
 <time>2020-07-13T13:49:46Z</time>
 </trkpt>
 <trkpt lat="62.274018907919526" lon="-7.184643689543009">
 <ele>490.60000000000002</ele>
 <time>2020-07-13T13:50:24Z</time>
 </trkpt>
 <trkpt lat="62.27400055155158" lon="-7.184500358998776">
 <ele>488.25999999999999</ele>
 <time>2020-07-13T13:50:37Z</time>
 </trkpt>
 <trkpt lat="62.274089315906167" lon="-7.18443313613534">
 <ele>487.31</ele>
 <time>2020-07-13T13:50:46Z</time>
 </trkpt>
 <trkpt lat="62.274173889309168" lon="-7.184354094788432">
 <ele>485.31</ele>
 <time>2020-07-13T13:50:57Z</time>
 </trkpt>
 <trkpt lat="62.27423407137394" lon="-7.184182852506638">
 <ele>483.00999999999999</ele>
 <time>2020-07-13T13:51:08Z</time>
 </trkpt>
 <trkpt lat="62.274319902062416" lon="-7.184069780632854">
 <ele>481.60000000000002</ele>
 <time>2020-07-13T13:51:17Z</time>
 </trkpt>
 <trkpt lat="62.274383353069425" lon="-7.183926114812493">
 <ele>480.13999999999999</ele>
 <time>2020-07-13T13:51:26Z</time>
 </trkpt>
 <trkpt lat="62.274404894560575" lon="-7.183782532811165">
 <ele>477.97000000000003</ele>
 <time>2020-07-13T13:51:41Z</time>
 </trkpt>
 <trkpt lat="62.274472368881106" lon="-7.183636017143726">
 <ele>476.17000000000002</ele>
 <time>2020-07-13T13:51:50Z</time>
 </trkpt>
 <trkpt lat="62.274540597572923" lon="-7.183506181463599">
 <ele>474.47000000000003</ele>
 <time>2020-07-13T13:51:59Z</time>
 </trkpt>
 <trkpt lat="62.274567587301135" lon="-7.183332592248917">
 <ele>471.81999999999999</ele>
 <time>2020-07-13T13:52:11Z</time>
 </trkpt>
 <trkpt lat="62.274613855406642" lon="-7.183161852881312">
 <ele>468.57999999999998</ele>
 <time>2020-07-13T13:52:21Z</time>
 </trkpt>
 <trkpt lat="62.274669343605638" lon="-7.182994382455945">
 <ele>465.69</ele>
 <time>2020-07-13T13:52:32Z</time>
 </trkpt>
 <trkpt lat="62.274740003049374" lon="-7.18284560367465">
 <ele>462.91000000000003</ele>
 <time>2020-07-13T13:52:42Z</time>
 </trkpt>
 <trkpt lat="62.274809237569571" lon="-7.182728257030249">
 <ele>461.19999999999999</ele>
 <time>2020-07-13T13:52:52Z</time>
 </trkpt>
 <trkpt lat="62.274894816800952" lon="-7.182642761617899">
 <ele>461.13</ele>
 <time>2020-07-13T13:53:04Z</time>
 </trkpt>
 <trkpt lat="62.274978887289762" lon="-7.182547627016902">
 <ele>460.22000000000003</ele>
 <time>2020-07-13T13:53:14Z</time>
 </trkpt>
 <trkpt lat="62.27505499497056" lon="-7.182439165189862">
 <ele>458.19999999999999</ele>
 <time>2020-07-13T13:53:24Z</time>
 </trkpt>
 <trkpt lat="62.275134203955531" lon="-7.182350233197212">
 <ele>458.19999999999999</ele>
 <time>2020-07-13T13:53:34Z</time>
 </trkpt>
 <trkpt lat="62.275203019380569" lon="-7.182210590690374">
 <ele>457.54000000000002</ele>
 <time>2020-07-13T13:53:44Z</time>
 </trkpt>
 <trkpt lat="62.275282898917794" lon="-7.182126939296722">
 <ele>457.83999999999997</ele>
 <time>2020-07-13T13:53:52Z</time>
 </trkpt>
 <trkpt lat="62.275356156751513" lon="-7.181976567953825">
 <ele>457.33999999999997</ele>
 <time>2020-07-13T13:54:02Z</time>
 </trkpt>
 <trkpt lat="62.275439137592912" lon="-7.181886630132794">
 <ele>456.08999999999997</ele>
 <time>2020-07-13T13:54:16Z</time>
 </trkpt>
 <trkpt lat="62.275531338527799" lon="-7.181794680655003">
 <ele>454.91000000000003</ele>
 <time>2020-07-13T13:54:26Z</time>
 </trkpt>
 <trkpt lat="62.275573080405593" lon="-7.181625701487064">
 <ele>452.38</ele>
 <time>2020-07-13T13:54:37Z</time>
 </trkpt>
 <trkpt lat="62.275634184479713" lon="-7.181470468640328">
 <ele>451.12</ele>
 <time>2020-07-13T13:54:49Z</time>
 </trkpt>
 <trkpt lat="62.275695875287056" lon="-7.181310961022973">
 <ele>449.74000000000001</ele>
 <time>2020-07-13T13:55:01Z</time>
 </trkpt>
 <trkpt lat="62.27575127966702" lon="-7.181155728176236">
 <ele>448.56999999999999</ele>
 <time>2020-07-13T13:55:10Z</time>
 </trkpt>
 <trkpt lat="62.275818753987551" lon="-7.181026814505458">
 <ele>447.69999999999999</ele>
 <time>2020-07-13T13:55:20Z</time>
 </trkpt>
 <trkpt lat="62.275859322398901" lon="-7.180865965783596">
 <ele>446.01999999999998</ele>
 <time>2020-07-13T13:55:31Z</time>
 </trkpt>
 <trkpt lat="62.275924785062671" lon="-7.18071810901165">
 <ele>445.41000000000003</ele>
 <time>2020-07-13T13:55:41Z</time>
 </trkpt>
 <trkpt lat="62.275984464213252" lon="-7.180563462898135">
 <ele>444.19999999999999</ele>
 <time>2020-07-13T13:55:49Z</time>
 </trkpt>
 <trkpt lat="62.276063337922096" lon="-7.180430106818676">
 <ele>443.79000000000002</ele>
 <time>2020-07-13T13:55:59Z</time>
 </trkpt>
 <trkpt lat="62.276121005415916" lon="-7.180260960012674">
 <ele>441.88999999999999</ele>
 <time>2020-07-13T13:56:10Z</time>
 </trkpt>
 <trkpt lat="62.276177415624261" lon="-7.180091142654419">
 <ele>440.69999999999999</ele>
 <time>2020-07-13T13:56:20Z</time>
 </trkpt>
 <trkpt lat="62.276225946843624" lon="-7.179916799068451">
 <ele>439.73000000000002</ele>
 <time>2020-07-13T13:56:31Z</time>
 </trkpt>
 <trkpt lat="62.276290152221918" lon="-7.179762655869126">
 <ele>438.56</ele>
 <time>2020-07-13T13:56:40Z</time>
 </trkpt>
 <trkpt lat="62.276376653462648" lon="-7.179665258154273">
 <ele>438.56999999999999</ele>
 <time>2020-07-13T13:57:03Z</time>
 </trkpt>
 <trkpt lat="62.276470363140106" lon="-7.179553024470806">
 <ele>439.41000000000003</ele>
 <time>2020-07-13T13:57:13Z</time>
 </trkpt>
 <trkpt lat="62.276534903794527" lon="-7.179397707805038">
 <ele>438.67000000000002</ele>
 <time>2020-07-13T13:57:22Z</time>
 </trkpt>
 <trkpt lat="62.276589553803205" lon="-7.179239373654127">
 <ele>437.81</ele>
 <time>2020-07-13T13:57:31Z</time>
 </trkpt>
 <trkpt lat="62.276665661484003" lon="-7.17912713997066">
 <ele>437.56</ele>
 <time>2020-07-13T13:57:40Z</time>
 </trkpt>
 <trkpt lat="62.276747385039926" lon="-7.179022701457143">
 <ele>438.10000000000002</ele>
 <time>2020-07-13T13:57:51Z</time>
 </trkpt>
 <trkpt lat="62.27680672891438" lon="-7.178860260173678">
 <ele>437.63999999999999</ele>
 <time>2020-07-13T13:58:01Z</time>
 </trkpt>
 <trkpt lat="62.27688048966229" lon="-7.178764538839459">
 <ele>437.50999999999999</ele>
 <time>2020-07-13T13:58:12Z</time>
 </trkpt>
 <trkpt lat="62.27693815715611" lon="-7.178627913817763">
 <ele>437.55000000000001</ele>
 <time>2020-07-13T13:58:21Z</time>
 </trkpt>
 <trkpt lat="62.277013510465622" lon="-7.178522637113929">
 <ele>436.94999999999999</ele>
 <time>2020-07-13T13:58:29Z</time>
 </trkpt>
 <trkpt lat="62.277095736935735" lon="-7.178406296297908">
 <ele>437.19999999999999</ele>
 <time>2020-07-13T13:58:39Z</time>
 </trkpt>
 <trkpt lat="62.277177292853594" lon="-7.178290709853172">
 <ele>437.30000000000001</ele>
 <time>2020-07-13T13:58:49Z</time>
 </trkpt>
 <trkpt lat="62.277251137420535" lon="-7.178160706534982">
 <ele>436.74000000000001</ele>
 <time>2020-07-13T13:58:58Z</time>
 </trkpt>
 <trkpt lat="62.277316180989146" lon="-7.177984351292253">
 <ele>436.10000000000002</ele>
 <time>2020-07-13T13:59:06Z</time>
 </trkpt>
 <trkpt lat="62.277391869574785" lon="-7.177838338539004">
 <ele>434.79000000000002</ele>
 <time>2020-07-13T13:59:14Z</time>
 </trkpt>
 <trkpt lat="62.277459762990475" lon="-7.177699534222484">
 <ele>433.12</ele>
 <time>2020-07-13T13:59:23Z</time>
 </trkpt>
 <trkpt lat="62.277527488768101" lon="-7.177539607509971">
 <ele>431.87</ele>
 <time>2020-07-13T13:59:31Z</time>
 </trkpt>
 <trkpt lat="62.277610385790467" lon="-7.177461739629507">
 <ele>431.86000000000001</ele>
 <time>2020-07-13T13:59:38Z</time>
 </trkpt>
 <trkpt lat="62.277682302519679" lon="-7.177357552573085">
 <ele>431.63</ele>
 <time>2020-07-13T13:59:49Z</time>
 </trkpt>
 <trkpt lat="62.277741646394134" lon="-7.177211875095964">
 <ele>430.93000000000001</ele>
 <time>2020-07-13T13:59:56Z</time>
 </trkpt>
 <trkpt lat="62.277811802923679" lon="-7.177091259509325">
 <ele>430.44</ele>
 <time>2020-07-13T14:00:04Z</time>
 </trkpt>
 <trkpt lat="62.277839630842209" lon="-7.176931919530034">
 <ele>428.5</ele>
 <time>2020-07-13T14:00:15Z</time>
 </trkpt>
 <trkpt lat="62.277861256152391" lon="-7.176749194040895">
 <ele>426.13</ele>
 <time>2020-07-13T14:00:27Z</time>
 </trkpt>
 <trkpt lat="62.277894532307982" lon="-7.176588010042906">
 <ele>425.24000000000001</ele>
 <time>2020-07-13T14:00:44Z</time>
 </trkpt>
 <trkpt lat="62.277898471802473" lon="-7.176401764154434">
 <ele>423.62</ele>
 <time>2020-07-13T14:00:54Z</time>
 </trkpt>
 <trkpt lat="62.277968879789114" lon="-7.176274778321385">
 <ele>422.76999999999998</ele>
 <time>2020-07-13T14:01:06Z</time>
 </trkpt>
 <trkpt lat="62.278034007176757" lon="-7.176139829680324">
 <ele>421.63</ele>
 <time>2020-07-13T14:01:16Z</time>
 </trkpt>
 <trkpt lat="62.278078598901629" lon="-7.175974119454622">
 <ele>421.20999999999998</ele>
 <time>2020-07-13T14:01:24Z</time>
 </trkpt>
 <trkpt lat="62.27812897413969" lon="-7.17580882832408">
 <ele>419.62</ele>
 <time>2020-07-13T14:01:32Z</time>
 </trkpt>
 <trkpt lat="62.278205584734678" lon="-7.175718387588859">
 <ele>419.13999999999999</ele>
 <time>2020-07-13T14:01:41Z</time>
 </trkpt>
 <trkpt lat="62.278175912797451" lon="-7.175539769232273">
 <ele>417.14999999999998</ele>
 <time>2020-07-13T14:01:54Z</time>
 </trkpt>
 <trkpt lat="62.278182450681925" lon="-7.175352014601231">
 <ele>415.42000000000002</ele>
 <time>2020-07-13T14:02:06Z</time>
 </trkpt>
 <trkpt lat="62.278199885040522" lon="-7.175156883895397">
 <ele>414.07999999999998</ele>
 <time>2020-07-13T14:02:14Z</time>
 </trkpt>
 <trkpt lat="62.278244644403458" lon="-7.174984635785222">
 <ele>413.11000000000001</ele>
 <time>2020-07-13T14:02:21Z</time>
 </trkpt>
 <trkpt lat="62.278310190886259" lon="-7.174826972186565">
 <ele>412.36000000000001</ele>
 <time>2020-07-13T14:02:29Z</time>
 </trkpt>
 <trkpt lat="62.278366852551699" lon="-7.174663357436657">
 <ele>411.68000000000001</ele>
 <time>2020-07-13T14:02:37Z</time>
 </trkpt>
 <trkpt lat="62.278434745967388" lon="-7.174544669687748">
 <ele>411.62</ele>
 <time>2020-07-13T14:02:45Z</time>
 </trkpt>
 <trkpt lat="62.278516553342342" lon="-7.174432436004281">
 <ele>411.49000000000001</ele>
 <time>2020-07-13T14:02:53Z</time>
 </trkpt>
 <trkpt lat="62.278598695993423" lon="-7.174323974177241">
 <ele>410.75999999999999</ele>
 <time>2020-07-13T14:03:02Z</time>
 </trkpt>
 <trkpt lat="62.278642784804106" lon="-7.174157509580255">
 <ele>409.75</ele>
 <time>2020-07-13T14:03:08Z</time>
 </trkpt>
 <trkpt lat="62.278671702370048" lon="-7.173975119367242">
 <ele>408.48000000000002</ele>
 <time>2020-07-13T14:03:14Z</time>
 </trkpt>
 <trkpt lat="62.278740936890244" lon="-7.173849642276764">
 <ele>406.81</ele>
 <time>2020-07-13T14:03:23Z</time>
 </trkpt>
 <trkpt lat="62.278809081763029" lon="-7.173706311732531">
 <ele>405.47000000000003</ele>
 <time>2020-07-13T14:03:30Z</time>
 </trkpt>
 <trkpt lat="62.278890050947666" lon="-7.173610255122185">
 <ele>404.42000000000002</ele>
 <time>2020-07-13T14:03:38Z</time>
 </trkpt>
 <trkpt lat="62.278964146971703" lon="-7.173496345058084">
 <ele>403.56</ele>
 <time>2020-07-13T14:03:45Z</time>
 </trkpt>
 <trkpt lat="62.279019970446825" lon="-7.173329964280129">
 <ele>402.38999999999999</ele>
 <time>2020-07-13T14:03:52Z</time>
 </trkpt>
 <trkpt lat="62.279046541079879" lon="-7.173147154971957">
 <ele>401.13999999999999</ele>
 <time>2020-07-13T14:03:59Z</time>
 </trkpt>
 <trkpt lat="62.279072524979711" lon="-7.172956550493836">
 <ele>400.05000000000001</ele>
 <time>2020-07-13T14:04:07Z</time>
 </trkpt>
 <trkpt lat="62.279115691781044" lon="-7.172755468636751">
 <ele>398.22000000000003</ele>
 <time>2020-07-13T14:04:15Z</time>
 </trkpt>
 <trkpt lat="62.279169168323278" lon="-7.172576431185007">
 <ele>397.47000000000003</ele>
 <time>2020-07-13T14:04:22Z</time>
 </trkpt>
 <trkpt lat="62.279258351773024" lon="-7.172489929944277">
 <ele>396.04000000000002</ele>
 <time>2020-07-13T14:04:31Z</time>
 </trkpt>
 <trkpt lat="62.279355246573687" lon="-7.172472914680839">
 <ele>396.00999999999999</ele>
 <time>2020-07-13T14:04:41Z</time>
 </trkpt>
 <trkpt lat="62.27941551245749" lon="-7.172330338507891">
 <ele>395.43000000000001</ele>
 <time>2020-07-13T14:04:51Z</time>
 </trkpt>
 <trkpt lat="62.279480304569006" lon="-7.172177033498883">
 <ele>394.25999999999999</ele>
 <time>2020-07-13T14:04:58Z</time>
 </trkpt>
 <trkpt lat="62.279558256268501" lon="-7.172034876421094">
 <ele>393.27999999999997</ele>
 <time>2020-07-13T14:05:05Z</time>
 </trkpt>
 <trkpt lat="62.279604189097881" lon="-7.171839578077197">
 <ele>392.79000000000002</ele>
 <time>2020-07-13T14:05:12Z</time>
 </trkpt>
 <trkpt lat="62.279614498838782" lon="-7.171618714928627">
 <ele>391.58999999999997</ele>
 <time>2020-07-13T14:05:21Z</time>
 </trkpt>
 <trkpt lat="62.279651127755642" lon="-7.171438252553344">
 <ele>391.56999999999999</ele>
 <time>2020-07-13T14:05:29Z</time>
 </trkpt>
 <trkpt lat="62.279673339799047" lon="-7.171293077990413">
 <ele>391.08999999999997</ele>
 <time>2020-07-13T14:05:38Z</time>
 </trkpt>
 <trkpt lat="62.279721116647124" lon="-7.171132480725646">
 <ele>391.07999999999998</ele>
 <time>2020-07-13T14:05:45Z</time>
 </trkpt>
 <trkpt lat="62.279748106375337" lon="-7.170950844883919">
 <ele>390.60000000000002</ele>
 <time>2020-07-13T14:05:53Z</time>
 </trkpt>
 <trkpt lat="62.279790351167321" lon="-7.170775160193443">
 <ele>389.5</ele>
 <time>2020-07-13T14:06:02Z</time>
 </trkpt>
 <trkpt lat="62.279852293431759" lon="-7.170619424432516">
 <ele>388.42000000000002</ele>
 <time>2020-07-13T14:06:16Z</time>
 </trkpt>
 <trkpt lat="62.279907278716564" lon="-7.170494450256228">
 <ele>387.38</ele>
 <time>2020-07-13T14:06:37Z</time>
 </trkpt>
 <trkpt lat="62.279973244294524" lon="-7.170395124703646">
 <ele>385.97000000000003</ele>
 <time>2020-07-13T14:06:49Z</time>
 </trkpt>
 <trkpt lat="62.280054548755288" lon="-7.170376935973764">
 <ele>382.56999999999999</ele>
 <time>2020-07-13T14:07:14Z</time>
 </trkpt>
 <trkpt lat="62.2801005654037" lon="-7.170219775289297">
 <ele>381.01999999999998</ele>
 <time>2020-07-13T14:07:22Z</time>
 </trkpt>
 <trkpt lat="62.280164435505867" lon="-7.170070577412844">
 <ele>379.17000000000002</ele>
 <time>2020-07-13T14:07:32Z</time>
 </trkpt>
 <trkpt lat="62.280225707218051" lon="-7.169921966269612">
 <ele>377.75</ele>
 <time>2020-07-13T14:07:40Z</time>
 </trkpt>
 <trkpt lat="62.280306173488498" lon="-7.169826496392489">
 <ele>374.98000000000002</ele>
 <time>2020-07-13T14:07:49Z</time>
 </trkpt>
 <trkpt lat="62.280387980863452" lon="-7.169762793928385">
 <ele>372.98000000000002</ele>
 <time>2020-07-13T14:07:57Z</time>
 </trkpt>
 <trkpt lat="62.280468614771962" lon="-7.16964771039784">
 <ele>370.73000000000002</ele>
 <time>2020-07-13T14:08:07Z</time>
 </trkpt>
 <trkpt lat="62.280534245073795" lon="-7.169506810605526">
 <ele>368.89999999999998</ele>
 <time>2020-07-13T14:08:17Z</time>
 </trkpt>
 <trkpt lat="62.280592834576964" lon="-7.169337077066302">
 <ele>367.26999999999998</ele>
 <time>2020-07-13T14:08:29Z</time>
 </trkpt>
 <trkpt lat="62.280617645010352" lon="-7.169147226959467">
 <ele>366.00999999999999</ele>
 <time>2020-07-13T14:08:39Z</time>
 </trkpt>
 <trkpt lat="62.280683945864439" lon="-7.168978247791529">
 <ele>364.75999999999999</ele>
 <time>2020-07-13T14:08:49Z</time>
 </trkpt>
 <trkpt lat="62.280761059373617" lon="-7.168865762650967">
 <ele>362.88</ele>
 <time>2020-07-13T14:08:59Z</time>
 </trkpt>
 <trkpt lat="62.280813278630376" lon="-7.168697118759155">
 <ele>361.52999999999997</ele>
 <time>2020-07-13T14:09:10Z</time>
 </trkpt>
 <trkpt lat="62.280880166217685" lon="-7.168517746031284">
 <ele>360.14999999999998</ele>
 <time>2020-07-13T14:09:19Z</time>
 </trkpt>
 <trkpt lat="62.280912017449737" lon="-7.168328650295734">
 <ele>358.62</ele>
 <time>2020-07-13T14:09:27Z</time>
 </trkpt>
 <trkpt lat="62.280970104038715" lon="-7.168167801573873">
 <ele>356.87</ele>
 <time>2020-07-13T14:09:35Z</time>
 </trkpt>
 <trkpt lat="62.28102701716125" lon="-7.168004270642996">
 <ele>355.12</ele>
 <time>2020-07-13T14:09:43Z</time>
 </trkpt>
 <trkpt lat="62.281060544773936" lon="-7.167827747762203">
 <ele>353.50999999999999</ele>
 <time>2020-07-13T14:09:51Z</time>
 </trkpt>
 <trkpt lat="62.281122487038374" lon="-7.167681232094765">
 <ele>352.30000000000001</ele>
 <time>2020-07-13T14:09:58Z</time>
 </trkpt>
 <trkpt lat="62.28118434548378" lon="-7.167538739740849">
 <ele>351.19999999999999</ele>
 <time>2020-07-13T14:10:06Z</time>
 </trkpt>
 <trkpt lat="62.281247712671757" lon="-7.16737562790513">
 <ele>349.18000000000001</ele>
 <time>2020-07-13T14:10:17Z</time>
 </trkpt>
 <trkpt lat="62.281304290518165" lon="-7.167218048125505">
 <ele>346.60000000000002</ele>
 <time>2020-07-13T14:10:26Z</time>
 </trkpt>
 <trkpt lat="62.2813715133816" lon="-7.167090140283108">
 <ele>344.62</ele>
 <time>2020-07-13T14:10:35Z</time>
 </trkpt>
 <trkpt lat="62.281409651041031" lon="-7.166931219398975">
 <ele>342.20999999999998</ele>
 <time>2020-07-13T14:10:48Z</time>
 </trkpt>
 <trkpt lat="62.281477879732847" lon="-7.166790906339884">
 <ele>339.06</ele>
 <time>2020-07-13T14:11:02Z</time>
 </trkpt>
 <trkpt lat="62.281521549448371" lon="-7.166622765362263">
 <ele>337.18000000000001</ele>
 <time>2020-07-13T14:11:15Z</time>
 </trkpt>
 <trkpt lat="62.28160553611815" lon="-7.166520589962602">
 <ele>334.42000000000002</ele>
 <time>2020-07-13T14:11:27Z</time>
 </trkpt>
 <trkpt lat="62.281666891649365" lon="-7.166367201134563">
 <ele>331.97000000000003</ele>
 <time>2020-07-13T14:11:37Z</time>
 </trkpt>
 <trkpt lat="62.281738640740514" lon="-7.166255218908191">
 <ele>329.62</ele>
 <time>2020-07-13T14:11:47Z</time>
 </trkpt>
 <trkpt lat="62.281799660995603" lon="-7.166094789281488">
 <ele>328.64999999999998</ele>
 <time>2020-07-13T14:11:56Z</time>
 </trkpt>
 <trkpt lat="62.281866548582911" lon="-7.165956236422062">
 <ele>326.22000000000003</ele>
 <time>2020-07-13T14:12:07Z</time>
 </trkpt>
 <trkpt lat="62.281942991539836" lon="-7.165851797908545">
 <ele>323.83999999999997</ele>
 <time>2020-07-13T14:12:15Z</time>
 </trkpt>
 <trkpt lat="62.282005101442337" lon="-7.165689188987017">
 <ele>322.31999999999999</ele>
 <time>2020-07-13T14:12:23Z</time>
 </trkpt>
 <trkpt lat="62.282046088948846" lon="-7.165496656671166">
 <ele>321.38999999999999</ele>
 <time>2020-07-13T14:12:30Z</time>
 </trkpt>
 <trkpt lat="62.282080454751849" lon="-7.16530529782176">
 <ele>320.31999999999999</ele>
 <time>2020-07-13T14:12:37Z</time>
 </trkpt>
 <trkpt lat="62.282145330682397" lon="-7.165153501555324">
 <ele>319.5</ele>
 <time>2020-07-13T14:12:44Z</time>
 </trkpt>
 <trkpt lat="62.282197549939156" lon="-7.164973793551326">
 <ele>318.63999999999999</ele>
 <time>2020-07-13T14:12:51Z</time>
 </trkpt>
 <trkpt lat="62.282239962369204" lon="-7.164788721129298">
 <ele>317.22000000000003</ele>
 <time>2020-07-13T14:12:58Z</time>
 </trkpt>
 <trkpt lat="62.282301234081388" lon="-7.164621502161026">
 <ele>315.79000000000002</ele>
 <time>2020-07-13T14:13:05Z</time>
 </trkpt>
 <trkpt lat="62.282359739765525" lon="-7.164441794157028">
 <ele>314.44999999999999</ele>
 <time>2020-07-13T14:13:12Z</time>
 </trkpt>
 <trkpt lat="62.282425789162517" lon="-7.164279604330659">
 <ele>313.75999999999999</ele>
 <time>2020-07-13T14:13:20Z</time>
 </trkpt>
 <trkpt lat="62.282516146078706" lon="-7.164236772805452">
 <ele>312.00999999999999</ele>
 <time>2020-07-13T14:13:33Z</time>
 </trkpt>
 <trkpt lat="62.28259745053947" lon="-7.164123365655541">
 <ele>313.13999999999999</ele>
 <time>2020-07-13T14:13:40Z</time>
 </trkpt>
 <trkpt lat="62.282641287893057" lon="-7.164192600175738">
 <ele>312.88999999999999</ele>
 <time>2020-07-13T14:15:20Z</time>
 </trkpt>
 <trkpt lat="62.282671798020601" lon="-7.164089335128665">
 <ele>312.94999999999999</ele>
 <time>2020-07-13T14:16:34Z</time>
 </trkpt>
 <trkpt lat="62.282758466899395" lon="-7.164005935192108">
 <ele>312.70999999999998</ele>
 <time>2020-07-13T14:16:42Z</time>
 </trkpt>
 <trkpt lat="62.282833736389875" lon="-7.16385455802083">
 <ele>311.13999999999999</ele>
 <time>2020-07-13T14:16:51Z</time>
 </trkpt>
 <trkpt lat="62.282912274822593" lon="-7.163745425641537">
 <ele>310.17000000000002</ele>
 <time>2020-07-13T14:16:57Z</time>
 </trkpt>
 <trkpt lat="62.282984359189868" lon="-7.16362145729363">
 <ele>309.25</ele>
 <time>2020-07-13T14:17:05Z</time>
 </trkpt>
 <trkpt lat="62.283064071089029" lon="-7.163495477288961">
 <ele>307.16000000000003</ele>
 <time>2020-07-13T14:17:12Z</time>
 </trkpt>
 <trkpt lat="62.283130707219243" lon="-7.16334879398346">
 <ele>306.10000000000002</ele>
 <time>2020-07-13T14:17:20Z</time>
 </trkpt>
 <trkpt lat="62.283190051093698" lon="-7.163196327164769">
 <ele>304.85000000000002</ele>
 <time>2020-07-13T14:17:27Z</time>
 </trkpt>
 <trkpt lat="62.283255681395531" lon="-7.163046961650252">
 <ele>303.39999999999998</ele>
 <time>2020-07-13T14:17:34Z</time>
 </trkpt>
 <trkpt lat="62.283327933400869" lon="-7.16291444376111">
 <ele>301.56999999999999</ele>
 <time>2020-07-13T14:17:41Z</time>
 </trkpt>
 <trkpt lat="62.283403538167477" lon="-7.162831630557776">
 <ele>300.20999999999998</ele>
 <time>2020-07-13T14:17:48Z</time>
 </trkpt>
 <trkpt lat="62.283486686646938" lon="-7.162726353853941">
 <ele>298.88999999999999</ele>
 <time>2020-07-13T14:17:56Z</time>
 </trkpt>
 <trkpt lat="62.283561704680324" lon="-7.162605486810207">
 <ele>296.43000000000001</ele>
 <time>2020-07-13T14:18:13Z</time>
 </trkpt>
 <trkpt lat="62.283651474863291" lon="-7.162509597837925">
 <ele>295.64999999999998</ele>
 <time>2020-07-13T14:18:21Z</time>
 </trkpt>
 <trkpt lat="62.283732192590833" lon="-7.162423683330417">
 <ele>292.95999999999998</ele>
 <time>2020-07-13T14:18:39Z</time>
 </trkpt>
 <trkpt lat="62.283805869519711" lon="-7.162342965602875">
 <ele>288.69999999999999</ele>
 <time>2020-07-13T14:19:02Z</time>
 </trkpt>
 <trkpt lat="62.283842079341412" lon="-7.162221930921078">
 <ele>284.47000000000003</ele>
 <time>2020-07-13T14:19:29Z</time>
 </trkpt>
 <trkpt lat="62.283883318305016" lon="-7.162120677530766">
 <ele>280.52999999999997</ele>
 <time>2020-07-13T14:19:53Z</time>
 </trkpt>
 <trkpt lat="62.283944338560104" lon="-7.161991763859987">
 <ele>277.56999999999999</ele>
 <time>2020-07-13T14:20:08Z</time>
 </trkpt>
 <trkpt lat="62.284026481211185" lon="-7.161880200728774">
 <ele>274.88999999999999</ele>
 <time>2020-07-13T14:20:22Z</time>
 </trkpt>
 <trkpt lat="62.284119436517358" lon="-7.161809876561165">
 <ele>272.04000000000002</ele>
 <time>2020-07-13T14:20:37Z</time>
 </trkpt>
 <trkpt lat="62.284216079860926" lon="-7.161786574870348">
 <ele>267.61000000000001</ele>
 <time>2020-07-13T14:20:56Z</time>
 </trkpt>
 <trkpt lat="62.284297971054912" lon="-7.161687584593892">
 <ele>264.50999999999999</ele>
 <time>2020-07-13T14:21:11Z</time>
 </trkpt>
 <trkpt lat="62.284362427890301" lon="-7.16151843778789">
 <ele>261.18000000000001</ele>
 <time>2020-07-13T14:21:22Z</time>
 </trkpt>
 <trkpt lat="62.284420095384121" lon="-7.161361528560519">
 <ele>258.26999999999998</ele>
 <time>2020-07-13T14:21:34Z</time>
 </trkpt>
 <trkpt lat="62.284490671008825" lon="-7.161246696487069">
 <ele>255.15000000000001</ele>
 <time>2020-07-13T14:21:45Z</time>
 </trkpt>
 <trkpt lat="62.28454414755106" lon="-7.161074448376894">
 <ele>253</ele>
 <time>2020-07-13T14:21:58Z</time>
 </trkpt>
 <trkpt lat="62.28461991995573" lon="-7.160971099510789">
 <ele>250.47999999999999</ele>
 <time>2020-07-13T14:22:08Z</time>
 </trkpt>
 <trkpt lat="62.284675994887948" lon="-7.160817375406623">
 <ele>246.16</ele>
 <time>2020-07-13T14:22:21Z</time>
 </trkpt>
 <trkpt lat="62.284659147262573" lon="-7.160639679059386">
 <ele>241.69</ele>
 <time>2020-07-13T14:22:40Z</time>
 </trkpt>
 <trkpt lat="62.284637354314327" lon="-7.160432897508144">
 <ele>237.22999999999999</ele>
 <time>2020-07-13T14:22:51Z</time>
 </trkpt>
 <trkpt lat="62.284637270495296" lon="-7.160231648012996">
 <ele>234.41999999999999</ele>
 <time>2020-07-13T14:23:00Z</time>
 </trkpt>
 <trkpt lat="62.284660404548049" lon="-7.160056801512837">
 <ele>232.55000000000001</ele>
 <time>2020-07-13T14:23:11Z</time>
 </trkpt>
 <trkpt lat="62.284731986001134" lon="-7.159928558394313">
 <ele>231.41</ele>
 <time>2020-07-13T14:23:18Z</time>
 </trkpt>
 <trkpt lat="62.284823432564735" lon="-7.159874998033047">
 <ele>229.84</ele>
 <time>2020-07-13T14:23:25Z</time>
 </trkpt>
 <trkpt lat="62.284880597144365" lon="-7.159729236736894">
 <ele>228.69999999999999</ele>
 <time>2020-07-13T14:23:32Z</time>
 </trkpt>
 <trkpt lat="62.284954274073243" lon="-7.159612560644746">
 <ele>228.74000000000001</ele>
 <time>2020-07-13T14:23:39Z</time>
 </trkpt>
 <trkpt lat="62.285014539957047" lon="-7.159513235092163">
 <ele>228.22</ele>
 <time>2020-07-13T14:24:00Z</time>
 </trkpt>
 <trkpt lat="62.285088300704956" lon="-7.159389015287161">
 <ele>226.65000000000001</ele>
 <time>2020-07-13T14:24:10Z</time>
 </trkpt>
 <trkpt lat="62.285145046189427" lon="-7.159245014190674">
 <ele>225.66999999999999</ele>
 <time>2020-07-13T14:24:19Z</time>
 </trkpt>
 <trkpt lat="62.285199780017138" lon="-7.159079052507877">
 <ele>224.31</ele>
 <time>2020-07-13T14:24:27Z</time>
 </trkpt>
 <trkpt lat="62.285263985395432" lon="-7.158908396959305">
 <ele>222.86000000000001</ele>
 <time>2020-07-13T14:24:35Z</time>
 </trkpt>
 <trkpt lat="62.285333387553692" lon="-7.158771185204387">
 <ele>221.77000000000001</ele>
 <time>2020-07-13T14:24:42Z</time>
 </trkpt>
 <trkpt lat="62.285381918773055" lon="-7.158584268763661">
 <ele>221.13</ele>
 <time>2020-07-13T14:24:50Z</time>
 </trkpt>
 <trkpt lat="62.285458613187075" lon="-7.158428113907576">
 <ele>219.02000000000001</ele>
 <time>2020-07-13T14:25:01Z</time>
 </trkpt>
 <trkpt lat="62.28551116771996" lon="-7.1582524292171">
 <ele>217.88</ele>
 <time>2020-07-13T14:25:09Z</time>
 </trkpt>
 <trkpt lat="62.285555172711611" lon="-7.158085713163018">
 <ele>216.16999999999999</ele>
 <time>2020-07-13T14:25:21Z</time>
 </trkpt>
 <trkpt lat="62.285609487444162" lon="-7.157964343205094">
 <ele>213.74000000000001</ele>
 <time>2020-07-13T14:25:49Z</time>
 </trkpt>
 <trkpt lat="62.285689450800419" lon="-7.158033158630133">
 <ele>210.22</ele>
 <time>2020-07-13T14:26:03Z</time>
 </trkpt>
 <trkpt lat="62.285734210163355" lon="-7.158092334866524">
 <ele>206.97</ele>
 <time>2020-07-13T14:26:19Z</time>
 </trkpt>
 <trkpt lat="62.285770336166024" lon="-7.157907849177718">
 <ele>203.88</ele>
 <time>2020-07-13T14:26:30Z</time>
 </trkpt>
 <trkpt lat="62.285862118005753" lon="-7.157805003225803">
 <ele>200.75999999999999</ele>
 <time>2020-07-13T14:26:41Z</time>
 </trkpt>
 <trkpt lat="62.285810317844152" lon="-7.157677346840501">
 <ele>198.90000000000001</ele>
 <time>2020-07-13T14:26:49Z</time>
 </trkpt>
 <trkpt lat="62.285739406943321" lon="-7.157553965225816">
 <ele>197.09999999999999</ele>
 <time>2020-07-13T14:26:59Z</time>
 </trkpt>
 <trkpt lat="62.285672267898917" lon="-7.157425889745355">
 <ele>193.86000000000001</ele>
 <time>2020-07-13T14:27:14Z</time>
 </trkpt>
 <trkpt lat="62.285658102482557" lon="-7.157307621091604">
 <ele>189.21000000000001</ele>
 <time>2020-07-13T14:27:35Z</time>
 </trkpt>
 <trkpt lat="62.285670591518283" lon="-7.157184239476919">
 <ele>185.63</ele>
 <time>2020-07-13T14:27:51Z</time>
 </trkpt>
 <trkpt lat="62.285586185753345" lon="-7.157077873125672">
 <ele>182.50999999999999</ele>
 <time>2020-07-13T14:28:03Z</time>
 </trkpt>
 <trkpt lat="62.285600015893579" lon="-7.156886430457234">
 <ele>178.62</ele>
 <time>2020-07-13T14:28:18Z</time>
 </trkpt>
 <trkpt lat="62.285674279555678" lon="-7.156765982508659">
 <ele>176.24000000000001</ele>
 <time>2020-07-13T14:28:28Z</time>
 </trkpt>
 <trkpt lat="62.285695485770702" lon="-7.15657789260149">
 <ele>173.46000000000001</ele>
 <time>2020-07-13T14:28:38Z</time>
 </trkpt>
 <trkpt lat="62.285737982019782" lon="-7.156395334750414">
 <ele>170.46000000000001</ele>
 <time>2020-07-13T14:28:52Z</time>
 </trkpt>
 <trkpt lat="62.285770587623119" lon="-7.156200706958771">
 <ele>167.66999999999999</ele>
 <time>2020-07-13T14:29:03Z</time>
 </trkpt>
 <trkpt lat="62.285818699747324" lon="-7.156076319515705">
 <ele>165.06</ele>
 <time>2020-07-13T14:29:14Z</time>
 </trkpt>
 <trkpt lat="62.285884413868189" lon="-7.155999457463622">
 <ele>160.83000000000001</ele>
 <time>2020-07-13T14:29:32Z</time>
 </trkpt>
 <trkpt lat="62.285844599828124" lon="-7.155839111655951">
 <ele>157.52000000000001</ele>
 <time>2020-07-13T14:29:44Z</time>
 </trkpt>
 <trkpt lat="62.285864381119609" lon="-7.155729727819562">
 <ele>155.06999999999999</ele>
 <time>2020-07-13T14:29:54Z</time>
 </trkpt>
 <trkpt lat="62.285865806043148" lon="-7.155569549649954">
 <ele>151.94999999999999</ele>
 <time>2020-07-13T14:30:03Z</time>
 </trkpt>
 <trkpt lat="62.285923808813095" lon="-7.155401995405555">
 <ele>150.56</ele>
 <time>2020-07-13T14:30:11Z</time>
 </trkpt>
 <trkpt lat="62.285979045554996" lon="-7.155245002359152">
 <ele>149</ele>
 <time>2020-07-13T14:30:19Z</time>
 </trkpt>
 <trkpt lat="62.285947445780039" lon="-7.15508951805532">
 <ele>145.50999999999999</ele>
 <time>2020-07-13T14:30:32Z</time>
 </trkpt>
 <trkpt lat="62.285909140482545" lon="-7.155006034299731">
 <ele>142.53</ele>
 <time>2020-07-13T14:30:44Z</time>
 </trkpt>
 <trkpt lat="62.285852059721947" lon="-7.154887262731791">
 <ele>139.31</ele>
 <time>2020-07-13T14:30:57Z</time>
 </trkpt>
 <trkpt lat="62.285759104415774" lon="-7.154898326843977">
 <ele>136.25</ele>
 <time>2020-07-13T14:31:10Z</time>
 </trkpt>
 <trkpt lat="62.285702526569366" lon="-7.154785003513098">
 <ele>132.13999999999999</ele>
 <time>2020-07-13T14:31:30Z</time>
 </trkpt>
 <trkpt lat="62.28561183437705" lon="-7.154676709324122">
 <ele>129.46000000000001</ele>
 <time>2020-07-13T14:31:45Z</time>
 </trkpt>
 <trkpt lat="62.285638907924294" lon="-7.154543101787567">
 <ele>127.15000000000001</ele>
 <time>2020-07-13T14:31:59Z</time>
 </trkpt>
 <trkpt lat="62.285724319517612" lon="-7.154522817581892">
 <ele>125.26000000000001</ele>
 <time>2020-07-13T14:32:10Z</time>
 </trkpt>
 <trkpt lat="62.285789363086224" lon="-7.154394071549177">
 <ele>122.15000000000001</ele>
 <time>2020-07-13T14:32:29Z</time>
 </trkpt>
 <trkpt lat="62.285776203498244" lon="-7.154290722683072">
 <ele>119.27</ele>
 <time>2020-07-13T14:32:58Z</time>
 </trkpt>
 <trkpt lat="62.285822052508593" lon="-7.154194917529821">
 <ele>116.53</ele>
 <time>2020-07-13T14:33:43Z</time>
 </trkpt>
 <trkpt lat="62.285910062491894" lon="-7.154158959165216">
 <ele>113.56999999999999</ele>
 <time>2020-07-13T14:33:53Z</time>
 </trkpt>
 <trkpt lat="62.286002514883876" lon="-7.154142530634999">
 <ele>111.72</ele>
 <time>2020-07-13T14:34:03Z</time>
 </trkpt>
 <trkpt lat="62.286088094115257" lon="-7.154110847041011">
 <ele>108.95999999999999</ele>
 <time>2020-07-13T14:34:13Z</time>
 </trkpt>
 <trkpt lat="62.286175852641463" lon="-7.154023759067059">
 <ele>106.06</ele>
 <time>2020-07-13T14:34:28Z</time>
 </trkpt>
 <trkpt lat="62.28617669083178" lon="-7.15379904024303">
 <ele>103.42</ele>
 <time>2020-07-13T14:34:43Z</time>
 </trkpt>
 <trkpt lat="62.286171745508909" lon="-7.153605753555894">
 <ele>103.16</ele>
 <time>2020-07-13T14:34:50Z</time>
 </trkpt>
 <trkpt lat="62.286239638924599" lon="-7.153504500165582">
 <ele>100.84999999999999</ele>
 <time>2020-07-13T14:35:01Z</time>
 </trkpt>
 <trkpt lat="62.286232262849808" lon="-7.153302496299148">
 <ele>97.579999999999998</ele>
 <time>2020-07-13T14:35:13Z</time>
 </trkpt>
 <trkpt lat="62.286303257569671" lon="-7.153196968138218">
 <ele>95.159999999999997</ele>
 <time>2020-07-13T14:35:24Z</time>
 </trkpt>
 <trkpt lat="62.286383807659149" lon="-7.153092529624701">
 <ele>91.450000000000003</ele>
 <time>2020-07-13T14:35:36Z</time>
 </trkpt>
 <trkpt lat="62.286439295858145" lon="-7.152949031442404">
 <ele>88.769999999999996</ele>
 <time>2020-07-13T14:35:48Z</time>
 </trkpt>
 <trkpt lat="62.286526719108224" lon="-7.152897315099835">
 <ele>85.909999999999997</ele>
 <time>2020-07-13T14:35:58Z</time>
 </trkpt>
 <trkpt lat="62.286584889516234" lon="-7.152738645672798">
 <ele>82.390000000000001</ele>
 <time>2020-07-13T14:36:11Z</time>
 </trkpt>
 <trkpt lat="62.286620009690523" lon="-7.152580982074142">
 <ele>79.469999999999999</ele>
 <time>2020-07-13T14:36:24Z</time>
 </trkpt>
 <trkpt lat="62.286695949733257" lon="-7.15250613167882">
 <ele>76.930000000000007</ele>
 <time>2020-07-13T14:36:36Z</time>
 </trkpt>
 <trkpt lat="62.286727046594024" lon="-7.152356179431081">
 <ele>73.560000000000002</ele>
 <time>2020-07-13T14:37:02Z</time>
 </trkpt>
 <trkpt lat="62.286761915311217" lon="-7.152273450046778">
 <ele>71.379999999999995</ele>
 <time>2020-07-13T14:37:12Z</time>
 </trkpt>
 <trkpt lat="62.286823689937592" lon="-7.152223661541939">
 <ele>68.540000000000006</ele>
 <time>2020-07-13T14:37:25Z</time>
 </trkpt>
 <trkpt lat="62.286776499822736" lon="-7.152046384289861">
 <ele>67.140000000000001</ele>
 <time>2020-07-13T14:37:35Z</time>
 </trkpt>
 <trkpt lat="62.286810865625739" lon="-7.151994416490197">
 <ele>63.609999999999999</ele>
 <time>2020-07-13T14:38:01Z</time>
 </trkpt>
 <trkpt lat="62.286877920851111" lon="-7.151951501145959">
 <ele>59.539999999999999</ele>
 <time>2020-07-13T14:38:19Z</time>
 </trkpt>
 <trkpt lat="62.286930475383997" lon="-7.151838513091207">
 <ele>56.479999999999997</ele>
 <time>2020-07-13T14:38:32Z</time>
 </trkpt>
 <trkpt lat="62.28699954226613" lon="-7.151834489777684">
 <ele>54.020000000000003</ele>
 <time>2020-07-13T14:38:45Z</time>
 </trkpt>
 <trkpt lat="62.287080427631736" lon="-7.151906657963991">
 <ele>53.600000000000001</ele>
 <time>2020-07-13T14:38:53Z</time>
 </trkpt>
 <trkpt lat="62.287166425958276" lon="-7.152000702917576">
 <ele>52.009999999999998</ele>
 <time>2020-07-13T14:39:02Z</time>
 </trkpt>
 <trkpt lat="62.287262314930558" lon="-7.151998104527593">
 <ele>50.200000000000003</ele>
 <time>2020-07-13T14:39:15Z</time>
 </trkpt>
 <trkpt lat="62.2873464692384" lon="-7.152077732607722">
 <ele>48.75</ele>
 <time>2020-07-13T14:39:25Z</time>
 </trkpt>
 <trkpt lat="62.287432886660099" lon="-7.152155349031091">
 <ele>46.859999999999999</ele>
 <time>2020-07-13T14:39:39Z</time>
 </trkpt>
 <trkpt lat="62.28752139955759" lon="-7.152165742591023">
 <ele>46.219999999999999</ele>
 <time>2020-07-13T14:39:50Z</time>
 </trkpt>
 <trkpt lat="62.287637572735548" lon="-7.152208406478167">
 <ele>44.619999999999997</ele>
 <time>2020-07-13T14:40:00Z</time>
 </trkpt>
 <trkpt lat="62.287749638780951" lon="-7.152253752574325">
 <ele>43.810000000000002</ele>
 <time>2020-07-13T14:40:07Z</time>
 </trkpt>
 <trkpt lat="62.287844270467758" lon="-7.152226511389017">
 <ele>42.590000000000003</ele>
 <time>2020-07-13T14:40:15Z</time>
 </trkpt>
 <trkpt lat="62.287935549393296" lon="-7.15224863961339">
 <ele>41.549999999999997</ele>
 <time>2020-07-13T14:40:30Z</time>
 </trkpt>
 <trkpt lat="62.288046190515161" lon="-7.152260290458798">
 <ele>40.329999999999998</ele>
 <time>2020-07-13T14:40:38Z</time>
 </trkpt>
 <trkpt lat="62.288133781403303" lon="-7.152227768674493">
 <ele>39.689999999999998</ele>
 <time>2020-07-13T14:40:47Z</time>
 </trkpt>
 <trkpt lat="62.288237297907472" lon="-7.152195330709219">
 <ele>38.659999999999997</ele>
 <time>2020-07-13T14:40:58Z</time>
 </trkpt>
 <trkpt lat="62.288338802754879" lon="-7.152179153636098">
 <ele>39.079999999999998</ele>
 <time>2020-07-13T14:41:09Z</time>
 </trkpt>
 <trkpt lat="62.288425639271736" lon="-7.152077564969659">
 <ele>39.060000000000002</ele>
 <time>2020-07-13T14:41:20Z</time>
 </trkpt>
 <trkpt lat="62.288515828549862" lon="-7.152048479765654">
 <ele>37.439999999999998</ele>
 <time>2020-07-13T14:41:31Z</time>
 </trkpt>
 <trkpt lat="62.288576262071729" lon="-7.151923421770334">
 <ele>34.799999999999997</ele>
 <time>2020-07-13T14:41:44Z</time>
 </trkpt>
 <trkpt lat="62.288605347275734" lon="-7.151723429560661">
 <ele>30.77</ele>
 <time>2020-07-13T14:41:57Z</time>
 </trkpt>
 <trkpt lat="62.288657482713461" lon="-7.151584457606077">
 <ele>28.52</ele>
 <time>2020-07-13T14:42:09Z</time>
 </trkpt>
 <trkpt lat="62.288726633414626" lon="-7.151444312185049">
 <ele>25.829999999999998</ele>
 <time>2020-07-13T14:42:23Z</time>
 </trkpt>
 <trkpt lat="62.288776002824306" lon="-7.151273405179381">
 <ele>23.48</ele>
 <time>2020-07-13T14:42:31Z</time>
 </trkpt>
 <trkpt lat="62.288831910118461" lon="-7.151121608912945">
 <ele>20.420000000000002</ele>
 <time>2020-07-13T14:42:45Z</time>
 </trkpt>
 <trkpt lat="62.288893684744835" lon="-7.150993868708611">
 <ele>17.420000000000002</ele>
 <time>2020-07-13T14:42:56Z</time>
 </trkpt>
 <trkpt lat="62.288963003084064" lon="-7.150845760479569">
 <ele>14.27</ele>
 <time>2020-07-13T14:43:09Z</time>
 </trkpt>
 <trkpt lat="62.289037182927132" lon="-7.150713661685586">
 <ele>12.23</ele>
 <time>2020-07-13T14:43:27Z</time>
 </trkpt>
 <trkpt lat="62.289092838764191" lon="-7.150563793256879">
 <ele>9.24</ele>
 <time>2020-07-13T14:43:56Z</time>
 </trkpt>
 <trkpt lat="62.289149332791567" lon="-7.150400094687939">
 <ele>7.23</ele>
 <time>2020-07-13T14:44:06Z</time>
 </trkpt>
 <trkpt lat="62.289203479886055" lon="-7.150249052792788">
 <ele>5.71</ele>
 <time>2020-07-13T14:44:17Z</time>
 </trkpt>
 <trkpt lat="62.289280006662011" lon="-7.15013287961483">
 <ele>4.4</ele>
 <time>2020-07-13T14:44:27Z</time>
 </trkpt>
 <trkpt lat="62.289345972239971" lon="-7.14998091571033">
 <ele>3.09</ele>
 <time>2020-07-13T14:44:36Z</time>
 </trkpt>
 <trkpt lat="62.289396850392222" lon="-7.149805314838886">
 <ele>2.28</ele>
 <time>2020-07-13T14:44:46Z</time>
 </trkpt>
 <trkpt lat="62.289461558684707" lon="-7.149667767807841">
 <ele>2.45</ele>
 <time>2020-07-13T14:48:26Z</time>
 </trkpt>
 <trkpt lat="62.289461558684707" lon="-7.149667767807841">
 <ele>2.45</ele>
 <time>2020-07-13T14:48:26Z</time>
 </trkpt>
 <trkpt lat="62.289396850392222" lon="-7.149805314838886">
 <ele>2.28</ele>
 <time>2020-07-13T14:44:46Z</time>
 </trkpt>
 <trkpt lat="62.289345972239971" lon="-7.14998091571033">
 <ele>3.09</ele>
 <time>2020-07-13T14:44:36Z</time>
 </trkpt>
 <trkpt lat="62.289280006662011" lon="-7.15013287961483">
 <ele>4.4</ele>
 <time>2020-07-13T14:44:27Z</time>
 </trkpt>
 <trkpt lat="62.289203479886055" lon="-7.150249052792788">
 <ele>5.71</ele>
 <time>2020-07-13T14:44:17Z</time>
 </trkpt>
 <trkpt lat="62.289149332791567" lon="-7.150400094687939">
 <ele>7.23</ele>
 <time>2020-07-13T14:44:06Z</time>
 </trkpt>
 <trkpt lat="62.289092838764191" lon="-7.150563793256879">
 <ele>9.24</ele>
 <time>2020-07-13T14:43:56Z</time>
 </trkpt>
 <trkpt lat="62.289037182927132" lon="-7.150713661685586">
 <ele>12.23</ele>
 <time>2020-07-13T14:43:27Z</time>
 </trkpt>
 <trkpt lat="62.288963003084064" lon="-7.150845760479569">
 <ele>14.27</ele>
 <time>2020-07-13T14:43:09Z</time>
 </trkpt>
 <trkpt lat="62.288893684744835" lon="-7.150993868708611">
 <ele>17.420000000000002</ele>
 <time>2020-07-13T14:42:56Z</time>
 </trkpt>
 <trkpt lat="62.288831910118461" lon="-7.151121608912945">
 <ele>20.420000000000002</ele>
 <time>2020-07-13T14:42:45Z</time>
 </trkpt>
 <trkpt lat="62.288776002824306" lon="-7.151273405179381">
 <ele>23.48</ele>
 <time>2020-07-13T14:42:31Z</time>
 </trkpt>
 <trkpt lat="62.288726633414626" lon="-7.151444312185049">
 <ele>25.829999999999998</ele>
 <time>2020-07-13T14:42:23Z</time>
 </trkpt>
 <trkpt lat="62.288657482713461" lon="-7.151584457606077">
 <ele>28.52</ele>
 <time>2020-07-13T14:42:09Z</time>
 </trkpt>
 <trkpt lat="62.288605347275734" lon="-7.151723429560661">
 <ele>30.77</ele>
 <time>2020-07-13T14:41:57Z</time>
 </trkpt>
 <trkpt lat="62.288576262071729" lon="-7.151923421770334">
 <ele>34.799999999999997</ele>
 <time>2020-07-13T14:41:44Z</time>
 </trkpt>
 <trkpt lat="62.288515828549862" lon="-7.152048479765654">
 <ele>37.439999999999998</ele>
 <time>2020-07-13T14:41:31Z</time>
 </trkpt>
 <trkpt lat="62.288425639271736" lon="-7.152077564969659">
 <ele>39.060000000000002</ele>
 <time>2020-07-13T14:41:20Z</time>
 </trkpt>
 <trkpt lat="62.288338802754879" lon="-7.152179153636098">
 <ele>39.079999999999998</ele>
 <time>2020-07-13T14:41:09Z</time>
 </trkpt>
 <trkpt lat="62.288237297907472" lon="-7.152195330709219">
 <ele>38.659999999999997</ele>
 <time>2020-07-13T14:40:58Z</time>
 </trkpt>
 <trkpt lat="62.288133781403303" lon="-7.152227768674493">
 <ele>39.689999999999998</ele>
 <time>2020-07-13T14:40:47Z</time>
 </trkpt>
 <trkpt lat="62.288046190515161" lon="-7.152260290458798">
 <ele>40.329999999999998</ele>
 <time>2020-07-13T14:40:38Z</time>
 </trkpt>
 <trkpt lat="62.287935549393296" lon="-7.15224863961339">
 <ele>41.549999999999997</ele>
 <time>2020-07-13T14:40:30Z</time>
 </trkpt>
 <trkpt lat="62.287844270467758" lon="-7.152226511389017">
 <ele>42.590000000000003</ele>
 <time>2020-07-13T14:40:15Z</time>
 </trkpt>
 <trkpt lat="62.287749638780951" lon="-7.152253752574325">
 <ele>43.810000000000002</ele>
 <time>2020-07-13T14:40:07Z</time>
 </trkpt>
 <trkpt lat="62.287637572735548" lon="-7.152208406478167">
 <ele>44.619999999999997</ele>
 <time>2020-07-13T14:40:00Z</time>
 </trkpt>
 <trkpt lat="62.28752139955759" lon="-7.152165742591023">
 <ele>46.219999999999999</ele>
 <time>2020-07-13T14:39:50Z</time>
 </trkpt>
 <trkpt lat="62.287432886660099" lon="-7.152155349031091">
 <ele>46.859999999999999</ele>
 <time>2020-07-13T14:39:39Z</time>
 </trkpt>
 <trkpt lat="62.2873464692384" lon="-7.152077732607722">
 <ele>48.75</ele>
 <time>2020-07-13T14:39:25Z</time>
 </trkpt>
 <trkpt lat="62.287262314930558" lon="-7.151998104527593">
 <ele>50.200000000000003</ele>
 <time>2020-07-13T14:39:15Z</time>
 </trkpt>
 <trkpt lat="62.287166425958276" lon="-7.152000702917576">
 <ele>52.009999999999998</ele>
 <time>2020-07-13T14:39:02Z</time>
 </trkpt>
 <trkpt lat="62.287080427631736" lon="-7.151906657963991">
 <ele>53.600000000000001</ele>
 <time>2020-07-13T14:38:53Z</time>
 </trkpt>
 <trkpt lat="62.28699954226613" lon="-7.151834489777684">
 <ele>54.020000000000003</ele>
 <time>2020-07-13T14:38:45Z</time>
 </trkpt>
 <trkpt lat="62.286930475383997" lon="-7.151838513091207">
 <ele>56.479999999999997</ele>
 <time>2020-07-13T14:38:32Z</time>
 </trkpt>
 <trkpt lat="62.286877920851111" lon="-7.151951501145959">
 <ele>59.539999999999999</ele>
 <time>2020-07-13T14:38:19Z</time>
 </trkpt>
 <trkpt lat="62.286810865625739" lon="-7.151994416490197">
 <ele>63.609999999999999</ele>
 <time>2020-07-13T14:38:01Z</time>
 </trkpt>
 <trkpt lat="62.286776499822736" lon="-7.152046384289861">
 <ele>67.140000000000001</ele>
 <time>2020-07-13T14:37:35Z</time>
 </trkpt>
 <trkpt lat="62.286823689937592" lon="-7.152223661541939">
 <ele>68.540000000000006</ele>
 <time>2020-07-13T14:37:25Z</time>
 </trkpt>
 <trkpt lat="62.286761915311217" lon="-7.152273450046778">
 <ele>71.379999999999995</ele>
 <time>2020-07-13T14:37:12Z</time>
 </trkpt>
 <trkpt lat="62.286727046594024" lon="-7.152356179431081">
 <ele>73.560000000000002</ele>
 <time>2020-07-13T14:37:02Z</time>
 </trkpt>
 <trkpt lat="62.286695949733257" lon="-7.15250613167882">
 <ele>76.930000000000007</ele>
 <time>2020-07-13T14:36:36Z</time>
 </trkpt>
 <trkpt lat="62.286620009690523" lon="-7.152580982074142">
 <ele>79.469999999999999</ele>
 <time>2020-07-13T14:36:24Z</time>
 </trkpt>
 <trkpt lat="62.286584889516234" lon="-7.152738645672798">
 <ele>82.390000000000001</ele>
 <time>2020-07-13T14:36:11Z</time>
 </trkpt>
 <trkpt lat="62.286526719108224" lon="-7.152897315099835">
 <ele>85.909999999999997</ele>
 <time>2020-07-13T14:35:58Z</time>
 </trkpt>
 <trkpt lat="62.286439295858145" lon="-7.152949031442404">
 <ele>88.769999999999996</ele>
 <time>2020-07-13T14:35:48Z</time>
 </trkpt>
 <trkpt lat="62.286383807659149" lon="-7.153092529624701">
 <ele>91.450000000000003</ele>
 <time>2020-07-13T14:35:36Z</time>
 </trkpt>
 <trkpt lat="62.286303257569671" lon="-7.153196968138218">
 <ele>95.159999999999997</ele>
 <time>2020-07-13T14:35:24Z</time>
 </trkpt>
 <trkpt lat="62.286232262849808" lon="-7.153302496299148">
 <ele>97.579999999999998</ele>
 <time>2020-07-13T14:35:13Z</time>
 </trkpt>
 <trkpt lat="62.286239638924599" lon="-7.153504500165582">
 <ele>100.84999999999999</ele>
 <time>2020-07-13T14:35:01Z</time>
 </trkpt>
 <trkpt lat="62.286171745508909" lon="-7.153605753555894">
 <ele>103.16</ele>
 <time>2020-07-13T14:34:50Z</time>
 </trkpt>
 <trkpt lat="62.28617669083178" lon="-7.15379904024303">
 <ele>103.42</ele>
 <time>2020-07-13T14:34:43Z</time>
 </trkpt>
 <trkpt lat="62.286175852641463" lon="-7.154023759067059">
 <ele>106.06</ele>
 <time>2020-07-13T14:34:28Z</time>
 </trkpt>
 <trkpt lat="62.286088094115257" lon="-7.154110847041011">
 <ele>108.95999999999999</ele>
 <time>2020-07-13T14:34:13Z</time>
 </trkpt>
 <trkpt lat="62.286002514883876" lon="-7.154142530634999">
 <ele>111.72</ele>
 <time>2020-07-13T14:34:03Z</time>
 </trkpt>
 <trkpt lat="62.285910062491894" lon="-7.154158959165216">
 <ele>113.56999999999999</ele>
 <time>2020-07-13T14:33:53Z</time>
 </trkpt>
 <trkpt lat="62.285822052508593" lon="-7.154194917529821">
 <ele>116.53</ele>
 <time>2020-07-13T14:33:43Z</time>
 </trkpt>
 <trkpt lat="62.285776203498244" lon="-7.154290722683072">
 <ele>119.27</ele>
 <time>2020-07-13T14:32:58Z</time>
 </trkpt>
 <trkpt lat="62.285789363086224" lon="-7.154394071549177">
 <ele>122.15000000000001</ele>
 <time>2020-07-13T14:32:29Z</time>
 </trkpt>
 <trkpt lat="62.285724319517612" lon="-7.154522817581892">
 <ele>125.26000000000001</ele>
 <time>2020-07-13T14:32:10Z</time>
 </trkpt>
 <trkpt lat="62.285638907924294" lon="-7.154543101787567">
 <ele>127.15000000000001</ele>
 <time>2020-07-13T14:31:59Z</time>
 </trkpt>
 <trkpt lat="62.28561183437705" lon="-7.154676709324122">
 <ele>129.46000000000001</ele>
 <time>2020-07-13T14:31:45Z</time>
 </trkpt>
 <trkpt lat="62.285702526569366" lon="-7.154785003513098">
 <ele>132.13999999999999</ele>
 <time>2020-07-13T14:31:30Z</time>
 </trkpt>
 <trkpt lat="62.285759104415774" lon="-7.154898326843977">
 <ele>136.25</ele>
 <time>2020-07-13T14:31:10Z</time>
 </trkpt>
 <trkpt lat="62.285852059721947" lon="-7.154887262731791">
 <ele>139.31</ele>
 <time>2020-07-13T14:30:57Z</time>
 </trkpt>
 <trkpt lat="62.285909140482545" lon="-7.155006034299731">
 <ele>142.53</ele>
 <time>2020-07-13T14:30:44Z</time>
 </trkpt>
 <trkpt lat="62.285947445780039" lon="-7.15508951805532">
 <ele>145.50999999999999</ele>
 <time>2020-07-13T14:30:32Z</time>
 </trkpt>
 <trkpt lat="62.285979045554996" lon="-7.155245002359152">
 <ele>149</ele>
 <time>2020-07-13T14:30:19Z</time>
 </trkpt>
 <trkpt lat="62.285923808813095" lon="-7.155401995405555">
 <ele>150.56</ele>
 <time>2020-07-13T14:30:11Z</time>
 </trkpt>
 <trkpt lat="62.285865806043148" lon="-7.155569549649954">
 <ele>151.94999999999999</ele>
 <time>2020-07-13T14:30:03Z</time>
 </trkpt>
 <trkpt lat="62.285864381119609" lon="-7.155729727819562">
 <ele>155.06999999999999</ele>
 <time>2020-07-13T14:29:54Z</time>
 </trkpt>
 <trkpt lat="62.285844599828124" lon="-7.155839111655951">
 <ele>157.52000000000001</ele>
 <time>2020-07-13T14:29:44Z</time>
 </trkpt>
 <trkpt lat="62.285884413868189" lon="-7.155999457463622">
 <ele>160.83000000000001</ele>
 <time>2020-07-13T14:29:32Z</time>
 </trkpt>
 <trkpt lat="62.285818699747324" lon="-7.156076319515705">
 <ele>165.06</ele>
 <time>2020-07-13T14:29:14Z</time>
 </trkpt>
 <trkpt lat="62.285770587623119" lon="-7.156200706958771">
 <ele>167.66999999999999</ele>
 <time>2020-07-13T14:29:03Z</time>
 </trkpt>
 <trkpt lat="62.285737982019782" lon="-7.156395334750414">
 <ele>170.46000000000001</ele>
 <time>2020-07-13T14:28:52Z</time>
 </trkpt>
 <trkpt lat="62.285695485770702" lon="-7.15657789260149">
 <ele>173.46000000000001</ele>
 <time>2020-07-13T14:28:38Z</time>
 </trkpt>
 <trkpt lat="62.285674279555678" lon="-7.156765982508659">
 <ele>176.24000000000001</ele>
 <time>2020-07-13T14:28:28Z</time>
 </trkpt>
 <trkpt lat="62.285600015893579" lon="-7.156886430457234">
 <ele>178.62</ele>
 <time>2020-07-13T14:28:18Z</time>
 </trkpt>
 <trkpt lat="62.285586185753345" lon="-7.157077873125672">
 <ele>182.50999999999999</ele>
 <time>2020-07-13T14:28:03Z</time>
 </trkpt>
 <trkpt lat="62.285670591518283" lon="-7.157184239476919">
 <ele>185.63</ele>
 <time>2020-07-13T14:27:51Z</time>
 </trkpt>
 <trkpt lat="62.285658102482557" lon="-7.157307621091604">
 <ele>189.21000000000001</ele>
 <time>2020-07-13T14:27:35Z</time>
 </trkpt>
 <trkpt lat="62.285672267898917" lon="-7.157425889745355">
 <ele>193.86000000000001</ele>
 <time>2020-07-13T14:27:14Z</time>
 </trkpt>
 <trkpt lat="62.285739406943321" lon="-7.157553965225816">
 <ele>197.09999999999999</ele>
 <time>2020-07-13T14:26:59Z</time>
 </trkpt>
 <trkpt lat="62.285810317844152" lon="-7.157677346840501">
 <ele>198.90000000000001</ele>
 <time>2020-07-13T14:26:49Z</time>
 </trkpt>
 <trkpt lat="62.285862118005753" lon="-7.157805003225803">
 <ele>200.75999999999999</ele>
 <time>2020-07-13T14:26:41Z</time>
 </trkpt>
 <trkpt lat="62.285770336166024" lon="-7.157907849177718">
 <ele>203.88</ele>
 <time>2020-07-13T14:26:30Z</time>
 </trkpt>
 <trkpt lat="62.285734210163355" lon="-7.158092334866524">
 <ele>206.97</ele>
 <time>2020-07-13T14:26:19Z</time>
 </trkpt>
 <trkpt lat="62.285689450800419" lon="-7.158033158630133">
 <ele>210.22</ele>
 <time>2020-07-13T14:26:03Z</time>
 </trkpt>
 <trkpt lat="62.285609487444162" lon="-7.157964343205094">
 <ele>213.74000000000001</ele>
 <time>2020-07-13T14:25:49Z</time>
 </trkpt>
 <trkpt lat="62.285555172711611" lon="-7.158085713163018">
 <ele>216.16999999999999</ele>
 <time>2020-07-13T14:25:21Z</time>
 </trkpt>
 <trkpt lat="62.28551116771996" lon="-7.1582524292171">
 <ele>217.88</ele>
 <time>2020-07-13T14:25:09Z</time>
 </trkpt>
 <trkpt lat="62.285458613187075" lon="-7.158428113907576">
 <ele>219.02000000000001</ele>
 <time>2020-07-13T14:25:01Z</time>
 </trkpt>
 <trkpt lat="62.285381918773055" lon="-7.158584268763661">
 <ele>221.13</ele>
 <time>2020-07-13T14:24:50Z</time>
 </trkpt>
 <trkpt lat="62.285333387553692" lon="-7.158771185204387">
 <ele>221.77000000000001</ele>
 <time>2020-07-13T14:24:42Z</time>
 </trkpt>
 <trkpt lat="62.285263985395432" lon="-7.158908396959305">
 <ele>222.86000000000001</ele>
 <time>2020-07-13T14:24:35Z</time>
 </trkpt>
 <trkpt lat="62.285199780017138" lon="-7.159079052507877">
 <ele>224.31</ele>
 <time>2020-07-13T14:24:27Z</time>
 </trkpt>
 <trkpt lat="62.285145046189427" lon="-7.159245014190674">
 <ele>225.66999999999999</ele>
 <time>2020-07-13T14:24:19Z</time>
 </trkpt>
 <trkpt lat="62.285088300704956" lon="-7.159389015287161">
 <ele>226.65000000000001</ele>
 <time>2020-07-13T14:24:10Z</time>
 </trkpt>
 <trkpt lat="62.285014539957047" lon="-7.159513235092163">
 <ele>228.22</ele>
 <time>2020-07-13T14:24:00Z</time>
 </trkpt>
 <trkpt lat="62.284954274073243" lon="-7.159612560644746">
 <ele>228.74000000000001</ele>
 <time>2020-07-13T14:23:39Z</time>
 </trkpt>
 <trkpt lat="62.284880597144365" lon="-7.159729236736894">
 <ele>228.69999999999999</ele>
 <time>2020-07-13T14:23:32Z</time>
 </trkpt>
 <trkpt lat="62.284823432564735" lon="-7.159874998033047">
 <ele>229.84</ele>
 <time>2020-07-13T14:23:25Z</time>
 </trkpt>
 <trkpt lat="62.284731986001134" lon="-7.159928558394313">
 <ele>231.41</ele>
 <time>2020-07-13T14:23:18Z</time>
 </trkpt>
 <trkpt lat="62.284660404548049" lon="-7.160056801512837">
 <ele>232.55000000000001</ele>
 <time>2020-07-13T14:23:11Z</time>
 </trkpt>
 <trkpt lat="62.284637270495296" lon="-7.160231648012996">
 <ele>234.41999999999999</ele>
 <time>2020-07-13T14:23:00Z</time>
 </trkpt>
 <trkpt lat="62.284637354314327" lon="-7.160432897508144">
 <ele>237.22999999999999</ele>
 <time>2020-07-13T14:22:51Z</time>
 </trkpt>
 <trkpt lat="62.284659147262573" lon="-7.160639679059386">
 <ele>241.69</ele>
 <time>2020-07-13T14:22:40Z</time>
 </trkpt>
 <trkpt lat="62.284675994887948" lon="-7.160817375406623">
 <ele>246.16</ele>
 <time>2020-07-13T14:22:21Z</time>
 </trkpt>
 <trkpt lat="62.28461991995573" lon="-7.160971099510789">
 <ele>250.47999999999999</ele>
 <time>2020-07-13T14:22:08Z</time>
 </trkpt>
 <trkpt lat="62.28454414755106" lon="-7.161074448376894">
 <ele>253</ele>
 <time>2020-07-13T14:21:58Z</time>
 </trkpt>
 <trkpt lat="62.284490671008825" lon="-7.161246696487069">
 <ele>255.15000000000001</ele>
 <time>2020-07-13T14:21:45Z</time>
 </trkpt>
 <trkpt lat="62.284420095384121" lon="-7.161361528560519">
 <ele>258.26999999999998</ele>
 <time>2020-07-13T14:21:34Z</time>
 </trkpt>
 <trkpt lat="62.284362427890301" lon="-7.16151843778789">
 <ele>261.18000000000001</ele>
 <time>2020-07-13T14:21:22Z</time>
 </trkpt>
 <trkpt lat="62.284297971054912" lon="-7.161687584593892">
 <ele>264.50999999999999</ele>
 <time>2020-07-13T14:21:11Z</time>
 </trkpt>
 <trkpt lat="62.284216079860926" lon="-7.161786574870348">
 <ele>267.61000000000001</ele>
 <time>2020-07-13T14:20:56Z</time>
 </trkpt>
 <trkpt lat="62.284119436517358" lon="-7.161809876561165">
 <ele>272.04000000000002</ele>
 <time>2020-07-13T14:20:37Z</time>
 </trkpt>
 <trkpt lat="62.284026481211185" lon="-7.161880200728774">
 <ele>274.88999999999999</ele>
 <time>2020-07-13T14:20:22Z</time>
 </trkpt>
 <trkpt lat="62.283944338560104" lon="-7.161991763859987">
 <ele>277.56999999999999</ele>
 <time>2020-07-13T14:20:08Z</time>
 </trkpt>
 <trkpt lat="62.283883318305016" lon="-7.162120677530766">
 <ele>280.52999999999997</ele>
 <time>2020-07-13T14:19:53Z</time>
 </trkpt>
 <trkpt lat="62.283842079341412" lon="-7.162221930921078">
 <ele>284.47000000000003</ele>
 <time>2020-07-13T14:19:29Z</time>
 </trkpt>
 <trkpt lat="62.283805869519711" lon="-7.162342965602875">
 <ele>288.69999999999999</ele>
 <time>2020-07-13T14:19:02Z</time>
 </trkpt>
 <trkpt lat="62.283732192590833" lon="-7.162423683330417">
 <ele>292.95999999999998</ele>
 <time>2020-07-13T14:18:39Z</time>
 </trkpt>
 <trkpt lat="62.283651474863291" lon="-7.162509597837925">
 <ele>295.64999999999998</ele>
 <time>2020-07-13T14:18:21Z</time>
 </trkpt>
 <trkpt lat="62.283561704680324" lon="-7.162605486810207">
 <ele>296.43000000000001</ele>
 <time>2020-07-13T14:18:13Z</time>
 </trkpt>
 <trkpt lat="62.283486686646938" lon="-7.162726353853941">
 <ele>298.88999999999999</ele>
 <time>2020-07-13T14:17:56Z</time>
 </trkpt>
 <trkpt lat="62.283403538167477" lon="-7.162831630557776">
 <ele>300.20999999999998</ele>
 <time>2020-07-13T14:17:48Z</time>
 </trkpt>
 <trkpt lat="62.283327933400869" lon="-7.16291444376111">
 <ele>301.56999999999999</ele>
 <time>2020-07-13T14:17:41Z</time>
 </trkpt>
 <trkpt lat="62.283255681395531" lon="-7.163046961650252">
 <ele>303.39999999999998</ele>
 <time>2020-07-13T14:17:34Z</time>
 </trkpt>
 <trkpt lat="62.283190051093698" lon="-7.163196327164769">
 <ele>304.85000000000002</ele>
 <time>2020-07-13T14:17:27Z</time>
 </trkpt>
 <trkpt lat="62.283130707219243" lon="-7.16334879398346">
 <ele>306.10000000000002</ele>
 <time>2020-07-13T14:17:20Z</time>
 </trkpt>
 <trkpt lat="62.283064071089029" lon="-7.163495477288961">
 <ele>307.16000000000003</ele>
 <time>2020-07-13T14:17:12Z</time>
 </trkpt>
 <trkpt lat="62.282984359189868" lon="-7.16362145729363">
 <ele>309.25</ele>
 <time>2020-07-13T14:17:05Z</time>
 </trkpt>
 <trkpt lat="62.282912274822593" lon="-7.163745425641537">
 <ele>310.17000000000002</ele>
 <time>2020-07-13T14:16:57Z</time>
 </trkpt>
 <trkpt lat="62.282833736389875" lon="-7.16385455802083">
 <ele>311.13999999999999</ele>
 <time>2020-07-13T14:16:51Z</time>
 </trkpt>
 <trkpt lat="62.282758466899395" lon="-7.164005935192108">
 <ele>312.70999999999998</ele>
 <time>2020-07-13T14:16:42Z</time>
 </trkpt>
 <trkpt lat="62.282671798020601" lon="-7.164089335128665">
 <ele>312.94999999999999</ele>
 <time>2020-07-13T14:16:34Z</time>
 </trkpt>
 <trkpt lat="62.282641287893057" lon="-7.164192600175738">
 <ele>312.88999999999999</ele>
 <time>2020-07-13T14:15:20Z</time>
 </trkpt>
 <trkpt lat="62.28259745053947" lon="-7.164123365655541">
 <ele>313.13999999999999</ele>
 <time>2020-07-13T14:13:40Z</time>
 </trkpt>
 <trkpt lat="62.282516146078706" lon="-7.164236772805452">
 <ele>312.00999999999999</ele>
 <time>2020-07-13T14:13:33Z</time>
 </trkpt>
 <trkpt lat="62.282425789162517" lon="-7.164279604330659">
 <ele>313.75999999999999</ele>
 <time>2020-07-13T14:13:20Z</time>
 </trkpt>
 <trkpt lat="62.282359739765525" lon="-7.164441794157028">
 <ele>314.44999999999999</ele>
 <time>2020-07-13T14:13:12Z</time>
 </trkpt>
 <trkpt lat="62.282301234081388" lon="-7.164621502161026">
 <ele>315.79000000000002</ele>
 <time>2020-07-13T14:13:05Z</time>
 </trkpt>
 <trkpt lat="62.282239962369204" lon="-7.164788721129298">
 <ele>317.22000000000003</ele>
 <time>2020-07-13T14:12:58Z</time>
 </trkpt>
 <trkpt lat="62.282197549939156" lon="-7.164973793551326">
 <ele>318.63999999999999</ele>
 <time>2020-07-13T14:12:51Z</time>
 </trkpt>
 <trkpt lat="62.282145330682397" lon="-7.165153501555324">
 <ele>319.5</ele>
 <time>2020-07-13T14:12:44Z</time>
 </trkpt>
 <trkpt lat="62.282080454751849" lon="-7.16530529782176">
 <ele>320.31999999999999</ele>
 <time>2020-07-13T14:12:37Z</time>
 </trkpt>
 <trkpt lat="62.282046088948846" lon="-7.165496656671166">
 <ele>321.38999999999999</ele>
 <time>2020-07-13T14:12:30Z</time>
 </trkpt>
 <trkpt lat="62.282005101442337" lon="-7.165689188987017">
 <ele>322.31999999999999</ele>
 <time>2020-07-13T14:12:23Z</time>
 </trkpt>
 <trkpt lat="62.281942991539836" lon="-7.165851797908545">
 <ele>323.83999999999997</ele>
 <time>2020-07-13T14:12:15Z</time>
 </trkpt>
 <trkpt lat="62.281866548582911" lon="-7.165956236422062">
 <ele>326.22000000000003</ele>
 <time>2020-07-13T14:12:07Z</time>
 </trkpt>
 <trkpt lat="62.281799660995603" lon="-7.166094789281488">
 <ele>328.64999999999998</ele>
 <time>2020-07-13T14:11:56Z</time>
 </trkpt>
 <trkpt lat="62.281738640740514" lon="-7.166255218908191">
 <ele>329.62</ele>
 <time>2020-07-13T14:11:47Z</time>
 </trkpt>
 <trkpt lat="62.281666891649365" lon="-7.166367201134563">
 <ele>331.97000000000003</ele>
 <time>2020-07-13T14:11:37Z</time>
 </trkpt>
 <trkpt lat="62.28160553611815" lon="-7.166520589962602">
 <ele>334.42000000000002</ele>
 <time>2020-07-13T14:11:27Z</time>
 </trkpt>
 <trkpt lat="62.281521549448371" lon="-7.166622765362263">
 <ele>337.18000000000001</ele>
 <time>2020-07-13T14:11:15Z</time>
 </trkpt>
 <trkpt lat="62.281477879732847" lon="-7.166790906339884">
 <ele>339.06</ele>
 <time>2020-07-13T14:11:02Z</time>
 </trkpt>
 <trkpt lat="62.281409651041031" lon="-7.166931219398975">
 <ele>342.20999999999998</ele>
 <time>2020-07-13T14:10:48Z</time>
 </trkpt>
 <trkpt lat="62.2813715133816" lon="-7.167090140283108">
 <ele>344.62</ele>
 <time>2020-07-13T14:10:35Z</time>
 </trkpt>
 <trkpt lat="62.281304290518165" lon="-7.167218048125505">
 <ele>346.60000000000002</ele>
 <time>2020-07-13T14:10:26Z</time>
 </trkpt>
 <trkpt lat="62.281247712671757" lon="-7.16737562790513">
 <ele>349.18000000000001</ele>
 <time>2020-07-13T14:10:17Z</time>
 </trkpt>
 <trkpt lat="62.28118434548378" lon="-7.167538739740849">
 <ele>351.19999999999999</ele>
 <time>2020-07-13T14:10:06Z</time>
 </trkpt>
 <trkpt lat="62.281122487038374" lon="-7.167681232094765">
 <ele>352.30000000000001</ele>
 <time>2020-07-13T14:09:58Z</time>
 </trkpt>
 <trkpt lat="62.281060544773936" lon="-7.167827747762203">
 <ele>353.50999999999999</ele>
 <time>2020-07-13T14:09:51Z</time>
 </trkpt>
 <trkpt lat="62.28102701716125" lon="-7.168004270642996">
 <ele>355.12</ele>
 <time>2020-07-13T14:09:43Z</time>
 </trkpt>
 <trkpt lat="62.280970104038715" lon="-7.168167801573873">
 <ele>356.87</ele>
 <time>2020-07-13T14:09:35Z</time>
 </trkpt>
 <trkpt lat="62.280912017449737" lon="-7.168328650295734">
 <ele>358.62</ele>
 <time>2020-07-13T14:09:27Z</time>
 </trkpt>
 <trkpt lat="62.280880166217685" lon="-7.168517746031284">
 <ele>360.14999999999998</ele>
 <time>2020-07-13T14:09:19Z</time>
 </trkpt>
 <trkpt lat="62.280813278630376" lon="-7.168697118759155">
 <ele>361.52999999999997</ele>
 <time>2020-07-13T14:09:10Z</time>
 </trkpt>
 <trkpt lat="62.280761059373617" lon="-7.168865762650967">
 <ele>362.88</ele>
 <time>2020-07-13T14:08:59Z</time>
 </trkpt>
 <trkpt lat="62.280683945864439" lon="-7.168978247791529">
 <ele>364.75999999999999</ele>
 <time>2020-07-13T14:08:49Z</time>
 </trkpt>
 <trkpt lat="62.280617645010352" lon="-7.169147226959467">
 <ele>366.00999999999999</ele>
 <time>2020-07-13T14:08:39Z</time>
 </trkpt>
 <trkpt lat="62.280592834576964" lon="-7.169337077066302">
 <ele>367.26999999999998</ele>
 <time>2020-07-13T14:08:29Z</time>
 </trkpt>
 <trkpt lat="62.280534245073795" lon="-7.169506810605526">
 <ele>368.89999999999998</ele>
 <time>2020-07-13T14:08:17Z</time>
 </trkpt>
 <trkpt lat="62.280468614771962" lon="-7.16964771039784">
 <ele>370.73000000000002</ele>
 <time>2020-07-13T14:08:07Z</time>
 </trkpt>
 <trkpt lat="62.280387980863452" lon="-7.169762793928385">
 <ele>372.98000000000002</ele>
 <time>2020-07-13T14:07:57Z</time>
 </trkpt>
 <trkpt lat="62.280306173488498" lon="-7.169826496392489">
 <ele>374.98000000000002</ele>
 <time>2020-07-13T14:07:49Z</time>
 </trkpt>
 <trkpt lat="62.280225707218051" lon="-7.169921966269612">
 <ele>377.75</ele>
 <time>2020-07-13T14:07:40Z</time>
 </trkpt>
 <trkpt lat="62.280164435505867" lon="-7.170070577412844">
 <ele>379.17000000000002</ele>
 <time>2020-07-13T14:07:32Z</time>
 </trkpt>
 <trkpt lat="62.2801005654037" lon="-7.170219775289297">
 <ele>381.01999999999998</ele>
 <time>2020-07-13T14:07:22Z</time>
 </trkpt>
 <trkpt lat="62.280054548755288" lon="-7.170376935973764">
 <ele>382.56999999999999</ele>
 <time>2020-07-13T14:07:14Z</time>
 </trkpt>
 <trkpt lat="62.279973244294524" lon="-7.170395124703646">
 <ele>385.97000000000003</ele>
 <time>2020-07-13T14:06:49Z</time>
 </trkpt>
 <trkpt lat="62.279907278716564" lon="-7.170494450256228">
 <ele>387.38</ele>
 <time>2020-07-13T14:06:37Z</time>
 </trkpt>
 <trkpt lat="62.279852293431759" lon="-7.170619424432516">
 <ele>388.42000000000002</ele>
 <time>2020-07-13T14:06:16Z</time>
 </trkpt>
 <trkpt lat="62.279790351167321" lon="-7.170775160193443">
 <ele>389.5</ele>
 <time>2020-07-13T14:06:02Z</time>
 </trkpt>
 <trkpt lat="62.279748106375337" lon="-7.170950844883919">
 <ele>390.60000000000002</ele>
 <time>2020-07-13T14:05:53Z</time>
 </trkpt>
 <trkpt lat="62.279721116647124" lon="-7.171132480725646">
 <ele>391.07999999999998</ele>
 <time>2020-07-13T14:05:45Z</time>
 </trkpt>
 <trkpt lat="62.279673339799047" lon="-7.171293077990413">
 <ele>391.08999999999997</ele>
 <time>2020-07-13T14:05:38Z</time>
 </trkpt>
 <trkpt lat="62.279651127755642" lon="-7.171438252553344">
 <ele>391.56999999999999</ele>
 <time>2020-07-13T14:05:29Z</time>
 </trkpt>
 <trkpt lat="62.279614498838782" lon="-7.171618714928627">
 <ele>391.58999999999997</ele>
 <time>2020-07-13T14:05:21Z</time>
 </trkpt>
 <trkpt lat="62.279604189097881" lon="-7.171839578077197">
 <ele>392.79000000000002</ele>
 <time>2020-07-13T14:05:12Z</time>
 </trkpt>
 <trkpt lat="62.279558256268501" lon="-7.172034876421094">
 <ele>393.27999999999997</ele>
 <time>2020-07-13T14:05:05Z</time>
 </trkpt>
 <trkpt lat="62.279480304569006" lon="-7.172177033498883">
 <ele>394.25999999999999</ele>
 <time>2020-07-13T14:04:58Z</time>
 </trkpt>
 <trkpt lat="62.27941551245749" lon="-7.172330338507891">
 <ele>395.43000000000001</ele>
 <time>2020-07-13T14:04:51Z</time>
 </trkpt>
 <trkpt lat="62.279355246573687" lon="-7.172472914680839">
 <ele>396.00999999999999</ele>
 <time>2020-07-13T14:04:41Z</time>
 </trkpt>
 <trkpt lat="62.279258351773024" lon="-7.172489929944277">
 <ele>396.04000000000002</ele>
 <time>2020-07-13T14:04:31Z</time>
 </trkpt>
 <trkpt lat="62.279169168323278" lon="-7.172576431185007">
 <ele>397.47000000000003</ele>
 <time>2020-07-13T14:04:22Z</time>
 </trkpt>
 <trkpt lat="62.279115691781044" lon="-7.172755468636751">
 <ele>398.22000000000003</ele>
 <time>2020-07-13T14:04:15Z</time>
 </trkpt>
 <trkpt lat="62.279072524979711" lon="-7.172956550493836">
 <ele>400.05000000000001</ele>
 <time>2020-07-13T14:04:07Z</time>
 </trkpt>
 <trkpt lat="62.279046541079879" lon="-7.173147154971957">
 <ele>401.13999999999999</ele>
 <time>2020-07-13T14:03:59Z</time>
 </trkpt>
 <trkpt lat="62.279019970446825" lon="-7.173329964280129">
 <ele>402.38999999999999</ele>
 <time>2020-07-13T14:03:52Z</time>
 </trkpt>
 <trkpt lat="62.278964146971703" lon="-7.173496345058084">
 <ele>403.56</ele>
 <time>2020-07-13T14:03:45Z</time>
 </trkpt>
 <trkpt lat="62.278890050947666" lon="-7.173610255122185">
 <ele>404.42000000000002</ele>
 <time>2020-07-13T14:03:38Z</time>
 </trkpt>
 <trkpt lat="62.278809081763029" lon="-7.173706311732531">
 <ele>405.47000000000003</ele>
 <time>2020-07-13T14:03:30Z</time>
 </trkpt>
 <trkpt lat="62.278740936890244" lon="-7.173849642276764">
 <ele>406.81</ele>
 <time>2020-07-13T14:03:23Z</time>
 </trkpt>
 <trkpt lat="62.278671702370048" lon="-7.173975119367242">
 <ele>408.48000000000002</ele>
 <time>2020-07-13T14:03:14Z</time>
 </trkpt>
 <trkpt lat="62.278642784804106" lon="-7.174157509580255">
 <ele>409.75</ele>
 <time>2020-07-13T14:03:08Z</time>
 </trkpt>
 <trkpt lat="62.278598695993423" lon="-7.174323974177241">
 <ele>410.75999999999999</ele>
 <time>2020-07-13T14:03:02Z</time>
 </trkpt>
 <trkpt lat="62.278516553342342" lon="-7.174432436004281">
 <ele>411.49000000000001</ele>
 <time>2020-07-13T14:02:53Z</time>
 </trkpt>
 <trkpt lat="62.278434745967388" lon="-7.174544669687748">
 <ele>411.62</ele>
 <time>2020-07-13T14:02:45Z</time>
 </trkpt>
 <trkpt lat="62.278366852551699" lon="-7.174663357436657">
 <ele>411.68000000000001</ele>
 <time>2020-07-13T14:02:37Z</time>
 </trkpt>
 <trkpt lat="62.278310190886259" lon="-7.174826972186565">
 <ele>412.36000000000001</ele>
 <time>2020-07-13T14:02:29Z</time>
 </trkpt>
 <trkpt lat="62.278244644403458" lon="-7.174984635785222">
 <ele>413.11000000000001</ele>
 <time>2020-07-13T14:02:21Z</time>
 </trkpt>
 <trkpt lat="62.278199885040522" lon="-7.175156883895397">
 <ele>414.07999999999998</ele>
 <time>2020-07-13T14:02:14Z</time>
 </trkpt>
 <trkpt lat="62.278182450681925" lon="-7.175352014601231">
 <ele>415.42000000000002</ele>
 <time>2020-07-13T14:02:06Z</time>
 </trkpt>
 <trkpt lat="62.278175912797451" lon="-7.175539769232273">
 <ele>417.14999999999998</ele>
 <time>2020-07-13T14:01:54Z</time>
 </trkpt>
 <trkpt lat="62.278205584734678" lon="-7.175718387588859">
 <ele>419.13999999999999</ele>
 <time>2020-07-13T14:01:41Z</time>
 </trkpt>
 <trkpt lat="62.27812897413969" lon="-7.17580882832408">
 <ele>419.62</ele>
 <time>2020-07-13T14:01:32Z</time>
 </trkpt>
 <trkpt lat="62.278078598901629" lon="-7.175974119454622">
 <ele>421.20999999999998</ele>
 <time>2020-07-13T14:01:24Z</time>
 </trkpt>
 <trkpt lat="62.278034007176757" lon="-7.176139829680324">
 <ele>421.63</ele>
 <time>2020-07-13T14:01:16Z</time>
 </trkpt>
 <trkpt lat="62.277968879789114" lon="-7.176274778321385">
 <ele>422.76999999999998</ele>
 <time>2020-07-13T14:01:06Z</time>
 </trkpt>
 <trkpt lat="62.277898471802473" lon="-7.176401764154434">
 <ele>423.62</ele>
 <time>2020-07-13T14:00:54Z</time>
 </trkpt>
 <trkpt lat="62.277894532307982" lon="-7.176588010042906">
 <ele>425.24000000000001</ele>
 <time>2020-07-13T14:00:44Z</time>
 </trkpt>
 <trkpt lat="62.277861256152391" lon="-7.176749194040895">
 <ele>426.13</ele>
 <time>2020-07-13T14:00:27Z</time>
 </trkpt>
 <trkpt lat="62.277839630842209" lon="-7.176931919530034">
 <ele>428.5</ele>
 <time>2020-07-13T14:00:15Z</time>
 </trkpt>
 <trkpt lat="62.277811802923679" lon="-7.177091259509325">
 <ele>430.44</ele>
 <time>2020-07-13T14:00:04Z</time>
 </trkpt>
 <trkpt lat="62.277741646394134" lon="-7.177211875095964">
 <ele>430.93000000000001</ele>
 <time>2020-07-13T13:59:56Z</time>
 </trkpt>
 <trkpt lat="62.277682302519679" lon="-7.177357552573085">
 <ele>431.63</ele>
 <time>2020-07-13T13:59:49Z</time>
 </trkpt>
 <trkpt lat="62.277610385790467" lon="-7.177461739629507">
 <ele>431.86000000000001</ele>
 <time>2020-07-13T13:59:38Z</time>
 </trkpt>
 <trkpt lat="62.277527488768101" lon="-7.177539607509971">
 <ele>431.87</ele>
 <time>2020-07-13T13:59:31Z</time>
 </trkpt>
 <trkpt lat="62.277459762990475" lon="-7.177699534222484">
 <ele>433.12</ele>
 <time>2020-07-13T13:59:23Z</time>
 </trkpt>
 <trkpt lat="62.277391869574785" lon="-7.177838338539004">
 <ele>434.79000000000002</ele>
 <time>2020-07-13T13:59:14Z</time>
 </trkpt>
 <trkpt lat="62.277316180989146" lon="-7.177984351292253">
 <ele>436.10000000000002</ele>
 <time>2020-07-13T13:59:06Z</time>
 </trkpt>
 <trkpt lat="62.277251137420535" lon="-7.178160706534982">
 <ele>436.74000000000001</ele>
 <time>2020-07-13T13:58:58Z</time>
 </trkpt>
 <trkpt lat="62.277177292853594" lon="-7.178290709853172">
 <ele>437.30000000000001</ele>
 <time>2020-07-13T13:58:49Z</time>
 </trkpt>
 <trkpt lat="62.277095736935735" lon="-7.178406296297908">
 <ele>437.19999999999999</ele>
 <time>2020-07-13T13:58:39Z</time>
 </trkpt>
 <trkpt lat="62.277013510465622" lon="-7.178522637113929">
 <ele>436.94999999999999</ele>
 <time>2020-07-13T13:58:29Z</time>
 </trkpt>
 <trkpt lat="62.27693815715611" lon="-7.178627913817763">
 <ele>437.55000000000001</ele>
 <time>2020-07-13T13:58:21Z</time>
 </trkpt>
 <trkpt lat="62.27688048966229" lon="-7.178764538839459">
 <ele>437.50999999999999</ele>
 <time>2020-07-13T13:58:12Z</time>
 </trkpt>
 <trkpt lat="62.27680672891438" lon="-7.178860260173678">
 <ele>437.63999999999999</ele>
 <time>2020-07-13T13:58:01Z</time>
 </trkpt>
 <trkpt lat="62.276747385039926" lon="-7.179022701457143">
 <ele>438.10000000000002</ele>
 <time>2020-07-13T13:57:51Z</time>
 </trkpt>
 <trkpt lat="62.276665661484003" lon="-7.17912713997066">
 <ele>437.56</ele>
 <time>2020-07-13T13:57:40Z</time>
 </trkpt>
 <trkpt lat="62.276589553803205" lon="-7.179239373654127">
 <ele>437.81</ele>
 <time>2020-07-13T13:57:31Z</time>
 </trkpt>
 <trkpt lat="62.276534903794527" lon="-7.179397707805038">
 <ele>438.67000000000002</ele>
 <time>2020-07-13T13:57:22Z</time>
 </trkpt>
 <trkpt lat="62.276470363140106" lon="-7.179553024470806">
 <ele>439.41000000000003</ele>
 <time>2020-07-13T13:57:13Z</time>
 </trkpt>
 <trkpt lat="62.276376653462648" lon="-7.179665258154273">
 <ele>438.56999999999999</ele>
 <time>2020-07-13T13:57:03Z</time>
 </trkpt>
 <trkpt lat="62.276290152221918" lon="-7.179762655869126">
 <ele>438.56</ele>
 <time>2020-07-13T13:56:40Z</time>
 </trkpt>
 <trkpt lat="62.276225946843624" lon="-7.179916799068451">
 <ele>439.73000000000002</ele>
 <time>2020-07-13T13:56:31Z</time>
 </trkpt>
 <trkpt lat="62.276177415624261" lon="-7.180091142654419">
 <ele>440.69999999999999</ele>
 <time>2020-07-13T13:56:20Z</time>
 </trkpt>
 <trkpt lat="62.276121005415916" lon="-7.180260960012674">
 <ele>441.88999999999999</ele>
 <time>2020-07-13T13:56:10Z</time>
 </trkpt>
 <trkpt lat="62.276063337922096" lon="-7.180430106818676">
 <ele>443.79000000000002</ele>
 <time>2020-07-13T13:55:59Z</time>
 </trkpt>
 <trkpt lat="62.275984464213252" lon="-7.180563462898135">
 <ele>444.19999999999999</ele>
 <time>2020-07-13T13:55:49Z</time>
 </trkpt>
 <trkpt lat="62.275924785062671" lon="-7.18071810901165">
 <ele>445.41000000000003</ele>
 <time>2020-07-13T13:55:41Z</time>
 </trkpt>
 <trkpt lat="62.275859322398901" lon="-7.180865965783596">
 <ele>446.01999999999998</ele>
 <time>2020-07-13T13:55:31Z</time>
 </trkpt>
 <trkpt lat="62.275818753987551" lon="-7.181026814505458">
 <ele>447.69999999999999</ele>
 <time>2020-07-13T13:55:20Z</time>
 </trkpt>
 <trkpt lat="62.27575127966702" lon="-7.181155728176236">
 <ele>448.56999999999999</ele>
 <time>2020-07-13T13:55:10Z</time>
 </trkpt>
 <trkpt lat="62.275695875287056" lon="-7.181310961022973">
 <ele>449.74000000000001</ele>
 <time>2020-07-13T13:55:01Z</time>
 </trkpt>
 <trkpt lat="62.275634184479713" lon="-7.181470468640328">
 <ele>451.12</ele>
 <time>2020-07-13T13:54:49Z</time>
 </trkpt>
 <trkpt lat="62.275573080405593" lon="-7.181625701487064">
 <ele>452.38</ele>
 <time>2020-07-13T13:54:37Z</time>
 </trkpt>
 <trkpt lat="62.275531338527799" lon="-7.181794680655003">
 <ele>454.91000000000003</ele>
 <time>2020-07-13T13:54:26Z</time>
 </trkpt>
 <trkpt lat="62.275439137592912" lon="-7.181886630132794">
 <ele>456.08999999999997</ele>
 <time>2020-07-13T13:54:16Z</time>
 </trkpt>
 <trkpt lat="62.275356156751513" lon="-7.181976567953825">
 <ele>457.33999999999997</ele>
 <time>2020-07-13T13:54:02Z</time>
 </trkpt>
 <trkpt lat="62.275282898917794" lon="-7.182126939296722">
 <ele>457.83999999999997</ele>
 <time>2020-07-13T13:53:52Z</time>
 </trkpt>
 <trkpt lat="62.275203019380569" lon="-7.182210590690374">
 <ele>457.54000000000002</ele>
 <time>2020-07-13T13:53:44Z</time>
 </trkpt>
 <trkpt lat="62.275134203955531" lon="-7.182350233197212">
 <ele>458.19999999999999</ele>
 <time>2020-07-13T13:53:34Z</time>
 </trkpt>
 <trkpt lat="62.27505499497056" lon="-7.182439165189862">
 <ele>458.19999999999999</ele>
 <time>2020-07-13T13:53:24Z</time>
 </trkpt>
 <trkpt lat="62.274978887289762" lon="-7.182547627016902">
 <ele>460.22000000000003</ele>
 <time>2020-07-13T13:53:14Z</time>
 </trkpt>
 <trkpt lat="62.274894816800952" lon="-7.182642761617899">
 <ele>461.13</ele>
 <time>2020-07-13T13:53:04Z</time>
 </trkpt>
 <trkpt lat="62.274809237569571" lon="-7.182728257030249">
 <ele>461.19999999999999</ele>
 <time>2020-07-13T13:52:52Z</time>
 </trkpt>
 <trkpt lat="62.274740003049374" lon="-7.18284560367465">
 <ele>462.91000000000003</ele>
 <time>2020-07-13T13:52:42Z</time>
 </trkpt>
 <trkpt lat="62.274669343605638" lon="-7.182994382455945">
 <ele>465.69</ele>
 <time>2020-07-13T13:52:32Z</time>
 </trkpt>
 <trkpt lat="62.274613855406642" lon="-7.183161852881312">
 <ele>468.57999999999998</ele>
 <time>2020-07-13T13:52:21Z</time>
 </trkpt>
 <trkpt lat="62.274567587301135" lon="-7.183332592248917">
 <ele>471.81999999999999</ele>
 <time>2020-07-13T13:52:11Z</time>
 </trkpt>
 <trkpt lat="62.274540597572923" lon="-7.183506181463599">
 <ele>474.47000000000003</ele>
 <time>2020-07-13T13:51:59Z</time>
 </trkpt>
 <trkpt lat="62.274472368881106" lon="-7.183636017143726">
 <ele>476.17000000000002</ele>
 <time>2020-07-13T13:51:50Z</time>
 </trkpt>
 <trkpt lat="62.274404894560575" lon="-7.183782532811165">
 <ele>477.97000000000003</ele>
 <time>2020-07-13T13:51:41Z</time>
 </trkpt>
 <trkpt lat="62.274383353069425" lon="-7.183926114812493">
 <ele>480.13999999999999</ele>
 <time>2020-07-13T13:51:26Z</time>
 </trkpt>
 <trkpt lat="62.274319902062416" lon="-7.184069780632854">
 <ele>481.60000000000002</ele>
 <time>2020-07-13T13:51:17Z</time>
 </trkpt>
 <trkpt lat="62.27423407137394" lon="-7.184182852506638">
 <ele>483.00999999999999</ele>
 <time>2020-07-13T13:51:08Z</time>
 </trkpt>
 <trkpt lat="62.274173889309168" lon="-7.184354094788432">
 <ele>485.31</ele>
 <time>2020-07-13T13:50:57Z</time>
 </trkpt>
 <trkpt lat="62.274089315906167" lon="-7.18443313613534">
 <ele>487.31</ele>
 <time>2020-07-13T13:50:46Z</time>
 </trkpt>
 <trkpt lat="62.27400055155158" lon="-7.184500358998776">
 <ele>488.25999999999999</ele>
 <time>2020-07-13T13:50:37Z</time>
 </trkpt>
 <trkpt lat="62.274018907919526" lon="-7.184643689543009">
 <ele>490.60000000000002</ele>
 <time>2020-07-13T13:50:24Z</time>
 </trkpt>
 <trkpt lat="62.273997366428375" lon="-7.184769250452519">
 <ele>493.14999999999998</ele>
 <time>2020-07-13T13:49:46Z</time>
 </trkpt>
 <trkpt lat="62.273910949006677" lon="-7.184848710894585">
 <ele>494.06</ele>
 <time>2020-07-13T13:49:39Z</time>
 </trkpt>
 <trkpt lat="62.273825705051422" lon="-7.18492423184216">
 <ele>495.31999999999999</ele>
 <time>2020-07-13T13:49:31Z</time>
 </trkpt>
 <trkpt lat="62.273734929040074" lon="-7.184982821345329">
 <ele>496.17000000000002</ele>
 <time>2020-07-13T13:49:17Z</time>
 </trkpt>
 <trkpt lat="62.273656222969294" lon="-7.185039315372706">
 <ele>498.99000000000001</ele>
 <time>2020-07-13T13:49:06Z</time>
 </trkpt>
 <trkpt lat="62.273587742820382" lon="-7.185152135789394">
 <ele>502.41000000000003</ele>
 <time>2020-07-13T13:48:52Z</time>
 </trkpt>
 <trkpt lat="62.273524878546596" lon="-7.185303345322609">
 <ele>504.38999999999999</ele>
 <time>2020-07-13T13:48:41Z</time>
 </trkpt>
 <trkpt lat="62.273435946553946" lon="-7.185361180454493">
 <ele>505.41000000000003</ele>
 <time>2020-07-13T13:48:33Z</time>
 </trkpt>
 <trkpt lat="62.273341566324234" lon="-7.185401413589716">
 <ele>506.39999999999998</ele>
 <time>2020-07-13T13:48:26Z</time>
 </trkpt>
 <trkpt lat="62.273234026506543" lon="-7.1853884216398">
 <ele>507.29000000000002</ele>
 <time>2020-07-13T13:48:18Z</time>
 </trkpt>
 <trkpt lat="62.273138221353292" lon="-7.185432342812419">
 <ele>509.08999999999997</ele>
 <time>2020-07-13T13:48:10Z</time>
 </trkpt>
 <trkpt lat="62.273036297410727" lon="-7.185432091355324">
 <ele>510.67000000000002</ele>
 <time>2020-07-13T13:48:00Z</time>
 </trkpt>
 <trkpt lat="62.272936133667827" lon="-7.185369813814759">
 <ele>511.87</ele>
 <time>2020-07-13T13:47:52Z</time>
 </trkpt>
 <trkpt lat="62.272852314636111" lon="-7.185313906520605">
 <ele>514.14999999999998</ele>
 <time>2020-07-13T13:44:56Z</time>
 </trkpt>
 <trkpt lat="62.272794479504228" lon="-7.185373920947313">
 <ele>516.41999999999996</ele>
 <time>2020-07-13T13:44:33Z</time>
 </trkpt>
 <trkpt lat="62.27274770848453" lon="-7.185549773275852">
 <ele>518.17999999999995</ele>
 <time>2020-07-13T13:44:17Z</time>
 </trkpt>
 <trkpt lat="62.272676043212414" lon="-7.185666868463159">
 <ele>518.55999999999995</ele>
 <time>2020-07-13T13:44:08Z</time>
 </trkpt>
 <trkpt lat="62.272574789822102" lon="-7.185679776594043">
 <ele>518.07000000000005</ele>
 <time>2020-07-13T13:43:57Z</time>
 </trkpt>
 <trkpt lat="62.272484265267849" lon="-7.18558045104146">
 <ele>518.45000000000005</ele>
 <time>2020-07-13T13:43:50Z</time>
 </trkpt>
 <trkpt lat="62.272401619702578" lon="-7.185463355854154">
 <ele>519.23000000000002</ele>
 <time>2020-07-13T13:43:40Z</time>
 </trkpt>
 <trkpt lat="62.27229475043714" lon="-7.185373585671186">
 <ele>518.63</ele>
 <time>2020-07-13T13:43:28Z</time>
 </trkpt>
 <trkpt lat="62.272186204791069" lon="-7.185251042246819">
 <ele>517.27999999999997</ele>
 <time>2020-07-13T13:43:15Z</time>
 </trkpt>
 <trkpt lat="62.272123005241156" lon="-7.185077788308263">
 <ele>518.21000000000004</ele>
 <time>2020-07-13T13:43:03Z</time>
 </trkpt>
 <trkpt lat="62.272043712437153" lon="-7.18491543084383">
 <ele>519.14999999999998</ele>
 <time>2020-07-13T13:42:53Z</time>
 </trkpt>
 <trkpt lat="62.271959474310279" lon="-7.184764975681901">
 <ele>518.65999999999997</ele>
 <time>2020-07-13T13:42:45Z</time>
 </trkpt>
 <trkpt lat="62.271877164021134" lon="-7.184607228264213">
 <ele>518.29999999999995</ele>
 <time>2020-07-13T13:42:35Z</time>
 </trkpt>
 <trkpt lat="62.271792674437165" lon="-7.184465155005455">
 <ele>519.14999999999998</ele>
 <time>2020-07-13T13:42:25Z</time>
 </trkpt>
 <trkpt lat="62.271696701645851" lon="-7.184398099780083">
 <ele>518.63</ele>
 <time>2020-07-13T13:42:16Z</time>
 </trkpt>
 <trkpt lat="62.271613469347358" lon="-7.184280082583427">
 <ele>518.13999999999999</ele>
 <time>2020-07-13T13:42:07Z</time>
 </trkpt>
 <trkpt lat="62.271508779376745" lon="-7.184201627969742">
 <ele>517.79999999999995</ele>
 <time>2020-07-13T13:41:58Z</time>
 </trkpt>
 <trkpt lat="62.271407777443528" lon="-7.18413750641048">
 <ele>517.83000000000004</ele>
 <time>2020-07-13T13:41:49Z</time>
 </trkpt>
 <trkpt lat="62.271310547366738" lon="-7.184049412608147">
 <ele>518.49000000000001</ele>
 <time>2020-07-13T13:41:36Z</time>
 </trkpt>
 <trkpt lat="62.271224381402135" lon="-7.18395528383553">
 <ele>518.46000000000004</ele>
 <time>2020-07-13T13:41:27Z</time>
 </trkpt>
 <trkpt lat="62.271136958152056" lon="-7.183880433440208">
 <ele>519.19000000000005</ele>
 <time>2020-07-13T13:41:15Z</time>
 </trkpt>
 <trkpt lat="62.271039811894298" lon="-7.183763841167092">
 <ele>519.53999999999996</ele>
 <time>2020-07-13T13:41:02Z</time>
 </trkpt>
 <trkpt lat="62.270952891558409" lon="-7.183643560856581">
 <ele>519.99000000000001</ele>
 <time>2020-07-13T13:40:50Z</time>
 </trkpt>
 <trkpt lat="62.270844513550401" lon="-7.183545827865601">
 <ele>519.14999999999998</ele>
 <time>2020-07-13T13:40:38Z</time>
 </trkpt>
 <trkpt lat="62.270747283473611" lon="-7.183455722406507">
 <ele>520.47000000000003</ele>
 <time>2020-07-13T13:40:23Z</time>
 </trkpt>
 <trkpt lat="62.27065734565258" lon="-7.183396127074957">
 <ele>521.22000000000003</ele>
 <time>2020-07-13T13:40:11Z</time>
 </trkpt>
 <trkpt lat="62.270576544106007" lon="-7.183318007737398">
 <ele>521.16999999999996</ele>
 <time>2020-07-13T13:40:01Z</time>
 </trkpt>
 <trkpt lat="62.270486690104008" lon="-7.183245923370123">
 <ele>521.04999999999995</ele>
 <time>2020-07-13T13:39:50Z</time>
 </trkpt>
 <trkpt lat="62.270389292389154" lon="-7.183234104886651">
 <ele>520.55999999999995</ele>
 <time>2020-07-13T13:39:39Z</time>
 </trkpt>
 <trkpt lat="62.270289463922381" lon="-7.183128576725721">
 <ele>521.11000000000001</ele>
 <time>2020-07-13T13:39:30Z</time>
 </trkpt>
 <trkpt lat="62.27019558660686" lon="-7.183056827634573">
 <ele>521.49000000000001</ele>
 <time>2020-07-13T13:39:20Z</time>
 </trkpt>
 <trkpt lat="62.270110594108701" lon="-7.182956915348768">
 <ele>522.17999999999995</ele>
 <time>2020-07-13T13:39:09Z</time>
 </trkpt>
 <trkpt lat="62.270005568861961" lon="-7.182869408279657">
 <ele>522.44000000000005</ele>
 <time>2020-07-13T13:38:49Z</time>
 </trkpt>
 <trkpt lat="62.269907835870981" lon="-7.182802772149444">
 <ele>522.66999999999996</ele>
 <time>2020-07-13T13:38:40Z</time>
 </trkpt>
 <trkpt lat="62.26981052197516" lon="-7.182772597298026">
 <ele>523.08000000000004</ele>
 <time>2020-07-13T13:38:31Z</time>
 </trkpt>
 <trkpt lat="62.269703485071659" lon="-7.182703614234924">
 <ele>523.32000000000005</ele>
 <time>2020-07-13T13:38:19Z</time>
 </trkpt>
 <trkpt lat="62.26960533298552" lon="-7.182632200419903">
 <ele>524.22000000000003</ele>
 <time>2020-07-13T13:38:08Z</time>
 </trkpt>
 <trkpt lat="62.269505504518747" lon="-7.182585932314396">
 <ele>525.02999999999997</ele>
 <time>2020-07-13T13:37:59Z</time>
 </trkpt>
 <trkpt lat="62.269430067390203" lon="-7.182626584544778">
 <ele>522.15999999999997</ele>
 <time>2020-07-13T13:37:30Z</time>
 </trkpt>
 <trkpt lat="62.269331999123096" lon="-7.182572856545448">
 <ele>521.72000000000003</ele>
 <time>2020-07-13T13:37:20Z</time>
 </trkpt>
 <trkpt lat="62.269225465133786" lon="-7.182550728321075">
 <ele>520.61000000000001</ele>
 <time>2020-07-13T13:37:07Z</time>
 </trkpt>
 <trkpt lat="62.269122116267681" lon="-7.182530611753464">
 <ele>518.88999999999999</ele>
 <time>2020-07-13T13:36:52Z</time>
 </trkpt>
 <trkpt lat="62.26904047653079" lon="-7.182439835742116">
 <ele>518.78999999999996</ele>
 <time>2020-07-13T13:36:45Z</time>
 </trkpt>
 <trkpt lat="62.2689398098737" lon="-7.182418378069997">
 <ele>518.45000000000005</ele>
 <time>2020-07-13T13:36:31Z</time>
 </trkpt>
 <trkpt lat="62.268851464614272" lon="-7.182393399998546">
 <ele>518.52999999999997</ele>
 <time>2020-07-13T13:36:16Z</time>
 </trkpt>
 <trkpt lat="62.268761191517115" lon="-7.182418629527092">
 <ele>517.69000000000005</ele>
 <time>2020-07-13T13:36:01Z</time>
 </trkpt>
 <trkpt lat="62.268671924248338" lon="-7.182443272322416">
 <ele>516.82000000000005</ele>
 <time>2020-07-13T13:35:53Z</time>
 </trkpt>
 <trkpt lat="62.268605874851346" lon="-7.182465568184853">
 <ele>515.74000000000001</ele>
 <time>2020-07-13T13:35:34Z</time>
 </trkpt>
 <trkpt lat="62.268502861261368" lon="-7.182502616196871">
 <ele>515.86000000000001</ele>
 <time>2020-07-13T13:35:25Z</time>
 </trkpt>
 <trkpt lat="62.268414683640003" lon="-7.182527678087354">
 <ele>515.34000000000003</ele>
 <time>2020-07-13T13:35:07Z</time>
 </trkpt>
 <trkpt lat="62.268329774960876" lon="-7.182576293125749">
 <ele>513.92999999999995</ele>
 <time>2020-07-13T13:34:59Z</time>
 </trkpt>
 <trkpt lat="62.268219972029328" lon="-7.182569419965148">
 <ele>513.87</ele>
 <time>2020-07-13T13:34:51Z</time>
 </trkpt>
 <trkpt lat="62.268115449696779" lon="-7.182581489905715">
 <ele>512.85000000000002</ele>
 <time>2020-07-13T13:34:42Z</time>
 </trkpt>
 <trkpt lat="62.268012603744864" lon="-7.182602612301707">
 <ele>511.69</ele>
 <time>2020-07-13T13:34:32Z</time>
 </trkpt>
 <trkpt lat="62.267919899895787" lon="-7.182602947577834">
 <ele>511.13999999999999</ele>
 <time>2020-07-13T13:34:23Z</time>
 </trkpt>
 <trkpt lat="62.267836164683104" lon="-7.182666482403874">
 <ele>510.06</ele>
 <time>2020-07-13T13:34:14Z</time>
 </trkpt>
 <trkpt lat="62.267745891585946" lon="-7.182736387476325">
 <ele>509.69999999999999</ele>
 <time>2020-07-13T13:34:05Z</time>
 </trkpt>
 <trkpt lat="62.267662240192294" lon="-7.182753654196858">
 <ele>509.00999999999999</ele>
 <time>2020-07-13T13:33:58Z</time>
 </trkpt>
 <trkpt lat="62.267559058964252" lon="-7.182745188474655">
 <ele>508.88</ele>
 <time>2020-07-13T13:33:49Z</time>
 </trkpt>
 <trkpt lat="62.267469791695476" lon="-7.182760275900364">
 <ele>507.73000000000002</ele>
 <time>2020-07-13T13:33:37Z</time>
 </trkpt>
 <trkpt lat="62.267378764227033" lon="-7.18278500251472">
 <ele>506.70999999999998</ele>
 <time>2020-07-13T13:33:29Z</time>
 </trkpt>
 <trkpt lat="62.267281701788306" lon="-7.182838562875986">
 <ele>506.56</ele>
 <time>2020-07-13T13:33:20Z</time>
 </trkpt>
 <trkpt lat="62.267198050394654" lon="-7.182859014719725">
 <ele>505.88</ele>
 <time>2020-07-13T13:33:12Z</time>
 </trkpt>
 <trkpt lat="62.267108615487814" lon="-7.182924225926399">
 <ele>504.85000000000002</ele>
 <time>2020-07-13T13:33:03Z</time>
 </trkpt>
 <trkpt lat="62.267013732343912" lon="-7.182950042188168">
 <ele>504.19999999999999</ele>
 <time>2020-07-13T13:32:56Z</time>
 </trkpt>
 <trkpt lat="62.266910886391997" lon="-7.182961022481322">
 <ele>503.36000000000001</ele>
 <time>2020-07-13T13:32:48Z</time>
 </trkpt>
 <trkpt lat="62.266818517819047" lon="-7.183037381619215">
 <ele>502.92000000000002</ele>
 <time>2020-07-13T13:32:39Z</time>
 </trkpt>
 <trkpt lat="62.266731513664126" lon="-7.183135952800512">
 <ele>502.13999999999999</ele>
 <time>2020-07-13T13:32:31Z</time>
 </trkpt>
 <trkpt lat="62.266639061272144" lon="-7.183183394372463">
 <ele>500.83999999999997</ele>
 <time>2020-07-13T13:32:21Z</time>
 </trkpt>
 <trkpt lat="62.266559014096856" lon="-7.183287162333727">
 <ele>499.64999999999998</ele>
 <time>2020-07-13T13:32:09Z</time>
 </trkpt>
 <trkpt lat="62.2664859239012" lon="-7.183393025770783">
 <ele>497.83999999999997</ele>
 <time>2020-07-13T13:31:59Z</time>
 </trkpt>
 <trkpt lat="62.26641358807683" lon="-7.183501236140728">
 <ele>496.24000000000001</ele>
 <time>2020-07-13T13:31:50Z</time>
 </trkpt>
 <trkpt lat="62.266343347728252" lon="-7.1836200915277">
 <ele>494.56</ele>
 <time>2020-07-13T13:31:41Z</time>
 </trkpt>
 <trkpt lat="62.266262294724584" lon="-7.183711873367429">
 <ele>494.14999999999998</ele>
 <time>2020-07-13T13:31:34Z</time>
 </trkpt>
 <trkpt lat="62.266189455986023" lon="-7.183826873078942">
 <ele>492.48000000000002</ele>
 <time>2020-07-13T13:31:25Z</time>
 </trkpt>
 <trkpt lat="62.266101529821754" lon="-7.183893173933029">
 <ele>491.23000000000002</ele>
 <time>2020-07-13T13:30:59Z</time>
 </trkpt>
 <trkpt lat="62.266029110178351" lon="-7.184031391516328">
 <ele>490.54000000000002</ele>
 <time>2020-07-13T13:30:51Z</time>
 </trkpt>
 <trkpt lat="62.265945710241795" lon="-7.184071205556393">
 <ele>489.43000000000001</ele>
 <time>2020-07-13T13:30:42Z</time>
 </trkpt>
 <trkpt lat="62.265868680551648" lon="-7.184162819758058">
 <ele>489.29000000000002</ele>
 <time>2020-07-13T13:30:34Z</time>
 </trkpt>
 <trkpt lat="62.265785448253155" lon="-7.184255858883262">
 <ele>488.25</ele>
 <time>2020-07-13T13:30:24Z</time>
 </trkpt>
 <trkpt lat="62.265710765495896" lon="-7.184344539418817">
 <ele>487.13</ele>
 <time>2020-07-13T13:30:16Z</time>
 </trkpt>
 <trkpt lat="62.265625521540642" lon="-7.184437997639179">
 <ele>485.27999999999997</ele>
 <time>2020-07-13T13:30:01Z</time>
 </trkpt>
 <trkpt lat="62.265538265928626" lon="-7.184523493051529">
 <ele>483.48000000000002</ele>
 <time>2020-07-13T13:29:51Z</time>
 </trkpt>
 <trkpt lat="62.265458470210433" lon="-7.184624830260873">
 <ele>482.62</ele>
 <time>2020-07-13T13:29:42Z</time>
 </trkpt>
 <trkpt lat="62.265366101637483" lon="-7.18469406478107">
 <ele>481.94</ele>
 <time>2020-07-13T13:29:34Z</time>
 </trkpt>
 <trkpt lat="62.26526920683682" lon="-7.184745110571384">
 <ele>480.94999999999999</ele>
 <time>2020-07-13T13:29:25Z</time>
 </trkpt>
 <trkpt lat="62.265167785808444" lon="-7.184797078371048">
 <ele>480.32999999999998</ele>
 <time>2020-07-13T13:29:17Z</time>
 </trkpt>
 <trkpt lat="62.26507424376905" lon="-7.184873102232814">
 <ele>480</ele>
 <time>2020-07-13T13:29:09Z</time>
 </trkpt>
 <trkpt lat="62.264978606253862" lon="-7.184884501621127">
 <ele>480.29000000000002</ele>
 <time>2020-07-13T13:29:01Z</time>
 </trkpt>
 <trkpt lat="62.264886489138007" lon="-7.184919370338321">
 <ele>481.08999999999997</ele>
 <time>2020-07-13T13:28:53Z</time>
 </trkpt>
 <trkpt lat="62.264785822480917" lon="-7.184961782768369">
 <ele>480.68000000000001</ele>
 <time>2020-07-13T13:28:44Z</time>
 </trkpt>
 <trkpt lat="62.264697644859552" lon="-7.185046523809433">
 <ele>478.43000000000001</ele>
 <time>2020-07-13T13:28:34Z</time>
 </trkpt>
 <trkpt lat="62.264620363712311" lon="-7.18517099507153">
 <ele>476.36000000000001</ele>
 <time>2020-07-13T13:28:23Z</time>
 </trkpt>
 <trkpt lat="62.264539813622832" lon="-7.185280378907919">
 <ele>475.19999999999999</ele>
 <time>2020-07-13T13:28:07Z</time>
 </trkpt>
 <trkpt lat="62.264446187764406" lon="-7.185353301465511">
 <ele>474.25999999999999</ele>
 <time>2020-07-13T13:27:57Z</time>
 </trkpt>
 <trkpt lat="62.264354405924678" lon="-7.18544315546751">
 <ele>473.06</ele>
 <time>2020-07-13T13:27:46Z</time>
 </trkpt>
 <trkpt lat="62.264274107292295" lon="-7.185543654486537">
 <ele>471.86000000000001</ele>
 <time>2020-07-13T13:27:35Z</time>
 </trkpt>
 <trkpt lat="62.264190288260579" lon="-7.185639459639788">
 <ele>470.77999999999997</ele>
 <time>2020-07-13T13:27:24Z</time>
 </trkpt>
 <trkpt lat="62.264119377359748" lon="-7.185700898990035">
 <ele>469.18000000000001</ele>
 <time>2020-07-13T13:27:14Z</time>
 </trkpt>
 <trkpt lat="62.264037150889635" lon="-7.185754710808396">
 <ele>468.24000000000001</ele>
 <time>2020-07-13T13:27:07Z</time>
 </trkpt>
 <trkpt lat="62.263938495889306" lon="-7.185788825154305">
 <ele>468.11000000000001</ele>
 <time>2020-07-13T13:26:58Z</time>
 </trkpt>
 <trkpt lat="62.263846378773451" lon="-7.185839535668492">
 <ele>466.75</ele>
 <time>2020-07-13T13:26:49Z</time>
 </trkpt>
 <trkpt lat="62.263758620247245" lon="-7.185872895643115">
 <ele>466.20999999999998</ele>
 <time>2020-07-13T13:26:42Z</time>
 </trkpt>
 <trkpt lat="62.263663066551089" lon="-7.185903573408723">
 <ele>465.99000000000001</ele>
 <time>2020-07-13T13:26:35Z</time>
 </trkpt>
 <trkpt lat="62.263555191457272" lon="-7.185971550643444">
 <ele>466.75</ele>
 <time>2020-07-13T13:26:27Z</time>
 </trkpt>
 <trkpt lat="62.263454357162118" lon="-7.186054112389684">
 <ele>465.54000000000002</ele>
 <time>2020-07-13T13:26:18Z</time>
 </trkpt>
 <trkpt lat="62.263359557837248" lon="-7.186105577275157">
 <ele>464.56999999999999</ele>
 <time>2020-07-13T13:26:08Z</time>
 </trkpt>
 <trkpt lat="62.263289820402861" lon="-7.186241950839758">
 <ele>462.73000000000002</ele>
 <time>2020-07-13T13:25:57Z</time>
 </trkpt>
 <trkpt lat="62.263221004977822" lon="-7.186359632760286">
 <ele>461.93000000000001</ele>
 <time>2020-07-13T13:25:48Z</time>
 </trkpt>
 <trkpt lat="62.263128468766809" lon="-7.186451833695173">
 <ele>461.72000000000003</ele>
 <time>2020-07-13T13:25:36Z</time>
 </trkpt>
 <trkpt lat="62.263067113235593" lon="-7.186579657718539">
 <ele>458.68000000000001</ele>
 <time>2020-07-13T13:25:23Z</time>
 </trkpt>
 <trkpt lat="62.262985054403543" lon="-7.186648976057768">
 <ele>457.24000000000001</ele>
 <time>2020-07-13T13:25:14Z</time>
 </trkpt>
 <trkpt lat="62.262890506535769" lon="-7.186681916937232">
 <ele>456.30000000000001</ele>
 <time>2020-07-13T13:25:05Z</time>
 </trkpt>
 <trkpt lat="62.262781457975507" lon="-7.186679653823376">
 <ele>455.47000000000003</ele>
 <time>2020-07-13T13:24:57Z</time>
 </trkpt>
 <trkpt lat="62.262686407193542" lon="-7.186635481193662">
 <ele>454.08999999999997</ele>
 <time>2020-07-13T13:24:47Z</time>
 </trkpt>
 <trkpt lat="62.262585572898388" lon="-7.186624752357602">
 <ele>453.02999999999997</ele>
 <time>2020-07-13T13:24:38Z</time>
 </trkpt>
 <trkpt lat="62.262487420812249" lon="-7.186583848670125">
 <ele>452.93000000000001</ele>
 <time>2020-07-13T13:24:30Z</time>
 </trkpt>
 <trkpt lat="62.262393040582538" lon="-7.186554847285152">
 <ele>451.95999999999998</ele>
 <time>2020-07-13T13:24:20Z</time>
 </trkpt>
 <trkpt lat="62.262294385582209" lon="-7.186501622200012">
 <ele>450.75999999999999</ele>
 <time>2020-07-13T13:24:12Z</time>
 </trkpt>
 <trkpt lat="62.262203022837639" lon="-7.18643506988883">
 <ele>450.5</ele>
 <time>2020-07-13T13:24:05Z</time>
 </trkpt>
 <trkpt lat="62.262112079188228" lon="-7.186370110139251">
 <ele>450.25</ele>
 <time>2020-07-13T13:23:57Z</time>
 </trkpt>
 <trkpt lat="62.262047873809934" lon="-7.186245303601027">
 <ele>449.94999999999999</ele>
 <time>2020-07-13T13:23:25Z</time>
 </trkpt>
 <trkpt lat="62.261959193274379" lon="-7.186149833723903">
 <ele>447.62</ele>
 <time>2020-07-13T13:23:14Z</time>
 </trkpt>
 <trkpt lat="62.26187277585268" lon="-7.186141284182668">
 <ele>445.31999999999999</ele>
 <time>2020-07-13T13:22:37Z</time>
 </trkpt>
 <trkpt lat="62.261773869395256" lon="-7.186106247827411">
 <ele>443.62</ele>
 <time>2020-07-13T13:22:24Z</time>
 </trkpt>
 <trkpt lat="62.261681081727147" lon="-7.186038522049785">
 <ele>441.19999999999999</ele>
 <time>2020-07-13T13:22:11Z</time>
 </trkpt>
 <trkpt lat="62.261594412848353" lon="-7.185904076322913">
 <ele>438.74000000000001</ele>
 <time>2020-07-13T13:21:57Z</time>
 </trkpt>
 <trkpt lat="62.261513443663716" lon="-7.185790333896875">
 <ele>434.92000000000002</ele>
 <time>2020-07-13T13:21:39Z</time>
 </trkpt>
 <trkpt lat="62.261445382609963" lon="-7.185674663633108">
 <ele>432.63999999999999</ele>
 <time>2020-07-13T13:21:20Z</time>
 </trkpt>
 <trkpt lat="62.261371035128832" lon="-7.185507109388709">
 <ele>430.79000000000002</ele>
 <time>2020-07-13T13:21:08Z</time>
 </trkpt>
 <trkpt lat="62.261298280209303" lon="-7.18535321764648">
 <ele>427.51999999999998</ele>
 <time>2020-07-13T13:20:56Z</time>
 </trkpt>
 <trkpt lat="62.261209767311811" lon="-7.185273254290223">
 <ele>426.24000000000001</ele>
 <time>2020-07-13T13:20:45Z</time>
 </trkpt>
 <trkpt lat="62.261121673509479" lon="-7.185262441635132">
 <ele>425.31999999999999</ele>
 <time>2020-07-13T13:20:36Z</time>
 </trkpt>
 <trkpt lat="62.261030394583941" lon="-7.185204774141312">
 <ele>425.56999999999999</ele>
 <time>2020-07-13T13:20:28Z</time>
 </trkpt>
 <trkpt lat="62.260923609137535" lon="-7.185225477442145">
 <ele>424.37</ele>
 <time>2020-07-13T13:20:19Z</time>
 </trkpt>
 <trkpt lat="62.260826379060745" lon="-7.18530435115099">
 <ele>423.61000000000001</ele>
 <time>2020-07-13T13:20:10Z</time>
 </trkpt>
 <trkpt lat="62.260769214481115" lon="-7.185442401096225">
 <ele>423.05000000000001</ele>
 <time>2020-07-13T13:20:01Z</time>
 </trkpt>
 <trkpt lat="62.260697800666094" lon="-7.185572991147637">
 <ele>422.93000000000001</ele>
 <time>2020-07-13T13:19:54Z</time>
 </trkpt>
 <trkpt lat="62.26059596054256" lon="-7.185632921755314">
 <ele>422.88</ele>
 <time>2020-07-13T13:19:46Z</time>
 </trkpt>
 <trkpt lat="62.260504933074117" lon="-7.185663348063827">
 <ele>422.37</ele>
 <time>2020-07-13T13:19:39Z</time>
 </trkpt>
 <trkpt lat="62.260407032445073" lon="-7.185684470459819">
 <ele>421.75</ele>
 <time>2020-07-13T13:19:30Z</time>
 </trkpt>
 <trkpt lat="62.260315753519535" lon="-7.185676423832774">
 <ele>420.99000000000001</ele>
 <time>2020-07-13T13:19:22Z</time>
 </trkpt>
 <trkpt lat="62.260213997215033" lon="-7.185758063569665">
 <ele>419.29000000000002</ele>
 <time>2020-07-13T13:19:12Z</time>
 </trkpt>
 <trkpt lat="62.260139901190996" lon="-7.185874152928591">
 <ele>417.16000000000003</ele>
 <time>2020-07-13T13:18:44Z</time>
 </trkpt>
 <trkpt lat="62.260042503476143" lon="-7.185885468497872">
 <ele>415.36000000000001</ele>
 <time>2020-07-13T13:18:33Z</time>
 </trkpt>
 <trkpt lat="62.259955415502191" lon="-7.185910949483514">
 <ele>413.80000000000001</ele>
 <time>2020-07-13T13:18:24Z</time>
 </trkpt>
 <trkpt lat="62.25988894701004" lon="-7.185959480702877">
 <ele>412.44</ele>
 <time>2020-07-13T13:17:54Z</time>
 </trkpt>
 <trkpt lat="62.259781574830413" lon="-7.185940369963646">
 <ele>408.36000000000001</ele>
 <time>2020-07-13T13:17:28Z</time>
 </trkpt>
 <trkpt lat="62.259699767455459" lon="-7.185924025252461">
 <ele>406.22000000000003</ele>
 <time>2020-07-13T13:17:17Z</time>
 </trkpt>
 <trkpt lat="62.259601028636098" lon="-7.185849761590362">
 <ele>404.94</ele>
 <time>2020-07-13T13:17:06Z</time>
 </trkpt>
 <trkpt lat="62.259500529617071" lon="-7.185814054682851">
 <ele>403.86000000000001</ele>
 <time>2020-07-13T13:16:55Z</time>
 </trkpt>
 <trkpt lat="62.259416375309229" lon="-7.185923354700208">
 <ele>401.67000000000002</ele>
 <time>2020-07-13T13:16:42Z</time>
 </trkpt>
 <trkpt lat="62.259330293163657" lon="-7.185951685532928">
 <ele>399.47000000000003</ele>
 <time>2020-07-13T13:16:31Z</time>
 </trkpt>
 <trkpt lat="62.259239517152309" lon="-7.185964426025748">
 <ele>397.54000000000002</ele>
 <time>2020-07-13T13:16:20Z</time>
 </trkpt>
 <trkpt lat="62.259139018133283" lon="-7.186005413532257">
 <ele>395.10000000000002</ele>
 <time>2020-07-13T13:16:04Z</time>
 </trkpt>
 <trkpt lat="62.259039944037795" lon="-7.185963336378336">
 <ele>392.49000000000001</ele>
 <time>2020-07-13T13:15:52Z</time>
 </trkpt>
 <trkpt lat="62.258961154147983" lon="-7.185874572023749">
 <ele>390.07999999999998</ele>
 <time>2020-07-13T13:15:36Z</time>
 </trkpt>
 <trkpt lat="62.258850932121277" lon="-7.185873817652464">
 <ele>386.72000000000003</ele>
 <time>2020-07-13T13:15:21Z</time>
 </trkpt>
 <trkpt lat="62.258757054805756" lon="-7.185840541496873">
 <ele>383.89999999999998</ele>
 <time>2020-07-13T13:15:05Z</time>
 </trkpt>
 <trkpt lat="62.258661668747663" lon="-7.185770301148295">
 <ele>382.14999999999998</ele>
 <time>2020-07-13T13:14:53Z</time>
 </trkpt>
 <trkpt lat="62.258561924099922" lon="-7.185743311420083">
 <ele>380.26999999999998</ele>
 <time>2020-07-13T13:14:43Z</time>
 </trkpt>
 <trkpt lat="62.258451282978058" lon="-7.1857148129493">
 <ele>378.37</ele>
 <time>2020-07-13T13:14:30Z</time>
 </trkpt>
 <trkpt lat="62.258352292701602" lon="-7.185761164873838">
 <ele>375.08999999999997</ele>
 <time>2020-07-13T13:14:11Z</time>
 </trkpt>
 <trkpt lat="62.258248273283243" lon="-7.185820508748293">
 <ele>372.44999999999999</ele>
 <time>2020-07-13T13:13:57Z</time>
 </trkpt>
 <trkpt lat="62.258166801184416" lon="-7.185869039967656">
 <ele>368.49000000000001</ele>
 <time>2020-07-13T13:13:34Z</time>
 </trkpt>
 <trkpt lat="62.258059931918979" lon="-7.185906171798706">
 <ele>364.82999999999998</ele>
 <time>2020-07-13T13:13:16Z</time>
 </trkpt>
 <trkpt lat="62.257964126765728" lon="-7.185888737440109">
 <ele>361.89999999999998</ele>
 <time>2020-07-13T13:13:00Z</time>
 </trkpt>
 <trkpt lat="62.257871339097619" lon="-7.185842553153634">
 <ele>358.98000000000002</ele>
 <time>2020-07-13T13:12:41Z</time>
 </trkpt>
 <trkpt lat="62.257767571136355" lon="-7.185815814882517">
 <ele>356.43000000000001</ele>
 <time>2020-07-13T13:12:27Z</time>
 </trkpt>
 <trkpt lat="62.25765542127192" lon="-7.185814473778009">
 <ele>353.52999999999997</ele>
 <time>2020-07-13T13:08:59Z</time>
 </trkpt>
 <trkpt lat="62.257639495655894" lon="-7.18589074909687">
 <ele>349.81999999999999</ele>
 <time>2020-07-13T13:08:26Z</time>
 </trkpt>
 <trkpt lat="62.257541427388787" lon="-7.185866944491863">
 <ele>346.35000000000002</ele>
 <time>2020-07-13T13:08:11Z</time>
 </trkpt>
 <trkpt lat="62.257439168170094" lon="-7.185885636135936">
 <ele>343.81999999999999</ele>
 <time>2020-07-13T13:07:49Z</time>
 </trkpt>
 <trkpt lat="62.257348140701652" lon="-7.186021003872156">
 <ele>341.10000000000002</ele>
 <time>2020-07-13T13:07:33Z</time>
 </trkpt>
 <trkpt lat="62.257279073819518" lon="-7.186172800138593">
 <ele>339.29000000000002</ele>
 <time>2020-07-13T13:07:17Z</time>
 </trkpt>
 <trkpt lat="62.257211599498987" lon="-7.186305401846767">
 <ele>338.51999999999998</ele>
 <time>2020-07-13T13:07:07Z</time>
 </trkpt>
 <trkpt lat="62.257144711911678" lon="-7.186465663835406">
 <ele>337.23000000000002</ele>
 <time>2020-07-13T13:06:55Z</time>
 </trkpt>
 <trkpt lat="62.257092325016856" lon="-7.186562223359942">
 <ele>336.69</ele>
 <time>2020-07-13T13:06:43Z</time>
 </trkpt>
 <trkpt lat="62.257025269791484" lon="-7.186648389324546">
 <ele>335.60000000000002</ele>
 <time>2020-07-13T13:06:34Z</time>
 </trkpt>
 <trkpt lat="62.256952431052923" lon="-7.186803789809346">
 <ele>333.74000000000001</ele>
 <time>2020-07-13T13:06:24Z</time>
 </trkpt>
 <trkpt lat="62.256867438554764" lon="-7.186898337677121">
 <ele>332.62</ele>
 <time>2020-07-13T13:06:16Z</time>
 </trkpt>
 <trkpt lat="62.256798958405852" lon="-7.187054995447397">
 <ele>331.01999999999998</ele>
 <time>2020-07-13T13:06:07Z</time>
 </trkpt>
 <trkpt lat="62.256787307560444" lon="-7.187262279912829">
 <ele>329.75999999999999</ele>
 <time>2020-07-13T13:05:56Z</time>
 </trkpt>
 <trkpt lat="62.256710613146424" lon="-7.187399072572589">
 <ele>329.36000000000001</ele>
 <time>2020-07-13T13:05:47Z</time>
 </trkpt>
 <trkpt lat="62.256615981459618" lon="-7.187479035928845">
 <ele>328</ele>
 <time>2020-07-13T13:05:09Z</time>
 </trkpt>
 <trkpt lat="62.25653937086463" lon="-7.187608620151877">
 <ele>327.75999999999999</ele>
 <time>2020-07-13T13:05:01Z</time>
 </trkpt>
 <trkpt lat="62.256448846310377" lon="-7.187704760581255">
 <ele>327.48000000000002</ele>
 <time>2020-07-13T13:04:36Z</time>
 </trkpt>
 <trkpt lat="62.256372570991516" lon="-7.187823196873069">
 <ele>326.41000000000003</ele>
 <time>2020-07-13T13:04:26Z</time>
 </trkpt>
 <trkpt lat="62.256307695060968" lon="-7.187960240989924">
 <ele>324.88999999999999</ele>
 <time>2020-07-13T13:04:16Z</time>
 </trkpt>
 <trkpt lat="62.2562594152987" lon="-7.188154701143503">
 <ele>322.94999999999999</ele>
 <time>2020-07-13T13:03:59Z</time>
 </trkpt>
 <trkpt lat="62.256210716441274" lon="-7.18830892816186">
 <ele>319.63999999999999</ele>
 <time>2020-07-13T13:03:39Z</time>
 </trkpt>
 <trkpt lat="62.256128909066319" lon="-7.188413785770536">
 <ele>316.75999999999999</ele>
 <time>2020-07-13T13:03:26Z</time>
 </trkpt>
 <trkpt lat="62.256066463887691" lon="-7.188596511259675">
 <ele>313.54000000000002</ele>
 <time>2020-07-13T13:03:11Z</time>
 </trkpt>
 <trkpt lat="62.256012987345457" lon="-7.188728861510754">
 <ele>310.81</ele>
 <time>2020-07-13T13:02:52Z</time>
 </trkpt>
 <trkpt lat="62.255970658734441" lon="-7.188842855393887">
 <ele>308.23000000000002</ele>
 <time>2020-07-13T13:02:10Z</time>
 </trkpt>
 <trkpt lat="62.255902597680688" lon="-7.188729867339134">
 <ele>305.37</ele>
 <time>2020-07-13T13:01:51Z</time>
 </trkpt>
 <trkpt lat="62.255820538848639" lon="-7.188708493486047">
 <ele>302.69</ele>
 <time>2020-07-13T13:01:29Z</time>
 </trkpt>
 <trkpt lat="62.255723141133785" lon="-7.18874042853713">
 <ele>299.67000000000002</ele>
 <time>2020-07-13T13:01:08Z</time>
 </trkpt>
 <trkpt lat="62.255630856379867" lon="-7.188702374696732">
 <ele>296.89999999999998</ele>
 <time>2020-07-13T13:00:49Z</time>
 </trkpt>
 <trkpt lat="62.25553915835917" lon="-7.188700111582875">
 <ele>293.36000000000001</ele>
 <time>2020-07-13T13:00:29Z</time>
 </trkpt>
 <trkpt lat="62.255446286872029" lon="-7.18866029754281">
 <ele>292.32999999999998</ele>
 <time>2020-07-13T13:00:18Z</time>
 </trkpt>
 <trkpt lat="62.255347045138478" lon="-7.18863733112812">
 <ele>291.26999999999998</ele>
 <time>2020-07-13T13:00:04Z</time>
 </trkpt>
 <trkpt lat="62.255250234156847" lon="-7.188664823770523">
 <ele>289.35000000000002</ele>
 <time>2020-07-13T12:59:52Z</time>
 </trkpt>
 <trkpt lat="62.255147891119123" lon="-7.188647137954831">
 <ele>287.25</ele>
 <time>2020-07-13T12:59:39Z</time>
 </trkpt>
 <trkpt lat="62.25503440015018" lon="-7.188617214560509">
 <ele>283.92000000000002</ele>
 <time>2020-07-13T12:59:24Z</time>
 </trkpt>
 <trkpt lat="62.254938008263707" lon="-7.188592068850994">
 <ele>282.05000000000001</ele>
 <time>2020-07-13T12:59:08Z</time>
 </trkpt>
 <trkpt lat="62.254828875884414" lon="-7.188632553443313">
 <ele>278.42000000000002</ele>
 <time>2020-07-13T12:58:51Z</time>
 </trkpt>
 <trkpt lat="62.254727203398943" lon="-7.188652083277702">
 <ele>276.25</ele>
 <time>2020-07-13T12:58:39Z</time>
 </trkpt>
 <trkpt lat="62.254628129303455" lon="-7.188750822097063">
 <ele>274.82999999999998</ele>
 <time>2020-07-13T12:58:29Z</time>
 </trkpt>
 <trkpt lat="62.25452478043735" lon="-7.188827516511083">
 <ele>272.88</ele>
 <time>2020-07-13T12:58:19Z</time>
 </trkpt>
 <trkpt lat="62.254400057718158" lon="-7.188887698575854">
 <ele>271.13</ele>
 <time>2020-07-13T12:56:11Z</time>
 </trkpt>
 <trkpt lat="62.254324285313487" lon="-7.188931033015251">
 <ele>268.07999999999998</ele>
 <time>2020-07-13T12:55:38Z</time>
 </trkpt>
 <trkpt lat="62.254288243129849" lon="-7.18911568634212">
 <ele>264.58999999999997</ele>
 <time>2020-07-13T12:55:25Z</time>
 </trkpt>
 <trkpt lat="62.254225127398968" lon="-7.189078638330102">
 <ele>260.43000000000001</ele>
 <time>2020-07-13T12:55:03Z</time>
 </trkpt>
 <trkpt lat="62.254150612279773" lon="-7.188916532322764">
 <ele>257.87</ele>
 <time>2020-07-13T12:54:46Z</time>
 </trkpt>
 <trkpt lat="62.254096465185285" lon="-7.188769681379199">
 <ele>254.02000000000001</ele>
 <time>2020-07-13T12:54:21Z</time>
 </trkpt>
 <trkpt lat="62.254028907045722" lon="-7.188605898991227">
 <ele>252.00999999999999</ele>
 <time>2020-07-13T12:54:10Z</time>
 </trkpt>
 <trkpt lat="62.253967886790633" lon="-7.18842719681561">
 <ele>249.28</ele>
 <time>2020-07-13T12:53:56Z</time>
 </trkpt>
 <trkpt lat="62.253910806030035" lon="-7.188262240961194">
 <ele>246.58000000000001</ele>
 <time>2020-07-13T12:53:44Z</time>
 </trkpt>
 <trkpt lat="62.253879373893142" lon="-7.188057890161872">
 <ele>245.63</ele>
 <time>2020-07-13T12:53:34Z</time>
 </trkpt>
 <trkpt lat="62.253851378336549" lon="-7.187909279018641">
 <ele>244.06</ele>
 <time>2020-07-13T12:53:23Z</time>
 </trkpt>
 <trkpt lat="62.253811648115516" lon="-7.187926629558206">
 <ele>242.09999999999999</ele>
 <time>2020-07-13T12:53:02Z</time>
 </trkpt>
 <trkpt lat="62.253727577626705" lon="-7.187968119978905">
 <ele>235.78999999999999</ele>
 <time>2020-07-13T12:52:14Z</time>
 </trkpt>
 <trkpt lat="62.253641663119197" lon="-7.187893269583583">
 <ele>230.47999999999999</ele>
 <time>2020-07-13T12:51:34Z</time>
 </trkpt>
 <trkpt lat="62.253575110808015" lon="-7.187990164384246">
 <ele>225.34999999999999</ele>
 <time>2020-07-13T12:51:05Z</time>
 </trkpt>
 <trkpt lat="62.253562789410353" lon="-7.187938112765551">
 <ele>222.63</ele>
 <time>2020-07-13T12:50:26Z</time>
 </trkpt>
 <trkpt lat="62.253515347838402" lon="-7.188095608726144">
 <ele>220.72</ele>
 <time>2020-07-13T12:50:02Z</time>
 </trkpt>
 <trkpt lat="62.253465140238404" lon="-7.188263079151511">
 <ele>216.56</ele>
 <time>2020-07-13T12:49:36Z</time>
 </trkpt>
 <trkpt lat="62.253409400582314" lon="-7.188395177945495">
 <ele>213.46000000000001</ele>
 <time>2020-07-13T12:49:15Z</time>
 </trkpt>
 <trkpt lat="62.253366485238075" lon="-7.188460556790233">
 <ele>211.03</ele>
 <time>2020-07-13T12:48:46Z</time>
 </trkpt>
 <trkpt lat="62.253370089456439" lon="-7.18830406665802">
 <ele>211.03</ele>
 <time>2020-07-13T12:48:25Z</time>
 </trkpt>
 <trkpt lat="62.253336645662785" lon="-7.188112875446677">
 <ele>210.55000000000001</ele>
 <time>2020-07-13T12:48:11Z</time>
 </trkpt>
 <trkpt lat="62.253287443891168" lon="-7.187931071966887">
 <ele>210.88</ele>
 <time>2020-07-13T12:48:02Z</time>
 </trkpt>
 <trkpt lat="62.253262549638748" lon="-7.187740132212639">
 <ele>208.02000000000001</ele>
 <time>2020-07-13T12:47:39Z</time>
 </trkpt>
 <trkpt lat="62.253215191885829" lon="-7.187588335946202">
 <ele>208.91</ele>
 <time>2020-07-13T12:47:20Z</time>
 </trkpt>
 <trkpt lat="62.253201026469469" lon="-7.187382392585278">
 <ele>209.91</ele>
 <time>2020-07-13T12:47:06Z</time>
 </trkpt>
 <trkpt lat="62.253159955143929" lon="-7.187202768400312">
 <ele>209.84</ele>
 <time>2020-07-13T12:46:55Z</time>
 </trkpt>
 <trkpt lat="62.253126930445433" lon="-7.187016606330872">
 <ele>210.66</ele>
 <time>2020-07-13T12:46:46Z</time>
 </trkpt>
 <trkpt lat="62.253158614039421" lon="-7.186831366270781">
 <ele>210.63999999999999</ele>
 <time>2020-07-13T12:46:38Z</time>
 </trkpt>
 <trkpt lat="62.253122655674815" lon="-7.186640594154596">
 <ele>210.47</ele>
 <time>2020-07-13T12:46:26Z</time>
 </trkpt>
 <trkpt lat="62.253052834421396" lon="-7.186489636078477">
 <ele>208.77000000000001</ele>
 <time>2020-07-13T12:46:16Z</time>
 </trkpt>
 <trkpt lat="62.253001872450113" lon="-7.186319567263126">
 <ele>207.34</ele>
 <time>2020-07-13T12:46:05Z</time>
 </trkpt>
 <trkpt lat="62.252930961549282" lon="-7.186200711876154">
 <ele>204.08000000000001</ele>
 <time>2020-07-13T12:45:50Z</time>
 </trkpt>
 <trkpt lat="62.252860721200705" lon="-7.186096273362637">
 <ele>201.44999999999999</ele>
 <time>2020-07-13T12:45:31Z</time>
 </trkpt>
 <trkpt lat="62.25275888107717" lon="-7.185997953638434">
 <ele>198.88999999999999</ele>
 <time>2020-07-13T12:45:07Z</time>
 </trkpt>
 <trkpt lat="62.252693669870496" lon="-7.185864765197039">
 <ele>194.88</ele>
 <time>2020-07-13T12:44:49Z</time>
 </trkpt>
 <trkpt lat="62.25263181142509" lon="-7.185691175982356">
 <ele>191</ele>
 <time>2020-07-13T12:44:26Z</time>
 </trkpt>
 <trkpt lat="62.252546902745962" lon="-7.185576595366001">
 <ele>188.13</ele>
 <time>2020-07-13T12:44:08Z</time>
 </trkpt>
 <trkpt lat="62.252479093149304" lon="-7.185426894575357">
 <ele>187.66999999999999</ele>
 <time>2020-07-13T12:43:50Z</time>
 </trkpt>
 <trkpt lat="62.252401812002063" lon="-7.185259675607085">
 <ele>184.56999999999999</ele>
 <time>2020-07-13T12:43:33Z</time>
 </trkpt>
 <trkpt lat="62.25232595577836" lon="-7.185148531571031">
 <ele>181.37</ele>
 <time>2020-07-13T12:43:17Z</time>
 </trkpt>
 <trkpt lat="62.252240711823106" lon="-7.185058426111937">
 <ele>178.52000000000001</ele>
 <time>2020-07-13T12:43:02Z</time>
 </trkpt>
 <trkpt lat="62.252168292179704" lon="-7.1849100664258">
 <ele>175.72999999999999</ele>
 <time>2020-07-13T12:42:49Z</time>
 </trkpt>
 <trkpt lat="62.252093106508255" lon="-7.184775872156024">
 <ele>173.61000000000001</ele>
 <time>2020-07-13T12:42:38Z</time>
 </trkpt>
 <trkpt lat="62.252039546146989" lon="-7.184604629874229">
 <ele>171.03999999999999</ele>
 <time>2020-07-13T12:41:53Z</time>
 </trkpt>
 <trkpt lat="62.251976681873202" lon="-7.184472950175405">
 <ele>167.46000000000001</ele>
 <time>2020-07-13T12:41:30Z</time>
 </trkpt>
 <trkpt lat="62.251921528950334" lon="-7.18432224355638">
 <ele>165.06</ele>
 <time>2020-07-13T12:41:15Z</time>
 </trkpt>
 <trkpt lat="62.251850115135312" lon="-7.184182265773416">
 <ele>162.88</ele>
 <time>2020-07-13T12:41:02Z</time>
 </trkpt>
 <trkpt lat="62.251784568652511" lon="-7.18400121666491">
 <ele>161.44999999999999</ele>
 <time>2020-07-13T12:40:49Z</time>
 </trkpt>
 <trkpt lat="62.251749448478222" lon="-7.183816395699978">
 <ele>158.13999999999999</ele>
 <time>2020-07-13T12:40:38Z</time>
 </trkpt>
 <trkpt lat="62.251697229221463" lon="-7.183629479259253">
 <ele>156.53999999999999</ele>
 <time>2020-07-13T12:40:28Z</time>
 </trkpt>
 <trkpt lat="62.251634364947677" lon="-7.183455722406507">
 <ele>155.59</ele>
 <time>2020-07-13T12:40:19Z</time>
 </trkpt>
 <trkpt lat="62.251575859263539" lon="-7.183276684954763">
 <ele>156.5</ele>
 <time>2020-07-13T12:40:11Z</time>
 </trkpt>
 <trkpt lat="62.251511653885245" lon="-7.183095803484321">
 <ele>156.53</ele>
 <time>2020-07-13T12:40:03Z</time>
 </trkpt>
 <trkpt lat="62.251476030796766" lon="-7.182924812659621">
 <ele>157.03</ele>
 <time>2020-07-13T12:39:55Z</time>
 </trkpt>
 <trkpt lat="62.251435043290257" lon="-7.18273856677115">
 <ele>157.02000000000001</ele>
 <time>2020-07-13T12:39:44Z</time>
 </trkpt>
 <trkpt lat="62.251397492364049" lon="-7.182555086910725">
 <ele>157.38</ele>
 <time>2020-07-13T12:39:35Z</time>
 </trkpt>
 <trkpt lat="62.251361198723316" lon="-7.182372780516744">
 <ele>157.06</ele>
 <time>2020-07-13T12:39:26Z</time>
 </trkpt>
 <trkpt lat="62.251309817656875" lon="-7.18222551047802">
 <ele>155.72</ele>
 <time>2020-07-13T12:39:17Z</time>
 </trkpt>
 <trkpt lat="62.251251731067896" lon="-7.182077569887042">
 <ele>156.31</ele>
 <time>2020-07-13T12:39:09Z</time>
 </trkpt>
 <trkpt lat="62.25123337469995" lon="-7.181896436959505">
 <ele>156.22999999999999</ele>
 <time>2020-07-13T12:39:02Z</time>
 </trkpt>
 <trkpt lat="62.251188447698951" lon="-7.181728044524789">
 <ele>156.84999999999999</ele>
 <time>2020-07-13T12:38:55Z</time>
 </trkpt>
 <trkpt lat="62.251115273684263" lon="-7.18159519135952">
 <ele>155.19999999999999</ele>
 <time>2020-07-13T12:38:44Z</time>
 </trkpt>
 <trkpt lat="62.251065485179424" lon="-7.181434342637658">
 <ele>154.50999999999999</ele>
 <time>2020-07-13T12:38:31Z</time>
 </trkpt>
 <trkpt lat="62.251017205417156" lon="-7.18126050196588">
 <ele>154.34999999999999</ele>
 <time>2020-07-13T12:38:24Z</time>
 </trkpt>
 <trkpt lat="62.250946378335357" lon="-7.181112561374903">
 <ele>153.69999999999999</ele>
 <time>2020-07-13T12:38:16Z</time>
 </trkpt>
 <trkpt lat="62.250886783003807" lon="-7.180930757895112">
 <ele>154.12</ele>
 <time>2020-07-13T12:38:08Z</time>
 </trkpt>
 <trkpt lat="62.250831881538033" lon="-7.180797820910811">
 <ele>153.61000000000001</ele>
 <time>2020-07-13T12:37:54Z</time>
 </trkpt>
 <trkpt lat="62.250773878768086" lon="-7.180618615821004">
 <ele>152.97</ele>
 <time>2020-07-13T12:37:45Z</time>
 </trkpt>
 <trkpt lat="62.250712271779776" lon="-7.180486684665084">
 <ele>152.74000000000001</ele>
 <time>2020-07-13T12:37:37Z</time>
 </trkpt>
 <trkpt lat="62.250662064179778" lon="-7.180311838164926">
 <ele>152.06</ele>
 <time>2020-07-13T12:37:29Z</time>
 </trkpt>
 <trkpt lat="62.250595008954406" lon="-7.180180074647069">
 <ele>152.22</ele>
 <time>2020-07-13T12:37:22Z</time>
 </trkpt>
 <trkpt lat="62.250545891001821" lon="-7.180009922012687">
 <ele>151.66999999999999</ele>
 <time>2020-07-13T12:37:13Z</time>
 </trkpt>
 <trkpt lat="62.250503897666931" lon="-7.179833399131894">
 <ele>151.49000000000001</ele>
 <time>2020-07-13T12:37:05Z</time>
 </trkpt>
 <trkpt lat="62.250442542135715" lon="-7.179658887907863">
 <ele>150.86000000000001</ele>
 <time>2020-07-13T12:36:57Z</time>
 </trkpt>
 <trkpt lat="62.250396441668272" lon="-7.179487645626068">
 <ele>150.08000000000001</ele>
 <time>2020-07-13T12:36:49Z</time>
 </trkpt>
 <trkpt lat="62.25033039227128" lon="-7.179361414164305">
 <ele>148.53999999999999</ele>
 <time>2020-07-13T12:36:39Z</time>
 </trkpt>
 <trkpt lat="62.250224696472287" lon="-7.179334005340934">
 <ele>145.19999999999999</ele>
 <time>2020-07-13T12:36:24Z</time>
 </trkpt>
 <trkpt lat="62.250148504972458" lon="-7.179239038378">
 <ele>143.16999999999999</ele>
 <time>2020-07-13T12:36:13Z</time>
 </trkpt>
 <trkpt lat="62.250051945447922" lon="-7.17916083522141">
 <ele>140.94999999999999</ele>
 <time>2020-07-13T12:36:00Z</time>
 </trkpt>
 <trkpt lat="62.249977849423885" lon="-7.179028820246458">
 <ele>139.06</ele>
 <time>2020-07-13T12:35:50Z</time>
 </trkpt>
 <trkpt lat="62.249914985150099" lon="-7.178864786401391">
 <ele>137.55000000000001</ele>
 <time>2020-07-13T12:35:37Z</time>
 </trkpt>
 <trkpt lat="62.249854970723391" lon="-7.178731765598059">
 <ele>136.71000000000001</ele>
 <time>2020-07-13T12:35:29Z</time>
 </trkpt>
 <trkpt lat="62.249790681526065" lon="-7.178594889119268">
 <ele>134.25</ele>
 <time>2020-07-13T12:35:15Z</time>
 </trkpt>
 <trkpt lat="62.249717256054282" lon="-7.178479302674532">
 <ele>131.80000000000001</ele>
 <time>2020-07-13T12:35:04Z</time>
 </trkpt>
 <trkpt lat="62.24965363740921" lon="-7.178317364305258">
 <ele>129.46000000000001</ele>
 <time>2020-07-13T12:34:52Z</time>
 </trkpt>
 <trkpt lat="62.249584486708045" lon="-7.178143691271544">
 <ele>128.38999999999999</ele>
 <time>2020-07-13T12:34:43Z</time>
 </trkpt>
 <trkpt lat="62.249490190297365" lon="-7.178046712651849">
 <ele>124.42</ele>
 <time>2020-07-13T12:34:30Z</time>
 </trkpt>
 <trkpt lat="62.249390697106719" lon="-7.177937580272555">
 <ele>121.67</ele>
 <time>2020-07-13T12:32:17Z</time>
 </trkpt>
 <trkpt lat="62.249342417344451" lon="-7.177795758470893">
 <ele>120.39</ele>
 <time>2020-07-13T12:32:06Z</time>
 </trkpt>
 <trkpt lat="62.249276367947459" lon="-7.177683608606458">
 <ele>117.72</ele>
 <time>2020-07-13T12:31:54Z</time>
 </trkpt>
 <trkpt lat="62.249173689633608" lon="-7.177667934447527">
 <ele>114.59999999999999</ele>
 <time>2020-07-13T12:31:41Z</time>
 </trkpt>
 <trkpt lat="62.249112920835614" lon="-7.177500715479255">
 <ele>113.13</ele>
 <time>2020-07-13T12:31:32Z</time>
 </trkpt>
 <trkpt lat="62.249067826196551" lon="-7.177321678027511">
 <ele>111.84999999999999</ele>
 <time>2020-07-13T12:31:23Z</time>
 </trkpt>
 <trkpt lat="62.249036561697721" lon="-7.177127050235868">
 <ele>111.83</ele>
 <time>2020-07-13T12:31:08Z</time>
 </trkpt>
 <trkpt lat="62.249015271663666" lon="-7.176946001127362">
 <ele>111.95</ele>
 <time>2020-07-13T12:30:58Z</time>
 </trkpt>
 <trkpt lat="62.24895341321826" lon="-7.176836868748069">
 <ele>112.09</ele>
 <time>2020-07-13T12:30:50Z</time>
 </trkpt>
 <trkpt lat="62.248893063515425" lon="-7.176692867651582">
 <ele>111.17</ele>
 <time>2020-07-13T12:30:42Z</time>
 </trkpt>
 <trkpt lat="62.248834306374192" lon="-7.176545765250921">
 <ele>110.05</ele>
 <time>2020-07-13T12:30:33Z</time>
 </trkpt>
 <trkpt lat="62.248807149007916" lon="-7.176381815224886">
 <ele>109.08</ele>
 <time>2020-07-13T12:30:24Z</time>
 </trkpt>
 <trkpt lat="62.248748224228621" lon="-7.176243849098682">
 <ele>108.34999999999999</ele>
 <time>2020-07-13T12:30:14Z</time>
 </trkpt>
 <trkpt lat="62.248695669695735" lon="-7.176116779446602">
 <ele>107.84999999999999</ele>
 <time>2020-07-13T12:30:04Z</time>
 </trkpt>
 <trkpt lat="62.248622579500079" lon="-7.176154917106032">
 <ele>104.39</ele>
 <time>2020-07-13T12:29:46Z</time>
 </trkpt>
 <trkpt lat="62.248619729653001" lon="-7.17631945386529">
 <ele>101.67</ele>
 <time>2020-07-13T12:29:33Z</time>
 </trkpt>
 <trkpt lat="62.248659878969193" lon="-7.176494551822543">
 <ele>97.840000000000003</ele>
 <time>2020-07-13T12:29:17Z</time>
 </trkpt>
 <trkpt lat="62.248603384941816" lon="-7.176528498530388">
 <ele>94.760000000000005</ele>
 <time>2020-07-13T12:29:03Z</time>
 </trkpt>
 <trkpt lat="62.248592991381884" lon="-7.176686748862267">
 <ele>92.629999999999995</ele>
 <time>2020-07-13T12:28:49Z</time>
 </trkpt>
 <trkpt lat="62.248524762690067" lon="-7.176634529605508">
 <ele>89.969999999999999</ele>
 <time>2020-07-13T12:28:35Z</time>
 </trkpt>
 <trkpt lat="62.248450415208936" lon="-7.176580131053925">
 <ele>86.670000000000002</ele>
 <time>2020-07-13T12:28:19Z</time>
 </trkpt>
 <trkpt lat="62.248401800170541" lon="-7.176445182412863">
 <ele>85.319999999999993</ele>
 <time>2020-07-13T12:28:11Z</time>
 </trkpt>
 <trkpt lat="62.24834069609642" lon="-7.176374020054936">
 <ele>84.409999999999997</ele>
 <time>2020-07-13T12:27:55Z</time>
 </trkpt>
 <trkpt lat="62.248235084116459" lon="-7.176462365314364">
 <ele>82.340000000000003</ele>
 <time>2020-07-13T12:27:45Z</time>
 </trkpt>
 <trkpt lat="62.248139027506113" lon="-7.176460772752762">
 <ele>79.030000000000001</ele>
 <time>2020-07-13T12:27:33Z</time>
 </trkpt>
 <trkpt lat="62.248050263151526" lon="-7.176387934014201">
 <ele>74.5</ele>
 <time>2020-07-13T12:27:18Z</time>
 </trkpt>
 <trkpt lat="62.247966947034001" lon="-7.176422467455268">
 <ele>72.510000000000005</ele>
 <time>2020-07-13T12:26:57Z</time>
 </trkpt>
 <trkpt lat="62.247882960364223" lon="-7.176494970917702">
 <ele>70.239999999999995</ele>
 <time>2020-07-13T12:26:47Z</time>
 </trkpt>
 <trkpt lat="62.247797464951873" lon="-7.176588596776128">
 <ele>65.019999999999996</ele>
 <time>2020-07-13T12:26:27Z</time>
 </trkpt>
 <trkpt lat="62.247715909034014" lon="-7.176658669486642">
 <ele>61.18</ele>
 <time>2020-07-13T12:26:11Z</time>
 </trkpt>
 <trkpt lat="62.247618259862065" lon="-7.176705608144403">
 <ele>57.969999999999999</ele>
 <time>2020-07-13T12:25:59Z</time>
 </trkpt>
 <trkpt lat="62.247542655095458" lon="-7.176641402766109">
 <ele>56.590000000000003</ele>
 <time>2020-07-13T12:25:50Z</time>
 </trkpt>
 <trkpt lat="62.247467385604978" lon="-7.1767040155828">
 <ele>54.740000000000002</ele>
 <time>2020-07-13T12:25:40Z</time>
 </trkpt>
 <trkpt lat="62.24739613942802" lon="-7.176828738301992">
 <ele>51.630000000000003</ele>
 <time>2020-07-13T12:25:29Z</time>
 </trkpt>
 <trkpt lat="62.247330257669091" lon="-7.177006350830197">
 <ele>47.979999999999997</ele>
 <time>2020-07-13T12:25:17Z</time>
 </trkpt>
 <trkpt lat="62.247266806662083" lon="-7.177166193723679">
 <ele>45.950000000000003</ele>
 <time>2020-07-13T12:25:09Z</time>
 </trkpt>
 <trkpt lat="62.247212240472436" lon="-7.177331987768412">
 <ele>46.920000000000002</ele>
 <time>2020-07-13T12:25:03Z</time>
 </trkpt>
 <trkpt lat="62.247119201347232" lon="-7.177325868979096">
 <ele>46.740000000000002</ele>
 <time>2020-07-13T12:24:57Z</time>
 </trkpt>
 <trkpt lat="62.247023396193981" lon="-7.177288820967078">
 <ele>47.100000000000001</ele>
 <time>2020-07-13T12:24:51Z</time>
 </trkpt>
 <trkpt lat="62.246926166117191" lon="-7.177247833460569">
 <ele>47.619999999999997</ele>
 <time>2020-07-13T12:24:45Z</time>
 </trkpt>
 <trkpt lat="62.246826170012355" lon="-7.177214976400137">
 <ele>48.399999999999999</ele>
 <time>2020-07-13T12:24:39Z</time>
 </trkpt>
 <trkpt lat="62.246721982955933" lon="-7.177167870104313">
 <ele>48.710000000000001</ele>
 <time>2020-07-13T12:24:33Z</time>
 </trkpt>
 <trkpt lat="62.246621148660779" lon="-7.177145071327686">
 <ele>49.409999999999997</ele>
 <time>2020-07-13T12:24:27Z</time>
 </trkpt>
 <trkpt lat="62.246518554165959" lon="-7.177129397168756">
 <ele>49.219999999999999</ele>
 <time>2020-07-13T12:24:21Z</time>
 </trkpt>
 <trkpt lat="62.246410762891173" lon="-7.177101988345385">
 <ele>49.530000000000001</ele>
 <time>2020-07-13T12:24:14Z</time>
 </trkpt>
 <trkpt lat="62.246308252215385" lon="-7.177074076607823">
 <ele>49.490000000000002</ele>
 <time>2020-07-13T12:24:07Z</time>
 </trkpt>
 <trkpt lat="62.246218733489513" lon="-7.177027557045221">
 <ele>49.219999999999999</ele>
 <time>2020-07-13T12:24:01Z</time>
 </trkpt>
 <trkpt lat="62.246129801496863" lon="-7.176987072452903">
 <ele>49.229999999999997</ele>
 <time>2020-07-13T12:23:55Z</time>
 </trkpt>
 <trkpt lat="62.246042294427752" lon="-7.176949437707663">
 <ele>48.509999999999998</ele>
 <time>2020-07-13T12:23:49Z</time>
 </trkpt>
 <trkpt lat="62.245959648862481" lon="-7.176903085783124">
 <ele>47.789999999999999</ele>
 <time>2020-07-13T12:23:43Z</time>
 </trkpt>
 <trkpt lat="62.245878679677844" lon="-7.176860254257917">
 <ele>46.810000000000002</ele>
 <time>2020-07-13T12:23:21Z</time>
 </trkpt>
 </trkseg>
 </trk>

</gpx>