<?xml version="1.0" encoding="utf-8"?> <gpx creator="Garmin Desktop App" version="1.1" xsi:schemaLocation="http://www.topografix.com/GPX/1/1 http://www.topografix.com/GPX/1/1/gpx.xsd http://www.garmin.com/xmlschemas/WaypointExtension/v1 http://www8.garmin.com/xmlschemas/WaypointExtensionv1.xsd http://www.garmin.com/xmlschemas/TrackPointExtension/v1 http://www.garmin.com/xmlschemas/TrackPointExtensionv1.xsd http://www.garmin.com/xmlschemas/GpxExtensions/v3 http://www8.garmin.com/xmlschemas/GpxExtensionsv3.xsd http://www.garmin.com/xmlschemas/ActivityExtension/v1 http://www8.garmin.com/xmlschemas/ActivityExtensionv1.xsd http://www.garmin.com/xmlschemas/AdventuresExtensions/v1 http://www8.garmin.com/xmlschemas/AdventuresExtensionv1.xsd http://www.garmin.com/xmlschemas/PressureExtension/v1 http://www.garmin.com/xmlschemas/PressureExtensionv1.xsd http://www.garmin.com/xmlschemas/TripExtensions/v1 http://www.garmin.com/xmlschemas/TripExtensionsv1.xsd http://www.garmin.com/xmlschemas/TripMetaDataExtensions/v1 http://www.garmin.com/xmlschemas/TripMetaDataExtensionsv1.xsd http://www.garmin.com/xmlschemas/ViaPointTransportationModeExtensions/v1 http://www.garmin.com/xmlschemas/ViaPointTransportationModeExtensionsv1.xsd http://www.garmin.com/xmlschemas/CreationTimeExtension/v1 http://www.garmin.com/xmlschemas/CreationTimeExtensionsv1.xsd http://www.garmin.com/xmlschemas/AccelerationExtension/v1 http://www.garmin.com/xmlschemas/AccelerationExtensionv1.xsd http://www.garmin.com/xmlschemas/PowerExtension/v1 http://www.garmin.com/xmlschemas/PowerExtensionv1.xsd http://www.garmin.com/xmlschemas/VideoExtension/v1 http://www.garmin.com/xmlschemas/VideoExtensionv1.xsd" xmlns="http://www.topografix.com/GPX/1/1" xmlns:xsi="http://www.w3.org/2001/XMLSchema-instance" xmlns:wptx1="http://www.garmin.com/xmlschemas/WaypointExtension/v1" xmlns:gpxtrx="http://www.garmin.com/xmlschemas/GpxExtensions/v3" xmlns:gpxtpx="http://www.garmin.com/xmlschemas/TrackPointExtension/v1" xmlns:gpxx="http://www.garmin.com/xmlschemas/GpxExtensions/v3" xmlns:trp="http://www.garmin.com/xmlschemas/TripExtensions/v1" xmlns:adv="http://www.garmin.com/xmlschemas/AdventuresExtensions/v1" xmlns:prs="http://www.garmin.com/xmlschemas/PressureExtension/v1" xmlns:tmd="http://www.garmin.com/xmlschemas/TripMetaDataExtensions/v1" xmlns:vptm="http://www.garmin.com/xmlschemas/ViaPointTransportationModeExtensions/v1" xmlns:ctx="http://www.garmin.com/xmlschemas/CreationTimeExtension/v1" xmlns:gpxacc="http://www.garmin.com/xmlschemas/AccelerationExtension/v1" xmlns:gpxpx="http://www.garmin.com/xmlschemas/PowerExtension/v1" xmlns:vidx1="http://www.garmin.com/xmlschemas/VideoExtension/v1">

 <metadata>
 <link href="http://www.garmin.com">
 <text>Garmin International</text>
 </link>
 <time>2025-04-25T10:54:25Z</time>
 <bounds maxlat="62.183319758623838" maxlon="-7.055622478947043" minlat="62.118688160553575" minlon="-7.147952495142818" />
 </metadata>

 <wpt lat="62.166842194274068" lon="-7.146008396521211">
 <ele>226.25</ele>
 <time>2020-07-17T10:03:32Z</time>
 <name>WP1 02_V</name>
 <sym>Flag, Blue</sym>
 <type>user</type>
 <extensions>
 <gpxx:WaypointExtension>
 <gpxx:DisplayMode>SymbolAndName</gpxx:DisplayMode>
 </gpxx:WaypointExtension>
 <wptx1:WaypointExtension>
 <wptx1:DisplayMode>SymbolAndName</wptx1:DisplayMode>
 </wptx1:WaypointExtension>
 <ctx:CreationTimeExtension>
 <ctx:CreationTime>2020-07-17T10:03:32Z</ctx:CreationTime>
 </ctx:CreationTimeExtension>
 </extensions>
 </wpt>

 <wpt lat="62.171934703364968" lon="-7.139528598636389">
 <ele>288.5</ele>
 <time>2020-07-17T10:26:33Z</time>
 <name>WP2 03_V</name>
 <sym>Flag, Blue</sym>
 <type>user</type>
 <extensions>
 <gpxx:WaypointExtension>
 <gpxx:DisplayMode>SymbolAndName</gpxx:DisplayMode>
 </gpxx:WaypointExtension>
 <wptx1:WaypointExtension>
 <wptx1:DisplayMode>SymbolAndName</wptx1:DisplayMode>
 </wptx1:WaypointExtension>
 <ctx:CreationTimeExtension>
 <ctx:CreationTime>2020-07-17T10:26:33Z</ctx:CreationTime>
 </ctx:CreationTimeExtension>
 </extensions>
 </wpt>

 <wpt lat="62.17738201841712" lon="-7.09407102316618">
 <ele>388.84741200000002</ele>
 <time>2020-07-17T11:14:11Z</time>
 <name>WP3 05_V</name>
 <sym>Flag, Blue</sym>
 <type>user</type>
 <extensions>
 <gpxx:WaypointExtension>
 <gpxx:DisplayMode>SymbolAndName</gpxx:DisplayMode>
 </gpxx:WaypointExtension>
 <wptx1:WaypointExtension>
 <wptx1:DisplayMode>SymbolAndName</wptx1:DisplayMode>
 </wptx1:WaypointExtension>
 <ctx:CreationTimeExtension>
 <ctx:CreationTime>2020-07-17T11:14:11Z</ctx:CreationTime>
 </ctx:CreationTimeExtension>
 </extensions>
 </wpt>

 <wpt lat="62.182330023497343" lon="-7.055788021534681">
 <ele>275.76889</ele>
 <time>2020-07-17T12:05:16Z</time>
 <name>WP4 12_V</name>
 <sym>Flag, Blue</sym>
 <type>user</type>
 <extensions>
 <gpxx:WaypointExtension>
 <gpxx:DisplayMode>SymbolAndName</gpxx:DisplayMode>
 </gpxx:WaypointExtension>
 <wptx1:WaypointExtension>
 <wptx1:DisplayMode>SymbolAndName</wptx1:DisplayMode>
 </wptx1:WaypointExtension>
 <ctx:CreationTimeExtension>
 <ctx:CreationTime>2020-07-17T12:05:16Z</ctx:CreationTime>
 </ctx:CreationTimeExtension>
 </extensions>
 </wpt>

 <wpt lat="62.168265022337437" lon="-7.073460007086396">
 <ele>377.27087399999999</ele>
 <time>2020-07-17T12:59:40Z</time>
 <name>WP5 20_V</name>
 <sym>Flag, Blue</sym>
 <type>user</type>
 <extensions>
 <gpxx:WaypointExtension>
 <gpxx:DisplayMode>SymbolAndName</gpxx:DisplayMode>
 </gpxx:WaypointExtension>
 <wptx1:WaypointExtension>
 <wptx1:DisplayMode>SymbolAndName</wptx1:DisplayMode>
 </wptx1:WaypointExtension>
 <ctx:CreationTimeExtension>
 <ctx:CreationTime>2020-07-17T12:59:40Z</ctx:CreationTime>
 </ctx:CreationTimeExtension>
 </extensions>
 </wpt>

 <wpt lat="62.147665992379189" lon="-7.068668995052576">
 <ele>359.54263300000002</ele>
 <time>2020-07-17T13:48:50Z</time>
 <name>WP6 41_V</name>
 <sym>Flag, Blue</sym>
 <type>user</type>
 <extensions>
 <gpxx:WaypointExtension>
 <gpxx:DisplayMode>SymbolAndName</gpxx:DisplayMode>
 </gpxx:WaypointExtension>
 <wptx1:WaypointExtension>
 <wptx1:DisplayMode>SymbolAndName</wptx1:DisplayMode>
 </wptx1:WaypointExtension>
 <ctx:CreationTimeExtension>
 <ctx:CreationTime>2020-07-17T13:48:50Z</ctx:CreationTime>
 </ctx:CreationTimeExtension>
 </extensions>
 </wpt>

 <wpt lat="62.129712039604783" lon="-7.076858030632138">
 <ele>282.41928100000001</ele>
 <time>2020-07-17T15:51:46Z</time>
 <name>WP7 63_V</name>
 <sym>Flag, Blue</sym>
 <type>user</type>
 <extensions>
 <gpxx:WaypointExtension>
 <gpxx:DisplayMode>SymbolAndName</gpxx:DisplayMode>
 </gpxx:WaypointExtension>
 <wptx1:WaypointExtension>
 <wptx1:DisplayMode>SymbolAndName</wptx1:DisplayMode>
 </wptx1:WaypointExtension>
 <ctx:CreationTimeExtension>
 <ctx:CreationTime>2020-07-17T15:51:46Z</ctx:CreationTime>
 </ctx:CreationTimeExtension>
 </extensions>
 </wpt>

 <trk>
 <name>10 Wanderung Vestmanna Hvalvík Kvívík CS</name>
 <extensions>
 <gpxx:TrackExtension>
 <gpxx:DisplayColor>Blue</gpxx:DisplayColor>
 </gpxx:TrackExtension>
 </extensions>
 <trkseg>
 <trkpt lat="62.152594551444054" lon="-7.145219743251801">
 <ele>6.8984375</ele>
 <time>2020-07-17T09:03:05Z</time>
 </trkpt>
 <trkpt lat="62.152793034911156" lon="-7.14494657702744">
 <ele>8.9609375</ele>
 <time>2020-07-17T09:03:13Z</time>
 </trkpt>
 <trkpt lat="62.153091430664063" lon="-7.145177749916911">
 <ele>8.8828125</ele>
 <time>2020-07-17T09:03:21Z</time>
 </trkpt>
 <trkpt lat="62.153218919411302" lon="-7.145257377997041">
 <ele>9.4765625</ele>
 <time>2020-07-17T09:03:33Z</time>
 </trkpt>
 <trkpt lat="62.153315311297774" lon="-7.145305993035436">
 <ele>9.99609375</ele>
 <time>2020-07-17T09:03:39Z</time>
 </trkpt>
 <trkpt lat="62.153407176956534" lon="-7.145361062139273">
 <ele>10.4375</ele>
 <time>2020-07-17T09:03:45Z</time>
 </trkpt>
 <trkpt lat="62.153500383719802" lon="-7.145446389913559">
 <ele>10.70703125</ele>
 <time>2020-07-17T09:03:52Z</time>
 </trkpt>
 <trkpt lat="62.153595434501767" lon="-7.145535992458463">
 <ele>10.96875</ele>
 <time>2020-07-17T09:04:00Z</time>
 </trkpt>
 <trkpt lat="62.153691910207272" lon="-7.145601622760296">
 <ele>11.38671875</ele>
 <time>2020-07-17T09:04:07Z</time>
 </trkpt>
 <trkpt lat="62.153781931847334" lon="-7.145682172849774">
 <ele>11.6171875</ele>
 <time>2020-07-17T09:04:14Z</time>
 </trkpt>
 <trkpt lat="62.153869271278381" lon="-7.145772445946932">
 <ele>12.01953125</ele>
 <time>2020-07-17T09:04:21Z</time>
 </trkpt>
 <trkpt lat="62.153971781954169" lon="-7.14586422778666">
 <ele>12.62890625</ele>
 <time>2020-07-17T09:04:29Z</time>
 </trkpt>
 <trkpt lat="62.154068676754832" lon="-7.145960284397006">
 <ele>13.08203125</ele>
 <time>2020-07-17T09:04:37Z</time>
 </trkpt>
 <trkpt lat="62.1541653200984" lon="-7.146030189469457">
 <ele>13.69140625</ele>
 <time>2020-07-17T09:04:44Z</time>
 </trkpt>
 <trkpt lat="62.154251737520099" lon="-7.146126665174961">
 <ele>13.91796875</ele>
 <time>2020-07-17T09:04:52Z</time>
 </trkpt>
 <trkpt lat="62.154346620664001" lon="-7.146206209436059">
 <ele>14.33984375</ele>
 <time>2020-07-17T09:04:59Z</time>
 </trkpt>
 <trkpt lat="62.154437312856317" lon="-7.146288771182299">
 <ele>14.64453125</ele>
 <time>2020-07-17T09:05:05Z</time>
 </trkpt>
 <trkpt lat="62.154522892087698" lon="-7.146397484466434">
 <ele>14.60546875</ele>
 <time>2020-07-17T09:05:13Z</time>
 </trkpt>
 <trkpt lat="62.154605537652969" lon="-7.146529415622354">
 <ele>14.37890625</ele>
 <time>2020-07-17T09:05:21Z</time>
 </trkpt>
 <trkpt lat="62.154680890962481" lon="-7.146680289879441">
 <ele>14.609375</ele>
 <time>2020-07-17T09:05:29Z</time>
 </trkpt>
 <trkpt lat="62.154754232615232" lon="-7.146846754476428">
 <ele>14.9609375</ele>
 <time>2020-07-17T09:05:37Z</time>
 </trkpt>
 <trkpt lat="62.154828831553459" lon="-7.147019086405635">
 <ele>15.328125</ele>
 <time>2020-07-17T09:05:45Z</time>
 </trkpt>
 <trkpt lat="62.154896557331085" lon="-7.147155627608299">
 <ele>15.83203125</ele>
 <time>2020-07-17T09:05:52Z</time>
 </trkpt>
 <trkpt lat="62.154938718304038" lon="-7.147294767200947">
 <ele>15.796875</ele>
 <time>2020-07-17T09:06:34Z</time>
 </trkpt>
 <trkpt lat="62.155007030814886" lon="-7.14742929674685">
 <ele>16.38671875</ele>
 <time>2020-07-17T09:06:48Z</time>
 </trkpt>
 <trkpt lat="62.1550805401057" lon="-7.147583775222302">
 <ele>16.93359375</ele>
 <time>2020-07-17T09:06:56Z</time>
 </trkpt>
 <trkpt lat="62.155143404379487" lon="-7.147737918421626">
 <ele>17.23046875</ele>
 <time>2020-07-17T09:07:03Z</time>
 </trkpt>
 <trkpt lat="62.15521146543324" lon="-7.147898348048329">
 <ele>17.5625</ele>
 <time>2020-07-17T09:07:10Z</time>
 </trkpt>
 <trkpt lat="62.155299810692668" lon="-7.147952495142818">
 <ele>19.01953125</ele>
 <time>2020-07-17T09:07:16Z</time>
 </trkpt>
 <trkpt lat="62.15536586008966" lon="-7.147875046357513">
 <ele>20.93359375</ele>
 <time>2020-07-17T09:07:23Z</time>
 </trkpt>
 <trkpt lat="62.155341301113367" lon="-7.147668516263366">
 <ele>21.875</ele>
 <time>2020-07-17T09:07:29Z</time>
 </trkpt>
 <trkpt lat="62.155313640832901" lon="-7.147450083866715">
 <ele>22.81640625</ele>
 <time>2020-07-17T09:07:36Z</time>
 </trkpt>
 <trkpt lat="62.155300481244922" lon="-7.147248080000281">
 <ele>23.89453125</ele>
 <time>2020-07-17T09:07:43Z</time>
 </trkpt>
 <trkpt lat="62.155263433232903" lon="-7.147036353126168">
 <ele>24.4296875</ele>
 <time>2020-07-17T09:07:50Z</time>
 </trkpt>
 <trkpt lat="62.155221188440919" lon="-7.146828230470419">
 <ele>24.85546875</ele>
 <time>2020-07-17T09:07:57Z</time>
 </trkpt>
 <trkpt lat="62.155189588665962" lon="-7.146639302372932">
 <ele>25.40234375</ele>
 <time>2020-07-17T09:08:04Z</time>
 </trkpt>
 <trkpt lat="62.155164275318384" lon="-7.146427491679788">
 <ele>26.3671875</ele>
 <time>2020-07-17T09:08:12Z</time>
 </trkpt>
 <trkpt lat="62.155121527612209" lon="-7.146223308518529">
 <ele>27.31640625</ele>
 <time>2020-07-17T09:08:20Z</time>
 </trkpt>
 <trkpt lat="62.155083641409874" lon="-7.146020969375968">
 <ele>28.3671875</ele>
 <time>2020-07-17T09:08:28Z</time>
 </trkpt>
 <trkpt lat="62.15504583902657" lon="-7.145828688517213">
 <ele>29.3515625</ele>
 <time>2020-07-17T09:08:36Z</time>
 </trkpt>
 <trkpt lat="62.155021782964468" lon="-7.14563213288784">
 <ele>30.69140625</ele>
 <time>2020-07-17T09:08:43Z</time>
 </trkpt>
 <trkpt lat="62.154976269230247" lon="-7.14545326307416">
 <ele>31.80078125</ele>
 <time>2020-07-17T09:08:49Z</time>
 </trkpt>
 <trkpt lat="62.15492757037282" lon="-7.145277746021748">
 <ele>32.73828125</ele>
 <time>2020-07-17T09:08:55Z</time>
 </trkpt>
 <trkpt lat="62.154872417449951" lon="-7.145101139321923">
 <ele>33.47265625</ele>
 <time>2020-07-17T09:09:02Z</time>
 </trkpt>
 <trkpt lat="62.154822545126081" lon="-7.144958814606071">
 <ele>33.8828125</ele>
 <time>2020-07-17T09:09:09Z</time>
 </trkpt>
 <trkpt lat="62.154768062755466" lon="-7.144806012511253">
 <ele>34.25</ele>
 <time>2020-07-17T09:09:15Z</time>
 </trkpt>
 <trkpt lat="62.154710981994867" lon="-7.144660167396069">
 <ele>34.75</ele>
 <time>2020-07-17T09:09:21Z</time>
 </trkpt>
 <trkpt lat="62.154645519331098" lon="-7.144525889307261">
 <ele>34.83203125</ele>
 <time>2020-07-17T09:09:27Z</time>
 </trkpt>
 <trkpt lat="62.154583493247628" lon="-7.144371913745999">
 <ele>35.37890625</ele>
 <time>2020-07-17T09:09:33Z</time>
 </trkpt>
 <trkpt lat="62.154524065554142" lon="-7.144217854365706">
 <ele>35.921875</ele>
 <time>2020-07-17T09:09:39Z</time>
 </trkpt>
 <trkpt lat="62.154452903196216" lon="-7.144085252657533">
 <ele>35.84375</ele>
 <time>2020-07-17T09:09:45Z</time>
 </trkpt>
 <trkpt lat="62.15437981300056" lon="-7.143939156085253">
 <ele>35.66796875</ele>
 <time>2020-07-17T09:09:52Z</time>
 </trkpt>
 <trkpt lat="62.154311081394553" lon="-7.143778642639518">
 <ele>35.484375</ele>
 <time>2020-07-17T09:09:59Z</time>
 </trkpt>
 <trkpt lat="62.154246037825942" lon="-7.143608573824167">
 <ele>35.41015625</ele>
 <time>2020-07-17T09:10:06Z</time>
 </trkpt>
 <trkpt lat="62.154181413352489" lon="-7.143466081470251">
 <ele>35.05078125</ele>
 <time>2020-07-17T09:10:12Z</time>
 </trkpt>
 <trkpt lat="62.154105054214597" lon="-7.143306406214833">
 <ele>34.48828125</ele>
 <time>2020-07-17T09:10:19Z</time>
 </trkpt>
 <trkpt lat="62.15402408502996" lon="-7.143160812556744">
 <ele>33.62890625</ele>
 <time>2020-07-17T09:10:26Z</time>
 </trkpt>
 <trkpt lat="62.153961472213268" lon="-7.143013207241893">
 <ele>32.95703125</ele>
 <time>2020-07-17T09:10:32Z</time>
 </trkpt>
 <trkpt lat="62.153897769749165" lon="-7.142869457602501">
 <ele>32.21484375</ele>
 <time>2020-07-17T09:10:38Z</time>
 </trkpt>
 <trkpt lat="62.153832726180553" lon="-7.142718248069286">
 <ele>31.484375</ele>
 <time>2020-07-17T09:10:44Z</time>
 </trkpt>
 <trkpt lat="62.153768604621291" lon="-7.142573492601514">
 <ele>31.25390625</ele>
 <time>2020-07-17T09:10:50Z</time>
 </trkpt>
 <trkpt lat="62.153695514425635" lon="-7.142428569495678">
 <ele>31.60546875</ele>
 <time>2020-07-17T09:10:56Z</time>
 </trkpt>
 <trkpt lat="62.153625609353185" lon="-7.142282892018557">
 <ele>31.95703125</ele>
 <time>2020-07-17T09:11:02Z</time>
 </trkpt>
 <trkpt lat="62.153574395924807" lon="-7.14213453233242">
 <ele>32.48046875</ele>
 <time>2020-07-17T09:11:09Z</time>
 </trkpt>
 <trkpt lat="62.153527876362205" lon="-7.142000840976834">
 <ele>32.94921875</ele>
 <time>2020-07-17T09:11:35Z</time>
 </trkpt>
 <trkpt lat="62.153475824743509" lon="-7.141883242875338">
 <ele>33.27734375</ele>
 <time>2020-07-17T09:12:01Z</time>
 </trkpt>
 <trkpt lat="62.153408350422978" lon="-7.141714263707399">
 <ele>33.80859375</ele>
 <time>2020-07-17T09:12:08Z</time>
 </trkpt>
 <trkpt lat="62.153334924951196" lon="-7.141570681706071">
 <ele>34.140625</ele>
 <time>2020-07-17T09:12:15Z</time>
 </trkpt>
 <trkpt lat="62.153260242193937" lon="-7.141412599012256">
 <ele>34.55078125</ele>
 <time>2020-07-17T09:12:22Z</time>
 </trkpt>
 <trkpt lat="62.153190756216645" lon="-7.141274297609925">
 <ele>34.8828125</ele>
 <time>2020-07-17T09:12:28Z</time>
 </trkpt>
 <trkpt lat="62.153160329908133" lon="-7.141216043382883">
 <ele>35.01171875</ele>
 <time>2020-07-17T09:12:46Z</time>
 </trkpt>
 <trkpt lat="62.153104674071074" lon="-7.141050333157182">
 <ele>35.60546875</ele>
 <time>2020-07-17T09:12:52Z</time>
 </trkpt>
 <trkpt lat="62.153045246377587" lon="-7.140884455293417">
 <ele>36.171875</ele>
 <time>2020-07-17T09:12:58Z</time>
 </trkpt>
 <trkpt lat="62.15298087336123" lon="-7.140739616006613">
 <ele>36.578125</ele>
 <time>2020-07-17T09:13:04Z</time>
 </trkpt>
 <trkpt lat="62.15291784144938" lon="-7.140595614910126">
 <ele>37.9765625</ele>
 <time>2020-07-17T09:13:10Z</time>
 </trkpt>
 <trkpt lat="62.152860341593623" lon="-7.140447925776243">
 <ele>39.99609375</ele>
 <time>2020-07-17T09:13:16Z</time>
 </trkpt>
 <trkpt lat="62.152800159528852" lon="-7.140303840860724">
 <ele>42.2734375</ele>
 <time>2020-07-17T09:13:22Z</time>
 </trkpt>
 <trkpt lat="62.152737211436033" lon="-7.140177190303803">
 <ele>44.66796875</ele>
 <time>2020-07-17T09:13:28Z</time>
 </trkpt>
 <trkpt lat="62.152661019936204" lon="-7.140053557232022">
 <ele>47.53125</ele>
 <time>2020-07-17T09:13:35Z</time>
 </trkpt>
 <trkpt lat="62.152592958882451" lon="-7.139939311891794">
 <ele>50.3671875</ele>
 <time>2020-07-17T09:13:41Z</time>
 </trkpt>
 <trkpt lat="62.152528669685125" lon="-7.139803022146225">
 <ele>53.640625</ele>
 <time>2020-07-17T09:13:47Z</time>
 </trkpt>
 <trkpt lat="62.152494555339217" lon="-7.139603113755584">
 <ele>57.33203125</ele>
 <time>2020-07-17T09:13:55Z</time>
 </trkpt>
 <trkpt lat="62.152536800131202" lon="-7.139418376609683">
 <ele>58.80078125</ele>
 <time>2020-07-17T09:14:02Z</time>
 </trkpt>
 <trkpt lat="62.152642412111163" lon="-7.139384681358933">
 <ele>56.2734375</ele>
 <time>2020-07-17T09:14:08Z</time>
 </trkpt>
 <trkpt lat="62.152733188122511" lon="-7.139462046325207">
 <ele>52.7734375</ele>
 <time>2020-07-17T09:14:16Z</time>
 </trkpt>
 <trkpt lat="62.152828657999635" lon="-7.13950420729816">
 <ele>49.67578125</ele>
 <time>2020-07-17T09:14:23Z</time>
 </trkpt>
 <trkpt lat="62.152932174503803" lon="-7.139510745182633">
 <ele>46.80078125</ele>
 <time>2020-07-17T09:14:29Z</time>
 </trkpt>
 <trkpt lat="62.153024040162563" lon="-7.139519713819027">
 <ele>46.03515625</ele>
 <time>2020-07-17T09:14:35Z</time>
 </trkpt>
 <trkpt lat="62.153025297448039" lon="-7.139542177319527">
 <ele>45.83203125</ele>
 <time>2020-07-17T09:15:03Z</time>
 </trkpt>
 <trkpt lat="62.153122359886765" lon="-7.139556594192982">
 <ele>46.01953125</ele>
 <time>2020-07-17T09:15:11Z</time>
 </trkpt>
 <trkpt lat="62.153227301314473" lon="-7.139533124864101">
 <ele>46.5546875</ele>
 <time>2020-07-17T09:15:18Z</time>
 </trkpt>
 <trkpt lat="62.153303241357207" lon="-7.139418292790651">
 <ele>47.67578125</ele>
 <time>2020-07-17T09:15:24Z</time>
 </trkpt>
 <trkpt lat="62.153326626867056" lon="-7.139236237853766">
 <ele>49.1015625</ele>
 <time>2020-07-17T09:15:31Z</time>
 </trkpt>
 <trkpt lat="62.153270300477743" lon="-7.139049824327231">
 <ele>50.48046875</ele>
 <time>2020-07-17T09:15:37Z</time>
 </trkpt>
 <trkpt lat="62.153225373476744" lon="-7.138847149908543">
 <ele>52.20703125</ele>
 <time>2020-07-17T09:15:44Z</time>
 </trkpt>
 <trkpt lat="62.153169885277748" lon="-7.138660065829754">
 <ele>53.9140625</ele>
 <time>2020-07-17T09:15:50Z</time>
 </trkpt>
 <trkpt lat="62.153117330744863" lon="-7.138475496321917">
 <ele>55.65625</ele>
 <time>2020-07-17T09:15:56Z</time>
 </trkpt>
 <trkpt lat="62.153104171156883" lon="-7.138275587931275">
 <ele>57.515625</ele>
 <time>2020-07-17T09:16:03Z</time>
 </trkpt>
 <trkpt lat="62.153092687949538" lon="-7.138067549094558">
 <ele>59.4453125</ele>
 <time>2020-07-17T09:16:10Z</time>
 </trkpt>
 <trkpt lat="62.153108362108469" lon="-7.13786437176168">
 <ele>61.2265625</ele>
 <time>2020-07-17T09:16:17Z</time>
 </trkpt>
 <trkpt lat="62.153121856972575" lon="-7.137674270197749">
 <ele>62.87109375</ele>
 <time>2020-07-17T09:16:24Z</time>
 </trkpt>
 <trkpt lat="62.153127891942859" lon="-7.137470338493586">
 <ele>64.66015625</ele>
 <time>2020-07-17T09:16:32Z</time>
 </trkpt>
 <trkpt lat="62.153151864185929" lon="-7.137292642146349">
 <ele>66.0390625</ele>
 <time>2020-07-17T09:16:39Z</time>
 </trkpt>
 <trkpt lat="62.153147757053375" lon="-7.137080244719982">
 <ele>67.484375</ele>
 <time>2020-07-17T09:16:47Z</time>
 </trkpt>
 <trkpt lat="62.153182709589601" lon="-7.136878911405802">
 <ele>68.57421875</ele>
 <time>2020-07-17T09:16:55Z</time>
 </trkpt>
 <trkpt lat="62.153251273557544" lon="-7.13681772351265">
 <ele>68.46484375</ele>
 <time>2020-07-17T09:28:42Z</time>
 </trkpt>
 <trkpt lat="62.153340121731162" lon="-7.136947391554713">
 <ele>67.01171875</ele>
 <time>2020-07-17T09:28:50Z</time>
 </trkpt>
 <trkpt lat="62.153297374024987" lon="-7.136942865327001">
 <ele>67.33984375</ele>
 <time>2020-07-17T09:28:58Z</time>
 </trkpt>
 <trkpt lat="62.153319418430328" lon="-7.136948984116316">
 <ele>67.14453125</ele>
 <time>2020-07-17T09:29:06Z</time>
 </trkpt>
 <trkpt lat="62.153413211926818" lon="-7.137026600539684">
 <ele>66.0234375</ele>
 <time>2020-07-17T09:29:12Z</time>
 </trkpt>
 <trkpt lat="62.153469454497099" lon="-7.137109246104956">
 <ele>65.1640625</ele>
 <time>2020-07-17T09:36:01Z</time>
 </trkpt>
 <trkpt lat="62.153557045385242" lon="-7.137221815064549">
 <ele>63.96875</ele>
 <time>2020-07-17T09:36:14Z</time>
 </trkpt>
 <trkpt lat="62.153644300997257" lon="-7.137317033484578">
 <ele>62.921875</ele>
 <time>2020-07-17T09:36:25Z</time>
 </trkpt>
 <trkpt lat="62.153750751167536" lon="-7.137404624372721">
 <ele>61.73828125</ele>
 <time>2020-07-17T09:36:47Z</time>
 </trkpt>
 <trkpt lat="62.153843371197581" lon="-7.137499004602432">
 <ele>61.8203125</ele>
 <time>2020-07-17T09:36:54Z</time>
 </trkpt>
 <trkpt lat="62.153949905186892" lon="-7.137591121718288">
 <ele>63.359375</ele>
 <time>2020-07-17T09:37:01Z</time>
 </trkpt>
 <trkpt lat="62.154043531045318" lon="-7.137677287682891">
 <ele>64.7109375</ele>
 <time>2020-07-17T09:37:07Z</time>
 </trkpt>
 <trkpt lat="62.154143359512091" lon="-7.1377994120121">
 <ele>66.0078125</ele>
 <time>2020-07-17T09:37:25Z</time>
 </trkpt>
 <trkpt lat="62.154228184372187" lon="-7.137921955436468">
 <ele>67.03515625</ele>
 <time>2020-07-17T09:37:32Z</time>
 </trkpt>
 <trkpt lat="62.154307058081031" lon="-7.138083390891552">
 <ele>67.76953125</ele>
 <time>2020-07-17T09:37:39Z</time>
 </trkpt>
 <trkpt lat="62.154389619827271" lon="-7.138225631788373">
 <ele>68.625</ele>
 <time>2020-07-17T09:37:46Z</time>
 </trkpt>
 <trkpt lat="62.154466984793544" lon="-7.138367034494877">
 <ele>69.328125</ele>
 <time>2020-07-17T09:37:52Z</time>
 </trkpt>
 <trkpt lat="62.154549462720752" lon="-7.138488488271833">
 <ele>70.296875</ele>
 <time>2020-07-17T09:37:58Z</time>
 </trkpt>
 <trkpt lat="62.154630767181516" lon="-7.13861052878201">
 <ele>71.26953125</ele>
 <time>2020-07-17T09:38:04Z</time>
 </trkpt>
 <trkpt lat="62.154726656153798" lon="-7.138743214309216">
 <ele>73.08984375</ele>
 <time>2020-07-17T09:38:11Z</time>
 </trkpt>
 <trkpt lat="62.154811983928084" lon="-7.138865757733584">
 <ele>74.7109375</ele>
 <time>2020-07-17T09:38:17Z</time>
 </trkpt>
 <trkpt lat="62.15489387512207" lon="-7.139003723859787">
 <ele>76.20703125</ele>
 <time>2020-07-17T09:38:24Z</time>
 </trkpt>
 <trkpt lat="62.15499110519886" lon="-7.139147138223052">
 <ele>78.28125</ele>
 <time>2020-07-17T09:38:31Z</time>
 </trkpt>
 <trkpt lat="62.155073499307036" lon="-7.139269094914198">
 <ele>80.0703125</ele>
 <time>2020-07-17T09:38:37Z</time>
 </trkpt>
 <trkpt lat="62.155158827081323" lon="-7.139415862038732">
 <ele>81.8671875</ele>
 <time>2020-07-17T09:38:47Z</time>
 </trkpt>
 <trkpt lat="62.155224205926061" lon="-7.139581572264433">
 <ele>83.05859375</ele>
 <time>2020-07-17T09:38:54Z</time>
 </trkpt>
 <trkpt lat="62.15530282817781" lon="-7.139762034639716">
 <ele>84.60546875</ele>
 <time>2020-07-17T09:39:12Z</time>
 </trkpt>
 <trkpt lat="62.155380193144083" lon="-7.139900922775269">
 <ele>86.4140625</ele>
 <time>2020-07-17T09:39:19Z</time>
 </trkpt>
 <trkpt lat="62.155467784032226" lon="-7.140041403472424">
 <ele>88.66796875</ele>
 <time>2020-07-17T09:39:26Z</time>
 </trkpt>
 <trkpt lat="62.155565684661269" lon="-7.140174591913819">
 <ele>92.0859375</ele>
 <time>2020-07-17T09:39:34Z</time>
 </trkpt>
 <trkpt lat="62.155641289427876" lon="-7.140323370695114">
 <ele>94.4296875</ele>
 <time>2020-07-17T09:39:41Z</time>
 </trkpt>
 <trkpt lat="62.155718319118023" lon="-7.140479693189263">
 <ele>96.62890625</ele>
 <time>2020-07-17T09:39:49Z</time>
 </trkpt>
 <trkpt lat="62.155805910006166" lon="-7.140614474192262">
 <ele>99.12890625</ele>
 <time>2020-07-17T09:39:56Z</time>
 </trkpt>
 <trkpt lat="62.155927363783121" lon="-7.140799630433321">
 <ele>102.2421875</ele>
 <time>2020-07-17T09:40:07Z</time>
 </trkpt>
 <trkpt lat="62.15600598603487" lon="-7.140927454456687">
 <ele>104.05078125</ele>
 <time>2020-07-17T09:40:15Z</time>
 </trkpt>
 <trkpt lat="62.156090643256903" lon="-7.141054440289736">
 <ele>105.9453125</ele>
 <time>2020-07-17T09:40:23Z</time>
 </trkpt>
 <trkpt lat="62.156166415661573" lon="-7.141191735863686">
 <ele>107.35546875</ele>
 <time>2020-07-17T09:40:31Z</time>
 </trkpt>
 <trkpt lat="62.15625861659646" lon="-7.141355434432626">
 <ele>108.9375</ele>
 <time>2020-07-17T09:40:43Z</time>
 </trkpt>
 <trkpt lat="62.156347716227174" lon="-7.141527095809579">
 <ele>110.87109375</ele>
 <time>2020-07-17T09:40:52Z</time>
 </trkpt>
 <trkpt lat="62.15642767958343" lon="-7.141691464930773">
 <ele>112.76171875</ele>
 <time>2020-07-17T09:41:00Z</time>
 </trkpt>
 <trkpt lat="62.15649071149528" lon="-7.141850301995874">
 <ele>113.83203125</ele>
 <time>2020-07-17T09:41:09Z</time>
 </trkpt>
 <trkpt lat="62.15654544532299" lon="-7.142058424651623">
 <ele>113.9296875</ele>
 <time>2020-07-17T09:41:18Z</time>
 </trkpt>
 <trkpt lat="62.156585678458214" lon="-7.142289178445935">
 <ele>113.078125</ele>
 <time>2020-07-17T09:41:25Z</time>
 </trkpt>
 <trkpt lat="62.15663094073534" lon="-7.142481207847595">
 <ele>112.97265625</ele>
 <time>2020-07-17T09:41:32Z</time>
 </trkpt>
 <trkpt lat="62.156666731461883" lon="-7.142679272219539">
 <ele>112.41796875</ele>
 <time>2020-07-17T09:41:40Z</time>
 </trkpt>
 <trkpt lat="62.156707216054201" lon="-7.142874570563436">
 <ele>111.96875</ele>
 <time>2020-07-17T09:41:48Z</time>
 </trkpt>
 <trkpt lat="62.15675407089293" lon="-7.143057715147734">
 <ele>111.7578125</ele>
 <time>2020-07-17T09:41:55Z</time>
 </trkpt>
 <trkpt lat="62.156797824427485" lon="-7.143229795619845">
 <ele>111.40234375</ele>
 <time>2020-07-17T09:42:04Z</time>
 </trkpt>
 <trkpt lat="62.156842835247517" lon="-7.143401959910989">
 <ele>111.00390625</ele>
 <time>2020-07-17T09:42:13Z</time>
 </trkpt>
 <trkpt lat="62.156897317618132" lon="-7.143588541075587">
 <ele>110.75390625</ele>
 <time>2020-07-17T09:42:21Z</time>
 </trkpt>
 <trkpt lat="62.156949117779732" lon="-7.143761962652206">
 <ele>110.55859375</ele>
 <time>2020-07-17T09:42:29Z</time>
 </trkpt>
 <trkpt lat="62.15699203312397" lon="-7.143940916284919">
 <ele>110.015625</ele>
 <time>2020-07-17T09:42:37Z</time>
 </trkpt>
 <trkpt lat="62.157036205753684" lon="-7.14412565343082">
 <ele>109.76171875</ele>
 <time>2020-07-17T09:42:45Z</time>
 </trkpt>
 <trkpt lat="62.157082641497254" lon="-7.144289100542665">
 <ele>109.890625</ele>
 <time>2020-07-17T09:42:54Z</time>
 </trkpt>
 <trkpt lat="62.157117174938321" lon="-7.144514406099916">
 <ele>109.140625</ele>
 <time>2020-07-17T09:43:02Z</time>
 </trkpt>
 <trkpt lat="62.157159503549337" lon="-7.144717667251825">
 <ele>108.68359375</ele>
 <time>2020-07-17T09:43:10Z</time>
 </trkpt>
 <trkpt lat="62.157224044203758" lon="-7.144883712753654">
 <ele>109.11328125</ele>
 <time>2020-07-17T09:43:17Z</time>
 </trkpt>
 <trkpt lat="62.157275006175041" lon="-7.145071718841791">
 <ele>109.03125</ele>
 <time>2020-07-17T09:43:24Z</time>
 </trkpt>
 <trkpt lat="62.157325800508261" lon="-7.145257880911231">
 <ele>108.875</ele>
 <time>2020-07-17T09:43:31Z</time>
 </trkpt>
 <trkpt lat="62.157403836026788" lon="-7.145421076565981">
 <ele>109.51171875</ele>
 <time>2020-07-17T09:43:39Z</time>
 </trkpt>
 <trkpt lat="62.157486565411091" lon="-7.145562479272485">
 <ele>110.33984375</ele>
 <time>2020-07-17T09:43:46Z</time>
 </trkpt>
 <trkpt lat="62.157571893185377" lon="-7.145718634128571">
 <ele>110.91015625</ele>
 <time>2020-07-17T09:43:54Z</time>
 </trkpt>
 <trkpt lat="62.157683959230781" lon="-7.145893145352602">
 <ele>111.6796875</ele>
 <time>2020-07-17T09:44:02Z</time>
 </trkpt>
 <trkpt lat="62.157780602574348" lon="-7.14596682228148">
 <ele>113.0703125</ele>
 <time>2020-07-17T09:44:09Z</time>
 </trkpt>
 <trkpt lat="62.157878251746297" lon="-7.146074697375298">
 <ele>114.0234375</ele>
 <time>2020-07-17T09:44:18Z</time>
 </trkpt>
 <trkpt lat="62.157971877604723" lon="-7.146137394011021">
 <ele>115.31640625</ele>
 <time>2020-07-17T09:44:26Z</time>
 </trkpt>
 <trkpt lat="62.15805921703577" lon="-7.146195396780968">
 <ele>116.296875</ele>
 <time>2020-07-17T09:44:33Z</time>
 </trkpt>
 <trkpt lat="62.158151920884848" lon="-7.146275108680129">
 <ele>116.99609375</ele>
 <time>2020-07-17T09:44:41Z</time>
 </trkpt>
 <trkpt lat="62.158238673582673" lon="-7.146350294351578">
 <ele>117.5234375</ele>
 <time>2020-07-17T09:44:50Z</time>
 </trkpt>
 <trkpt lat="62.158340094611049" lon="-7.14639144949615">
 <ele>118.7109375</ele>
 <time>2020-07-17T09:44:58Z</time>
 </trkpt>
 <trkpt lat="62.158481078222394" lon="-7.146408213302493">
 <ele>120.9140625</ele>
 <time>2020-07-17T09:45:08Z</time>
 </trkpt>
 <trkpt lat="62.158591384068131" lon="-7.146438639611006">
 <ele>122.3046875</ele>
 <time>2020-07-17T09:45:16Z</time>
 </trkpt>
 <trkpt lat="62.158689703792334" lon="-7.146495468914509">
 <ele>122.9453125</ele>
 <time>2020-07-17T09:45:24Z</time>
 </trkpt>
 <trkpt lat="62.158787185326219" lon="-7.146499324589968">
 <ele>124.5</ele>
 <time>2020-07-17T09:45:31Z</time>
 </trkpt>
 <trkpt lat="62.158896066248417" lon="-7.146527906879783">
 <ele>125.8828125</ele>
 <time>2020-07-17T09:45:39Z</time>
 </trkpt>
 <trkpt lat="62.159007042646408" lon="-7.146555818617344">
 <ele>127.29296875</ele>
 <time>2020-07-17T09:45:46Z</time>
 </trkpt>
 <trkpt lat="62.159101171419024" lon="-7.146577192470431">
 <ele>128.51953125</ele>
 <time>2020-07-17T09:45:52Z</time>
 </trkpt>
 <trkpt lat="62.159199239686131" lon="-7.146599572151899">
 <ele>129.7734375</ele>
 <time>2020-07-17T09:45:59Z</time>
 </trkpt>
 <trkpt lat="62.159304516389966" lon="-7.146616084501147">
 <ele>131.26171875</ele>
 <time>2020-07-17T09:46:07Z</time>
 </trkpt>
 <trkpt lat="62.159403841942549" lon="-7.14662111364305">
 <ele>132.8828125</ele>
 <time>2020-07-17T09:46:15Z</time>
 </trkpt>
 <trkpt lat="62.159524038434029" lon="-7.146601499989629">
 <ele>135.4140625</ele>
 <time>2020-07-17T09:46:24Z</time>
 </trkpt>
 <trkpt lat="62.159618837758899" lon="-7.146614408120513">
 <ele>136.77734375</ele>
 <time>2020-07-17T09:46:31Z</time>
 </trkpt>
 <trkpt lat="62.159731993451715" lon="-7.146634608507156">
 <ele>137.56640625</ele>
 <time>2020-07-17T09:46:39Z</time>
 </trkpt>
 <trkpt lat="62.159828469157219" lon="-7.146648606285453">
 <ele>138.26171875</ele>
 <time>2020-07-17T09:46:46Z</time>
 </trkpt>
 <trkpt lat="62.15992528013885" lon="-7.146641565486789">
 <ele>139.44921875</ele>
 <time>2020-07-17T09:46:53Z</time>
 </trkpt>
 <trkpt lat="62.160031562671065" lon="-7.146615078672767">
 <ele>141.19140625</ele>
 <time>2020-07-17T09:47:01Z</time>
 </trkpt>
 <trkpt lat="62.160142958164215" lon="-7.146579707041383">
 <ele>143.20703125</ele>
 <time>2020-07-17T09:47:08Z</time>
 </trkpt>
 <trkpt lat="62.160243708640337" lon="-7.146567134186626">
 <ele>144.58203125</ele>
 <time>2020-07-17T09:47:15Z</time>
 </trkpt>
 <trkpt lat="62.160345632582903" lon="-7.146553136408329">
 <ele>146.00390625</ele>
 <time>2020-07-17T09:47:22Z</time>
 </trkpt>
 <trkpt lat="62.160445293411613" lon="-7.146530840545893">
 <ele>147.60546875</ele>
 <time>2020-07-17T09:47:29Z</time>
 </trkpt>
 <trkpt lat="62.160526430234313" lon="-7.146444423124194">
 <ele>150.6484375</ele>
 <time>2020-07-17T09:47:44Z</time>
 </trkpt>
 <trkpt lat="62.160625420510769" lon="-7.146400669589639">
 <ele>152.8203125</ele>
 <time>2020-07-17T09:47:52Z</time>
 </trkpt>
 <trkpt lat="62.160710245370865" lon="-7.146367561072111">
 <ele>154.51953125</ele>
 <time>2020-07-17T09:47:59Z</time>
 </trkpt>
 <trkpt lat="62.160808145999908" lon="-7.146295476704836">
 <ele>157.70703125</ele>
 <time>2020-07-17T09:48:07Z</time>
 </trkpt>
 <trkpt lat="62.160897413268685" lon="-7.146229846403003">
 <ele>160.60546875</ele>
 <time>2020-07-17T09:48:14Z</time>
 </trkpt>
 <trkpt lat="62.16098802164197" lon="-7.146151894703507">
 <ele>163.95703125</ele>
 <time>2020-07-17T09:48:22Z</time>
 </trkpt>
 <trkpt lat="62.161086676642299" lon="-7.146080480888486">
 <ele>167.12109375</ele>
 <time>2020-07-17T09:48:29Z</time>
 </trkpt>
 <trkpt lat="62.161179548129439" lon="-7.146041002124548">
 <ele>169.1015625</ele>
 <time>2020-07-17T09:48:36Z</time>
 </trkpt>
 <trkpt lat="62.161282896995544" lon="-7.146028429269791">
 <ele>170.17578125</ele>
 <time>2020-07-17T09:48:44Z</time>
 </trkpt>
 <trkpt lat="62.16138624586165" lon="-7.14598786085844">
 <ele>172.62109375</ele>
 <time>2020-07-17T09:48:51Z</time>
 </trkpt>
 <trkpt lat="62.161501832306385" lon="-7.145951315760613">
 <ele>175.046875</ele>
 <time>2020-07-17T09:48:59Z</time>
 </trkpt>
 <trkpt lat="62.161598894745111" lon="-7.145902197808027">
 <ele>177.6953125</ele>
 <time>2020-07-17T09:49:06Z</time>
 </trkpt>
 <trkpt lat="62.161696460098028" lon="-7.145857941359282">
 <ele>180.140625</ele>
 <time>2020-07-17T09:49:13Z</time>
 </trkpt>
 <trkpt lat="62.161803832277656" lon="-7.145796837285161">
 <ele>183.20703125</ele>
 <time>2020-07-17T09:49:21Z</time>
 </trkpt>
 <trkpt lat="62.161900056526065" lon="-7.145655769854784">
 <ele>188.7890625</ele>
 <time>2020-07-17T09:49:39Z</time>
 </trkpt>
 <trkpt lat="62.161970799788833" lon="-7.145457621663809">
 <ele>194.68359375</ele>
 <time>2020-07-17T09:49:48Z</time>
 </trkpt>
 <trkpt lat="62.162064341828227" lon="-7.14537950232625">
 <ele>197.53515625</ele>
 <time>2020-07-17T09:49:56Z</time>
 </trkpt>
 <trkpt lat="62.162160146981478" lon="-7.145355949178338">
 <ele>199.21484375</ele>
 <time>2020-07-17T09:50:03Z</time>
 </trkpt>
 <trkpt lat="62.162261316552758" lon="-7.145330216735601">
 <ele>201.47265625</ele>
 <time>2020-07-17T09:50:11Z</time>
 </trkpt>
 <trkpt lat="62.162362737581134" lon="-7.145309681072831">
 <ele>203.59765625</ele>
 <time>2020-07-17T09:50:19Z</time>
 </trkpt>
 <trkpt lat="62.162481341511011" lon="-7.145285792648792">
 <ele>206.08203125</ele>
 <time>2020-07-17T09:50:27Z</time>
 </trkpt>
 <trkpt lat="62.162589635699987" lon="-7.145284535363317">
 <ele>207.8046875</ele>
 <time>2020-07-17T09:50:35Z</time>
 </trkpt>
 <trkpt lat="62.162700444459915" lon="-7.145268693566322">
 <ele>209.953125</ele>
 <time>2020-07-17T09:50:43Z</time>
 </trkpt>
 <trkpt lat="62.162803038954735" lon="-7.145284283906221">
 <ele>211.14453125</ele>
 <time>2020-07-17T09:50:50Z</time>
 </trkpt>
 <trkpt lat="62.162895826622844" lon="-7.145289815962315">
 <ele>212.4453125</ele>
 <time>2020-07-17T09:50:57Z</time>
 </trkpt>
 <trkpt lat="62.162992050871253" lon="-7.145261904224753">
 <ele>214.5859375</ele>
 <time>2020-07-17T09:51:04Z</time>
 </trkpt>
 <trkpt lat="62.163085844367743" lon="-7.145252851769328">
 <ele>216.015625</ele>
 <time>2020-07-17T09:51:12Z</time>
 </trkpt>
 <trkpt lat="62.163187181577086" lon="-7.145228376612067">
 <ele>217.92578125</ele>
 <time>2020-07-17T09:51:20Z</time>
 </trkpt>
 <trkpt lat="62.163295894861221" lon="-7.145236926153302">
 <ele>219.08203125</ele>
 <time>2020-07-17T09:51:27Z</time>
 </trkpt>
 <trkpt lat="62.163413828238845" lon="-7.145245056599379">
 <ele>220.375</ele>
 <time>2020-07-17T09:51:34Z</time>
 </trkpt>
 <trkpt lat="62.163515919819474" lon="-7.145300628617406">
 <ele>220.3359375</ele>
 <time>2020-07-17T09:51:41Z</time>
 </trkpt>
 <trkpt lat="62.163616586476564" lon="-7.145355446264148">
 <ele>220.34375</ele>
 <time>2020-07-17T09:51:49Z</time>
 </trkpt>
 <trkpt lat="62.163716666400433" lon="-7.145394757390022">
 <ele>220.75</ele>
 <time>2020-07-17T09:51:56Z</time>
 </trkpt>
 <trkpt lat="62.163824206218123" lon="-7.145415795966983">
 <ele>221.41796875</ele>
 <time>2020-07-17T09:52:03Z</time>
 </trkpt>
 <trkpt lat="62.163930153474212" lon="-7.145473044365645">
 <ele>220.62109375</ele>
 <time>2020-07-17T09:52:10Z</time>
 </trkpt>
 <trkpt lat="62.164026880636811" lon="-7.145533980801702">
 <ele>219.6953125</ele>
 <time>2020-07-17T09:52:17Z</time>
 </trkpt>
 <trkpt lat="62.164143305271864" lon="-7.145577147603035">
 <ele>219.26953125</ele>
 <time>2020-07-17T09:52:24Z</time>
 </trkpt>
 <trkpt lat="62.164237601682544" lon="-7.145600114017725">
 <ele>219.19921875</ele>
 <time>2020-07-17T09:52:30Z</time>
 </trkpt>
 <trkpt lat="62.164337346330285" lon="-7.145618554204702">
 <ele>219.2578125</ele>
 <time>2020-07-17T09:52:37Z</time>
 </trkpt>
 <trkpt lat="62.164438683539629" lon="-7.145614698529244">
 <ele>219.83203125</ele>
 <time>2020-07-17T09:52:44Z</time>
 </trkpt>
 <trkpt lat="62.164533985778689" lon="-7.145614866167307">
 <ele>220.28515625</ele>
 <time>2020-07-17T09:52:51Z</time>
 </trkpt>
 <trkpt lat="62.164628114551306" lon="-7.145556779578328">
 <ele>222.03125</ele>
 <time>2020-07-17T09:52:59Z</time>
 </trkpt>
 <trkpt lat="62.164721572771668" lon="-7.145399870350957">
 <ele>225.41796875</ele>
 <time>2020-07-17T09:53:08Z</time>
 </trkpt>
 <trkpt lat="62.16479105874896" lon="-7.145246984437108">
 <ele>228.80078125</ele>
 <time>2020-07-17T09:53:14Z</time>
 </trkpt>
 <trkpt lat="62.164860209450126" lon="-7.145092254504561">
 <ele>232.2578125</ele>
 <time>2020-07-17T09:53:20Z</time>
 </trkpt>
 <trkpt lat="62.164947548881173" lon="-7.145019080489874">
 <ele>233.8203125</ele>
 <time>2020-07-17T09:53:27Z</time>
 </trkpt>
 <trkpt lat="62.165046622976661" lon="-7.144924029707909">
 <ele>235.8984375</ele>
 <time>2020-07-17T09:53:34Z</time>
 </trkpt>
 <trkpt lat="62.165149552747607" lon="-7.144844233989716">
 <ele>237.640625</ele>
 <time>2020-07-17T09:53:41Z</time>
 </trkpt>
 <trkpt lat="62.165237311273813" lon="-7.144802324473858">
 <ele>238.58984375</ele>
 <time>2020-07-17T09:53:48Z</time>
 </trkpt>
 <trkpt lat="62.165319789201021" lon="-7.144751278683543">
 <ele>240.015625</ele>
 <time>2020-07-17T09:53:54Z</time>
 </trkpt>
 <trkpt lat="62.165434118360281" lon="-7.144717918708921">
 <ele>240.890625</ele>
 <time>2020-07-17T09:54:02Z</time>
 </trkpt>
 <trkpt lat="62.165561774745584" lon="-7.144658239558339">
 <ele>242.96484375</ele>
 <time>2020-07-17T09:54:08Z</time>
 </trkpt>
 <trkpt lat="62.165648443624377" lon="-7.144696963950992">
 <ele>242.08984375</ele>
 <time>2020-07-17T09:54:14Z</time>
 </trkpt>
 <trkpt lat="62.165734861046076" lon="-7.144812047481537">
 <ele>239.04296875</ele>
 <time>2020-07-17T09:54:21Z</time>
 </trkpt>
 <trkpt lat="62.165808286517859" lon="-7.144941966980696">
 <ele>236.375</ele>
 <time>2020-07-17T09:54:27Z</time>
 </trkpt>
 <trkpt lat="62.165871150791645" lon="-7.145083788782358">
 <ele>233.484375</ele>
 <time>2020-07-17T09:55:11Z</time>
 </trkpt>
 <trkpt lat="62.165950443595648" lon="-7.145209684967995">
 <ele>231.109375</ele>
 <time>2020-07-17T09:55:17Z</time>
 </trkpt>
 <trkpt lat="62.166033256798983" lon="-7.145318314433098">
 <ele>229.2109375</ele>
 <time>2020-07-17T09:55:23Z</time>
 </trkpt>
 <trkpt lat="62.166116824373603" lon="-7.145407414063811">
 <ele>227.80859375</ele>
 <time>2020-07-17T09:55:29Z</time>
 </trkpt>
 <trkpt lat="62.166201062500477" lon="-7.145508835092187">
 <ele>226.22265625</ele>
 <time>2020-07-17T09:55:35Z</time>
 </trkpt>
 <trkpt lat="62.166299214586616" lon="-7.145624672994018">
 <ele>224.59375</ele>
 <time>2020-07-17T09:55:41Z</time>
 </trkpt>
 <trkpt lat="62.166385799646378" lon="-7.145717293024063">
 <ele>224.16015625</ele>
 <time>2020-07-17T09:55:46Z</time>
 </trkpt>
 <trkpt lat="62.166483867913485" lon="-7.145830867812038">
 <ele>223.59375</ele>
 <time>2020-07-17T09:55:52Z</time>
 </trkpt>
 <trkpt lat="62.166579505428672" lon="-7.145932707935572">
 <ele>223.265625</ele>
 <time>2020-07-17T09:55:58Z</time>
 </trkpt>
 <trkpt lat="62.166669107973576" lon="-7.146041672676802">
 <ele>222.765625</ele>
 <time>2020-07-17T09:56:05Z</time>
 </trkpt>
 <trkpt lat="62.166760303080082" lon="-7.146144350990653">
 <ele>222.4609375</ele>
 <time>2020-07-17T09:56:12Z</time>
 </trkpt>
 <trkpt lat="62.166796093806624" lon="-7.145967492833734">
 <ele>226.20703125</ele>
 <time>2020-07-17T10:11:02Z</time>
 </trkpt>
 <trkpt lat="62.166878068819642" lon="-7.145870430395007">
 <ele>229.265625</ele>
 <time>2020-07-17T10:11:15Z</time>
 </trkpt>
 <trkpt lat="62.166979406028986" lon="-7.14586615562439">
 <ele>230.984375</ele>
 <time>2020-07-17T10:11:25Z</time>
 </trkpt>
 <trkpt lat="62.1670788154006" lon="-7.14589599519968">
 <ele>232.09375</ele>
 <time>2020-07-17T10:11:38Z</time>
 </trkpt>
 <trkpt lat="62.167177135124803" lon="-7.145920470356941">
 <ele>233.29296875</ele>
 <time>2020-07-17T10:11:47Z</time>
 </trkpt>
 <trkpt lat="62.167271766811609" lon="-7.145985681563616">
 <ele>233.73828125</ele>
 <time>2020-07-17T10:11:56Z</time>
 </trkpt>
 <trkpt lat="62.167375870049" lon="-7.145994398742914">
 <ele>235.28515625</ele>
 <time>2020-07-17T10:12:09Z</time>
 </trkpt>
 <trkpt lat="62.167468657717109" lon="-7.146050976589322">
 <ele>235.8203125</ele>
 <time>2020-07-17T10:12:21Z</time>
 </trkpt>
 <trkpt lat="62.167583322152495" lon="-7.146031362935901">
 <ele>238.0234375</ele>
 <time>2020-07-17T10:12:41Z</time>
 </trkpt>
 <trkpt lat="62.167689353227615" lon="-7.145969420671463">
 <ele>240.83984375</ele>
 <time>2020-07-17T10:12:52Z</time>
 </trkpt>
 <trkpt lat="62.167787421494722" lon="-7.145979646593332">
 <ele>242.2578125</ele>
 <time>2020-07-17T10:13:01Z</time>
 </trkpt>
 <trkpt lat="62.167891273275018" lon="-7.146045276895165">
 <ele>242.78125</ele>
 <time>2020-07-17T10:13:11Z</time>
 </trkpt>
 <trkpt lat="62.167970398440957" lon="-7.146145440638065">
 <ele>242.19921875</ele>
 <time>2020-07-17T10:13:19Z</time>
 </trkpt>
 <trkpt lat="62.168051199987531" lon="-7.146261194720864">
 <ele>241.0546875</ele>
 <time>2020-07-17T10:13:28Z</time>
 </trkpt>
 <trkpt lat="62.168138204142451" lon="-7.14635968208313">
 <ele>240.2265625</ele>
 <time>2020-07-17T10:13:35Z</time>
 </trkpt>
 <trkpt lat="62.168228896334767" lon="-7.14639388024807">
 <ele>240.59765625</ele>
 <time>2020-07-17T10:13:43Z</time>
 </trkpt>
 <trkpt lat="62.16833165846765" lon="-7.146436041221023">
 <ele>240.91796875</ele>
 <time>2020-07-17T10:13:53Z</time>
 </trkpt>
 <trkpt lat="62.168442634865642" lon="-7.146444926038384">
 <ele>241.95703125</ele>
 <time>2020-07-17T10:14:01Z</time>
 </trkpt>
 <trkpt lat="62.168550509959459" lon="-7.146478537470102">
 <ele>242.4453125</ele>
 <time>2020-07-17T10:14:09Z</time>
 </trkpt>
 <trkpt lat="62.168662743642926" lon="-7.146494714543223">
 <ele>243.3359375</ele>
 <time>2020-07-17T10:14:17Z</time>
 </trkpt>
 <trkpt lat="62.16876114718616" lon="-7.146532433107495">
 <ele>243.62890625</ele>
 <time>2020-07-17T10:14:28Z</time>
 </trkpt>
 <trkpt lat="62.168863825500011" lon="-7.146596303209662">
 <ele>243.07421875</ele>
 <time>2020-07-17T10:14:37Z</time>
 </trkpt>
 <trkpt lat="62.168961055576801" lon="-7.146636787801981">
 <ele>242.859375</ele>
 <time>2020-07-17T10:14:45Z</time>
 </trkpt>
 <trkpt lat="62.169061219319701" lon="-7.146683223545551">
 <ele>242.5546875</ele>
 <time>2020-07-17T10:14:53Z</time>
 </trkpt>
 <trkpt lat="62.169163562357426" lon="-7.146702250465751">
 <ele>242.8203125</ele>
 <time>2020-07-17T10:15:01Z</time>
 </trkpt>
 <trkpt lat="62.169257774949074" lon="-7.146716080605984">
 <ele>243.14453125</ele>
 <time>2020-07-17T10:15:08Z</time>
 </trkpt>
 <trkpt lat="62.169343689456582" lon="-7.146674254909158">
 <ele>244.5078125</ele>
 <time>2020-07-17T10:15:15Z</time>
 </trkpt>
 <trkpt lat="62.169422898441553" lon="-7.146687246859074">
 <ele>244.75390625</ele>
 <time>2020-07-17T10:15:26Z</time>
 </trkpt>
 <trkpt lat="62.169507807120681" lon="-7.146725887432694">
 <ele>244.5390625</ele>
 <time>2020-07-17T10:15:40Z</time>
 </trkpt>
 <trkpt lat="62.169633535668254" lon="-7.146740723401308">
 <ele>244.953125</ele>
 <time>2020-07-17T10:15:49Z</time>
 </trkpt>
 <trkpt lat="62.16973353177309" lon="-7.146712560206652">
 <ele>245.3359375</ele>
 <time>2020-07-17T10:15:58Z</time>
 </trkpt>
 <trkpt lat="62.169837299734354" lon="-7.146711386740208">
 <ele>245.19140625</ele>
 <time>2020-07-17T10:16:08Z</time>
 </trkpt>
 <trkpt lat="62.169937212020159" lon="-7.14666067622602">
 <ele>245.8671875</ele>
 <time>2020-07-17T10:16:18Z</time>
 </trkpt>
 <trkpt lat="62.170041315257549" lon="-7.146631088107824">
 <ele>246.1171875</ele>
 <time>2020-07-17T10:16:27Z</time>
 </trkpt>
 <trkpt lat="62.170110633596778" lon="-7.146513992920518">
 <ele>247.7109375</ele>
 <time>2020-07-17T10:16:36Z</time>
 </trkpt>
 <trkpt lat="62.170193362981081" lon="-7.146409973502159">
 <ele>249.421875</ele>
 <time>2020-07-17T10:16:48Z</time>
 </trkpt>
 <trkpt lat="62.170296208932996" lon="-7.146359514445067">
 <ele>250.0859375</ele>
 <time>2020-07-17T10:16:59Z</time>
 </trkpt>
 <trkpt lat="62.170409867540002" lon="-7.146286759525538">
 <ele>251.1171875</ele>
 <time>2020-07-17T10:17:11Z</time>
 </trkpt>
 <trkpt lat="62.170496704056859" lon="-7.146132281050086">
 <ele>253.4453125</ele>
 <time>2020-07-17T10:17:24Z</time>
 </trkpt>
 <trkpt lat="62.170564765110612" lon="-7.145909573882818">
 <ele>256.640625</ele>
 <time>2020-07-17T10:17:38Z</time>
 </trkpt>
 <trkpt lat="62.170603657141328" lon="-7.145688878372312">
 <ele>259.97265625</ele>
 <time>2020-07-17T10:17:47Z</time>
 </trkpt>
 <trkpt lat="62.170683536678553" lon="-7.145556109026074">
 <ele>260.76171875</ele>
 <time>2020-07-17T10:18:03Z</time>
 </trkpt>
 <trkpt lat="62.170755956321955" lon="-7.145381011068821">
 <ele>262.3828125</ele>
 <time>2020-07-17T10:18:15Z</time>
 </trkpt>
 <trkpt lat="62.170785209164023" lon="-7.145161656662822">
 <ele>265.6796875</ele>
 <time>2020-07-17T10:18:29Z</time>
 </trkpt>
 <trkpt lat="62.170845391228795" lon="-7.145049842074513">
 <ele>266.05859375</ele>
 <time>2020-07-17T10:18:54Z</time>
 </trkpt>
 <trkpt lat="62.170881433412433" lon="-7.144797798246145">
 <ele>269.4375</ele>
 <time>2020-07-17T10:19:10Z</time>
 </trkpt>
 <trkpt lat="62.170915128663182" lon="-7.144589172676206">
 <ele>272.265625</ele>
 <time>2020-07-17T10:19:18Z</time>
 </trkpt>
 <trkpt lat="62.170950416475534" lon="-7.144387420266867">
 <ele>274.859375</ele>
 <time>2020-07-17T10:19:27Z</time>
 </trkpt>
 <trkpt lat="62.170992661267519" lon="-7.144204610958695">
 <ele>276.81640625</ele>
 <time>2020-07-17T10:19:34Z</time>
 </trkpt>
 <trkpt lat="62.171060722321272" lon="-7.144022639840841">
 <ele>277.83203125</ele>
 <time>2020-07-17T10:19:49Z</time>
 </trkpt>
 <trkpt lat="62.171098440885544" lon="-7.143839076161385">
 <ele>279.42578125</ele>
 <time>2020-07-17T10:19:57Z</time>
 </trkpt>
 <trkpt lat="62.171136830002069" lon="-7.143640257418156">
 <ele>281.0703125</ele>
 <time>2020-07-17T10:20:06Z</time>
 </trkpt>
 <trkpt lat="62.171165831387043" lon="-7.143428865820169">
 <ele>283.1875</ele>
 <time>2020-07-17T10:20:15Z</time>
 </trkpt>
 <trkpt lat="62.171198353171349" lon="-7.143226861953735">
 <ele>285.00390625</ele>
 <time>2020-07-17T10:20:24Z</time>
 </trkpt>
 <trkpt lat="62.17122970148921" lon="-7.143030473962426">
 <ele>286.3125</ele>
 <time>2020-07-17T10:20:33Z</time>
 </trkpt>
 <trkpt lat="62.171255936846137" lon="-7.142818747088313">
 <ele>287.66015625</ele>
 <time>2020-07-17T10:20:42Z</time>
 </trkpt>
 <trkpt lat="62.171281166374683" lon="-7.142618000507355">
 <ele>288.91015625</ele>
 <time>2020-07-17T10:20:51Z</time>
 </trkpt>
 <trkpt lat="62.171307066455483" lon="-7.142427898943424">
 <ele>290.04296875</ele>
 <time>2020-07-17T10:21:02Z</time>
 </trkpt>
 <trkpt lat="62.171333469450474" lon="-7.142203683033586">
 <ele>291.3359375</ele>
 <time>2020-07-17T10:21:12Z</time>
 </trkpt>
 <trkpt lat="62.171374959871173" lon="-7.142022801563144">
 <ele>291.45703125</ele>
 <time>2020-07-17T10:21:21Z</time>
 </trkpt>
 <trkpt lat="62.171458443626761" lon="-7.141836220398545">
 <ele>289.91796875</ele>
 <time>2020-07-17T10:21:32Z</time>
 </trkpt>
 <trkpt lat="62.171497670933604" lon="-7.141607813537121">
 <ele>290.3125</ele>
 <time>2020-07-17T10:21:44Z</time>
 </trkpt>
 <trkpt lat="62.171544609591365" lon="-7.141408827155829">
 <ele>290.1328125</ele>
 <time>2020-07-17T10:21:53Z</time>
 </trkpt>
 <trkpt lat="62.171567408367991" lon="-7.141191903501749">
 <ele>291.18359375</ele>
 <time>2020-07-17T10:22:03Z</time>
 </trkpt>
 <trkpt lat="62.171601187437773" lon="-7.141004987061024">
 <ele>291.4296875</ele>
 <time>2020-07-17T10:22:16Z</time>
 </trkpt>
 <trkpt lat="62.171620717272162" lon="-7.140784375369549">
 <ele>292.53515625</ele>
 <time>2020-07-17T10:22:29Z</time>
 </trkpt>
 <trkpt lat="62.17167335562408" lon="-7.14058849029243">
 <ele>291.890625</ele>
 <time>2020-07-17T10:22:43Z</time>
 </trkpt>
 <trkpt lat="62.171718869358301" lon="-7.140384307131171">
 <ele>291.625</ele>
 <time>2020-07-17T10:23:00Z</time>
 </trkpt>
 <trkpt lat="62.171776620671153" lon="-7.140205772593617">
 <ele>290.47265625</ele>
 <time>2020-07-17T10:23:10Z</time>
 </trkpt>
 <trkpt lat="62.171803610399365" lon="-7.140020281076431">
 <ele>290.78125</ele>
 <time>2020-07-17T10:23:35Z</time>
 </trkpt>
 <trkpt lat="62.171791037544608" lon="-7.140074511989951">
 <ele>290.921875</ele>
 <time>2020-07-17T10:26:20Z</time>
 </trkpt>
 <trkpt lat="62.171821547672153" lon="-7.139846021309495">
 <ele>291.39453125</ele>
 <time>2020-07-17T10:26:43Z</time>
 </trkpt>
 <trkpt lat="62.171888938173652" lon="-7.139664217829704">
 <ele>289.7578125</ele>
 <time>2020-07-17T10:26:52Z</time>
 </trkpt>
 <trkpt lat="62.171940235421062" lon="-7.139506051316857">
 <ele>288.6484375</ele>
 <time>2020-07-17T10:27:08Z</time>
 </trkpt>
 <trkpt lat="62.171999495476484" lon="-7.139415359124541">
 <ele>286.4609375</ele>
 <time>2020-07-17T10:27:30Z</time>
 </trkpt>
 <trkpt lat="62.172069735825062" lon="-7.139362134039402">
 <ele>283.33984375</ele>
 <time>2020-07-17T10:30:21Z</time>
 </trkpt>
 <trkpt lat="62.172104855999351" lon="-7.139185443520546">
 <ele>283.0390625</ele>
 <time>2020-07-17T10:30:29Z</time>
 </trkpt>
 <trkpt lat="62.172148860991001" lon="-7.13897405192256">
 <ele>283.3125</ele>
 <time>2020-07-17T10:30:37Z</time>
 </trkpt>
 <trkpt lat="62.172199906781316" lon="-7.13877665810287">
 <ele>283.98046875</ele>
 <time>2020-07-17T10:30:49Z</time>
 </trkpt>
 <trkpt lat="62.172242654487491" lon="-7.13858806528151">
 <ele>284.65625</ele>
 <time>2020-07-17T10:30:58Z</time>
 </trkpt>
 <trkpt lat="62.172285737469792" lon="-7.138399053364992">
 <ele>285.2109375</ele>
 <time>2020-07-17T10:31:08Z</time>
 </trkpt>
 <trkpt lat="62.172345500439405" lon="-7.138226218521595">
 <ele>284.96484375</ele>
 <time>2020-07-17T10:31:16Z</time>
 </trkpt>
 <trkpt lat="62.172386487945914" lon="-7.138053802773356">
 <ele>285.421875</ele>
 <time>2020-07-17T10:31:25Z</time>
 </trkpt>
 <trkpt lat="62.172446334734559" lon="-7.137886164709926">
 <ele>285.2578125</ele>
 <time>2020-07-17T10:31:33Z</time>
 </trkpt>
 <trkpt lat="62.172511545941234" lon="-7.137744007632136">
 <ele>284.49609375</ele>
 <time>2020-07-17T10:31:41Z</time>
 </trkpt>
 <trkpt lat="62.172570303082466" lon="-7.137565724551678">
 <ele>284.1953125</ele>
 <time>2020-07-17T10:31:49Z</time>
 </trkpt>
 <trkpt lat="62.172578601166606" lon="-7.13735961355269">
 <ele>285.9296875</ele>
 <time>2020-07-17T10:31:56Z</time>
 </trkpt>
 <trkpt lat="62.172588240355253" lon="-7.137154676020145">
 <ele>287.57421875</ele>
 <time>2020-07-17T10:32:04Z</time>
 </trkpt>
 <trkpt lat="62.172605004161596" lon="-7.136964993551374">
 <ele>288.75</ele>
 <time>2020-07-17T10:32:13Z</time>
 </trkpt>
 <trkpt lat="62.172650434076786" lon="-7.136770784854889">
 <ele>288.7109375</ele>
 <time>2020-07-17T10:32:22Z</time>
 </trkpt>
 <trkpt lat="62.17267993837595" lon="-7.136586550623179">
 <ele>289.1484375</ele>
 <time>2020-07-17T10:32:29Z</time>
 </trkpt>
 <trkpt lat="62.172709777951241" lon="-7.136380271986127">
 <ele>289.90625</ele>
 <time>2020-07-17T10:32:37Z</time>
 </trkpt>
 <trkpt lat="62.172736013308167" lon="-7.13618497364223">
 <ele>290.84375</ele>
 <time>2020-07-17T10:32:44Z</time>
 </trkpt>
 <trkpt lat="62.172771468758583" lon="-7.13599587790668">
 <ele>291.22265625</ele>
 <time>2020-07-17T10:32:51Z</time>
 </trkpt>
 <trkpt lat="62.172826454043388" lon="-7.135830838233233">
 <ele>290.328125</ele>
 <time>2020-07-17T10:32:58Z</time>
 </trkpt>
 <trkpt lat="62.172861155122519" lon="-7.135655907914043">
 <ele>290.4296875</ele>
 <time>2020-07-17T10:33:05Z</time>
 </trkpt>
 <trkpt lat="62.172875571995974" lon="-7.135464549064636">
 <ele>291.8671875</ele>
 <time>2020-07-17T10:33:11Z</time>
 </trkpt>
 <trkpt lat="62.172916056588292" lon="-7.135268077254295">
 <ele>291.9921875</ele>
 <time>2020-07-17T10:33:18Z</time>
 </trkpt>
 <trkpt lat="62.172968694940209" lon="-7.13509188964963">
 <ele>291.64453125</ele>
 <time>2020-07-17T10:33:25Z</time>
 </trkpt>
 <trkpt lat="62.173023680225015" lon="-7.134899105876684">
 <ele>292.28125</ele>
 <time>2020-07-17T10:33:32Z</time>
 </trkpt>
 <trkpt lat="62.173058716580272" lon="-7.134697269648314">
 <ele>293.55078125</ele>
 <time>2020-07-17T10:33:38Z</time>
 </trkpt>
 <trkpt lat="62.17308746650815" lon="-7.134494762867689">
 <ele>295</ele>
 <time>2020-07-17T10:33:45Z</time>
 </trkpt>
 <trkpt lat="62.173093501478434" lon="-7.134294854477048">
 <ele>297.0234375</ele>
 <time>2020-07-17T10:33:51Z</time>
 </trkpt>
 <trkpt lat="62.17311529442668" lon="-7.134117325767875">
 <ele>298.28515625</ele>
 <time>2020-07-17T10:33:58Z</time>
 </trkpt>
 <trkpt lat="62.17313826084137" lon="-7.133917668834329">
 <ele>299.609375</ele>
 <time>2020-07-17T10:34:06Z</time>
 </trkpt>
 <trkpt lat="62.173180170357227" lon="-7.133723124861717">
 <ele>300.01171875</ele>
 <time>2020-07-17T10:34:16Z</time>
 </trkpt>
 <trkpt lat="62.173213614150882" lon="-7.133512319996953">
 <ele>300.74609375</ele>
 <time>2020-07-17T10:34:23Z</time>
 </trkpt>
 <trkpt lat="62.173258708789945" lon="-7.133309142664075">
 <ele>300.875</ele>
 <time>2020-07-17T10:34:30Z</time>
 </trkpt>
 <trkpt lat="62.173272287473083" lon="-7.133119879290462">
 <ele>301.9921875</ele>
 <time>2020-07-17T10:34:37Z</time>
 </trkpt>
 <trkpt lat="62.173287123441696" lon="-7.132914774119854">
 <ele>303.23828125</ele>
 <time>2020-07-17T10:34:48Z</time>
 </trkpt>
 <trkpt lat="62.173352334648371" lon="-7.132750991731882">
 <ele>302.03515625</ele>
 <time>2020-07-17T10:34:58Z</time>
 </trkpt>
 <trkpt lat="62.17341192997992" lon="-7.132580671459436">
 <ele>300.99609375</ele>
 <time>2020-07-17T10:35:05Z</time>
 </trkpt>
 <trkpt lat="62.173459036275744" lon="-7.132398951798677">
 <ele>300.4609375</ele>
 <time>2020-07-17T10:35:12Z</time>
 </trkpt>
 <trkpt lat="62.17350672930479" lon="-7.132204575464129">
 <ele>299.9921875</ele>
 <time>2020-07-17T10:35:19Z</time>
 </trkpt>
 <trkpt lat="62.173532797023654" lon="-7.132008774206042">
 <ele>300.4765625</ele>
 <time>2020-07-17T10:35:27Z</time>
 </trkpt>
 <trkpt lat="62.173588536679745" lon="-7.131846752017736">
 <ele>299.296875</ele>
 <time>2020-07-17T10:35:33Z</time>
 </trkpt>
 <trkpt lat="62.17363279312849" lon="-7.131658913567662">
 <ele>298.76953125</ele>
 <time>2020-07-17T10:35:41Z</time>
 </trkpt>
 <trkpt lat="62.173709738999605" lon="-7.131482809782028">
 <ele>296.5625</ele>
 <time>2020-07-17T10:35:51Z</time>
 </trkpt>
 <trkpt lat="62.17379012145102" lon="-7.131342245265842">
 <ele>294.30859375</ele>
 <time>2020-07-17T10:35:58Z</time>
 </trkpt>
 <trkpt lat="62.173868659883738" lon="-7.131236884742975">
 <ele>293.921875</ele>
 <time>2020-07-17T10:36:04Z</time>
 </trkpt>
 <trkpt lat="62.173938564956188" lon="-7.131065726280212">
 <ele>294.09375</ele>
 <time>2020-07-17T10:36:11Z</time>
 </trkpt>
 <trkpt lat="62.174009811133146" lon="-7.130899094045162">
 <ele>293.99609375</ele>
 <time>2020-07-17T10:36:21Z</time>
 </trkpt>
 <trkpt lat="62.174057504162192" lon="-7.130721397697926">
 <ele>294.296875</ele>
 <time>2020-07-17T10:36:28Z</time>
 </trkpt>
 <trkpt lat="62.174071921035647" lon="-7.130534984171391">
 <ele>295.3984375</ele>
 <time>2020-07-17T10:36:35Z</time>
 </trkpt>
 <trkpt lat="62.174095558002591" lon="-7.130345217883587">
 <ele>296.28515625</ele>
 <time>2020-07-17T10:36:42Z</time>
 </trkpt>
 <trkpt lat="62.174137132242322" lon="-7.13016701862216">
 <ele>296.5</ele>
 <time>2020-07-17T10:36:49Z</time>
 </trkpt>
 <trkpt lat="62.174162529408932" lon="-7.129960991442204">
 <ele>297.234375</ele>
 <time>2020-07-17T10:36:56Z</time>
 </trkpt>
 <trkpt lat="62.174203768372536" lon="-7.129775164648891">
 <ele>297.37109375</ele>
 <time>2020-07-17T10:37:04Z</time>
 </trkpt>
 <trkpt lat="62.174245594069362" lon="-7.129585398361087">
 <ele>297.796875</ele>
 <time>2020-07-17T10:37:13Z</time>
 </trkpt>
 <trkpt lat="62.174293790012598" lon="-7.129395296797156">
 <ele>297.8671875</ele>
 <time>2020-07-17T10:37:23Z</time>
 </trkpt>
 <trkpt lat="62.174351708963513" lon="-7.129245512187481">
 <ele>297.08984375</ele>
 <time>2020-07-17T10:37:31Z</time>
 </trkpt>
 <trkpt lat="62.174392864108086" lon="-7.129069743677974">
 <ele>296.99609375</ele>
 <time>2020-07-17T10:37:38Z</time>
 </trkpt>
 <trkpt lat="62.174424882978201" lon="-7.128880564123392">
 <ele>297.3984375</ele>
 <time>2020-07-17T10:37:46Z</time>
 </trkpt>
 <trkpt lat="62.174450699239969" lon="-7.128702364861965">
 <ele>297.9609375</ele>
 <time>2020-07-17T10:37:55Z</time>
 </trkpt>
 <trkpt lat="62.174482131376863" lon="-7.128504551947117">
 <ele>298.359375</ele>
 <time>2020-07-17T10:38:05Z</time>
 </trkpt>
 <trkpt lat="62.174539547413588" lon="-7.128336327150464">
 <ele>297.21484375</ele>
 <time>2020-07-17T10:38:15Z</time>
 </trkpt>
 <trkpt lat="62.174591599032283" lon="-7.128179166465998">
 <ele>296.046875</ele>
 <time>2020-07-17T10:38:25Z</time>
 </trkpt>
 <trkpt lat="62.174584222957492" lon="-7.127977246418595">
 <ele>298.54296875</ele>
 <time>2020-07-17T10:38:37Z</time>
 </trkpt>
 <trkpt lat="62.17461246997118" lon="-7.127743642777205">
 <ele>299.71484375</ele>
 <time>2020-07-17T10:38:49Z</time>
 </trkpt>
 <trkpt lat="62.174619846045971" lon="-7.127532418817282">
 <ele>301.69140625</ele>
 <time>2020-07-17T10:39:01Z</time>
 </trkpt>
 <trkpt lat="62.174634430557489" lon="-7.127327984198928">
 <ele>303.53125</ele>
 <time>2020-07-17T10:39:09Z</time>
 </trkpt>
 <trkpt lat="62.174694444984198" lon="-7.12715020403266">
 <ele>303.9921875</ele>
 <time>2020-07-17T10:39:18Z</time>
 </trkpt>
 <trkpt lat="62.174766529351473" lon="-7.127014501020312">
 <ele>303.42578125</ele>
 <time>2020-07-17T10:39:26Z</time>
 </trkpt>
 <trkpt lat="62.174816485494375" lon="-7.126844516023994">
 <ele>303.640625</ele>
 <time>2020-07-17T10:39:33Z</time>
 </trkpt>
 <trkpt lat="62.174851521849632" lon="-7.126655671745539">
 <ele>304.3203125</ele>
 <time>2020-07-17T10:39:40Z</time>
 </trkpt>
 <trkpt lat="62.174863172695041" lon="-7.126467246562243">
 <ele>305.66015625</ele>
 <time>2020-07-17T10:39:48Z</time>
 </trkpt>
 <trkpt lat="62.174896951764822" lon="-7.126266583800316">
 <ele>306.2421875</ele>
 <time>2020-07-17T10:39:56Z</time>
 </trkpt>
 <trkpt lat="62.174911284819245" lon="-7.12606692686677">
 <ele>307.45703125</ele>
 <time>2020-07-17T10:40:05Z</time>
 </trkpt>
 <trkpt lat="62.174965180456638" lon="-7.125893421471119">
 <ele>306.85546875</ele>
 <time>2020-07-17T10:40:17Z</time>
 </trkpt>
 <trkpt lat="62.175014717504382" lon="-7.125710025429726">
 <ele>306.375</ele>
 <time>2020-07-17T10:40:25Z</time>
 </trkpt>
 <trkpt lat="62.175087304785848" lon="-7.125549344345927">
 <ele>305.12109375</ele>
 <time>2020-07-17T10:40:33Z</time>
 </trkpt>
 <trkpt lat="62.175149330869317" lon="-7.125394027680159">
 <ele>304.2265625</ele>
 <time>2020-07-17T10:40:40Z</time>
 </trkpt>
 <trkpt lat="62.175208758562803" lon="-7.125236615538597">
 <ele>303.22265625</ele>
 <time>2020-07-17T10:40:48Z</time>
 </trkpt>
 <trkpt lat="62.175268940627575" lon="-7.125075599178672">
 <ele>301.9765625</ele>
 <time>2020-07-17T10:40:56Z</time>
 </trkpt>
 <trkpt lat="62.175331050530076" lon="-7.124899076297879">
 <ele>300.515625</ele>
 <time>2020-07-17T10:41:04Z</time>
 </trkpt>
 <trkpt lat="62.175390562042594" lon="-7.124748453497887">
 <ele>298.95703125</ele>
 <time>2020-07-17T10:41:11Z</time>
 </trkpt>
 <trkpt lat="62.175440518185496" lon="-7.124563967809081">
 <ele>298.35546875</ele>
 <time>2020-07-17T10:41:18Z</time>
 </trkpt>
 <trkpt lat="62.175494832918048" lon="-7.124380907043815">
 <ele>298.9140625</ele>
 <time>2020-07-17T10:41:27Z</time>
 </trkpt>
 <trkpt lat="62.175556775182486" lon="-7.124221315607429">
 <ele>299.27734375</ele>
 <time>2020-07-17T10:41:41Z</time>
 </trkpt>
 <trkpt lat="62.175601702183485" lon="-7.124013276770711">
 <ele>300.34765625</ele>
 <time>2020-07-17T10:41:50Z</time>
 </trkpt>
 <trkpt lat="62.175642354413867" lon="-7.12381630204618">
 <ele>302.12890625</ele>
 <time>2020-07-17T10:41:58Z</time>
 </trkpt>
 <trkpt lat="62.175708906725049" lon="-7.123628631234169">
 <ele>303.10546875</ele>
 <time>2020-07-17T10:42:08Z</time>
 </trkpt>
 <trkpt lat="62.175760539248586" lon="-7.123441966250539">
 <ele>304.2890625</ele>
 <time>2020-07-17T10:42:16Z</time>
 </trkpt>
 <trkpt lat="62.175811333581805" lon="-7.1232367772609">
 <ele>305.59765625</ele>
 <time>2020-07-17T10:42:25Z</time>
 </trkpt>
 <trkpt lat="62.175857769325376" lon="-7.123044664040208">
 <ele>306.9296875</ele>
 <time>2020-07-17T10:42:35Z</time>
 </trkpt>
 <trkpt lat="62.17589657753706" lon="-7.122867302969098">
 <ele>308.25390625</ele>
 <time>2020-07-17T10:42:50Z</time>
 </trkpt>
 <trkpt lat="62.17594594694674" lon="-7.122641997411847">
 <ele>309.70703125</ele>
 <time>2020-07-17T10:43:02Z</time>
 </trkpt>
 <trkpt lat="62.175992550328374" lon="-7.122460948303342">
 <ele>310.4296875</ele>
 <time>2020-07-17T10:43:12Z</time>
 </trkpt>
 <trkpt lat="62.176044937223196" lon="-7.12226640433073">
 <ele>311.390625</ele>
 <time>2020-07-17T10:43:23Z</time>
 </trkpt>
 <trkpt lat="62.176100760698318" lon="-7.122074039652944">
 <ele>313.03125</ele>
 <time>2020-07-17T10:43:31Z</time>
 </trkpt>
 <trkpt lat="62.17615507543087" lon="-7.12189600802958">
 <ele>314.2421875</ele>
 <time>2020-07-17T10:43:39Z</time>
 </trkpt>
 <trkpt lat="62.176214251667261" lon="-7.121710516512394">
 <ele>315.1796875</ele>
 <time>2020-07-17T10:43:47Z</time>
 </trkpt>
 <trkpt lat="62.176268398761749" lon="-7.121509602293372">
 <ele>316.41015625</ele>
 <time>2020-07-17T10:43:55Z</time>
 </trkpt>
 <trkpt lat="62.176322797313333" lon="-7.121311286464334">
 <ele>319.3359375</ele>
 <time>2020-07-17T10:44:03Z</time>
 </trkpt>
 <trkpt lat="62.176365545019507" lon="-7.121115066111088">
 <ele>322.67578125</ele>
 <time>2020-07-17T10:44:12Z</time>
 </trkpt>
 <trkpt lat="62.17640234157443" lon="-7.120938207954168">
 <ele>325.53515625</ele>
 <time>2020-07-17T10:44:21Z</time>
 </trkpt>
 <trkpt lat="62.176469396799803" lon="-7.120765373110771">
 <ele>327.07421875</ele>
 <time>2020-07-17T10:44:31Z</time>
 </trkpt>
 <trkpt lat="62.176526058465242" lon="-7.120603434741497">
 <ele>328.91796875</ele>
 <time>2020-07-17T10:44:40Z</time>
 </trkpt>
 <trkpt lat="62.176580792292953" lon="-7.12044769898057">
 <ele>331.30859375</ele>
 <time>2020-07-17T10:44:50Z</time>
 </trkpt>
 <trkpt lat="62.176626557484269" lon="-7.120241252705455">
 <ele>335.2890625</ele>
 <time>2020-07-17T10:45:02Z</time>
 </trkpt>
 <trkpt lat="62.176677016541362" lon="-7.120059030130506">
 <ele>338.22265625</ele>
 <time>2020-07-17T10:45:14Z</time>
 </trkpt>
 <trkpt lat="62.176710376515985" lon="-7.119837999343872">
 <ele>342.765625</ele>
 <time>2020-07-17T10:45:29Z</time>
 </trkpt>
 <trkpt lat="62.176770055666566" lon="-7.119645634666085">
 <ele>346.4453125</ele>
 <time>2020-07-17T10:45:46Z</time>
 </trkpt>
 <trkpt lat="62.176829231902957" lon="-7.119455449283123">
 <ele>350.00390625</ele>
 <time>2020-07-17T10:45:57Z</time>
 </trkpt>
 <trkpt lat="62.176886480301619" lon="-7.119269371032715">
 <ele>353.39453125</ele>
 <time>2020-07-17T10:46:12Z</time>
 </trkpt>
 <trkpt lat="62.176936604082584" lon="-7.119014225900173">
 <ele>359.234375</ele>
 <time>2020-07-17T10:46:29Z</time>
 </trkpt>
 <trkpt lat="62.176980106160045" lon="-7.118835356086493">
 <ele>362.828125</ele>
 <time>2020-07-17T10:46:55Z</time>
 </trkpt>
 <trkpt lat="62.177014220505953" lon="-7.118641817942262">
 <ele>367.3828125</ele>
 <time>2020-07-17T10:47:06Z</time>
 </trkpt>
 <trkpt lat="62.177080437541008" lon="-7.118490859866142">
 <ele>369.06640625</ele>
 <time>2020-07-17T10:47:15Z</time>
 </trkpt>
 <trkpt lat="62.17712452635169" lon="-7.118306457996368">
 <ele>373.0078125</ele>
 <time>2020-07-17T10:47:26Z</time>
 </trkpt>
 <trkpt lat="62.177163669839501" lon="-7.118119960650802">
 <ele>377.18359375</ele>
 <time>2020-07-17T10:47:41Z</time>
 </trkpt>
 <trkpt lat="62.177219409495592" lon="-7.117942431941629">
 <ele>379.5703125</ele>
 <time>2020-07-17T10:47:56Z</time>
 </trkpt>
 <trkpt lat="62.177299540489912" lon="-7.117791054770351">
 <ele>380.23046875</ele>
 <time>2020-07-17T10:48:08Z</time>
 </trkpt>
 <trkpt lat="62.177368020638824" lon="-7.117629535496235">
 <ele>381.60546875</ele>
 <time>2020-07-17T10:48:20Z</time>
 </trkpt>
 <trkpt lat="62.177428957074881" lon="-7.117466842755675">
 <ele>383.296875</ele>
 <time>2020-07-17T10:48:31Z</time>
 </trkpt>
 <trkpt lat="62.17747924849391" lon="-7.117290403693914">
 <ele>385.4375</ele>
 <time>2020-07-17T10:48:42Z</time>
 </trkpt>
 <trkpt lat="62.177509004250169" lon="-7.117100553587079">
 <ele>387.5859375</ele>
 <time>2020-07-17T10:49:01Z</time>
 </trkpt>
 <trkpt lat="62.177514284849167" lon="-7.116877594962716">
 <ele>391.36328125</ele>
 <time>2020-07-17T10:49:20Z</time>
 </trkpt>
 <trkpt lat="62.177541693672538" lon="-7.116675088182092">
 <ele>393.94140625</ele>
 <time>2020-07-17T10:49:37Z</time>
 </trkpt>
 <trkpt lat="62.177572539076209" lon="-7.116476353257895">
 <ele>396.24609375</ele>
 <time>2020-07-17T10:49:54Z</time>
 </trkpt>
 <trkpt lat="62.177599864080548" lon="-7.116249455139041">
 <ele>397.88671875</ele>
 <time>2020-07-17T10:50:06Z</time>
 </trkpt>
 <trkpt lat="62.177638588473201" lon="-7.116043427959085">
 <ele>398.93359375</ele>
 <time>2020-07-17T10:50:23Z</time>
 </trkpt>
 <trkpt lat="62.177680749446154" lon="-7.115835137665272">
 <ele>399.95703125</ele>
 <time>2020-07-17T10:50:45Z</time>
 </trkpt>
 <trkpt lat="62.177709247916937" lon="-7.115617040544748">
 <ele>401.4453125</ele>
 <time>2020-07-17T10:50:58Z</time>
 </trkpt>
 <trkpt lat="62.177758868783712" lon="-7.115447474643588">
 <ele>401.23046875</ele>
 <time>2020-07-17T10:51:05Z</time>
 </trkpt>
 <trkpt lat="62.1778027061373" lon="-7.115237172693014">
 <ele>401.65625</ele>
 <time>2020-07-17T10:51:13Z</time>
 </trkpt>
 <trkpt lat="62.17783153988421" lon="-7.115022512152791">
 <ele>402.67578125</ele>
 <time>2020-07-17T10:51:21Z</time>
 </trkpt>
 <trkpt lat="62.177869342267513" lon="-7.114829812198877">
 <ele>403.30078125</ele>
 <time>2020-07-17T10:51:28Z</time>
 </trkpt>
 <trkpt lat="62.177911587059498" lon="-7.114640045911074">
 <ele>403.1796875</ele>
 <time>2020-07-17T10:51:36Z</time>
 </trkpt>
 <trkpt lat="62.177942264825106" lon="-7.114441143348813">
 <ele>403.51953125</ele>
 <time>2020-07-17T10:51:44Z</time>
 </trkpt>
 <trkpt lat="62.177937990054488" lon="-7.114226063713431">
 <ele>404.91015625</ele>
 <time>2020-07-17T10:51:55Z</time>
 </trkpt>
 <trkpt lat="62.17797621153295" lon="-7.114036548882723">
 <ele>404.91796875</ele>
 <time>2020-07-17T10:52:06Z</time>
 </trkpt>
 <trkpt lat="62.17796741053462" lon="-7.113831862807274">
 <ele>405.234375</ele>
 <time>2020-07-17T10:52:13Z</time>
 </trkpt>
 <trkpt lat="62.178000183776021" lon="-7.113615022972226">
 <ele>404.046875</ele>
 <time>2020-07-17T10:52:21Z</time>
 </trkpt>
 <trkpt lat="62.178010661154985" lon="-7.113402374088764">
 <ele>403.56640625</ele>
 <time>2020-07-17T10:52:29Z</time>
 </trkpt>
 <trkpt lat="62.178049134090543" lon="-7.11319936439395">
 <ele>402.37109375</ele>
 <time>2020-07-17T10:52:37Z</time>
 </trkpt>
 <trkpt lat="62.178021725267172" lon="-7.113042203709483">
 <ele>402.828125</ele>
 <time>2020-07-17T10:52:46Z</time>
 </trkpt>
 <trkpt lat="62.17802164144814" lon="-7.11302493698895">
 <ele>402.796875</ele>
 <time>2020-07-17T10:53:41Z</time>
 </trkpt>
 <trkpt lat="62.178033962845802" lon="-7.11311780847609">
 <ele>402.65625</ele>
 <time>2020-07-17T10:56:19Z</time>
 </trkpt>
 <trkpt lat="62.178029771894217" lon="-7.113026445731521">
 <ele>402.58984375</ele>
 <time>2020-07-17T10:59:05Z</time>
 </trkpt>
 <trkpt lat="62.178031783550978" lon="-7.112785717472434">
 <ele>402.078125</ele>
 <time>2020-07-17T10:59:15Z</time>
 </trkpt>
 <trkpt lat="62.178050642833114" lon="-7.112560160458088">
 <ele>401.2109375</ele>
 <time>2020-07-17T10:59:27Z</time>
 </trkpt>
 <trkpt lat="62.178060365840793" lon="-7.112361928448081">
 <ele>400.640625</ele>
 <time>2020-07-17T10:59:34Z</time>
 </trkpt>
 <trkpt lat="62.178042260929942" lon="-7.11217375472188">
 <ele>400.68359375</ele>
 <time>2020-07-17T10:59:52Z</time>
 </trkpt>
 <trkpt lat="62.178109399974346" lon="-7.111984323710203">
 <ele>399.015625</ele>
 <time>2020-07-17T11:00:06Z</time>
 </trkpt>
 <trkpt lat="62.178139993920922" lon="-7.111787432804704">
 <ele>398.16015625</ele>
 <time>2020-07-17T11:00:13Z</time>
 </trkpt>
 <trkpt lat="62.178154494613409" lon="-7.111595487222076">
 <ele>397.65625</ele>
 <time>2020-07-17T11:00:20Z</time>
 </trkpt>
 <trkpt lat="62.178212916478515" lon="-7.111422317102552">
 <ele>396.4921875</ele>
 <time>2020-07-17T11:00:27Z</time>
 </trkpt>
 <trkpt lat="62.178239319473505" lon="-7.111222073435783">
 <ele>395.9140625</ele>
 <time>2020-07-17T11:00:33Z</time>
 </trkpt>
 <trkpt lat="62.178264297544956" lon="-7.111007077619433">
 <ele>395.41015625</ele>
 <time>2020-07-17T11:00:40Z</time>
 </trkpt>
 <trkpt lat="62.178241331130266" lon="-7.11080364882946">
 <ele>395.5859375</ele>
 <time>2020-07-17T11:00:49Z</time>
 </trkpt>
 <trkpt lat="62.178203109651804" lon="-7.110626958310604">
 <ele>395.89453125</ele>
 <time>2020-07-17T11:00:58Z</time>
 </trkpt>
 <trkpt lat="62.178223980590701" lon="-7.110397210344672">
 <ele>395.3671875</ele>
 <time>2020-07-17T11:01:08Z</time>
 </trkpt>
 <trkpt lat="62.178248874843121" lon="-7.110173162072897">
 <ele>394.8515625</ele>
 <time>2020-07-17T11:01:14Z</time>
 </trkpt>
 <trkpt lat="62.178241917863488" lon="-7.109983898699284">
 <ele>394.70703125</ele>
 <time>2020-07-17T11:01:23Z</time>
 </trkpt>
 <trkpt lat="62.17825080268085" lon="-7.109802514314652">
 <ele>394.4765625</ele>
 <time>2020-07-17T11:01:32Z</time>
 </trkpt>
 <trkpt lat="62.17826010659337" lon="-7.10958450101316">
 <ele>394.49609375</ele>
 <time>2020-07-17T11:01:40Z</time>
 </trkpt>
 <trkpt lat="62.17825566418469" lon="-7.109364056959748">
 <ele>394.62890625</ele>
 <time>2020-07-17T11:01:48Z</time>
 </trkpt>
 <trkpt lat="62.17822733335197" lon="-7.109158029779792">
 <ele>394.9296875</ele>
 <time>2020-07-17T11:02:00Z</time>
 </trkpt>
 <trkpt lat="62.17830159701407" lon="-7.108983099460602">
 <ele>394.4765625</ele>
 <time>2020-07-17T11:02:07Z</time>
 </trkpt>
 <trkpt lat="62.178351385518909" lon="-7.108798278495669">
 <ele>394.3359375</ele>
 <time>2020-07-17T11:02:14Z</time>
 </trkpt>
 <trkpt lat="62.178350547328591" lon="-7.108598202466965">
 <ele>394.57421875</ele>
 <time>2020-07-17T11:02:21Z</time>
 </trkpt>
 <trkpt lat="62.178329927846789" lon="-7.10839569568634">
 <ele>394.921875</ele>
 <time>2020-07-17T11:02:29Z</time>
 </trkpt>
 <trkpt lat="62.178321043029428" lon="-7.108173239976168">
 <ele>395.20703125</ele>
 <time>2020-07-17T11:02:36Z</time>
 </trkpt>
 <trkpt lat="62.178300423547626" lon="-7.107977271080017">
 <ele>395.41015625</ele>
 <time>2020-07-17T11:02:43Z</time>
 </trkpt>
 <trkpt lat="62.178283911198378" lon="-7.107762107625604">
 <ele>395.5859375</ele>
 <time>2020-07-17T11:02:51Z</time>
 </trkpt>
 <trkpt lat="62.178311236202717" lon="-7.10752297192812">
 <ele>395.59765625</ele>
 <time>2020-07-17T11:02:59Z</time>
 </trkpt>
 <trkpt lat="62.178322300314903" lon="-7.107341252267361">
 <ele>395.65234375</ele>
 <time>2020-07-17T11:03:08Z</time>
 </trkpt>
 <trkpt lat="62.178353816270828" lon="-7.107124328613281">
 <ele>395.796875</ele>
 <time>2020-07-17T11:03:16Z</time>
 </trkpt>
 <trkpt lat="62.178367143496871" lon="-7.106925426051021">
 <ele>395.984375</ele>
 <time>2020-07-17T11:03:23Z</time>
 </trkpt>
 <trkpt lat="62.178397988900542" lon="-7.106701713055372">
 <ele>396.14453125</ele>
 <time>2020-07-17T11:03:30Z</time>
 </trkpt>
 <trkpt lat="62.178452471271157" lon="-7.106531141325831">
 <ele>396.15234375</ele>
 <time>2020-07-17T11:03:37Z</time>
 </trkpt>
 <trkpt lat="62.178519777953625" lon="-7.106379680335522">
 <ele>396</ele>
 <time>2020-07-17T11:03:44Z</time>
 </trkpt>
 <trkpt lat="62.17856302857399" lon="-7.106204247102141">
 <ele>395.95703125</ele>
 <time>2020-07-17T11:03:52Z</time>
 </trkpt>
 <trkpt lat="62.178582809865475" lon="-7.106001824140549">
 <ele>396.03125</ele>
 <time>2020-07-17T11:04:01Z</time>
 </trkpt>
 <trkpt lat="62.178636034950614" lon="-7.10593443363905">
 <ele>395.96875</ele>
 <time>2020-07-17T11:04:12Z</time>
 </trkpt>
 <trkpt lat="62.178693702444434" lon="-7.105760844424367">
 <ele>396.01953125</ele>
 <time>2020-07-17T11:04:21Z</time>
 </trkpt>
 <trkpt lat="62.178709460422397" lon="-7.105561858043075">
 <ele>396.20703125</ele>
 <time>2020-07-17T11:04:28Z</time>
 </trkpt>
 <trkpt lat="62.178704934194684" lon="-7.105357339605689">
 <ele>396.43359375</ele>
 <time>2020-07-17T11:04:36Z</time>
 </trkpt>
 <trkpt lat="62.178659588098526" lon="-7.105197245255113">
 <ele>396.6328125</ele>
 <time>2020-07-17T11:04:45Z</time>
 </trkpt>
 <trkpt lat="62.178586916998029" lon="-7.105063470080495">
 <ele>396.79296875</ele>
 <time>2020-07-17T11:04:54Z</time>
 </trkpt>
 <trkpt lat="62.17852539382875" lon="-7.104904046282172">
 <ele>396.9453125</ele>
 <time>2020-07-17T11:05:02Z</time>
 </trkpt>
 <trkpt lat="62.178458254784346" lon="-7.104755016043782">
 <ele>397.12109375</ele>
 <time>2020-07-17T11:05:10Z</time>
 </trkpt>
 <trkpt lat="62.178396647796035" lon="-7.104616966098547">
 <ele>397.28515625</ele>
 <time>2020-07-17T11:05:18Z</time>
 </trkpt>
 <trkpt lat="62.178315343335271" lon="-7.104492243379355">
 <ele>397.36328125</ele>
 <time>2020-07-17T11:05:35Z</time>
 </trkpt>
 <trkpt lat="62.178384242579341" lon="-7.104516215622425">
 <ele>397.40234375</ele>
 <time>2020-07-17T11:05:55Z</time>
 </trkpt>
 <trkpt lat="62.178394049406052" lon="-7.104545552283526">
 <ele>397.375</ele>
 <time>2020-07-17T11:07:09Z</time>
 </trkpt>
 <trkpt lat="62.17833143658936" lon="-7.104472042992711">
 <ele>397.40234375</ele>
 <time>2020-07-17T11:07:24Z</time>
 </trkpt>
 <trkpt lat="62.178328251466155" lon="-7.104264590889216">
 <ele>397.62890625</ele>
 <time>2020-07-17T11:07:31Z</time>
 </trkpt>
 <trkpt lat="62.178338645026088" lon="-7.104051019996405">
 <ele>397.8828125</ele>
 <time>2020-07-17T11:07:38Z</time>
 </trkpt>
 <trkpt lat="62.178348870947957" lon="-7.103838371112943">
 <ele>398.15234375</ele>
 <time>2020-07-17T11:07:45Z</time>
 </trkpt>
 <trkpt lat="62.178363539278507" lon="-7.103618429973722">
 <ele>398.45703125</ele>
 <time>2020-07-17T11:07:52Z</time>
 </trkpt>
 <trkpt lat="62.178396480157971" lon="-7.103414246812463">
 <ele>398.8359375</ele>
 <time>2020-07-17T11:07:59Z</time>
 </trkpt>
 <trkpt lat="62.178422464057803" lon="-7.103218697011471">
 <ele>399.2109375</ele>
 <time>2020-07-17T11:08:06Z</time>
 </trkpt>
 <trkpt lat="62.17843503691256" lon="-7.103008311241865">
 <ele>399.6796875</ele>
 <time>2020-07-17T11:08:13Z</time>
 </trkpt>
 <trkpt lat="62.178440820425749" lon="-7.102818880230188">
 <ele>400.11328125</ele>
 <time>2020-07-17T11:08:21Z</time>
 </trkpt>
 <trkpt lat="62.178439563140273" lon="-7.102602543309331">
 <ele>400.56640625</ele>
 <time>2020-07-17T11:08:29Z</time>
 </trkpt>
 <trkpt lat="62.178423721343279" lon="-7.102405317127705">
 <ele>400.85546875</ele>
 <time>2020-07-17T11:08:36Z</time>
 </trkpt>
 <trkpt lat="62.178413830697536" lon="-7.102187471464276">
 <ele>401.4765625</ele>
 <time>2020-07-17T11:08:43Z</time>
 </trkpt>
 <trkpt lat="62.178401593118906" lon="-7.101961160078645">
 <ele>402.20703125</ele>
 <time>2020-07-17T11:08:50Z</time>
 </trkpt>
 <trkpt lat="62.178386840969324" lon="-7.101735770702362">
 <ele>402.89453125</ele>
 <time>2020-07-17T11:08:57Z</time>
 </trkpt>
 <trkpt lat="62.178367814049125" lon="-7.101538293063641">
 <ele>403.4140625</ele>
 <time>2020-07-17T11:09:03Z</time>
 </trkpt>
 <trkpt lat="62.178383572027087" lon="-7.101346598938108">
 <ele>404.19140625</ele>
 <time>2020-07-17T11:09:09Z</time>
 </trkpt>
 <trkpt lat="62.178352056071162" lon="-7.101155826821923">
 <ele>404.390625</ele>
 <time>2020-07-17T11:09:16Z</time>
 </trkpt>
 <trkpt lat="62.178346859291196" lon="-7.100977124646306">
 <ele>404.84765625</ele>
 <time>2020-07-17T11:09:24Z</time>
 </trkpt>
 <trkpt lat="62.178332945331931" lon="-7.100771432742477">
 <ele>405.25390625</ele>
 <time>2020-07-17T11:09:31Z</time>
 </trkpt>
 <trkpt lat="62.178304782137275" lon="-7.100586611777544">
 <ele>405.32421875</ele>
 <time>2020-07-17T11:09:39Z</time>
 </trkpt>
 <trkpt lat="62.178307715803385" lon="-7.100397348403931">
 <ele>405.7890625</ele>
 <time>2020-07-17T11:09:45Z</time>
 </trkpt>
 <trkpt lat="62.178284749388695" lon="-7.100214455276728">
 <ele>405.8359375</ele>
 <time>2020-07-17T11:09:52Z</time>
 </trkpt>
 <trkpt lat="62.178248874843121" lon="-7.100020330399275">
 <ele>405.671875</ele>
 <time>2020-07-17T11:09:59Z</time>
 </trkpt>
 <trkpt lat="62.178223729133606" lon="-7.099814722314477">
 <ele>405.6640625</ele>
 <time>2020-07-17T11:10:06Z</time>
 </trkpt>
 <trkpt lat="62.178204702213407" lon="-7.099614562466741">
 <ele>405.65625</ele>
 <time>2020-07-17T11:10:14Z</time>
 </trkpt>
 <trkpt lat="62.17814720235765" lon="-7.099445080384612">
 <ele>404.921875</ele>
 <time>2020-07-17T11:10:23Z</time>
 </trkpt>
 <trkpt lat="62.17811057344079" lon="-7.099264282733202">
 <ele>404.546875</ele>
 <time>2020-07-17T11:10:30Z</time>
 </trkpt>
 <trkpt lat="62.178070340305567" lon="-7.099077282473445">
 <ele>404.09375</ele>
 <time>2020-07-17T11:10:37Z</time>
 </trkpt>
 <trkpt lat="62.178009487688541" lon="-7.098913583904505">
 <ele>403.125</ele>
 <time>2020-07-17T11:10:44Z</time>
 </trkpt>
 <trkpt lat="62.177968500182033" lon="-7.098737647756934">
 <ele>402.38671875</ele>
 <time>2020-07-17T11:10:51Z</time>
 </trkpt>
 <trkpt lat="62.177949724718928" lon="-7.0985390804708">
 <ele>402.01953125</ele>
 <time>2020-07-17T11:10:58Z</time>
 </trkpt>
 <trkpt lat="62.177934385836124" lon="-7.09834654815495">
 <ele>401.62109375</ele>
 <time>2020-07-17T11:11:04Z</time>
 </trkpt>
 <trkpt lat="62.177938409149647" lon="-7.09815208800137">
 <ele>401.7265625</ele>
 <time>2020-07-17T11:11:10Z</time>
 </trkpt>
 <trkpt lat="62.177951652556658" lon="-7.097958466038108">
 <ele>402.06640625</ele>
 <time>2020-07-17T11:11:17Z</time>
 </trkpt>
 <trkpt lat="62.177942683920264" lon="-7.097765682265163">
 <ele>401.83203125</ele>
 <time>2020-07-17T11:11:24Z</time>
 </trkpt>
 <trkpt lat="62.17792047187686" lon="-7.097563343122602">
 <ele>401.203125</ele>
 <time>2020-07-17T11:11:32Z</time>
 </trkpt>
 <trkpt lat="62.177908569574356" lon="-7.097373744472861">
 <ele>400.84375</ele>
 <time>2020-07-17T11:11:41Z</time>
 </trkpt>
 <trkpt lat="62.177862217649817" lon="-7.097211051732302">
 <ele>399.046875</ele>
 <time>2020-07-17T11:11:49Z</time>
 </trkpt>
 <trkpt lat="62.177789881825447" lon="-7.097055986523628">
 <ele>396.453125</ele>
 <time>2020-07-17T11:11:56Z</time>
 </trkpt>
 <trkpt lat="62.177734477445483" lon="-7.096894634887576">
 <ele>394.34765625</ele>
 <time>2020-07-17T11:12:03Z</time>
 </trkpt>
 <trkpt lat="62.177694495767355" lon="-7.096700174733996">
 <ele>392.59375</ele>
 <time>2020-07-17T11:12:10Z</time>
 </trkpt>
 <trkpt lat="62.17767228372395" lon="-7.096477383747697">
 <ele>391.22265625</ele>
 <time>2020-07-17T11:12:17Z</time>
 </trkpt>
 <trkpt lat="62.177679408341646" lon="-7.09627035073936">
 <ele>390.50390625</ele>
 <time>2020-07-17T11:12:23Z</time>
 </trkpt>
 <trkpt lat="62.177687538787723" lon="-7.096092822030187">
 <ele>389.94140625</ele>
 <time>2020-07-17T11:12:30Z</time>
 </trkpt>
 <trkpt lat="62.177658788859844" lon="-7.09591462276876">
 <ele>388.3828125</ele>
 <time>2020-07-17T11:12:36Z</time>
 </trkpt>
 <trkpt lat="62.177615370601416" lon="-7.095722341910005">
 <ele>386.390625</ele>
 <time>2020-07-17T11:12:43Z</time>
 </trkpt>
 <trkpt lat="62.177560217678547" lon="-7.095559649169445">
 <ele>384.38671875</ele>
 <time>2020-07-17T11:12:51Z</time>
 </trkpt>
 <trkpt lat="62.177515542134643" lon="-7.095385724678636">
 <ele>382.67578125</ele>
 <time>2020-07-17T11:13:13Z</time>
 </trkpt>
 <trkpt lat="62.177498275414109" lon="-7.095189336687326">
 <ele>381.61328125</ele>
 <time>2020-07-17T11:13:20Z</time>
 </trkpt>
 <trkpt lat="62.17746851965785" lon="-7.095013568177819">
 <ele>380.26171875</ele>
 <time>2020-07-17T11:13:27Z</time>
 </trkpt>
 <trkpt lat="62.177444798871875" lon="-7.094809804111719">
 <ele>379.0234375</ele>
 <time>2020-07-17T11:13:35Z</time>
 </trkpt>
 <trkpt lat="62.177417892962694" lon="-7.094604782760143">
 <ele>377.9453125</ele>
 <time>2020-07-17T11:13:45Z</time>
 </trkpt>
 <trkpt lat="62.177406745031476" lon="-7.094432367011905">
 <ele>377.36328125</ele>
 <time>2020-07-17T11:13:55Z</time>
 </trkpt>
 <trkpt lat="62.177394675090909" lon="-7.094247881323099">
 <ele>376.7421875</ele>
 <time>2020-07-17T11:14:03Z</time>
 </trkpt>
 <trkpt lat="62.177378078922629" lon="-7.094064317643642">
 <ele>376.0078125</ele>
 <time>2020-07-17T11:14:12Z</time>
 </trkpt>
 <trkpt lat="62.177363159134984" lon="-7.093853680416942">
 <ele>375.28515625</ele>
 <time>2020-07-17T11:14:21Z</time>
 </trkpt>
 <trkpt lat="62.1773795876652" lon="-7.093653101474047">
 <ele>375.3984375</ele>
 <time>2020-07-17T11:14:27Z</time>
 </trkpt>
 <trkpt lat="62.177388807758689" lon="-7.093448415398598">
 <ele>375.30859375</ele>
 <time>2020-07-17T11:14:34Z</time>
 </trkpt>
 <trkpt lat="62.177391909062862" lon="-7.093254709616303">
 <ele>375.08203125</ele>
 <time>2020-07-17T11:14:40Z</time>
 </trkpt>
 <trkpt lat="62.17739911749959" lon="-7.093068128451705">
 <ele>375.26953125</ele>
 <time>2020-07-17T11:14:46Z</time>
 </trkpt>
 <trkpt lat="62.177411857992411" lon="-7.092879367992282">
 <ele>375.796875</ele>
 <time>2020-07-17T11:14:52Z</time>
 </trkpt>
 <trkpt lat="62.177418814972043" lon="-7.092680968344212">
 <ele>376.1796875</ele>
 <time>2020-07-17T11:14:59Z</time>
 </trkpt>
 <trkpt lat="62.177396602928638" lon="-7.092485670000315">
 <ele>375.8984375</ele>
 <time>2020-07-17T11:15:07Z</time>
 </trkpt>
 <trkpt lat="62.17737715691328" lon="-7.092265645042062">
 <ele>375.61328125</ele>
 <time>2020-07-17T11:15:14Z</time>
 </trkpt>
 <trkpt lat="62.177373385056853" lon="-7.092055510729551">
 <ele>375.45703125</ele>
 <time>2020-07-17T11:15:21Z</time>
 </trkpt>
 <trkpt lat="62.177370367571712" lon="-7.091852249577642">
 <ele>375.31640625</ele>
 <time>2020-07-17T11:15:28Z</time>
 </trkpt>
 <trkpt lat="62.177353855222464" lon="-7.091668685898185">
 <ele>374.91015625</ele>
 <time>2020-07-17T11:15:35Z</time>
 </trkpt>
 <trkpt lat="62.177390735596418" lon="-7.091471375897527">
 <ele>375.640625</ele>
 <time>2020-07-17T11:15:42Z</time>
 </trkpt>
 <trkpt lat="62.177408169955015" lon="-7.091277586296201">
 <ele>376.1484375</ele>
 <time>2020-07-17T11:15:48Z</time>
 </trkpt>
 <trkpt lat="62.177422503009439" lon="-7.091084215790033">
 <ele>376.58203125</ele>
 <time>2020-07-17T11:15:54Z</time>
 </trkpt>
 <trkpt lat="62.177439518272877" lon="-7.090879529714584">
 <ele>377.0703125</ele>
 <time>2020-07-17T11:16:01Z</time>
 </trkpt>
 <trkpt lat="62.177452761679888" lon="-7.090669563040137">
 <ele>377.45703125</ele>
 <time>2020-07-17T11:16:08Z</time>
 </trkpt>
 <trkpt lat="62.177452342584729" lon="-7.090463452041149">
 <ele>377.203125</ele>
 <time>2020-07-17T11:16:15Z</time>
 </trkpt>
 <trkpt lat="62.177470196038485" lon="-7.09027343429625">
 <ele>377.31640625</ele>
 <time>2020-07-17T11:16:24Z</time>
 </trkpt>
 <trkpt lat="62.177481427788734" lon="-7.090081572532654">
 <ele>377.3046875</ele>
 <time>2020-07-17T11:16:32Z</time>
 </trkpt>
 <trkpt lat="62.177497269585729" lon="-7.089891470968723">
 <ele>377.37890625</ele>
 <time>2020-07-17T11:16:40Z</time>
 </trkpt>
 <trkpt lat="62.177489474415779" lon="-7.089698016643524">
 <ele>377.09375</ele>
 <time>2020-07-17T11:16:47Z</time>
 </trkpt>
 <trkpt lat="62.177526690065861" lon="-7.089500706642866">
 <ele>377.6875</ele>
 <time>2020-07-17T11:16:55Z</time>
 </trkpt>
 <trkpt lat="62.177597098052502" lon="-7.089358549565077">
 <ele>378.90625</ele>
 <time>2020-07-17T11:17:04Z</time>
 </trkpt>
 <trkpt lat="62.177626937627792" lon="-7.089162915945053">
 <ele>379.3125</ele>
 <time>2020-07-17T11:17:12Z</time>
 </trkpt>
 <trkpt lat="62.177657866850495" lon="-7.088954541832209">
 <ele>379.71484375</ele>
 <time>2020-07-17T11:17:21Z</time>
 </trkpt>
 <trkpt lat="62.17767077498138" lon="-7.088749101385474">
 <ele>379.78125</ele>
 <time>2020-07-17T11:17:29Z</time>
 </trkpt>
 <trkpt lat="62.177653172984719" lon="-7.088550450280309">
 <ele>379.31640625</ele>
 <time>2020-07-17T11:17:39Z</time>
 </trkpt>
 <trkpt lat="62.177657447755337" lon="-7.088368646800518">
 <ele>379.25</ele>
 <time>2020-07-17T11:17:52Z</time>
 </trkpt>
 <trkpt lat="62.177659878507257" lon="-7.08817720413208">
 <ele>379.13671875</ele>
 <time>2020-07-17T11:18:02Z</time>
 </trkpt>
 <trkpt lat="62.177675133571029" lon="-7.087982073426247">
 <ele>379.078125</ele>
 <time>2020-07-17T11:18:15Z</time>
 </trkpt>
 <trkpt lat="62.177658705040812" lon="-7.087916610762477">
 <ele>378.7109375</ele>
 <time>2020-07-17T11:19:04Z</time>
 </trkpt>
 <trkpt lat="62.17767127789557" lon="-7.087788702920079">
 <ele>378.70703125</ele>
 <time>2020-07-17T11:21:03Z</time>
 </trkpt>
 <trkpt lat="62.17766054905951" lon="-7.08758401684463">
 <ele>378.21484375</ele>
 <time>2020-07-17T11:21:12Z</time>
 </trkpt>
 <trkpt lat="62.177708996459842" lon="-7.087419563904405">
 <ele>378.66796875</ele>
 <time>2020-07-17T11:21:21Z</time>
 </trkpt>
 <trkpt lat="62.177714444696903" lon="-7.087178332731128">
 <ele>378.73828125</ele>
 <time>2020-07-17T11:21:33Z</time>
 </trkpt>
 <trkpt lat="62.177761131897569" lon="-7.086929809302092">
 <ele>379.5234375</ele>
 <time>2020-07-17T11:21:41Z</time>
 </trkpt>
 <trkpt lat="62.177788037806749" lon="-7.086754376068711">
 <ele>379.9609375</ele>
 <time>2020-07-17T11:21:49Z</time>
 </trkpt>
 <trkpt lat="62.177861714735627" lon="-7.08648749627173">
 <ele>380.99609375</ele>
 <time>2020-07-17T11:21:56Z</time>
 </trkpt>
 <trkpt lat="62.177912006154656" lon="-7.086286498233676">
 <ele>381.859375</ele>
 <time>2020-07-17T11:22:03Z</time>
 </trkpt>
 <trkpt lat="62.177951568737626" lon="-7.086158590391278">
 <ele>382.46875</ele>
 <time>2020-07-17T11:22:11Z</time>
 </trkpt>
 <trkpt lat="62.177980318665504" lon="-7.085917359218001">
 <ele>383.15625</ele>
 <time>2020-07-17T11:22:19Z</time>
 </trkpt>
 <trkpt lat="62.178041422739625" lon="-7.085723653435707">
 <ele>384.18359375</ele>
 <time>2020-07-17T11:22:27Z</time>
 </trkpt>
 <trkpt lat="62.178102442994714" lon="-7.08550438284874">
 <ele>385.37890625</ele>
 <time>2020-07-17T11:22:35Z</time>
 </trkpt>
 <trkpt lat="62.178147369995713" lon="-7.085314281284809">
 <ele>386.296875</ele>
 <time>2020-07-17T11:22:43Z</time>
 </trkpt>
 <trkpt lat="62.178172515705228" lon="-7.085102302953601">
 <ele>386.97265625</ele>
 <time>2020-07-17T11:22:51Z</time>
 </trkpt>
 <trkpt lat="62.17813840135932" lon="-7.084915889427066">
 <ele>386.92578125</ele>
 <time>2020-07-17T11:22:57Z</time>
 </trkpt>
 <trkpt lat="62.17812767252326" lon="-7.084418842568994">
 <ele>388.26171875</ele>
 <time>2020-07-17T11:23:03Z</time>
 </trkpt>
 <trkpt lat="62.178171761333942" lon="-7.084031347185373">
 <ele>389.83203125</ele>
 <time>2020-07-17T11:23:31Z</time>
 </trkpt>
 <trkpt lat="62.178204115480185" lon="-7.083874186500907">
 <ele>390.3828125</ele>
 <time>2020-07-17T11:23:38Z</time>
 </trkpt>
 <trkpt lat="62.178223896771669" lon="-7.083790116012096">
 <ele>390.67578125</ele>
 <time>2020-07-17T11:23:45Z</time>
 </trkpt>
 <trkpt lat="62.178288521245122" lon="-7.083512339740992">
 <ele>391.57421875</ele>
 <time>2020-07-17T11:23:52Z</time>
 </trkpt>
 <trkpt lat="62.178331688046455" lon="-7.083333302289248">
 <ele>392.10546875</ele>
 <time>2020-07-17T11:23:59Z</time>
 </trkpt>
 <trkpt lat="62.178403520956635" lon="-7.083139596506953">
 <ele>392.75390625</ele>
 <time>2020-07-17T11:24:06Z</time>
 </trkpt>
 <trkpt lat="62.178493374958634" lon="-7.082887385040522">
 <ele>393.39453125</ele>
 <time>2020-07-17T11:24:16Z</time>
 </trkpt>
 <trkpt lat="62.178599908947945" lon="-7.08273584023118">
 <ele>394.02734375</ele>
 <time>2020-07-17T11:24:24Z</time>
 </trkpt>
 <trkpt lat="62.178648440167308" lon="-7.082544313743711">
 <ele>394.32421875</ele>
 <time>2020-07-17T11:24:32Z</time>
 </trkpt>
 <trkpt lat="62.178586749359965" lon="-7.082584043964744">
 <ele>394</ele>
 <time>2020-07-17T11:24:40Z</time>
 </trkpt>
 <trkpt lat="62.178632514551282" lon="-7.082382878288627">
 <ele>394.27734375</ele>
 <time>2020-07-17T11:24:47Z</time>
 </trkpt>
 <trkpt lat="62.178609212860465" lon="-7.08211968652904">
 <ele>394.2890625</ele>
 <time>2020-07-17T11:24:53Z</time>
 </trkpt>
 <trkpt lat="62.178677441552281" lon="-7.081684749573469">
 <ele>394.69921875</ele>
 <time>2020-07-17T11:24:59Z</time>
 </trkpt>
 <trkpt lat="62.178826555609703" lon="-7.081403369084001">
 <ele>394.984375</ele>
 <time>2020-07-17T11:25:19Z</time>
 </trkpt>
 <trkpt lat="62.178993690758944" lon="-7.081154845654964">
 <ele>394.77734375</ele>
 <time>2020-07-17T11:25:31Z</time>
 </trkpt>
 <trkpt lat="62.179140960797668" lon="-7.080902634188533">
 <ele>394.36328125</ele>
 <time>2020-07-17T11:25:37Z</time>
 </trkpt>
 <trkpt lat="62.179218241944909" lon="-7.080727200955153">
 <ele>394.00390625</ele>
 <time>2020-07-17T11:25:43Z</time>
 </trkpt>
 <trkpt lat="62.179291918873787" lon="-7.080474989488721">
 <ele>393.46484375</ele>
 <time>2020-07-17T11:25:50Z</time>
 </trkpt>
 <trkpt lat="62.179394345730543" lon="-7.079871911555529">
 <ele>392.08984375</ele>
 <time>2020-07-17T11:26:30Z</time>
 </trkpt>
 <trkpt lat="62.179509261623025" lon="-7.079195743426681">
 <ele>390.125</ele>
 <time>2020-07-17T11:27:07Z</time>
 </trkpt>
 <trkpt lat="62.179557792842388" lon="-7.079023998230696">
 <ele>389.41796875</ele>
 <time>2020-07-17T11:27:14Z</time>
 </trkpt>
 <trkpt lat="62.1796297095716" lon="-7.078826604411006">
 <ele>388.3984375</ele>
 <time>2020-07-17T11:27:21Z</time>
 </trkpt>
 <trkpt lat="62.179762646555901" lon="-7.078223526477814">
 <ele>385.5</ele>
 <time>2020-07-17T11:27:52Z</time>
 </trkpt>
 <trkpt lat="62.179811932146549" lon="-7.078002411872149">
 <ele>384.421875</ele>
 <time>2020-07-17T11:27:59Z</time>
 </trkpt>
 <trkpt lat="62.17982810921967" lon="-7.077896380797029">
 <ele>383.9921875</ele>
 <time>2020-07-17T11:28:06Z</time>
 </trkpt>
 <trkpt lat="62.179860463365912" lon="-7.077691778540611">
 <ele>383.15234375</ele>
 <time>2020-07-17T11:28:13Z</time>
 </trkpt>
 <trkpt lat="62.179887369275093" lon="-7.07752363756299">
 <ele>382.45703125</ele>
 <time>2020-07-17T11:28:20Z</time>
 </trkpt>
 <trkpt lat="62.179901786148548" lon="-7.07734820432961">
 <ele>381.88671875</ele>
 <time>2020-07-17T11:28:27Z</time>
 </trkpt>
 <trkpt lat="62.179901786148548" lon="-7.077176375314593">
 <ele>381.6796875</ele>
 <time>2020-07-17T11:28:34Z</time>
 </trkpt>
 <trkpt lat="62.17990530654788" lon="-7.076986357569695">
 <ele>381.4140625</ele>
 <time>2020-07-17T11:28:46Z</time>
 </trkpt>
 <trkpt lat="62.179892733693123" lon="-7.076774379238486">
 <ele>381.296875</ele>
 <time>2020-07-17T11:28:54Z</time>
 </trkpt>
 <trkpt lat="62.179917879402637" lon="-7.076569693163037">
 <ele>380.77734375</ele>
 <time>2020-07-17T11:29:01Z</time>
 </trkpt>
 <trkpt lat="62.180004129186273" lon="-7.076460057869554">
 <ele>379.9375</ele>
 <time>2020-07-17T11:29:10Z</time>
 </trkpt>
 <trkpt lat="62.180047295987606" lon="-7.076339442282915">
 <ele>379.76171875</ele>
 <time>2020-07-17T11:29:22Z</time>
 </trkpt>
 <trkpt lat="62.180072441697121" lon="-7.076120087876916">
 <ele>380.015625</ele>
 <time>2020-07-17T11:29:29Z</time>
 </trkpt>
 <trkpt lat="62.180108400061727" lon="-7.075915401801467">
 <ele>380.1171875</ele>
 <time>2020-07-17T11:29:36Z</time>
 </trkpt>
 <trkpt lat="62.180146118625998" lon="-7.075692526996136">
 <ele>380.24609375</ele>
 <time>2020-07-17T11:29:42Z</time>
 </trkpt>
 <trkpt lat="62.180237732827663" lon="-7.075462192296982">
 <ele>380.1484375</ele>
 <time>2020-07-17T11:29:49Z</time>
 </trkpt>
 <trkpt lat="62.180350888520479" lon="-7.07523194141686">
 <ele>379.75</ele>
 <time>2020-07-17T11:29:56Z</time>
 </trkpt>
 <trkpt lat="62.180442502722144" lon="-7.075166143476963">
 <ele>378.9375</ele>
 <time>2020-07-17T11:30:03Z</time>
 </trkpt>
 <trkpt lat="62.180493716150522" lon="-7.075010659173131">
 <ele>379.05078125</ele>
 <time>2020-07-17T11:30:11Z</time>
 </trkpt>
 <trkpt lat="62.18052196316421" lon="-7.07480245269835">
 <ele>379.68359375</ele>
 <time>2020-07-17T11:30:18Z</time>
 </trkpt>
 <trkpt lat="62.180580971762538" lon="-7.074634144082665">
 <ele>380.12109375</ele>
 <time>2020-07-17T11:30:27Z</time>
 </trkpt>
 <trkpt lat="62.180642243474722" lon="-7.074457285925746">
 <ele>380.53125</ele>
 <time>2020-07-17T11:30:37Z</time>
 </trkpt>
 <trkpt lat="62.180703096091747" lon="-7.074295599013567">
 <ele>380.80078125</ele>
 <time>2020-07-17T11:30:45Z</time>
 </trkpt>
 <trkpt lat="62.180761517956853" lon="-7.074131732806563">
 <ele>381.05078125</ele>
 <time>2020-07-17T11:30:55Z</time>
 </trkpt>
 <trkpt lat="62.180847264826298" lon="-7.07398789934814">
 <ele>380.953125</ele>
 <time>2020-07-17T11:31:08Z</time>
 </trkpt>
 <trkpt lat="62.180918846279383" lon="-7.073832163587213">
 <ele>381.37890625</ele>
 <time>2020-07-17T11:31:18Z</time>
 </trkpt>
 <trkpt lat="62.180983638390899" lon="-7.073683636263013">
 <ele>381.796875</ele>
 <time>2020-07-17T11:31:28Z</time>
 </trkpt>
 <trkpt lat="62.181004257872701" lon="-7.073469394817948">
 <ele>383.19140625</ele>
 <time>2020-07-17T11:31:41Z</time>
 </trkpt>
 <trkpt lat="62.18103158287704" lon="-7.07326571457088">
 <ele>384.4140625</ele>
 <time>2020-07-17T11:31:51Z</time>
 </trkpt>
 <trkpt lat="62.181075923144817" lon="-7.073075361549854">
 <ele>385.4140625</ele>
 <time>2020-07-17T11:31:59Z</time>
 </trkpt>
 <trkpt lat="62.181133087724447" lon="-7.072895066812635">
 <ele>386.14453125</ele>
 <time>2020-07-17T11:32:06Z</time>
 </trkpt>
 <trkpt lat="62.181196957826614" lon="-7.07274628803134">
 <ele>386.41015625</ele>
 <time>2020-07-17T11:32:12Z</time>
 </trkpt>
 <trkpt lat="62.181277005001903" lon="-7.072635730728507">
 <ele>386.04296875</ele>
 <time>2020-07-17T11:32:19Z</time>
 </trkpt>
 <trkpt lat="62.181348586454988" lon="-7.072484437376261">
 <ele>386.1796875</ele>
 <time>2020-07-17T11:32:27Z</time>
 </trkpt>
 <trkpt lat="62.181395776569843" lon="-7.072328953072429">
 <ele>386.95703125</ele>
 <time>2020-07-17T11:32:36Z</time>
 </trkpt>
 <trkpt lat="62.181466100737453" lon="-7.072226190939546">
 <ele>387.69921875</ele>
 <time>2020-07-17T11:32:46Z</time>
 </trkpt>
 <trkpt lat="62.181523181498051" lon="-7.072052014991641">
 <ele>389.6484375</ele>
 <time>2020-07-17T11:32:55Z</time>
 </trkpt>
 <trkpt lat="62.181602641940117" lon="-7.071936512365937">
 <ele>390.1484375</ele>
 <time>2020-07-17T11:33:06Z</time>
 </trkpt>
 <trkpt lat="62.181690819561481" lon="-7.071813130751252">
 <ele>390.4453125</ele>
 <time>2020-07-17T11:33:13Z</time>
 </trkpt>
 <trkpt lat="62.181760808452964" lon="-7.071665022522211">
 <ele>391.2421875</ele>
 <time>2020-07-17T11:33:20Z</time>
 </trkpt>
 <trkpt lat="62.181825349107385" lon="-7.071501659229398">
 <ele>392.36328125</ele>
 <time>2020-07-17T11:33:27Z</time>
 </trkpt>
 <trkpt lat="62.181887039914727" lon="-7.071320610120893">
 <ele>394.7734375</ele>
 <time>2020-07-17T11:33:35Z</time>
 </trkpt>
 <trkpt lat="62.181965578347445" lon="-7.071187421679497">
 <ele>395.46484375</ele>
 <time>2020-07-17T11:33:42Z</time>
 </trkpt>
 <trkpt lat="62.182035483419895" lon="-7.071038642898202">
 <ele>396.34765625</ele>
 <time>2020-07-17T11:33:51Z</time>
 </trkpt>
 <trkpt lat="62.182124750688672" lon="-7.070951387286186">
 <ele>395.40234375</ele>
 <time>2020-07-17T11:33:58Z</time>
 </trkpt>
 <trkpt lat="62.182218628004193" lon="-7.070868657901883">
 <ele>394.87890625</ele>
 <time>2020-07-17T11:34:05Z</time>
 </trkpt>
 <trkpt lat="62.182316109538078" lon="-7.070802440866828">
 <ele>393.91015625</ele>
 <time>2020-07-17T11:34:12Z</time>
 </trkpt>
 <trkpt lat="62.18237042427063" lon="-7.070758771151304">
 <ele>393.43359375</ele>
 <time>2020-07-17T11:34:52Z</time>
 </trkpt>
 <trkpt lat="62.182458015158772" lon="-7.070660032331944">
 <ele>393.1875</ele>
 <time>2020-07-17T11:35:00Z</time>
 </trkpt>
 <trkpt lat="62.182526662945747" lon="-7.070517288520932">
 <ele>394.41796875</ele>
 <time>2020-07-17T11:35:11Z</time>
 </trkpt>
 <trkpt lat="62.182596316561103" lon="-7.070343866944313">
 <ele>395.90234375</ele>
 <time>2020-07-17T11:35:20Z</time>
 </trkpt>
 <trkpt lat="62.182685667648911" lon="-7.070252001285553">
 <ele>395.08203125</ele>
 <time>2020-07-17T11:35:30Z</time>
 </trkpt>
 <trkpt lat="62.182764876633883" lon="-7.070129960775375">
 <ele>394.796875</ele>
 <time>2020-07-17T11:35:37Z</time>
 </trkpt>
 <trkpt lat="62.182853054255247" lon="-7.070005740970373">
 <ele>393.984375</ele>
 <time>2020-07-17T11:35:44Z</time>
 </trkpt>
 <trkpt lat="62.182928156107664" lon="-7.069843802601099">
 <ele>393.79296875</ele>
 <time>2020-07-17T11:35:52Z</time>
 </trkpt>
 <trkpt lat="62.183008287101984" lon="-7.069753697142005">
 <ele>392.6171875</ele>
 <time>2020-07-17T11:36:01Z</time>
 </trkpt>
 <trkpt lat="62.183065367862582" lon="-7.069595782086253">
 <ele>392.9453125</ele>
 <time>2020-07-17T11:36:08Z</time>
 </trkpt>
 <trkpt lat="62.18313368037343" lon="-7.069435939192772">
 <ele>392.82421875</ele>
 <time>2020-07-17T11:36:15Z</time>
 </trkpt>
 <trkpt lat="62.183186570182443" lon="-7.069250028580427">
 <ele>393.3359375</ele>
 <time>2020-07-17T11:36:22Z</time>
 </trkpt>
 <trkpt lat="62.183212134987116" lon="-7.069060513749719">
 <ele>394.65625</ele>
 <time>2020-07-17T11:36:29Z</time>
 </trkpt>
 <trkpt lat="62.183233508840203" lon="-7.068874603137374">
 <ele>395.234375</ele>
 <time>2020-07-17T11:36:36Z</time>
 </trkpt>
 <trkpt lat="62.183244237676263" lon="-7.068649716675282">
 <ele>396.2265625</ele>
 <time>2020-07-17T11:36:47Z</time>
 </trkpt>
 <trkpt lat="62.183272736147046" lon="-7.0684571005404">
 <ele>396.421875</ele>
 <time>2020-07-17T11:37:00Z</time>
 </trkpt>
 <trkpt lat="62.183297798037529" lon="-7.068245122209191">
 <ele>396.8515625</ele>
 <time>2020-07-17T11:37:36Z</time>
 </trkpt>
 <trkpt lat="62.183317663148046" lon="-7.068058708682656">
 <ele>396.4609375</ele>
 <time>2020-07-17T11:37:43Z</time>
 </trkpt>
 <trkpt lat="62.183319758623838" lon="-7.067856453359127">
 <ele>396.34375</ele>
 <time>2020-07-17T11:37:51Z</time>
 </trkpt>
 <trkpt lat="62.18331397511065" lon="-7.067659394815564">
 <ele>396.47265625</ele>
 <time>2020-07-17T11:38:02Z</time>
 </trkpt>
 <trkpt lat="62.183286147192121" lon="-7.0674710534513">
 <ele>397.23828125</ele>
 <time>2020-07-17T11:38:11Z</time>
 </trkpt>
 <trkpt lat="62.183250775560737" lon="-7.067284807562828">
 <ele>397.96875</ele>
 <time>2020-07-17T11:38:30Z</time>
 </trkpt>
 <trkpt lat="62.183186318725348" lon="-7.067132256925106">
 <ele>399.32421875</ele>
 <time>2020-07-17T11:38:38Z</time>
 </trkpt>
 <trkpt lat="62.183141140267253" lon="-7.066931007429957">
 <ele>399.94140625</ele>
 <time>2020-07-17T11:38:49Z</time>
 </trkpt>
 <trkpt lat="62.183117168024182" lon="-7.066734367981553">
 <ele>399.9609375</ele>
 <time>2020-07-17T11:38:58Z</time>
 </trkpt>
 <trkpt lat="62.183080622926354" lon="-7.066557928919792">
 <ele>400.37890625</ele>
 <time>2020-07-17T11:39:06Z</time>
 </trkpt>
 <trkpt lat="62.183047346770763" lon="-7.066372185945511">
 <ele>399.91015625</ele>
 <time>2020-07-17T11:39:14Z</time>
 </trkpt>
 <trkpt lat="62.182966712862253" lon="-7.066216953098774">
 <ele>400.8203125</ele>
 <time>2020-07-17T11:39:28Z</time>
 </trkpt>
 <trkpt lat="62.182905022054911" lon="-7.066062474623323">
 <ele>400.95703125</ele>
 <time>2020-07-17T11:39:36Z</time>
 </trkpt>
 <trkpt lat="62.182833692058921" lon="-7.065936662256718">
 <ele>401.33984375</ele>
 <time>2020-07-17T11:39:45Z</time>
 </trkpt>
 <trkpt lat="62.182763535529375" lon="-7.065770197659731">
 <ele>401.2109375</ele>
 <time>2020-07-17T11:40:00Z</time>
 </trkpt>
 <trkpt lat="62.182722464203835" lon="-7.065561823546886">
 <ele>399.72265625</ele>
 <time>2020-07-17T11:40:12Z</time>
 </trkpt>
 <trkpt lat="62.182706873863935" lon="-7.065347079187632">
 <ele>397.47265625</ele>
 <time>2020-07-17T11:40:20Z</time>
 </trkpt>
 <trkpt lat="62.182691618800163" lon="-7.065150439739227">
 <ele>395.3984375</ele>
 <time>2020-07-17T11:40:28Z</time>
 </trkpt>
 <trkpt lat="62.182726571336389" lon="-7.064932929351926">
 <ele>392.25390625</ele>
 <time>2020-07-17T11:40:41Z</time>
 </trkpt>
 <trkpt lat="62.182770660147071" lon="-7.064737966284156">
 <ele>389.09375</ele>
 <time>2020-07-17T11:41:15Z</time>
 </trkpt>
 <trkpt lat="62.182782478630543" lon="-7.064580302685499">
 <ele>386.828125</ele>
 <time>2020-07-17T11:44:04Z</time>
 </trkpt>
 <trkpt lat="62.182775605469942" lon="-7.064382825046778">
 <ele>384.32421875</ele>
 <time>2020-07-17T11:44:11Z</time>
 </trkpt>
 <trkpt lat="62.182773090898991" lon="-7.064179396256805">
 <ele>381.6796875</ele>
 <time>2020-07-17T11:44:22Z</time>
 </trkpt>
 <trkpt lat="62.182794129475951" lon="-7.063992395997047">
 <ele>378.94140625</ele>
 <time>2020-07-17T11:44:30Z</time>
 </trkpt>
 <trkpt lat="62.182772168889642" lon="-7.063796259462833">
 <ele>377.02734375</ele>
 <time>2020-07-17T11:44:38Z</time>
 </trkpt>
 <trkpt lat="62.182715171948075" lon="-7.063596518710256">
 <ele>375.69140625</ele>
 <time>2020-07-17T11:44:47Z</time>
 </trkpt>
 <trkpt lat="62.182638896629214" lon="-7.063447488471866">
 <ele>375.3203125</ele>
 <time>2020-07-17T11:44:56Z</time>
 </trkpt>
 <trkpt lat="62.182604027912021" lon="-7.06323710270226">
 <ele>373.6015625</ele>
 <time>2020-07-17T11:45:06Z</time>
 </trkpt>
 <trkpt lat="62.182572931051254" lon="-7.063036020845175">
 <ele>371.76953125</ele>
 <time>2020-07-17T11:45:14Z</time>
 </trkpt>
 <trkpt lat="62.182572595775127" lon="-7.062826808542013">
 <ele>369.23828125</ele>
 <time>2020-07-17T11:45:22Z</time>
 </trkpt>
 <trkpt lat="62.182562202215195" lon="-7.062625894322991">
 <ele>367.00390625</ele>
 <time>2020-07-17T11:45:29Z</time>
 </trkpt>
 <trkpt lat="62.182593969628215" lon="-7.062397236004472">
 <ele>363.58984375</ele>
 <time>2020-07-17T11:45:38Z</time>
 </trkpt>
 <trkpt lat="62.182604782283306" lon="-7.062197998166084">
 <ele>361.1328125</ele>
 <time>2020-07-17T11:45:50Z</time>
 </trkpt>
 <trkpt lat="62.182584330439568" lon="-7.061999347060919">
 <ele>359.3828125</ele>
 <time>2020-07-17T11:46:00Z</time>
 </trkpt>
 <trkpt lat="62.182559603825212" lon="-7.061802372336388">
 <ele>357.76953125</ele>
 <time>2020-07-17T11:46:09Z</time>
 </trkpt>
 <trkpt lat="62.182516856119037" lon="-7.061605816707015">
 <ele>356.59375</ele>
 <time>2020-07-17T11:46:19Z</time>
 </trkpt>
 <trkpt lat="62.182486597448587" lon="-7.061408506706357">
 <ele>354.79296875</ele>
 <time>2020-07-17T11:46:27Z</time>
 </trkpt>
 <trkpt lat="62.182451141998172" lon="-7.061217399314046">
 <ele>352.9921875</ele>
 <time>2020-07-17T11:46:37Z</time>
 </trkpt>
 <trkpt lat="62.182357516139746" lon="-7.061092341318727">
 <ele>353.47265625</ele>
 <time>2020-07-17T11:46:52Z</time>
 </trkpt>
 <trkpt lat="62.182270092889667" lon="-7.061041546985507">
 <ele>354.83984375</ele>
 <time>2020-07-17T11:47:03Z</time>
 </trkpt>
 <trkpt lat="62.182182334363461" lon="-7.06094984896481">
 <ele>355.68359375</ele>
 <time>2020-07-17T11:47:14Z</time>
 </trkpt>
 <trkpt lat="62.182103293016553" lon="-7.060836190357804">
 <ele>355.98046875</ele>
 <time>2020-07-17T11:47:25Z</time>
 </trkpt>
 <trkpt lat="62.18204353004694" lon="-7.060675090178847">
 <ele>354.8125</ele>
 <time>2020-07-17T11:47:36Z</time>
 </trkpt>
 <trkpt lat="62.182037411257625" lon="-7.060449281707406">
 <ele>351.4140625</ele>
 <time>2020-07-17T11:47:48Z</time>
 </trkpt>
 <trkpt lat="62.182057946920395" lon="-7.060235626995564">
 <ele>347.7421875</ele>
 <time>2020-07-17T11:48:03Z</time>
 </trkpt>
 <trkpt lat="62.182134976610541" lon="-7.060123225674033">
 <ele>344.5</ele>
 <time>2020-07-17T11:48:12Z</time>
 </trkpt>
 <trkpt lat="62.18221946619451" lon="-7.060027420520783">
 <ele>340.97265625</ele>
 <time>2020-07-17T11:48:36Z</time>
 </trkpt>
 <trkpt lat="62.182238828390837" lon="-7.059867577627301">
 <ele>338.015625</ele>
 <time>2020-07-17T11:48:51Z</time>
 </trkpt>
 <trkpt lat="62.182194320484996" lon="-7.059567337855697">
 <ele>334.109375</ele>
 <time>2020-07-17T11:58:05Z</time>
 </trkpt>
 <trkpt lat="62.182185351848602" lon="-7.059368267655373">
 <ele>331.01171875</ele>
 <time>2020-07-17T11:58:12Z</time>
 </trkpt>
 <trkpt lat="62.182171186432242" lon="-7.059150505810976">
 <ele>327.70703125</ele>
 <time>2020-07-17T11:58:20Z</time>
 </trkpt>
 <trkpt lat="62.18214662745595" lon="-7.058950429782271">
 <ele>325.00390625</ele>
 <time>2020-07-17T11:58:28Z</time>
 </trkpt>
 <trkpt lat="62.182129947468638" lon="-7.058752113953233">
 <ele>322.27734375</ele>
 <time>2020-07-17T11:58:37Z</time>
 </trkpt>
 <trkpt lat="62.182128774002194" lon="-7.058562096208334">
 <ele>319.3515625</ele>
 <time>2020-07-17T11:58:46Z</time>
 </trkpt>
 <trkpt lat="62.182148974388838" lon="-7.058375598862767">
 <ele>316.0703125</ele>
 <time>2020-07-17T11:58:59Z</time>
 </trkpt>
 <trkpt lat="62.182172359898686" lon="-7.058183066546917">
 <ele>312.71484375</ele>
 <time>2020-07-17T11:59:09Z</time>
 </trkpt>
 <trkpt lat="62.182200103998184" lon="-7.057997407391667">
 <ele>309.78515625</ele>
 <time>2020-07-17T11:59:20Z</time>
 </trkpt>
 <trkpt lat="62.182211335748434" lon="-7.057777969166637">
 <ele>306.71875</ele>
 <time>2020-07-17T11:59:29Z</time>
 </trkpt>
 <trkpt lat="62.182179903611541" lon="-7.057574288919568">
 <ele>304.59765625</ele>
 <time>2020-07-17T11:59:37Z</time>
 </trkpt>
 <trkpt lat="62.182166073471308" lon="-7.057395083829761">
 <ele>302.48046875</ele>
 <time>2020-07-17T11:59:46Z</time>
 </trkpt>
 <trkpt lat="62.182180155068636" lon="-7.057209005579352">
 <ele>299.7734375</ele>
 <time>2020-07-17T11:59:59Z</time>
 </trkpt>
 <trkpt lat="62.182196332141757" lon="-7.057008175179362">
 <ele>296.8203125</ele>
 <time>2020-07-17T12:00:07Z</time>
 </trkpt>
 <trkpt lat="62.182206138968468" lon="-7.056794939562678">
 <ele>293.8046875</ele>
 <time>2020-07-17T12:00:19Z</time>
 </trkpt>
 <trkpt lat="62.182222986593843" lon="-7.056600898504257">
 <ele>290.9140625</ele>
 <time>2020-07-17T12:00:30Z</time>
 </trkpt>
 <trkpt lat="62.182300183922052" lon="-7.056467877700925">
 <ele>288.01953125</ele>
 <time>2020-07-17T12:00:43Z</time>
 </trkpt>
 <trkpt lat="62.182323485612869" lon="-7.056297305971384">
 <ele>286.00390625</ele>
 <time>2020-07-17T12:00:54Z</time>
 </trkpt>
 <trkpt lat="62.182304123416543" lon="-7.056113574653864">
 <ele>284.67578125</ele>
 <time>2020-07-17T12:01:03Z</time>
 </trkpt>
 <trkpt lat="62.182330694049597" lon="-7.055920539423823">
 <ele>282.34375</ele>
 <time>2020-07-17T12:01:11Z</time>
 </trkpt>
 <trkpt lat="62.182359024882317" lon="-7.05572004429996">
 <ele>279.859375</ele>
 <time>2020-07-17T12:01:21Z</time>
 </trkpt>
 <trkpt lat="62.182405963540077" lon="-7.055622478947043">
 <ele>278.06640625</ele>
 <time>2020-07-17T12:02:55Z</time>
 </trkpt>
 <trkpt lat="62.182343350723386" lon="-7.055694228038192">
 <ele>279.96875</ele>
 <time>2020-07-17T12:05:09Z</time>
 </trkpt>
 <trkpt lat="62.182304291054606" lon="-7.055868152529001">
 <ele>282.40625</ele>
 <time>2020-07-17T12:05:30Z</time>
 </trkpt>
 <trkpt lat="62.182263974100351" lon="-7.056053895503283">
 <ele>284.93359375</ele>
 <time>2020-07-17T12:05:42Z</time>
 </trkpt>
 <trkpt lat="62.182243773713708" lon="-7.056254977360368">
 <ele>287.140625</ele>
 <time>2020-07-17T12:05:57Z</time>
 </trkpt>
 <trkpt lat="62.182220052927732" lon="-7.056483468040824">
 <ele>289.625</ele>
 <time>2020-07-17T12:06:40Z</time>
 </trkpt>
 <trkpt lat="62.182184429839253" lon="-7.056697038933635">
 <ele>292.8828125</ele>
 <time>2020-07-17T12:06:52Z</time>
 </trkpt>
 <trkpt lat="62.182165738195181" lon="-7.056903066113591">
 <ele>295.953125</ele>
 <time>2020-07-17T12:07:03Z</time>
 </trkpt>
 <trkpt lat="62.182153668254614" lon="-7.057120157405734">
 <ele>299.04296875</ele>
 <time>2020-07-17T12:07:14Z</time>
 </trkpt>
 <trkpt lat="62.182124331593513" lon="-7.057341020554304">
 <ele>302.46875</ele>
 <time>2020-07-17T12:07:28Z</time>
 </trkpt>
 <trkpt lat="62.182123996317387" lon="-7.057569427415729">
 <ele>305.48828125</ele>
 <time>2020-07-17T12:07:40Z</time>
 </trkpt>
 <trkpt lat="62.182146375998855" lon="-7.057751482352614">
 <ele>307.5</ele>
 <time>2020-07-17T12:07:48Z</time>
 </trkpt>
 <trkpt lat="62.182189039885998" lon="-7.057926999405026">
 <ele>309.05859375</ele>
 <time>2020-07-17T12:07:58Z</time>
 </trkpt>
 <trkpt lat="62.182154590263963" lon="-7.058075359091163">
 <ele>311.6171875</ele>
 <time>2020-07-17T12:08:16Z</time>
 </trkpt>
 <trkpt lat="62.182110669091344" lon="-7.058248613029718">
 <ele>314.80859375</ele>
 <time>2020-07-17T12:08:29Z</time>
 </trkpt>
 <trkpt lat="62.182119637727737" lon="-7.058470649644733">
 <ele>318.10546875</ele>
 <time>2020-07-17T12:08:46Z</time>
 </trkpt>
 <trkpt lat="62.182099604979157" lon="-7.058637198060751">
 <ele>321.09765625</ele>
 <time>2020-07-17T12:08:59Z</time>
 </trkpt>
 <trkpt lat="62.182072950527072" lon="-7.058860575780273">
 <ele>325.125</ele>
 <time>2020-07-17T12:09:11Z</time>
 </trkpt>
 <trkpt lat="62.182094408199191" lon="-7.059067692607641">
 <ele>327.97265625</ele>
 <time>2020-07-17T12:09:26Z</time>
 </trkpt>
 <trkpt lat="62.182115782052279" lon="-7.059278078377247">
 <ele>331.06640625</ele>
 <time>2020-07-17T12:09:36Z</time>
 </trkpt>
 <trkpt lat="62.182135563343763" lon="-7.059536492452025">
 <ele>334.953125</ele>
 <time>2020-07-17T12:09:48Z</time>
 </trkpt>
 <trkpt lat="62.182130450382829" lon="-7.059746291488409">
 <ele>338.5859375</ele>
 <time>2020-07-17T12:09:58Z</time>
 </trkpt>
 <trkpt lat="62.182105975225568" lon="-7.059945026412606">
 <ele>342.37109375</ele>
 <time>2020-07-17T12:10:08Z</time>
 </trkpt>
 <trkpt lat="62.182067083194852" lon="-7.060142755508423">
 <ele>346.140625</ele>
 <time>2020-07-17T12:10:26Z</time>
 </trkpt>
 <trkpt lat="62.182016121223569" lon="-7.060323301702738">
 <ele>349.83203125</ele>
 <time>2020-07-17T12:10:41Z</time>
 </trkpt>
 <trkpt lat="62.181980414316058" lon="-7.060530753806233">
 <ele>353.6484375</ele>
 <time>2020-07-17T12:10:57Z</time>
 </trkpt>
 <trkpt lat="62.182028107345104" lon="-7.060715323314071">
 <ele>355.6484375</ele>
 <time>2020-07-17T12:11:11Z</time>
 </trkpt>
 <trkpt lat="62.182108322158456" lon="-7.060870723798871">
 <ele>356.35546875</ele>
 <time>2020-07-17T12:11:30Z</time>
 </trkpt>
 <trkpt lat="62.182198343798518" lon="-7.06097424030304">
 <ele>355.6328125</ele>
 <time>2020-07-17T12:11:41Z</time>
 </trkpt>
 <trkpt lat="62.182289287447929" lon="-7.061025034636259">
 <ele>354.16796875</ele>
 <time>2020-07-17T12:11:51Z</time>
 </trkpt>
 <trkpt lat="62.182377548888326" lon="-7.061120169237256">
 <ele>353.3828125</ele>
 <time>2020-07-17T12:11:59Z</time>
 </trkpt>
 <trkpt lat="62.182460110634565" lon="-7.061227289959788">
 <ele>352.91796875</ele>
 <time>2020-07-17T12:12:06Z</time>
 </trkpt>
 <trkpt lat="62.182461451739073" lon="-7.061405908316374">
 <ele>355.3359375</ele>
 <time>2020-07-17T12:12:15Z</time>
 </trkpt>
 <trkpt lat="62.182489363476634" lon="-7.061605146154761">
 <ele>357.20703125</ele>
 <time>2020-07-17T12:12:27Z</time>
 </trkpt>
 <trkpt lat="62.182517275214195" lon="-7.06181419081986">
 <ele>358.828125</ele>
 <time>2020-07-17T12:12:38Z</time>
 </trkpt>
 <trkpt lat="62.182538565248251" lon="-7.062014099210501">
 <ele>360.5234375</ele>
 <time>2020-07-17T12:12:53Z</time>
 </trkpt>
 <trkpt lat="62.182544600218534" lon="-7.062217360362411">
 <ele>362.6015625</ele>
 <time>2020-07-17T12:13:09Z</time>
 </trkpt>
 <trkpt lat="62.182532278820872" lon="-7.062439061701298">
 <ele>365.34765625</ele>
 <time>2020-07-17T12:13:19Z</time>
 </trkpt>
 <trkpt lat="62.182532865554094" lon="-7.06265707500279">
 <ele>367.953125</ele>
 <time>2020-07-17T12:13:28Z</time>
 </trkpt>
 <trkpt lat="62.182518700137734" lon="-7.062848350033164">
 <ele>370.5234375</ele>
 <time>2020-07-17T12:13:36Z</time>
 </trkpt>
 <trkpt lat="62.182548204436898" lon="-7.063062926754355">
 <ele>372.55078125</ele>
 <time>2020-07-17T12:13:44Z</time>
 </trkpt>
 <trkpt lat="62.182573266327381" lon="-7.063272474333644">
 <ele>374.5390625</ele>
 <time>2020-07-17T12:13:55Z</time>
 </trkpt>
 <trkpt lat="62.182647110894322" lon="-7.063455870375037">
 <ele>375.26953125</ele>
 <time>2020-07-17T12:14:05Z</time>
 </trkpt>
 <trkpt lat="62.182702263817191" lon="-7.06362459808588">
 <ele>376.2265625</ele>
 <time>2020-07-17T12:14:12Z</time>
 </trkpt>
 <trkpt lat="62.182736042886972" lon="-7.063795505091548">
 <ele>377.609375</ele>
 <time>2020-07-17T12:14:21Z</time>
 </trkpt>
 <trkpt lat="62.182736461982131" lon="-7.063990300521255">
 <ele>379.82421875</ele>
 <time>2020-07-17T12:14:31Z</time>
 </trkpt>
 <trkpt lat="62.18273788690567" lon="-7.064209403470159">
 <ele>382.625</ele>
 <time>2020-07-17T12:14:44Z</time>
 </trkpt>
 <trkpt lat="62.182760182768106" lon="-7.064456418156624">
 <ele>385.5390625</ele>
 <time>2020-07-17T12:14:54Z</time>
 </trkpt>
 <trkpt lat="62.182764625176787" lon="-7.064668480306864">
 <ele>388.26953125</ele>
 <time>2020-07-17T12:15:04Z</time>
 </trkpt>
 <trkpt lat="62.182715842500329" lon="-7.064854893833399">
 <ele>391.4921875</ele>
 <time>2020-07-17T12:15:23Z</time>
 </trkpt>
 <trkpt lat="62.182702179998159" lon="-7.06509972922504">
 <ele>394.62109375</ele>
 <time>2020-07-17T12:15:36Z</time>
 </trkpt>
 <trkpt lat="62.182708466425538" lon="-7.065311288461089">
 <ele>397.01953125</ele>
 <time>2020-07-17T12:15:46Z</time>
 </trkpt>
 <trkpt lat="62.182720955461264" lon="-7.065513292327523">
 <ele>399.1796875</ele>
 <time>2020-07-17T12:16:01Z</time>
 </trkpt>
 <trkpt lat="62.182764289900661" lon="-7.065717056393623">
 <ele>400.6953125</ele>
 <time>2020-07-17T12:16:17Z</time>
 </trkpt>
 <trkpt lat="62.182817095890641" lon="-7.065903134644032">
 <ele>401.375</ele>
 <time>2020-07-17T12:16:28Z</time>
 </trkpt>
 <trkpt lat="62.182884905487299" lon="-7.066044034436345">
 <ele>401.2265625</ele>
 <time>2020-07-17T12:16:36Z</time>
 </trkpt>
 <trkpt lat="62.182952715083957" lon="-7.066191053017974">
 <ele>400.98046875</ele>
 <time>2020-07-17T12:16:45Z</time>
 </trkpt>
 <trkpt lat="62.183010885491967" lon="-7.066344190388918">
 <ele>400.67578125</ele>
 <time>2020-07-17T12:16:55Z</time>
 </trkpt>
 <trkpt lat="62.183045167475939" lon="-7.066528173163533">
 <ele>401.2578125</ele>
 <time>2020-07-17T12:17:06Z</time>
 </trkpt>
 <trkpt lat="62.183110630139709" lon="-7.066704863682389">
 <ele>400.04296875</ele>
 <time>2020-07-17T12:17:16Z</time>
 </trkpt>
 <trkpt lat="62.183198975399137" lon="-7.066793795675039">
 <ele>397.8671875</ele>
 <time>2020-07-17T12:17:27Z</time>
 </trkpt>
 <trkpt lat="62.183238873258233" lon="-7.066968474537134">
 <ele>397.3046875</ele>
 <time>2020-07-17T12:17:44Z</time>
 </trkpt>
 <trkpt lat="62.183230658993125" lon="-7.067172322422266">
 <ele>398.1875</ele>
 <time>2020-07-17T12:17:53Z</time>
 </trkpt>
 <trkpt lat="62.183246752247214" lon="-7.067373907193542">
 <ele>398.3359375</ele>
 <time>2020-07-17T12:18:04Z</time>
 </trkpt>
 <trkpt lat="62.183258486911654" lon="-7.067572893574834">
 <ele>398.11328125</ele>
 <time>2020-07-17T12:18:13Z</time>
 </trkpt>
 <trkpt lat="62.183264270424843" lon="-7.067754697054625">
 <ele>398.04296875</ele>
 <time>2020-07-17T12:18:24Z</time>
 </trkpt>
 <trkpt lat="62.18326217494905" lon="-7.067991653457284">
 <ele>398.24609375</ele>
 <time>2020-07-17T12:18:40Z</time>
 </trkpt>
 <trkpt lat="62.183238621801138" lon="-7.068183347582817">
 <ele>399.1484375</ele>
 <time>2020-07-17T12:18:50Z</time>
 </trkpt>
 <trkpt lat="62.183227222412825" lon="-7.068371521309018">
 <ele>398.46875</ele>
 <time>2020-07-17T12:19:09Z</time>
 </trkpt>
 <trkpt lat="62.183245914056897" lon="-7.068426422774792">
 <ele>397.5078125</ele>
 <time>2020-07-17T12:20:52Z</time>
 </trkpt>
 <trkpt lat="62.183273490518332" lon="-7.068445533514023">
 <ele>396.46875</ele>
 <time>2020-07-17T12:23:20Z</time>
 </trkpt>
 <trkpt lat="62.183241304010153" lon="-7.068556761369109">
 <ele>396.8828125</ele>
 <time>2020-07-17T12:23:46Z</time>
 </trkpt>
 <trkpt lat="62.183215487748384" lon="-7.068759435787797">
 <ele>396.53125</ele>
 <time>2020-07-17T12:23:55Z</time>
 </trkpt>
 <trkpt lat="62.183200148865581" lon="-7.06893302500248">
 <ele>396.0078125</ele>
 <time>2020-07-17T12:24:03Z</time>
 </trkpt>
 <trkpt lat="62.183153461664915" lon="-7.069101752713323">
 <ele>396.1328125</ele>
 <time>2020-07-17T12:24:13Z</time>
 </trkpt>
 <trkpt lat="62.183098895475268" lon="-7.069290345534682">
 <ele>395.65625</ele>
 <time>2020-07-17T12:24:23Z</time>
 </trkpt>
 <trkpt lat="62.183040138334036" lon="-7.069443399086595">
 <ele>395.6015625</ele>
 <time>2020-07-17T12:24:32Z</time>
 </trkpt>
 <trkpt lat="62.182977274060249" lon="-7.06958974711597">
 <ele>395.625</ele>
 <time>2020-07-17T12:24:40Z</time>
 </trkpt>
 <trkpt lat="62.182918768376112" lon="-7.069770628586412">
 <ele>395.08203125</ele>
 <time>2020-07-17T12:24:49Z</time>
 </trkpt>
 <trkpt lat="62.182845510542393" lon="-7.069901386275888">
 <ele>395.75</ele>
 <time>2020-07-17T12:24:57Z</time>
 </trkpt>
 <trkpt lat="62.182769319042563" lon="-7.070044549182057">
 <ele>396.01171875</ele>
 <time>2020-07-17T12:25:05Z</time>
 </trkpt>
 <trkpt lat="62.182692540809512" lon="-7.070190729573369">
 <ele>395.921875</ele>
 <time>2020-07-17T12:25:15Z</time>
 </trkpt>
 <trkpt lat="62.182601764798164" lon="-7.070184275507927">
 <ele>398.65625</ele>
 <time>2020-07-17T12:25:24Z</time>
 </trkpt>
 <trkpt lat="62.182527584955096" lon="-7.070291982963681">
 <ele>398.73046875</ele>
 <time>2020-07-17T12:25:36Z</time>
 </trkpt>
 <trkpt lat="62.182449130341411" lon="-7.070440175011754">
 <ele>397.859375</ele>
 <time>2020-07-17T12:25:45Z</time>
 </trkpt>
 <trkpt lat="62.182358857244253" lon="-7.070508738979697">
 <ele>398.65234375</ele>
 <time>2020-07-17T12:25:55Z</time>
 </trkpt>
 <trkpt lat="62.182277133688331" lon="-7.07065986469388">
 <ele>397.18359375</ele>
 <time>2020-07-17T12:26:05Z</time>
 </trkpt>
 <trkpt lat="62.182200690731406" lon="-7.070791209116578">
 <ele>396.49609375</ele>
 <time>2020-07-17T12:26:15Z</time>
 </trkpt>
 <trkpt lat="62.182102622464299" lon="-7.070904700085521">
 <ele>396.734375</ele>
 <time>2020-07-17T12:26:23Z</time>
 </trkpt>
 <trkpt lat="62.182019641622901" lon="-7.071003438904882">
 <ele>397.4375</ele>
 <time>2020-07-17T12:26:30Z</time>
 </trkpt>
 <trkpt lat="62.181947808712721" lon="-7.071123467758298">
 <ele>397.1640625</ele>
 <time>2020-07-17T12:26:37Z</time>
 </trkpt>
 <trkpt lat="62.181868851184845" lon="-7.071257829666138">
 <ele>396.5</ele>
 <time>2020-07-17T12:26:45Z</time>
 </trkpt>
 <trkpt lat="62.181785115972161" lon="-7.071352293714881">
 <ele>396.484375</ele>
 <time>2020-07-17T12:26:53Z</time>
 </trkpt>
 <trkpt lat="62.181690568104386" lon="-7.071435358375311">
 <ele>396.72265625</ele>
 <time>2020-07-17T12:27:01Z</time>
 </trkpt>
 <trkpt lat="62.181596187874675" lon="-7.071500653401017">
 <ele>397.1484375</ele>
 <time>2020-07-17T12:27:09Z</time>
 </trkpt>
 <trkpt lat="62.181500885635614" lon="-7.071604756638408">
 <ele>397.203125</ele>
 <time>2020-07-17T12:27:17Z</time>
 </trkpt>
 <trkpt lat="62.181403320282698" lon="-7.071607941761613">
 <ele>399.07421875</ele>
 <time>2020-07-17T12:27:26Z</time>
 </trkpt>
 <trkpt lat="62.181380605325103" lon="-7.071538623422384">
 <ele>400.7109375</ele>
 <time>2020-07-17T12:27:42Z</time>
 </trkpt>
 <trkpt lat="62.181265940889716" lon="-7.071601906791329">
 <ele>401.97265625</ele>
 <time>2020-07-17T12:27:54Z</time>
 </trkpt>
 <trkpt lat="62.181179607287049" lon="-7.071698969230056">
 <ele>402.3125</ele>
 <time>2020-07-17T12:28:02Z</time>
 </trkpt>
 <trkpt lat="62.181091513484716" lon="-7.071790834888816">
 <ele>402.609375</ele>
 <time>2020-07-17T12:28:11Z</time>
 </trkpt>
 <trkpt lat="62.181000569835305" lon="-7.071859734132886">
 <ele>403.26953125</ele>
 <time>2020-07-17T12:28:18Z</time>
 </trkpt>
 <trkpt lat="62.180917672812939" lon="-7.071937853470445">
 <ele>403.40625</ele>
 <time>2020-07-17T12:28:26Z</time>
 </trkpt>
 <trkpt lat="62.180832512676716" lon="-7.07201236858964">
 <ele>403.5234375</ele>
 <time>2020-07-17T12:28:35Z</time>
 </trkpt>
 <trkpt lat="62.1807418204844" lon="-7.072076993063092">
 <ele>403.84375</ele>
 <time>2020-07-17T12:28:44Z</time>
 </trkpt>
 <trkpt lat="62.180645680055022" lon="-7.072161734104157">
 <ele>403.625</ele>
 <time>2020-07-17T12:28:54Z</time>
 </trkpt>
 <trkpt lat="62.180556077510118" lon="-7.072196183726192">
 <ele>404.42578125</ele>
 <time>2020-07-17T12:29:04Z</time>
 </trkpt>
 <trkpt lat="62.180450381711125" lon="-7.072213115170598">
 <ele>405.9296875</ele>
 <time>2020-07-17T12:29:15Z</time>
 </trkpt>
 <trkpt lat="62.180373184382915" lon="-7.072351751849055">
 <ele>404.02734375</ele>
 <time>2020-07-17T12:29:25Z</time>
 </trkpt>
 <trkpt lat="62.18029573559761" lon="-7.072465410456061">
 <ele>404.3828125</ele>
 <time>2020-07-17T12:29:33Z</time>
 </trkpt>
 <trkpt lat="62.180212587118149" lon="-7.072591306641698">
 <ele>404.63671875</ele>
 <time>2020-07-17T12:29:42Z</time>
 </trkpt>
 <trkpt lat="62.18012566678226" lon="-7.072692476212978">
 <ele>405.15625</ele>
 <time>2020-07-17T12:29:50Z</time>
 </trkpt>
 <trkpt lat="62.180013516917825" lon="-7.072772271931171">
 <ele>406.40234375</ele>
 <time>2020-07-17T12:29:59Z</time>
 </trkpt>
 <trkpt lat="62.179905893281102" lon="-7.072835806757212">
 <ele>407.66796875</ele>
 <time>2020-07-17T12:30:14Z</time>
 </trkpt>
 <trkpt lat="62.179781841114163" lon="-7.072881907224655">
 <ele>409.46484375</ele>
 <time>2020-07-17T12:30:25Z</time>
 </trkpt>
 <trkpt lat="62.179676480591297" lon="-7.072944100946188">
 <ele>410.48046875</ele>
 <time>2020-07-17T12:30:33Z</time>
 </trkpt>
 <trkpt lat="62.179586458951235" lon="-7.072986094281077">
 <ele>411.83984375</ele>
 <time>2020-07-17T12:30:41Z</time>
 </trkpt>
 <trkpt lat="62.179477326571941" lon="-7.073035296052694">
 <ele>414.453125</ele>
 <time>2020-07-17T12:30:51Z</time>
 </trkpt>
 <trkpt lat="62.179391495883465" lon="-7.07317334599793">
 <ele>414.55859375</ele>
 <time>2020-07-17T12:31:01Z</time>
 </trkpt>
 <trkpt lat="62.179328463971615" lon="-7.073332769796252">
 <ele>414.09765625</ele>
 <time>2020-07-17T12:31:09Z</time>
 </trkpt>
 <trkpt lat="62.179237939417362" lon="-7.073419857770205">
 <ele>415.55078125</ele>
 <time>2020-07-17T12:31:18Z</time>
 </trkpt>
 <trkpt lat="62.179157054051757" lon="-7.073464952409267">
 <ele>417.296875</ele>
 <time>2020-07-17T12:31:28Z</time>
 </trkpt>
 <trkpt lat="62.179074408486485" lon="-7.073497893288732">
 <ele>419.25</ele>
 <time>2020-07-17T12:31:37Z</time>
 </trkpt>
 <trkpt lat="62.178998971357942" lon="-7.073439387604594">
 <ele>422.55859375</ele>
 <time>2020-07-17T12:31:50Z</time>
 </trkpt>
 <trkpt lat="62.178837284445763" lon="-7.073304187506437">
 <ele>430.0546875</ele>
 <time>2020-07-17T12:32:07Z</time>
 </trkpt>
 <trkpt lat="62.1787438262254" lon="-7.073242077603936">
 <ele>434.59765625</ele>
 <time>2020-07-17T12:32:29Z</time>
 </trkpt>
 <trkpt lat="62.178594712167978" lon="-7.073212824761868">
 <ele>441.4296875</ele>
 <time>2020-07-17T12:32:42Z</time>
 </trkpt>
 <trkpt lat="62.17839346267283" lon="-7.07335171289742">
 <ele>447.3046875</ele>
 <time>2020-07-17T12:32:55Z</time>
 </trkpt>
 <trkpt lat="62.178265890106559" lon="-7.073475932702422">
 <ele>450.3984375</ele>
 <time>2020-07-17T12:33:09Z</time>
 </trkpt>
 <trkpt lat="62.178186848759651" lon="-7.073669638484716">
 <ele>450.19921875</ele>
 <time>2020-07-17T12:33:25Z</time>
 </trkpt>
 <trkpt lat="62.178116776049137" lon="-7.073867032304406">
 <ele>449.58984375</ele>
 <time>2020-07-17T12:33:40Z</time>
 </trkpt>
 <trkpt lat="62.178037734702229" lon="-7.074236171320081">
 <ele>447.1953125</ele>
 <time>2020-07-17T12:33:49Z</time>
 </trkpt>
 <trkpt lat="62.177994567900896" lon="-7.074579745531082">
 <ele>444.1484375</ele>
 <time>2020-07-17T12:33:57Z</time>
 </trkpt>
 <trkpt lat="62.177974786609411" lon="-7.074729613959789">
 <ele>442.8046875</ele>
 <time>2020-07-17T12:34:14Z</time>
 </trkpt>
 <trkpt lat="62.177960453554988" lon="-7.075186427682638">
 <ele>437.21484375</ele>
 <time>2020-07-17T12:35:31Z</time>
 </trkpt>
 <trkpt lat="62.177978390827775" lon="-7.075497144833207">
 <ele>432.76171875</ele>
 <time>2020-07-17T12:35:44Z</time>
 </trkpt>
 <trkpt lat="62.177989203482866" lon="-7.075690850615501">
 <ele>429.66796875</ele>
 <time>2020-07-17T12:35:52Z</time>
 </trkpt>
 <trkpt lat="62.17799817211926" lon="-7.07589553669095">
 <ele>427.22265625</ele>
 <time>2020-07-17T12:36:00Z</time>
 </trkpt>
 <trkpt lat="62.178026922047138" lon="-7.076125787571073">
 <ele>423.94140625</ele>
 <time>2020-07-17T12:36:08Z</time>
 </trkpt>
 <trkpt lat="62.178055671975017" lon="-7.076461985707283">
 <ele>419.65625</ele>
 <time>2020-07-17T12:36:16Z</time>
 </trkpt>
 <trkpt lat="62.178030526265502" lon="-7.076732469722629">
 <ele>417.84375</ele>
 <time>2020-07-17T12:36:28Z</time>
 </trkpt>
 <trkpt lat="62.177953328937292" lon="-7.077012006193399">
 <ele>417.1796875</ele>
 <time>2020-07-17T12:36:38Z</time>
 </trkpt>
 <trkpt lat="62.177834725007415" lon="-7.077227588742971">
 <ele>418.453125</ele>
 <time>2020-07-17T12:36:48Z</time>
 </trkpt>
 <trkpt lat="62.177759287878871" lon="-7.077340912073851">
 <ele>419.37890625</ele>
 <time>2020-07-17T12:37:05Z</time>
 </trkpt>
 <trkpt lat="62.177645713090897" lon="-7.077532857656479">
 <ele>420.48046875</ele>
 <time>2020-07-17T12:37:27Z</time>
 </trkpt>
 <trkpt lat="62.177579496055841" lon="-7.077690521255136">
 <ele>420.48046875</ele>
 <time>2020-07-17T12:37:44Z</time>
 </trkpt>
 <trkpt lat="62.177503472194076" lon="-7.077882969751954">
 <ele>420.16015625</ele>
 <time>2020-07-17T12:37:56Z</time>
 </trkpt>
 <trkpt lat="62.177423592656851" lon="-7.07802839577198">
 <ele>420.2890625</ele>
 <time>2020-07-17T12:38:04Z</time>
 </trkpt>
 <trkpt lat="62.177339689806104" lon="-7.078132750466466">
 <ele>420.86328125</ele>
 <time>2020-07-17T12:38:11Z</time>
 </trkpt>
 <trkpt lat="62.177258720621467" lon="-7.07824875600636">
 <ele>421.1171875</ele>
 <time>2020-07-17T12:38:18Z</time>
 </trkpt>
 <trkpt lat="62.177183702588081" lon="-7.078334838151932">
 <ele>421.51171875</ele>
 <time>2020-07-17T12:38:26Z</time>
 </trkpt>
 <trkpt lat="62.177112037315965" lon="-7.078464590013027">
 <ele>421.04296875</ele>
 <time>2020-07-17T12:38:35Z</time>
 </trkpt>
 <trkpt lat="62.177026458084583" lon="-7.078566262498498">
 <ele>420.41015625</ele>
 <time>2020-07-17T12:38:46Z</time>
 </trkpt>
 <trkpt lat="62.176937609910965" lon="-7.078644968569279">
 <ele>420.09765625</ele>
 <time>2020-07-17T12:38:55Z</time>
 </trkpt>
 <trkpt lat="62.176863513886929" lon="-7.078760890290141">
 <ele>419.046875</ele>
 <time>2020-07-17T12:39:03Z</time>
 </trkpt>
 <trkpt lat="62.176778018474579" lon="-7.07887371070683">
 <ele>418.09375</ele>
 <time>2020-07-17T12:39:12Z</time>
 </trkpt>
 <trkpt lat="62.176696797832847" lon="-7.078940514475107">
 <ele>417.765625</ele>
 <time>2020-07-17T12:39:22Z</time>
 </trkpt>
 <trkpt lat="62.176612308248878" lon="-7.079023327678442">
 <ele>417.18359375</ele>
 <time>2020-07-17T12:39:30Z</time>
 </trkpt>
 <trkpt lat="62.17652496881783" lon="-7.079082168638706">
 <ele>416.9375</ele>
 <time>2020-07-17T12:39:41Z</time>
 </trkpt>
 <trkpt lat="62.176440563052893" lon="-7.079147631302476">
 <ele>416.49609375</ele>
 <time>2020-07-17T12:39:50Z</time>
 </trkpt>
 <trkpt lat="62.176361521705985" lon="-7.079223152250052">
 <ele>415.77734375</ele>
 <time>2020-07-17T12:40:03Z</time>
 </trkpt>
 <trkpt lat="62.176268817856908" lon="-7.079248633235693">
 <ele>415.81640625</ele>
 <time>2020-07-17T12:40:14Z</time>
 </trkpt>
 <trkpt lat="62.176170665770769" lon="-7.079287022352219">
 <ele>414.65234375</ele>
 <time>2020-07-17T12:40:22Z</time>
 </trkpt>
 <trkpt lat="62.176073100417852" lon="-7.079269923269749">
 <ele>414.4921875</ele>
 <time>2020-07-17T12:40:31Z</time>
 </trkpt>
 <trkpt lat="62.175985425710678" lon="-7.07927830517292">
 <ele>413.921875</ele>
 <time>2020-07-17T12:40:40Z</time>
 </trkpt>
 <trkpt lat="62.175886100158095" lon="-7.079261289909482">
 <ele>413.75</ele>
 <time>2020-07-17T12:40:49Z</time>
 </trkpt>
 <trkpt lat="62.175790462642908" lon="-7.079251734539866">
 <ele>413.4609375</ele>
 <time>2020-07-17T12:40:57Z</time>
 </trkpt>
 <trkpt lat="62.175690717995167" lon="-7.079259362071753">
 <ele>412.84765625</ele>
 <time>2020-07-17T12:41:06Z</time>
 </trkpt>
 <trkpt lat="62.175588458776474" lon="-7.079222900792956">
 <ele>413.01171875</ele>
 <time>2020-07-17T12:41:19Z</time>
 </trkpt>
 <trkpt lat="62.17549885623157" lon="-7.079172357916832">
 <ele>413.4921875</ele>
 <time>2020-07-17T12:41:27Z</time>
 </trkpt>
 <trkpt lat="62.175416797399521" lon="-7.079078229144216">
 <ele>414.359375</ele>
 <time>2020-07-17T12:41:38Z</time>
 </trkpt>
 <trkpt lat="62.175322165712714" lon="-7.079085018485785">
 <ele>412.5703125</ele>
 <time>2020-07-17T12:41:48Z</time>
 </trkpt>
 <trkpt lat="62.175275729969144" lon="-7.07896021194756">
 <ele>413.81640625</ele>
 <time>2020-07-17T12:42:02Z</time>
 </trkpt>
 <trkpt lat="62.175234826281667" lon="-7.07891620695591">
 <ele>413.76953125</ele>
 <time>2020-07-17T12:42:26Z</time>
 </trkpt>
 <trkpt lat="62.175163077190518" lon="-7.079045623540878">
 <ele>410.41015625</ele>
 <time>2020-07-17T12:42:34Z</time>
 </trkpt>
 <trkpt lat="62.175087723881006" lon="-7.079133549705148">
 <ele>407.6640625</ele>
 <time>2020-07-17T12:42:42Z</time>
 </trkpt>
 <trkpt lat="62.174994014203548" lon="-7.079186188057065">
 <ele>405.2265625</ele>
 <time>2020-07-17T12:42:50Z</time>
 </trkpt>
 <trkpt lat="62.17490273527801" lon="-7.079208735376597">
 <ele>403.3359375</ele>
 <time>2020-07-17T12:42:59Z</time>
 </trkpt>
 <trkpt lat="62.174814054742455" lon="-7.07924947142601">
 <ele>401.25</ele>
 <time>2020-07-17T12:43:10Z</time>
 </trkpt>
 <trkpt lat="62.174706095829606" lon="-7.079268665984273">
 <ele>399.1875</ele>
 <time>2020-07-17T12:43:21Z</time>
 </trkpt>
 <trkpt lat="62.174620348960161" lon="-7.079208735376597">
 <ele>398.55859375</ele>
 <time>2020-07-17T12:43:30Z</time>
 </trkpt>
 <trkpt lat="62.174540050327778" lon="-7.079082252457738">
 <ele>399.00390625</ele>
 <time>2020-07-17T12:43:42Z</time>
 </trkpt>
 <trkpt lat="62.174475258216262" lon="-7.078957110643387">
 <ele>399.59765625</ele>
 <time>2020-07-17T12:43:55Z</time>
 </trkpt>
 <trkpt lat="62.174404263496399" lon="-7.078825598582625">
 <ele>400.1796875</ele>
 <time>2020-07-17T12:44:04Z</time>
 </trkpt>
 <trkpt lat="62.174345506355166" lon="-7.078671623021364">
 <ele>401.22265625</ele>
 <time>2020-07-17T12:44:12Z</time>
 </trkpt>
 <trkpt lat="62.174264620989561" lon="-7.078562071546912">
 <ele>401.30859375</ele>
 <time>2020-07-17T12:44:21Z</time>
 </trkpt>
 <trkpt lat="62.174206702038646" lon="-7.078454699367285">
 <ele>401.72265625</ele>
 <time>2020-07-17T12:44:33Z</time>
 </trkpt>
 <trkpt lat="62.174104861915112" lon="-7.078406251966953">
 <ele>400.65234375</ele>
 <time>2020-07-17T12:44:42Z</time>
 </trkpt>
 <trkpt lat="62.174000507220626" lon="-7.078451011329889">
 <ele>398.37890625</ele>
 <time>2020-07-17T12:44:52Z</time>
 </trkpt>
 <trkpt lat="62.173906713724136" lon="-7.078518234193325">
 <ele>396.01953125</ele>
 <time>2020-07-17T12:45:00Z</time>
 </trkpt>
 <trkpt lat="62.173843681812286" lon="-7.078656367957592">
 <ele>393.3203125</ele>
 <time>2020-07-17T12:45:09Z</time>
 </trkpt>
 <trkpt lat="62.173760198056698" lon="-7.078695427626371">
 <ele>391.7421875</ele>
 <time>2020-07-17T12:45:18Z</time>
 </trkpt>
 <trkpt lat="62.173682833090425" lon="-7.07862745039165">
 <ele>392.046875</ele>
 <time>2020-07-17T12:45:30Z</time>
 </trkpt>
 <trkpt lat="62.173630194738507" lon="-7.078753430396318">
 <ele>390.21484375</ele>
 <time>2020-07-17T12:45:39Z</time>
 </trkpt>
 <trkpt lat="62.17356531880796" lon="-7.078863484784961">
 <ele>388.515625</ele>
 <time>2020-07-17T12:45:47Z</time>
 </trkpt>
 <trkpt lat="62.173477141186595" lon="-7.07891033962369">
 <ele>387.421875</ele>
 <time>2020-07-17T12:45:56Z</time>
 </trkpt>
 <trkpt lat="62.173382341861725" lon="-7.078925846144557">
 <ele>386.6640625</ele>
 <time>2020-07-17T12:46:06Z</time>
 </trkpt>
 <trkpt lat="62.173277903348207" lon="-7.078912183642387">
 <ele>386.17578125</ele>
 <time>2020-07-17T12:46:20Z</time>
 </trkpt>
 <trkpt lat="62.173192743211985" lon="-7.078881924971938">
 <ele>385.98828125</ele>
 <time>2020-07-17T12:46:30Z</time>
 </trkpt>
 <trkpt lat="62.173111354932189" lon="-7.078820485621691">
 <ele>386.16015625</ele>
 <time>2020-07-17T12:46:38Z</time>
 </trkpt>
 <trkpt lat="62.17302342876792" lon="-7.078732224181294">
 <ele>386.5703125</ele>
 <time>2020-07-17T12:46:47Z</time>
 </trkpt>
 <trkpt lat="62.172936340793967" lon="-7.078640107065439">
 <ele>386.94921875</ele>
 <time>2020-07-17T12:46:56Z</time>
 </trkpt>
 <trkpt lat="62.172850845381618" lon="-7.078540697693825">
 <ele>387.12109375</ele>
 <time>2020-07-17T12:47:05Z</time>
 </trkpt>
 <trkpt lat="62.172770714387298" lon="-7.078417567536235">
 <ele>387.515625</ele>
 <time>2020-07-17T12:47:13Z</time>
 </trkpt>
 <trkpt lat="62.172710616141558" lon="-7.078262586146593">
 <ele>388.3671875</ele>
 <time>2020-07-17T12:47:21Z</time>
 </trkpt>
 <trkpt lat="62.172659486532211" lon="-7.078105174005032">
 <ele>389.6328125</ele>
 <time>2020-07-17T12:47:28Z</time>
 </trkpt>
 <trkpt lat="62.172604333609343" lon="-7.07797022536397">
 <ele>390.78125</ele>
 <time>2020-07-17T12:47:36Z</time>
 </trkpt>
 <trkpt lat="62.172526884824038" lon="-7.077874587848783">
 <ele>391.01171875</ele>
 <time>2020-07-17T12:47:43Z</time>
 </trkpt>
 <trkpt lat="62.172439461573958" lon="-7.077817590907216">
 <ele>390.52734375</ele>
 <time>2020-07-17T12:47:52Z</time>
 </trkpt>
 <trkpt lat="62.172360420227051" lon="-7.077702758833766">
 <ele>390.80859375</ele>
 <time>2020-07-17T12:48:01Z</time>
 </trkpt>
 <trkpt lat="62.172297136858106" lon="-7.077566972002387">
 <ele>391.48046875</ele>
 <time>2020-07-17T12:48:10Z</time>
 </trkpt>
 <trkpt lat="62.172211809083819" lon="-7.077445015311241">
 <ele>391.53125</ele>
 <time>2020-07-17T12:48:20Z</time>
 </trkpt>
 <trkpt lat="62.172116925939918" lon="-7.077443087473512">
 <ele>390.01953125</ele>
 <time>2020-07-17T12:48:29Z</time>
 </trkpt>
 <trkpt lat="62.172027491033077" lon="-7.077486673370004">
 <ele>388.6171875</ele>
 <time>2020-07-17T12:48:39Z</time>
 </trkpt>
 <trkpt lat="62.171941995620728" lon="-7.077528582885861">
 <ele>387.29296875</ele>
 <time>2020-07-17T12:48:48Z</time>
 </trkpt>
 <trkpt lat="62.171919029206038" lon="-7.077571079134941">
 <ele>386.625</ele>
 <time>2020-07-17T12:51:51Z</time>
 </trkpt>
 <trkpt lat="62.171811573207378" lon="-7.077643498778343">
 <ele>384.80859375</ele>
 <time>2020-07-17T12:52:14Z</time>
 </trkpt>
 <trkpt lat="62.171715013682842" lon="-7.077633356675506">
 <ele>383.9453125</ele>
 <time>2020-07-17T12:52:22Z</time>
 </trkpt>
 <trkpt lat="62.171628763899207" lon="-7.077576527372003">
 <ele>383.6171875</ele>
 <time>2020-07-17T12:52:28Z</time>
 </trkpt>
 <trkpt lat="62.171540502458811" lon="-7.077509807422757">
 <ele>383.328125</ele>
 <time>2020-07-17T12:52:36Z</time>
 </trkpt>
 <trkpt lat="62.171460455283523" lon="-7.077429424971342">
 <ele>383.21484375</ele>
 <time>2020-07-17T12:52:45Z</time>
 </trkpt>
 <trkpt lat="62.171369092538953" lon="-7.077344097197056">
 <ele>383.01171875</ele>
 <time>2020-07-17T12:52:53Z</time>
 </trkpt>
 <trkpt lat="62.171283178031445" lon="-7.077231276780367">
 <ele>383.3046875</ele>
 <time>2020-07-17T12:53:01Z</time>
 </trkpt>
 <trkpt lat="62.171199275180697" lon="-7.077139830216765">
 <ele>383.53515625</ele>
 <time>2020-07-17T12:53:08Z</time>
 </trkpt>
 <trkpt lat="62.171101123094559" lon="-7.077100519090891">
 <ele>383.0546875</ele>
 <time>2020-07-17T12:53:16Z</time>
 </trkpt>
 <trkpt lat="62.171017806977034" lon="-7.077029105275869">
 <ele>383.0078125</ele>
 <time>2020-07-17T12:53:24Z</time>
 </trkpt>
 <trkpt lat="62.170950584113598" lon="-7.076921062543988">
 <ele>383.4453125</ele>
 <time>2020-07-17T12:53:42Z</time>
 </trkpt>
 <trkpt lat="62.170867267996073" lon="-7.076856857165694">
 <ele>383.25390625</ele>
 <time>2020-07-17T12:53:53Z</time>
 </trkpt>
 <trkpt lat="62.17082560993731" lon="-7.076686369255185">
 <ele>384.4609375</ele>
 <time>2020-07-17T12:54:04Z</time>
 </trkpt>
 <trkpt lat="62.170754112303257" lon="-7.076785862445831">
 <ele>382.80078125</ele>
 <time>2020-07-17T12:54:16Z</time>
 </trkpt>
 <trkpt lat="62.170667527243495" lon="-7.076792484149337">
 <ele>381.87109375</ele>
 <time>2020-07-17T12:54:28Z</time>
 </trkpt>
 <trkpt lat="62.170585636049509" lon="-7.076658792793751">
 <ele>382.22265625</ele>
 <time>2020-07-17T12:54:49Z</time>
 </trkpt>
 <trkpt lat="62.170499386265874" lon="-7.076582685112953">
 <ele>381.9765625</ele>
 <time>2020-07-17T12:54:59Z</time>
 </trkpt>
 <trkpt lat="62.17043275013566" lon="-7.076434828341007">
 <ele>382.734375</ele>
 <time>2020-07-17T12:55:08Z</time>
 </trkpt>
 <trkpt lat="62.170346667990088" lon="-7.07637632265687">
 <ele>382.48046875</ele>
 <time>2020-07-17T12:55:17Z</time>
 </trkpt>
 <trkpt lat="62.170244827866554" lon="-7.076327288523316">
 <ele>381.921875</ele>
 <time>2020-07-17T12:55:25Z</time>
 </trkpt>
 <trkpt lat="62.170153129845858" lon="-7.076242044568062">
 <ele>381.7734375</ele>
 <time>2020-07-17T12:55:33Z</time>
 </trkpt>
 <trkpt lat="62.170064952224493" lon="-7.07615596242249">
 <ele>381.60546875</ele>
 <time>2020-07-17T12:55:41Z</time>
 </trkpt>
 <trkpt lat="62.169993035495281" lon="-7.076033921912313">
 <ele>381.87890625</ele>
 <time>2020-07-17T12:55:48Z</time>
 </trkpt>
 <trkpt lat="62.16991282068193" lon="-7.075880281627178">
 <ele>382.23828125</ele>
 <time>2020-07-17T12:55:56Z</time>
 </trkpt>
 <trkpt lat="62.169854650273919" lon="-7.07573083229363">
 <ele>382.74609375</ele>
 <time>2020-07-17T12:56:03Z</time>
 </trkpt>
 <trkpt lat="62.169771920889616" lon="-7.07567903213203">
 <ele>382.09375</ele>
 <time>2020-07-17T12:56:11Z</time>
 </trkpt>
 <trkpt lat="62.169679887592793" lon="-7.075628405436873">
 <ele>381.31640625</ele>
 <time>2020-07-17T12:56:21Z</time>
 </trkpt>
 <trkpt lat="62.16958986595273" lon="-7.075527990236878">
 <ele>381.04296875</ele>
 <time>2020-07-17T12:56:30Z</time>
 </trkpt>
 <trkpt lat="62.169514261186123" lon="-7.075439225882292">
 <ele>381</ele>
 <time>2020-07-17T12:56:41Z</time>
 </trkpt>
 <trkpt lat="62.169432621449232" lon="-7.075359346345067">
 <ele>380.78515625</ele>
 <time>2020-07-17T12:56:49Z</time>
 </trkpt>
 <trkpt lat="62.169365650042892" lon="-7.075223727151752">
 <ele>381.1171875</ele>
 <time>2020-07-17T12:56:57Z</time>
 </trkpt>
 <trkpt lat="62.169296918436885" lon="-7.075080564245582">
 <ele>381.4375</ele>
 <time>2020-07-17T12:57:06Z</time>
 </trkpt>
 <trkpt lat="62.169219721108675" lon="-7.074993476271629">
 <ele>381.19140625</ele>
 <time>2020-07-17T12:57:15Z</time>
 </trkpt>
 <trkpt lat="62.169150235131383" lon="-7.074842853471637">
 <ele>381.46875</ele>
 <time>2020-07-17T12:57:24Z</time>
 </trkpt>
 <trkpt lat="62.169089466333389" lon="-7.074676975607872">
 <ele>382.1484375</ele>
 <time>2020-07-17T12:57:36Z</time>
 </trkpt>
 <trkpt lat="62.169017130509019" lon="-7.074534231796861">
 <ele>382.390625</ele>
 <time>2020-07-17T12:57:46Z</time>
 </trkpt>
 <trkpt lat="62.168932054191828" lon="-7.074454938992858">
 <ele>381.87109375</ele>
 <time>2020-07-17T12:57:59Z</time>
 </trkpt>
 <trkpt lat="62.168836165219545" lon="-7.074374305084348">
 <ele>381.15234375</ele>
 <time>2020-07-17T12:58:18Z</time>
 </trkpt>
 <trkpt lat="62.168745473027229" lon="-7.074288055300713">
 <ele>380.6015625</ele>
 <time>2020-07-17T12:58:31Z</time>
 </trkpt>
 <trkpt lat="62.16866341419518" lon="-7.074187304824591">
 <ele>380.35546875</ele>
 <time>2020-07-17T12:58:42Z</time>
 </trkpt>
 <trkpt lat="62.168601471930742" lon="-7.074035005643964">
 <ele>380.68359375</ele>
 <time>2020-07-17T12:58:52Z</time>
 </trkpt>
 <trkpt lat="62.168538859114051" lon="-7.073863931000233">
 <ele>381.046875</ele>
 <time>2020-07-17T12:59:03Z</time>
 </trkpt>
 <trkpt lat="62.168463170528412" lon="-7.073693862184882">
 <ele>381.16796875</ele>
 <time>2020-07-17T12:59:13Z</time>
 </trkpt>
 <trkpt lat="62.168360240757465" lon="-7.073562266305089">
 <ele>380.62109375</ele>
 <time>2020-07-17T12:59:24Z</time>
 </trkpt>
 <trkpt lat="62.16826762072742" lon="-7.073467886075378">
 <ele>379.921875</ele>
 <time>2020-07-17T12:59:38Z</time>
 </trkpt>
 <trkpt lat="62.168178604915738" lon="-7.073375098407269">
 <ele>379.21875</ele>
 <time>2020-07-17T12:59:54Z</time>
 </trkpt>
 <trkpt lat="62.168106520548463" lon="-7.073264373466373">
 <ele>378.796875</ele>
 <time>2020-07-17T13:00:03Z</time>
 </trkpt>
 <trkpt lat="62.168024545535445" lon="-7.073177034035325">
 <ele>378.08984375</ele>
 <time>2020-07-17T13:00:11Z</time>
 </trkpt>
 <trkpt lat="62.167930081486702" lon="-7.073147529736161">
 <ele>377.015625</ele>
 <time>2020-07-17T13:00:19Z</time>
 </trkpt>
 <trkpt lat="62.167829666286707" lon="-7.073131687939167">
 <ele>376.140625</ele>
 <time>2020-07-17T13:00:32Z</time>
 </trkpt>
 <trkpt lat="62.167733861133456" lon="-7.073049377650023">
 <ele>375.6796875</ele>
 <time>2020-07-17T13:00:42Z</time>
 </trkpt>
 <trkpt lat="62.167642582207918" lon="-7.072983914986253">
 <ele>375.14453125</ele>
 <time>2020-07-17T13:00:50Z</time>
 </trkpt>
 <trkpt lat="62.167549710720778" lon="-7.072920380160213">
 <ele>374.5703125</ele>
 <time>2020-07-17T13:00:59Z</time>
 </trkpt>
 <trkpt lat="62.167459772899747" lon="-7.072837986052036">
 <ele>374.109375</ele>
 <time>2020-07-17T13:01:07Z</time>
 </trkpt>
 <trkpt lat="62.167363381013274" lon="-7.072793981060386">
 <ele>373.359375</ele>
 <time>2020-07-17T13:01:15Z</time>
 </trkpt>
 <trkpt lat="62.167266653850675" lon="-7.072719382122159">
 <ele>372.75</ele>
 <time>2020-07-17T13:01:24Z</time>
 </trkpt>
 <trkpt lat="62.167173027992249" lon="-7.07264905795455">
 <ele>372.12890625</ele>
 <time>2020-07-17T13:01:32Z</time>
 </trkpt>
 <trkpt lat="62.167076803743839" lon="-7.072545625269413">
 <ele>371.59375</ele>
 <time>2020-07-17T13:01:42Z</time>
 </trkpt>
 <trkpt lat="62.1669752150774" lon="-7.072520144283772">
 <ele>370.59765625</ele>
 <time>2020-07-17T13:01:56Z</time>
 </trkpt>
 <trkpt lat="62.166886702179909" lon="-7.072426937520504">
 <ele>370.09765625</ele>
 <time>2020-07-17T13:02:04Z</time>
 </trkpt>
 <trkpt lat="62.166795087978244" lon="-7.072423920035362">
 <ele>369.1171875</ele>
 <time>2020-07-17T13:02:12Z</time>
 </trkpt>
 <trkpt lat="62.166694169864058" lon="-7.072408245876432">
 <ele>368.1015625</ele>
 <time>2020-07-17T13:02:23Z</time>
 </trkpt>
 <trkpt lat="62.166610853746533" lon="-7.072292407974601">
 <ele>367.9765625</ele>
 <time>2020-07-17T13:02:31Z</time>
 </trkpt>
 <trkpt lat="62.166538769379258" lon="-7.072173384949565">
 <ele>368.08984375</ele>
 <time>2020-07-17T13:02:39Z</time>
 </trkpt>
 <trkpt lat="62.166474983096123" lon="-7.072016810998321">
 <ele>368.5546875</ele>
 <time>2020-07-17T13:02:47Z</time>
 </trkpt>
 <trkpt lat="62.166389068588614" lon="-7.071927292272449">
 <ele>368.2421875</ele>
 <time>2020-07-17T13:02:55Z</time>
 </trkpt>
 <trkpt lat="62.166302399709821" lon="-7.071812627837062">
 <ele>368.078125</ele>
 <time>2020-07-17T13:03:03Z</time>
 </trkpt>
 <trkpt lat="62.166214641183615" lon="-7.071785805746913">
 <ele>367.19140625</ele>
 <time>2020-07-17T13:03:10Z</time>
 </trkpt>
 <trkpt lat="62.166157811880112" lon="-7.071631159633398">
 <ele>367.5390625</ele>
 <time>2020-07-17T13:03:18Z</time>
 </trkpt>
 <trkpt lat="62.16608053073287" lon="-7.071537785232067">
 <ele>367.15625</ele>
 <time>2020-07-17T13:03:27Z</time>
 </trkpt>
 <trkpt lat="62.166012888774276" lon="-7.07140451297164">
 <ele>367.41015625</ele>
 <time>2020-07-17T13:03:35Z</time>
 </trkpt>
 <trkpt lat="62.165928902104497" lon="-7.071274761110544">
 <ele>367.3828125</ele>
 <time>2020-07-17T13:03:43Z</time>
 </trkpt>
 <trkpt lat="62.165859919041395" lon="-7.071158001199365">
 <ele>367.3984375</ele>
 <time>2020-07-17T13:03:50Z</time>
 </trkpt>
 <trkpt lat="62.165788002312183" lon="-7.071050880476832">
 <ele>367.24609375</ele>
 <time>2020-07-17T13:03:57Z</time>
 </trkpt>
 <trkpt lat="62.165752630680799" lon="-7.070922553539276">
 <ele>367.765625</ele>
 <time>2020-07-17T13:04:07Z</time>
 </trkpt>
 <trkpt lat="62.165677696466446" lon="-7.07080596126616">
 <ele>367.55859375</ele>
 <time>2020-07-17T13:04:15Z</time>
 </trkpt>
 <trkpt lat="62.16560804285109" lon="-7.070695571601391">
 <ele>367.33984375</ele>
 <time>2020-07-17T13:04:25Z</time>
 </trkpt>
 <trkpt lat="62.16551760211587" lon="-7.070624576881528">
 <ele>366.55078125</ele>
 <time>2020-07-17T13:04:33Z</time>
 </trkpt>
 <trkpt lat="62.165431352332234" lon="-7.070563975721598">
 <ele>365.73046875</ele>
 <time>2020-07-17T13:04:41Z</time>
 </trkpt>
 <trkpt lat="62.165341833606362" lon="-7.070564981549978">
 <ele>364.4921875</ele>
 <time>2020-07-17T13:04:50Z</time>
 </trkpt>
 <trkpt lat="62.165248794481158" lon="-7.070486610755324">
 <ele>363.80078125</ele>
 <time>2020-07-17T13:04:58Z</time>
 </trkpt>
 <trkpt lat="62.165150726214051" lon="-7.070444785058498">
 <ele>362.7109375</ele>
 <time>2020-07-17T13:05:06Z</time>
 </trkpt>
 <trkpt lat="62.165078306570649" lon="-7.070332048460841">
 <ele>362.44140625</ele>
 <time>2020-07-17T13:05:15Z</time>
 </trkpt>
 <trkpt lat="62.164989123120904" lon="-7.070287792012096">
 <ele>361.40625</ele>
 <time>2020-07-17T13:05:23Z</time>
 </trkpt>
 <trkpt lat="62.164890971034765" lon="-7.070266334339976">
 <ele>360.06640625</ele>
 <time>2020-07-17T13:05:34Z</time>
 </trkpt>
 <trkpt lat="62.164794160053134" lon="-7.070191064849496">
 <ele>359.02734375</ele>
 <time>2020-07-17T13:05:43Z</time>
 </trkpt>
 <trkpt lat="62.164696091786027" lon="-7.070127194747329">
 <ele>357.84765625</ele>
 <time>2020-07-17T13:05:56Z</time>
 </trkpt>
 <trkpt lat="62.164597352966666" lon="-7.070072209462524">
 <ele>356.66015625</ele>
 <time>2020-07-17T13:06:08Z</time>
 </trkpt>
 <trkpt lat="62.164515210315585" lon="-7.07009207457304">
 <ele>355.578125</ele>
 <time>2020-07-17T13:06:20Z</time>
 </trkpt>
 <trkpt lat="62.164497021585703" lon="-7.06989417783916">
 <ele>356.3125</ele>
 <time>2020-07-17T13:06:33Z</time>
 </trkpt>
 <trkpt lat="62.164453184232116" lon="-7.069744225591421">
 <ele>356.50390625</ele>
 <time>2020-07-17T13:06:46Z</time>
 </trkpt>
 <trkpt lat="62.164413705468178" lon="-7.06958731636405">
 <ele>356.78515625</ele>
 <time>2020-07-17T13:06:56Z</time>
 </trkpt>
 <trkpt lat="62.164309518411756" lon="-7.069605840370059">
 <ele>355.4453125</ele>
 <time>2020-07-17T13:07:04Z</time>
 </trkpt>
 <trkpt lat="62.164215724915266" lon="-7.069630734622479">
 <ele>354.19921875</ele>
 <time>2020-07-17T13:07:12Z</time>
 </trkpt>
 <trkpt lat="62.164140706881881" lon="-7.069728299975395">
 <ele>352.828125</ele>
 <time>2020-07-17T13:07:27Z</time>
 </trkpt>
 <trkpt lat="62.164048422127962" lon="-7.069771299138665">
 <ele>351.515625</ele>
 <time>2020-07-17T13:07:36Z</time>
 </trkpt>
 <trkpt lat="62.163952365517616" lon="-7.06972561776638">
 <ele>350.58203125</ele>
 <time>2020-07-17T13:07:44Z</time>
 </trkpt>
 <trkpt lat="62.163855554535985" lon="-7.069702316075563">
 <ele>349.53125</ele>
 <time>2020-07-17T13:07:53Z</time>
 </trkpt>
 <trkpt lat="62.16377173550427" lon="-7.069607181474567">
 <ele>348.91796875</ele>
 <time>2020-07-17T13:08:02Z</time>
 </trkpt>
 <trkpt lat="62.163697890937328" lon="-7.069479105994105">
 <ele>348.46875</ele>
 <time>2020-07-17T13:08:11Z</time>
 </trkpt>
 <trkpt lat="62.163617005571723" lon="-7.069349437952042">
 <ele>348.0390625</ele>
 <time>2020-07-17T13:08:18Z</time>
 </trkpt>
 <trkpt lat="62.163531510159373" lon="-7.069247849285603">
 <ele>347.4921875</ele>
 <time>2020-07-17T13:08:25Z</time>
 </trkpt>
 <trkpt lat="62.163451379165053" lon="-7.06913435831666">
 <ele>347.1953125</ele>
 <time>2020-07-17T13:08:33Z</time>
 </trkpt>
 <trkpt lat="62.163364123553038" lon="-7.069088257849217">
 <ele>346.42578125</ele>
 <time>2020-07-17T13:08:44Z</time>
 </trkpt>
 <trkpt lat="62.163274521008134" lon="-7.069058837369084">
 <ele>345.546875</ele>
 <time>2020-07-17T13:08:56Z</time>
 </trkpt>
 <trkpt lat="62.163192797452211" lon="-7.069017011672258">
 <ele>344.89453125</ele>
 <time>2020-07-17T13:09:05Z</time>
 </trkpt>
 <trkpt lat="62.163137644529343" lon="-7.068889020010829">
 <ele>345.27734375</ele>
 <time>2020-07-17T13:09:15Z</time>
 </trkpt>
 <trkpt lat="62.163082743063569" lon="-7.068745857104659">
 <ele>345.8046875</ele>
 <time>2020-07-17T13:09:27Z</time>
 </trkpt>
 <trkpt lat="62.1630725171417" lon="-7.06854603253305">
 <ele>347.33203125</ele>
 <time>2020-07-17T13:09:39Z</time>
 </trkpt>
 <trkpt lat="62.163078049197793" lon="-7.068402199074626">
 <ele>348.578125</ele>
 <time>2020-07-17T13:10:58Z</time>
 </trkpt>
 <trkpt lat="62.162990961223841" lon="-7.068291222676635">
 <ele>348.5390625</ele>
 <time>2020-07-17T13:11:52Z</time>
 </trkpt>
 <trkpt lat="62.162923654541373" lon="-7.068163817748427">
 <ele>348.87109375</ele>
 <time>2020-07-17T13:11:59Z</time>
 </trkpt>
 <trkpt lat="62.162829106673598" lon="-7.068106736987829">
 <ele>348.26953125</ele>
 <time>2020-07-17T13:12:07Z</time>
 </trkpt>
 <trkpt lat="62.162740677595139" lon="-7.068052003160119">
 <ele>347.70703125</ele>
 <time>2020-07-17T13:12:14Z</time>
 </trkpt>
 <trkpt lat="62.162649231031537" lon="-7.067989641800523">
 <ele>347.16015625</ele>
 <time>2020-07-17T13:12:22Z</time>
 </trkpt>
 <trkpt lat="62.162561723962426" lon="-7.067928370088339">
 <ele>346.63671875</ele>
 <time>2020-07-17T13:12:29Z</time>
 </trkpt>
 <trkpt lat="62.162476060912013" lon="-7.067874642089009">
 <ele>346.0546875</ele>
 <time>2020-07-17T13:12:38Z</time>
 </trkpt>
 <trkpt lat="62.162387799471617" lon="-7.067835833877325">
 <ele>345.296875</ele>
 <time>2020-07-17T13:12:45Z</time>
 </trkpt>
 <trkpt lat="62.162294676527381" lon="-7.067853435873985">
 <ele>343.9765625</ele>
 <time>2020-07-17T13:12:54Z</time>
 </trkpt>
 <trkpt lat="62.162214629352093" lon="-7.067810017615557">
 <ele>343.34765625</ele>
 <time>2020-07-17T13:13:03Z</time>
 </trkpt>
 <trkpt lat="62.16212410479784" lon="-7.067731395363808">
 <ele>342.875</ele>
 <time>2020-07-17T13:13:27Z</time>
 </trkpt>
 <trkpt lat="62.162061743438244" lon="-7.067583035677671">
 <ele>343.65234375</ele>
 <time>2020-07-17T13:13:48Z</time>
 </trkpt>
 <trkpt lat="62.162033831700683" lon="-7.067402238026261">
 <ele>344.98828125</ele>
 <time>2020-07-17T13:13:56Z</time>
 </trkpt>
 <trkpt lat="62.161967614665627" lon="-7.067244658246636">
 <ele>345.83984375</ele>
 <time>2020-07-17T13:14:10Z</time>
 </trkpt>
 <trkpt lat="62.161887567490339" lon="-7.067225966602564">
 <ele>345.421875</ele>
 <time>2020-07-17T13:15:04Z</time>
 </trkpt>
 <trkpt lat="62.161790924146771" lon="-7.067194450646639">
 <ele>344.98828125</ele>
 <time>2020-07-17T13:15:14Z</time>
 </trkpt>
 <trkpt lat="62.161684306338429" lon="-7.067229654639959">
 <ele>343.92578125</ele>
 <time>2020-07-17T13:15:23Z</time>
 </trkpt>
 <trkpt lat="62.161585064604878" lon="-7.067211298272014">
 <ele>343.36328125</ele>
 <time>2020-07-17T13:15:30Z</time>
 </trkpt>
 <trkpt lat="62.16149621643126" lon="-7.067177351564169">
 <ele>343.0078125</ele>
 <time>2020-07-17T13:15:55Z</time>
 </trkpt>
 <trkpt lat="62.161395130679011" lon="-7.067149104550481">
 <ele>342.51953125</ele>
 <time>2020-07-17T13:16:05Z</time>
 </trkpt>
 <trkpt lat="62.161301923915744" lon="-7.067114654928446">
 <ele>342.13671875</ele>
 <time>2020-07-17T13:16:12Z</time>
 </trkpt>
 <trkpt lat="62.161209639161825" lon="-7.067089173942804">
 <ele>342.48046875</ele>
 <time>2020-07-17T13:16:19Z</time>
 </trkpt>
 <trkpt lat="62.161117186769843" lon="-7.067155223339796">
 <ele>342.14453125</ele>
 <time>2020-07-17T13:16:26Z</time>
 </trkpt>
 <trkpt lat="62.161020878702402" lon="-7.067192103713751">
 <ele>342.06640625</ele>
 <time>2020-07-17T13:16:40Z</time>
 </trkpt>
 <trkpt lat="62.160920798778534" lon="-7.067265277728438">
 <ele>341.69140625</ele>
 <time>2020-07-17T13:17:55Z</time>
 </trkpt>
 <trkpt lat="62.160838572308421" lon="-7.067384803667665">
 <ele>340.85546875</ele>
 <time>2020-07-17T13:18:06Z</time>
 </trkpt>
 <trkpt lat="62.160772774368525" lon="-7.067511035129428">
 <ele>339.80078125</ele>
 <time>2020-07-17T13:18:25Z</time>
 </trkpt>
 <trkpt lat="62.160695241764188" lon="-7.067645145580173">
 <ele>338.69921875</ele>
 <time>2020-07-17T13:18:33Z</time>
 </trkpt>
 <trkpt lat="62.160636652261019" lon="-7.06778964959085">
 <ele>337.453125</ele>
 <time>2020-07-17T13:18:40Z</time>
 </trkpt>
 <trkpt lat="62.16056096367538" lon="-7.067924430593848">
 <ele>336.33984375</ele>
 <time>2020-07-17T13:18:48Z</time>
 </trkpt>
 <trkpt lat="62.160474294796586" lon="-7.06796457991004">
 <ele>336.1640625</ele>
 <time>2020-07-17T13:18:57Z</time>
 </trkpt>
 <trkpt lat="62.160379244014621" lon="-7.067992491647601">
 <ele>336.484375</ele>
 <time>2020-07-17T13:19:05Z</time>
 </trkpt>
 <trkpt lat="62.160283690318465" lon="-7.067989725619555">
 <ele>337.171875</ele>
 <time>2020-07-17T13:19:28Z</time>
 </trkpt>
 <trkpt lat="62.160189645364881" lon="-7.06806524656713">
 <ele>337.125</ele>
 <time>2020-07-17T13:19:43Z</time>
 </trkpt>
 <trkpt lat="62.160098114982247" lon="-7.068125093355775">
 <ele>337.22265625</ele>
 <time>2020-07-17T13:19:52Z</time>
 </trkpt>
 <trkpt lat="62.160001639276743" lon="-7.06812584772706">
 <ele>337.90234375</ele>
 <time>2020-07-17T13:20:01Z</time>
 </trkpt>
 <trkpt lat="62.159905582666397" lon="-7.068145209923387">
 <ele>338.4140625</ele>
 <time>2020-07-17T13:20:09Z</time>
 </trkpt>
 <trkpt lat="62.159815644845366" lon="-7.068153759464622">
 <ele>338.98046875</ele>
 <time>2020-07-17T13:20:16Z</time>
 </trkpt>
 <trkpt lat="62.159718833863735" lon="-7.068151580169797">
 <ele>339.69140625</ele>
 <time>2020-07-17T13:20:25Z</time>
 </trkpt>
 <trkpt lat="62.15962671674788" lon="-7.068215366452932">
 <ele>339.76171875</ele>
 <time>2020-07-17T13:20:35Z</time>
 </trkpt>
 <trkpt lat="62.159539293497801" lon="-7.06828217022121">
 <ele>339.6796875</ele>
 <time>2020-07-17T13:20:45Z</time>
 </trkpt>
 <trkpt lat="62.159445164725184" lon="-7.068378729745746">
 <ele>339.3515625</ele>
 <time>2020-07-17T13:21:01Z</time>
 </trkpt>
 <trkpt lat="62.159365452826023" lon="-7.068576458841562">
 <ele>337.88671875</ele>
 <time>2020-07-17T13:22:05Z</time>
 </trkpt>
 <trkpt lat="62.159414486959577" lon="-7.06852407194674">
 <ele>338.0546875</ele>
 <time>2020-07-17T13:23:18Z</time>
 </trkpt>
 <trkpt lat="62.159314826130867" lon="-7.068442516028881">
 <ele>339.66796875</ele>
 <time>2020-07-17T13:23:35Z</time>
 </trkpt>
 <trkpt lat="62.159217093139887" lon="-7.068518288433552">
 <ele>339.6328125</ele>
 <time>2020-07-17T13:23:46Z</time>
 </trkpt>
 <trkpt lat="62.159119360148907" lon="-7.068464811891317">
 <ele>340.921875</ele>
 <time>2020-07-17T13:23:55Z</time>
 </trkpt>
 <trkpt lat="62.159019699320197" lon="-7.068495992571116">
 <ele>341.3671875</ele>
 <time>2020-07-17T13:24:04Z</time>
 </trkpt>
 <trkpt lat="62.158926744014025" lon="-7.06850697286427">
 <ele>341.96875</ele>
 <time>2020-07-17T13:24:14Z</time>
 </trkpt>
 <trkpt lat="62.158853569999337" lon="-7.068372024223208">
 <ele>343.83984375</ele>
 <time>2020-07-17T13:24:24Z</time>
 </trkpt>
 <trkpt lat="62.158776959404349" lon="-7.068243781104684">
 <ele>345.6171875</ele>
 <time>2020-07-17T13:24:33Z</time>
 </trkpt>
 <trkpt lat="62.158700013533235" lon="-7.068099025636911">
 <ele>347.34375</ele>
 <time>2020-07-17T13:24:41Z</time>
 </trkpt>
 <trkpt lat="62.15862943790853" lon="-7.067961394786835">
 <ele>348.8828125</ele>
 <time>2020-07-17T13:24:57Z</time>
 </trkpt>
 <trkpt lat="62.158527011051774" lon="-7.067879419773817">
 <ele>350.12109375</ele>
 <time>2020-07-17T13:25:13Z</time>
 </trkpt>
 <trkpt lat="62.158417878672481" lon="-7.06794454716146">
 <ele>350.21484375</ele>
 <time>2020-07-17T13:25:23Z</time>
 </trkpt>
 <trkpt lat="62.15832844376564" lon="-7.068107994273305">
 <ele>349.453125</ele>
 <time>2020-07-17T13:25:39Z</time>
 </trkpt>
 <trkpt lat="62.158262059092522" lon="-7.068264400586486">
 <ele>348.51171875</ele>
 <time>2020-07-17T13:25:46Z</time>
 </trkpt>
 <trkpt lat="62.158211516216397" lon="-7.068428434431553">
 <ele>347.23828125</ele>
 <time>2020-07-17T13:25:54Z</time>
 </trkpt>
 <trkpt lat="62.158164577558637" lon="-7.06858023069799">
 <ele>346.0625</ele>
 <time>2020-07-17T13:26:02Z</time>
 </trkpt>
 <trkpt lat="62.158079082146287" lon="-7.068669246509671">
 <ele>345.71875</ele>
 <time>2020-07-17T13:26:15Z</time>
 </trkpt>
 <trkpt lat="62.157984701916575" lon="-7.068742420524359">
 <ele>345.58203125</ele>
 <time>2020-07-17T13:26:23Z</time>
 </trkpt>
 <trkpt lat="62.157896691933274" lon="-7.068823892623186">
 <ele>345.00390625</ele>
 <time>2020-07-17T13:26:30Z</time>
 </trkpt>
 <trkpt lat="62.157810274511576" lon="-7.068858593702316">
 <ele>344.75390625</ele>
 <time>2020-07-17T13:26:39Z</time>
 </trkpt>
 <trkpt lat="62.157720169052482" lon="-7.068871585652232">
 <ele>344.72265625</ele>
 <time>2020-07-17T13:26:47Z</time>
 </trkpt>
 <trkpt lat="62.157636098563671" lon="-7.068938557058573">
 <ele>344.19140625</ele>
 <time>2020-07-17T13:26:54Z</time>
 </trkpt>
 <trkpt lat="62.157556973397732" lon="-7.069027740508318">
 <ele>343.46875</ele>
 <time>2020-07-17T13:27:01Z</time>
 </trkpt>
 <trkpt lat="62.157469717785716" lon="-7.069131089374423">
 <ele>342.60546875</ele>
 <time>2020-07-17T13:27:16Z</time>
 </trkpt>
 <trkpt lat="62.157397549599409" lon="-7.069258242845535">
 <ele>341.546875</ele>
 <time>2020-07-17T13:27:25Z</time>
 </trkpt>
 <trkpt lat="62.157308449968696" lon="-7.069320688024163">
 <ele>341.15625</ele>
 <time>2020-07-17T13:27:34Z</time>
 </trkpt>
 <trkpt lat="62.157207783311605" lon="-7.06934449262917">
 <ele>341.15625</ele>
 <time>2020-07-17T13:27:44Z</time>
 </trkpt>
 <trkpt lat="62.157111475244164" lon="-7.069383300840855">
 <ele>341</ele>
 <time>2020-07-17T13:27:52Z</time>
 </trkpt>
 <trkpt lat="62.157019693404436" lon="-7.069442644715309">
 <ele>340.5</ele>
 <time>2020-07-17T13:27:59Z</time>
 </trkpt>
 <trkpt lat="62.156929336488247" lon="-7.06951841711998">
 <ele>339.86328125</ele>
 <time>2020-07-17T13:28:07Z</time>
 </trkpt>
 <trkpt lat="62.156839650124311" lon="-7.069575414061546">
 <ele>339.3828125</ele>
 <time>2020-07-17T13:28:16Z</time>
 </trkpt>
 <trkpt lat="62.156746359542012" lon="-7.069616569206119">
 <ele>339.0390625</ele>
 <time>2020-07-17T13:28:25Z</time>
 </trkpt>
 <trkpt lat="62.156673101708293" lon="-7.069507017731667">
 <ele>339.95703125</ele>
 <time>2020-07-17T13:28:35Z</time>
 </trkpt>
 <trkpt lat="62.156580146402121" lon="-7.069530319422483">
 <ele>339.76171875</ele>
 <time>2020-07-17T13:28:44Z</time>
 </trkpt>
 <trkpt lat="62.156494231894612" lon="-7.069577425718308">
 <ele>339.3671875</ele>
 <time>2020-07-17T13:28:52Z</time>
 </trkpt>
 <trkpt lat="62.156407311558723" lon="-7.069642804563046">
 <ele>338.81640625</ele>
 <time>2020-07-17T13:29:02Z</time>
 </trkpt>
 <trkpt lat="62.156328437849879" lon="-7.069716146215797">
 <ele>338.19921875</ele>
 <time>2020-07-17T13:29:18Z</time>
 </trkpt>
 <trkpt lat="62.156236236914992" lon="-7.069763671606779">
 <ele>338.015625</ele>
 <time>2020-07-17T13:29:26Z</time>
 </trkpt>
 <trkpt lat="62.156142862513661" lon="-7.069795439019799">
 <ele>338.08203125</ele>
 <time>2020-07-17T13:29:34Z</time>
 </trkpt>
 <trkpt lat="62.156051667407155" lon="-7.069843886420131">
 <ele>338.00390625</ele>
 <time>2020-07-17T13:29:42Z</time>
 </trkpt>
 <trkpt lat="62.155966507270932" lon="-7.069912618026137">
 <ele>337.65625</ele>
 <time>2020-07-17T13:29:49Z</time>
 </trkpt>
 <trkpt lat="62.155873887240887" lon="-7.069990737363696">
 <ele>337.25390625</ele>
 <time>2020-07-17T13:29:57Z</time>
 </trkpt>
 <trkpt lat="62.15578705072403" lon="-7.070030719041824">
 <ele>337.2265625</ele>
 <time>2020-07-17T13:30:05Z</time>
 </trkpt>
 <trkpt lat="62.155687976628542" lon="-7.070099953562021">
 <ele>337.0078125</ele>
 <time>2020-07-17T13:30:16Z</time>
 </trkpt>
 <trkpt lat="62.155580436810851" lon="-7.070155274122953">
 <ele>336.984375</ele>
 <time>2020-07-17T13:30:32Z</time>
 </trkpt>
 <trkpt lat="62.155480273067951" lon="-7.070217719301581">
 <ele>336.90234375</ele>
 <time>2020-07-17T13:30:41Z</time>
 </trkpt>
 <trkpt lat="62.155384635552764" lon="-7.070217803120613">
 <ele>337.3984375</ele>
 <time>2020-07-17T13:31:07Z</time>
 </trkpt>
 <trkpt lat="62.155292183160782" lon="-7.070287708193064">
 <ele>337.3203125</ele>
 <time>2020-07-17T13:31:14Z</time>
 </trkpt>
 <trkpt lat="62.155218087136745" lon="-7.070407988503575">
 <ele>336.75390625</ele>
 <time>2020-07-17T13:32:03Z</time>
 </trkpt>
 <trkpt lat="62.155123874545097" lon="-7.070466242730618">
 <ele>336.8203125</ele>
 <time>2020-07-17T13:32:21Z</time>
 </trkpt>
 <trkpt lat="62.155018011108041" lon="-7.070530615746975">
 <ele>336.921875</ele>
 <time>2020-07-17T13:32:31Z</time>
 </trkpt>
 <trkpt lat="62.154922038316727" lon="-7.070560455322266">
 <ele>337.24609375</ele>
 <time>2020-07-17T13:32:38Z</time>
 </trkpt>
 <trkpt lat="62.154817264527082" lon="-7.070601861923933">
 <ele>337.546875</ele>
 <time>2020-07-17T13:32:45Z</time>
 </trkpt>
 <trkpt lat="62.154724728316069" lon="-7.070650309324265">
 <ele>337.734375</ele>
 <time>2020-07-17T13:32:53Z</time>
 </trkpt>
 <trkpt lat="62.154633365571499" lon="-7.070646872743964">
 <ele>338.30078125</ele>
 <time>2020-07-17T13:33:02Z</time>
 </trkpt>
 <trkpt lat="62.154550300911069" lon="-7.070621391758323">
 <ele>338.1328125</ele>
 <time>2020-07-17T13:33:15Z</time>
 </trkpt>
 <trkpt lat="62.154442090541124" lon="-7.070541260764003">
 <ele>338.2265625</ele>
 <time>2020-07-17T13:33:31Z</time>
 </trkpt>
 <trkpt lat="62.154351565986872" lon="-7.070491136983037">
 <ele>338.19140625</ele>
 <time>2020-07-17T13:33:39Z</time>
 </trkpt>
 <trkpt lat="62.154262382537127" lon="-7.070379825308919">
 <ele>338.6484375</ele>
 <time>2020-07-17T13:33:47Z</time>
 </trkpt>
 <trkpt lat="62.154177809134126" lon="-7.070276644080877">
 <ele>339.08984375</ele>
 <time>2020-07-17T13:33:55Z</time>
 </trkpt>
 <trkpt lat="62.15409005060792" lon="-7.070197267457843">
 <ele>339.35546875</ele>
 <time>2020-07-17T13:34:02Z</time>
 </trkpt>
 <trkpt lat="62.154017966240644" lon="-7.070102719590068">
 <ele>339.82421875</ele>
 <time>2020-07-17T13:34:09Z</time>
 </trkpt>
 <trkpt lat="62.153935572132468" lon="-7.070000125095248">
 <ele>340.34375</ele>
 <time>2020-07-17T13:34:18Z</time>
 </trkpt>
 <trkpt lat="62.153844628483057" lon="-7.069988138973713">
 <ele>340.09765625</ele>
 <time>2020-07-17T13:34:26Z</time>
 </trkpt>
 <trkpt lat="62.153759803622961" lon="-7.069946900010109">
 <ele>339.9453125</ele>
 <time>2020-07-17T13:34:33Z</time>
 </trkpt>
 <trkpt lat="62.153684450313449" lon="-7.069828966632485">
 <ele>340.24609375</ele>
 <time>2020-07-17T13:34:42Z</time>
 </trkpt>
 <trkpt lat="62.153597278520465" lon="-7.069772137328982">
 <ele>339.89453125</ele>
 <time>2020-07-17T13:34:50Z</time>
 </trkpt>
 <trkpt lat="62.153501473367214" lon="-7.06975294277072">
 <ele>339.24609375</ele>
 <time>2020-07-17T13:34:58Z</time>
 </trkpt>
 <trkpt lat="62.153409691527486" lon="-7.06970164552331">
 <ele>338.8671875</ele>
 <time>2020-07-17T13:35:07Z</time>
 </trkpt>
 <trkpt lat="62.153318161144853" lon="-7.069615563377738">
 <ele>338.7734375</ele>
 <time>2020-07-17T13:35:16Z</time>
 </trkpt>
 <trkpt lat="62.153223278000951" lon="-7.069566948339343">
 <ele>338.4140625</ele>
 <time>2020-07-17T13:35:24Z</time>
 </trkpt>
 <trkpt lat="62.153137112036347" lon="-7.069479357451201">
 <ele>338.45703125</ele>
 <time>2020-07-17T13:35:33Z</time>
 </trkpt>
 <trkpt lat="62.153045078739524" lon="-7.069391934201121">
 <ele>338.5</ele>
 <time>2020-07-17T13:35:42Z</time>
 </trkpt>
 <trkpt lat="62.152960756793618" lon="-7.069294536486268">
 <ele>338.7421875</ele>
 <time>2020-07-17T13:35:50Z</time>
 </trkpt>
 <trkpt lat="62.152865119278431" lon="-7.069235779345036">
 <ele>339.1796875</ele>
 <time>2020-07-17T13:35:59Z</time>
 </trkpt>
 <trkpt lat="62.152772080153227" lon="-7.069141734391451">
 <ele>339.96484375</ele>
 <time>2020-07-17T13:36:25Z</time>
 </trkpt>
 <trkpt lat="62.152710473164916" lon="-7.06897946074605">
 <ele>341.39453125</ele>
 <time>2020-07-17T13:36:33Z</time>
 </trkpt>
 <trkpt lat="62.152619864791632" lon="-7.068877369165421">
 <ele>342.25</ele>
 <time>2020-07-17T13:36:43Z</time>
 </trkpt>
 <trkpt lat="62.152521209791303" lon="-7.068874519318342">
 <ele>342.2734375</ele>
 <time>2020-07-17T13:36:53Z</time>
 </trkpt>
 <trkpt lat="62.152530429884791" lon="-7.068782653659582">
 <ele>343.046875</ele>
 <time>2020-07-17T13:37:15Z</time>
 </trkpt>
 <trkpt lat="62.152582984417677" lon="-7.068616021424532">
 <ele>344.44921875</ele>
 <time>2020-07-17T13:37:26Z</time>
 </trkpt>
 <trkpt lat="62.152614668011665" lon="-7.068429104983807">
 <ele>346.01953125</ele>
 <time>2020-07-17T13:37:39Z</time>
 </trkpt>
 <trkpt lat="62.15266915038228" lon="-7.068271273747087">
 <ele>347.34375</ele>
 <time>2020-07-17T13:37:48Z</time>
 </trkpt>
 <trkpt lat="62.152702761813998" lon="-7.068082178011537">
 <ele>348.84375</ele>
 <time>2020-07-17T13:38:01Z</time>
 </trkpt>
 <trkpt lat="62.152675185352564" lon="-7.067886292934418">
 <ele>350.33984375</ele>
 <time>2020-07-17T13:38:12Z</time>
 </trkpt>
 <trkpt lat="62.152615422382951" lon="-7.067736256867647">
 <ele>351.5234375</ele>
 <time>2020-07-17T13:38:24Z</time>
 </trkpt>
 <trkpt lat="62.152517018839717" lon="-7.067827116698027">
 <ele>350.875</ele>
 <time>2020-07-17T13:38:34Z</time>
 </trkpt>
 <trkpt lat="62.152420710772276" lon="-7.067845892161131">
 <ele>350.77734375</ele>
 <time>2020-07-17T13:38:43Z</time>
 </trkpt>
 <trkpt lat="62.152320211753249" lon="-7.067830553278327">
 <ele>350.94921875</ele>
 <time>2020-07-17T13:38:51Z</time>
 </trkpt>
 <trkpt lat="62.152232956141233" lon="-7.06781554967165">
 <ele>351.12109375</ele>
 <time>2020-07-17T13:38:58Z</time>
 </trkpt>
 <trkpt lat="62.152133965864778" lon="-7.067752098664641">
 <ele>351.70703125</ele>
 <time>2020-07-17T13:39:07Z</time>
 </trkpt>
 <trkpt lat="62.152042100206017" lon="-7.067761905491352">
 <ele>351.78515625</ele>
 <time>2020-07-17T13:39:14Z</time>
 </trkpt>
 <trkpt lat="62.151945121586323" lon="-7.067814879119396">
 <ele>351.52734375</ele>
 <time>2020-07-17T13:39:22Z</time>
 </trkpt>
 <trkpt lat="62.151843449100852" lon="-7.067803060635924">
 <ele>351.80859375</ele>
 <time>2020-07-17T13:39:30Z</time>
 </trkpt>
 <trkpt lat="62.151753678917885" lon="-7.067787386476994">
 <ele>352.09765625</ele>
 <time>2020-07-17T13:39:39Z</time>
 </trkpt>
 <trkpt lat="62.151660472154617" lon="-7.067723935469985">
 <ele>352.7578125</ele>
 <time>2020-07-17T13:39:49Z</time>
 </trkpt>
 <trkpt lat="62.151569193229079" lon="-7.06769241951406">
 <ele>353.15625</ele>
 <time>2020-07-17T13:39:58Z</time>
 </trkpt>
 <trkpt lat="62.151477327570319" lon="-7.067680936306715">
 <ele>353.39453125</ele>
 <time>2020-07-17T13:40:06Z</time>
 </trkpt>
 <trkpt lat="62.151382695883512" lon="-7.067687977105379">
 <ele>353.5</ele>
 <time>2020-07-17T13:40:15Z</time>
 </trkpt>
 <trkpt lat="62.15128437615931" lon="-7.067650929093361">
 <ele>353.91015625</ele>
 <time>2020-07-17T13:40:27Z</time>
 </trkpt>
 <trkpt lat="62.151179686188698" lon="-7.067629052326083">
 <ele>354.06640625</ele>
 <time>2020-07-17T13:40:41Z</time>
 </trkpt>
 <trkpt lat="62.151074660941958" lon="-7.067613378167152">
 <ele>354.1796875</ele>
 <time>2020-07-17T13:40:50Z</time>
 </trkpt>
 <trkpt lat="62.150979358702898" lon="-7.067634668201208">
 <ele>354.0234375</ele>
 <time>2020-07-17T13:41:01Z</time>
 </trkpt>
 <trkpt lat="62.150880200788379" lon="-7.067632572725415">
 <ele>354.0390625</ele>
 <time>2020-07-17T13:41:09Z</time>
 </trkpt>
 <trkpt lat="62.15078447945416" lon="-7.067662747576833">
 <ele>353.82421875</ele>
 <time>2020-07-17T13:41:18Z</time>
 </trkpt>
 <trkpt lat="62.150699570775032" lon="-7.067722259089351">
 <ele>353.39453125</ele>
 <time>2020-07-17T13:41:27Z</time>
 </trkpt>
 <trkpt lat="62.150603597983718" lon="-7.067737765610218">
 <ele>353.28125</ele>
 <time>2020-07-17T13:41:35Z</time>
 </trkpt>
 <trkpt lat="62.15051868930459" lon="-7.067775735631585">
 <ele>353.0078125</ele>
 <time>2020-07-17T13:41:46Z</time>
 </trkpt>
 <trkpt lat="62.150422297418118" lon="-7.067816723138094">
 <ele>352.609375</ele>
 <time>2020-07-17T13:41:57Z</time>
 </trkpt>
 <trkpt lat="62.15033252723515" lon="-7.067856704816222">
 <ele>352.10546875</ele>
 <time>2020-07-17T13:42:12Z</time>
 </trkpt>
 <trkpt lat="62.150259437039495" lon="-7.067992240190506">
 <ele>350.953125</ele>
 <time>2020-07-17T13:42:27Z</time>
 </trkpt>
 <trkpt lat="62.150163128972054" lon="-7.067970028147101">
 <ele>350.8828125</ele>
 <time>2020-07-17T13:42:39Z</time>
 </trkpt>
 <trkpt lat="62.150064641609788" lon="-7.067956030368805">
 <ele>350.74609375</ele>
 <time>2020-07-17T13:42:49Z</time>
 </trkpt>
 <trkpt lat="62.149952575564384" lon="-7.06793675199151">
 <ele>350.6171875</ele>
 <time>2020-07-17T13:42:58Z</time>
 </trkpt>
 <trkpt lat="62.149859955534339" lon="-7.067904230207205">
 <ele>350.62890625</ele>
 <time>2020-07-17T13:43:09Z</time>
 </trkpt>
 <trkpt lat="62.149776890873909" lon="-7.067820411175489">
 <ele>351.03515625</ele>
 <time>2020-07-17T13:43:21Z</time>
 </trkpt>
 <trkpt lat="62.149674631655216" lon="-7.067828709259629">
 <ele>350.7265625</ele>
 <time>2020-07-17T13:43:35Z</time>
 </trkpt>
 <trkpt lat="62.149570779874921" lon="-7.067872546613216">
 <ele>350.4765625</ele>
 <time>2020-07-17T13:43:47Z</time>
 </trkpt>
 <trkpt lat="62.14945544488728" lon="-7.067877743393183">
 <ele>350.75</ele>
 <time>2020-07-17T13:44:03Z</time>
 </trkpt>
 <trkpt lat="62.149349329993129" lon="-7.067951252683997">
 <ele>350.56640625</ele>
 <time>2020-07-17T13:44:14Z</time>
 </trkpt>
 <trkpt lat="62.149249585345387" lon="-7.067988887429237">
 <ele>350.62890625</ele>
 <time>2020-07-17T13:44:25Z</time>
 </trkpt>
 <trkpt lat="62.149164509028196" lon="-7.068091565743089">
 <ele>350.28125</ele>
 <time>2020-07-17T13:44:34Z</time>
 </trkpt>
 <trkpt lat="62.14908161200583" lon="-7.068151831626892">
 <ele>350.21875</ele>
 <time>2020-07-17T13:44:44Z</time>
 </trkpt>
 <trkpt lat="62.148971054702997" lon="-7.068200446665287">
 <ele>350.34765625</ele>
 <time>2020-07-17T13:45:00Z</time>
 </trkpt>
 <trkpt lat="62.148878686130047" lon="-7.068275632336736">
 <ele>350.30078125</ele>
 <time>2020-07-17T13:45:10Z</time>
 </trkpt>
 <trkpt lat="62.148778270930052" lon="-7.068363390862942">
 <ele>350.39453125</ele>
 <time>2020-07-17T13:45:26Z</time>
 </trkpt>
 <trkpt lat="62.148695290088654" lon="-7.068430529907346">
 <ele>350.90234375</ele>
 <time>2020-07-17T13:45:36Z</time>
 </trkpt>
 <trkpt lat="62.148608285933733" lon="-7.068520719185472">
 <ele>351.359375</ele>
 <time>2020-07-17T13:45:46Z</time>
 </trkpt>
 <trkpt lat="62.148515498265624" lon="-7.068585678935051">
 <ele>352.0078125</ele>
 <time>2020-07-17T13:45:58Z</time>
 </trkpt>
 <trkpt lat="62.14840879663825" lon="-7.068533878773451">
 <ele>353.3125</ele>
 <time>2020-07-17T13:46:13Z</time>
 </trkpt>
 <trkpt lat="62.148320702835917" lon="-7.068481827154756">
 <ele>354.41796875</ele>
 <time>2020-07-17T13:46:29Z</time>
 </trkpt>
 <trkpt lat="62.148240823298693" lon="-7.068352997303009">
 <ele>355.734375</ele>
 <time>2020-07-17T13:46:44Z</time>
 </trkpt>
 <trkpt lat="62.148149963468313" lon="-7.068345369771123">
 <ele>356.65625</ele>
 <time>2020-07-17T13:46:53Z</time>
 </trkpt>
 <trkpt lat="62.148078214377165" lon="-7.068477049469948">
 <ele>356.86328125</ele>
 <time>2020-07-17T13:47:13Z</time>
 </trkpt>
 <trkpt lat="62.148011662065983" lon="-7.068552989512682">
 <ele>357.25390625</ele>
 <time>2020-07-17T13:47:32Z</time>
 </trkpt>
 <trkpt lat="62.147904206067324" lon="-7.068605376407504">
 <ele>358.04296875</ele>
 <time>2020-07-17T13:47:45Z</time>
 </trkpt>
 <trkpt lat="62.147825919091702" lon="-7.068618703633547">
 <ele>358.65625</ele>
 <time>2020-07-17T13:48:03Z</time>
 </trkpt>
 <trkpt lat="62.147719971835613" lon="-7.068727752193809">
 <ele>359.234375</ele>
 <time>2020-07-17T13:48:21Z</time>
 </trkpt>
 <trkpt lat="62.147631794214249" lon="-7.068666145205498">
 <ele>360.16796875</ele>
 <time>2020-07-17T13:52:27Z</time>
 </trkpt>
 <trkpt lat="62.147544538602233" lon="-7.068670503795147">
 <ele>360.90625</ele>
 <time>2020-07-17T13:52:36Z</time>
 </trkpt>
 <trkpt lat="62.14746474288404" lon="-7.068572016432881">
 <ele>361.8046875</ele>
 <time>2020-07-17T13:52:46Z</time>
 </trkpt>
 <trkpt lat="62.147373044863343" lon="-7.068510912358761">
 <ele>362.6796875</ele>
 <time>2020-07-17T13:52:55Z</time>
 </trkpt>
 <trkpt lat="62.147281346842647" lon="-7.068442516028881">
 <ele>363.53515625</ele>
 <time>2020-07-17T13:53:05Z</time>
 </trkpt>
 <trkpt lat="62.147190906107426" lon="-7.068385351449251">
 <ele>364.328125</ele>
 <time>2020-07-17T13:53:14Z</time>
 </trkpt>
 <trkpt lat="62.146816067397594" lon="-7.068913578987122">
 <ele>367.46875</ele>
 <time>2020-07-17T15:18:00Z</time>
 </trkpt>
 <trkpt lat="62.146813552826643" lon="-7.069118684157729">
 <ele>367.484375</ele>
 <time>2020-07-17T15:18:16Z</time>
 </trkpt>
 <trkpt lat="62.146714814007282" lon="-7.069114660844207">
 <ele>368.5859375</ele>
 <time>2020-07-17T15:18:24Z</time>
 </trkpt>
 <trkpt lat="62.146612890064716" lon="-7.0691651199013">
 <ele>369.78125</ele>
 <time>2020-07-17T15:18:34Z</time>
 </trkpt>
 <trkpt lat="62.146525718271732" lon="-7.069182554259896">
 <ele>370.80078125</ele>
 <time>2020-07-17T15:18:41Z</time>
 </trkpt>
 <trkpt lat="62.146448018029332" lon="-7.069291519001126">
 <ele>371.8828125</ele>
 <time>2020-07-17T15:18:50Z</time>
 </trkpt>
 <trkpt lat="62.146354559808969" lon="-7.069340804591775">
 <ele>373.109375</ele>
 <time>2020-07-17T15:18:59Z</time>
 </trkpt>
 <trkpt lat="62.146262358874083" lon="-7.069381959736347">
 <ele>374.55078125</ele>
 <time>2020-07-17T15:19:10Z</time>
 </trkpt>
 <trkpt lat="62.1461630333215" lon="-7.069372907280922">
 <ele>376.296875</ele>
 <time>2020-07-17T15:19:25Z</time>
 </trkpt>
 <trkpt lat="62.146082064136863" lon="-7.069419594481587">
 <ele>377.87890625</ele>
 <time>2020-07-17T15:19:36Z</time>
 </trkpt>
 <trkpt lat="62.145995646715164" lon="-7.06947491504252">
 <ele>379.61328125</ele>
 <time>2020-07-17T15:19:46Z</time>
 </trkpt>
 <trkpt lat="62.145897662267089" lon="-7.069589663296938">
 <ele>381.796875</ele>
 <time>2020-07-17T15:19:59Z</time>
 </trkpt>
 <trkpt lat="62.145813088864088" lon="-7.069698963314295">
 <ele>383.7734375</ele>
 <time>2020-07-17T15:20:07Z</time>
 </trkpt>
 <trkpt lat="62.145720552653074" lon="-7.069800803437829">
 <ele>385.921875</ele>
 <time>2020-07-17T15:20:16Z</time>
 </trkpt>
 <trkpt lat="62.145630111917853" lon="-7.069868026301265">
 <ele>387.9375</ele>
 <time>2020-07-17T15:20:25Z</time>
 </trkpt>
 <trkpt lat="62.145531037822366" lon="-7.069947402924299">
 <ele>390.21484375</ele>
 <time>2020-07-17T15:20:35Z</time>
 </trkpt>
 <trkpt lat="62.145444536581635" lon="-7.070099702104926">
 <ele>392.515625</ele>
 <time>2020-07-17T15:20:46Z</time>
 </trkpt>
 <trkpt lat="62.145352754741907" lon="-7.070189137011766">
 <ele>394.28515625</ele>
 <time>2020-07-17T15:20:56Z</time>
 </trkpt>
 <trkpt lat="62.145249070599675" lon="-7.070347387343645">
 <ele>396.46484375</ele>
 <time>2020-07-17T15:21:07Z</time>
 </trkpt>
 <trkpt lat="62.145160641521215" lon="-7.070404551923275">
 <ele>397.94140625</ele>
 <time>2020-07-17T15:21:17Z</time>
 </trkpt>
 <trkpt lat="62.145065674558282" lon="-7.070512175559998">
 <ele>399.66796875</ele>
 <time>2020-07-17T15:21:26Z</time>
 </trkpt>
 <trkpt lat="62.144979005679488" lon="-7.070543104782701">
 <ele>400.9609375</ele>
 <time>2020-07-17T15:21:34Z</time>
 </trkpt>
 <trkpt lat="62.144889738410711" lon="-7.070603370666504">
 <ele>402.3671875</ele>
 <time>2020-07-17T15:21:43Z</time>
 </trkpt>
 <trkpt lat="62.144800890237093" lon="-7.070672437548637">
 <ele>403.76171875</ele>
 <time>2020-07-17T15:21:52Z</time>
 </trkpt>
 <trkpt lat="62.144717155024409" lon="-7.070761453360319">
 <ele>405.0234375</ele>
 <time>2020-07-17T15:22:01Z</time>
 </trkpt>
 <trkpt lat="62.144622523337603" lon="-7.070855163037777">
 <ele>406.19921875</ele>
 <time>2020-07-17T15:22:13Z</time>
 </trkpt>
 <trkpt lat="62.14451833628118" lon="-7.070913249626756">
 <ele>406.2578125</ele>
 <time>2020-07-17T15:22:22Z</time>
 </trkpt>
 <trkpt lat="62.144432002678514" lon="-7.071014000102878">
 <ele>406.25390625</ele>
 <time>2020-07-17T15:22:33Z</time>
 </trkpt>
 <trkpt lat="62.144340053200722" lon="-7.071069572120905">
 <ele>406.1640625</ele>
 <time>2020-07-17T15:22:46Z</time>
 </trkpt>
 <trkpt lat="62.144254641607404" lon="-7.071154648438096">
 <ele>405.99609375</ele>
 <time>2020-07-17T15:23:01Z</time>
 </trkpt>
 <trkpt lat="62.144162692129612" lon="-7.071211310103536">
 <ele>405.7734375</ele>
 <time>2020-07-17T15:23:11Z</time>
 </trkpt>
 <trkpt lat="62.144102174788713" lon="-7.071344750002027">
 <ele>405.4140625</ele>
 <time>2020-07-17T15:23:19Z</time>
 </trkpt>
 <trkpt lat="62.144026067107916" lon="-7.071483135223389">
 <ele>404.8984375</ele>
 <time>2020-07-17T15:23:33Z</time>
 </trkpt>
 <trkpt lat="62.143948450684547" lon="-7.071582293137908">
 <ele>404.3515625</ele>
 <time>2020-07-17T15:23:44Z</time>
 </trkpt>
 <trkpt lat="62.143862452358007" lon="-7.071617497131228">
 <ele>403.90234375</ele>
 <time>2020-07-17T15:23:53Z</time>
 </trkpt>
 <trkpt lat="62.143773604184389" lon="-7.071659658104181">
 <ele>403.21484375</ele>
 <time>2020-07-17T15:24:01Z</time>
 </trkpt>
 <trkpt lat="62.143697328865528" lon="-7.071731239557266">
 <ele>402.1484375</ele>
 <time>2020-07-17T15:24:10Z</time>
 </trkpt>
 <trkpt lat="62.143621640279889" lon="-7.071810699999332">
 <ele>401.00390625</ele>
 <time>2020-07-17T15:24:19Z</time>
 </trkpt>
 <trkpt lat="62.14352491311729" lon="-7.071848334744573">
 <ele>399.7734375</ele>
 <time>2020-07-17T15:24:30Z</time>
 </trkpt>
 <trkpt lat="62.1434311196208" lon="-7.071860069409013">
 <ele>398.6796875</ele>
 <time>2020-07-17T15:24:38Z</time>
 </trkpt>
 <trkpt lat="62.143333218991756" lon="-7.071859315037727">
 <ele>397.6015625</ele>
 <time>2020-07-17T15:24:46Z</time>
 </trkpt>
 <trkpt lat="62.143237665295601" lon="-7.071853699162602">
 <ele>396.58203125</ele>
 <time>2020-07-17T15:24:54Z</time>
 </trkpt>
 <trkpt lat="62.143133897334337" lon="-7.071853866800666">
 <ele>395.43359375</ele>
 <time>2020-07-17T15:25:02Z</time>
 </trkpt>
 <trkpt lat="62.143040439113975" lon="-7.071816399693489">
 <ele>394.6640625</ele>
 <time>2020-07-17T15:25:09Z</time>
 </trkpt>
 <trkpt lat="62.142951590940356" lon="-7.071786057204008">
 <ele>393.94140625</ele>
 <time>2020-07-17T15:25:16Z</time>
 </trkpt>
 <trkpt lat="62.142855701968074" lon="-7.071783542633057">
 <ele>393.046875</ele>
 <time>2020-07-17T15:25:24Z</time>
 </trkpt>
 <trkpt lat="62.142765680328012" lon="-7.071765186265111">
 <ele>392.3359375</ele>
 <time>2020-07-17T15:25:31Z</time>
 </trkpt>
 <trkpt lat="62.142671467736363" lon="-7.071747835725546">
 <ele>391.59375</ele>
 <time>2020-07-17T15:25:39Z</time>
 </trkpt>
 <trkpt lat="62.142583206295967" lon="-7.07174263894558">
 <ele>390.8125</ele>
 <time>2020-07-17T15:25:48Z</time>
 </trkpt>
 <trkpt lat="62.142492011189461" lon="-7.071837605908513">
 <ele>389.08203125</ele>
 <time>2020-07-17T15:25:57Z</time>
 </trkpt>
 <trkpt lat="62.142405426129699" lon="-7.071868199855089">
 <ele>387.94140625</ele>
 <time>2020-07-17T15:26:04Z</time>
 </trkpt>
 <trkpt lat="62.142317835241556" lon="-7.071876414120197">
 <ele>386.9921875</ele>
 <time>2020-07-17T15:26:13Z</time>
 </trkpt>
 <trkpt lat="62.142222449183464" lon="-7.07196207717061">
 <ele>385.15234375</ele>
 <time>2020-07-17T15:26:22Z</time>
 </trkpt>
 <trkpt lat="62.142124883830547" lon="-7.071964172646403">
 <ele>384.19921875</ele>
 <time>2020-07-17T15:26:31Z</time>
 </trkpt>
 <trkpt lat="62.142026899382472" lon="-7.071994096040726">
 <ele>383.4375</ele>
 <time>2020-07-17T15:26:40Z</time>
 </trkpt>
 <trkpt lat="62.141952132806182" lon="-7.072137845680118">
 <ele>381.4375</ele>
 <time>2020-07-17T15:26:49Z</time>
 </trkpt>
 <trkpt lat="62.141866805031896" lon="-7.072079004719853">
 <ele>381.7109375</ele>
 <time>2020-07-17T15:26:59Z</time>
 </trkpt>
 <trkpt lat="62.141773095354438" lon="-7.072066012769938">
 <ele>381.421875</ele>
 <time>2020-07-17T15:27:11Z</time>
 </trkpt>
 <trkpt lat="62.141672763973475" lon="-7.072089817374945">
 <ele>380.640625</ele>
 <time>2020-07-17T15:27:19Z</time>
 </trkpt>
 <trkpt lat="62.141579557210207" lon="-7.072098702192307">
 <ele>380.07421875</ele>
 <time>2020-07-17T15:27:26Z</time>
 </trkpt>
 <trkpt lat="62.1414814889431" lon="-7.072127535939217">
 <ele>379.19921875</ele>
 <time>2020-07-17T15:27:34Z</time>
 </trkpt>
 <trkpt lat="62.141399849206209" lon="-7.072194758802652">
 <ele>377.8515625</ele>
 <time>2020-07-17T15:27:45Z</time>
 </trkpt>
 <trkpt lat="62.141319885849953" lon="-7.072202553972602">
 <ele>377.31640625</ele>
 <time>2020-07-17T15:27:57Z</time>
 </trkpt>
 <trkpt lat="62.14123229496181" lon="-7.0722112711519">
 <ele>376.921875</ele>
 <time>2020-07-17T15:28:09Z</time>
 </trkpt>
 <trkpt lat="62.141136657446623" lon="-7.072175899520516">
 <ele>377.23046875</ele>
 <time>2020-07-17T15:28:20Z</time>
 </trkpt>
 <trkpt lat="62.141047306358814" lon="-7.072134409099817">
 <ele>377.703125</ele>
 <time>2020-07-17T15:28:30Z</time>
 </trkpt>
 <trkpt lat="62.140959883108735" lon="-7.072078669443727">
 <ele>378.46875</ele>
 <time>2020-07-17T15:28:41Z</time>
 </trkpt>
 <trkpt lat="62.140881679952145" lon="-7.072032317519188">
 <ele>379.15234375</ele>
 <time>2020-07-17T15:28:58Z</time>
 </trkpt>
 <trkpt lat="62.14079400524497" lon="-7.07213843241334">
 <ele>377.125</ele>
 <time>2020-07-17T15:29:52Z</time>
 </trkpt>
 <trkpt lat="62.140830550342798" lon="-7.07229676656425">
 <ele>374.375</ele>
 <time>2020-07-17T15:30:07Z</time>
 </trkpt>
 <trkpt lat="62.140733739361167" lon="-7.072357870638371">
 <ele>372.94140625</ele>
 <time>2020-07-17T15:30:20Z</time>
 </trkpt>
 <trkpt lat="62.140637850388885" lon="-7.07228846848011">
 <ele>373.92578125</ele>
 <time>2020-07-17T15:30:28Z</time>
 </trkpt>
 <trkpt lat="62.140539782121778" lon="-7.07224496640265">
 <ele>374.48828125</ele>
 <time>2020-07-17T15:30:37Z</time>
 </trkpt>
 <trkpt lat="62.140450933948159" lon="-7.072184281423688">
 <ele>375.5234375</ele>
 <time>2020-07-17T15:30:45Z</time>
 </trkpt>
 <trkpt lat="62.140363343060017" lon="-7.072158548980951">
 <ele>375.9921875</ele>
 <time>2020-07-17T15:30:52Z</time>
 </trkpt>
 <trkpt lat="62.140279356390238" lon="-7.072103731334209">
 <ele>377.08984375</ele>
 <time>2020-07-17T15:31:01Z</time>
 </trkpt>
 <trkpt lat="62.14018514379859" lon="-7.072067772969604">
 <ele>377.80859375</ele>
 <time>2020-07-17T15:31:09Z</time>
 </trkpt>
 <trkpt lat="62.140084560960531" lon="-7.072046650573611">
 <ele>378.2265625</ele>
 <time>2020-07-17T15:31:17Z</time>
 </trkpt>
 <trkpt lat="62.139972243458033" lon="-7.071989821270108">
 <ele>379.4375</ele>
 <time>2020-07-17T15:31:29Z</time>
 </trkpt>
 <trkpt lat="62.139874175190926" lon="-7.072013625875115">
 <ele>378.89453125</ele>
 <time>2020-07-17T15:31:43Z</time>
 </trkpt>
 <trkpt lat="62.139784237369895" lon="-7.072043465450406">
 <ele>378.20703125</ele>
 <time>2020-07-17T15:31:51Z</time>
 </trkpt>
 <trkpt lat="62.139685750007629" lon="-7.072080429643393">
 <ele>377.33984375</ele>
 <time>2020-07-17T15:32:00Z</time>
 </trkpt>
 <trkpt lat="62.139585167169571" lon="-7.072081351652741">
 <ele>377.0859375</ele>
 <time>2020-07-17T15:32:12Z</time>
 </trkpt>
 <trkpt lat="62.13948106393218" lon="-7.072074310854077">
 <ele>376.83203125</ele>
 <time>2020-07-17T15:32:23Z</time>
 </trkpt>
 <trkpt lat="62.139384839683771" lon="-7.072153771296144">
 <ele>374.578125</ele>
 <time>2020-07-17T15:32:33Z</time>
 </trkpt>
 <trkpt lat="62.139311833307147" lon="-7.072296431288123">
 <ele>370.8828125</ele>
 <time>2020-07-17T15:32:46Z</time>
 </trkpt>
 <trkpt lat="62.139218039810658" lon="-7.072398606687784">
 <ele>368.3125</ele>
 <time>2020-07-17T15:32:58Z</time>
 </trkpt>
 <trkpt lat="62.139125587418675" lon="-7.072456777095795">
 <ele>366.9140625</ele>
 <time>2020-07-17T15:33:06Z</time>
 </trkpt>
 <trkpt lat="62.139031710103154" lon="-7.072477648034692">
 <ele>366.10546875</ele>
 <time>2020-07-17T15:33:14Z</time>
 </trkpt>
 <trkpt lat="62.138926014304161" lon="-7.072485946118832">
 <ele>365.44140625</ele>
 <time>2020-07-17T15:33:25Z</time>
 </trkpt>
 <trkpt lat="62.138818642124534" lon="-7.072502207010984">
 <ele>364.6328125</ele>
 <time>2020-07-17T15:33:34Z</time>
 </trkpt>
 <trkpt lat="62.13871244341135" lon="-7.072497010231018">
 <ele>363.64453125</ele>
 <time>2020-07-17T15:33:43Z</time>
 </trkpt>
 <trkpt lat="62.138624265789986" lon="-7.072449065744877">
 <ele>363.49609375</ele>
 <time>2020-07-17T15:33:52Z</time>
 </trkpt>
 <trkpt lat="62.138524102047086" lon="-7.072426937520504">
 <ele>362.78515625</ele>
 <time>2020-07-17T15:34:02Z</time>
 </trkpt>
 <trkpt lat="62.13841388002038" lon="-7.07246532663703">
 <ele>360.94921875</ele>
 <time>2020-07-17T15:34:15Z</time>
 </trkpt>
 <trkpt lat="62.138314554467797" lon="-7.072561634704471">
 <ele>358.2578125</ele>
 <time>2020-07-17T15:34:25Z</time>
 </trkpt>
 <trkpt lat="62.138241799548268" lon="-7.072691973298788">
 <ele>355.28125</ele>
 <time>2020-07-17T15:34:35Z</time>
 </trkpt>
 <trkpt lat="62.138150688260794" lon="-7.072785599157214">
 <ele>352.72265625</ele>
 <time>2020-07-17T15:34:52Z</time>
 </trkpt>
 <trkpt lat="62.138049267232418" lon="-7.072794232517481">
 <ele>351.48046875</ele>
 <time>2020-07-17T15:35:00Z</time>
 </trkpt>
 <trkpt lat="62.137959664687514" lon="-7.072839830070734">
 <ele>349.75</ele>
 <time>2020-07-17T15:35:07Z</time>
 </trkpt>
 <trkpt lat="62.137875678017735" lon="-7.072831280529499">
 <ele>349.015625</ele>
 <time>2020-07-17T15:35:17Z</time>
 </trkpt>
 <trkpt lat="62.137822955846786" lon="-7.073006629943848">
 <ele>345.66796875</ele>
 <time>2020-07-17T15:35:35Z</time>
 </trkpt>
 <trkpt lat="62.137727653607726" lon="-7.073029009625316">
 <ele>344.421875</ele>
 <time>2020-07-17T15:35:44Z</time>
 </trkpt>
 <trkpt lat="62.137618353590369" lon="-7.073051054030657">
 <ele>343.07421875</ele>
 <time>2020-07-17T15:35:53Z</time>
 </trkpt>
 <trkpt lat="62.13752799667418" lon="-7.073147194460034">
 <ele>340.875</ele>
 <time>2020-07-17T15:36:02Z</time>
 </trkpt>
 <trkpt lat="62.137430682778358" lon="-7.073195222765207">
 <ele>339.390625</ele>
 <time>2020-07-17T15:36:12Z</time>
 </trkpt>
 <trkpt lat="62.137327333912253" lon="-7.073236964643002">
 <ele>338.09765625</ele>
 <time>2020-07-17T15:36:22Z</time>
 </trkpt>
 <trkpt lat="62.137226164340973" lon="-7.073272671550512">
 <ele>336.91015625</ele>
 <time>2020-07-17T15:36:31Z</time>
 </trkpt>
 <trkpt lat="62.137128179892898" lon="-7.073357831686735">
 <ele>335.30859375</ele>
 <time>2020-07-17T15:36:40Z</time>
 </trkpt>
 <trkpt lat="62.137036984786391" lon="-7.073372919112444">
 <ele>334.52734375</ele>
 <time>2020-07-17T15:36:49Z</time>
 </trkpt>
 <trkpt lat="62.136935731396079" lon="-7.073371494188905">
 <ele>333.83984375</ele>
 <time>2020-07-17T15:36:59Z</time>
 </trkpt>
 <trkpt lat="62.136825677007437" lon="-7.073436202481389">
 <ele>332.484375</ele>
 <time>2020-07-17T15:37:08Z</time>
 </trkpt>
 <trkpt lat="62.136723669245839" lon="-7.073488086462021">
 <ele>331.31640625</ele>
 <time>2020-07-17T15:37:16Z</time>
 </trkpt>
 <trkpt lat="62.136623002588749" lon="-7.073502084240317">
 <ele>330.51171875</ele>
 <time>2020-07-17T15:37:25Z</time>
 </trkpt>
 <trkpt lat="62.136528370901942" lon="-7.073484230786562">
 <ele>330.02734375</ele>
 <time>2020-07-17T15:37:33Z</time>
 </trkpt>
 <trkpt lat="62.13642762042582" lon="-7.073477357625961">
 <ele>329.40234375</ele>
 <time>2020-07-17T15:37:42Z</time>
 </trkpt>
 <trkpt lat="62.136328630149364" lon="-7.073461348190904">
 <ele>328.8671875</ele>
 <time>2020-07-17T15:37:52Z</time>
 </trkpt>
 <trkpt lat="62.136226370930672" lon="-7.073436873033643">
 <ele>328.31640625</ele>
 <time>2020-07-17T15:38:01Z</time>
 </trkpt>
 <trkpt lat="62.136115813627839" lon="-7.073441985994577">
 <ele>327.43359375</ele>
 <time>2020-07-17T15:38:11Z</time>
 </trkpt>
 <trkpt lat="62.136018583551049" lon="-7.073442405089736">
 <ele>326.6953125</ele>
 <time>2020-07-17T15:38:21Z</time>
 </trkpt>
 <trkpt lat="62.13592185638845" lon="-7.073408709838986">
 <ele>326.265625</ele>
 <time>2020-07-17T15:38:32Z</time>
 </trkpt>
 <trkpt lat="62.135830661281943" lon="-7.073416421189904">
 <ele>325.5078125</ele>
 <time>2020-07-17T15:38:41Z</time>
 </trkpt>
 <trkpt lat="62.135737873613834" lon="-7.073380295187235">
 <ele>325.14453125</ele>
 <time>2020-07-17T15:38:51Z</time>
 </trkpt>
 <trkpt lat="62.135635865852237" lon="-7.073373841121793">
 <ele>324.44140625</ele>
 <time>2020-07-17T15:39:02Z</time>
 </trkpt>
 <trkpt lat="62.13553830049932" lon="-7.073335787281394">
 <ele>324.07421875</ele>
 <time>2020-07-17T15:39:11Z</time>
 </trkpt>
 <trkpt lat="62.135449787601829" lon="-7.073277616873384">
 <ele>324.04296875</ele>
 <time>2020-07-17T15:39:19Z</time>
 </trkpt>
 <trkpt lat="62.135360101237893" lon="-7.07319681532681">
 <ele>324.38671875</ele>
 <time>2020-07-17T15:39:29Z</time>
 </trkpt>
 <trkpt lat="62.135270414873958" lon="-7.073170663788915">
 <ele>324.19140625</ele>
 <time>2020-07-17T15:39:41Z</time>
 </trkpt>
 <trkpt lat="62.135170418769121" lon="-7.073177453130484">
 <ele>323.65234375</ele>
 <time>2020-07-17T15:39:49Z</time>
 </trkpt>
 <trkpt lat="62.135075535625219" lon="-7.073153648525477">
 <ele>323.4140625</ele>
 <time>2020-07-17T15:39:58Z</time>
 </trkpt>
 <trkpt lat="62.134983921423554" lon="-7.073129173368216">
 <ele>323.19921875</ele>
 <time>2020-07-17T15:40:06Z</time>
 </trkpt>
 <trkpt lat="62.134888032451272" lon="-7.073135795071721">
 <ele>322.6875</ele>
 <time>2020-07-17T15:40:14Z</time>
 </trkpt>
 <trkpt lat="62.134794406592846" lon="-7.07311425358057">
 <ele>322.4453125</ele>
 <time>2020-07-17T15:40:22Z</time>
 </trkpt>
 <trkpt lat="62.134692398831248" lon="-7.073149289935827">
 <ele>321.6328125</ele>
 <time>2020-07-17T15:40:30Z</time>
 </trkpt>
 <trkpt lat="62.134591648355126" lon="-7.073148870840669">
 <ele>321.515625</ele>
 <time>2020-07-17T15:40:39Z</time>
 </trkpt>
 <trkpt lat="62.134493328630924" lon="-7.073050132021308">
 <ele>322.671875</ele>
 <time>2020-07-17T15:40:48Z</time>
 </trkpt>
 <trkpt lat="62.134404983371496" lon="-7.072964468970895">
 <ele>323.66015625</ele>
 <time>2020-07-17T15:40:57Z</time>
 </trkpt>
 <trkpt lat="62.134315716102719" lon="-7.072954662144184">
 <ele>323.9375</ele>
 <time>2020-07-17T15:41:06Z</time>
 </trkpt>
 <trkpt lat="62.134227370843291" lon="-7.072979472577572">
 <ele>323.89453125</ele>
 <time>2020-07-17T15:41:14Z</time>
 </trkpt>
 <trkpt lat="62.134133828803897" lon="-7.072962373495102">
 <ele>324.2421875</ele>
 <time>2020-07-17T15:41:22Z</time>
 </trkpt>
 <trkpt lat="62.134036011993885" lon="-7.072991458699107">
 <ele>324.19140625</ele>
 <time>2020-07-17T15:41:31Z</time>
 </trkpt>
 <trkpt lat="62.133937273174524" lon="-7.072975113987923">
 <ele>324.5390625</ele>
 <time>2020-07-17T15:41:40Z</time>
 </trkpt>
 <trkpt lat="62.133838031440973" lon="-7.072923984378576">
 <ele>325.1796875</ele>
 <time>2020-07-17T15:41:50Z</time>
 </trkpt>
 <trkpt lat="62.133719176054001" lon="-7.072851648554206">
 <ele>326.01953125</ele>
 <time>2020-07-17T15:42:01Z</time>
 </trkpt>
 <trkpt lat="62.133621023967862" lon="-7.072807811200619">
 <ele>326.5625</ele>
 <time>2020-07-17T15:42:09Z</time>
 </trkpt>
 <trkpt lat="62.133527565747499" lon="-7.072712006047368">
 <ele>327.50390625</ele>
 <time>2020-07-17T15:42:17Z</time>
 </trkpt>
 <trkpt lat="62.133432934060693" lon="-7.072626007720828">
 <ele>328.33984375</ele>
 <time>2020-07-17T15:42:25Z</time>
 </trkpt>
 <trkpt lat="62.133365627378225" lon="-7.072481503710151">
 <ele>329.5703125</ele>
 <time>2020-07-17T15:42:36Z</time>
 </trkpt>
 <trkpt lat="62.133270241320133" lon="-7.072429955005646">
 <ele>330.09375</ele>
 <time>2020-07-17T15:42:54Z</time>
 </trkpt>
 <trkpt lat="62.133193798363209" lon="-7.072526765987277">
 <ele>329.46484375</ele>
 <time>2020-07-17T15:43:03Z</time>
 </trkpt>
 <trkpt lat="62.133094891905785" lon="-7.072606729343534">
 <ele>329.01953125</ele>
 <time>2020-07-17T15:43:14Z</time>
 </trkpt>
 <trkpt lat="62.133010653778911" lon="-7.072714352980256">
 <ele>328.37109375</ele>
 <time>2020-07-17T15:43:24Z</time>
 </trkpt>
 <trkpt lat="62.132929684594274" lon="-7.072834800928831">
 <ele>327.2578125</ele>
 <time>2020-07-17T15:43:34Z</time>
 </trkpt>
 <trkpt lat="62.13282348588109" lon="-7.072892719879746">
 <ele>326.16015625</ele>
 <time>2020-07-17T15:43:44Z</time>
 </trkpt>
 <trkpt lat="62.132721059024334" lon="-7.072899425402284">
 <ele>325.45703125</ele>
 <time>2020-07-17T15:43:53Z</time>
 </trkpt>
 <trkpt lat="62.132622990757227" lon="-7.072925912216306">
 <ele>324.6484375</ele>
 <time>2020-07-17T15:44:02Z</time>
 </trkpt>
 <trkpt lat="62.132521737366915" lon="-7.0729192905128">
 <ele>324.046875</ele>
 <time>2020-07-17T15:44:13Z</time>
 </trkpt>
 <trkpt lat="62.132417550310493" lon="-7.072936473414302">
 <ele>323.26953125</ele>
 <time>2020-07-17T15:44:23Z</time>
 </trkpt>
 <trkpt lat="62.132323421537876" lon="-7.072942676022649">
 <ele>322.6328125</ele>
 <time>2020-07-17T15:44:32Z</time>
 </trkpt>
 <trkpt lat="62.132222000509501" lon="-7.072990285232663">
 <ele>321.6953125</ele>
 <time>2020-07-17T15:44:47Z</time>
 </trkpt>
 <trkpt lat="62.132162740454078" lon="-7.073149541392922">
 <ele>320.36328125</ele>
 <time>2020-07-17T15:44:56Z</time>
 </trkpt>
 <trkpt lat="62.132080430164933" lon="-7.073241490870714">
 <ele>318.609375</ele>
 <time>2020-07-17T15:45:04Z</time>
 </trkpt>
 <trkpt lat="62.132010776549578" lon="-7.073392532765865">
 <ele>316.2265625</ele>
 <time>2020-07-17T15:45:13Z</time>
 </trkpt>
 <trkpt lat="62.131974985823035" lon="-7.073588417842984">
 <ele>313.9453125</ele>
 <time>2020-07-17T15:45:22Z</time>
 </trkpt>
 <trkpt lat="62.131928969174623" lon="-7.073780447244644">
 <ele>311.60546875</ele>
 <time>2020-07-17T15:45:32Z</time>
 </trkpt>
 <trkpt lat="62.131840959191322" lon="-7.073845909908414">
 <ele>309.91796875</ele>
 <time>2020-07-17T15:45:42Z</time>
 </trkpt>
 <trkpt lat="62.131751524284482" lon="-7.073893016204238">
 <ele>308.3984375</ele>
 <time>2020-07-17T15:45:57Z</time>
 </trkpt>
 <trkpt lat="62.131672902032733" lon="-7.074020504951477">
 <ele>306.37109375</ele>
 <time>2020-07-17T15:46:10Z</time>
 </trkpt>
 <trkpt lat="62.131597632542253" lon="-7.074155621230602">
 <ele>304.54296875</ele>
 <time>2020-07-17T15:46:20Z</time>
 </trkpt>
 <trkpt lat="62.131515573710203" lon="-7.074293084442616">
 <ele>302.68359375</ele>
 <time>2020-07-17T15:46:29Z</time>
 </trkpt>
 <trkpt lat="62.131448434665799" lon="-7.074449406936765">
 <ele>300.92578125</ele>
 <time>2020-07-17T15:46:37Z</time>
 </trkpt>
 <trkpt lat="62.131371321156621" lon="-7.074603214859963">
 <ele>299.14453125</ele>
 <time>2020-07-17T15:46:45Z</time>
 </trkpt>
 <trkpt lat="62.13128867559135" lon="-7.074730703607202">
 <ele>297.41015625</ele>
 <time>2020-07-17T15:46:54Z</time>
 </trkpt>
 <trkpt lat="62.131204688921571" lon="-7.074834387749434">
 <ele>295.4765625</ele>
 <time>2020-07-17T15:47:05Z</time>
 </trkpt>
 <trkpt lat="62.131119444966316" lon="-7.074952404946089">
 <ele>293.34765625</ele>
 <time>2020-07-17T15:47:15Z</time>
 </trkpt>
 <trkpt lat="62.131064459681511" lon="-7.07511568441987">
 <ele>291.37890625</ele>
 <time>2020-07-17T15:47:37Z</time>
 </trkpt>
 <trkpt lat="62.131049036979675" lon="-7.075277119874954">
 <ele>290.04296875</ele>
 <time>2020-07-17T15:47:48Z</time>
 </trkpt>
 <trkpt lat="62.131020119413733" lon="-7.075453726574779">
 <ele>288.41015625</ele>
 <time>2020-07-17T15:47:57Z</time>
 </trkpt>
 <trkpt lat="62.130947113037109" lon="-7.075600409880281">
 <ele>286.35546875</ele>
 <time>2020-07-17T15:48:06Z</time>
 </trkpt>
 <trkpt lat="62.130860276520252" lon="-7.075628740713">
 <ele>284.90625</ele>
 <time>2020-07-17T15:48:14Z</time>
 </trkpt>
 <trkpt lat="62.130765644833446" lon="-7.075693197548389">
 <ele>283.125</ele>
 <time>2020-07-17T15:48:22Z</time>
 </trkpt>
 <trkpt lat="62.130685681477189" lon="-7.075757570564747">
 <ele>281.60546875</ele>
 <time>2020-07-17T15:48:31Z</time>
 </trkpt>
 <trkpt lat="62.130590379238129" lon="-7.075859913602471">
 <ele>279.625</ele>
 <time>2020-07-17T15:48:40Z</time>
 </trkpt>
 <trkpt lat="62.13049809448421" lon="-7.075925124809146">
 <ele>277.8828125</ele>
 <time>2020-07-17T15:48:49Z</time>
 </trkpt>
 <trkpt lat="62.130402289330959" lon="-7.075984720140696">
 <ele>275.37890625</ele>
 <time>2020-07-17T15:48:58Z</time>
 </trkpt>
 <trkpt lat="62.130306232720613" lon="-7.076073652133346">
 <ele>272.4765625</ele>
 <time>2020-07-17T15:49:08Z</time>
 </trkpt>
 <trkpt lat="62.130213277414441" lon="-7.076150681823492">
 <ele>269.69921875</ele>
 <time>2020-07-17T15:49:17Z</time>
 </trkpt>
 <trkpt lat="62.130123507231474" lon="-7.076263083145022">
 <ele>266.75390625</ele>
 <time>2020-07-17T15:49:27Z</time>
 </trkpt>
 <trkpt lat="62.13005343452096" lon="-7.076395936310291">
 <ele>264.1328125</ele>
 <time>2020-07-17T15:49:36Z</time>
 </trkpt>
 <trkpt lat="62.129992246627808" lon="-7.076562568545342">
 <ele>261.4140625</ele>
 <time>2020-07-17T15:49:45Z</time>
 </trkpt>
 <trkpt lat="62.129952348768711" lon="-7.076775887981057">
 <ele>258.6171875</ele>
 <time>2020-07-17T15:49:58Z</time>
 </trkpt>
 <trkpt lat="62.129906751215458" lon="-7.076967163011432">
 <ele>255.859375</ele>
 <time>2020-07-17T15:50:07Z</time>
 </trkpt>
 <trkpt lat="62.129864422604442" lon="-7.077095322310925">
 <ele>253.71484375</ele>
 <time>2020-07-17T15:50:26Z</time>
 </trkpt>
 <trkpt lat="62.129773730412126" lon="-7.07705894485116">
 <ele>251.734375</ele>
 <time>2020-07-17T15:50:37Z</time>
 </trkpt>
 <trkpt lat="62.129705166444182" lon="-7.076922655105591">
 <ele>251.1484375</ele>
 <time>2020-07-17T15:50:47Z</time>
 </trkpt>
 <trkpt lat="62.129703238606453" lon="-7.076872950419784">
 <ele>251.51953125</ele>
 <time>2020-07-17T15:51:47Z</time>
 </trkpt>
 <trkpt lat="62.129590334370732" lon="-7.076875800266862">
 <ele>248.3203125</ele>
 <time>2020-07-17T15:52:07Z</time>
 </trkpt>
 <trkpt lat="62.129493104293942" lon="-7.076904885470867">
 <ele>245.0390625</ele>
 <time>2020-07-17T15:52:19Z</time>
 </trkpt>
 <trkpt lat="62.129389168694615" lon="-7.076921733096242">
 <ele>241.65234375</ele>
 <time>2020-07-17T15:52:32Z</time>
 </trkpt>
 <trkpt lat="62.129305265843868" lon="-7.076996583491564">
 <ele>238.40625</ele>
 <time>2020-07-17T15:52:49Z</time>
 </trkpt>
 <trkpt lat="62.129265870898962" lon="-7.077184673398733">
 <ele>235.59375</ele>
 <time>2020-07-17T15:53:00Z</time>
 </trkpt>
 <trkpt lat="62.129215998575091" lon="-7.077370835468173">
 <ele>232.453125</ele>
 <time>2020-07-17T15:53:09Z</time>
 </trkpt>
 <trkpt lat="62.1291533857584" lon="-7.077503688633442">
 <ele>229.22265625</ele>
 <time>2020-07-17T15:53:19Z</time>
 </trkpt>
 <trkpt lat="62.129112314432859" lon="-7.077679624781013">
 <ele>226.25</ele>
 <time>2020-07-17T15:53:31Z</time>
 </trkpt>
 <trkpt lat="62.129019191488624" lon="-7.077788254246116">
 <ele>222.30078125</ele>
 <time>2020-07-17T15:53:48Z</time>
 </trkpt>
 <trkpt lat="62.128919865936041" lon="-7.077879197895527">
 <ele>218.32421875</ele>
 <time>2020-07-17T15:53:59Z</time>
 </trkpt>
 <trkpt lat="62.128833783790469" lon="-7.077965782955289">
 <ele>214.8046875</ele>
 <time>2020-07-17T15:54:09Z</time>
 </trkpt>
 <trkpt lat="62.128743510693312" lon="-7.078028060495853">
 <ele>211.45703125</ele>
 <time>2020-07-17T15:54:21Z</time>
 </trkpt>
 <trkpt lat="62.128659524023533" lon="-7.078090170398355">
 <ele>208.33203125</ele>
 <time>2020-07-17T15:54:35Z</time>
 </trkpt>
 <trkpt lat="62.128559276461601" lon="-7.078125542029738">
 <ele>204.984375</ele>
 <time>2020-07-17T15:54:46Z</time>
 </trkpt>
 <trkpt lat="62.128471098840237" lon="-7.078173402696848">
 <ele>201.890625</ele>
 <time>2020-07-17T15:55:01Z</time>
 </trkpt>
 <trkpt lat="62.128384178504348" lon="-7.078259903937578">
 <ele>198.6328125</ele>
 <time>2020-07-17T15:55:12Z</time>
 </trkpt>
 <trkpt lat="62.128322906792164" lon="-7.078384291380644">
 <ele>195.8984375</ele>
 <time>2020-07-17T15:55:26Z</time>
 </trkpt>
 <trkpt lat="62.128235986456275" lon="-7.078491747379303">
 <ele>192.51171875</ele>
 <time>2020-07-17T15:55:39Z</time>
 </trkpt>
 <trkpt lat="62.128156358376145" lon="-7.078564669936895">
 <ele>189.59765625</ele>
 <time>2020-07-17T15:55:53Z</time>
 </trkpt>
 <trkpt lat="62.128052841871977" lon="-7.078567100688815">
 <ele>186.47265625</ele>
 <time>2020-07-17T15:56:03Z</time>
 </trkpt>
 <trkpt lat="62.127955527976155" lon="-7.078579673543572">
 <ele>183.4453125</ele>
 <time>2020-07-17T15:56:11Z</time>
 </trkpt>
 <trkpt lat="62.127858549356461" lon="-7.078625857830048">
 <ele>180.1484375</ele>
 <time>2020-07-17T15:56:19Z</time>
 </trkpt>
 <trkpt lat="62.127761403098702" lon="-7.078685201704502">
 <ele>176.76953125</ele>
 <time>2020-07-17T15:56:28Z</time>
 </trkpt>
 <trkpt lat="62.127674398943782" lon="-7.078725686296821">
 <ele>173.83984375</ele>
 <time>2020-07-17T15:56:37Z</time>
 </trkpt>
 <trkpt lat="62.127591082826257" lon="-7.078818138688803">
 <ele>170.69140625</ele>
 <time>2020-07-17T15:56:47Z</time>
 </trkpt>
 <trkpt lat="62.127497708424926" lon="-7.078869771212339">
 <ele>167.5234375</ele>
 <time>2020-07-17T15:56:57Z</time>
 </trkpt>
 <trkpt lat="62.12740458548069" lon="-7.078884188085794">
 <ele>164.6171875</ele>
 <time>2020-07-17T15:57:05Z</time>
 </trkpt>
 <trkpt lat="62.127308109775186" lon="-7.078885361552239">
 <ele>161.6953125</ele>
 <time>2020-07-17T15:57:14Z</time>
 </trkpt>
 <trkpt lat="62.127212136983871" lon="-7.07893623970449">
 <ele>158.484375</ele>
 <time>2020-07-17T15:57:23Z</time>
 </trkpt>
 <trkpt lat="62.127150194719434" lon="-7.078930707648397">
 <ele>156.65234375</ele>
 <time>2020-07-17T15:57:42Z</time>
 </trkpt>
 <trkpt lat="62.127071907743812" lon="-7.078951746225357">
 <ele>154.875</ele>
 <time>2020-07-17T15:58:04Z</time>
 </trkpt>
 <trkpt lat="62.127058496698737" lon="-7.079054843634367">
 <ele>153.96484375</ele>
 <time>2020-07-17T15:58:23Z</time>
 </trkpt>
 <trkpt lat="62.12710945867002" lon="-7.079230444505811">
 <ele>153.75390625</ele>
 <time>2020-07-17T15:58:41Z</time>
 </trkpt>
 <trkpt lat="62.127122450619936" lon="-7.079427838325501">
 <ele>152.6015625</ele>
 <time>2020-07-17T15:59:01Z</time>
 </trkpt>
 <trkpt lat="62.127030501142144" lon="-7.079389616847038">
 <ele>151.09375</ele>
 <time>2020-07-17T15:59:23Z</time>
 </trkpt>
 <trkpt lat="62.126959841698408" lon="-7.079263469204307">
 <ele>150.5703125</ele>
 <time>2020-07-17T15:59:36Z</time>
 </trkpt>
 <trkpt lat="62.126898486167192" lon="-7.079141847789288">
 <ele>150.1484375</ele>
 <time>2020-07-17T15:59:47Z</time>
 </trkpt>
 <trkpt lat="62.126845177263021" lon="-7.079009497538209">
 <ele>149.90625</ele>
 <time>2020-07-17T16:00:00Z</time>
 </trkpt>
 <trkpt lat="62.126756748184562" lon="-7.078912770375609">
 <ele>148.5703125</ele>
 <time>2020-07-17T16:00:12Z</time>
 </trkpt>
 <trkpt lat="62.126662284135818" lon="-7.078901454806328">
 <ele>146.6640625</ele>
 <time>2020-07-17T16:00:27Z</time>
 </trkpt>
 <trkpt lat="62.126567987725139" lon="-7.078941855579615">
 <ele>144.53125</ele>
 <time>2020-07-17T16:00:36Z</time>
 </trkpt>
 <trkpt lat="62.126468997448683" lon="-7.078909752890468">
 <ele>142.62109375</ele>
 <time>2020-07-17T16:00:49Z</time>
 </trkpt>
 <trkpt lat="62.126380065456033" lon="-7.07889718003571">
 <ele>140.82421875</ele>
 <time>2020-07-17T16:01:25Z</time>
 </trkpt>
 <trkpt lat="62.126308232545853" lon="-7.078998014330864">
 <ele>138.96875</ele>
 <time>2020-07-17T16:01:44Z</time>
 </trkpt>
 <trkpt lat="62.126236315816641" lon="-7.079123491421342">
 <ele>136.92578125</ele>
 <time>2020-07-17T16:01:56Z</time>
 </trkpt>
 <trkpt lat="62.126141767948866" lon="-7.079194905236363">
 <ele>134.65234375</ele>
 <time>2020-07-17T16:02:08Z</time>
 </trkpt>
 <trkpt lat="62.126052500680089" lon="-7.079211501404643">
 <ele>132.75</ele>
 <time>2020-07-17T16:02:17Z</time>
 </trkpt>
 <trkpt lat="62.125990223139524" lon="-7.079117204993963">
 <ele>131.93359375</ele>
 <time>2020-07-17T16:02:27Z</time>
 </trkpt>
 <trkpt lat="62.125915121287107" lon="-7.079058866947889">
 <ele>130.6796875</ele>
 <time>2020-07-17T16:02:40Z</time>
 </trkpt>
 <trkpt lat="62.125819232314825" lon="-7.07904813811183">
 <ele>128.7734375</ele>
 <time>2020-07-17T16:02:52Z</time>
 </trkpt>
 <trkpt lat="62.125732060521841" lon="-7.079015867784619">
 <ele>127.140625</ele>
 <time>2020-07-17T16:03:02Z</time>
 </trkpt>
 <trkpt lat="62.125688306987286" lon="-7.078891145065427">
 <ele>126.5859375</ele>
 <time>2020-07-17T16:03:30Z</time>
 </trkpt>
 <trkpt lat="62.125586299225688" lon="-7.078806823119521">
 <ele>124.69921875</ele>
 <time>2020-07-17T16:03:43Z</time>
 </trkpt>
 <trkpt lat="62.125500803813338" lon="-7.078724764287472">
 <ele>123.125</ele>
 <time>2020-07-17T16:03:54Z</time>
 </trkpt>
 <trkpt lat="62.125399131327868" lon="-7.078824508935213">
 <ele>120.0703125</ele>
 <time>2020-07-17T16:04:06Z</time>
 </trkpt>
 <trkpt lat="62.125329058617353" lon="-7.078879158943892">
 <ele>117.90625</ele>
 <time>2020-07-17T16:04:46Z</time>
 </trkpt>
 <trkpt lat="62.125270888209343" lon="-7.078869100660086">
 <ele>116.22265625</ele>
 <time>2020-07-17T16:05:03Z</time>
 </trkpt>
 <trkpt lat="62.125169215723872" lon="-7.078871615231037">
 <ele>113.24609375</ele>
 <time>2020-07-17T16:05:21Z</time>
 </trkpt>
 <trkpt lat="62.125115403905511" lon="-7.078738594427705">
 <ele>111.8515625</ele>
 <time>2020-07-17T16:06:07Z</time>
 </trkpt>
 <trkpt lat="62.125115739181638" lon="-7.078716130927205">
 <ele>111.890625</ele>
 <time>2020-07-17T16:10:14Z</time>
 </trkpt>
 <trkpt lat="62.125055138021708" lon="-7.078671623021364">
 <ele>110.14453125</ele>
 <time>2020-07-17T16:12:34Z</time>
 </trkpt>
 <trkpt lat="62.124950112774968" lon="-7.078726273030043">
 <ele>106.96484375</ele>
 <time>2020-07-17T16:12:41Z</time>
 </trkpt>
 <trkpt lat="62.124857157468796" lon="-7.078717304393649">
 <ele>104.2109375</ele>
 <time>2020-07-17T16:12:48Z</time>
 </trkpt>
 <trkpt lat="62.124765375629067" lon="-7.078707329928875">
 <ele>101.48828125</ele>
 <time>2020-07-17T16:13:05Z</time>
 </trkpt>
 <trkpt lat="62.124703684821725" lon="-7.078635916113854">
 <ele>99.66796875</ele>
 <time>2020-07-17T16:13:27Z</time>
 </trkpt>
 <trkpt lat="62.124595809727907" lon="-7.07864454947412">
 <ele>96.63671875</ele>
 <time>2020-07-17T16:13:38Z</time>
 </trkpt>
 <trkpt lat="62.124513415619731" lon="-7.078606160357595">
 <ele>94.44921875</ele>
 <time>2020-07-17T16:13:47Z</time>
 </trkpt>
 <trkpt lat="62.124442672356963" lon="-7.078552935272455">
 <ele>92.515625</ele>
 <time>2020-07-17T16:14:01Z</time>
 </trkpt>
 <trkpt lat="62.124392716214061" lon="-7.078387057408691">
 <ele>90.9375</ele>
 <time>2020-07-17T16:14:14Z</time>
 </trkpt>
 <trkpt lat="62.124316776171327" lon="-7.078268453478813">
 <ele>88.61328125</ele>
 <time>2020-07-17T16:14:26Z</time>
 </trkpt>
 <trkpt lat="62.12420504540205" lon="-7.078181868419051">
 <ele>85.23828125</ele>
 <time>2020-07-17T16:14:40Z</time>
 </trkpt>
 <trkpt lat="62.124112509191036" lon="-7.078107353299856">
 <ele>82.54296875</ele>
 <time>2020-07-17T16:14:52Z</time>
 </trkpt>
 <trkpt lat="62.124029863625765" lon="-7.078034095466137">
 <ele>80.09765625</ele>
 <time>2020-07-17T16:15:03Z</time>
 </trkpt>
 <trkpt lat="62.123930789530277" lon="-7.077961843460798">
 <ele>77.13671875</ele>
 <time>2020-07-17T16:15:19Z</time>
 </trkpt>
 <trkpt lat="62.123842779546976" lon="-7.077863356098533">
 <ele>74.43359375</ele>
 <time>2020-07-17T16:15:33Z</time>
 </trkpt>
 <trkpt lat="62.123761726543307" lon="-7.077798815444112">
 <ele>72.42578125</ele>
 <time>2020-07-17T16:15:51Z</time>
 </trkpt>
 <trkpt lat="62.123698275536299" lon="-7.077661352232099">
 <ele>70.78515625</ele>
 <time>2020-07-17T16:16:03Z</time>
 </trkpt>
 <trkpt lat="62.123638177290559" lon="-7.077490948140621">
 <ele>68.9453125</ele>
 <time>2020-07-17T16:16:23Z</time>
 </trkpt>
 <trkpt lat="62.123558884486556" lon="-7.077384414151311">
 <ele>66.65234375</ele>
 <time>2020-07-17T16:16:33Z</time>
 </trkpt>
 <trkpt lat="62.123473221436143" lon="-7.077301517128944">
 <ele>64.2890625</ele>
 <time>2020-07-17T16:16:51Z</time>
 </trkpt>
 <trkpt lat="62.123397113755345" lon="-7.077483823522925">
 <ele>63.16015625</ele>
 <time>2020-07-17T16:17:07Z</time>
 </trkpt>
 <trkpt lat="62.123295860365033" lon="-7.077584154903889">
 <ele>61.38671875</ele>
 <time>2020-07-17T16:17:23Z</time>
 </trkpt>
 <trkpt lat="62.123197875916958" lon="-7.077608294785023">
 <ele>59.3203125</ele>
 <time>2020-07-17T16:17:34Z</time>
 </trkpt>
 <trkpt lat="62.123135598376393" lon="-7.077460940927267">
 <ele>56.72265625</ele>
 <time>2020-07-17T16:17:53Z</time>
 </trkpt>
 <trkpt lat="62.123122438788414" lon="-7.077592955902219">
 <ele>57.48828125</ele>
 <time>2020-07-17T16:18:11Z</time>
 </trkpt>
 <trkpt lat="62.123113051056862" lon="-7.077518105506897">
 <ele>56.65234375</ele>
 <time>2020-07-17T16:18:33Z</time>
 </trkpt>
 <trkpt lat="62.123106429353356" lon="-7.077352227643132">
 <ele>55.125</ele>
 <time>2020-07-17T16:18:59Z</time>
 </trkpt>
 <trkpt lat="62.123137274757028" lon="-7.077131532132626">
 <ele>55.421875</ele>
 <time>2020-07-17T16:19:10Z</time>
 </trkpt>
 <trkpt lat="62.123096454888582" lon="-7.076950734481216">
 <ele>53.9765625</ele>
 <time>2020-07-17T16:19:26Z</time>
 </trkpt>
 <trkpt lat="62.123033590614796" lon="-7.076719226315618">
 <ele>51.81640625</ele>
 <time>2020-07-17T16:19:43Z</time>
 </trkpt>
 <trkpt lat="62.122960332781076" lon="-7.076531304046512">
 <ele>49.7578125</ele>
 <time>2020-07-17T16:19:53Z</time>
 </trkpt>
 <trkpt lat="62.122917165979743" lon="-7.076369030401111">
 <ele>49.5703125</ele>
 <time>2020-07-17T16:20:03Z</time>
 </trkpt>
 <trkpt lat="62.122822534292936" lon="-7.076187813654542">
 <ele>48.80859375</ele>
 <time>2020-07-17T16:20:18Z</time>
 </trkpt>
 <trkpt lat="62.122745588421822" lon="-7.076048590242863">
 <ele>48.1328125</ele>
 <time>2020-07-17T16:20:32Z</time>
 </trkpt>
 <trkpt lat="62.122671157121658" lon="-7.075865529477596">
 <ele>47.546875</ele>
 <time>2020-07-17T16:20:44Z</time>
 </trkpt>
 <trkpt lat="62.122595300897956" lon="-7.075732341036201">
 <ele>46.80859375</ele>
 <time>2020-07-17T16:20:53Z</time>
 </trkpt>
 <trkpt lat="62.1224928740412" lon="-7.075774669647217">
 <ele>45.390625</ele>
 <time>2020-07-17T16:21:08Z</time>
 </trkpt>
 <trkpt lat="62.12240100838244" lon="-7.075888998806477">
 <ele>44.0078125</ele>
 <time>2020-07-17T16:21:23Z</time>
 </trkpt>
 <trkpt lat="62.12233898229897" lon="-7.075993353500962">
 <ele>43.0546875</ele>
 <time>2020-07-17T16:21:36Z</time>
 </trkpt>
 <trkpt lat="62.122344179078937" lon="-7.076072981581092">
 <ele>43.00390625</ele>
 <time>2020-07-17T16:21:59Z</time>
 </trkpt>
 <trkpt lat="62.12241567671299" lon="-7.076221844181418">
 <ele>43.671875</ele>
 <time>2020-07-17T16:22:11Z</time>
 </trkpt>
 <trkpt lat="62.122342083603144" lon="-7.076513366773725">
 <ele>42.32421875</ele>
 <time>2020-07-17T16:22:22Z</time>
 </trkpt>
 <trkpt lat="62.122247200459242" lon="-7.076644962653518">
 <ele>41.33984375</ele>
 <time>2020-07-17T16:22:30Z</time>
 </trkpt>
 <trkpt lat="62.122145695611835" lon="-7.076691398397088">
 <ele>40.203125</ele>
 <time>2020-07-17T16:22:38Z</time>
 </trkpt>
 <trkpt lat="62.122065313160419" lon="-7.076622834429145">
 <ele>40.09765625</ele>
 <time>2020-07-17T16:22:46Z</time>
 </trkpt>
 <trkpt lat="62.121978392824531" lon="-7.076570112258196">
 <ele>40.03515625</ele>
 <time>2020-07-17T16:22:54Z</time>
 </trkpt>
 <trkpt lat="62.121892310678959" lon="-7.076484281569719">
 <ele>40.03125</ele>
 <time>2020-07-17T16:23:03Z</time>
 </trkpt>
 <trkpt lat="62.121793823316693" lon="-7.076469697058201">
 <ele>40.03515625</ele>
 <time>2020-07-17T16:23:11Z</time>
 </trkpt>
 <trkpt lat="62.121698353439569" lon="-7.076467098668218">
 <ele>40.03125</ele>
 <time>2020-07-17T16:23:18Z</time>
 </trkpt>
 <trkpt lat="62.121615204960108" lon="-7.076389398425818">
 <ele>40.05859375</ele>
 <time>2020-07-17T16:23:26Z</time>
 </trkpt>
 <trkpt lat="62.121541360393167" lon="-7.076271800324321">
 <ele>40.08203125</ele>
 <time>2020-07-17T16:23:34Z</time>
 </trkpt>
 <trkpt lat="62.12146433070302" lon="-7.076144814491272">
 <ele>40.08203125</ele>
 <time>2020-07-17T16:23:43Z</time>
 </trkpt>
 <trkpt lat="62.121377075091004" lon="-7.076081866398454">
 <ele>40.0390625</ele>
 <time>2020-07-17T16:23:51Z</time>
 </trkpt>
 <trkpt lat="62.121288981288671" lon="-7.07600156776607">
 <ele>39.7578125</ele>
 <time>2020-07-17T16:24:00Z</time>
 </trkpt>
 <trkpt lat="62.121182950213552" lon="-7.075944235548377">
 <ele>38.8125</ele>
 <time>2020-07-17T16:24:10Z</time>
 </trkpt>
 <trkpt lat="62.12112913839519" lon="-7.075884472578764">
 <ele>38.3046875</ele>
 <time>2020-07-17T16:24:32Z</time>
 </trkpt>
 <trkpt lat="62.121016988530755" lon="-7.075865948572755">
 <ele>37.2734375</ele>
 <time>2020-07-17T16:24:41Z</time>
 </trkpt>
 <trkpt lat="62.120904754847288" lon="-7.07585253752768">
 <ele>36.23828125</ele>
 <time>2020-07-17T16:24:49Z</time>
 </trkpt>
 <trkpt lat="62.120807943865657" lon="-7.075810460373759">
 <ele>35.29296875</ele>
 <time>2020-07-17T16:24:56Z</time>
 </trkpt>
 <trkpt lat="62.120702415704727" lon="-7.075747428461909">
 <ele>34.203125</ele>
 <time>2020-07-17T16:25:03Z</time>
 </trkpt>
 <trkpt lat="62.120597139000893" lon="-7.075691940262914">
 <ele>33.09375</ele>
 <time>2020-07-17T16:25:10Z</time>
 </trkpt>
 <trkpt lat="62.120493622496724" lon="-7.075716499239206">
 <ele>32.16015625</ele>
 <time>2020-07-17T16:25:19Z</time>
 </trkpt>
 <trkpt lat="62.120436457917094" lon="-7.075925543904305">
 <ele>31.9609375</ele>
 <time>2020-07-17T16:25:33Z</time>
 </trkpt>
 <trkpt lat="62.120392117649317" lon="-7.076140288263559">
 <ele>31.93359375</ele>
 <time>2020-07-17T16:25:39Z</time>
 </trkpt>
 <trkpt lat="62.120354399085045" lon="-7.076346063986421">
 <ele>31.9921875</ele>
 <time>2020-07-17T16:25:45Z</time>
 </trkpt>
 <trkpt lat="62.120307795703411" lon="-7.076532728970051">
 <ele>31.96484375</ele>
 <time>2020-07-17T16:25:51Z</time>
 </trkpt>
 <trkpt lat="62.120233532041311" lon="-7.076654518023133">
 <ele>32.0625</ele>
 <time>2020-07-17T16:25:57Z</time>
 </trkpt>
 <trkpt lat="62.120138481259346" lon="-7.076634149998426">
 <ele>30.8984375</ele>
 <time>2020-07-17T16:26:04Z</time>
 </trkpt>
 <trkpt lat="62.120044771581888" lon="-7.076590647920966">
 <ele>29.453125</ele>
 <time>2020-07-17T16:26:10Z</time>
 </trkpt>
 <trkpt lat="62.119957013055682" lon="-7.07654245197773">
 <ele>27.91796875</ele>
 <time>2020-07-17T16:26:16Z</time>
 </trkpt>
 <trkpt lat="62.119858860969543" lon="-7.076491573825479">
 <ele>26.3984375</ele>
 <time>2020-07-17T16:26:23Z</time>
 </trkpt>
 <trkpt lat="62.119767917320132" lon="-7.07651998847723">
 <ele>25.3984375</ele>
 <time>2020-07-17T16:26:29Z</time>
 </trkpt>
 <trkpt lat="62.119683343917131" lon="-7.076594168320298">
 <ele>25.48828125</ele>
 <time>2020-07-17T16:26:35Z</time>
 </trkpt>
 <trkpt lat="62.119634058326483" lon="-7.076605232432485">
 <ele>25.25</ele>
 <time>2020-07-17T16:27:23Z</time>
 </trkpt>
 <trkpt lat="62.11954303085804" lon="-7.076699025928974">
 <ele>26.48828125</ele>
 <time>2020-07-17T16:27:32Z</time>
 </trkpt>
 <trkpt lat="62.119460385292768" lon="-7.076679328456521">
 <ele>25.94921875</ele>
 <time>2020-07-17T16:27:45Z</time>
 </trkpt>
 <trkpt lat="62.119367513805628" lon="-7.076648902148008">
 <ele>25.171875</ele>
 <time>2020-07-17T16:28:07Z</time>
 </trkpt>
 <trkpt lat="62.11927087046206" lon="-7.076615793630481">
 <ele>24.3046875</ele>
 <time>2020-07-17T16:28:16Z</time>
 </trkpt>
 <trkpt lat="62.119179172441363" lon="-7.07655712030828">
 <ele>22.94921875</ele>
 <time>2020-07-17T16:28:26Z</time>
 </trkpt>
 <trkpt lat="62.119074733927846" lon="-7.076534572988749">
 <ele>22.16796875</ele>
 <time>2020-07-17T16:28:34Z</time>
 </trkpt>
 <trkpt lat="62.118979264050722" lon="-7.076496435329318">
 <ele>21.48828125</ele>
 <time>2020-07-17T16:28:42Z</time>
 </trkpt>
 <trkpt lat="62.11887801066041" lon="-7.07643155939877">
 <ele>20.890625</ele>
 <time>2020-07-17T16:28:51Z</time>
 </trkpt>
 <trkpt lat="62.118780445307493" lon="-7.076453352347016">
 <ele>20.82421875</ele>
 <time>2020-07-17T16:29:06Z</time>
 </trkpt>
 <trkpt lat="62.118688160553575" lon="-7.076570028439164">
 <ele>22.30078125</ele>
 <time>2020-07-17T16:29:20Z</time>
 </trkpt>
 <trkpt lat="62.118697213009" lon="-7.076614871621132">
 <ele>23.19140625</ele>
 <time>2020-07-17T16:30:19Z</time>
 </trkpt>
 </trkseg>
 </trk>

</gpx>