<?xml version="1.0" encoding="utf-8"?> <gpx creator="Garmin Desktop App" version="1.1" xsi:schemaLocation="http://www.topografix.com/GPX/1/1 http://www.topografix.com/GPX/1/1/gpx.xsd http://www.garmin.com/xmlschemas/WaypointExtension/v1 http://www8.garmin.com/xmlschemas/WaypointExtensionv1.xsd http://www.garmin.com/xmlschemas/TrackPointExtension/v1 http://www.garmin.com/xmlschemas/TrackPointExtensionv1.xsd http://www.garmin.com/xmlschemas/GpxExtensions/v3 http://www8.garmin.com/xmlschemas/GpxExtensionsv3.xsd http://www.garmin.com/xmlschemas/ActivityExtension/v1 http://www8.garmin.com/xmlschemas/ActivityExtensionv1.xsd http://www.garmin.com/xmlschemas/AdventuresExtensions/v1 http://www8.garmin.com/xmlschemas/AdventuresExtensionv1.xsd http://www.garmin.com/xmlschemas/PressureExtension/v1 http://www.garmin.com/xmlschemas/PressureExtensionv1.xsd http://www.garmin.com/xmlschemas/TripExtensions/v1 http://www.garmin.com/xmlschemas/TripExtensionsv1.xsd http://www.garmin.com/xmlschemas/TripMetaDataExtensions/v1 http://www.garmin.com/xmlschemas/TripMetaDataExtensionsv1.xsd http://www.garmin.com/xmlschemas/ViaPointTransportationModeExtensions/v1 http://www.garmin.com/xmlschemas/ViaPointTransportationModeExtensionsv1.xsd http://www.garmin.com/xmlschemas/CreationTimeExtension/v1 http://www.garmin.com/xmlschemas/CreationTimeExtensionsv1.xsd http://www.garmin.com/xmlschemas/AccelerationExtension/v1 http://www.garmin.com/xmlschemas/AccelerationExtensionv1.xsd http://www.garmin.com/xmlschemas/PowerExtension/v1 http://www.garmin.com/xmlschemas/PowerExtensionv1.xsd http://www.garmin.com/xmlschemas/VideoExtension/v1 http://www.garmin.com/xmlschemas/VideoExtensionv1.xsd" xmlns="http://www.topografix.com/GPX/1/1" xmlns:xsi="http://www.w3.org/2001/XMLSchema-instance" xmlns:wptx1="http://www.garmin.com/xmlschemas/WaypointExtension/v1" xmlns:gpxtrx="http://www.garmin.com/xmlschemas/GpxExtensions/v3" xmlns:gpxtpx="http://www.garmin.com/xmlschemas/TrackPointExtension/v1" xmlns:gpxx="http://www.garmin.com/xmlschemas/GpxExtensions/v3" xmlns:trp="http://www.garmin.com/xmlschemas/TripExtensions/v1" xmlns:adv="http://www.garmin.com/xmlschemas/AdventuresExtensions/v1" xmlns:prs="http://www.garmin.com/xmlschemas/PressureExtension/v1" xmlns:tmd="http://www.garmin.com/xmlschemas/TripMetaDataExtensions/v1" xmlns:vptm="http://www.garmin.com/xmlschemas/ViaPointTransportationModeExtensions/v1" xmlns:ctx="http://www.garmin.com/xmlschemas/CreationTimeExtension/v1" xmlns:gpxacc="http://www.garmin.com/xmlschemas/AccelerationExtension/v1" xmlns:gpxpx="http://www.garmin.com/xmlschemas/PowerExtension/v1" xmlns:vidx1="http://www.garmin.com/xmlschemas/VideoExtension/v1">

 <metadata>
 <link href="http://www.garmin.com">
 <text>Garmin International</text>
 </link>
 <time>2021-01-27T13:51:50Z</time>
 <bounds maxlat="62.114904737100005" maxlon="-6.964932549744844" minlat="62.103025987744331" minlon="-7.040706546977162" />
 </metadata>

 <wpt lat="62.107174023985863" lon="-6.984072960913181">
 <ele>206.60824600000001</ele>
 <time>2020-07-15T13:04:12Z</time>
 <name>WP1 02_L</name>
 <sym>Flag, Blue</sym>
 <type>user</type>
 <extensions>
 <gpxx:WaypointExtension>
 <gpxx:DisplayMode>SymbolAndName</gpxx:DisplayMode>
 </gpxx:WaypointExtension>
 <wptx1:WaypointExtension>
 <wptx1:DisplayMode>SymbolAndName</wptx1:DisplayMode>
 </wptx1:WaypointExtension>
 <ctx:CreationTimeExtension>
 <ctx:CreationTime>2020-07-15T13:04:12Z</ctx:CreationTime>
 </ctx:CreationTimeExtension>
 </extensions>
 </wpt>

 <wpt lat="62.107387008145452" lon="-7.007010038942099">
 <ele>204.993561</ele>
 <time>2020-07-15T13:34:15Z</time>
 <name>WP2 05_L</name>
 <sym>Flag, Blue</sym>
 <type>user</type>
 <extensions>
 <gpxx:WaypointExtension>
 <gpxx:DisplayMode>SymbolAndName</gpxx:DisplayMode>
 </gpxx:WaypointExtension>
 <wptx1:WaypointExtension>
 <wptx1:DisplayMode>SymbolAndName</wptx1:DisplayMode>
 </wptx1:WaypointExtension>
 <ctx:CreationTimeExtension>
 <ctx:CreationTime>2020-07-15T13:34:15Z</ctx:CreationTime>
 </ctx:CreationTimeExtension>
 </extensions>
 </wpt>

 <wpt lat="62.112262006849051" lon="-7.033674968406558">
 <ele>130.32646199999999</ele>
 <time>2020-07-15T14:11:19Z</time>
 <name>WP3 08_L</name>
 <sym>Flag, Blue</sym>
 <type>user</type>
 <extensions>
 <gpxx:WaypointExtension>
 <gpxx:DisplayMode>SymbolAndName</gpxx:DisplayMode>
 </gpxx:WaypointExtension>
 <wptx1:WaypointExtension>
 <wptx1:DisplayMode>SymbolAndName</wptx1:DisplayMode>
 </wptx1:WaypointExtension>
 <ctx:CreationTimeExtension>
 <ctx:CreationTime>2020-07-15T14:11:19Z</ctx:CreationTime>
 </ctx:CreationTimeExtension>
 </extensions>
 </wpt>

 <trk>
 <name>12 Variante zum Satan</name>
 <extensions>
 <gpxx:TrackExtension>
 <gpxx:DisplayColor>Red</gpxx:DisplayColor>
 </gpxx:TrackExtension>
 </extensions>
 <trkseg>
 <trkpt lat="62.107118284329772" lon="-6.992800533771515">
 <ele>286.10000000000002</ele>
 <time>2017-08-26T08:47:17Z</time>
 </trkpt>
 <trkpt lat="62.107194978743792" lon="-6.992892986163497">
 <ele>284.19999999999999</ele>
 <time>2017-08-26T08:47:26Z</time>
 </trkpt>
 <trkpt lat="62.107285000383854" lon="-6.992912013083696">
 <ele>281.80000000000001</ele>
 <time>2017-08-26T08:47:35Z</time>
 </trkpt>
 <trkpt lat="62.107366975396872" lon="-6.992889968678355">
 <ele>278.89999999999998</ele>
 <time>2017-08-26T08:47:47Z</time>
 </trkpt>
 <trkpt lat="62.107452973723412" lon="-6.992923999205232">
 <ele>275.10000000000002</ele>
 <time>2017-08-26T08:48:00Z</time>
 </trkpt>
 <trkpt lat="62.107510976493359" lon="-6.993025001138449">
 <ele>272.19999999999999</ele>
 <time>2017-08-26T08:48:10Z</time>
 </trkpt>
 <trkpt lat="62.107518017292023" lon="-6.993031958118081">
 <ele>272.19999999999999</ele>
 <time>2017-08-26T08:48:11Z</time>
 </trkpt>
 <trkpt lat="62.107588006183505" lon="-6.993116028606892">
 <ele>269.80000000000001</ele>
 <time>2017-08-26T08:48:20Z</time>
 </trkpt>
 <trkpt lat="62.107647014781833" lon="-6.993247959762812">
 <ele>267.89999999999998</ele>
 <time>2017-08-26T08:48:27Z</time>
 </trkpt>
 <trkpt lat="62.107608038932085" lon="-6.993345022201538">
 <ele>266.89999999999998</ele>
 <time>2017-08-26T08:48:31Z</time>
 </trkpt>
 <trkpt lat="62.107602003961802" lon="-6.993463961407542">
 <ele>266.89999999999998</ele>
 <time>2017-08-26T08:48:37Z</time>
 </trkpt>
 <trkpt lat="62.10759898647666" lon="-6.993777025490999">
 <ele>266.89999999999998</ele>
 <time>2017-08-26T08:48:49Z</time>
 </trkpt>
 <trkpt lat="62.107607033103704" lon="-6.993866041302681">
 <ele>266.89999999999998</ele>
 <time>2017-08-26T08:48:53Z</time>
 </trkpt>
 <trkpt lat="62.107591023668647" lon="-6.993962014093995">
 <ele>266.89999999999998</ele>
 <time>2017-08-26T08:49:00Z</time>
 </trkpt>
 <trkpt lat="62.107661012560129" lon="-6.993982968851924">
 <ele>266.89999999999998</ele>
 <time>2017-08-26T08:49:07Z</time>
 </trkpt>
 <trkpt lat="62.107757991179824" lon="-6.994100986048579">
 <ele>266.89999999999998</ele>
 <time>2017-08-26T08:49:14Z</time>
 </trkpt>
 <trkpt lat="62.107795961201191" lon="-6.994128981605172">
 <ele>265.89999999999998</ele>
 <time>2017-08-26T08:49:19Z</time>
 </trkpt>
 <trkpt lat="62.10787701420486" lon="-6.994249010458589">
 <ele>265</ele>
 <time>2017-08-26T08:49:29Z</time>
 </trkpt>
 <trkpt lat="62.107922025024891" lon="-6.994296032935381">
 <ele>264</ele>
 <time>2017-08-26T08:49:33Z</time>
 </trkpt>
 <trkpt lat="62.10798698477447" lon="-6.994355041533709">
 <ele>264</ele>
 <time>2017-08-26T08:49:45Z</time>
 </trkpt>
 <trkpt lat="62.107999976724386" lon="-6.994375996291637">
 <ele>263.10000000000002</ele>
 <time>2017-08-26T08:49:47Z</time>
 </trkpt>
 <trkpt lat="62.108004000037909" lon="-6.994430981576443">
 <ele>263.10000000000002</ele>
 <time>2017-08-26T08:49:50Z</time>
 </trkpt>
 <trkpt lat="62.108034007251263" lon="-6.99457498267293">
 <ele>263.10000000000002</ele>
 <time>2017-08-26T08:49:57Z</time>
 </trkpt>
 <trkpt lat="62.108046999201179" lon="-6.994651006534696">
 <ele>263.10000000000002</ele>
 <time>2017-08-26T08:50:03Z</time>
 </trkpt>
 <trkpt lat="62.108102990314364" lon="-6.994785033166409">
 <ele>263.10000000000002</ele>
 <time>2017-08-26T08:50:12Z</time>
 </trkpt>
 <trkpt lat="62.108207009732723" lon="-6.994587974622846">
 <ele>263.10000000000002</ele>
 <time>2017-08-26T08:50:22Z</time>
 </trkpt>
 <trkpt lat="62.108214972540736" lon="-6.994605995714665">
 <ele>263.10000000000002</ele>
 <time>2017-08-26T08:50:25Z</time>
 </trkpt>
 <trkpt lat="62.108247997239232" lon="-6.994641032069922">
 <ele>263.10000000000002</ele>
 <time>2017-08-26T08:50:28Z</time>
 </trkpt>
 <trkpt lat="62.108237016946077" lon="-6.994494013488293">
 <ele>262.10000000000002</ele>
 <time>2017-08-26T08:50:36Z</time>
 </trkpt>
 <trkpt lat="62.10828797891736" lon="-6.994325034320355">
 <ele>262.10000000000002</ele>
 <time>2017-08-26T08:50:47Z</time>
 </trkpt>
 <trkpt lat="62.108328966423869" lon="-6.994293015450239">
 <ele>264</ele>
 <time>2017-08-26T08:50:53Z</time>
 </trkpt>
 <trkpt lat="62.1083930041641" lon="-6.994315981864929">
 <ele>265</ele>
 <time>2017-08-26T08:50:57Z</time>
 </trkpt>
 <trkpt lat="62.10843700915575" lon="-6.994315981864929">
 <ele>265</ele>
 <time>2017-08-26T08:51:02Z</time>
 </trkpt>
 <trkpt lat="62.10852200165391" lon="-6.994379013776779">
 <ele>265.89999999999998</ele>
 <time>2017-08-26T08:51:09Z</time>
 </trkpt>
 <trkpt lat="62.108562989160419" lon="-6.99436099268496">
 <ele>266.89999999999998</ele>
 <time>2017-08-26T08:51:14Z</time>
 </trkpt>
 <trkpt lat="62.10862803272903" lon="-6.994495019316673">
 <ele>266.89999999999998</ele>
 <time>2017-08-26T08:51:23Z</time>
 </trkpt>
 <trkpt lat="62.108600037172437" lon="-6.994741028174758">
 <ele>266.89999999999998</ele>
 <time>2017-08-26T08:51:34Z</time>
 </trkpt>
 <trkpt lat="62.10867396555841" lon="-6.995089966803789">
 <ele>266.89999999999998</ele>
 <time>2017-08-26T08:51:46Z</time>
 </trkpt>
 <trkpt lat="62.108680000528693" lon="-6.995103964582086">
 <ele>266.89999999999998</ele>
 <time>2017-08-26T08:51:49Z</time>
 </trkpt>
 <trkpt lat="62.10873800329864" lon="-6.995342010632157">
 <ele>266.89999999999998</ele>
 <time>2017-08-26T08:52:00Z</time>
 </trkpt>
 <trkpt lat="62.108770022168756" lon="-6.995344022288919">
 <ele>266.89999999999998</ele>
 <time>2017-08-26T08:52:04Z</time>
 </trkpt>
 <trkpt lat="62.108862977474928" lon="-6.995404036715627">
 <ele>265.89999999999998</ele>
 <time>2017-08-26T08:52:12Z</time>
 </trkpt>
 <trkpt lat="62.108913017436862" lon="-6.995361037552357">
 <ele>265</ele>
 <time>2017-08-26T08:52:20Z</time>
 </trkpt>
 <trkpt lat="62.108902037143707" lon="-6.995108993723989">
 <ele>265</ele>
 <time>2017-08-26T08:52:28Z</time>
 </trkpt>
 <trkpt lat="62.108902959153056" lon="-6.994988964870572">
 <ele>265</ele>
 <time>2017-08-26T08:52:33Z</time>
 </trkpt>
 <trkpt lat="62.108897008001804" lon="-6.99491897597909">
 <ele>265</ele>
 <time>2017-08-26T08:52:36Z</time>
 </trkpt>
 <trkpt lat="62.108877981081605" lon="-6.994809005409479">
 <ele>265.89999999999998</ele>
 <time>2017-08-26T08:52:40Z</time>
 </trkpt>
 <trkpt lat="62.108872029930353" lon="-6.994492001831532">
 <ele>267.89999999999998</ele>
 <time>2017-08-26T08:52:52Z</time>
 </trkpt>
 <trkpt lat="62.108874963596463" lon="-6.994451014325023">
 <ele>267.89999999999998</ele>
 <time>2017-08-26T08:52:54Z</time>
 </trkpt>
 <trkpt lat="62.108899019658566" lon="-6.99425102211535">
 <ele>269.80000000000001</ele>
 <time>2017-08-26T08:53:03Z</time>
 </trkpt>
 <trkpt lat="62.10890999995172" lon="-6.994157982990146">
 <ele>269.80000000000001</ele>
 <time>2017-08-26T08:53:06Z</time>
 </trkpt>
 <trkpt lat="62.108950987458229" lon="-6.993918009102345">
 <ele>269.80000000000001</ele>
 <time>2017-08-26T08:53:12Z</time>
 </trkpt>
 <trkpt lat="62.108969008550048" lon="-6.993837039917707">
 <ele>269.80000000000001</ele>
 <time>2017-08-26T08:53:17Z</time>
 </trkpt>
 <trkpt lat="62.109003039076924" lon="-6.993675017729402">
 <ele>269.80000000000001</ele>
 <time>2017-08-26T08:53:22Z</time>
 </trkpt>
 <trkpt lat="62.109002033248544" lon="-6.993603017181158">
 <ele>268.80000000000001</ele>
 <time>2017-08-26T08:53:25Z</time>
 </trkpt>
 <trkpt lat="62.109003961086273" lon="-6.99350000359118">
 <ele>267.89999999999998</ele>
 <time>2017-08-26T08:53:30Z</time>
 </trkpt>
 <trkpt lat="62.10901896469295" lon="-6.99343697167933">
 <ele>266.89999999999998</ele>
 <time>2017-08-26T08:53:33Z</time>
 </trkpt>
 <trkpt lat="62.109060036018491" lon="-6.993308980017901">
 <ele>265</ele>
 <time>2017-08-26T08:53:41Z</time>
 </trkpt>
 <trkpt lat="62.10910202935338" lon="-6.993290958926082">
 <ele>265</ele>
 <time>2017-08-26T08:53:44Z</time>
 </trkpt>
 <trkpt lat="62.109108986333013" lon="-6.993233961984515">
 <ele>265</ele>
 <time>2017-08-26T08:53:47Z</time>
 </trkpt>
 <trkpt lat="62.109087025746703" lon="-6.993175037205219">
 <ele>265</ele>
 <time>2017-08-26T08:53:50Z</time>
 </trkpt>
 <trkpt lat="62.109062969684601" lon="-6.993068000301719">
 <ele>265.89999999999998</ele>
 <time>2017-08-26T08:53:54Z</time>
 </trkpt>
 <trkpt lat="62.109060036018491" lon="-6.992945959791541">
 <ele>266.89999999999998</ele>
 <time>2017-08-26T08:53:59Z</time>
 </trkpt>
 <trkpt lat="62.109083002433181" lon="-6.992821991443634">
 <ele>267.89999999999998</ele>
 <time>2017-08-26T08:54:06Z</time>
 </trkpt>
 <trkpt lat="62.109137987717986" lon="-6.992747979238629">
 <ele>268.80000000000001</ele>
 <time>2017-08-26T08:54:14Z</time>
 </trkpt>
 <trkpt lat="62.109158020466566" lon="-6.992749990895391">
 <ele>269.80000000000001</ele>
 <time>2017-08-26T08:54:18Z</time>
 </trkpt>
 <trkpt lat="62.109205964952707" lon="-6.992767006158829">
 <ele>272.19999999999999</ele>
 <time>2017-08-26T08:54:23Z</time>
 </trkpt>
 <trkpt lat="62.109309984371066" lon="-6.992764994502068">
 <ele>274.10000000000002</ele>
 <time>2017-08-26T08:54:31Z</time>
 </trkpt>
 <trkpt lat="62.109340997412801" lon="-6.992712020874023">
 <ele>274.10000000000002</ele>
 <time>2017-08-26T08:54:35Z</time>
 </trkpt>
 <trkpt lat="62.109409980475903" lon="-6.992740016430616">
 <ele>274.10000000000002</ele>
 <time>2017-08-26T08:54:43Z</time>
 </trkpt>
 <trkpt lat="62.109480975195765" lon="-6.992827020585537">
 <ele>275.10000000000002</ele>
 <time>2017-08-26T08:54:52Z</time>
 </trkpt>
 <trkpt lat="62.109498996287584" lon="-6.992815034464002">
 <ele>275.10000000000002</ele>
 <time>2017-08-26T08:54:56Z</time>
 </trkpt>
 <trkpt lat="62.109550964087248" lon="-6.992660975083709">
 <ele>276</ele>
 <time>2017-08-26T08:55:06Z</time>
 </trkpt>
 <trkpt lat="62.109550964087248" lon="-6.992645971477032">
 <ele>276</ele>
 <time>2017-08-26T08:55:07Z</time>
 </trkpt>
 <trkpt lat="62.109577031806111" lon="-6.99255402199924">
 <ele>277</ele>
 <time>2017-08-26T08:55:15Z</time>
 </trkpt>
 <trkpt lat="62.109608966857195" lon="-6.992413038387895">
 <ele>278.89999999999998</ele>
 <time>2017-08-26T08:55:25Z</time>
 </trkpt>
 <trkpt lat="62.109633022919297" lon="-6.992376996204257">
 <ele>279.89999999999998</ele>
 <time>2017-08-26T08:55:28Z</time>
 </trkpt>
 <trkpt lat="62.109641991555691" lon="-6.992355035617948">
 <ele>280.80000000000001</ele>
 <time>2017-08-26T08:55:31Z</time>
 </trkpt>
 <trkpt lat="62.109708040952682" lon="-6.992412032559514">
 <ele>281.80000000000001</ele>
 <time>2017-08-26T08:55:39Z</time>
 </trkpt>
 <trkpt lat="62.109778029844165" lon="-6.992371967062354">
 <ele>284.19999999999999</ele>
 <time>2017-08-26T08:55:50Z</time>
 </trkpt>
 <trkpt lat="62.109828991815448" lon="-6.992309018969536">
 <ele>286.10000000000002</ele>
 <time>2017-08-26T08:56:03Z</time>
 </trkpt>
 <trkpt lat="62.109864028170705" lon="-6.992226038128138">
 <ele>288</ele>
 <time>2017-08-26T08:56:10Z</time>
 </trkpt>
 <trkpt lat="62.109920019283891" lon="-6.99225302785635">
 <ele>289</ele>
 <time>2017-08-26T08:56:14Z</time>
 </trkpt>
 <trkpt lat="62.109943991526961" lon="-6.992292003706098">
 <ele>290</ele>
 <time>2017-08-26T08:56:22Z</time>
 </trkpt>
 <trkpt lat="62.11000400595367" lon="-6.992331985384226">
 <ele>291.89999999999998</ele>
 <time>2017-08-26T08:56:32Z</time>
 </trkpt>
 <trkpt lat="62.110039964318275" lon="-6.992269037291408">
 <ele>293.80000000000001</ele>
 <time>2017-08-26T08:56:39Z</time>
 </trkpt>
 <trkpt lat="62.11011397652328" lon="-6.992178009822965">
 <ele>296.19999999999999</ele>
 <time>2017-08-26T08:56:49Z</time>
 </trkpt>
 <trkpt lat="62.110160999000072" lon="-6.992154959589243">
 <ele>297.19999999999999</ele>
 <time>2017-08-26T08:56:59Z</time>
 </trkpt>
 <trkpt lat="62.110201986506581" lon="-6.992131993174553">
 <ele>298.10000000000002</ele>
 <time>2017-08-26T08:57:07Z</time>
 </trkpt>
 <trkpt lat="62.110258983448148" lon="-6.992130987346172">
 <ele>300.10000000000002</ele>
 <time>2017-08-26T08:57:15Z</time>
 </trkpt>
 <trkpt lat="62.11034799925983" lon="-6.992156971246004">
 <ele>302</ele>
 <time>2017-08-26T08:57:28Z</time>
 </trkpt>
 <trkpt lat="62.110369959846139" lon="-6.992148002609611">
 <ele>303.89999999999998</ele>
 <time>2017-08-26T08:57:32Z</time>
 </trkpt>
 <trkpt lat="62.110496023669839" lon="-6.992181027308106">
 <ele>305.80000000000001</ele>
 <time>2017-08-26T08:57:46Z</time>
 </trkpt>
 <trkpt lat="62.110624015331268" lon="-6.992187984287739">
 <ele>308.19999999999999</ele>
 <time>2017-08-26T08:58:01Z</time>
 </trkpt>
 <trkpt lat="62.110703978687525" lon="-6.992257973179221">
 <ele>310.19999999999999</ele>
 <time>2017-08-26T08:58:11Z</time>
 </trkpt>
 <trkpt lat="62.110734991729259" lon="-6.992251016199589">
 <ele>310.19999999999999</ele>
 <time>2017-08-26T08:58:14Z</time>
 </trkpt>
 <trkpt lat="62.110781008377671" lon="-6.992206005379558">
 <ele>311.10000000000002</ele>
 <time>2017-08-26T08:58:20Z</time>
 </trkpt>
 <trkpt lat="62.11088796146214" lon="-6.99212696403265">
 <ele>312.10000000000002</ele>
 <time>2017-08-26T08:58:32Z</time>
 </trkpt>
 <trkpt lat="62.110902965068817" lon="-6.992129981517792">
 <ele>312.10000000000002</ele>
 <time>2017-08-26T08:58:34Z</time>
 </trkpt>
 <trkpt lat="62.110999021679163" lon="-6.992119001224637">
 <ele>315</ele>
 <time>2017-08-26T08:58:45Z</time>
 </trkpt>
 <trkpt lat="62.111098011955619" lon="-6.992114977911115">
 <ele>315.89999999999998</ele>
 <time>2017-08-26T08:58:57Z</time>
 </trkpt>
 <trkpt lat="62.111108992248774" lon="-6.992134004831314">
 <ele>315.89999999999998</ele>
 <time>2017-08-26T08:58:58Z</time>
 </trkpt>
 <trkpt lat="62.111168000847101" lon="-6.992169041186571">
 <ele>317.89999999999998</ele>
 <time>2017-08-26T08:59:10Z</time>
 </trkpt>
 <trkpt lat="62.11122902110219" lon="-6.992225032299757">
 <ele>319.80000000000001</ele>
 <time>2017-08-26T08:59:21Z</time>
 </trkpt>
 <trkpt lat="62.111287023872137" lon="-6.992287980392575">
 <ele>322.19999999999999</ele>
 <time>2017-08-26T08:59:31Z</time>
 </trkpt>
 <trkpt lat="62.111342009156942" lon="-6.992359980940819">
 <ele>325.10000000000002</ele>
 <time>2017-08-26T08:59:46Z</time>
 </trkpt>
 <trkpt lat="62.111370004713535" lon="-6.992335002869368">
 <ele>327</ele>
 <time>2017-08-26T08:59:54Z</time>
 </trkpt>
 <trkpt lat="62.111435970291495" lon="-6.992336008697748">
 <ele>329.89999999999998</ele>
 <time>2017-08-26T09:00:08Z</time>
 </trkpt>
 <trkpt lat="62.111485004425049" lon="-6.992323016747832">
 <ele>333.19999999999999</ele>
 <time>2017-08-26T09:00:20Z</time>
 </trkpt>
 <trkpt lat="62.1115099824965" lon="-6.992411026731134">
 <ele>336.10000000000002</ele>
 <time>2017-08-26T09:00:33Z</time>
 </trkpt>
 <trkpt lat="62.111554993316531" lon="-6.992407003417611">
 <ele>339</ele>
 <time>2017-08-26T09:00:45Z</time>
 </trkpt>
 <trkpt lat="62.11157301440835" lon="-6.992422007024288">
 <ele>341.89999999999998</ele>
 <time>2017-08-26T09:00:59Z</time>
 </trkpt>
 <trkpt lat="62.111583994701505" lon="-6.992419995367527">
 <ele>342.89999999999998</ele>
 <time>2017-08-26T09:01:01Z</time>
 </trkpt>
 <trkpt lat="62.111603021621704" lon="-6.992366015911102">
 <ele>346.19999999999999</ele>
 <time>2017-08-26T09:01:13Z</time>
 </trkpt>
 <trkpt lat="62.111641997471452" lon="-6.992215979844332">
 <ele>349.10000000000002</ele>
 <time>2017-08-26T09:01:29Z</time>
 </trkpt>
 <trkpt lat="62.111689019948244" lon="-6.992212040349841">
 <ele>351</ele>
 <time>2017-08-26T09:01:37Z</time>
 </trkpt>
 <trkpt lat="62.111713998019695" lon="-6.992245987057686">
 <ele>351</ele>
 <time>2017-08-26T09:01:40Z</time>
 </trkpt>
 <trkpt lat="62.111776024103165" lon="-6.992304995656014">
 <ele>352</ele>
 <time>2017-08-26T09:01:45Z</time>
 </trkpt>
 <trkpt lat="62.111846012994647" lon="-6.992284040898085">
 <ele>353.89999999999998</ele>
 <time>2017-08-26T09:01:55Z</time>
 </trkpt>
 <trkpt lat="62.111908961087465" lon="-6.99225596152246">
 <ele>355.80000000000001</ele>
 <time>2017-08-26T09:02:01Z</time>
 </trkpt>
 <trkpt lat="62.111924970522523" lon="-6.992279011756182">
 <ele>355.80000000000001</ele>
 <time>2017-08-26T09:03:38Z</time>
 </trkpt>
 <trkpt lat="62.111935028806329" lon="-6.992338020354509">
 <ele>355.80000000000001</ele>
 <time>2017-08-26T09:03:43Z</time>
 </trkpt>
 <trkpt lat="62.111970987170935" lon="-6.992405997589231">
 <ele>356.80000000000001</ele>
 <time>2017-08-26T09:03:50Z</time>
 </trkpt>
 <trkpt lat="62.112024966627359" lon="-6.99253398925066">
 <ele>358.19999999999999</ele>
 <time>2017-08-26T09:04:00Z</time>
 </trkpt>
 <trkpt lat="62.11206897161901" lon="-6.992596015334129">
 <ele>359.19999999999999</ele>
 <time>2017-08-26T09:04:06Z</time>
 </trkpt>
 <trkpt lat="62.112125968560576" lon="-6.992693999782205">
 <ele>360.10000000000002</ele>
 <time>2017-08-26T09:04:14Z</time>
 </trkpt>
 <trkpt lat="62.11215203627944" lon="-6.992835989221931">
 <ele>362.10000000000002</ele>
 <time>2017-08-26T09:04:21Z</time>
 </trkpt>
 <trkpt lat="62.112196041271091" lon="-6.992979990318418">
 <ele>363</ele>
 <time>2017-08-26T09:04:28Z</time>
 </trkpt>
 <trkpt lat="62.112252032384276" lon="-6.993085015565157">
 <ele>364</ele>
 <time>2017-08-26T09:04:38Z</time>
 </trkpt>
 <trkpt lat="62.112253960222006" lon="-6.993099013343453">
 <ele>364</ele>
 <time>2017-08-26T09:04:39Z</time>
 </trkpt>
 <trkpt lat="62.112300982698798" lon="-6.993213007226586">
 <ele>365.89999999999998</ele>
 <time>2017-08-26T09:04:47Z</time>
 </trkpt>
 <trkpt lat="62.112350016832352" lon="-6.993301017209888">
 <ele>366.89999999999998</ele>
 <time>2017-08-26T09:04:53Z</time>
 </trkpt>
 <trkpt lat="62.112378012388945" lon="-6.993381986394525">
 <ele>367.80000000000001</ele>
 <time>2017-08-26T09:04:58Z</time>
 </trkpt>
 <trkpt lat="62.112440038472414" lon="-6.993488017469645">
 <ele>368.80000000000001</ele>
 <time>2017-08-26T09:05:06Z</time>
 </trkpt>
 <trkpt lat="62.112535005435348" lon="-6.993707036599517">
 <ele>371.19999999999999</ele>
 <time>2017-08-26T09:05:19Z</time>
 </trkpt>
 <trkpt lat="62.112545985728502" lon="-6.993706030771136">
 <ele>371.19999999999999</ele>
 <time>2017-08-26T09:05:22Z</time>
 </trkpt>
 <trkpt lat="62.112574987113476" lon="-6.993765961378813">
 <ele>372.19999999999999</ele>
 <time>2017-08-26T09:05:26Z</time>
 </trkpt>
 <trkpt lat="62.112675989046693" lon="-6.993895964697003">
 <ele>373.10000000000002</ele>
 <time>2017-08-26T09:05:39Z</time>
 </trkpt>
 <trkpt lat="62.112722005695105" lon="-6.994006019085646">
 <ele>375</ele>
 <time>2017-08-26T09:05:49Z</time>
 </trkpt>
 <trkpt lat="62.112774979323149" lon="-6.994063016027212">
 <ele>376</ele>
 <time>2017-08-26T09:05:55Z</time>
 </trkpt>
 <trkpt lat="62.112838011234999" lon="-6.99408296495676">
 <ele>377</ele>
 <time>2017-08-26T09:06:02Z</time>
 </trkpt>
 <trkpt lat="62.112885033711791" lon="-6.9941879902035">
 <ele>377.89999999999998</ele>
 <time>2017-08-26T09:06:10Z</time>
 </trkpt>
 <trkpt lat="62.112895008176565" lon="-6.994262002408505">
 <ele>378.89999999999998</ele>
 <time>2017-08-26T09:06:14Z</time>
 </trkpt>
 <trkpt lat="62.112938007339835" lon="-6.99431698769331">
 <ele>379.89999999999998</ele>
 <time>2017-08-26T09:06:21Z</time>
 </trkpt>
 <trkpt lat="62.112957034260035" lon="-6.994334002956748">
 <ele>379.89999999999998</ele>
 <time>2017-08-26T09:06:23Z</time>
 </trkpt>
 <trkpt lat="62.112997015938163" lon="-6.994456965476275">
 <ele>379.89999999999998</ele>
 <time>2017-08-26T09:06:30Z</time>
 </trkpt>
 <trkpt lat="62.113005984574556" lon="-6.994602978229523">
 <ele>379.89999999999998</ele>
 <time>2017-08-26T09:06:38Z</time>
 </trkpt>
 <trkpt lat="62.113001961261034" lon="-6.994815040379763">
 <ele>381.80000000000001</ele>
 <time>2017-08-26T09:06:48Z</time>
 </trkpt>
 <trkpt lat="62.113005984574556" lon="-6.994904978200793">
 <ele>383.19999999999999</ele>
 <time>2017-08-26T09:06:56Z</time>
 </trkpt>
 <trkpt lat="62.113062981516123" lon="-6.995032969862223">
 <ele>386.10000000000002</ele>
 <time>2017-08-26T09:07:09Z</time>
 </trkpt>
 <trkpt lat="62.113060969859362" lon="-6.995045961812139">
 <ele>386.10000000000002</ele>
 <time>2017-08-26T09:07:10Z</time>
 </trkpt>
 <trkpt lat="62.113063987344503" lon="-6.995117962360382">
 <ele>387.10000000000002</ele>
 <time>2017-08-26T09:07:15Z</time>
 </trkpt>
 <trkpt lat="62.11309801787138" lon="-6.995180994272232">
 <ele>389</ele>
 <time>2017-08-26T09:07:23Z</time>
 </trkpt>
 <trkpt lat="62.113148979842663" lon="-6.995271015912294">
 <ele>390.89999999999998</ele>
 <time>2017-08-26T09:07:33Z</time>
 </trkpt>
 <trkpt lat="62.113155014812946" lon="-6.995342010632157">
 <ele>391.89999999999998</ele>
 <time>2017-08-26T09:07:36Z</time>
 </trkpt>
 <trkpt lat="62.113179992884398" lon="-6.995352990925312">
 <ele>392.80000000000001</ele>
 <time>2017-08-26T09:07:42Z</time>
 </trkpt>
 <trkpt lat="62.113231038674712" lon="-6.995380986481905">
 <ele>393.80000000000001</ele>
 <time>2017-08-26T09:07:48Z</time>
 </trkpt>
 <trkpt lat="62.113233972340822" lon="-6.99547897092998">
 <ele>395.19999999999999</ele>
 <time>2017-08-26T09:07:55Z</time>
 </trkpt>
 <trkpt lat="62.113242018967867" lon="-6.995596988126636">
 <ele>397.19999999999999</ele>
 <time>2017-08-26T09:08:01Z</time>
 </trkpt>
 <trkpt lat="62.113211005926132" lon="-6.995653985068202">
 <ele>399.10000000000002</ele>
 <time>2017-08-26T09:08:11Z</time>
 </trkpt>
 <trkpt lat="62.113201031461358" lon="-6.995789017528296">
 <ele>400</ele>
 <time>2017-08-26T09:08:23Z</time>
 </trkpt>
 <trkpt lat="62.113200025632977" lon="-6.995806032791734">
 <ele>400</ele>
 <time>2017-08-26T09:08:24Z</time>
 </trkpt>
 <trkpt lat="62.11316398344934" lon="-6.995896976441145">
 <ele>402</ele>
 <time>2017-08-26T09:08:32Z</time>
 </trkpt>
 <trkpt lat="62.11314101703465" lon="-6.996053969487548">
 <ele>402.89999999999998</ele>
 <time>2017-08-26T09:08:41Z</time>
 </trkpt>
 <trkpt lat="62.113125007599592" lon="-6.996095040813088">
 <ele>403.89999999999998</ele>
 <time>2017-08-26T09:08:48Z</time>
 </trkpt>
 <trkpt lat="62.113126013427973" lon="-6.996225966140628">
 <ele>405.80000000000001</ele>
 <time>2017-08-26T09:08:56Z</time>
 </trkpt>
 <trkpt lat="62.113140011206269" lon="-6.996397962793708">
 <ele>408.19999999999999</ele>
 <time>2017-08-26T09:09:09Z</time>
 </trkpt>
 <trkpt lat="62.11314202286303" lon="-6.996406009420753">
 <ele>408.19999999999999</ele>
 <time>2017-08-26T09:09:10Z</time>
 </trkpt>
 <trkpt lat="62.113174963742495" lon="-6.996549004688859">
 <ele>412.10000000000002</ele>
 <time>2017-08-26T09:09:24Z</time>
 </trkpt>
 <trkpt lat="62.11318401619792" lon="-6.996660986915231">
 <ele>413</ele>
 <time>2017-08-26T09:09:33Z</time>
 </trkpt>
 <trkpt lat="62.113153003156185" lon="-6.996732987463474">
 <ele>414</ele>
 <time>2017-08-26T09:09:38Z</time>
 </trkpt>
 <trkpt lat="62.113134982064366" lon="-6.996824014931917">
 <ele>415.89999999999998</ele>
 <time>2017-08-26T09:09:50Z</time>
 </trkpt>
 <trkpt lat="62.113116960972548" lon="-6.996923005208373">
 <ele>418.80000000000001</ele>
 <time>2017-08-26T09:10:01Z</time>
 </trkpt>
 <trkpt lat="62.113133976235986" lon="-6.997058037668467">
 <ele>421.19999999999999</ele>
 <time>2017-08-26T09:10:12Z</time>
 </trkpt>
 <trkpt lat="62.113112015649676" lon="-6.997189968824387">
 <ele>423.10000000000002</ele>
 <time>2017-08-26T09:10:24Z</time>
 </trkpt>
 <trkpt lat="62.113113021478057" lon="-6.997226011008024">
 <ele>425</ele>
 <time>2017-08-26T09:10:27Z</time>
 </trkpt>
 <trkpt lat="62.113108998164535" lon="-6.997286025434732">
 <ele>426</ele>
 <time>2017-08-26T09:10:31Z</time>
 </trkpt>
 <trkpt lat="62.113091982901096" lon="-6.997392978519201">
 <ele>428.89999999999998</ele>
 <time>2017-08-26T09:10:42Z</time>
 </trkpt>
 <trkpt lat="62.113110003992915" lon="-6.997443018481135">
 <ele>429.89999999999998</ele>
 <time>2017-08-26T09:10:45Z</time>
 </trkpt>
 <trkpt lat="62.113102041184902" lon="-6.997493980452418">
 <ele>430.80000000000001</ele>
 <time>2017-08-26T09:10:50Z</time>
 </trkpt>
 <trkpt lat="62.113073039799929" lon="-6.997580984607339">
 <ele>431.80000000000001</ele>
 <time>2017-08-26T09:10:56Z</time>
 </trkpt>
 <trkpt lat="62.113062981516123" lon="-6.997665977105498">
 <ele>434.19999999999999</ele>
 <time>2017-08-26T09:11:04Z</time>
 </trkpt>
 <trkpt lat="62.113046972081065" lon="-6.997805032879114">
 <ele>436.10000000000002</ele>
 <time>2017-08-26T09:11:17Z</time>
 </trkpt>
 <trkpt lat="62.113062981516123" lon="-6.997878039255738">
 <ele>437.10000000000002</ele>
 <time>2017-08-26T09:11:25Z</time>
 </trkpt>
 <trkpt lat="62.113073039799929" lon="-6.998047018423677">
 <ele>439</ele>
 <time>2017-08-26T09:11:37Z</time>
 </trkpt>
 <trkpt lat="62.113086031749845" lon="-6.998108960688114">
 <ele>440.89999999999998</ele>
 <time>2017-08-26T09:11:44Z</time>
 </trkpt>
 <trkpt lat="62.113114027306437" lon="-6.998186996206641">
 <ele>441.89999999999998</ele>
 <time>2017-08-26T09:11:52Z</time>
 </trkpt>
 <trkpt lat="62.113119978457689" lon="-6.998266037553549">
 <ele>442.80000000000001</ele>
 <time>2017-08-26T09:11:57Z</time>
 </trkpt>
 <trkpt lat="62.113145040348172" lon="-6.998445997014642">
 <ele>445.19999999999999</ele>
 <time>2017-08-26T09:12:07Z</time>
 </trkpt>
 <trkpt lat="62.113170018419623" lon="-6.998550016433001">
 <ele>446.19999999999999</ele>
 <time>2017-08-26T09:12:15Z</time>
 </trkpt>
 <trkpt lat="62.113173035904765" lon="-6.998683037236333">
 <ele>447.10000000000002</ele>
 <time>2017-08-26T09:12:23Z</time>
 </trkpt>
 <trkpt lat="62.113116960972548" lon="-6.998760988935828">
 <ele>449.10000000000002</ele>
 <time>2017-08-26T09:12:33Z</time>
 </trkpt>
 <trkpt lat="62.113134982064366" lon="-6.998928040266037">
 <ele>450</ele>
 <time>2017-08-26T09:12:42Z</time>
 </trkpt>
 <trkpt lat="62.113124001771212" lon="-6.999035999178886">
 <ele>450</ele>
 <time>2017-08-26T09:12:48Z</time>
 </trkpt>
 <trkpt lat="62.113019982352853" lon="-6.999230962246656">
 <ele>452</ele>
 <time>2017-08-26T09:13:00Z</time>
 </trkpt>
 <trkpt lat="62.112976983189583" lon="-6.999335987493396">
 <ele>452.89999999999998</ele>
 <time>2017-08-26T09:13:07Z</time>
 </trkpt>
 <trkpt lat="62.112963991239667" lon="-6.999403964728117">
 <ele>453.89999999999998</ele>
 <time>2017-08-26T09:13:14Z</time>
 </trkpt>
 <trkpt lat="62.112937001511455" lon="-6.999540003016591">
 <ele>454.80000000000001</ele>
 <time>2017-08-26T09:13:24Z</time>
 </trkpt>
 <trkpt lat="62.112918980419636" lon="-6.999638993293047">
 <ele>456.80000000000001</ele>
 <time>2017-08-26T09:13:32Z</time>
 </trkpt>
 <trkpt lat="62.112921997904778" lon="-6.999699007719755">
 <ele>458.19999999999999</ele>
 <time>2017-08-26T09:13:37Z</time>
 </trkpt>
 <trkpt lat="62.112915962934494" lon="-6.999857006594539">
 <ele>461.10000000000002</ele>
 <time>2017-08-26T09:13:49Z</time>
 </trkpt>
 <trkpt lat="62.112912023440003" lon="-6.999939987435937">
 <ele>462</ele>
 <time>2017-08-26T09:13:57Z</time>
 </trkpt>
 <trkpt lat="62.112894002348185" lon="-7.000083988532424">
 <ele>464</ele>
 <time>2017-08-26T09:14:08Z</time>
 </trkpt>
 <trkpt lat="62.112900959327817" lon="-7.000121958553791">
 <ele>464.89999999999998</ele>
 <time>2017-08-26T09:14:12Z</time>
 </trkpt>
 <trkpt lat="62.112886039540172" lon="-7.000252967700362">
 <ele>466.89999999999998</ele>
 <time>2017-08-26T09:14:23Z</time>
 </trkpt>
 <trkpt lat="62.112832982093096" lon="-7.000409960746765">
 <ele>470.19999999999999</ele>
 <time>2017-08-26T09:14:38Z</time>
 </trkpt>
 <trkpt lat="62.112832982093096" lon="-7.000482967123389">
 <ele>471.19999999999999</ele>
 <time>2017-08-26T09:14:44Z</time>
 </trkpt>
 <trkpt lat="62.112823007628322" lon="-7.000540969893336">
 <ele>472.10000000000002</ele>
 <time>2017-08-26T09:14:48Z</time>
 </trkpt>
 <trkpt lat="62.112822001799941" lon="-7.000648006796837">
 <ele>475</ele>
 <time>2017-08-26T09:15:01Z</time>
 </trkpt>
 <trkpt lat="62.112846979871392" lon="-7.000714978203178">
 <ele>477.89999999999998</ele>
 <time>2017-08-26T09:15:13Z</time>
 </trkpt>
 <trkpt lat="62.11284102872014" lon="-7.000779015943408">
 <ele>478.89999999999998</ele>
 <time>2017-08-26T09:15:17Z</time>
 </trkpt>
 <trkpt lat="62.112846979871392" lon="-7.000820003449917">
 <ele>479.80000000000001</ele>
 <time>2017-08-26T09:15:20Z</time>
 </trkpt>
 <trkpt lat="62.112846979871392" lon="-7.000836012884975">
 <ele>480.80000000000001</ele>
 <time>2017-08-26T09:15:22Z</time>
 </trkpt>
 <trkpt lat="62.11284102872014" lon="-7.00091103091836">
 <ele>482.19999999999999</ele>
 <time>2017-08-26T09:15:28Z</time>
 </trkpt>
 <trkpt lat="62.112827030941844" lon="-7.000967022031546">
 <ele>483.19999999999999</ele>
 <time>2017-08-26T09:15:35Z</time>
 </trkpt>
 <trkpt lat="62.112823007628322" lon="-7.00104396790266">
 <ele>484.19999999999999</ele>
 <time>2017-08-26T09:15:44Z</time>
 </trkpt>
 <trkpt lat="62.112835999578238" lon="-7.00121303088963">
 <ele>487</ele>
 <time>2017-08-26T09:15:58Z</time>
 </trkpt>
 <trkpt lat="62.112832982093096" lon="-7.001296011731029">
 <ele>488</ele>
 <time>2017-08-26T09:16:05Z</time>
 </trkpt>
 <trkpt lat="62.112870030105114" lon="-7.001389972865582">
 <ele>490.89999999999998</ele>
 <time>2017-08-26T09:16:18Z</time>
 </trkpt>
 <trkpt lat="62.112865000963211" lon="-7.001502960920334">
 <ele>492.80000000000001</ele>
 <time>2017-08-26T09:16:29Z</time>
 </trkpt>
 <trkpt lat="62.112876987084746" lon="-7.001616032794118">
 <ele>495.19999999999999</ele>
 <time>2017-08-26T09:16:37Z</time>
 </trkpt>
 <trkpt lat="62.112900037318468" lon="-7.001716028898954">
 <ele>498.10000000000002</ele>
 <time>2017-08-26T09:16:49Z</time>
 </trkpt>
 <trkpt lat="62.112923003733158" lon="-7.001828011125326">
 <ele>501</ele>
 <time>2017-08-26T09:17:00Z</time>
 </trkpt>
 <trkpt lat="62.112931972369552" lon="-7.001904034987092">
 <ele>502.89999999999998</ele>
 <time>2017-08-26T09:17:07Z</time>
 </trkpt>
 <trkpt lat="62.112943036481738" lon="-7.001938987523317">
 <ele>505.80000000000001</ele>
 <time>2017-08-26T09:17:18Z</time>
 </trkpt>
 <trkpt lat="62.112947981804609" lon="-7.00207200832665">
 <ele>509.19999999999999</ele>
 <time>2017-08-26T09:17:29Z</time>
 </trkpt>
 <trkpt lat="62.112955022603273" lon="-7.002148032188416">
 <ele>510.10000000000002</ele>
 <time>2017-08-26T09:17:34Z</time>
 </trkpt>
 <trkpt lat="62.112943036481738" lon="-7.002269988879561">
 <ele>512</ele>
 <time>2017-08-26T09:17:44Z</time>
 </trkpt>
 <trkpt lat="62.112978994846344" lon="-7.002355987206101">
 <ele>514</ele>
 <time>2017-08-26T09:17:56Z</time>
 </trkpt>
 <trkpt lat="62.112988969311118" lon="-7.002469981089234">
 <ele>515.89999999999998</ele>
 <time>2017-08-26T09:18:05Z</time>
 </trkpt>
 <trkpt lat="62.112956028431654" lon="-7.002593027427793">
 <ele>517.79999999999995</ele>
 <time>2017-08-26T09:18:16Z</time>
 </trkpt>
 <trkpt lat="62.112958962097764" lon="-7.00267399661243">
 <ele>520.20000000000005</ele>
 <time>2017-08-26T09:18:22Z</time>
 </trkpt>
 <trkpt lat="62.112955022603273" lon="-7.002678019925952">
 <ele>520.20000000000005</ele>
 <time>2017-08-26T09:18:57Z</time>
 </trkpt>
 <trkpt lat="62.112957034260035" lon="-7.002726970240474">
 <ele>520.20000000000005</ele>
 <time>2017-08-26T09:19:01Z</time>
 </trkpt>
 <trkpt lat="62.112947981804609" lon="-7.002809029072523">
 <ele>520.20000000000005</ele>
 <time>2017-08-26T09:19:06Z</time>
 </trkpt>
 <trkpt lat="62.112928032875061" lon="-7.002921011298895">
 <ele>521.20000000000005</ele>
 <time>2017-08-26T09:19:14Z</time>
 </trkpt>
 <trkpt lat="62.112956028431654" lon="-7.002948001027107">
 <ele>521.20000000000005</ele>
 <time>2017-08-26T09:19:24Z</time>
 </trkpt>
 <trkpt lat="62.11301201954484" lon="-7.003011032938957">
 <ele>523.10000000000002</ele>
 <time>2017-08-26T09:19:37Z</time>
 </trkpt>
 <trkpt lat="62.113079996779561" lon="-7.003043973818421">
 <ele>526</ele>
 <time>2017-08-26T09:19:50Z</time>
 </trkpt>
 <trkpt lat="62.113113021478057" lon="-7.002989994361997">
 <ele>528.89999999999998</ele>
 <time>2017-08-26T09:20:01Z</time>
 </trkpt>
 <trkpt lat="62.113154008984566" lon="-7.002980019897223">
 <ele>530.79999999999995</ele>
 <time>2017-08-26T09:20:10Z</time>
 </trkpt>
 <trkpt lat="62.113196002319455" lon="-7.003006003797054">
 <ele>534.20000000000005</ele>
 <time>2017-08-26T09:20:19Z</time>
 </trkpt>
 <trkpt lat="62.11324998177588" lon="-7.002961998805404">
 <ele>536.10000000000002</ele>
 <time>2017-08-26T09:20:30Z</time>
 </trkpt>
 <trkpt lat="62.113272026181221" lon="-7.002998040989041">
 <ele>537</ele>
 <time>2017-08-26T09:20:33Z</time>
 </trkpt>
 <trkpt lat="62.113318964838982" lon="-7.00310499407351">
 <ele>539</ele>
 <time>2017-08-26T09:20:40Z</time>
 </trkpt>
 <trkpt lat="62.113352995365858" lon="-7.003256035968661">
 <ele>539.89999999999998</ele>
 <time>2017-08-26T09:20:51Z</time>
 </trkpt>
 <trkpt lat="62.113361964002252" lon="-7.003326024860144">
 <ele>540.89999999999998</ele>
 <time>2017-08-26T09:20:55Z</time>
 </trkpt>
 <trkpt lat="62.113380990922451" lon="-7.003492992371321">
 <ele>541.79999999999995</ele>
 <time>2017-08-26T09:21:03Z</time>
 </trkpt>
 <trkpt lat="62.113390965387225" lon="-7.003688039258122">
 <ele>542.79999999999995</ele>
 <time>2017-08-26T09:21:09Z</time>
 </trkpt>
 <trkpt lat="62.113423990085721" lon="-7.003969000652432">
 <ele>543.79999999999995</ele>
 <time>2017-08-26T09:21:23Z</time>
 </trkpt>
 <trkpt lat="62.113429019227624" lon="-7.004018034785986">
 <ele>543.79999999999995</ele>
 <time>2017-08-26T09:21:27Z</time>
 </trkpt>
 <trkpt lat="62.113458020612597" lon="-7.004297990351915">
 <ele>546.20000000000005</ele>
 <time>2017-08-26T09:21:38Z</time>
 </trkpt>
 <trkpt lat="62.113466989248991" lon="-7.004347024485469">
 <ele>547.10000000000002</ele>
 <time>2017-08-26T09:21:42Z</time>
 </trkpt>
 <trkpt lat="62.113490039482713" lon="-7.004493959248066">
 <ele>548.10000000000002</ele>
 <time>2017-08-26T09:21:51Z</time>
 </trkpt>
 <trkpt lat="62.113499008119106" lon="-7.004741979762912">
 <ele>550</ele>
 <time>2017-08-26T09:22:04Z</time>
 </trkpt>
 <trkpt lat="62.113532032817602" lon="-7.004988994449377">
 <ele>551.89999999999998</ele>
 <time>2017-08-26T09:22:17Z</time>
 </trkpt>
 <trkpt lat="62.113568997010589" lon="-7.005165014415979">
 <ele>553.89999999999998</ele>
 <time>2017-08-26T09:22:29Z</time>
 </trkpt>
 <trkpt lat="62.113573020324111" lon="-7.005192004144192">
 <ele>554.79999999999995</ele>
 <time>2017-08-26T09:22:31Z</time>
 </trkpt>
 <trkpt lat="62.113577965646982" lon="-7.005264004692435">
 <ele>554.79999999999995</ele>
 <time>2017-08-26T09:22:35Z</time>
 </trkpt>
 <trkpt lat="62.113591963425279" lon="-7.005428038537502">
 <ele>557.20000000000005</ele>
 <time>2017-08-26T09:22:45Z</time>
 </trkpt>
 <trkpt lat="62.113596992567182" lon="-7.005509007722139">
 <ele>559.10000000000002</ele>
 <time>2017-08-26T09:22:50Z</time>
 </trkpt>
 <trkpt lat="62.11361400783062" lon="-7.005548989400268">
 <ele>560.10000000000002</ele>
 <time>2017-08-26T09:22:55Z</time>
 </trkpt>
 <trkpt lat="62.113644015043974" lon="-7.005714029073715">
 <ele>561.10000000000002</ele>
 <time>2017-08-26T09:23:05Z</time>
 </trkpt>
 <trkpt lat="62.113660024479032" lon="-7.005883008241653">
 <ele>564</ele>
 <time>2017-08-26T09:23:17Z</time>
 </trkpt>
 <trkpt lat="62.113687014207244" lon="-7.005986021831632">
 <ele>565.89999999999998</ele>
 <time>2017-08-26T09:23:27Z</time>
 </trkpt>
 <trkpt lat="62.113696988672018" lon="-7.006032960489392">
 <ele>566.79999999999995</ele>
 <time>2017-08-26T09:23:30Z</time>
 </trkpt>
 <trkpt lat="62.113718027248979" lon="-7.006124993786216">
 <ele>567.79999999999995</ele>
 <time>2017-08-26T09:23:38Z</time>
 </trkpt>
 <trkpt lat="62.113739987835288" lon="-7.006344012916088">
 <ele>571.20000000000005</ele>
 <time>2017-08-26T09:23:51Z</time>
 </trkpt>
 <trkpt lat="62.113761026412249" lon="-7.00647602789104">
 <ele>574</ele>
 <time>2017-08-26T09:24:04Z</time>
 </trkpt>
 <trkpt lat="62.113776030018926" lon="-7.00656495988369">
 <ele>575</ele>
 <time>2017-08-26T09:24:12Z</time>
 </trkpt>
 <trkpt lat="62.113757003098726" lon="-7.006617011502385">
 <ele>576</ele>
 <time>2017-08-26T09:24:16Z</time>
 </trkpt>
 <trkpt lat="62.113778963685036" lon="-7.006800994277">
 <ele>578.79999999999995</ele>
 <time>2017-08-26T09:24:31Z</time>
 </trkpt>
 <trkpt lat="62.113792039453983" lon="-7.006955975666642">
 <ele>582.20000000000005</ele>
 <time>2017-08-26T09:24:43Z</time>
 </trkpt>
 <trkpt lat="62.113805031403899" lon="-7.007038034498692">
 <ele>583.20000000000005</ele>
 <time>2017-08-26T09:24:50Z</time>
 </trkpt>
 <trkpt lat="62.113821962848306" lon="-7.007184969261289">
 <ele>585.10000000000002</ele>
 <time>2017-08-26T09:24:57Z</time>
 </trkpt>
 <trkpt lat="62.113837972283363" lon="-7.007302986457944">
 <ele>586.10000000000002</ele>
 <time>2017-08-26T09:25:04Z</time>
 </trkpt>
 <trkpt lat="62.113836966454983" lon="-7.007338022813201">
 <ele>587</ele>
 <time>2017-08-26T09:25:09Z</time>
 </trkpt>
 <trkpt lat="62.113861022517085" lon="-7.007497027516365">
 <ele>589</ele>
 <time>2017-08-26T09:25:22Z</time>
 </trkpt>
 <trkpt lat="62.113874014467001" lon="-7.007612027227879">
 <ele>590.89999999999998</ele>
 <time>2017-08-26T09:25:31Z</time>
 </trkpt>
 <trkpt lat="62.113896980881691" lon="-7.00774697586894">
 <ele>594.20000000000005</ele>
 <time>2017-08-26T09:25:43Z</time>
 </trkpt>
 <trkpt lat="62.113912990316749" lon="-7.007904974743724">
 <ele>597.10000000000002</ele>
 <time>2017-08-26T09:25:57Z</time>
 </trkpt>
 <trkpt lat="62.113928999751806" lon="-7.008036989718676">
 <ele>599</ele>
 <time>2017-08-26T09:26:09Z</time>
 </trkpt>
 <trkpt lat="62.113962024450302" lon="-7.008190965279937">
 <ele>602.89999999999998</ele>
 <time>2017-08-26T09:26:23Z</time>
 </trkpt>
 <trkpt lat="62.113968981429935" lon="-7.008186019957066">
 <ele>602.89999999999998</ele>
 <time>2017-08-26T09:26:25Z</time>
 </trkpt>
 <trkpt lat="62.113992031663656" lon="-7.008299008011818">
 <ele>604.79999999999995</ele>
 <time>2017-08-26T09:26:33Z</time>
 </trkpt>
 <trkpt lat="62.113996976986527" lon="-7.008426999673247">
 <ele>607.20000000000005</ele>
 <time>2017-08-26T09:26:45Z</time>
 </trkpt>
 <trkpt lat="62.113989014178514" lon="-7.008534958586097">
 <ele>610.10000000000002</ele>
 <time>2017-08-26T09:26:55Z</time>
 </trkpt>
 <trkpt lat="62.114004017785192" lon="-7.00862699188292">
 <ele>612</ele>
 <time>2017-08-26T09:27:04Z</time>
 </trkpt>
 <trkpt lat="62.114009968936443" lon="-7.008676026016474">
 <ele>613.89999999999998</ele>
 <time>2017-08-26T09:27:11Z</time>
 </trkpt>
 <trkpt lat="62.114007035270333" lon="-7.00871299020946">
 <ele>613.89999999999998</ele>
 <time>2017-08-26T09:27:13Z</time>
 </trkpt>
 <trkpt lat="62.114007035270333" lon="-7.008781973272562">
 <ele>615.89999999999998</ele>
 <time>2017-08-26T09:27:18Z</time>
 </trkpt>
 <trkpt lat="62.114026984199882" lon="-7.008880963549018">
 <ele>617.79999999999995</ele>
 <time>2017-08-26T09:27:28Z</time>
 </trkpt>
 <trkpt lat="62.114039976149797" lon="-7.00890501961112">
 <ele>617.79999999999995</ele>
 <time>2017-08-26T09:27:32Z</time>
 </trkpt>
 <trkpt lat="62.114053973928094" lon="-7.009000992402434">
 <ele>620.20000000000005</ele>
 <time>2017-08-26T09:27:38Z</time>
 </trkpt>
 <trkpt lat="62.114069983363152" lon="-7.009089002385736">
 <ele>622.10000000000002</ele>
 <time>2017-08-26T09:27:46Z</time>
 </trkpt>
 <trkpt lat="62.114085992798209" lon="-7.009112974628806">
 <ele>624</ele>
 <time>2017-08-26T09:27:51Z</time>
 </trkpt>
 <trkpt lat="62.114105019718409" lon="-7.009125966578722">
 <ele>626</ele>
 <time>2017-08-26T09:27:58Z</time>
 </trkpt>
 <trkpt lat="62.114096973091364" lon="-7.009143987670541">
 <ele>626.89999999999998</ele>
 <time>2017-08-26T09:28:03Z</time>
 </trkpt>
 <trkpt lat="62.114073000848293" lon="-7.009175000712276">
 <ele>626.89999999999998</ele>
 <time>2017-08-26T09:36:54Z</time>
 </trkpt>
 <trkpt lat="62.114037964493036" lon="-7.00905698351562">
 <ele>626.89999999999998</ele>
 <time>2017-08-26T09:37:08Z</time>
 </trkpt>
 <trkpt lat="62.114007035270333" lon="-7.008895967155695">
 <ele>624</ele>
 <time>2017-08-26T09:37:21Z</time>
 </trkpt>
 <trkpt lat="62.113969987258315" lon="-7.008761018514633">
 <ele>621.20000000000005</ele>
 <time>2017-08-26T09:37:31Z</time>
 </trkpt>
 <trkpt lat="62.113960012793541" lon="-7.008622968569398">
 <ele>617.79999999999995</ele>
 <time>2017-08-26T09:37:41Z</time>
 </trkpt>
 <trkpt lat="62.113960012793541" lon="-7.008460024371743">
 <ele>613.89999999999998</ele>
 <time>2017-08-26T09:37:53Z</time>
 </trkpt>
 <trkpt lat="62.11395800113678" lon="-7.008334966376424">
 <ele>611.10000000000002</ele>
 <time>2017-08-26T09:38:04Z</time>
 </trkpt>
 <trkpt lat="62.11393897421658" lon="-7.008156012743712">
 <ele>608.20000000000005</ele>
 <time>2017-08-26T09:38:16Z</time>
 </trkpt>
 <trkpt lat="62.11393503472209" lon="-7.008117958903313">
 <ele>607.20000000000005</ele>
 <time>2017-08-26T09:38:19Z</time>
 </trkpt>
 <trkpt lat="62.113934028893709" lon="-7.008052999153733">
 <ele>605.79999999999995</ele>
 <time>2017-08-26T09:38:22Z</time>
 </trkpt>
 <trkpt lat="62.113907039165497" lon="-7.007904974743724">
 <ele>602.89999999999998</ele>
 <time>2017-08-26T09:38:34Z</time>
 </trkpt>
 <trkpt lat="62.113893963396549" lon="-7.007821993902326">
 <ele>601.89999999999998</ele>
 <time>2017-08-26T09:38:38Z</time>
 </trkpt>
 <trkpt lat="62.11387200281024" lon="-7.007608003914356">
 <ele>598.10000000000002</ele>
 <time>2017-08-26T09:38:49Z</time>
 </trkpt>
 <trkpt lat="62.113866973668337" lon="-7.007570033892989">
 <ele>598.10000000000002</ele>
 <time>2017-08-26T09:38:50Z</time>
 </trkpt>
 <trkpt lat="62.113867979496717" lon="-7.007525023072958">
 <ele>598.10000000000002</ele>
 <time>2017-08-26T09:38:52Z</time>
 </trkpt>
 <trkpt lat="62.113864962011576" lon="-7.007496021687985">
 <ele>596.20000000000005</ele>
 <time>2017-08-26T09:38:59Z</time>
 </trkpt>
 <trkpt lat="62.113854987546802" lon="-7.007288988679647">
 <ele>591.79999999999995</ele>
 <time>2017-08-26T09:39:10Z</time>
 </trkpt>
 <trkpt lat="62.113838978111744" lon="-7.007193015888333">
 <ele>589.89999999999998</ele>
 <time>2017-08-26T09:39:20Z</time>
 </trkpt>
 <trkpt lat="62.113825986161828" lon="-7.007020013406873">
 <ele>587</ele>
 <time>2017-08-26T09:39:30Z</time>
 </trkpt>
 <trkpt lat="62.113812994211912" lon="-7.006924040615559">
 <ele>586.10000000000002</ele>
 <time>2017-08-26T09:39:34Z</time>
 </trkpt>
 <trkpt lat="62.113804025575519" lon="-7.00678096152842">
 <ele>585.10000000000002</ele>
 <time>2017-08-26T09:39:38Z</time>
 </trkpt>
 <trkpt lat="62.113783992826939" lon="-7.006639977917075">
 <ele>582.20000000000005</ele>
 <time>2017-08-26T09:39:48Z</time>
 </trkpt>
 <trkpt lat="62.113771000877023" lon="-7.006549034267664">
 <ele>579.79999999999995</ele>
 <time>2017-08-26T09:39:55Z</time>
 </trkpt>
 <trkpt lat="62.1137669775635" lon="-7.006415007635951">
 <ele>577.89999999999998</ele>
 <time>2017-08-26T09:40:01Z</time>
 </trkpt>
 <trkpt lat="62.113755997270346" lon="-7.006265977397561">
 <ele>576</ele>
 <time>2017-08-26T09:40:10Z</time>
 </trkpt>
 <trkpt lat="62.113729007542133" lon="-7.006108984351158">
 <ele>572.10000000000002</ele>
 <time>2017-08-26T09:40:21Z</time>
 </trkpt>
 <trkpt lat="62.113669998943806" lon="-7.005916032940149">
 <ele>570.20000000000005</ele>
 <time>2017-08-26T09:40:33Z</time>
 </trkpt>
 <trkpt lat="62.113652983680367" lon="-7.005679998546839">
 <ele>566.79999999999995</ele>
 <time>2017-08-26T09:40:42Z</time>
 </trkpt>
 <trkpt lat="62.11363697424531" lon="-7.005625013262034">
 <ele>565.89999999999998</ele>
 <time>2017-08-26T09:40:45Z</time>
 </trkpt>
 <trkpt lat="62.113620964810252" lon="-7.005490986630321">
 <ele>564</ele>
 <time>2017-08-26T09:40:50Z</time>
 </trkpt>
 <trkpt lat="62.113575031980872" lon="-7.005173983052373">
 <ele>561.10000000000002</ele>
 <time>2017-08-26T09:41:01Z</time>
 </trkpt>
 <trkpt lat="62.11357100866735" lon="-7.005169037729502">
 <ele>561.10000000000002</ele>
 <time>2017-08-26T09:41:02Z</time>
 </trkpt>
 <trkpt lat="62.113504959270358" lon="-7.005070969462395">
 <ele>557.20000000000005</ele>
 <time>2017-08-26T09:41:14Z</time>
 </trkpt>
 <trkpt lat="62.113499008119106" lon="-7.005056971684098">
 <ele>557.20000000000005</ele>
 <time>2017-08-26T09:41:15Z</time>
 </trkpt>
 <trkpt lat="62.113476041704416" lon="-7.004997963085771">
 <ele>555.79999999999995</ele>
 <time>2017-08-26T09:41:18Z</time>
 </trkpt>
 <trkpt lat="62.113473024219275" lon="-7.004816997796297">
 <ele>555.79999999999995</ele>
 <time>2017-08-26T09:41:24Z</time>
 </trkpt>
 <trkpt lat="62.113461038097739" lon="-7.004732005298138">
 <ele>553.89999999999998</ele>
 <time>2017-08-26T09:41:28Z</time>
 </trkpt>
 <trkpt lat="62.113461038097739" lon="-7.004407038912177">
 <ele>551.89999999999998</ele>
 <time>2017-08-26T09:41:38Z</time>
 </trkpt>
 <trkpt lat="62.113447040319443" lon="-7.004367979243398">
 <ele>550</ele>
 <time>2017-08-26T09:41:43Z</time>
 </trkpt>
 <trkpt lat="62.113416027277708" lon="-7.004223978146911">
 <ele>549</ele>
 <time>2017-08-26T09:41:48Z</time>
 </trkpt>
 <trkpt lat="62.113366993144155" lon="-7.004078971222043">
 <ele>548.10000000000002</ele>
 <time>2017-08-26T09:41:57Z</time>
 </trkpt>
 <trkpt lat="62.113327011466026" lon="-7.003881996497512">
 <ele>546.20000000000005</ele>
 <time>2017-08-26T09:42:06Z</time>
 </trkpt>
 <trkpt lat="62.113358024507761" lon="-7.003524005413055">
 <ele>543.79999999999995</ele>
 <time>2017-08-26T09:42:20Z</time>
 </trkpt>
 <trkpt lat="62.113333968445659" lon="-7.003439012914896">
 <ele>542.79999999999995</ele>
 <time>2017-08-26T09:42:27Z</time>
 </trkpt>
 <trkpt lat="62.113324999809265" lon="-7.003395007923245">
 <ele>541.79999999999995</ele>
 <time>2017-08-26T09:42:29Z</time>
 </trkpt>
 <trkpt lat="62.113245958462358" lon="-7.003198033198714">
 <ele>539.89999999999998</ele>
 <time>2017-08-26T09:42:40Z</time>
 </trkpt>
 <trkpt lat="62.113226009532809" lon="-7.00308102183044">
 <ele>539</ele>
 <time>2017-08-26T09:42:48Z</time>
 </trkpt>
 <trkpt lat="62.113232966512442" lon="-7.00303802266717">
 <ele>539</ele>
 <time>2017-08-26T09:42:50Z</time>
 </trkpt>
 <trkpt lat="62.113216035068035" lon="-7.003024024888873">
 <ele>536.10000000000002</ele>
 <time>2017-08-26T09:44:08Z</time>
 </trkpt>
 <trkpt lat="62.113199019804597" lon="-7.003026036545634">
 <ele>536.10000000000002</ele>
 <time>2017-08-26T09:44:11Z</time>
 </trkpt>
 <trkpt lat="62.113134982064366" lon="-7.002958981320262">
 <ele>535.10000000000002</ele>
 <time>2017-08-26T09:44:24Z</time>
 </trkpt>
 <trkpt lat="62.113104974851012" lon="-7.002978008240461">
 <ele>532.20000000000005</ele>
 <time>2017-08-26T09:44:34Z</time>
 </trkpt>
 <trkpt lat="62.113030962646008" lon="-7.003014972433448">
 <ele>528.89999999999998</ele>
 <time>2017-08-26T09:44:48Z</time>
 </trkpt>
 <trkpt lat="62.112976983189583" lon="-7.002945989370346">
 <ele>526</ele>
 <time>2017-08-26T09:44:58Z</time>
 </trkpt>
 <trkpt lat="62.11296902038157" lon="-7.002920005470514">
 <ele>525</ele>
 <time>2017-08-26T09:45:00Z</time>
 </trkpt>
 <trkpt lat="62.112945970147848" lon="-7.002894021570683">
 <ele>524.10000000000002</ele>
 <time>2017-08-26T09:45:04Z</time>
 </trkpt>
 <trkpt lat="62.112918980419636" lon="-7.00290902517736">
 <ele>523.10000000000002</ele>
 <time>2017-08-26T09:45:07Z</time>
 </trkpt>
 <trkpt lat="62.112890984863043" lon="-7.002865020185709">
 <ele>522.10000000000002</ele>
 <time>2017-08-26T09:45:11Z</time>
 </trkpt>
 <trkpt lat="62.112895008176565" lon="-7.002813974395394">
 <ele>521.20000000000005</ele>
 <time>2017-08-26T09:45:14Z</time>
 </trkpt>
 <trkpt lat="62.112967008724809" lon="-7.002553967759013">
 <ele>520.20000000000005</ele>
 <time>2017-08-26T09:45:30Z</time>
 </trkpt>
 <trkpt lat="62.112967008724809" lon="-7.002336038276553">
 <ele>517.79999999999995</ele>
 <time>2017-08-26T09:45:44Z</time>
 </trkpt>
 <trkpt lat="62.112973965704441" lon="-7.002237970009446">
 <ele>515.89999999999998</ele>
 <time>2017-08-26T09:45:50Z</time>
 </trkpt>
 <trkpt lat="62.112975977361202" lon="-7.002153983339667">
 <ele>515.89999999999998</ele>
 <time>2017-08-26T09:45:54Z</time>
 </trkpt>
 <trkpt lat="62.11299198679626" lon="-7.00196698307991">
 <ele>512</ele>
 <time>2017-08-26T09:46:05Z</time>
 </trkpt>
 <trkpt lat="62.112973965704441" lon="-7.001896994188428">
 <ele>509.19999999999999</ele>
 <time>2017-08-26T09:46:16Z</time>
 </trkpt>
 <trkpt lat="62.113011013716459" lon="-7.001745030283928">
 <ele>505.80000000000001</ele>
 <time>2017-08-26T09:46:32Z</time>
 </trkpt>
 <trkpt lat="62.112980000674725" lon="-7.001647967845202">
 <ele>502.89999999999998</ele>
 <time>2017-08-26T09:46:41Z</time>
 </trkpt>
 <trkpt lat="62.112925015389919" lon="-7.001588037237525">
 <ele>500</ele>
 <time>2017-08-26T09:46:53Z</time>
 </trkpt>
 <trkpt lat="62.112844968214631" lon="-7.00151695869863">
 <ele>497.10000000000002</ele>
 <time>2017-08-26T09:47:06Z</time>
 </trkpt>
 <trkpt lat="62.11284102872014" lon="-7.001485023647547">
 <ele>497.10000000000002</ele>
 <time>2017-08-26T09:47:08Z</time>
 </trkpt>
 <trkpt lat="62.112856032326818" lon="-7.001378992572427">
 <ele>495.19999999999999</ele>
 <time>2017-08-26T09:47:14Z</time>
 </trkpt>
 <trkpt lat="62.112859971821308" lon="-7.001180006191135">
 <ele>491.89999999999998</ele>
 <time>2017-08-26T09:47:25Z</time>
 </trkpt>
 <trkpt lat="62.112823007628322" lon="-7.001034999266267">
 <ele>488</ele>
 <time>2017-08-26T09:47:36Z</time>
 </trkpt>
 <trkpt lat="62.112812027335167" lon="-7.000944977626205">
 <ele>486.10000000000002</ele>
 <time>2017-08-26T09:47:41Z</time>
 </trkpt>
 <trkpt lat="62.112847985699773" lon="-7.000743979588151">
 <ele>484.19999999999999</ele>
 <time>2017-08-26T09:47:55Z</time>
 </trkpt>
 <trkpt lat="62.112868018448353" lon="-7.000619005411863">
 <ele>479.80000000000001</ele>
 <time>2017-08-26T09:48:06Z</time>
 </trkpt>
 <trkpt lat="62.112886039540172" lon="-7.000477015972138">
 <ele>477</ele>
 <time>2017-08-26T09:48:18Z</time>
 </trkpt>
 <trkpt lat="62.112849997356534" lon="-7.00035598129034">
 <ele>474.10000000000002</ele>
 <time>2017-08-26T09:48:27Z</time>
 </trkpt>
 <trkpt lat="62.112868018448353" lon="-7.000220026820898">
 <ele>471.19999999999999</ele>
 <time>2017-08-26T09:48:36Z</time>
 </trkpt>
 <trkpt lat="62.112871035933495" lon="-7.000200999900699">
 <ele>470.19999999999999</ele>
 <time>2017-08-26T09:48:37Z</time>
 </trkpt>
 <trkpt lat="62.112903976812959" lon="-7.000040989369154">
 <ele>467.80000000000001</ele>
 <time>2017-08-26T09:48:47Z</time>
 </trkpt>
 <trkpt lat="62.112955022603273" lon="-6.999940993264318">
 <ele>465.89999999999998</ele>
 <time>2017-08-26T09:48:54Z</time>
 </trkpt>
 <trkpt lat="62.112930966541171" lon="-6.999690039083362">
 <ele>462</ele>
 <time>2017-08-26T09:49:07Z</time>
 </trkpt>
 <trkpt lat="62.112952005118132" lon="-6.999428020790219">
 <ele>459.19999999999999</ele>
 <time>2017-08-26T09:49:19Z</time>
 </trkpt>
 <trkpt lat="62.112955022603273" lon="-6.999361971393228">
 <ele>458.19999999999999</ele>
 <time>2017-08-26T09:49:22Z</time>
 </trkpt>
 <trkpt lat="62.112938007339835" lon="-6.999267004430294">
 <ele>455.80000000000001</ele>
 <time>2017-08-26T09:49:26Z</time>
 </trkpt>
 <trkpt lat="62.112950999289751" lon="-6.999138006940484">
 <ele>453.89999999999998</ele>
 <time>2017-08-26T09:49:32Z</time>
 </trkpt>
 <trkpt lat="62.113054012879729" lon="-6.998969027772546">
 <ele>452</ele>
 <time>2017-08-26T09:49:42Z</time>
 </trkpt>
 <trkpt lat="62.113137999549508" lon="-6.998810023069382">
 <ele>450</ele>
 <time>2017-08-26T09:49:53Z</time>
 </trkpt>
 <trkpt lat="62.113179992884398" lon="-6.998685970902443">
 <ele>450</ele>
 <time>2017-08-26T09:49:58Z</time>
 </trkpt>
 <trkpt lat="62.113198013976216" lon="-6.99861497618258">
 <ele>450</ele>
 <time>2017-08-26T09:50:01Z</time>
 </trkpt>
 <trkpt lat="62.113165995106101" lon="-6.998321022838354">
 <ele>447.10000000000002</ele>
 <time>2017-08-26T09:50:16Z</time>
 </trkpt>
 <trkpt lat="62.113159038126469" lon="-6.998177021741867">
 <ele>446.19999999999999</ele>
 <time>2017-08-26T09:50:23Z</time>
 </trkpt>
 <trkpt lat="62.113106986507773" lon="-6.998085994273424">
 <ele>443.80000000000001</ele>
 <time>2017-08-26T09:50:29Z</time>
 </trkpt>
 <trkpt lat="62.11309801787138" lon="-6.9980129878968">
 <ele>442.80000000000001</ele>
 <time>2017-08-26T09:50:33Z</time>
 </trkpt>
 <trkpt lat="62.11303498595953" lon="-6.997816013172269">
 <ele>440.89999999999998</ele>
 <time>2017-08-26T09:50:43Z</time>
 </trkpt>
 <trkpt lat="62.113041020929813" lon="-6.997590037062764">
 <ele>438</ele>
 <time>2017-08-26T09:50:57Z</time>
 </trkpt>
 <trkpt lat="62.113100029528141" lon="-6.997432038187981">
 <ele>435.10000000000002</ele>
 <time>2017-08-26T09:51:11Z</time>
 </trkpt>
 <trkpt lat="62.113102963194251" lon="-6.997419968247414">
 <ele>435.10000000000002</ele>
 <time>2017-08-26T09:51:13Z</time>
 </trkpt>
 <trkpt lat="62.113179992884398" lon="-6.997299017384648">
 <ele>431.80000000000001</ele>
 <time>2017-08-26T09:51:28Z</time>
 </trkpt>
 <trkpt lat="62.113165995106101" lon="-6.997158033773303">
 <ele>428.89999999999998</ele>
 <time>2017-08-26T09:51:40Z</time>
 </trkpt>
 <trkpt lat="62.113125007599592" lon="-6.99700296856463">
 <ele>426</ele>
 <time>2017-08-26T09:51:52Z</time>
 </trkpt>
 <trkpt lat="62.113129030913115" lon="-6.996896015480161">
 <ele>424.10000000000002</ele>
 <time>2017-08-26T09:52:01Z</time>
 </trkpt>
 <trkpt lat="62.113188039511442" lon="-6.996708009392023">
 <ele>420.19999999999999</ele>
 <time>2017-08-26T09:52:15Z</time>
 </trkpt>
 <trkpt lat="62.113190973177552" lon="-6.996691999956965">
 <ele>420.19999999999999</ele>
 <time>2017-08-26T09:52:16Z</time>
 </trkpt>
 <trkpt lat="62.113231038674712" lon="-6.996462000533938">
 <ele>416.89999999999998</ele>
 <time>2017-08-26T09:52:30Z</time>
 </trkpt>
 <trkpt lat="62.113225003704429" lon="-6.996406009420753">
 <ele>415.89999999999998</ele>
 <time>2017-08-26T09:52:33Z</time>
 </trkpt>
 <trkpt lat="62.113159960135818" lon="-6.996309030801058">
 <ele>413</ele>
 <time>2017-08-26T09:52:42Z</time>
 </trkpt>
 <trkpt lat="62.113143028691411" lon="-6.996247004717588">
 <ele>412.10000000000002</ele>
 <time>2017-08-26T09:52:45Z</time>
 </trkpt>
 <trkpt lat="62.113131964579225" lon="-6.996112978085876">
 <ele>409.19999999999999</ele>
 <time>2017-08-26T09:52:52Z</time>
 </trkpt>
 <trkpt lat="62.113147974014282" lon="-6.995844002813101">
 <ele>404.89999999999998</ele>
 <time>2017-08-26T09:53:04Z</time>
 </trkpt>
 <trkpt lat="62.113174963742495" lon="-6.995636969804764">
 <ele>402</ele>
 <time>2017-08-26T09:53:14Z</time>
 </trkpt>
 <trkpt lat="62.113196002319455" lon="-6.995364977046847">
 <ele>399.10000000000002</ele>
 <time>2017-08-26T09:53:28Z</time>
 </trkpt>
 <trkpt lat="62.11314202286303" lon="-6.995234973728657">
 <ele>396.19999999999999</ele>
 <time>2017-08-26T09:53:38Z</time>
 </trkpt>
 <trkpt lat="62.113111009821296" lon="-6.995168002322316">
 <ele>393.80000000000001</ele>
 <time>2017-08-26T09:53:43Z</time>
 </trkpt>
 <trkpt lat="62.113082008436322" lon="-6.995012015104294">
 <ele>390</ele>
 <time>2017-08-26T09:53:54Z</time>
 </trkpt>
 <trkpt lat="62.113071028143167" lon="-6.995001034811139">
 <ele>390</ele>
 <time>2017-08-26T09:53:56Z</time>
 </trkpt>
 <trkpt lat="62.113026017323136" lon="-6.994925010949373">
 <ele>388</ele>
 <time>2017-08-26T09:54:00Z</time>
 </trkpt>
 <trkpt lat="62.113000033423305" lon="-6.994887962937355">
 <ele>388</ele>
 <time>2017-08-26T09:54:02Z</time>
 </trkpt>
 <trkpt lat="62.112931972369552" lon="-6.994709009304643">
 <ele>384.19999999999999</ele>
 <time>2017-08-26T09:54:13Z</time>
 </trkpt>
 <trkpt lat="62.112928032875061" lon="-6.994685037061572">
 <ele>384.19999999999999</ele>
 <time>2017-08-26T09:54:15Z</time>
 </trkpt>
 <trkpt lat="62.112920992076397" lon="-6.994613958522677">
 <ele>383.19999999999999</ele>
 <time>2017-08-26T09:54:18Z</time>
 </trkpt>
 <trkpt lat="62.112904982641339" lon="-6.99453298933804">
 <ele>381.80000000000001</ele>
 <time>2017-08-26T09:54:21Z</time>
 </trkpt>
 <trkpt lat="62.112886039540172" lon="-6.994382031261921">
 <ele>380.80000000000001</ele>
 <time>2017-08-26T09:54:25Z</time>
 </trkpt>
 <trkpt lat="62.112824013456702" lon="-6.99410299770534">
 <ele>379.89999999999998</ele>
 <time>2017-08-26T09:54:38Z</time>
 </trkpt>
 <trkpt lat="62.112800041213632" lon="-6.993999984115362">
 <ele>379.89999999999998</ele>
 <time>2017-08-26T09:54:43Z</time>
 </trkpt>
 <trkpt lat="62.112724017351866" lon="-6.993893031030893">
 <ele>377.89999999999998</ele>
 <time>2017-08-26T09:54:49Z</time>
 </trkpt>
 <trkpt lat="62.11264899931848" lon="-6.9937579985708">
 <ele>376</ele>
 <time>2017-08-26T09:55:03Z</time>
 </trkpt>
 <trkpt lat="62.112538022920489" lon="-6.993454992771149">
 <ele>374.10000000000002</ele>
 <time>2017-08-26T09:55:12Z</time>
 </trkpt>
 <trkpt lat="62.112479014322162" lon="-6.993375029414892">
 <ele>372.19999999999999</ele>
 <time>2017-08-26T09:55:20Z</time>
 </trkpt>
 <trkpt lat="62.112429980188608" lon="-6.993187023326755">
 <ele>371.19999999999999</ele>
 <time>2017-08-26T09:55:27Z</time>
 </trkpt>
 <trkpt lat="62.112351022660732" lon="-6.993037993088365">
 <ele>368.80000000000001</ele>
 <time>2017-08-26T09:55:39Z</time>
 </trkpt>
 <trkpt lat="62.112253960222006" lon="-6.992916958406568">
 <ele>365.89999999999998</ele>
 <time>2017-08-26T09:55:50Z</time>
 </trkpt>
 <trkpt lat="62.112204004079103" lon="-6.992814028635621">
 <ele>365</ele>
 <time>2017-08-26T09:55:53Z</time>
 </trkpt>
 <trkpt lat="62.112163016572595" lon="-6.992735993117094">
 <ele>365</ele>
 <time>2017-08-26T09:55:56Z</time>
 </trkpt>
 <trkpt lat="62.112129991874099" lon="-6.992609007284045">
 <ele>364</ele>
 <time>2017-08-26T09:56:03Z</time>
 </trkpt>
 <trkpt lat="62.1120660379529" lon="-6.992396023124456">
 <ele>361.10000000000002</ele>
 <time>2017-08-26T09:56:12Z</time>
 </trkpt>
 <trkpt lat="62.11198297329247" lon="-6.992222014814615">
 <ele>359.19999999999999</ele>
 <time>2017-08-26T09:56:21Z</time>
 </trkpt>
 <trkpt lat="62.111954977735877" lon="-6.992239030078054">
 <ele>359.19999999999999</ele>
 <time>2017-08-26T09:56:25Z</time>
 </trkpt>
 <trkpt lat="62.111856993287802" lon="-6.992270965129137">
 <ele>358.19999999999999</ele>
 <time>2017-08-26T09:56:31Z</time>
 </trkpt>
 <trkpt lat="62.111793961375952" lon="-6.992321005091071">
 <ele>356.80000000000001</ele>
 <time>2017-08-26T09:56:38Z</time>
 </trkpt>
 <trkpt lat="62.111776024103165" lon="-6.992340032011271">
 <ele>356.80000000000001</ele>
 <time>2017-08-26T09:56:40Z</time>
 </trkpt>
 <trkpt lat="62.111693965271115" lon="-6.992283035069704">
 <ele>353.89999999999998</ele>
 <time>2017-08-26T09:56:51Z</time>
 </trkpt>
 <trkpt lat="62.111679967492819" lon="-6.992294015362859">
 <ele>352</ele>
 <time>2017-08-26T09:58:39Z</time>
 </trkpt>
 <trkpt lat="62.111645014956594" lon="-6.99240499176085">
 <ele>352</ele>
 <time>2017-08-26T09:58:53Z</time>
 </trkpt>
 <trkpt lat="62.111606961116195" lon="-6.992414966225624">
 <ele>348.10000000000002</ele>
 <time>2017-08-26T09:59:12Z</time>
 </trkpt>
 <trkpt lat="62.111588018015027" lon="-6.992385964840651">
 <ele>344.80000000000001</ele>
 <time>2017-08-26T09:59:27Z</time>
 </trkpt>
 <trkpt lat="62.111579971387982" lon="-6.992354029789567">
 <ele>343.80000000000001</ele>
 <time>2017-08-26T09:59:43Z</time>
 </trkpt>
 <trkpt lat="62.111520962789655" lon="-6.992342965677381">
 <ele>340.89999999999998</ele>
 <time>2017-08-26T10:00:00Z</time>
 </trkpt>
 <trkpt lat="62.111462960019708" lon="-6.992239030078054">
 <ele>337.10000000000002</ele>
 <time>2017-08-26T10:00:12Z</time>
 </trkpt>
 <trkpt lat="62.111422978341579" lon="-6.992288986220956">
 <ele>334.19999999999999</ele>
 <time>2017-08-26T10:00:21Z</time>
 </trkpt>
 <trkpt lat="62.111344020813704" lon="-6.992277000099421">
 <ele>329.89999999999998</ele>
 <time>2017-08-26T10:00:30Z</time>
 </trkpt>
 <trkpt lat="62.111264979466796" lon="-6.992238024249673">
 <ele>327</ele>
 <time>2017-08-26T10:00:39Z</time>
 </trkpt>
 <trkpt lat="62.111209994181991" lon="-6.992226038128138">
 <ele>325.10000000000002</ele>
 <time>2017-08-26T10:00:45Z</time>
 </trkpt>
 <trkpt lat="62.111131958663464" lon="-6.992310024797916">
 <ele>322.19999999999999</ele>
 <time>2017-08-26T10:00:54Z</time>
 </trkpt>
 <trkpt lat="62.111116033047438" lon="-6.992299966514111">
 <ele>319.80000000000001</ele>
 <time>2017-08-26T10:00:57Z</time>
 </trkpt>
 <trkpt lat="62.111041015014052" lon="-6.992249004542828">
 <ele>319.80000000000001</ele>
 <time>2017-08-26T10:01:03Z</time>
 </trkpt>
 <trkpt lat="62.110919980332255" lon="-6.992252022027969">
 <ele>316.89999999999998</ele>
 <time>2017-08-26T10:01:16Z</time>
 </trkpt>
 <trkpt lat="62.110863989219069" lon="-6.992209022864699">
 <ele>315.89999999999998</ele>
 <time>2017-08-26T10:01:22Z</time>
 </trkpt>
 <trkpt lat="62.110813027247787" lon="-6.992226960137487">
 <ele>314</ele>
 <time>2017-08-26T10:01:26Z</time>
 </trkpt>
 <trkpt lat="62.110704984515905" lon="-6.99225596152246">
 <ele>312.10000000000002</ele>
 <time>2017-08-26T10:01:37Z</time>
 </trkpt>
 <trkpt lat="62.110529970377684" lon="-6.992208017036319">
 <ele>310.19999999999999</ele>
 <time>2017-08-26T10:01:48Z</time>
 </trkpt>
 <trkpt lat="62.110496023669839" lon="-6.992215979844332">
 <ele>309.19999999999999</ele>
 <time>2017-08-26T10:01:53Z</time>
 </trkpt>
 <trkpt lat="62.110444977879524" lon="-6.992179015651345">
 <ele>309.19999999999999</ele>
 <time>2017-08-26T10:01:56Z</time>
 </trkpt>
 <trkpt lat="62.110316986218095" lon="-6.992117995396256">
 <ele>306.80000000000001</ele>
 <time>2017-08-26T10:02:05Z</time>
 </trkpt>
 <trkpt lat="62.110266024246812" lon="-6.992148002609611">
 <ele>303.89999999999998</ele>
 <time>2017-08-26T10:02:15Z</time>
 </trkpt>
 <trkpt lat="62.110257977619767" lon="-6.992154037579894">
 <ele>303.89999999999998</ele>
 <time>2017-08-26T10:02:17Z</time>
 </trkpt>
 <trkpt lat="62.110136020928621" lon="-6.992139033973217">
 <ele>300.10000000000002</ele>
 <time>2017-08-26T10:02:30Z</time>
 </trkpt>
 <trkpt lat="62.110082963481545" lon="-6.992159988731146">
 <ele>298.10000000000002</ele>
 <time>2017-08-26T10:02:37Z</time>
 </trkpt>
 <trkpt lat="62.11002797819674" lon="-6.992177003994584">
 <ele>294.80000000000001</ele>
 <time>2017-08-26T10:02:51Z</time>
 </trkpt>
 <trkpt lat="62.109949020668864" lon="-6.992251016199589">
 <ele>292.89999999999998</ele>
 <time>2017-08-26T10:02:59Z</time>
 </trkpt>
 <trkpt lat="62.109879031777382" lon="-6.992330979555845">
 <ele>290.89999999999998</ele>
 <time>2017-08-26T10:03:06Z</time>
 </trkpt>
 <trkpt lat="62.109834020957351" lon="-6.992356963455677">
 <ele>289</ele>
 <time>2017-08-26T10:03:11Z</time>
 </trkpt>
 <trkpt lat="62.109807031229138" lon="-6.992379007861018">
 <ele>288</ele>
 <time>2017-08-26T10:03:16Z</time>
 </trkpt>
 <trkpt lat="62.10976998321712" lon="-6.992415972054005">
 <ele>287.10000000000002</ele>
 <time>2017-08-26T10:03:19Z</time>
 </trkpt>
 <trkpt lat="62.109662024304271" lon="-6.992518985643983">
 <ele>284.19999999999999</ele>
 <time>2017-08-26T10:03:30Z</time>
 </trkpt>
 <trkpt lat="62.109615001827478" lon="-6.992502976208925">
 <ele>282.80000000000001</ele>
 <time>2017-08-26T10:03:35Z</time>
 </trkpt>
 <trkpt lat="62.109533026814461" lon="-6.992477998137474">
 <ele>280.80000000000001</ele>
 <time>2017-08-26T10:03:41Z</time>
 </trkpt>
 <trkpt lat="62.109517017379403" lon="-6.992675978690386">
 <ele>279.89999999999998</ele>
 <time>2017-08-26T10:03:46Z</time>
 </trkpt>
 <trkpt lat="62.109493967145681" lon="-6.992786033079028">
 <ele>277</ele>
 <time>2017-08-26T10:03:56Z</time>
 </trkpt>
 <trkpt lat="62.109457002952695" lon="-6.992760971188545">
 <ele>276</ele>
 <time>2017-08-26T10:03:59Z</time>
 </trkpt>
 <trkpt lat="62.109432024881244" lon="-6.992757031694055">
 <ele>275.10000000000002</ele>
 <time>2017-08-26T10:04:02Z</time>
 </trkpt>
 <trkpt lat="62.109331022948027" lon="-6.992711015045643">
 <ele>275.10000000000002</ele>
 <time>2017-08-26T10:04:09Z</time>
 </trkpt>
 <trkpt lat="62.109307972714305" lon="-6.992717972025275">
 <ele>275.10000000000002</ele>
 <time>2017-08-26T10:04:11Z</time>
 </trkpt>
 <trkpt lat="62.109211999922991" lon="-6.992801036685705">
 <ele>275.10000000000002</ele>
 <time>2017-08-26T10:04:19Z</time>
 </trkpt>
 <trkpt lat="62.109211999922991" lon="-6.992911007255316">
 <ele>275.10000000000002</ele>
 <time>2017-08-26T10:04:23Z</time>
 </trkpt>
 <trkpt lat="62.109093982726336" lon="-6.992980996146798">
 <ele>272.19999999999999</ele>
 <time>2017-08-26T10:04:39Z</time>
 </trkpt>
 <trkpt lat="62.109074033796787" lon="-6.993034975603223">
 <ele>271.19999999999999</ele>
 <time>2017-08-26T10:04:43Z</time>
 </trkpt>
 <trkpt lat="62.109090965241194" lon="-6.993181994184852">
 <ele>267.89999999999998</ele>
 <time>2017-08-26T10:04:51Z</time>
 </trkpt>
 <trkpt lat="62.109075039625168" lon="-6.99330797418952">
 <ele>266.89999999999998</ele>
 <time>2017-08-26T10:04:57Z</time>
 </trkpt>
 <trkpt lat="62.108954004943371" lon="-6.993428003042936">
 <ele>264</ele>
 <time>2017-08-26T10:05:10Z</time>
 </trkpt>
 <trkpt lat="62.108861971646547" lon="-6.993539985269308">
 <ele>264</ele>
 <time>2017-08-26T10:05:19Z</time>
 </trkpt>
 <trkpt lat="62.108748983591795" lon="-6.993810972198844">
 <ele>264</ele>
 <time>2017-08-26T10:05:35Z</time>
 </trkpt>
 <trkpt lat="62.108743032440543" lon="-6.993860006332398">
 <ele>264</ele>
 <time>2017-08-26T10:05:37Z</time>
 </trkpt>
 <trkpt lat="62.10871403105557" lon="-6.99429402127862">
 <ele>265.89999999999998</ele>
 <time>2017-08-26T10:05:54Z</time>
 </trkpt>
 <trkpt lat="62.108600959181786" lon="-6.994699034839869">
 <ele>265.89999999999998</ele>
 <time>2017-08-26T10:06:13Z</time>
 </trkpt>
 <trkpt lat="62.108512027189136" lon="-6.995028024539352">
 <ele>265.89999999999998</ele>
 <time>2017-08-26T10:06:29Z</time>
 </trkpt>
 <trkpt lat="62.108490988612175" lon="-6.995104970410466">
 <ele>265.89999999999998</ele>
 <time>2017-08-26T10:06:33Z</time>
 </trkpt>
 <trkpt lat="62.108473973348737" lon="-6.995145035907626">
 <ele>265.89999999999998</ele>
 <time>2017-08-26T10:06:35Z</time>
 </trkpt>
 <trkpt lat="62.108463998883963" lon="-6.995189962908626">
 <ele>265</ele>
 <time>2017-08-26T10:06:37Z</time>
 </trkpt>
 <trkpt lat="62.10841597057879" lon="-6.995479976758361">
 <ele>263.10000000000002</ele>
 <time>2017-08-26T10:06:48Z</time>
 </trkpt>
 <trkpt lat="62.108347993344069" lon="-6.99564996175468">
 <ele>261.10000000000002</ele>
 <time>2017-08-26T10:06:57Z</time>
 </trkpt>
 <trkpt lat="62.108324021100998" lon="-6.995700001716614">
 <ele>260.19999999999999</ele>
 <time>2017-08-26T10:07:01Z</time>
 </trkpt>
 <trkpt lat="62.108310023322701" lon="-6.995879039168358">
 <ele>257.80000000000001</ele>
 <time>2017-08-26T10:07:12Z</time>
 </trkpt>
 <trkpt lat="62.108268029987812" lon="-6.996041983366013">
 <ele>257.80000000000001</ele>
 <time>2017-08-26T10:07:20Z</time>
 </trkpt>
 <trkpt lat="62.108270041644573" lon="-6.996162012219429">
 <ele>259.19999999999999</ele>
 <time>2017-08-26T10:07:25Z</time>
 </trkpt>
 <trkpt lat="62.108211033046246" lon="-6.996431993320584">
 <ele>259.19999999999999</ele>
 <time>2017-08-26T10:07:37Z</time>
 </trkpt>
 <trkpt lat="62.108183037489653" lon="-6.996473986655474">
 <ele>259.19999999999999</ele>
 <time>2017-08-26T10:07:40Z</time>
 </trkpt>
 <trkpt lat="62.1081149764359" lon="-6.996600972488523">
 <ele>259.19999999999999</ele>
 <time>2017-08-26T10:07:49Z</time>
 </trkpt>
 <trkpt lat="62.10805001668632" lon="-6.996630979701877">
 <ele>259.19999999999999</ele>
 <time>2017-08-26T10:07:54Z</time>
 </trkpt>
 <trkpt lat="62.107898974791169" lon="-6.996514974161983">
 <ele>261.10000000000002</ele>
 <time>2017-08-26T10:08:11Z</time>
 </trkpt>
 <trkpt lat="62.107801996171474" lon="-6.996343983337283">
 <ele>262.10000000000002</ele>
 <time>2017-08-26T10:08:24Z</time>
 </trkpt>
 <trkpt lat="62.107764026150107" lon="-6.996261002495885">
 <ele>263.10000000000002</ele>
 <time>2017-08-26T10:08:30Z</time>
 </trkpt>
 <trkpt lat="62.107676016166806" lon="-6.996198976412416">
 <ele>265</ele>
 <time>2017-08-26T10:08:39Z</time>
 </trkpt>
 <trkpt lat="62.107643997296691" lon="-6.9961859844625">
 <ele>265</ele>
 <time>2017-08-26T10:08:42Z</time>
 </trkpt>
 <trkpt lat="62.107506031170487" lon="-6.996069978922606">
 <ele>267.89999999999998</ele>
 <time>2017-08-26T10:08:57Z</time>
 </trkpt>
 <trkpt lat="62.107457919046283" lon="-6.99613275937736">
 <ele>267.89999999999998</ele>
 <time>2017-08-26T10:08:58Z</time>
 </trkpt>
 </trkseg>
 </trk>

 <trk>
 <name>12 Variante zum Storaeyn</name>
 <extensions>
 <gpxx:TrackExtension>
 <gpxx:DisplayColor>Red</gpxx:DisplayColor>
 </gpxx:TrackExtension>
 </extensions>
 <trkseg>
 <trkpt lat="62.107491111382842" lon="-6.998456474393606">
 <ele>253.90000000000001</ele>
 <time>2017-08-26T10:12:22Z</time>
 </trkpt>
 <trkpt lat="62.107437970116735" lon="-6.998452031984925">
 <ele>253.90000000000001</ele>
 <time>2017-08-26T10:12:29Z</time>
 </trkpt>
 <trkpt lat="62.107394970953465" lon="-6.998419007286429">
 <ele>253.90000000000001</ele>
 <time>2017-08-26T10:12:32Z</time>
 </trkpt>
 <trkpt lat="62.107308972626925" lon="-6.998355975374579">
 <ele>253.90000000000001</ele>
 <time>2017-08-26T10:12:38Z</time>
 </trkpt>
 <trkpt lat="62.107175029814243" lon="-6.998309958726168">
 <ele>253</ele>
 <time>2017-08-26T10:12:51Z</time>
 </trkpt>
 <trkpt lat="62.107120966538787" lon="-6.998222032561898">
 <ele>253.90000000000001</ele>
 <time>2017-08-26T10:12:58Z</time>
 </trkpt>
 <trkpt lat="62.107059024274349" lon="-6.998134022578597">
 <ele>254.90000000000001</ele>
 <time>2017-08-26T10:13:06Z</time>
 </trkpt>
 <trkpt lat="62.10702097043395" lon="-6.998036038130522">
 <ele>255.90000000000001</ele>
 <time>2017-08-26T10:13:11Z</time>
 </trkpt>
 <trkpt lat="62.10695500485599" lon="-6.997946016490459">
 <ele>257.80000000000001</ele>
 <time>2017-08-26T10:13:22Z</time>
 </trkpt>
 <trkpt lat="62.106903959065676" lon="-6.997837973758578">
 <ele>260.19999999999999</ele>
 <time>2017-08-26T10:13:33Z</time>
 </trkpt>
 <trkpt lat="62.106877975165844" lon="-6.997766979038715">
 <ele>262.10000000000002</ele>
 <time>2017-08-26T10:13:40Z</time>
 </trkpt>
 <trkpt lat="62.106866994872689" lon="-6.997653990983963">
 <ele>264</ele>
 <time>2017-08-26T10:13:48Z</time>
 </trkpt>
 <trkpt lat="62.106831036508083" lon="-6.997529016807675">
 <ele>265</ele>
 <time>2017-08-26T10:13:56Z</time>
 </trkpt>
 <trkpt lat="62.106791976839304" lon="-6.997459027916193">
 <ele>265.89999999999998</ele>
 <time>2017-08-26T10:14:02Z</time>
 </trkpt>
 <trkpt lat="62.106745960190892" lon="-6.99738803319633">
 <ele>267.89999999999998</ele>
 <time>2017-08-26T10:14:09Z</time>
 </trkpt>
 <trkpt lat="62.106671025976539" lon="-6.997426003217697">
 <ele>268.80000000000001</ele>
 <time>2017-08-26T10:14:17Z</time>
 </trkpt>
 <trkpt lat="62.106602964922786" lon="-6.99734796769917">
 <ele>268.80000000000001</ele>
 <time>2017-08-26T10:14:26Z</time>
 </trkpt>
 <trkpt lat="62.106577986851335" lon="-6.997319972142577">
 <ele>269.80000000000001</ele>
 <time>2017-08-26T10:14:29Z</time>
 </trkpt>
 <trkpt lat="62.106519984081388" lon="-6.997208995744586">
 <ele>271.19999999999999</ele>
 <time>2017-08-26T10:14:38Z</time>
 </trkpt>
 <trkpt lat="62.10650104098022" lon="-6.99717303737998">
 <ele>272.19999999999999</ele>
 <time>2017-08-26T10:14:41Z</time>
 </trkpt>
 <trkpt lat="62.106472961604595" lon="-6.997134983539581">
 <ele>272.19999999999999</ele>
 <time>2017-08-26T10:14:45Z</time>
 </trkpt>
 <trkpt lat="62.10645804181695" lon="-6.997105982154608">
 <ele>273.10000000000002</ele>
 <time>2017-08-26T10:14:50Z</time>
 </trkpt>
 <trkpt lat="62.106409007683396" lon="-6.996992994099855">
 <ele>274.10000000000002</ele>
 <time>2017-08-26T10:14:57Z</time>
 </trkpt>
 <trkpt lat="62.106361985206604" lon="-6.996886963024736">
 <ele>275.10000000000002</ele>
 <time>2017-08-26T10:15:04Z</time>
 </trkpt>
 <trkpt lat="62.106313034892082" lon="-6.996739022433758">
 <ele>276</ele>
 <time>2017-08-26T10:15:16Z</time>
 </trkpt>
 <trkpt lat="62.106306999921799" lon="-6.996728964149952">
 <ele>277</ele>
 <time>2017-08-26T10:15:18Z</time>
 </trkpt>
 <trkpt lat="62.106301970779896" lon="-6.99657297693193">
 <ele>278.89999999999998</ele>
 <time>2017-08-26T10:15:28Z</time>
 </trkpt>
 <trkpt lat="62.106268024072051" lon="-6.996488990262151">
 <ele>280.80000000000001</ele>
 <time>2017-08-26T10:15:37Z</time>
 </trkpt>
 <trkpt lat="62.106218989938498" lon="-6.996435010805726">
 <ele>281.80000000000001</ele>
 <time>2017-08-26T10:15:41Z</time>
 </trkpt>
 <trkpt lat="62.106204992160201" lon="-6.996365021914244">
 <ele>282.80000000000001</ele>
 <time>2017-08-26T10:15:48Z</time>
 </trkpt>
 <trkpt lat="62.106198035180569" lon="-6.996183972805738">
 <ele>284.19999999999999</ele>
 <time>2017-08-26T10:15:59Z</time>
 </trkpt>
 <trkpt lat="62.106201974675059" lon="-6.996171986684203">
 <ele>284.19999999999999</ele>
 <time>2017-08-26T10:16:00Z</time>
 </trkpt>
 <trkpt lat="62.106184959411621" lon="-6.996122030541301">
 <ele>285.19999999999999</ele>
 <time>2017-08-26T10:16:04Z</time>
 </trkpt>
 <trkpt lat="62.106170039623976" lon="-6.995946010574698">
 <ele>287.10000000000002</ele>
 <time>2017-08-26T10:16:16Z</time>
 </trkpt>
 <trkpt lat="62.106141960248351" lon="-6.995874010026455">
 <ele>288</ele>
 <time>2017-08-26T10:16:21Z</time>
 </trkpt>
 <trkpt lat="62.106075994670391" lon="-6.995836962014437">
 <ele>290</ele>
 <time>2017-08-26T10:16:29Z</time>
 </trkpt>
 <trkpt lat="62.106025032699108" lon="-6.995797986164689">
 <ele>290.89999999999998</ele>
 <time>2017-08-26T10:16:33Z</time>
 </trkpt>
 <trkpt lat="62.105964012444019" lon="-6.995806032791734">
 <ele>290.89999999999998</ele>
 <time>2017-08-26T10:16:40Z</time>
 </trkpt>
 <trkpt lat="62.105938028544188" lon="-6.995787005871534">
 <ele>290.89999999999998</ele>
 <time>2017-08-26T10:16:42Z</time>
 </trkpt>
 <trkpt lat="62.105830991640687" lon="-6.995784994214773">
 <ele>290.89999999999998</ele>
 <time>2017-08-26T10:16:52Z</time>
 </trkpt>
 <trkpt lat="62.105805007740855" lon="-6.99579899199307">
 <ele>290.89999999999998</ele>
 <time>2017-08-26T10:16:55Z</time>
 </trkpt>
 <trkpt lat="62.105675004422665" lon="-6.995721962302923">
 <ele>290</ele>
 <time>2017-08-26T10:17:05Z</time>
 </trkpt>
 <trkpt lat="62.105658994987607" lon="-6.99571399949491">
 <ele>290</ele>
 <time>2017-08-26T10:17:06Z</time>
 </trkpt>
 <trkpt lat="62.105617001652718" lon="-6.995695978403091">
 <ele>290</ele>
 <time>2017-08-26T10:17:10Z</time>
 </trkpt>
 <trkpt lat="62.105493033304811" lon="-6.995594976469874">
 <ele>290</ele>
 <time>2017-08-26T10:17:20Z</time>
 </trkpt>
 <trkpt lat="62.105422960594296" lon="-6.995545020326972">
 <ele>290</ele>
 <time>2017-08-26T10:17:28Z</time>
 </trkpt>
 <trkpt lat="62.105345008894801" lon="-6.995509983971715">
 <ele>290</ele>
 <time>2017-08-26T10:17:33Z</time>
 </trkpt>
 <trkpt lat="62.105208970606327" lon="-6.995612997561693">
 <ele>289</ele>
 <time>2017-08-26T10:17:41Z</time>
 </trkpt>
 <trkpt lat="62.105166977271438" lon="-6.995664965361357">
 <ele>288</ele>
 <time>2017-08-26T10:17:47Z</time>
 </trkpt>
 <trkpt lat="62.105145016685128" lon="-6.995674017816782">
 <ele>288</ele>
 <time>2017-08-26T10:17:49Z</time>
 </trkpt>
 <trkpt lat="62.105005038902164" lon="-6.995506966486573">
 <ele>286.10000000000002</ele>
 <time>2017-08-26T10:17:58Z</time>
 </trkpt>
 <trkpt lat="62.104997998103499" lon="-6.995500009506941">
 <ele>286.10000000000002</ele>
 <time>2017-08-26T10:17:59Z</time>
 </trkpt>
 <trkpt lat="62.104965979233384" lon="-6.995502021163702">
 <ele>285.19999999999999</ele>
 <time>2017-08-26T10:18:03Z</time>
 </trkpt>
 <trkpt lat="62.104905964806676" lon="-6.995429014787078">
 <ele>285.19999999999999</ele>
 <time>2017-08-26T10:18:08Z</time>
 </trkpt>
 <trkpt lat="62.104832036420703" lon="-6.995439995080233">
 <ele>282.80000000000001</ele>
 <time>2017-08-26T10:18:16Z</time>
 </trkpt>
 <trkpt lat="62.104744026437402" lon="-6.995471008121967">
 <ele>282.80000000000001</ele>
 <time>2017-08-26T10:18:25Z</time>
 </trkpt>
 <trkpt lat="62.104600025340915" lon="-6.995551977306604">
 <ele>284.19999999999999</ele>
 <time>2017-08-26T10:18:35Z</time>
 </trkpt>
 <trkpt lat="62.104535987600684" lon="-6.995557006448507">
 <ele>284.19999999999999</ele>
 <time>2017-08-26T10:18:43Z</time>
 </trkpt>
 <trkpt lat="62.104486031457782" lon="-6.995535967871547">
 <ele>284.19999999999999</ele>
 <time>2017-08-26T10:18:47Z</time>
 </trkpt>
 <trkpt lat="62.104434985667467" lon="-6.995538985356689">
 <ele>282.80000000000001</ele>
 <time>2017-08-26T10:18:57Z</time>
 </trkpt>
 <trkpt lat="62.104317974299192" lon="-6.995618026703596">
 <ele>281.80000000000001</ele>
 <time>2017-08-26T10:19:07Z</time>
 </trkpt>
 <trkpt lat="62.104287967085838" lon="-6.995634958148003">
 <ele>281.80000000000001</ele>
 <time>2017-08-26T10:19:10Z</time>
 </trkpt>
 <trkpt lat="62.104103984311223" lon="-6.99564702808857">
 <ele>281.80000000000001</ele>
 <time>2017-08-26T10:19:20Z</time>
 </trkpt>
 <trkpt lat="62.104102978482842" lon="-6.99571299366653">
 <ele>281.80000000000001</ele>
 <time>2017-08-26T10:19:27Z</time>
 </trkpt>
 <trkpt lat="62.104085041210055" lon="-6.995834028348327">
 <ele>282.80000000000001</ele>
 <time>2017-08-26T10:19:34Z</time>
 </trkpt>
 <trkpt lat="62.104073977097869" lon="-6.995854983106256">
 <ele>282.80000000000001</ele>
 <time>2017-08-26T10:19:36Z</time>
 </trkpt>
 <trkpt lat="62.104016980156302" lon="-6.995936958119273">
 <ele>285.19999999999999</ele>
 <time>2017-08-26T10:19:44Z</time>
 </trkpt>
 <trkpt lat="62.103990996256471" lon="-6.995953973382711">
 <ele>285.19999999999999</ele>
 <time>2017-08-26T10:19:46Z</time>
 </trkpt>
 <trkpt lat="62.103953026235104" lon="-6.995957996696234">
 <ele>286.10000000000002</ele>
 <time>2017-08-26T10:19:51Z</time>
 </trkpt>
 <trkpt lat="62.103928970173001" lon="-6.995973000302911">
 <ele>286.10000000000002</ele>
 <time>2017-08-26T10:19:55Z</time>
 </trkpt>
 <trkpt lat="62.103854035958648" lon="-6.995956990867853">
 <ele>288</ele>
 <time>2017-08-26T10:20:02Z</time>
 </trkpt>
 <trkpt lat="62.103778012096882" lon="-6.995965037494898">
 <ele>288</ele>
 <time>2017-08-26T10:20:09Z</time>
 </trkpt>
 <trkpt lat="62.103742975741625" lon="-6.995931006968021">
 <ele>289</ele>
 <time>2017-08-26T10:20:13Z</time>
 </trkpt>
 <trkpt lat="62.103678015992045" lon="-6.995807038620114">
 <ele>289</ele>
 <time>2017-08-26T10:20:23Z</time>
 </trkpt>
 <trkpt lat="62.103621019050479" lon="-6.995657002553344">
 <ele>289</ele>
 <time>2017-08-26T10:20:31Z</time>
 </trkpt>
 <trkpt lat="62.103527979925275" lon="-6.995528005063534">
 <ele>288</ele>
 <time>2017-08-26T10:20:38Z</time>
 </trkpt>
 <trkpt lat="62.103482969105244" lon="-6.995472013950348">
 <ele>287.10000000000002</ele>
 <time>2017-08-26T10:20:45Z</time>
 </trkpt>
 <trkpt lat="62.103439969941974" lon="-6.99539196677506">
 <ele>287.10000000000002</ele>
 <time>2017-08-26T10:20:55Z</time>
 </trkpt>
 <trkpt lat="62.103368975222111" lon="-6.995361037552357">
 <ele>289</ele>
 <time>2017-08-26T10:21:02Z</time>
 </trkpt>
 <trkpt lat="62.103342991322279" lon="-6.995323989540339">
 <ele>289</ele>
 <time>2017-08-26T10:21:06Z</time>
 </trkpt>
 <trkpt lat="62.10330200381577" lon="-6.995264980942011">
 <ele>290</ele>
 <time>2017-08-26T10:21:12Z</time>
 </trkpt>
 <trkpt lat="62.103241989389062" lon="-6.995195997878909">
 <ele>290</ele>
 <time>2017-08-26T10:21:21Z</time>
 </trkpt>
 <trkpt lat="62.103213993832469" lon="-6.995173031464219">
 <ele>290</ele>
 <time>2017-08-26T10:21:24Z</time>
 </trkpt>
 <trkpt lat="62.103154985234141" lon="-6.995147969573736">
 <ele>290</ele>
 <time>2017-08-26T10:21:29Z</time>
 </trkpt>
 <trkpt lat="62.103046020492911" lon="-6.995100025087595">
 <ele>290.89999999999998</ele>
 <time>2017-08-26T10:21:41Z</time>
 </trkpt>
 <trkpt lat="62.103036968037486" lon="-6.995097007602453">
 <ele>290.89999999999998</ele>
 <time>2017-08-26T10:21:44Z</time>
 </trkpt>
 <trkpt lat="62.103025987744331" lon="-6.99511100538075">
 <ele>290</ele>
 <time>2017-08-26T10:27:50Z</time>
 </trkpt>
 <trkpt lat="62.103036968037486" lon="-6.995122991502285">
 <ele>290</ele>
 <time>2017-08-26T10:27:52Z</time>
 </trkpt>
 <trkpt lat="62.103092037141323" lon="-6.995194992050529">
 <ele>290.89999999999998</ele>
 <time>2017-08-26T10:27:57Z</time>
 </trkpt>
 <trkpt lat="62.103119026869535" lon="-6.995275961235166">
 <ele>290.89999999999998</ele>
 <time>2017-08-26T10:28:02Z</time>
 </trkpt>
 <trkpt lat="62.103138975799084" lon="-6.995319966226816">
 <ele>290.89999999999998</ele>
 <time>2017-08-26T10:28:04Z</time>
 </trkpt>
 <trkpt lat="62.103232014924288" lon="-6.995463967323303">
 <ele>289</ele>
 <time>2017-08-26T10:28:17Z</time>
 </trkpt>
 <trkpt lat="62.103242995217443" lon="-6.995461033657193">
 <ele>289</ele>
 <time>2017-08-26T10:28:18Z</time>
 </trkpt>
 <trkpt lat="62.103336034342647" lon="-6.995572010055184">
 <ele>288</ele>
 <time>2017-08-26T10:28:29Z</time>
 </trkpt>
 <trkpt lat="62.103353971615434" lon="-6.995592964813113">
 <ele>287.10000000000002</ele>
 <time>2017-08-26T10:28:32Z</time>
 </trkpt>
 <trkpt lat="62.103399988263845" lon="-6.995616015046835">
 <ele>286.10000000000002</ele>
 <time>2017-08-26T10:28:36Z</time>
 </trkpt>
 <trkpt lat="62.103462014347315" lon="-6.995672006160021">
 <ele>286.10000000000002</ele>
 <time>2017-08-26T10:28:41Z</time>
 </trkpt>
 <trkpt lat="62.10349302738905" lon="-6.99571399949491">
 <ele>286.10000000000002</ele>
 <time>2017-08-26T10:28:46Z</time>
 </trkpt>
 <trkpt lat="62.103569973260164" lon="-6.995811983942986">
 <ele>286.10000000000002</ele>
 <time>2017-08-26T10:28:54Z</time>
 </trkpt>
 <trkpt lat="62.103569973260164" lon="-6.995827993378043">
 <ele>286.10000000000002</ele>
 <time>2017-08-26T10:28:56Z</time>
 </trkpt>
 <trkpt lat="62.103639040142298" lon="-6.996023040264845">
 <ele>286.10000000000002</ele>
 <time>2017-08-26T10:29:07Z</time>
 </trkpt>
 <trkpt lat="62.103677010163665" lon="-6.996095040813088">
 <ele>286.10000000000002</ele>
 <time>2017-08-26T10:29:11Z</time>
 </trkpt>
 <trkpt lat="62.103769965469837" lon="-6.99612001888454">
 <ele>286.10000000000002</ele>
 <time>2017-08-26T10:29:21Z</time>
 </trkpt>
 <trkpt lat="62.103826962411404" lon="-6.996161006391048">
 <ele>287.10000000000002</ele>
 <time>2017-08-26T10:29:26Z</time>
 </trkpt>
 <trkpt lat="62.103883037343621" lon="-6.996215991675854">
 <ele>287.10000000000002</ele>
 <time>2017-08-26T10:29:32Z</time>
 </trkpt>
 <trkpt lat="62.103931987658143" lon="-6.996279023587704">
 <ele>287.10000000000002</ele>
 <time>2017-08-26T10:29:37Z</time>
 </trkpt>
 <trkpt lat="62.104005999863148" lon="-6.996406009420753">
 <ele>287.10000000000002</ele>
 <time>2017-08-26T10:29:47Z</time>
 </trkpt>
 <trkpt lat="62.104038018733263" lon="-6.996415983885527">
 <ele>288</ele>
 <time>2017-08-26T10:29:51Z</time>
 </trkpt>
 <trkpt lat="62.10407498292625" lon="-6.996406009420753">
 <ele>288</ele>
 <time>2017-08-26T10:29:57Z</time>
 </trkpt>
 <trkpt lat="62.104052016511559" lon="-6.996424030512571">
 <ele>289</ele>
 <time>2017-08-26T10:32:54Z</time>
 </trkpt>
 <trkpt lat="62.104052016511559" lon="-6.996423024684191">
 <ele>289</ele>
 <time>2017-08-26T10:32:55Z</time>
 </trkpt>
 <trkpt lat="62.104062996804714" lon="-6.996364016085863">
 <ele>289</ele>
 <time>2017-08-26T10:32:58Z</time>
 </trkpt>
 <trkpt lat="62.10407498292625" lon="-6.996225966140628">
 <ele>289</ele>
 <time>2017-08-26T10:33:05Z</time>
 </trkpt>
 <trkpt lat="62.104093004018068" lon="-6.99620702303946">
 <ele>289</ele>
 <time>2017-08-26T10:33:07Z</time>
 </trkpt>
 <trkpt lat="62.104125022888184" lon="-6.996221020817757">
 <ele>289</ele>
 <time>2017-08-26T10:33:15Z</time>
 </trkpt>
 <trkpt lat="62.104157963767648" lon="-6.996084982529283">
 <ele>288</ele>
 <time>2017-08-26T10:33:20Z</time>
 </trkpt>
 <trkpt lat="62.104116976261139" lon="-6.995793040841818">
 <ele>286.10000000000002</ele>
 <time>2017-08-26T10:33:35Z</time>
 </trkpt>
 <trkpt lat="62.104110019281507" lon="-6.995646022260189">
 <ele>285.19999999999999</ele>
 <time>2017-08-26T10:33:44Z</time>
 </trkpt>
 <trkpt lat="62.104159975424409" lon="-6.995630012825131">
 <ele>284.19999999999999</ele>
 <time>2017-08-26T10:33:50Z</time>
 </trkpt>
 <trkpt lat="62.104261983186007" lon="-6.99582195840776">
 <ele>281.80000000000001</ele>
 <time>2017-08-26T10:33:59Z</time>
 </trkpt>
 <trkpt lat="62.104317974299192" lon="-6.995791029185057">
 <ele>281.80000000000001</ele>
 <time>2017-08-26T10:34:08Z</time>
 </trkpt>
 <trkpt lat="62.104392992332578" lon="-6.995703019201756">
 <ele>280.80000000000001</ele>
 <time>2017-08-26T10:34:16Z</time>
 </trkpt>
 <trkpt lat="62.104518972337246" lon="-6.99577996507287">
 <ele>279.89999999999998</ele>
 <time>2017-08-26T10:34:27Z</time>
 </trkpt>
 <trkpt lat="62.104540010914207" lon="-6.99581902474165">
 <ele>279.89999999999998</ele>
 <time>2017-08-26T10:34:30Z</time>
 </trkpt>
 <trkpt lat="62.104671020060778" lon="-6.995770996436477">
 <ele>279.89999999999998</ele>
 <time>2017-08-26T10:34:43Z</time>
 </trkpt>
 <trkpt lat="62.104717036709189" lon="-6.99564996175468">
 <ele>280.80000000000001</ele>
 <time>2017-08-26T10:34:52Z</time>
 </trkpt>
 <trkpt lat="62.10478400811553" lon="-6.99556102976203">
 <ele>282.80000000000001</ele>
 <time>2017-08-26T10:35:03Z</time>
 </trkpt>
 <trkpt lat="62.104847962036729" lon="-6.995416022837162">
 <ele>282.80000000000001</ele>
 <time>2017-08-26T10:35:11Z</time>
 </trkpt>
 <trkpt lat="62.104981988668442" lon="-6.995439995080233">
 <ele>284.19999999999999</ele>
 <time>2017-08-26T10:35:23Z</time>
 </trkpt>
 <trkpt lat="62.105014007538557" lon="-6.995450975373387">
 <ele>284.19999999999999</ele>
 <time>2017-08-26T10:35:27Z</time>
 </trkpt>
 <trkpt lat="62.105159014463425" lon="-6.995543008670211">
 <ele>286.10000000000002</ele>
 <time>2017-08-26T10:35:37Z</time>
 </trkpt>
 <trkpt lat="62.105173012241721" lon="-6.99551803059876">
 <ele>286.10000000000002</ele>
 <time>2017-08-26T10:35:40Z</time>
 </trkpt>
 <trkpt lat="62.105195978656411" lon="-6.995503026992083">
 <ele>286.10000000000002</ele>
 <time>2017-08-26T10:35:43Z</time>
 </trkpt>
 <trkpt lat="62.105230009183288" lon="-6.99547897092998">
 <ele>287.10000000000002</ele>
 <time>2017-08-26T10:35:46Z</time>
 </trkpt>
 <trkpt lat="62.10527996532619" lon="-6.995556000620127">
 <ele>288</ele>
 <time>2017-08-26T10:35:51Z</time>
 </trkpt>
 <trkpt lat="62.105348026379943" lon="-6.995569998398423">
 <ele>288</ele>
 <time>2017-08-26T10:35:56Z</time>
 </trkpt>
 <trkpt lat="62.105420026928186" lon="-6.995657002553344">
 <ele>289</ele>
 <time>2017-08-26T10:36:02Z</time>
 </trkpt>
 <trkpt lat="62.105447016656399" lon="-6.995687009766698">
 <ele>289</ele>
 <time>2017-08-26T10:36:05Z</time>
 </trkpt>
 <trkpt lat="62.105509964749217" lon="-6.995679968968034">
 <ele>289</ele>
 <time>2017-08-26T10:36:11Z</time>
 </trkpt>
 <trkpt lat="62.105627981945872" lon="-6.995745012536645">
 <ele>289</ele>
 <time>2017-08-26T10:36:20Z</time>
 </trkpt>
 <trkpt lat="62.105684978887439" lon="-6.995763033628464">
 <ele>289</ele>
 <time>2017-08-26T10:36:28Z</time>
 </trkpt>
 <trkpt lat="62.105775000527501" lon="-6.995907034724951">
 <ele>289</ele>
 <time>2017-08-26T10:36:37Z</time>
 </trkpt>
 <trkpt lat="62.105783969163895" lon="-6.995917009189725">
 <ele>289</ele>
 <time>2017-08-26T10:36:38Z</time>
 </trkpt>
 <trkpt lat="62.105854963883758" lon="-6.995950033888221">
 <ele>290</ele>
 <time>2017-08-26T10:36:43Z</time>
 </trkpt>
 <trkpt lat="62.105969963595271" lon="-6.995945004746318">
 <ele>290</ele>
 <time>2017-08-26T10:36:54Z</time>
 </trkpt>
 <trkpt lat="62.106067026033998" lon="-6.995990015566349">
 <ele>290</ele>
 <time>2017-08-26T10:36:59Z</time>
 </trkpt>
 <trkpt lat="62.106119999662042" lon="-6.995962020009756">
 <ele>290.89999999999998</ele>
 <time>2017-08-26T10:37:07Z</time>
 </trkpt>
 <trkpt lat="62.106256037950516" lon="-6.996106021106243">
 <ele>290.89999999999998</ele>
 <time>2017-08-26T10:37:18Z</time>
 </trkpt>
 <trkpt lat="62.106256959959865" lon="-6.996136028319597">
 <ele>290.89999999999998</ele>
 <time>2017-08-26T10:37:20Z</time>
 </trkpt>
 <trkpt lat="62.10624597966671" lon="-6.996291009709239">
 <ele>289</ele>
 <time>2017-08-26T10:37:26Z</time>
 </trkpt>
 <trkpt lat="62.10626601241529" lon="-6.99642201885581">
 <ele>287.10000000000002</ele>
 <time>2017-08-26T10:37:32Z</time>
 </trkpt>
 <trkpt lat="62.106271963566542" lon="-6.996510028839111">
 <ele>286.10000000000002</ele>
 <time>2017-08-26T10:37:36Z</time>
 </trkpt>
 <trkpt lat="62.106255032122135" lon="-6.996623016893864">
 <ele>284.19999999999999</ele>
 <time>2017-08-26T10:37:43Z</time>
 </trkpt>
 <trkpt lat="62.106230976060033" lon="-6.9967230129987">
 <ele>282.80000000000001</ele>
 <time>2017-08-26T10:37:48Z</time>
 </trkpt>
 <trkpt lat="62.106274981051683" lon="-6.99680800549686">
 <ele>279.89999999999998</ele>
 <time>2017-08-26T10:37:54Z</time>
 </trkpt>
 <trkpt lat="62.106399033218622" lon="-6.99691697023809">
 <ele>278.89999999999998</ele>
 <time>2017-08-26T10:38:05Z</time>
 </trkpt>
 <trkpt lat="62.106457035988569" lon="-6.996999029070139">
 <ele>278.89999999999998</ele>
 <time>2017-08-26T10:38:10Z</time>
 </trkpt>
 <trkpt lat="62.1066540107131" lon="-6.997133977711201">
 <ele>277</ele>
 <time>2017-08-26T10:38:26Z</time>
 </trkpt>
 <trkpt lat="62.106661973521113" lon="-6.997147975489497">
 <ele>276</ele>
 <time>2017-08-26T10:38:27Z</time>
 </trkpt>
 <trkpt lat="62.10671603679657" lon="-6.997331036254764">
 <ele>275.10000000000002</ele>
 <time>2017-08-26T10:38:38Z</time>
 </trkpt>
 <trkpt lat="62.106860037893057" lon="-6.997373029589653">
 <ele>272.19999999999999</ele>
 <time>2017-08-26T10:38:50Z</time>
 </trkpt>
 <trkpt lat="62.106993980705738" lon="-6.997458022087812">
 <ele>271.19999999999999</ele>
 <time>2017-08-26T10:39:03Z</time>
 </trkpt>
 <trkpt lat="62.107033962383866" lon="-6.997694978490472">
 <ele>268.80000000000001</ele>
 <time>2017-08-26T10:39:15Z</time>
 </trkpt>
 <trkpt lat="62.107031028717756" lon="-6.997748035937548">
 <ele>268.80000000000001</ele>
 <time>2017-08-26T10:39:17Z</time>
 </trkpt>
 <trkpt lat="62.10706003010273" lon="-6.997881978750229">
 <ele>265.89999999999998</ele>
 <time>2017-08-26T10:39:23Z</time>
 </trkpt>
 <trkpt lat="62.107105040922761" lon="-6.998095968738198">
 <ele>263.10000000000002</ele>
 <time>2017-08-26T10:39:32Z</time>
 </trkpt>
 <trkpt lat="62.107108980417252" lon="-6.998138967901468">
 <ele>263.10000000000002</ele>
 <time>2017-08-26T10:39:34Z</time>
 </trkpt>
 <trkpt lat="62.107131024822593" lon="-6.998266037553549">
 <ele>260.19999999999999</ele>
 <time>2017-08-26T10:39:41Z</time>
 </trkpt>
 <trkpt lat="62.107172012329102" lon="-6.998296966776252">
 <ele>259.19999999999999</ele>
 <time>2017-08-26T10:39:45Z</time>
 </trkpt>
 <trkpt lat="62.107222974300385" lon="-6.998330997303128">
 <ele>257.80000000000001</ele>
 <time>2017-08-26T10:39:50Z</time>
 </trkpt>
 <trkpt lat="62.107263039797544" lon="-6.998381959274411">
 <ele>255.90000000000001</ele>
 <time>2017-08-26T10:39:54Z</time>
 </trkpt>
 <trkpt lat="62.107398994266987" lon="-6.998371984809637">
 <ele>254.90000000000001</ele>
 <time>2017-08-26T10:40:05Z</time>
 </trkpt>
 <trkpt lat="62.107494715601206" lon="-6.998462928459048">
 <ele>255.90000000000001</ele>
 <time>2017-08-26T10:40:14Z</time>
 </trkpt>
 </trkseg>
 </trk>

 <trk>
 <name>12 Wanderung Kollafjardardalur Leynar CS 001</name>
 <extensions>
 <gpxx:TrackExtension>
 <gpxx:DisplayColor>Blue</gpxx:DisplayColor>
 </gpxx:TrackExtension>
 </extensions>
 <trkseg>
 <trkpt lat="62.105556735768914" lon="-6.965502854436636">
 <ele>3.88</ele>
 <time>2020-07-15T12:37:04Z</time>
 </trkpt>
 <trkpt lat="62.105450788512826" lon="-6.965443342924118">
 <ele>2.87</ele>
 <time>2020-07-15T12:37:44Z</time>
 </trkpt>
 <trkpt lat="62.105457996949553" lon="-6.965275537222624">
 <ele>2.26</ele>
 <time>2020-07-15T12:37:52Z</time>
 </trkpt>
 <trkpt lat="62.10552329197526" lon="-6.965138074010611">
 <ele>1.43</ele>
 <time>2020-07-15T12:37:58Z</time>
 </trkpt>
 <trkpt lat="62.105594119057059" lon="-6.96499583311379">
 <ele>0.59</ele>
 <time>2020-07-15T12:38:04Z</time>
 </trkpt>
 <trkpt lat="62.105683889240026" lon="-6.964932549744844">
 <ele>-0.69</ele>
 <time>2020-07-15T12:38:11Z</time>
 </trkpt>
 <trkpt lat="62.105746921151876" lon="-6.965054590255022">
 <ele>-1.21</ele>
 <time>2020-07-15T12:38:17Z</time>
 </trkpt>
 <trkpt lat="62.105822861194611" lon="-6.965194400399923">
 <ele>-0.81</ele>
 <time>2020-07-15T12:38:24Z</time>
 </trkpt>
 <trkpt lat="62.105900561437011" lon="-6.965333875268698">
 <ele>-0.83</ele>
 <time>2020-07-15T12:38:30Z</time>
 </trkpt>
 <trkpt lat="62.105969125404954" lon="-6.965494891628623">
 <ele>-0.96</ele>
 <time>2020-07-15T12:38:36Z</time>
 </trkpt>
 <trkpt lat="62.10604322142899" lon="-6.96566722355783">
 <ele>-0.61</ele>
 <time>2020-07-15T12:38:43Z</time>
 </trkpt>
 <trkpt lat="62.106122430413961" lon="-6.965822372585535">
 <ele>-0.64</ele>
 <time>2020-07-15T12:38:50Z</time>
 </trkpt>
 <trkpt lat="62.10620398633182" lon="-6.965966122224927">
 <ele>-0.2</ele>
 <time>2020-07-15T12:38:57Z</time>
 </trkpt>
 <trkpt lat="62.106295851990581" lon="-6.966118086129427">
 <ele>0.31</ele>
 <time>2020-07-15T12:39:05Z</time>
 </trkpt>
 <trkpt lat="62.106370953842998" lon="-6.966304248198867">
 <ele>0.98</ele>
 <time>2020-07-15T12:39:14Z</time>
 </trkpt>
 <trkpt lat="62.106446893885732" lon="-6.966458475217223">
 <ele>1.02</ele>
 <time>2020-07-15T12:39:23Z</time>
 </trkpt>
 <trkpt lat="62.106520403176546" lon="-6.966611528769136">
 <ele>1.36</ele>
 <time>2020-07-15T12:39:31Z</time>
 </trkpt>
 <trkpt lat="62.106477823108435" lon="-6.966785537078977">
 <ele>2.71</ele>
 <time>2020-07-15T12:39:41Z</time>
 </trkpt>
 <trkpt lat="62.106407582759857" lon="-6.96694303303957">
 <ele>3.94</ele>
 <time>2020-07-15T12:39:53Z</time>
 </trkpt>
 <trkpt lat="62.106346897780895" lon="-6.967121902853251">
 <ele>5.71</ele>
 <time>2020-07-15T12:40:04Z</time>
 </trkpt>
 <trkpt lat="62.106299623847008" lon="-6.967304460704327">
 <ele>6.93</ele>
 <time>2020-07-15T12:40:14Z</time>
 </trkpt>
 <trkpt lat="62.106249667704105" lon="-6.967479726299644">
 <ele>8.880000000000001</ele>
 <time>2020-07-15T12:40:24Z</time>
 </trkpt>
 <trkpt lat="62.106196442618966" lon="-6.967667397111654">
 <ele>10.24</ele>
 <time>2020-07-15T12:40:34Z</time>
 </trkpt>
 <trkpt lat="62.106181439012289" lon="-6.967890188097954">
 <ele>11.94</ele>
 <time>2020-07-15T12:40:45Z</time>
 </trkpt>
 <trkpt lat="62.106144810095429" lon="-6.968068219721317">
 <ele>13.07</ele>
 <time>2020-07-15T12:40:57Z</time>
 </trkpt>
 <trkpt lat="62.106142044067383" lon="-6.968276426196098">
 <ele>14.550000000000001</ele>
 <time>2020-07-15T12:41:10Z</time>
 </trkpt>
 <trkpt lat="62.106112707406282" lon="-6.968489913269877">
 <ele>16.149999999999999</ele>
 <time>2020-07-15T12:41:23Z</time>
 </trkpt>
 <trkpt lat="62.106050178408623" lon="-6.96866936981678">
 <ele>17.530000000000001</ele>
 <time>2020-07-15T12:41:35Z</time>
 </trkpt>
 <trkpt lat="62.106014722958207" lon="-6.96898989379406">
 <ele>18.18</ele>
 <time>2020-07-15T12:41:46Z</time>
 </trkpt>
 <trkpt lat="62.106017153710127" lon="-6.969194496050477">
 <ele>18.48</ele>
 <time>2020-07-15T12:42:17Z</time>
 </trkpt>
 <trkpt lat="62.106060655787587" lon="-6.96940965950489">
 <ele>19.34</ele>
 <time>2020-07-15T12:42:25Z</time>
 </trkpt>
 <trkpt lat="62.106097033247352" lon="-6.969589535146952">
 <ele>20.390000000000001</ele>
 <time>2020-07-15T12:42:33Z</time>
 </trkpt>
 <trkpt lat="62.106135254725814" lon="-6.969778127968311">
 <ele>23.289999999999999</ele>
 <time>2020-07-15T12:42:45Z</time>
 </trkpt>
 <trkpt lat="62.106126202270389" lon="-6.969990525394678">
 <ele>24.879999999999999</ele>
 <time>2020-07-15T12:42:54Z</time>
 </trkpt>
 <trkpt lat="62.106136595830321" lon="-6.970197726041079">
 <ele>27.530000000000001</ele>
 <time>2020-07-15T12:43:04Z</time>
 </trkpt>
 <trkpt lat="62.1061204187572" lon="-6.970413979142904">
 <ele>29.84</ele>
 <time>2020-07-15T12:43:15Z</time>
 </trkpt>
 <trkpt lat="62.106097619980574" lon="-6.970616234466434">
 <ele>30.98</ele>
 <time>2020-07-15T12:43:24Z</time>
 </trkpt>
 <trkpt lat="62.106080604717135" lon="-6.970812035724521">
 <ele>31.859999999999999</ele>
 <time>2020-07-15T12:43:33Z</time>
 </trkpt>
 <trkpt lat="62.106094770133495" lon="-6.971033569425345">
 <ele>35.030000000000001</ele>
 <time>2020-07-15T12:43:47Z</time>
 </trkpt>
 <trkpt lat="62.106090076267719" lon="-6.971282595768571">
 <ele>38.130000000000003</ele>
 <time>2020-07-15T12:44:05Z</time>
 </trkpt>
 <trkpt lat="62.10609502159059" lon="-6.971492143347859">
 <ele>42.200000000000003</ele>
 <time>2020-07-15T12:44:25Z</time>
 </trkpt>
 <trkpt lat="62.106099463999271" lon="-6.971683166921139">
 <ele>45.520000000000003</ele>
 <time>2020-07-15T12:44:46Z</time>
 </trkpt>
 <trkpt lat="62.106098793447018" lon="-6.971863964572549">
 <ele>48.549999999999997</ele>
 <time>2020-07-15T12:45:02Z</time>
 </trkpt>
 <trkpt lat="62.106082616373897" lon="-6.972078876569867">
 <ele>51.899999999999999</ele>
 <time>2020-07-15T12:45:16Z</time>
 </trkpt>
 <trkpt lat="62.106061493977904" lon="-6.972301919013262">
 <ele>54.57</ele>
 <time>2020-07-15T12:45:34Z</time>
 </trkpt>
 <trkpt lat="62.106087561696768" lon="-6.97250216268003">
 <ele>56.329999999999998</ele>
 <time>2020-07-15T12:45:44Z</time>
 </trkpt>
 <trkpt lat="62.106074569746852" lon="-6.97268782183528">
 <ele>58.07</ele>
 <time>2020-07-15T12:45:54Z</time>
 </trkpt>
 <trkpt lat="62.106028385460377" lon="-6.972873313352466">
 <ele>59.619999999999997</ele>
 <time>2020-07-15T12:46:05Z</time>
 </trkpt>
 <trkpt lat="62.106007346883416" lon="-6.973077077418566">
 <ele>61.350000000000001</ele>
 <time>2020-07-15T12:46:16Z</time>
 </trkpt>
 <trkpt lat="62.106017153710127" lon="-6.973274052143097">
 <ele>63.270000000000003</ele>
 <time>2020-07-15T12:46:31Z</time>
 </trkpt>
 <trkpt lat="62.1059874817729" lon="-6.973455771803856">
 <ele>65.519999999999996</ele>
 <time>2020-07-15T12:46:43Z</time>
 </trkpt>
 <trkpt lat="62.10597381927073" lon="-6.973664062097669">
 <ele>68.519999999999996</ele>
 <time>2020-07-15T12:46:57Z</time>
 </trkpt>
 <trkpt lat="62.105968873947859" lon="-6.973851397633553">
 <ele>70.329999999999998</ele>
 <time>2020-07-15T12:47:12Z</time>
 </trkpt>
 <trkpt lat="62.105952026322484" lon="-6.974057508632541">
 <ele>72.209999999999994</ele>
 <time>2020-07-15T12:47:23Z</time>
 </trkpt>
 <trkpt lat="62.105956301093102" lon="-6.974273594096303">
 <ele>74.700000000000003</ele>
 <time>2020-07-15T12:47:35Z</time>
 </trkpt>
 <trkpt lat="62.105941716581583" lon="-6.974471155554056">
 <ele>76.849999999999994</ele>
 <time>2020-07-15T12:47:46Z</time>
 </trkpt>
 <trkpt lat="62.105932580307126" lon="-6.974672488868237">
 <ele>79</ele>
 <time>2020-07-15T12:48:23Z</time>
 </trkpt>
 <trkpt lat="62.105881534516811" lon="-6.97485689073801">
 <ele>81.219999999999999</ele>
 <time>2020-07-15T12:48:33Z</time>
 </trkpt>
 <trkpt lat="62.105857813730836" lon="-6.975078759714961">
 <ele>83.189999999999998</ele>
 <time>2020-07-15T12:48:44Z</time>
 </trkpt>
 <trkpt lat="62.105824705213308" lon="-6.975303394719958">
 <ele>84.790000000000006</ele>
 <time>2020-07-15T12:48:54Z</time>
 </trkpt>
 <trkpt lat="62.105807019397616" lon="-6.975500956177712">
 <ele>86.209999999999994</ele>
 <time>2020-07-15T12:49:04Z</time>
 </trkpt>
 <trkpt lat="62.105796039104462" lon="-6.975750317797065">
 <ele>88.010000000000005</ele>
 <time>2020-07-15T12:49:14Z</time>
 </trkpt>
 <trkpt lat="62.105832248926163" lon="-6.975958524271846">
 <ele>91.219999999999999</ele>
 <time>2020-07-15T12:49:30Z</time>
 </trkpt>
 <trkpt lat="62.1058130543679" lon="-6.976136304438114">
 <ele>93.400000000000006</ele>
 <time>2020-07-15T12:50:01Z</time>
 </trkpt>
 <trkpt lat="62.105845911428332" lon="-6.976368147879839">
 <ele>96.400000000000006</ele>
 <time>2020-07-15T12:50:13Z</time>
 </trkpt>
 <trkpt lat="62.105898968875408" lon="-6.976551041007042">
 <ele>98.140000000000001</ele>
 <time>2020-07-15T12:50:24Z</time>
 </trkpt>
 <trkpt lat="62.105952780693769" lon="-6.976737203076482">
 <ele>99.989999999999995</ele>
 <time>2020-07-15T12:50:34Z</time>
 </trkpt>
 <trkpt lat="62.106004413217306" lon="-6.976913642138243">
 <ele>101.06</ele>
 <time>2020-07-15T12:50:43Z</time>
 </trkpt>
 <trkpt lat="62.106053698807955" lon="-6.977082369849086">
 <ele>103.5</ele>
 <time>2020-07-15T12:50:53Z</time>
 </trkpt>
 <trkpt lat="62.106133410707116" lon="-6.977244894951582">
 <ele>106.45999999999999</ele>
 <time>2020-07-15T12:51:08Z</time>
 </trkpt>
 <trkpt lat="62.10617758333683" lon="-6.97740264236927">
 <ele>109.93000000000001</ele>
 <time>2020-07-15T12:51:26Z</time>
 </trkpt>
 <trkpt lat="62.106214547529817" lon="-6.977618560194969">
 <ele>112.14</ele>
 <time>2020-07-15T12:51:43Z</time>
 </trkpt>
 <trkpt lat="62.106270119547844" lon="-6.977803045883775">
 <ele>114.70999999999999</ele>
 <time>2020-07-15T12:52:00Z</time>
 </trkpt>
 <trkpt lat="62.106309263035655" lon="-6.978029357269406">
 <ele>117.91</ele>
 <time>2020-07-15T12:52:13Z</time>
 </trkpt>
 <trkpt lat="62.106340443715453" lon="-6.978238569572568">
 <ele>120.81999999999999</ele>
 <time>2020-07-15T12:52:32Z</time>
 </trkpt>
 <trkpt lat="62.106355614960194" lon="-6.978470832109451">
 <ele>123.51000000000001</ele>
 <time>2020-07-15T12:52:46Z</time>
 </trkpt>
 <trkpt lat="62.106446977704763" lon="-6.97847954928875">
 <ele>126.09999999999999</ele>
 <time>2020-07-15T12:52:59Z</time>
 </trkpt>
 <trkpt lat="62.106533898040652" lon="-6.978561189025641">
 <ele>128.33000000000001</ele>
 <time>2020-07-15T12:53:18Z</time>
 </trkpt>
 <trkpt lat="62.106615202501416" lon="-6.978660430759192">
 <ele>131.16999999999999</ele>
 <time>2020-07-15T12:53:32Z</time>
 </trkpt>
 <trkpt lat="62.106714695692062" lon="-6.978704854846001">
 <ele>133.94999999999999</ele>
 <time>2020-07-15T12:53:48Z</time>
 </trkpt>
 <trkpt lat="62.106732632964849" lon="-6.978828823193908">
 <ele>136.66999999999999</ele>
 <time>2020-07-15T12:54:03Z</time>
 </trkpt>
 <trkpt lat="62.106712348759174" lon="-6.979026049375534">
 <ele>139.78</ele>
 <time>2020-07-15T12:54:18Z</time>
 </trkpt>
 <trkpt lat="62.106714528053999" lon="-6.979255462065339">
 <ele>141.81999999999999</ele>
 <time>2020-07-15T12:54:39Z</time>
 </trkpt>
 <trkpt lat="62.106801448389888" lon="-6.97940357029438">
 <ele>145.16</ele>
 <time>2020-07-15T12:54:53Z</time>
 </trkpt>
 <trkpt lat="62.106902534142137" lon="-6.979464590549469">
 <ele>147.34999999999999</ele>
 <time>2020-07-15T12:55:05Z</time>
 </trkpt>
 <trkpt lat="62.106925835832953" lon="-6.979612782597542">
 <ele>149.28</ele>
 <time>2020-07-15T12:55:18Z</time>
 </trkpt>
 <trkpt lat="62.106885518878698" lon="-6.979800453409553">
 <ele>150.97</ele>
 <time>2020-07-15T12:55:29Z</time>
 </trkpt>
 <trkpt lat="62.106918375939131" lon="-6.979992231354117">
 <ele>153.44</ele>
 <time>2020-07-15T12:55:41Z</time>
 </trkpt>
 <trkpt lat="62.106912760064006" lon="-6.980155510827899">
 <ele>154.96000000000001</ele>
 <time>2020-07-15T12:55:51Z</time>
 </trkpt>
 <trkpt lat="62.106938073411584" lon="-6.980361621826887">
 <ele>157.47</ele>
 <time>2020-07-15T12:56:03Z</time>
 </trkpt>
 <trkpt lat="62.106969589367509" lon="-6.980577791109681">
 <ele>160.03</ele>
 <time>2020-07-15T12:56:20Z</time>
 </trkpt>
 <trkpt lat="62.106961794197559" lon="-6.980774933472276">
 <ele>162.28</ele>
 <time>2020-07-15T12:56:32Z</time>
 </trkpt>
 <trkpt lat="62.106992974877357" lon="-6.980992360040546">
 <ele>164.68000000000001</ele>
 <time>2020-07-15T12:56:52Z</time>
 </trkpt>
 <trkpt lat="62.107015773653984" lon="-6.981213055551052">
 <ele>167.19999999999999</ele>
 <time>2020-07-15T12:57:12Z</time>
 </trkpt>
 <trkpt lat="62.107001692056656" lon="-6.981410449370742">
 <ele>170.25</ele>
 <time>2020-07-15T12:57:41Z</time>
 </trkpt>
 <trkpt lat="62.1070546656847" lon="-6.981565430760384">
 <ele>173.46000000000001</ele>
 <time>2020-07-15T12:57:56Z</time>
 </trkpt>
 <trkpt lat="62.107115937396884" lon="-6.981722675263882">
 <ele>175.09</ele>
 <time>2020-07-15T12:58:10Z</time>
 </trkpt>
 <trkpt lat="62.107119709253311" lon="-6.981934234499931">
 <ele>177.06</ele>
 <time>2020-07-15T12:58:21Z</time>
 </trkpt>
 <trkpt lat="62.107105879113078" lon="-6.982133220881224">
 <ele>178.63</ele>
 <time>2020-07-15T12:58:32Z</time>
 </trkpt>
 <trkpt lat="62.107097497209907" lon="-6.982341594994068">
 <ele>180.46000000000001</ele>
 <time>2020-07-15T12:58:43Z</time>
 </trkpt>
 <trkpt lat="62.107092048972845" lon="-6.982565056532621">
 <ele>182.34</ele>
 <time>2020-07-15T12:58:54Z</time>
 </trkpt>
 <trkpt lat="62.107132282108068" lon="-6.982799749821425">
 <ele>184.84</ele>
 <time>2020-07-15T12:59:13Z</time>
 </trkpt>
 <trkpt lat="62.10714410059154" lon="-6.982996808364987">
 <ele>187.56</ele>
 <time>2020-07-15T12:59:27Z</time>
 </trkpt>
 <trkpt lat="62.107186429202557" lon="-6.983200740069151">
 <ele>190.72999999999999</ele>
 <time>2020-07-15T12:59:48Z</time>
 </trkpt>
 <trkpt lat="62.107185004279017" lon="-6.983419256284833">
 <ele>194.41999999999999</ele>
 <time>2020-07-15T13:00:08Z</time>
 </trkpt>
 <trkpt lat="62.107124403119087" lon="-6.9835798535496">
 <ele>197.31</ele>
 <time>2020-07-15T13:00:24Z</time>
 </trkpt>
 <trkpt lat="62.107097245752811" lon="-6.983725279569626">
 <ele>200.15000000000001</ele>
 <time>2020-07-15T13:00:46Z</time>
 </trkpt>
 <trkpt lat="62.107132533565164" lon="-6.983880931511521">
 <ele>204.27000000000001</ele>
 <time>2020-07-15T13:01:03Z</time>
 </trkpt>
 <trkpt lat="62.107187267392874" lon="-6.984044965356588">
 <ele>207.03999999999999</ele>
 <time>2020-07-15T13:01:17Z</time>
 </trkpt>
 <trkpt lat="62.10716849192977" lon="-6.984074553474784">
 <ele>207.19999999999999</ele>
 <time>2020-07-15T13:02:02Z</time>
 </trkpt>
 <trkpt lat="62.107166144996881" lon="-6.984034990891814">
 <ele>206.66</ele>
 <time>2020-07-15T13:04:00Z</time>
 </trkpt>
 <trkpt lat="62.107204869389534" lon="-6.984111769124866">
 <ele>205.44999999999999</ele>
 <time>2020-07-15T13:05:40Z</time>
 </trkpt>
 <trkpt lat="62.107126750051975" lon="-6.984181758016348">
 <ele>207.28</ele>
 <time>2020-07-15T13:06:52Z</time>
 </trkpt>
 <trkpt lat="62.10701216943562" lon="-6.984249399974942">
 <ele>207.24000000000001</ele>
 <time>2020-07-15T13:07:12Z</time>
 </trkpt>
 <trkpt lat="62.106935558840632" lon="-6.98432014323771">
 <ele>206.5</ele>
 <time>2020-07-15T13:07:22Z</time>
 </trkpt>
 <trkpt lat="62.106938827782869" lon="-6.984338415786624">
 <ele>206.31</ele>
 <time>2020-07-15T13:10:59Z</time>
 </trkpt>
 <trkpt lat="62.106893816962838" lon="-6.984551148489118">
 <ele>209.66999999999999</ele>
 <time>2020-07-15T13:11:18Z</time>
 </trkpt>
 <trkpt lat="62.106896499171853" lon="-6.984749296680093">
 <ele>215.24000000000001</ele>
 <time>2020-07-15T13:11:49Z</time>
 </trkpt>
 <trkpt lat="62.106950059533119" lon="-6.984887095168233">
 <ele>218.84</ele>
 <time>2020-07-15T13:12:14Z</time>
 </trkpt>
 <trkpt lat="62.106912424787879" lon="-6.985029000788927">
 <ele>220.5</ele>
 <time>2020-07-15T13:12:28Z</time>
 </trkpt>
 <trkpt lat="62.106890715658665" lon="-6.985204685479403">
 <ele>222.99000000000001</ele>
 <time>2020-07-15T13:12:40Z</time>
 </trkpt>
 <trkpt lat="62.106844112277031" lon="-6.985360672697425">
 <ele>225.13999999999999</ele>
 <time>2020-07-15T13:12:54Z</time>
 </trkpt>
 <trkpt lat="62.106792731210589" lon="-6.98554465547204">
 <ele>228.09</ele>
 <time>2020-07-15T13:13:09Z</time>
 </trkpt>
 <trkpt lat="62.106799520552158" lon="-6.985735176131129">
 <ele>230.53999999999999</ele>
 <time>2020-07-15T13:13:32Z</time>
 </trkpt>
 <trkpt lat="62.106798766180873" lon="-6.985918739810586">
 <ele>232.84999999999999</ele>
 <time>2020-07-15T13:13:51Z</time>
 </trkpt>
 <trkpt lat="62.106736823916435" lon="-6.986054694280028">
 <ele>236.09</ele>
 <time>2020-07-15T13:14:04Z</time>
 </trkpt>
 <trkpt lat="62.106736656278372" lon="-6.986243706196547">
 <ele>238.91</ele>
 <time>2020-07-15T13:14:25Z</time>
 </trkpt>
 <trkpt lat="62.106706481426954" lon="-6.986356023699045">
 <ele>241.41999999999999</ele>
 <time>2020-07-15T13:14:47Z</time>
 </trkpt>
 <trkpt lat="62.106644036248326" lon="-6.986461132764816">
 <ele>244.36000000000001</ele>
 <time>2020-07-15T13:15:01Z</time>
 </trkpt>
 <trkpt lat="62.106559630483389" lon="-6.986588537693024">
 <ele>247.55000000000001</ele>
 <time>2020-07-15T13:15:13Z</time>
 </trkpt>
 <trkpt lat="62.106515625491738" lon="-6.986791379749775">
 <ele>250.13</ele>
 <time>2020-07-15T13:15:28Z</time>
 </trkpt>
 <trkpt lat="62.106515625491738" lon="-6.986944349482656">
 <ele>251.97</ele>
 <time>2020-07-15T13:15:46Z</time>
 </trkpt>
 <trkpt lat="62.10660707205534" lon="-6.987174432724714">
 <ele>252.28</ele>
 <time>2020-07-15T13:15:57Z</time>
 </trkpt>
 <trkpt lat="62.106709834188223" lon="-6.987274261191487">
 <ele>252.84</ele>
 <time>2020-07-15T13:16:05Z</time>
 </trkpt>
 <trkpt lat="62.106780409812927" lon="-6.987423207610846">
 <ele>254.00999999999999</ele>
 <time>2020-07-15T13:16:13Z</time>
 </trkpt>
 <trkpt lat="62.106810249388218" lon="-6.987616242840886">
 <ele>254.38999999999999</ele>
 <time>2020-07-15T13:16:21Z</time>
 </trkpt>
 <trkpt lat="62.106876382604241" lon="-6.987795699387789">
 <ele>254.87</ele>
 <time>2020-07-15T13:16:29Z</time>
 </trkpt>
 <trkpt lat="62.10696330294013" lon="-6.987937772646546">
 <ele>254.55000000000001</ele>
 <time>2020-07-15T13:16:36Z</time>
 </trkpt>
 <trkpt lat="62.107043685391545" lon="-6.988074481487274">
 <ele>254.63</ele>
 <time>2020-07-15T13:16:43Z</time>
 </trkpt>
 <trkpt lat="62.107121385633945" lon="-6.988199204206467">
 <ele>254.65000000000001</ele>
 <time>2020-07-15T13:16:50Z</time>
 </trkpt>
 <trkpt lat="62.107198247686028" lon="-6.988320238888264">
 <ele>255.83000000000001</ele>
 <time>2020-07-15T13:16:58Z</time>
 </trkpt>
 <trkpt lat="62.107260776683688" lon="-6.98849206790328">
 <ele>257.14999999999998</ele>
 <time>2020-07-15T13:17:07Z</time>
 </trkpt>
 <trkpt lat="62.107310732826591" lon="-6.988666160032153">
 <ele>258.68000000000001</ele>
 <time>2020-07-15T13:17:16Z</time>
 </trkpt>
 <trkpt lat="62.107332609593868" lon="-6.98885609395802">
 <ele>260.01999999999998</ele>
 <time>2020-07-15T13:17:25Z</time>
 </trkpt>
 <trkpt lat="62.107385499402881" lon="-6.989037981256843">
 <ele>261.31999999999999</ele>
 <time>2020-07-15T13:17:34Z</time>
 </trkpt>
 <trkpt lat="62.107437634840608" lon="-6.989234369248152">
 <ele>262.74000000000001</ele>
 <time>2020-07-15T13:17:45Z</time>
 </trkpt>
 <trkpt lat="62.107461439445615" lon="-6.989427488297224">
 <ele>263.54000000000002</ele>
 <time>2020-07-15T13:17:52Z</time>
 </trkpt>
 <trkpt lat="62.107496056705713" lon="-6.98962471447885">
 <ele>263.81999999999999</ele>
 <time>2020-07-15T13:18:00Z</time>
 </trkpt>
 <trkpt lat="62.107539977878332" lon="-6.989823533222079">
 <ele>263.98000000000002</ele>
 <time>2020-07-15T13:18:09Z</time>
 </trkpt>
 <trkpt lat="62.10760192014277" lon="-6.990005420520902">
 <ele>263.81</ele>
 <time>2020-07-15T13:18:17Z</time>
 </trkpt>
 <trkpt lat="62.107635447755456" lon="-6.990196779370308">
 <ele>263.73000000000002</ele>
 <time>2020-07-15T13:18:26Z</time>
 </trkpt>
 <trkpt lat="62.1076331846416" lon="-6.990351257845759">
 <ele>263.63999999999999</ele>
 <time>2020-07-15T13:19:07Z</time>
 </trkpt>
 <trkpt lat="62.107610385864973" lon="-6.990425940603018">
 <ele>264.22000000000003</ele>
 <time>2020-07-15T13:20:09Z</time>
 </trkpt>
 <trkpt lat="62.107610134407878" lon="-6.990628279745579">
 <ele>264.74000000000001</ele>
 <time>2020-07-15T13:20:16Z</time>
 </trkpt>
 <trkpt lat="62.10761365480721" lon="-6.990840928629041">
 <ele>266.13999999999999</ele>
 <time>2020-07-15T13:20:24Z</time>
 </trkpt>
 <trkpt lat="62.107580043375492" lon="-6.991001525893807">
 <ele>267.87</ele>
 <time>2020-07-15T13:20:34Z</time>
 </trkpt>
 <trkpt lat="62.10752178914845" lon="-6.991186263039708">
 <ele>268.76999999999998</ele>
 <time>2020-07-15T13:20:43Z</time>
 </trkpt>
 <trkpt lat="62.107462780550122" lon="-6.991346525028348">
 <ele>270.31</ele>
 <time>2020-07-15T13:20:51Z</time>
 </trkpt>
 <trkpt lat="62.107412237673998" lon="-6.99153914116323">
 <ele>270.29000000000002</ele>
 <time>2020-07-15T13:20:59Z</time>
 </trkpt>
 <trkpt lat="62.107373010367155" lon="-6.991742234677076">
 <ele>271.05000000000001</ele>
 <time>2020-07-15T13:21:07Z</time>
 </trkpt>
 <trkpt lat="62.107312995940447" lon="-6.991908028721809">
 <ele>272.51999999999998</ele>
 <time>2020-07-15T13:21:15Z</time>
 </trkpt>
 <trkpt lat="62.107266141101718" lon="-6.992092430591583">
 <ele>273.27999999999997</ele>
 <time>2020-07-15T13:21:23Z</time>
 </trkpt>
 <trkpt lat="62.107223561033607" lon="-6.992281526327133">
 <ele>273.81</ele>
 <time>2020-07-15T13:21:31Z</time>
 </trkpt>
 <trkpt lat="62.107173940166831" lon="-6.992479674518108">
 <ele>274.39999999999998</ele>
 <time>2020-07-15T13:21:38Z</time>
 </trkpt>
 <trkpt lat="62.107125660404563" lon="-6.992679834365845">
 <ele>275.01999999999998</ele>
 <time>2020-07-15T13:21:46Z</time>
 </trkpt>
 <trkpt lat="62.107110237702727" lon="-6.992892986163497">
 <ele>274.43000000000001</ele>
 <time>2020-07-15T13:21:58Z</time>
 </trkpt>
 <trkpt lat="62.107160445302725" lon="-6.993063138797879">
 <ele>274.83999999999997</ele>
 <time>2020-07-15T13:22:06Z</time>
 </trkpt>
 <trkpt lat="62.107204534113407" lon="-6.993231531232595">
 <ele>274.30000000000001</ele>
 <time>2020-07-15T13:22:13Z</time>
 </trkpt>
 <trkpt lat="62.107214508578181" lon="-6.99346580542624">
 <ele>273.23000000000002</ele>
 <time>2020-07-15T13:22:21Z</time>
 </trkpt>
 <trkpt lat="62.107234289869666" lon="-6.993673844262958">
 <ele>273.81999999999999</ele>
 <time>2020-07-15T13:22:29Z</time>
 </trkpt>
 <trkpt lat="62.107198582962155" lon="-6.993861515074968">
 <ele>275.11000000000001</ele>
 <time>2020-07-15T13:22:41Z</time>
 </trkpt>
 <trkpt lat="62.10716069675982" lon="-6.994063686579466">
 <ele>275.64999999999998</ele>
 <time>2020-07-15T13:22:50Z</time>
 </trkpt>
 <trkpt lat="62.107162708416581" lon="-6.994291925802827">
 <ele>276.39999999999998</ele>
 <time>2020-07-15T13:23:00Z</time>
 </trkpt>
 <trkpt lat="62.107203276827931" lon="-6.994502060115337">
 <ele>275.00999999999999</ele>
 <time>2020-07-15T13:23:14Z</time>
 </trkpt>
 <trkpt lat="62.107204617932439" lon="-6.994709763675928">
 <ele>273.49000000000001</ele>
 <time>2020-07-15T13:23:22Z</time>
 </trkpt>
 <trkpt lat="62.10723546333611" lon="-6.994909001514316">
 <ele>272.06999999999999</ele>
 <time>2020-07-15T13:23:31Z</time>
 </trkpt>
 <trkpt lat="62.107320874929428" lon="-6.995035903528333">
 <ele>269.48000000000002</ele>
 <time>2020-07-15T13:23:45Z</time>
 </trkpt>
 <trkpt lat="62.107374938204885" lon="-6.995212258771062">
 <ele>267.08999999999997</ele>
 <time>2020-07-15T13:23:57Z</time>
 </trkpt>
 <trkpt lat="62.107375776395202" lon="-6.99540420435369">
 <ele>265.44999999999999</ele>
 <time>2020-07-15T13:24:05Z</time>
 </trkpt>
 <trkpt lat="62.107378458604217" lon="-6.995607884600759">
 <ele>263.98000000000002</ele>
 <time>2020-07-15T13:24:16Z</time>
 </trkpt>
 <trkpt lat="62.107388013973832" lon="-6.995811313390732">
 <ele>262.08999999999997</ele>
 <time>2020-07-15T13:24:26Z</time>
 </trkpt>
 <trkpt lat="62.107438473030925" lon="-6.996003007516265">
 <ele>259.89999999999998</ele>
 <time>2020-07-15T13:24:37Z</time>
 </trkpt>
 <trkpt lat="62.107472084462643" lon="-6.996208112686873">
 <ele>257.97000000000003</ele>
 <time>2020-07-15T13:24:46Z</time>
 </trkpt>
 <trkpt lat="62.107514915987849" lon="-6.996394610032439">
 <ele>256.13999999999999</ele>
 <time>2020-07-15T13:24:56Z</time>
 </trkpt>
 <trkpt lat="62.10749831981957" lon="-6.996597871184349">
 <ele>253.06</ele>
 <time>2020-07-15T13:25:07Z</time>
 </trkpt>
 <trkpt lat="62.107493123039603" lon="-6.996781183406711">
 <ele>252.19999999999999</ele>
 <time>2020-07-15T13:25:15Z</time>
 </trkpt>
 <trkpt lat="62.107514329254627" lon="-6.996990814805031">
 <ele>250.83000000000001</ele>
 <time>2020-07-15T13:25:22Z</time>
 </trkpt>
 <trkpt lat="62.107519693672657" lon="-6.997209163382649">
 <ele>250.02000000000001</ele>
 <time>2020-07-15T13:25:31Z</time>
 </trkpt>
 <trkpt lat="62.10749538615346" lon="-6.997436815872788">
 <ele>248.63</ele>
 <time>2020-07-15T13:25:39Z</time>
 </trkpt>
 <trkpt lat="62.107487255707383" lon="-6.997659103944898">
 <ele>247.24000000000001</ele>
 <time>2020-07-15T13:25:47Z</time>
 </trkpt>
 <trkpt lat="62.107452303171158" lon="-6.99785809032619">
 <ele>245.84999999999999</ele>
 <time>2020-07-15T13:25:54Z</time>
 </trkpt>
 <trkpt lat="62.107435539364815" lon="-6.998052215203643">
 <ele>245.41999999999999</ele>
 <time>2020-07-15T13:26:00Z</time>
 </trkpt>
 <trkpt lat="62.107452051714063" lon="-6.998261008411646">
 <ele>244.65000000000001</ele>
 <time>2020-07-15T13:26:08Z</time>
 </trkpt>
 <trkpt lat="62.10747392848134" lon="-6.998446583747864">
 <ele>244.72</ele>
 <time>2020-07-15T13:27:32Z</time>
 </trkpt>
 <trkpt lat="62.107505025342107" lon="-6.998650683090091">
 <ele>243.83000000000001</ele>
 <time>2020-07-15T13:27:41Z</time>
 </trkpt>
 <trkpt lat="62.107517262920737" lon="-6.998880933970213">
 <ele>242.21000000000001</ele>
 <time>2020-07-15T13:27:48Z</time>
 </trkpt>
 <trkpt lat="62.107549533247948" lon="-6.999076316133142">
 <ele>241.55000000000001</ele>
 <time>2020-07-15T13:27:55Z</time>
 </trkpt>
 <trkpt lat="62.107619941234589" lon="-6.999225933104754">
 <ele>239.97</ele>
 <time>2020-07-15T13:28:04Z</time>
 </trkpt>
 <trkpt lat="62.107684733346105" lon="-6.999398684129119">
 <ele>237.86000000000001</ele>
 <time>2020-07-15T13:28:14Z</time>
 </trkpt>
 <trkpt lat="62.10774608887732" lon="-6.999568920582533">
 <ele>235.91999999999999</ele>
 <time>2020-07-15T13:28:23Z</time>
 </trkpt>
 <trkpt lat="62.107778694480658" lon="-6.999753741547465">
 <ele>234.27000000000001</ele>
 <time>2020-07-15T13:28:31Z</time>
 </trkpt>
 <trkpt lat="62.107795290648937" lon="-6.999949039891362">
 <ele>233.66999999999999</ele>
 <time>2020-07-15T13:28:38Z</time>
 </trkpt>
 <trkpt lat="62.107802163809538" lon="-7.000142158940435">
 <ele>233.28</ele>
 <time>2020-07-15T13:28:46Z</time>
 </trkpt>
 <trkpt lat="62.107794871553779" lon="-7.000364447012544">
 <ele>232.91999999999999</ele>
 <time>2020-07-15T13:28:56Z</time>
 </trkpt>
 <trkpt lat="62.10777785629034" lon="-7.00059050694108">
 <ele>232.21000000000001</ele>
 <time>2020-07-15T13:29:03Z</time>
 </trkpt>
 <trkpt lat="62.107747346162796" lon="-7.000769125297666">
 <ele>231.75999999999999</ele>
 <time>2020-07-15T13:29:11Z</time>
 </trkpt>
 <trkpt lat="62.107713986188173" lon="-7.000977583229542">
 <ele>230.88</ele>
 <time>2020-07-15T13:29:18Z</time>
 </trkpt>
 <trkpt lat="62.107692528516054" lon="-7.001177072525024">
 <ele>230.08000000000001</ele>
 <time>2020-07-15T13:29:26Z</time>
 </trkpt>
 <trkpt lat="62.107725637033582" lon="-7.001365665346384">
 <ele>229.81999999999999</ele>
 <time>2020-07-15T13:29:33Z</time>
 </trkpt>
 <trkpt lat="62.107712728902698" lon="-7.001573368906975">
 <ele>229.27000000000001</ele>
 <time>2020-07-15T13:29:40Z</time>
 </trkpt>
 <trkpt lat="62.107700575143099" lon="-7.001774534583092">
 <ele>227.87</ele>
 <time>2020-07-15T13:29:48Z</time>
 </trkpt>
 <trkpt lat="62.107706191018224" lon="-7.00196354649961">
 <ele>226.97</ele>
 <time>2020-07-15T13:30:00Z</time>
 </trkpt>
 <trkpt lat="62.107728822156787" lon="-7.002168400213122">
 <ele>224.84</ele>
 <time>2020-07-15T13:30:09Z</time>
 </trkpt>
 <trkpt lat="62.107745837420225" lon="-7.002362441271544">
 <ele>224.83000000000001</ele>
 <time>2020-07-15T13:30:18Z</time>
 </trkpt>
 <trkpt lat="62.107741897925735" lon="-7.002581460401416">
 <ele>224.69999999999999</ele>
 <time>2020-07-15T13:30:27Z</time>
 </trkpt>
 <trkpt lat="62.107744580134749" lon="-7.002791175618768">
 <ele>224.22999999999999</ele>
 <time>2020-07-15T13:30:34Z</time>
 </trkpt>
 <trkpt lat="62.107752878218889" lon="-7.00302679091692">
 <ele>224.27000000000001</ele>
 <time>2020-07-15T13:30:43Z</time>
 </trkpt>
 <trkpt lat="62.107745837420225" lon="-7.003234745934606">
 <ele>224.02000000000001</ele>
 <time>2020-07-15T13:30:52Z</time>
 </trkpt>
 <trkpt lat="62.107744496315718" lon="-7.003426440060139">
 <ele>222.16999999999999</ele>
 <time>2020-07-15T13:31:08Z</time>
 </trkpt>
 <trkpt lat="62.107725888490677" lon="-7.003633556887507">
 <ele>222.47999999999999</ele>
 <time>2020-07-15T13:31:19Z</time>
 </trkpt>
 <trkpt lat="62.10770845413208" lon="-7.003870848566294">
 <ele>220.94</ele>
 <time>2020-07-15T13:31:28Z</time>
 </trkpt>
 <trkpt lat="62.107664281502366" lon="-7.004084168002009">
 <ele>220.88</ele>
 <time>2020-07-15T13:31:36Z</time>
 </trkpt>
 <trkpt lat="62.107619270682335" lon="-7.004296397790313">
 <ele>220.53</ele>
 <time>2020-07-15T13:31:44Z</time>
 </trkpt>
 <trkpt lat="62.107609463855624" lon="-7.004504771903157">
 <ele>220.19</ele>
 <time>2020-07-15T13:31:51Z</time>
 </trkpt>
 <trkpt lat="62.107627233490348" lon="-7.004736615344882">
 <ele>219.83000000000001</ele>
 <time>2020-07-15T13:31:59Z</time>
 </trkpt>
 <trkpt lat="62.107638297602534" lon="-7.004950270056725">
 <ele>219.69999999999999</ele>
 <time>2020-07-15T13:32:07Z</time>
 </trkpt>
 <trkpt lat="62.107646847143769" lon="-7.005143892019987">
 <ele>218.13999999999999</ele>
 <time>2020-07-15T13:32:19Z</time>
 </trkpt>
 <trkpt lat="62.107632514089346" lon="-7.005412112921476">
 <ele>217.40000000000001</ele>
 <time>2020-07-15T13:32:31Z</time>
 </trkpt>
 <trkpt lat="62.107605691999197" lon="-7.005632724612951">
 <ele>216.88</ele>
 <time>2020-07-15T13:32:39Z</time>
 </trkpt>
 <trkpt lat="62.107578786090016" lon="-7.005853587761521">
 <ele>215.47999999999999</ele>
 <time>2020-07-15T13:32:48Z</time>
 </trkpt>
 <trkpt lat="62.10755405947566" lon="-7.006070846691728">
 <ele>213.72</ele>
 <time>2020-07-15T13:32:57Z</time>
 </trkpt>
 <trkpt lat="62.1075330208987" lon="-7.006276119500399">
 <ele>212.31999999999999</ele>
 <time>2020-07-15T13:33:06Z</time>
 </trkpt>
 <trkpt lat="62.107514915987849" lon="-7.006485499441624">
 <ele>209.91</ele>
 <time>2020-07-15T13:33:25Z</time>
 </trkpt>
 <trkpt lat="62.107477365061641" lon="-7.006645174697042">
 <ele>207.74000000000001</ele>
 <time>2020-07-15T13:33:40Z</time>
 </trkpt>
 <trkpt lat="62.107413914054632" lon="-7.006824966520071">
 <ele>205.38</ele>
 <time>2020-07-15T13:34:00Z</time>
 </trkpt>
 <trkpt lat="62.107378207147121" lon="-7.007065359503031">
 <ele>205.02000000000001</ele>
 <time>2020-07-15T13:34:20Z</time>
 </trkpt>
 <trkpt lat="62.10735616274178" lon="-7.007298460230231">
 <ele>205.72</ele>
 <time>2020-07-15T13:34:30Z</time>
 </trkpt>
 <trkpt lat="62.107322299852967" lon="-7.007502391934395">
 <ele>206.68000000000001</ele>
 <time>2020-07-15T13:34:39Z</time>
 </trkpt>
 <trkpt lat="62.107282821089029" lon="-7.007700875401497">
 <ele>206.99000000000001</ele>
 <time>2020-07-15T13:34:50Z</time>
 </trkpt>
 <trkpt lat="62.107225405052304" lon="-7.007889552041888">
 <ele>208.16</ele>
 <time>2020-07-15T13:35:02Z</time>
 </trkpt>
 <trkpt lat="62.107188021764159" lon="-7.008120138198137">
 <ele>209.19</ele>
 <time>2020-07-15T13:35:16Z</time>
 </trkpt>
 <trkpt lat="62.107115602120757" lon="-7.008321639150381">
 <ele>209.84</ele>
 <time>2020-07-15T13:35:27Z</time>
 </trkpt>
 <trkpt lat="62.107064304873347" lon="-7.008502017706633">
 <ele>209.41</ele>
 <time>2020-07-15T13:35:34Z</time>
 </trkpt>
 <trkpt lat="62.107012588530779" lon="-7.008701171725988">
 <ele>209.68000000000001</ele>
 <time>2020-07-15T13:35:42Z</time>
 </trkpt>
 <trkpt lat="62.106964141130447" lon="-7.008897894993424">
 <ele>209.94999999999999</ele>
 <time>2020-07-15T13:35:51Z</time>
 </trkpt>
 <trkpt lat="62.106888704001904" lon="-7.008951539173722">
 <ele>209.74000000000001</ele>
 <time>2020-07-15T13:36:32Z</time>
 </trkpt>
 <trkpt lat="62.106885183602571" lon="-7.009043069556356">
 <ele>209.75999999999999</ele>
 <time>2020-07-15T13:37:07Z</time>
 </trkpt>
 <trkpt lat="62.106878561899066" lon="-7.009076764807105">
 <ele>210.25</ele>
 <time>2020-07-15T13:37:39Z</time>
 </trkpt>
 <trkpt lat="62.106900103390217" lon="-7.009256724268198">
 <ele>210.59</ele>
 <time>2020-07-15T13:37:48Z</time>
 </trkpt>
 <trkpt lat="62.106885854154825" lon="-7.009453782811761">
 <ele>211.38999999999999</ele>
 <time>2020-07-15T13:37:57Z</time>
 </trkpt>
 <trkpt lat="62.106864480301738" lon="-7.009668862447143">
 <ele>212.27000000000001</ele>
 <time>2020-07-15T13:38:07Z</time>
 </trkpt>
 <trkpt lat="62.106890883296728" lon="-7.009869273751974">
 <ele>213.93000000000001</ele>
 <time>2020-07-15T13:38:20Z</time>
 </trkpt>
 <trkpt lat="62.106891218572855" lon="-7.010076055303216">
 <ele>213.93000000000001</ele>
 <time>2020-07-15T13:38:31Z</time>
 </trkpt>
 <trkpt lat="62.106904126703739" lon="-7.010285267606378">
 <ele>213.97999999999999</ele>
 <time>2020-07-15T13:38:49Z</time>
 </trkpt>
 <trkpt lat="62.106918711215258" lon="-7.010478973388672">
 <ele>214.87</ele>
 <time>2020-07-15T13:39:11Z</time>
 </trkpt>
 <trkpt lat="62.106921141967177" lon="-7.01067678630352">
 <ele>216.68000000000001</ele>
 <time>2020-07-15T13:39:24Z</time>
 </trkpt>
 <trkpt lat="62.106892224401236" lon="-7.010910054668784">
 <ele>216.63</ele>
 <time>2020-07-15T13:39:38Z</time>
 </trkpt>
 <trkpt lat="62.106856685131788" lon="-7.011133348569274">
 <ele>216.50999999999999</ele>
 <time>2020-07-15T13:39:50Z</time>
 </trkpt>
 <trkpt lat="62.106785019859672" lon="-7.011257233098149">
 <ele>215.75</ele>
 <time>2020-07-15T13:39:57Z</time>
 </trkpt>
 <trkpt lat="62.106713689863682" lon="-7.01140190474689">
 <ele>215.30000000000001</ele>
 <time>2020-07-15T13:40:04Z</time>
 </trkpt>
 <trkpt lat="62.106668679043651" lon="-7.011572308838368">
 <ele>214.94</ele>
 <time>2020-07-15T13:40:11Z</time>
 </trkpt>
 <trkpt lat="62.106622327119112" lon="-7.011745059862733">
 <ele>214.36000000000001</ele>
 <time>2020-07-15T13:40:19Z</time>
 </trkpt>
 <trkpt lat="62.106563486158848" lon="-7.011925857514143">
 <ele>213.06999999999999</ele>
 <time>2020-07-15T13:40:29Z</time>
 </trkpt>
 <trkpt lat="62.106495844200253" lon="-7.012100201100111">
 <ele>211.25999999999999</ele>
 <time>2020-07-15T13:40:38Z</time>
 </trkpt>
 <trkpt lat="62.106439517810941" lon="-7.012281082570553">
 <ele>210.30000000000001</ele>
 <time>2020-07-15T13:40:47Z</time>
 </trkpt>
 <trkpt lat="62.106390818953514" lon="-7.012470178306103">
 <ele>209.21000000000001</ele>
 <time>2020-07-15T13:40:56Z</time>
 </trkpt>
 <trkpt lat="62.106328876689076" lon="-7.012632368132472">
 <ele>208.96000000000001</ele>
 <time>2020-07-15T13:41:04Z</time>
 </trkpt>
 <trkpt lat="62.106274394318461" lon="-7.012825319543481">
 <ele>208.22</ele>
 <time>2020-07-15T13:41:12Z</time>
 </trkpt>
 <trkpt lat="62.106242207810283" lon="-7.013028664514422">
 <ele>208.46000000000001</ele>
 <time>2020-07-15T13:41:24Z</time>
 </trkpt>
 <trkpt lat="62.106180265545845" lon="-7.013214826583862">
 <ele>209.84</ele>
 <time>2020-07-15T13:41:35Z</time>
 </trkpt>
 <trkpt lat="62.106118574738503" lon="-7.013427810743451">
 <ele>210.41</ele>
 <time>2020-07-15T13:41:45Z</time>
 </trkpt>
 <trkpt lat="62.106060404330492" lon="-7.013646410778165">
 <ele>209.75999999999999</ele>
 <time>2020-07-15T13:42:00Z</time>
 </trkpt>
 <trkpt lat="62.106028385460377" lon="-7.013845816254616">
 <ele>209.63</ele>
 <time>2020-07-15T13:42:11Z</time>
 </trkpt>
 <trkpt lat="62.105973567813635" lon="-7.014050167053938">
 <ele>209.16</ele>
 <time>2020-07-15T13:42:21Z</time>
 </trkpt>
 <trkpt lat="62.105919755995274" lon="-7.014233898371458">
 <ele>209.11000000000001</ele>
 <time>2020-07-15T13:42:29Z</time>
 </trkpt>
 <trkpt lat="62.105842893943191" lon="-7.014372870326042">
 <ele>208.63</ele>
 <time>2020-07-15T13:42:37Z</time>
 </trkpt>
 <trkpt lat="62.105756560340524" lon="-7.014459120109677">
 <ele>209.25999999999999</ele>
 <time>2020-07-15T13:42:45Z</time>
 </trkpt>
 <trkpt lat="62.105701239779592" lon="-7.014646455645561">
 <ele>208.18000000000001</ele>
 <time>2020-07-15T13:42:53Z</time>
 </trkpt>
 <trkpt lat="62.105641895905137" lon="-7.014827001839876">
 <ele>208.88</ele>
 <time>2020-07-15T13:43:01Z</time>
 </trkpt>
 <trkpt lat="62.105582552030683" lon="-7.014997657388449">
 <ele>208.31999999999999</ele>
 <time>2020-07-15T13:43:10Z</time>
 </trkpt>
 <trkpt lat="62.105502672493458" lon="-7.01512522995472">
 <ele>208.93000000000001</ele>
 <time>2020-07-15T13:43:19Z</time>
 </trkpt>
 <trkpt lat="62.105448944494128" lon="-7.015339639037848">
 <ele>210.33000000000001</ele>
 <time>2020-07-15T13:43:31Z</time>
 </trkpt>
 <trkpt lat="62.10544559173286" lon="-7.015442233532667">
 <ele>211.34999999999999</ele>
 <time>2020-07-15T13:44:48Z</time>
 </trkpt>
 <trkpt lat="62.105411728844047" lon="-7.015527142211795">
 <ele>211.03</ele>
 <time>2020-07-15T13:45:37Z</time>
 </trkpt>
 <trkpt lat="62.105376357212663" lon="-7.015716237947345">
 <ele>211.34999999999999</ele>
 <time>2020-07-15T13:45:45Z</time>
 </trkpt>
 <trkpt lat="62.105329167097807" lon="-7.015892593190074">
 <ele>211.24000000000001</ele>
 <time>2020-07-15T13:45:52Z</time>
 </trkpt>
 <trkpt lat="62.105294214561582" lon="-7.016073893755674">
 <ele>212.16</ele>
 <time>2020-07-15T13:46:00Z</time>
 </trkpt>
 <trkpt lat="62.105273175984621" lon="-7.016278496012092">
 <ele>212.75</ele>
 <time>2020-07-15T13:46:08Z</time>
 </trkpt>
 <trkpt lat="62.105282228440046" lon="-7.016493659466505">
 <ele>214.66</ele>
 <time>2020-07-15T13:46:42Z</time>
 </trkpt>
 <trkpt lat="62.105293460190296" lon="-7.016706140711904">
 <ele>215.63</ele>
 <time>2020-07-15T13:46:52Z</time>
 </trkpt>
 <trkpt lat="62.105300584807992" lon="-7.01691560447216">
 <ele>216.11000000000001</ele>
 <time>2020-07-15T13:47:03Z</time>
 </trkpt>
 <trkpt lat="62.105302177369595" lon="-7.017111573368311">
 <ele>216.91</ele>
 <time>2020-07-15T13:47:13Z</time>
 </trkpt>
 <trkpt lat="62.105309888720512" lon="-7.017335286363959">
 <ele>216.87</ele>
 <time>2020-07-15T13:47:24Z</time>
 </trkpt>
 <trkpt lat="62.105345176532865" lon="-7.017522286623716">
 <ele>218.03999999999999</ele>
 <time>2020-07-15T13:47:34Z</time>
 </trkpt>
 <trkpt lat="62.105387756600976" lon="-7.017702497541904">
 <ele>220.61000000000001</ele>
 <time>2020-07-15T13:47:47Z</time>
 </trkpt>
 <trkpt lat="62.105386666953564" lon="-7.017931155860424">
 <ele>222.69999999999999</ele>
 <time>2020-07-15T13:48:00Z</time>
 </trkpt>
 <trkpt lat="62.10537375882268" lon="-7.018180433660746">
 <ele>224.03999999999999</ele>
 <time>2020-07-15T13:48:11Z</time>
 </trkpt>
 <trkpt lat="62.105379039421678" lon="-7.018408924341202">
 <ele>225.78</ele>
 <time>2020-07-15T13:48:23Z</time>
 </trkpt>
 <trkpt lat="62.105408040806651" lon="-7.018624087795615">
 <ele>226.88</ele>
 <time>2020-07-15T13:48:37Z</time>
 </trkpt>
 <trkpt lat="62.105412483215332" lon="-7.018917538225651">
 <ele>229.34999999999999</ele>
 <time>2020-07-15T13:48:52Z</time>
 </trkpt>
 <trkpt lat="62.105381973087788" lon="-7.019119122996926">
 <ele>230.72999999999999</ele>
 <time>2020-07-15T13:49:04Z</time>
 </trkpt>
 <trkpt lat="62.105394713580608" lon="-7.0193225517869">
 <ele>231.88</ele>
 <time>2020-07-15T13:49:17Z</time>
 </trkpt>
 <trkpt lat="62.105363281443715" lon="-7.019584989175201">
 <ele>235.06999999999999</ele>
 <time>2020-07-15T13:49:32Z</time>
 </trkpt>
 <trkpt lat="62.105356743559241" lon="-7.019827393814921">
 <ele>237.63999999999999</ele>
 <time>2020-07-15T13:49:48Z</time>
 </trkpt>
 <trkpt lat="62.105426816269755" lon="-7.020013052970171">
 <ele>237.91999999999999</ele>
 <time>2020-07-15T13:50:03Z</time>
 </trkpt>
 <trkpt lat="62.105500912293792" lon="-7.020143559202552">
 <ele>240.77000000000001</ele>
 <time>2020-07-15T13:50:16Z</time>
 </trkpt>
 <trkpt lat="62.105554807931185" lon="-7.020333996042609">
 <ele>241.15000000000001</ele>
 <time>2020-07-15T13:50:27Z</time>
 </trkpt>
 <trkpt lat="62.105600824579597" lon="-7.020544549450278">
 <ele>242.13999999999999</ele>
 <time>2020-07-15T13:50:37Z</time>
 </trkpt>
 <trkpt lat="62.105627730488777" lon="-7.020765747874975">
 <ele>242.47999999999999</ele>
 <time>2020-07-15T13:50:46Z</time>
 </trkpt>
 <trkpt lat="62.105689672753215" lon="-7.020928105339408">
 <ele>242.27000000000001</ele>
 <time>2020-07-15T13:50:55Z</time>
 </trkpt>
 <trkpt lat="62.105735773220658" lon="-7.021089373156428">
 <ele>241.58000000000001</ele>
 <time>2020-07-15T13:51:06Z</time>
 </trkpt>
 <trkpt lat="62.105825794860721" lon="-7.021237649023533">
 <ele>239.99000000000001</ele>
 <time>2020-07-15T13:51:20Z</time>
 </trkpt>
 <trkpt lat="62.105895280838013" lon="-7.021409897133708">
 <ele>240.24000000000001</ele>
 <time>2020-07-15T13:51:28Z</time>
 </trkpt>
 <trkpt lat="62.105972813442349" lon="-7.021569991484284">
 <ele>240.06</ele>
 <time>2020-07-15T13:51:36Z</time>
 </trkpt>
 <trkpt lat="62.106053195893764" lon="-7.021731259301305">
 <ele>240.27000000000001</ele>
 <time>2020-07-15T13:51:44Z</time>
 </trkpt>
 <trkpt lat="62.106117401272058" lon="-7.021900657564402">
 <ele>238.96000000000001</ele>
 <time>2020-07-15T13:51:52Z</time>
 </trkpt>
 <trkpt lat="62.10616098716855" lon="-7.022088663652539">
 <ele>238.46000000000001</ele>
 <time>2020-07-15T13:52:00Z</time>
 </trkpt>
 <trkpt lat="62.106247656047344" lon="-7.022223193198443">
 <ele>237.25</ele>
 <time>2020-07-15T13:52:09Z</time>
 </trkpt>
 <trkpt lat="62.106330888345838" lon="-7.022328888997436">
 <ele>236.18000000000001</ele>
 <time>2020-07-15T13:52:18Z</time>
 </trkpt>
 <trkpt lat="62.106400039047003" lon="-7.022500298917294">
 <ele>236.28999999999999</ele>
 <time>2020-07-15T13:52:52Z</time>
 </trkpt>
 <trkpt lat="62.106460891664028" lon="-7.022667014971376">
 <ele>235.36000000000001</ele>
 <time>2020-07-15T13:54:15Z</time>
 </trkpt>
 <trkpt lat="62.106543872505426" lon="-7.022750247269869">
 <ele>234.41</ele>
 <time>2020-07-15T13:54:24Z</time>
 </trkpt>
 <trkpt lat="62.106633391231298" lon="-7.022846136242151">
 <ele>233.36000000000001</ele>
 <time>2020-07-15T13:54:33Z</time>
 </trkpt>
 <trkpt lat="62.106719641014934" lon="-7.022940600290895">
 <ele>231.88</ele>
 <time>2020-07-15T13:54:42Z</time>
 </trkpt>
 <trkpt lat="62.106775799766183" lon="-7.023097844794393">
 <ele>230.61000000000001</ele>
 <time>2020-07-15T13:54:56Z</time>
 </trkpt>
 <trkpt lat="62.106865989044309" lon="-7.023111926391721">
 <ele>230.56</ele>
 <time>2020-07-15T13:55:05Z</time>
 </trkpt>
 <trkpt lat="62.106930445879698" lon="-7.023246120661497">
 <ele>228.78</ele>
 <time>2020-07-15T13:55:17Z</time>
 </trkpt>
 <trkpt lat="62.106959195807576" lon="-7.023441335186362">
 <ele>226.96000000000001</ele>
 <time>2020-07-15T13:55:26Z</time>
 </trkpt>
 <trkpt lat="62.106945114210248" lon="-7.023642417043448">
 <ele>225.34</ele>
 <time>2020-07-15T13:55:36Z</time>
 </trkpt>
 <trkpt lat="62.107007978484035" lon="-7.023787507787347">
 <ele>223.75999999999999</ele>
 <time>2020-07-15T13:55:45Z</time>
 </trkpt>
 <trkpt lat="62.107076877728105" lon="-7.02392103150487">
 <ele>222.81999999999999</ele>
 <time>2020-07-15T13:55:53Z</time>
 </trkpt>
 <trkpt lat="62.107150638476014" lon="-7.024050364270806">
 <ele>221.97</ele>
 <time>2020-07-15T13:56:03Z</time>
 </trkpt>
 <trkpt lat="62.10721492767334" lon="-7.024175422266126">
 <ele>220.72999999999999</ele>
 <time>2020-07-15T13:56:21Z</time>
 </trkpt>
 <trkpt lat="62.107254238799214" lon="-7.024282040074468">
 <ele>219.78</ele>
 <time>2020-07-15T13:56:58Z</time>
 </trkpt>
 <trkpt lat="62.107362532988191" lon="-7.024345071986318">
 <ele>217.68000000000001</ele>
 <time>2020-07-15T13:57:15Z</time>
 </trkpt>
 <trkpt lat="62.10745926015079" lon="-7.024383880198002">
 <ele>216.31</ele>
 <time>2020-07-15T13:57:23Z</time>
 </trkpt>
 <trkpt lat="62.10753888823092" lon="-7.0244893245399">
 <ele>214.5</ele>
 <time>2020-07-15T13:57:33Z</time>
 </trkpt>
 <trkpt lat="62.107636537402868" lon="-7.024565096944571">
 <ele>212</ele>
 <time>2020-07-15T13:57:45Z</time>
 </trkpt>
 <trkpt lat="62.107710298150778" lon="-7.024655621498823">
 <ele>209.55000000000001</ele>
 <time>2020-07-15T13:58:10Z</time>
 </trkpt>
 <trkpt lat="62.107758494094014" lon="-7.024829043075442">
 <ele>208.90000000000001</ele>
 <time>2020-07-15T13:58:24Z</time>
 </trkpt>
 <trkpt lat="62.107751369476318" lon="-7.025025514885783">
 <ele>207.59</ele>
 <time>2020-07-15T13:58:34Z</time>
 </trkpt>
 <trkpt lat="62.107727648690343" lon="-7.025212263688445">
 <ele>205.96000000000001</ele>
 <time>2020-07-15T13:58:43Z</time>
 </trkpt>
 <trkpt lat="62.107699820771813" lon="-7.025433294475079">
 <ele>204.08000000000001</ele>
 <time>2020-07-15T13:58:54Z</time>
 </trkpt>
 <trkpt lat="62.107753716409206" lon="-7.025560028851032">
 <ele>203.27000000000001</ele>
 <time>2020-07-15T13:59:03Z</time>
 </trkpt>
 <trkpt lat="62.107838876545429" lon="-7.025638064369559">
 <ele>202.61000000000001</ele>
 <time>2020-07-15T13:59:15Z</time>
 </trkpt>
 <trkpt lat="62.10793518461287" lon="-7.025718195363879">
 <ele>201.24000000000001</ele>
 <time>2020-07-15T13:59:23Z</time>
 </trkpt>
 <trkpt lat="62.108035515993834" lon="-7.025770582258701">
 <ele>200.28999999999999</ele>
 <time>2020-07-15T13:59:33Z</time>
 </trkpt>
 <trkpt lat="62.108124867081642" lon="-7.025813413783908">
 <ele>198.88999999999999</ele>
 <time>2020-07-15T13:59:41Z</time>
 </trkpt>
 <trkpt lat="62.108215810731053" lon="-7.025882061570883">
 <ele>197.78</ele>
 <time>2020-07-15T13:59:49Z</time>
 </trkpt>
 <trkpt lat="62.108288314193487" lon="-7.026008209213615">
 <ele>197.06</ele>
 <time>2020-07-15T13:59:57Z</time>
 </trkpt>
 <trkpt lat="62.108354615047574" lon="-7.026136200875044">
 <ele>195.91999999999999</ele>
 <time>2020-07-15T14:00:05Z</time>
 </trkpt>
 <trkpt lat="62.108446983620524" lon="-7.026248602196574">
 <ele>194.37</ele>
 <time>2020-07-15T14:00:13Z</time>
 </trkpt>
 <trkpt lat="62.108514457941055" lon="-7.026388328522444">
 <ele>192.71000000000001</ele>
 <time>2020-07-15T14:00:21Z</time>
 </trkpt>
 <trkpt lat="62.108592996373773" lon="-7.026516404002905">
 <ele>191.59</ele>
 <time>2020-07-15T14:00:31Z</time>
 </trkpt>
 <trkpt lat="62.108672792091966" lon="-7.026598211377859">
 <ele>190.31999999999999</ele>
 <time>2020-07-15T14:00:41Z</time>
 </trkpt>
 <trkpt lat="62.108747391030192" lon="-7.026736009865999">
 <ele>189.43000000000001</ele>
 <time>2020-07-15T14:00:51Z</time>
 </trkpt>
 <trkpt lat="62.108823666349053" lon="-7.026867689564824">
 <ele>187.86000000000001</ele>
 <time>2020-07-15T14:01:00Z</time>
 </trkpt>
 <trkpt lat="62.108910921961069" lon="-7.026949496939778">
 <ele>186.75</ele>
 <time>2020-07-15T14:01:08Z</time>
 </trkpt>
 <trkpt lat="62.109004883095622" lon="-7.027066424489021">
 <ele>185.88999999999999</ele>
 <time>2020-07-15T14:01:18Z</time>
 </trkpt>
 <trkpt lat="62.109102867543697" lon="-7.027158290147781">
 <ele>185.31999999999999</ele>
 <time>2020-07-15T14:01:28Z</time>
 </trkpt>
 <trkpt lat="62.109209569171071" lon="-7.027243366464973">
 <ele>184.40000000000001</ele>
 <time>2020-07-15T14:02:55Z</time>
 </trkpt>
 <trkpt lat="62.109249634668231" lon="-7.027303632348776">
 <ele>184.24000000000001</ele>
 <time>2020-07-15T14:03:07Z</time>
 </trkpt>
 <trkpt lat="62.10929305292666" lon="-7.027452662587166">
 <ele>183.63999999999999</ele>
 <time>2020-07-15T14:03:15Z</time>
 </trkpt>
 <trkpt lat="62.109357845038176" lon="-7.027586186304689">
 <ele>182.08000000000001</ele>
 <time>2020-07-15T14:03:26Z</time>
 </trkpt>
 <trkpt lat="62.10941132158041" lon="-7.027765307575464">
 <ele>180.71000000000001</ele>
 <time>2020-07-15T14:03:38Z</time>
 </trkpt>
 <trkpt lat="62.10946504957974" lon="-7.027951218187809">
 <ele>178.75999999999999</ele>
 <time>2020-07-15T14:03:49Z</time>
 </trkpt>
 <trkpt lat="62.109486171975732" lon="-7.028146767988801">
 <ele>178.34999999999999</ele>
 <time>2020-07-15T14:03:59Z</time>
 </trkpt>
 <trkpt lat="62.109536295756698" lon="-7.028334187343717">
 <ele>175.41999999999999</ele>
 <time>2020-07-15T14:04:15Z</time>
 </trkpt>
 <trkpt lat="62.109607206657529" lon="-7.028486570343375">
 <ele>172.59999999999999</ele>
 <time>2020-07-15T14:04:30Z</time>
 </trkpt>
 <trkpt lat="62.109672501683235" lon="-7.028675330802798">
 <ele>171.18000000000001</ele>
 <time>2020-07-15T14:04:44Z</time>
 </trkpt>
 <trkpt lat="62.109713656827807" lon="-7.028890075162053">
 <ele>169.52000000000001</ele>
 <time>2020-07-15T14:04:56Z</time>
 </trkpt>
 <trkpt lat="62.109777443110943" lon="-7.029050588607788">
 <ele>168.19999999999999</ele>
 <time>2020-07-15T14:05:07Z</time>
 </trkpt>
 <trkpt lat="62.109849946573377" lon="-7.029147399589419">
 <ele>167.38</ele>
 <time>2020-07-15T14:05:22Z</time>
 </trkpt>
 <trkpt lat="62.109923372045159" lon="-7.029339428991079">
 <ele>165.46000000000001</ele>
 <time>2020-07-15T14:05:35Z</time>
 </trkpt>
 <trkpt lat="62.109975507482886" lon="-7.029559873044491">
 <ele>164.02000000000001</ele>
 <time>2020-07-15T14:05:45Z</time>
 </trkpt>
 <trkpt lat="62.110056392848492" lon="-7.029672358185053">
 <ele>164.00999999999999</ele>
 <time>2020-07-15T14:05:54Z</time>
 </trkpt>
 <trkpt lat="62.110165106132627" lon="-7.029751734808087">
 <ele>163.52000000000001</ele>
 <time>2020-07-15T14:06:06Z</time>
 </trkpt>
 <trkpt lat="62.110246242955327" lon="-7.029857765883207">
 <ele>163.08000000000001</ele>
 <time>2020-07-15T14:06:22Z</time>
 </trkpt>
 <trkpt lat="62.110311537981033" lon="-7.030010316520929">
 <ele>161.86000000000001</ele>
 <time>2020-07-15T14:06:32Z</time>
 </trkpt>
 <trkpt lat="62.11038370616734" lon="-7.030139062553644">
 <ele>161.05000000000001</ele>
 <time>2020-07-15T14:06:40Z</time>
 </trkpt>
 <trkpt lat="62.110450426116586" lon="-7.030303431674838">
 <ele>158.31</ele>
 <time>2020-07-15T14:06:54Z</time>
 </trkpt>
 <trkpt lat="62.110521672293544" lon="-7.03046964481473">
 <ele>156.31</ele>
 <time>2020-07-15T14:07:09Z</time>
 </trkpt>
 <trkpt lat="62.110602557659149" lon="-7.030634265393019">
 <ele>153.31999999999999</ele>
 <time>2020-07-15T14:07:21Z</time>
 </trkpt>
 <trkpt lat="62.1106949262321" lon="-7.030738117173314">
 <ele>153.13</ele>
 <time>2020-07-15T14:07:32Z</time>
 </trkpt>
 <trkpt lat="62.110765501856804" lon="-7.030873065814376">
 <ele>150.83000000000001</ele>
 <time>2020-07-15T14:07:42Z</time>
 </trkpt>
 <trkpt lat="62.110858373343945" lon="-7.030961243435741">
 <ele>149.78999999999999</ele>
 <time>2020-07-15T14:07:53Z</time>
 </trkpt>
 <trkpt lat="62.110954010859132" lon="-7.031078338623047">
 <ele>149.72</ele>
 <time>2020-07-15T14:08:05Z</time>
 </trkpt>
 <trkpt lat="62.111051911488175" lon="-7.031227201223373">
 <ele>148.78</ele>
 <time>2020-07-15T14:08:20Z</time>
 </trkpt>
 <trkpt lat="62.111143441870809" lon="-7.031362736597657">
 <ele>148.5</ele>
 <time>2020-07-15T14:08:32Z</time>
 </trkpt>
 <trkpt lat="62.11123488843441" lon="-7.031480167061091">
 <ele>147.77000000000001</ele>
 <time>2020-07-15T14:08:42Z</time>
 </trkpt>
 <trkpt lat="62.111311750486493" lon="-7.031629700213671">
 <ele>147.13</ele>
 <time>2020-07-15T14:08:55Z</time>
 </trkpt>
 <trkpt lat="62.11137562058866" lon="-7.031791722401977">
 <ele>146.34</ele>
 <time>2020-07-15T14:09:09Z</time>
 </trkpt>
 <trkpt lat="62.111445358023047" lon="-7.031996240839362">
 <ele>144.63</ele>
 <time>2020-07-15T14:09:19Z</time>
 </trkpt>
 <trkpt lat="62.111509060487151" lon="-7.032188856974244">
 <ele>143.28</ele>
 <time>2020-07-15T14:09:28Z</time>
 </trkpt>
 <trkpt lat="62.111578043550253" lon="-7.032338893041015">
 <ele>141.87</ele>
 <time>2020-07-15T14:09:39Z</time>
 </trkpt>
 <trkpt lat="62.111648954451084" lon="-7.032505441457033">
 <ele>140.53</ele>
 <time>2020-07-15T14:09:50Z</time>
 </trkpt>
 <trkpt lat="62.111712237820029" lon="-7.032684646546841">
 <ele>139.63999999999999</ele>
 <time>2020-07-15T14:10:01Z</time>
 </trkpt>
 <trkpt lat="62.111793626099825" lon="-7.032875502482057">
 <ele>139.05000000000001</ele>
 <time>2020-07-15T14:10:12Z</time>
 </trkpt>
 <trkpt lat="62.111875768750906" lon="-7.033083876594901">
 <ele>135.81</ele>
 <time>2020-07-15T14:10:29Z</time>
 </trkpt>
 <trkpt lat="62.111918432638049" lon="-7.033255370333791">
 <ele>134.36000000000001</ele>
 <time>2020-07-15T14:10:38Z</time>
 </trkpt>
 <trkpt lat="62.112003089860082" lon="-7.033375147730112">
 <ele>132.47999999999999</ele>
 <time>2020-07-15T14:10:48Z</time>
 </trkpt>
 <trkpt lat="62.112073162570596" lon="-7.033502049744129">
 <ele>131.81</ele>
 <time>2020-07-15T14:10:57Z</time>
 </trkpt>
 <trkpt lat="62.112174835056067" lon="-7.033582935109735">
 <ele>131.50999999999999</ele>
 <time>2020-07-15T14:11:07Z</time>
 </trkpt>
 <trkpt lat="62.112257815897465" lon="-7.033667676150799">
 <ele>130.50999999999999</ele>
 <time>2020-07-15T14:11:18Z</time>
 </trkpt>
 <trkpt lat="62.112281620502472" lon="-7.033722242340446">
 <ele>130.06</ele>
 <time>2020-07-15T14:12:44Z</time>
 </trkpt>
 <trkpt lat="62.112350100651383" lon="-7.033811677247286">
 <ele>128.52000000000001</ele>
 <time>2020-07-15T14:13:09Z</time>
 </trkpt>
 <trkpt lat="62.112380946055055" lon="-7.034004125744104">
 <ele>125.51000000000001</ele>
 <time>2020-07-15T14:13:27Z</time>
 </trkpt>
 <trkpt lat="62.112379940226674" lon="-7.034208308905363">
 <ele>121.93000000000001</ele>
 <time>2020-07-15T14:13:43Z</time>
 </trkpt>
 <trkpt lat="62.112370636314154" lon="-7.034340156242251">
 <ele>121.48</ele>
 <time>2020-07-15T14:14:33Z</time>
 </trkpt>
 <trkpt lat="62.112308945506811" lon="-7.034391285851598">
 <ele>120.51000000000001</ele>
 <time>2020-07-15T14:15:08Z</time>
 </trkpt>
 <trkpt lat="62.112322356551886" lon="-7.034594295546413">
 <ele>117.75</ele>
 <time>2020-07-15T14:15:17Z</time>
 </trkpt>
 <trkpt lat="62.112368959933519" lon="-7.034788336604834">
 <ele>114.66</ele>
 <time>2020-07-15T14:15:26Z</time>
 </trkpt>
 <trkpt lat="62.112439116463065" lon="-7.034952370449901">
 <ele>112.86</ele>
 <time>2020-07-15T14:15:34Z</time>
 </trkpt>
 <trkpt lat="62.112382119521499" lon="-7.035037027671933">
 <ele>110.70999999999999</ele>
 <time>2020-07-15T14:15:41Z</time>
 </trkpt>
 <trkpt lat="62.112291427329183" lon="-7.035079691559076">
 <ele>109.15000000000001</ele>
 <time>2020-07-15T14:15:48Z</time>
 </trkpt>
 <trkpt lat="62.112194029614329" lon="-7.035078350454569">
 <ele>107</ele>
 <time>2020-07-15T14:15:56Z</time>
 </trkpt>
 <trkpt lat="62.11210266686976" lon="-7.035105172544718">
 <ele>105.15000000000001</ele>
 <time>2020-07-15T14:16:05Z</time>
 </trkpt>
 <trkpt lat="62.112048268318176" lon="-7.035287730395794">
 <ele>101.40000000000001</ele>
 <time>2020-07-15T14:16:13Z</time>
 </trkpt>
 <trkpt lat="62.111970568075776" lon="-7.035418068990111">
 <ele>98.620000000000005</ele>
 <time>2020-07-15T14:16:21Z</time>
 </trkpt>
 <trkpt lat="62.111910218372941" lon="-7.035568524152041">
 <ele>96.400000000000006</ele>
 <time>2020-07-15T14:16:29Z</time>
 </trkpt>
 <trkpt lat="62.111868979409337" lon="-7.035758793354034">
 <ele>94.689999999999998</ele>
 <time>2020-07-15T14:16:37Z</time>
 </trkpt>
 <trkpt lat="62.111818436533213" lon="-7.035923581570387">
 <ele>93.260000000000005</ele>
 <time>2020-07-15T14:16:44Z</time>
 </trkpt>
 <trkpt lat="62.111755907535553" lon="-7.03608887270093">
 <ele>90.409999999999997</ele>
 <time>2020-07-15T14:16:55Z</time>
 </trkpt>
 <trkpt lat="62.111663371324539" lon="-7.036211416125298">
 <ele>88.829999999999998</ele>
 <time>2020-07-15T14:17:03Z</time>
 </trkpt>
 <trkpt lat="62.111574020236731" lon="-7.036361200734973">
 <ele>87.840000000000003</ele>
 <time>2020-07-15T14:17:10Z</time>
 </trkpt>
 <trkpt lat="62.11150361225009" lon="-7.036503609269857">
 <ele>85.459999999999994</ele>
 <time>2020-07-15T14:17:18Z</time>
 </trkpt>
 <trkpt lat="62.111438484862447" lon="-7.03667669557035">
 <ele>82.700000000000003</ele>
 <time>2020-07-15T14:17:28Z</time>
 </trkpt>
 <trkpt lat="62.111367825418711" lon="-7.036814745515585">
 <ele>80.310000000000002</ele>
 <time>2020-07-15T14:17:37Z</time>
 </trkpt>
 <trkpt lat="62.111413758248091" lon="-7.036981210112572">
 <ele>77.879999999999995</ele>
 <time>2020-07-15T14:17:48Z</time>
 </trkpt>
 <trkpt lat="62.11150361225009" lon="-7.037130491808057">
 <ele>75.689999999999998</ele>
 <time>2020-07-15T14:17:59Z</time>
 </trkpt>
 <trkpt lat="62.111604111269116" lon="-7.037207018584013">
 <ele>74.450000000000003</ele>
 <time>2020-07-15T14:18:06Z</time>
 </trkpt>
 <trkpt lat="62.11170444265008" lon="-7.037280611693859">
 <ele>73.030000000000001</ele>
 <time>2020-07-15T14:18:20Z</time>
 </trkpt>
 <trkpt lat="62.111706286668777" lon="-7.037315396592021">
 <ele>70.700000000000003</ele>
 <time>2020-07-15T14:18:31Z</time>
 </trkpt>
 <trkpt lat="62.111604698002338" lon="-7.037326544523239">
 <ele>70.340000000000003</ele>
 <time>2020-07-15T14:18:39Z</time>
 </trkpt>
 <trkpt lat="62.111509395763278" lon="-7.037363341078162">
 <ele>69.219999999999999</ele>
 <time>2020-07-15T14:18:46Z</time>
 </trkpt>
 <trkpt lat="62.111410237848759" lon="-7.037402149289846">
 <ele>68</ele>
 <time>2020-07-15T14:18:54Z</time>
 </trkpt>
 <trkpt lat="62.111320719122887" lon="-7.037481609731913">
 <ele>66.849999999999994</ele>
 <time>2020-07-15T14:19:01Z</time>
 </trkpt>
 <trkpt lat="62.111243270337582" lon="-7.037587808445096">
 <ele>65.890000000000001</ele>
 <time>2020-07-15T14:19:13Z</time>
 </trkpt>
 <trkpt lat="62.111276211217046" lon="-7.037674644961953">
 <ele>65.420000000000002</ele>
 <time>2020-07-15T14:19:31Z</time>
 </trkpt>
 <trkpt lat="62.111363299190998" lon="-7.037757374346256">
 <ele>64.760000000000005</ele>
 <time>2020-07-15T14:19:37Z</time>
 </trkpt>
 <trkpt lat="62.111467067152262" lon="-7.037851000204682">
 <ele>63.719999999999999</ele>
 <time>2020-07-15T14:19:44Z</time>
 </trkpt>
 <trkpt lat="62.111562872305512" lon="-7.037931047379971">
 <ele>62.93</ele>
 <time>2020-07-15T14:19:50Z</time>
 </trkpt>
 <trkpt lat="62.111653732135892" lon="-7.038025679066777">
 <ele>62.020000000000003</ele>
 <time>2020-07-15T14:19:56Z</time>
 </trkpt>
 <trkpt lat="62.111744005233049" lon="-7.03811033628881">
 <ele>61.359999999999999</ele>
 <time>2020-07-15T14:20:03Z</time>
 </trkpt>
 <trkpt lat="62.111830338835716" lon="-7.038197927176952">
 <ele>60.520000000000003</ele>
 <time>2020-07-15T14:20:10Z</time>
 </trkpt>
 <trkpt lat="62.111911727115512" lon="-7.038294319063425">
 <ele>59.539999999999999</ele>
 <time>2020-07-15T14:20:16Z</time>
 </trkpt>
 <trkpt lat="62.11199814453721" lon="-7.038370342925191">
 <ele>58.289999999999999</ele>
 <time>2020-07-15T14:20:22Z</time>
 </trkpt>
 <trkpt lat="62.112094955518842" lon="-7.038455083966255">
 <ele>57.299999999999997</ele>
 <time>2020-07-15T14:20:29Z</time>
 </trkpt>
 <trkpt lat="62.112193191424012" lon="-7.038554158061743">
 <ele>56.219999999999999</ele>
 <time>2020-07-15T14:20:36Z</time>
 </trkpt>
 <trkpt lat="62.112291930243373" lon="-7.038636719807982">
 <ele>55.280000000000001</ele>
 <time>2020-07-15T14:20:43Z</time>
 </trkpt>
 <trkpt lat="62.112373067066073" lon="-7.038709810003638">
 <ele>54.670000000000002</ele>
 <time>2020-07-15T14:20:49Z</time>
 </trkpt>
 <trkpt lat="62.112465016543865" lon="-7.038773596286774">
 <ele>54.270000000000003</ele>
 <time>2020-07-15T14:20:56Z</time>
 </trkpt>
 <trkpt lat="62.112564677372575" lon="-7.03884769231081">
 <ele>52.57</ele>
 <time>2020-07-15T14:21:03Z</time>
 </trkpt>
 <trkpt lat="62.112655537202954" lon="-7.03892732039094">
 <ele>51.640000000000001</ele>
 <time>2020-07-15T14:21:10Z</time>
 </trkpt>
 <trkpt lat="62.112744133919477" lon="-7.039032261818647">
 <ele>51.100000000000001</ele>
 <time>2020-07-15T14:21:17Z</time>
 </trkpt>
 <trkpt lat="62.11283365264535" lon="-7.039119601249695">
 <ele>50.409999999999997</ele>
 <time>2020-07-15T14:21:24Z</time>
 </trkpt>
 <trkpt lat="62.112942365929484" lon="-7.039178023114801">
 <ele>49.579999999999998</ele>
 <time>2020-07-15T14:21:32Z</time>
 </trkpt>
 <trkpt lat="62.113037751987576" lon="-7.039231080561876">
 <ele>48.600000000000001</ele>
 <time>2020-07-15T14:21:39Z</time>
 </trkpt>
 <trkpt lat="62.113128108903766" lon="-7.039267541840673">
 <ele>47.469999999999999</ele>
 <time>2020-07-15T14:21:45Z</time>
 </trkpt>
 <trkpt lat="62.11323045194149" lon="-7.039296962320805">
 <ele>46.759999999999998</ele>
 <time>2020-07-15T14:21:52Z</time>
 </trkpt>
 <trkpt lat="62.113324161618948" lon="-7.039343230426312">
 <ele>45.600000000000001</ele>
 <time>2020-07-15T14:21:59Z</time>
 </trkpt>
 <trkpt lat="62.113429857417941" lon="-7.039392096921802">
 <ele>44.780000000000001</ele>
 <time>2020-07-15T14:22:31Z</time>
 </trkpt>
 <trkpt lat="62.113517615944147" lon="-7.039456302300096">
 <ele>44.100000000000001</ele>
 <time>2020-07-15T14:22:37Z</time>
 </trkpt>
 <trkpt lat="62.113614594563842" lon="-7.039532996714115">
 <ele>43.159999999999997</ele>
 <time>2020-07-15T14:22:43Z</time>
 </trkpt>
 <trkpt lat="62.113705789670348" lon="-7.039615642279387">
 <ele>42.350000000000001</ele>
 <time>2020-07-15T14:22:49Z</time>
 </trkpt>
 <trkpt lat="62.113789357244968" lon="-7.039685547351837">
 <ele>41.68</ele>
 <time>2020-07-15T14:22:55Z</time>
 </trkpt>
 <trkpt lat="62.11387493647635" lon="-7.039742292836309">
 <ele>40.950000000000003</ele>
 <time>2020-07-15T14:23:01Z</time>
 </trkpt>
 <trkpt lat="62.113957749679685" lon="-7.039808509871364">
 <ele>40.289999999999999</ele>
 <time>2020-07-15T14:23:08Z</time>
 </trkpt>
 <trkpt lat="62.114038383588195" lon="-7.039885874837637">
 <ele>39.609999999999999</ele>
 <time>2020-07-15T14:23:15Z</time>
 </trkpt>
 <trkpt lat="62.114127399399877" lon="-7.039961898699403">
 <ele>38.43</ele>
 <time>2020-07-15T14:23:22Z</time>
 </trkpt>
 <trkpt lat="62.114224126562476" lon="-7.040021745488048">
 <ele>37.829999999999998</ele>
 <time>2020-07-15T14:23:29Z</time>
 </trkpt>
 <trkpt lat="62.114314148202538" lon="-7.040091147646308">
 <ele>36.670000000000002</ele>
 <time>2020-07-15T14:23:36Z</time>
 </trkpt>
 <trkpt lat="62.114403750747442" lon="-7.040158119052649">
 <ele>35.68</ele>
 <time>2020-07-15T14:23:43Z</time>
 </trkpt>
 <trkpt lat="62.114494610577822" lon="-7.040233472362161">
 <ele>34.409999999999997</ele>
 <time>2020-07-15T14:23:51Z</time>
 </trkpt>
 <trkpt lat="62.114594606682658" lon="-7.040304886177182">
 <ele>33.280000000000001</ele>
 <time>2020-07-15T14:23:59Z</time>
 </trkpt>
 <trkpt lat="62.114694016054273" lon="-7.040385771542788">
 <ele>32.140000000000001</ele>
 <time>2020-07-15T14:24:07Z</time>
 </trkpt>
 <trkpt lat="62.114788228645921" lon="-7.04049532301724">
 <ele>31.140000000000001</ele>
 <time>2020-07-15T14:24:15Z</time>
 </trkpt>
 <trkpt lat="62.114868527278304" lon="-7.040647622197866">
 <ele>30.66</ele>
 <time>2020-07-15T14:24:23Z</time>
 </trkpt>
 <trkpt lat="62.114861737936735" lon="-7.040537986904383">
 <ele>29.510000000000002</ele>
 <time>2020-07-15T14:25:19Z</time>
 </trkpt>
 <trkpt lat="62.114833910018206" lon="-7.040706546977162">
 <ele>30.25</ele>
 <time>2020-07-15T14:25:50Z</time>
 </trkpt>
 <trkpt lat="62.114904737100005" lon="-7.040662709623575">
 <ele>29.809999999999999</ele>
 <time>2020-07-15T14:29:27Z</time>
 </trkpt>
 <trkpt lat="62.114837262779474" lon="-7.040541339665651">
 <ele>30.48</ele>
 <time>2020-07-15T14:30:04Z</time>
 </trkpt>
 <trkpt lat="62.114753946661949" lon="-7.040465902537108">
 <ele>31.440000000000001</ele>
 <time>2020-07-15T14:30:12Z</time>
 </trkpt>
 <trkpt lat="62.114648250862956" lon="-7.040378898382187">
 <ele>32.329999999999998</ele>
 <time>2020-07-15T14:30:20Z</time>
 </trkpt>
 <trkpt lat="62.114555547013879" lon="-7.040280159562826">
 <ele>33.590000000000003</ele>
 <time>2020-07-15T14:30:28Z</time>
 </trkpt>
 <trkpt lat="62.114454125985503" lon="-7.040216457098723">
 <ele>34.950000000000003</ele>
 <time>2020-07-15T14:30:36Z</time>
 </trkpt>
 <trkpt lat="62.11435480043292" lon="-7.040106235072017">
 <ele>35.619999999999997</ele>
 <time>2020-07-15T14:30:44Z</time>
 </trkpt>
 <trkpt lat="62.114251954481006" lon="-7.040000539273024">
 <ele>37.009999999999998</ele>
 <time>2020-07-15T14:30:52Z</time>
 </trkpt>
 <trkpt lat="62.114147264510393" lon="-7.039908673614264">
 <ele>37.649999999999999</ele>
 <time>2020-07-15T14:30:59Z</time>
 </trkpt>
 <trkpt lat="62.114045340567827" lon="-7.039826279506087">
 <ele>38.75</ele>
 <time>2020-07-15T14:31:07Z</time>
 </trkpt>
 <trkpt lat="62.113948948681355" lon="-7.03973550349474">
 <ele>39.829999999999998</ele>
 <time>2020-07-15T14:31:15Z</time>
 </trkpt>
 <trkpt lat="62.113847695291042" lon="-7.039654366672039">
 <ele>40.579999999999998</ele>
 <time>2020-07-15T14:31:22Z</time>
 </trkpt>
 <trkpt lat="62.113759266212583" lon="-7.039583036676049">
 <ele>41.280000000000001</ele>
 <time>2020-07-15T14:31:29Z</time>
 </trkpt>
 <trkpt lat="62.113653905689716" lon="-7.039494020864368">
 <ele>42.43</ele>
 <time>2020-07-15T14:31:37Z</time>
 </trkpt>
 <trkpt lat="62.113542007282376" lon="-7.039394862949848">
 <ele>43.640000000000001</ele>
 <time>2020-07-15T14:31:45Z</time>
 </trkpt>
 <trkpt lat="62.113444693386555" lon="-7.039325041696429">
 <ele>44.689999999999998</ele>
 <time>2020-07-15T14:31:52Z</time>
 </trkpt>
 <trkpt lat="62.113349558785558" lon="-7.039296627044678">
 <ele>45.75</ele>
 <time>2020-07-15T14:31:59Z</time>
 </trkpt>
 <trkpt lat="62.113249059766531" lon="-7.039270559325814">
 <ele>46.380000000000003</ele>
 <time>2020-07-15T14:32:07Z</time>
 </trkpt>
 <trkpt lat="62.113151829689741" lon="-7.039222028106451">
 <ele>47.509999999999998</ele>
 <time>2020-07-15T14:32:14Z</time>
 </trkpt>
 <trkpt lat="62.113054264336824" lon="-7.039152542129159">
 <ele>48.390000000000001</ele>
 <time>2020-07-15T14:32:21Z</time>
 </trkpt>
 <trkpt lat="62.112961811944842" lon="-7.039107531309128">
 <ele>48.93</ele>
 <time>2020-07-15T14:32:28Z</time>
 </trkpt>
 <trkpt lat="62.112863408401608" lon="-7.039046511054039">
 <ele>50.380000000000003</ele>
 <time>2020-07-15T14:32:36Z</time>
 </trkpt>
 <trkpt lat="62.112771878018975" lon="-7.038948442786932">
 <ele>50.82</ele>
 <time>2020-07-15T14:32:43Z</time>
 </trkpt>
 <trkpt lat="62.11267925798893" lon="-7.038864120841026">
 <ele>51.57</ele>
 <time>2020-07-15T14:32:49Z</time>
 </trkpt>
 <trkpt lat="62.112588230520487" lon="-7.038772758096457">
 <ele>52.140000000000001</ele>
 <time>2020-07-15T14:32:56Z</time>
 </trkpt>
 <trkpt lat="62.112489407882094" lon="-7.038716096431017">
 <ele>53.75</ele>
 <time>2020-07-15T14:33:04Z</time>
 </trkpt>
 <trkpt lat="62.112398464232683" lon="-7.038611406460404">
 <ele>54.43</ele>
 <time>2020-07-15T14:33:11Z</time>
 </trkpt>
 <trkpt lat="62.112294360995293" lon="-7.038563210517168">
 <ele>55.020000000000003</ele>
 <time>2020-07-15T14:33:18Z</time>
 </trkpt>
 <trkpt lat="62.112198052927852" lon="-7.038483247160912">
 <ele>56.240000000000002</ele>
 <time>2020-07-15T14:33:26Z</time>
 </trkpt>
 <trkpt lat="62.112100319936872" lon="-7.038383167237043">
 <ele>57.359999999999999</ele>
 <time>2020-07-15T14:33:34Z</time>
 </trkpt>
 <trkpt lat="62.112007616087794" lon="-7.038289541378617">
 <ele>58.75</ele>
 <time>2020-07-15T14:33:42Z</time>
 </trkpt>
 <trkpt lat="62.111913403496146" lon="-7.038191305473447">
 <ele>59.729999999999997</ele>
 <time>2020-07-15T14:33:50Z</time>
 </trkpt>
 <trkpt lat="62.111820532009006" lon="-7.038109330460429">
 <ele>60.869999999999997</ele>
 <time>2020-07-15T14:33:57Z</time>
 </trkpt>
 <trkpt lat="62.111729923635721" lon="-7.03801847063005">
 <ele>61.840000000000003</ele>
 <time>2020-07-15T14:34:04Z</time>
 </trkpt>
 <trkpt lat="62.111633867025375" lon="-7.03793054446578">
 <ele>62.560000000000002</ele>
 <time>2020-07-15T14:34:12Z</time>
 </trkpt>
 <trkpt lat="62.111544851213694" lon="-7.037844713777304">
 <ele>63.670000000000002</ele>
 <time>2020-07-15T14:34:19Z</time>
 </trkpt>
 <trkpt lat="62.111453907564282" lon="-7.037769947201014">
 <ele>64.590000000000003</ele>
 <time>2020-07-15T14:34:27Z</time>
 </trkpt>
 <trkpt lat="62.111357264220715" lon="-7.037694174796343">
 <ele>65.680000000000007</ele>
 <time>2020-07-15T14:34:35Z</time>
 </trkpt>
 <trkpt lat="62.111288281157613" lon="-7.037556292489171">
 <ele>67.140000000000001</ele>
 <time>2020-07-15T14:34:52Z</time>
 </trkpt>
 <trkpt lat="62.111325245350599" lon="-7.0374477468431">
 <ele>68.079999999999998</ele>
 <time>2020-07-15T14:35:34Z</time>
 </trkpt>
 <trkpt lat="62.111429767683148" lon="-7.037387983873487">
 <ele>69.75</ele>
 <time>2020-07-15T14:35:44Z</time>
 </trkpt>
 <trkpt lat="62.111529260873795" lon="-7.037378596141934">
 <ele>70.459999999999994</ele>
 <time>2020-07-15T14:35:50Z</time>
 </trkpt>
 <trkpt lat="62.111617270857096" lon="-7.037404496222735">
 <ele>71.480000000000004</ele>
 <time>2020-07-15T14:35:57Z</time>
 </trkpt>
 <trkpt lat="62.111760014668107" lon="-7.037251777946949">
 <ele>76.189999999999998</ele>
 <time>2020-07-15T14:36:46Z</time>
 </trkpt>
 <trkpt lat="62.11162825115025" lon="-7.037190590053797">
 <ele>76.280000000000001</ele>
 <time>2020-07-15T14:36:55Z</time>
 </trkpt>
 <trkpt lat="62.111533703282475" lon="-7.037069052457809">
 <ele>78.510000000000005</ele>
 <time>2020-07-15T14:37:05Z</time>
 </trkpt>
 <trkpt lat="62.11144401691854" lon="-7.036924967542291">
 <ele>80.290000000000006</ele>
 <time>2020-07-15T14:37:15Z</time>
 </trkpt>
 <trkpt lat="62.111438903957605" lon="-7.036771578714252">
 <ele>82.670000000000002</ele>
 <time>2020-07-15T14:37:25Z</time>
 </trkpt>
 <trkpt lat="62.111486680805683" lon="-7.036610897630453">
 <ele>85.180000000000007</ele>
 <time>2020-07-15T14:37:35Z</time>
 </trkpt>
 <trkpt lat="62.111554238945246" lon="-7.036460274830461">
 <ele>87.939999999999998</ele>
 <time>2020-07-15T14:37:50Z</time>
 </trkpt>
 <trkpt lat="62.111630765721202" lon="-7.036334965378046">
 <ele>90.379999999999995</ele>
 <time>2020-07-15T14:38:00Z</time>
 </trkpt>
 <trkpt lat="62.111700251698494" lon="-7.036224994808435">
 <ele>90.799999999999997</ele>
 <time>2020-07-15T14:38:07Z</time>
 </trkpt>
 <trkpt lat="62.111758086830378" lon="-7.036101026460528">
 <ele>92.469999999999999</ele>
 <time>2020-07-15T14:38:16Z</time>
 </trkpt>
 <trkpt lat="62.111840983852744" lon="-7.035973705351353">
 <ele>95.769999999999996</ele>
 <time>2020-07-15T14:38:53Z</time>
 </trkpt>
 <trkpt lat="62.111894292756915" lon="-7.035782681778073">
 <ele>97.200000000000003</ele>
 <time>2020-07-15T14:39:02Z</time>
 </trkpt>
 <trkpt lat="62.111956151202321" lon="-7.035604817792773">
 <ele>99.349999999999994</ele>
 <time>2020-07-15T14:39:12Z</time>
 </trkpt>
 <trkpt lat="62.112023876979947" lon="-7.035404071211815">
 <ele>101.86</ele>
 <time>2020-07-15T14:39:24Z</time>
 </trkpt>
 <trkpt lat="62.112084897235036" lon="-7.035280102863908">
 <ele>103.95</ele>
 <time>2020-07-15T14:39:34Z</time>
 </trkpt>
 <trkpt lat="62.112143905833364" lon="-7.035112213343382">
 <ele>107.23</ele>
 <time>2020-07-15T14:39:48Z</time>
 </trkpt>
 <trkpt lat="62.11223560385406" lon="-7.035088995471597">
 <ele>109.73999999999999</ele>
 <time>2020-07-15T14:39:59Z</time>
 </trkpt>
 <trkpt lat="62.112336941063404" lon="-7.035082541406155">
 <ele>112.3</ele>
 <time>2020-07-15T14:40:13Z</time>
 </trkpt>
 <trkpt lat="62.11242469958961" lon="-7.035026717931032">
 <ele>114.28</ele>
 <time>2020-07-15T14:40:22Z</time>
 </trkpt>
 <trkpt lat="62.112452108412981" lon="-7.034895960241556">
 <ele>116.37</ele>
 <time>2020-07-15T14:40:34Z</time>
 </trkpt>
 <trkpt lat="62.112390752881765" lon="-7.034728405997157">
 <ele>118.91</ele>
 <time>2020-07-15T14:40:46Z</time>
 </trkpt>
 <trkpt lat="62.11235043592751" lon="-7.03454626724124">
 <ele>122.43000000000001</ele>
 <time>2020-07-15T14:41:00Z</time>
 </trkpt>
 <trkpt lat="62.11237533017993" lon="-7.034384412690997">
 <ele>124.18000000000001</ele>
 <time>2020-07-15T14:41:13Z</time>
 </trkpt>
 <trkpt lat="62.112456047907472" lon="-7.034280728548765">
 <ele>126.14</ele>
 <time>2020-07-15T14:41:25Z</time>
 </trkpt>
 <trkpt lat="62.112431572750211" lon="-7.034279722720385">
 <ele>125.98999999999999</ele>
 <time>2020-07-15T14:42:15Z</time>
 </trkpt>
 <trkpt lat="62.112417658790946" lon="-7.034163800999522">
 <ele>128.38999999999999</ele>
 <time>2020-07-15T14:42:59Z</time>
 </trkpt>
 <trkpt lat="62.112405253574252" lon="-7.033962132409215">
 <ele>131.63</ele>
 <time>2020-07-15T14:43:14Z</time>
 </trkpt>
 <trkpt lat="62.112367199733853" lon="-7.033770438283682">
 <ele>134.28</ele>
 <time>2020-07-15T14:43:27Z</time>
 </trkpt>
 <trkpt lat="62.112264018505812" lon="-7.033661222085357">
 <ele>135.41</ele>
 <time>2020-07-15T14:43:38Z</time>
 </trkpt>
 <trkpt lat="62.112167794257402" lon="-7.033584527671337">
 <ele>136.30000000000001</ele>
 <time>2020-07-15T14:43:47Z</time>
 </trkpt>
 <trkpt lat="62.112074922770262" lon="-7.033492745831609">
 <ele>136.99000000000001</ele>
 <time>2020-07-15T14:43:55Z</time>
 </trkpt>
 <trkpt lat="62.112002922222018" lon="-7.033332232385874">
 <ele>138.25</ele>
 <time>2020-07-15T14:44:05Z</time>
 </trkpt>
 <trkpt lat="62.111934442073107" lon="-7.033180519938469">
 <ele>140.44999999999999</ele>
 <time>2020-07-15T14:44:17Z</time>
 </trkpt>
 <trkpt lat="62.111852047964931" lon="-7.033017156645656">
 <ele>142.83000000000001</ele>
 <time>2020-07-15T14:44:30Z</time>
 </trkpt>
 <trkpt lat="62.11175573989749" lon="-7.03286049887538">
 <ele>144.44</ele>
 <time>2020-07-15T14:44:43Z</time>
 </trkpt>
 <trkpt lat="62.111693881452084" lon="-7.032649358734489">
 <ele>145.16999999999999</ele>
 <time>2020-07-15T14:44:55Z</time>
 </trkpt>
 <trkpt lat="62.111625652760267" lon="-7.032418688759208">
 <ele>146.86000000000001</ele>
 <time>2020-07-15T14:45:07Z</time>
 </trkpt>
 <trkpt lat="62.111571338027716" lon="-7.032169494777918">
 <ele>147.84999999999999</ele>
 <time>2020-07-15T14:45:17Z</time>
 </trkpt>
 <trkpt lat="62.111516101285815" lon="-7.031955420970917">
 <ele>149.66</ele>
 <time>2020-07-15T14:45:27Z</time>
 </trkpt>
 <trkpt lat="62.11145038716495" lon="-7.031742185354233">
 <ele>151.63999999999999</ele>
 <time>2020-07-15T14:45:40Z</time>
 </trkpt>
 <trkpt lat="62.111365478485823" lon="-7.031605392694473">
 <ele>151.38999999999999</ele>
 <time>2020-07-15T14:45:57Z</time>
 </trkpt>
 <trkpt lat="62.111264476552606" lon="-7.031476143747568">
 <ele>151.71000000000001</ele>
 <time>2020-07-15T14:46:06Z</time>
 </trkpt>
 <trkpt lat="62.111176969483495" lon="-7.031350415199995">
 <ele>152.40000000000001</ele>
 <time>2020-07-15T14:46:19Z</time>
 </trkpt>
 <trkpt lat="62.111089378595352" lon="-7.031240863725543">
 <ele>152.84</ele>
 <time>2020-07-15T14:46:31Z</time>
 </trkpt>
 <trkpt lat="62.111015031114221" lon="-7.031050594523549">
 <ele>153.19</ele>
 <time>2020-07-15T14:46:40Z</time>
 </trkpt>
 <trkpt lat="62.110916879028082" lon="-7.030925201252103">
 <ele>154.09</ele>
 <time>2020-07-15T14:46:50Z</time>
 </trkpt>
 <trkpt lat="62.110820906236768" lon="-7.030879352241755">
 <ele>154.62</ele>
 <time>2020-07-15T14:46:58Z</time>
 </trkpt>
 <trkpt lat="62.110757287591696" lon="-7.030741637572646">
 <ele>156.81</ele>
 <time>2020-07-15T14:47:08Z</time>
 </trkpt>
 <trkpt lat="62.110656118020415" lon="-7.03064851462841">
 <ele>157.03999999999999</ele>
 <time>2020-07-15T14:47:18Z</time>
 </trkpt>
 <trkpt lat="62.110581686720252" lon="-7.030512643978">
 <ele>159.53999999999999</ele>
 <time>2020-07-15T14:47:30Z</time>
 </trkpt>
 <trkpt lat="62.110526198521256" lon="-7.030332516878843">
 <ele>162.96000000000001</ele>
 <time>2020-07-15T14:47:47Z</time>
 </trkpt>
 <trkpt lat="62.110439362004399" lon="-7.03018574975431">
 <ele>164.97</ele>
 <time>2020-07-15T14:48:00Z</time>
 </trkpt>
 <trkpt lat="62.110347915440798" lon="-7.030047448351979">
 <ele>165.47999999999999</ele>
 <time>2020-07-15T14:48:09Z</time>
 </trkpt>
 <trkpt lat="62.110258312895894" lon="-7.029966227710247">
 <ele>165.80000000000001</ele>
 <time>2020-07-15T14:48:19Z</time>
 </trkpt>
 <trkpt lat="62.110161753371358" lon="-7.029852401465178">
 <ele>165.34999999999999</ele>
 <time>2020-07-15T14:48:32Z</time>
 </trkpt>
 <trkpt lat="62.110083298757672" lon="-7.029678393155336">
 <ele>168.19</ele>
 <time>2020-07-15T14:48:43Z</time>
 </trkpt>
 <trkpt lat="62.110010795295238" lon="-7.029533470049501">
 <ele>168.36000000000001</ele>
 <time>2020-07-15T14:48:51Z</time>
 </trkpt>
 <trkpt lat="62.109928904101253" lon="-7.029402796179056">
 <ele>170.55000000000001</ele>
 <time>2020-07-15T14:49:04Z</time>
 </trkpt>
 <trkpt lat="62.109835026785731" lon="-7.029233397915959">
 <ele>171.81</ele>
 <time>2020-07-15T14:49:18Z</time>
 </trkpt>
 <trkpt lat="62.109760930761695" lon="-7.029012870043516">
 <ele>173.28</ele>
 <time>2020-07-15T14:49:31Z</time>
 </trkpt>
 <trkpt lat="62.109720949083567" lon="-7.028845483437181">
 <ele>175.36000000000001</ele>
 <time>2020-07-15T14:49:45Z</time>
 </trkpt>
 <trkpt lat="62.109665628522635" lon="-7.028627470135689">
 <ele>176.93000000000001</ele>
 <time>2020-07-15T14:49:59Z</time>
 </trkpt>
 <trkpt lat="62.109617684036493" lon="-7.028410797938705">
 <ele>179.75999999999999</ele>
 <time>2020-07-15T14:50:18Z</time>
 </trkpt>
 <trkpt lat="62.109551131725311" lon="-7.028207704424858">
 <ele>182.11000000000001</ele>
 <time>2020-07-15T14:50:31Z</time>
 </trkpt>
 <trkpt lat="62.109511317685246" lon="-7.02801282517612">
 <ele>183.19999999999999</ele>
 <time>2020-07-15T14:50:41Z</time>
 </trkpt>
 <trkpt lat="62.109455578029156" lon="-7.027842588722706">
 <ele>184.25999999999999</ele>
 <time>2020-07-15T14:50:51Z</time>
 </trkpt>
 <trkpt lat="62.109422720968723" lon="-7.027610242366791">
 <ele>185.91</ele>
 <time>2020-07-15T14:51:03Z</time>
 </trkpt>
 <trkpt lat="62.109332447871566" lon="-7.027454506605864">
 <ele>186.75</ele>
 <time>2020-07-15T14:51:15Z</time>
 </trkpt>
 <trkpt lat="62.109278636053205" lon="-7.027286281809211">
 <ele>188.69</ele>
 <time>2020-07-15T14:51:25Z</time>
 </trkpt>
 <trkpt lat="62.1092046238482" lon="-7.027154518291354">
 <ele>189.86000000000001</ele>
 <time>2020-07-15T14:51:37Z</time>
 </trkpt>
 <trkpt lat="62.109118541702628" lon="-7.027027616277337">
 <ele>190.62</ele>
 <time>2020-07-15T14:51:47Z</time>
 </trkpt>
 <trkpt lat="62.109029106795788" lon="-7.026932397857308">
 <ele>191.08000000000001</ele>
 <time>2020-07-15T14:51:56Z</time>
 </trkpt>
 <trkpt lat="62.108934642747045" lon="-7.026871209964156">
 <ele>191.94999999999999</ele>
 <time>2020-07-15T14:52:06Z</time>
 </trkpt>
 <trkpt lat="62.108839005231857" lon="-7.026775823906064">
 <ele>193.62</ele>
 <time>2020-07-15T14:52:16Z</time>
 </trkpt>
 <trkpt lat="62.108766250312328" lon="-7.026628302410245">
 <ele>194.84999999999999</ele>
 <time>2020-07-15T14:52:26Z</time>
 </trkpt>
 <trkpt lat="62.10867497138679" lon="-7.026487737894058">
 <ele>195.97999999999999</ele>
 <time>2020-07-15T14:52:37Z</time>
 </trkpt>
 <trkpt lat="62.108600120991468" lon="-7.026332672685385">
 <ele>197.19999999999999</ele>
 <time>2020-07-15T14:52:48Z</time>
 </trkpt>
 <trkpt lat="62.10851420648396" lon="-7.026188839226961">
 <ele>198.84</ele>
 <time>2020-07-15T14:52:58Z</time>
 </trkpt>
 <trkpt lat="62.108426364138722" lon="-7.026065206155181">
 <ele>200.69</ele>
 <time>2020-07-15T14:53:09Z</time>
 </trkpt>
 <trkpt lat="62.108350927010179" lon="-7.025912655517459">
 <ele>202.38999999999999</ele>
 <time>2020-07-15T14:53:20Z</time>
 </trkpt>
 <trkpt lat="62.108262330293655" lon="-7.02584040351212">
 <ele>203.66</ele>
 <time>2020-07-15T14:53:29Z</time>
 </trkpt>
 <trkpt lat="62.108159232884645" lon="-7.02579447068274">
 <ele>204.81999999999999</ele>
 <time>2020-07-15T14:53:39Z</time>
 </trkpt>
 <trkpt lat="62.108062589541078" lon="-7.02575633302331">
 <ele>204.97999999999999</ele>
 <time>2020-07-15T14:53:47Z</time>
 </trkpt>
 <trkpt lat="62.107974663376808" lon="-7.025676453486085">
 <ele>205.47</ele>
 <time>2020-07-15T14:53:56Z</time>
 </trkpt>
 <trkpt lat="62.107890257611871" lon="-7.025596741586924">
 <ele>207.96000000000001</ele>
 <time>2020-07-15T14:54:06Z</time>
 </trkpt>
 <trkpt lat="62.107815826311707" lon="-7.025486519560218">
 <ele>208.94</ele>
 <time>2020-07-15T14:54:16Z</time>
 </trkpt>
 <trkpt lat="62.107742568477988" lon="-7.025357773527503">
 <ele>209.88999999999999</ele>
 <time>2020-07-15T14:54:26Z</time>
 </trkpt>
 <trkpt lat="62.107667131349444" lon="-7.025244198739529">
 <ele>209.38999999999999</ele>
 <time>2020-07-15T14:54:38Z</time>
 </trkpt>
 <trkpt lat="62.107565877959132" lon="-7.025150237604976">
 <ele>213.62</ele>
 <time>2020-07-15T14:54:57Z</time>
 </trkpt>
 <trkpt lat="62.1074812207371" lon="-7.02497941441834">
 <ele>217.31</ele>
 <time>2020-07-15T14:55:18Z</time>
 </trkpt>
 <trkpt lat="62.107433695346117" lon="-7.02476542443037">
 <ele>220.49000000000001</ele>
 <time>2020-07-15T14:55:32Z</time>
 </trkpt>
 <trkpt lat="62.107361862435937" lon="-7.024565516039729">
 <ele>222.5</ele>
 <time>2020-07-15T14:55:47Z</time>
 </trkpt>
 <trkpt lat="62.107321713119745" lon="-7.024385975673795">
 <ele>224.65000000000001</ele>
 <time>2020-07-15T14:55:58Z</time>
 </trkpt>
 <trkpt lat="62.107251640409231" lon="-7.024164274334908">
 <ele>226.97999999999999</ele>
 <time>2020-07-15T14:56:49Z</time>
 </trkpt>
 <trkpt lat="62.107173521071672" lon="-7.024056315422058">
 <ele>228.47</ele>
 <time>2020-07-15T14:56:57Z</time>
 </trkpt>
 <trkpt lat="62.107104538008571" lon="-7.023924048990011">
 <ele>229.74000000000001</ele>
 <time>2020-07-15T14:57:05Z</time>
 </trkpt>
 <trkpt lat="62.107026418671012" lon="-7.023790441453457">
 <ele>230.5</ele>
 <time>2020-07-15T14:57:14Z</time>
 </trkpt>
 <trkpt lat="62.106950227171183" lon="-7.023665634915233">
 <ele>232.28999999999999</ele>
 <time>2020-07-15T14:57:26Z</time>
 </trkpt>
 <trkpt lat="62.106872862204909" lon="-7.023524651303887">
 <ele>233.63999999999999</ele>
 <time>2020-07-15T14:57:35Z</time>
 </trkpt>
 <trkpt lat="62.106799855828285" lon="-7.023384673520923">
 <ele>235.13</ele>
 <time>2020-07-15T14:57:44Z</time>
 </trkpt>
 <trkpt lat="62.106735063716769" lon="-7.023217789828777">
 <ele>236.47999999999999</ele>
 <time>2020-07-15T14:57:53Z</time>
 </trkpt>
 <trkpt lat="62.106672618538141" lon="-7.023041602224112">
 <ele>238.05000000000001</ele>
 <time>2020-07-15T14:58:01Z</time>
 </trkpt>
 <trkpt lat="62.106606066226959" lon="-7.022881675511599">
 <ele>239.09999999999999</ele>
 <time>2020-07-15T14:58:10Z</time>
 </trkpt>
 <trkpt lat="62.106527024880052" lon="-7.022735998034477">
 <ele>241.56</ele>
 <time>2020-07-15T14:58:20Z</time>
 </trkpt>
 <trkpt lat="62.106459802016616" lon="-7.022588392719626">
 <ele>243.05000000000001</ele>
 <time>2020-07-15T14:58:31Z</time>
 </trkpt>
 <trkpt lat="62.106408337131143" lon="-7.022409187629819">
 <ele>243.34</ele>
 <time>2020-07-15T14:58:51Z</time>
 </trkpt>
 <trkpt lat="62.106324853375554" lon="-7.022265773266554">
 <ele>244.59</ele>
 <time>2020-07-15T14:59:04Z</time>
 </trkpt>
 <trkpt lat="62.1062396094203" lon="-7.022125124931335">
 <ele>245.91</ele>
 <time>2020-07-15T14:59:14Z</time>
 </trkpt>
 <trkpt lat="62.106181439012289" lon="-7.021933095529676">
 <ele>245.66999999999999</ele>
 <time>2020-07-15T14:59:22Z</time>
 </trkpt>
 <trkpt lat="62.106114299967885" lon="-7.021739557385445">
 <ele>246.69</ele>
 <time>2020-07-15T14:59:30Z</time>
 </trkpt>
 <trkpt lat="62.106035258620977" lon="-7.021580720320344">
 <ele>247.38</ele>
 <time>2020-07-15T14:59:37Z</time>
 </trkpt>
 <trkpt lat="62.105966191738844" lon="-7.021441161632538">
 <ele>247.65000000000001</ele>
 <time>2020-07-15T14:59:44Z</time>
 </trkpt>
 <trkpt lat="62.105893855914474" lon="-7.021293891593814">
 <ele>247.55000000000001</ele>
 <time>2020-07-15T14:59:54Z</time>
 </trkpt>
 <trkpt lat="62.105789752677083" lon="-7.021213509142399">
 <ele>247.44999999999999</ele>
 <time>2020-07-15T15:00:07Z</time>
 </trkpt>
 <trkpt lat="62.105756644159555" lon="-7.021007398143411">
 <ele>248.81</ele>
 <time>2020-07-15T15:00:21Z</time>
 </trkpt>
 <trkpt lat="62.10570702329278" lon="-7.020792318508029">
 <ele>249.28999999999999</ele>
 <time>2020-07-15T15:00:30Z</time>
 </trkpt>
 <trkpt lat="62.105673076584935" lon="-7.020575981587172">
 <ele>248.53</ele>
 <time>2020-07-15T15:00:53Z</time>
 </trkpt>
 <trkpt lat="62.105621779337525" lon="-7.020384119823575">
 <ele>248.09999999999999</ele>
 <time>2020-07-15T15:01:08Z</time>
 </trkpt>
 <trkpt lat="62.105561848729849" lon="-7.020200304687023">
 <ele>247.09999999999999</ele>
 <time>2020-07-15T15:01:22Z</time>
 </trkpt>
 <trkpt lat="62.10553259588778" lon="-7.019984470680356">
 <ele>246.34999999999999</ele>
 <time>2020-07-15T15:01:38Z</time>
 </trkpt>
 <trkpt lat="62.105491189286113" lon="-7.019798392429948">
 <ele>243.84</ele>
 <time>2020-07-15T15:01:53Z</time>
 </trkpt>
 <trkpt lat="62.105459924787283" lon="-7.019632933661342">
 <ele>242.50999999999999</ele>
 <time>2020-07-15T15:02:08Z</time>
 </trkpt>
 <trkpt lat="62.105373675003648" lon="-7.019496224820614">
 <ele>240.44999999999999</ele>
 <time>2020-07-15T15:02:29Z</time>
 </trkpt>
 <trkpt lat="62.105366382747889" lon="-7.019259100779891">
 <ele>238.69</ele>
 <time>2020-07-15T15:02:41Z</time>
 </trkpt>
 <trkpt lat="62.105389097705483" lon="-7.019070340320468">
 <ele>237.71000000000001</ele>
 <time>2020-07-15T15:02:50Z</time>
 </trkpt>
 <trkpt lat="62.105408543720841" lon="-7.018891219049692">
 <ele>235.41999999999999</ele>
 <time>2020-07-15T15:03:05Z</time>
 </trkpt>
 <trkpt lat="62.105379458516836" lon="-7.018650993704796">
 <ele>233.21000000000001</ele>
 <time>2020-07-15T15:03:20Z</time>
 </trkpt>
 <trkpt lat="62.105392199009657" lon="-7.018459802493453">
 <ele>231.56</ele>
 <time>2020-07-15T15:03:33Z</time>
 </trkpt>
 <trkpt lat="62.105392953380942" lon="-7.018241202458739">
 <ele>230.88999999999999</ele>
 <time>2020-07-15T15:03:43Z</time>
 </trkpt>
 <trkpt lat="62.105413991957903" lon="-7.018046323210001">
 <ele>229.96000000000001</ele>
 <time>2020-07-15T15:03:52Z</time>
 </trkpt>
 <trkpt lat="62.105395048856735" lon="-7.017819005995989">
 <ele>228.03</ele>
 <time>2020-07-15T15:04:04Z</time>
 </trkpt>
 <trkpt lat="62.105361269786954" lon="-7.017599735409021">
 <ele>225.31</ele>
 <time>2020-07-15T15:04:17Z</time>
 </trkpt>
 <trkpt lat="62.10534299723804" lon="-7.017368143424392">
 <ele>225</ele>
 <time>2020-07-15T15:04:26Z</time>
 </trkpt>
 <trkpt lat="62.10533662699163" lon="-7.017089612782002">
 <ele>224.31</ele>
 <time>2020-07-15T15:04:38Z</time>
 </trkpt>
 <trkpt lat="62.105322210118175" lon="-7.01687453314662">
 <ele>223.99000000000001</ele>
 <time>2020-07-15T15:04:49Z</time>
 </trkpt>
 <trkpt lat="62.105302177369595" lon="-7.016676887869835">
 <ele>223.00999999999999</ele>
 <time>2020-07-15T15:04:57Z</time>
 </trkpt>
 <trkpt lat="62.105308379977942" lon="-7.016461975872517">
 <ele>221.43000000000001</ele>
 <time>2020-07-15T15:05:06Z</time>
 </trkpt>
 <trkpt lat="62.105300752446055" lon="-7.016202472150326">
 <ele>219.77000000000001</ele>
 <time>2020-07-15T15:05:14Z</time>
 </trkpt>
 <trkpt lat="62.105348277837038" lon="-7.015990745276213">
 <ele>219.28999999999999</ele>
 <time>2020-07-15T15:05:22Z</time>
 </trkpt>
 <trkpt lat="62.105374848470092" lon="-7.015822939574719">
 <ele>219.37</ele>
 <time>2020-07-15T15:05:31Z</time>
 </trkpt>
 <trkpt lat="62.105405777692795" lon="-7.015677178278565">
 <ele>218.93000000000001</ele>
 <time>2020-07-15T15:05:40Z</time>
 </trkpt>
 <trkpt lat="62.105482891201973" lon="-7.01553518883884">
 <ele>218.91999999999999</ele>
 <time>2020-07-15T15:05:50Z</time>
 </trkpt>
 <trkpt lat="62.105527650564909" lon="-7.015352630987763">
 <ele>217.65000000000001</ele>
 <time>2020-07-15T15:05:58Z</time>
 </trkpt>
 <trkpt lat="62.10560392588377" lon="-7.015193291008472">
 <ele>217.18000000000001</ele>
 <time>2020-07-15T15:06:06Z</time>
 </trkpt>
 <trkpt lat="62.105708112940192" lon="-7.015021126717329">
 <ele>217.47</ele>
 <time>2020-07-15T15:06:15Z</time>
 </trkpt>
 <trkpt lat="62.10577298887074" lon="-7.014873521402478">
 <ele>217.50999999999999</ele>
 <time>2020-07-15T15:06:23Z</time>
 </trkpt>
 <trkpt lat="62.105841552838683" lon="-7.014584010466933">
 <ele>217.99000000000001</ele>
 <time>2020-07-15T15:06:31Z</time>
 </trkpt>
 <trkpt lat="62.105920594185591" lon="-7.014503963291645">
 <ele>217.65000000000001</ele>
 <time>2020-07-15T15:06:39Z</time>
 </trkpt>
 <trkpt lat="62.105983039364219" lon="-7.014351915568113">
 <ele>217.96000000000001</ele>
 <time>2020-07-15T15:06:47Z</time>
 </trkpt>
 <trkpt lat="62.106040539219975" lon="-7.014190899208188">
 <ele>218.47</ele>
 <time>2020-07-15T15:06:55Z</time>
 </trkpt>
 <trkpt lat="62.106090411543846" lon="-7.014017142355442">
 <ele>218.72</ele>
 <time>2020-07-15T15:07:04Z</time>
 </trkpt>
 <trkpt lat="62.10613802075386" lon="-7.013785382732749">
 <ele>218.78999999999999</ele>
 <time>2020-07-15T15:07:14Z</time>
 </trkpt>
 <trkpt lat="62.106176493689418" lon="-7.013596370816231">
 <ele>218.81999999999999</ele>
 <time>2020-07-15T15:07:24Z</time>
 </trkpt>
 <trkpt lat="62.106231478974223" lon="-7.013390175998211">
 <ele>218.87</ele>
 <time>2020-07-15T15:07:34Z</time>
 </trkpt>
 <trkpt lat="62.106282273307443" lon="-7.01320149935782">
 <ele>217.77000000000001</ele>
 <time>2020-07-15T15:07:43Z</time>
 </trkpt>
 <trkpt lat="62.106317225843668" lon="-7.013027742505074">
 <ele>218.06</ele>
 <time>2020-07-15T15:07:50Z</time>
 </trkpt>
 <trkpt lat="62.106337510049343" lon="-7.012798329815269">
 <ele>218.06999999999999</ele>
 <time>2020-07-15T15:07:58Z</time>
 </trkpt>
 <trkpt lat="62.106385370716453" lon="-7.01259171590209">
 <ele>217.90000000000001</ele>
 <time>2020-07-15T15:08:07Z</time>
 </trkpt>
 <trkpt lat="62.106434991583228" lon="-7.012403039261699">
 <ele>218.69</ele>
 <time>2020-07-15T15:08:15Z</time>
 </trkpt>
 <trkpt lat="62.106496766209602" lon="-7.012252332642674">
 <ele>220.31</ele>
 <time>2020-07-15T15:08:24Z</time>
 </trkpt>
 <trkpt lat="62.10655233822763" lon="-7.01208109036088">
 <ele>221.06999999999999</ele>
 <time>2020-07-15T15:08:34Z</time>
 </trkpt>
 <trkpt lat="62.106625428423285" lon="-7.011939603835344">
 <ele>222.55000000000001</ele>
 <time>2020-07-15T15:08:44Z</time>
 </trkpt>
 <trkpt lat="62.106695333495736" lon="-7.011776911094785">
 <ele>223.41999999999999</ele>
 <time>2020-07-15T15:08:53Z</time>
 </trkpt>
 <trkpt lat="62.106749983504415" lon="-7.011592173948884">
 <ele>224.19999999999999</ele>
 <time>2020-07-15T15:09:01Z</time>
 </trkpt>
 <trkpt lat="62.106803208589554" lon="-7.011398719623685">
 <ele>224.53999999999999</ele>
 <time>2020-07-15T15:09:08Z</time>
 </trkpt>
 <trkpt lat="62.106853080913424" lon="-7.011272823438048">
 <ele>225.41999999999999</ele>
 <time>2020-07-15T15:09:21Z</time>
 </trkpt>
 <trkpt lat="62.106917789205909" lon="-7.011170815676451">
 <ele>226.06999999999999</ele>
 <time>2020-07-15T15:10:14Z</time>
 </trkpt>
 <trkpt lat="62.106970092281699" lon="-7.011009128764272">
 <ele>226.25</ele>
 <time>2020-07-15T15:10:23Z</time>
 </trkpt>
 <trkpt lat="62.106988616287708" lon="-7.010819362476468">
 <ele>225.75999999999999</ele>
 <time>2020-07-15T15:10:36Z</time>
 </trkpt>
 <trkpt lat="62.106979815289378" lon="-7.010581148788333">
 <ele>224.41</ele>
 <time>2020-07-15T15:10:49Z</time>
 </trkpt>
 <trkpt lat="62.106974786147475" lon="-7.01036062091589">
 <ele>224.5</ele>
 <time>2020-07-15T15:11:04Z</time>
 </trkpt>
 <trkpt lat="62.106943773105741" lon="-7.010148139670491">
 <ele>223.19999999999999</ele>
 <time>2020-07-15T15:11:19Z</time>
 </trkpt>
 <trkpt lat="62.10695349611342" lon="-7.009938340634108">
 <ele>223.55000000000001</ele>
 <time>2020-07-15T15:11:28Z</time>
 </trkpt>
 <trkpt lat="62.10692809894681" lon="-7.009755950421095">
 <ele>221.86000000000001</ele>
 <time>2020-07-15T15:11:40Z</time>
 </trkpt>
 <trkpt lat="62.106936061754823" lon="-7.009547827765346">
 <ele>220.97</ele>
 <time>2020-07-15T15:11:50Z</time>
 </trkpt>
 <trkpt lat="62.106934720650315" lon="-7.009346829727292">
 <ele>220.44999999999999</ele>
 <time>2020-07-15T15:11:58Z</time>
 </trkpt>
 <trkpt lat="62.106964392587543" lon="-7.009152704849839">
 <ele>220.61000000000001</ele>
 <time>2020-07-15T15:12:06Z</time>
 </trkpt>
 <trkpt lat="62.10697109811008" lon="-7.0089250523597">
 <ele>218.91999999999999</ele>
 <time>2020-07-15T15:12:13Z</time>
 </trkpt>
 <trkpt lat="62.107002446427941" lon="-7.008728161454201">
 <ele>219.13</ele>
 <time>2020-07-15T15:12:21Z</time>
 </trkpt>
 <trkpt lat="62.107043266296387" lon="-7.008537892252207">
 <ele>219.05000000000001</ele>
 <time>2020-07-15T15:12:28Z</time>
 </trkpt>
 <trkpt lat="62.10710353218019" lon="-7.008365979418159">
 <ele>219.52000000000001</ele>
 <time>2020-07-15T15:12:36Z</time>
 </trkpt>
 <trkpt lat="62.107169916853309" lon="-7.008201777935028">
 <ele>219.08000000000001</ele>
 <time>2020-07-15T15:12:44Z</time>
 </trkpt>
 <trkpt lat="62.107211071997881" lon="-7.007992314174771">
 <ele>218.71000000000001</ele>
 <time>2020-07-15T15:12:55Z</time>
 </trkpt>
 <trkpt lat="62.10726136341691" lon="-7.007833477109671">
 <ele>218.28</ele>
 <time>2020-07-15T15:13:05Z</time>
 </trkpt>
 <trkpt lat="62.107307966798544" lon="-7.007659720256925">
 <ele>216.74000000000001</ele>
 <time>2020-07-15T15:13:16Z</time>
 </trkpt>
 <trkpt lat="62.107360772788525" lon="-7.007473725825548">
 <ele>216.28999999999999</ele>
 <time>2020-07-15T15:13:26Z</time>
 </trkpt>
 <trkpt lat="62.107390025630593" lon="-7.007288988679647">
 <ele>215.25999999999999</ele>
 <time>2020-07-15T15:13:35Z</time>
 </trkpt>
 <trkpt lat="62.107400838285685" lon="-7.007090924307704">
 <ele>214.53999999999999</ele>
 <time>2020-07-15T15:13:43Z</time>
 </trkpt>
 <trkpt lat="62.107405532151461" lon="-7.00699201785028">
 <ele>214.59</ele>
 <time>2020-07-15T15:13:59Z</time>
 </trkpt>
 <trkpt lat="62.107434282079339" lon="-7.006816333159804">
 <ele>216.78</ele>
 <time>2020-07-15T15:14:14Z</time>
 </trkpt>
 <trkpt lat="62.107495218515396" lon="-7.006624387577176">
 <ele>218.86000000000001</ele>
 <time>2020-07-15T15:14:31Z</time>
 </trkpt>
 <trkpt lat="62.107537966221571" lon="-7.006424814462662">
 <ele>220.59</ele>
 <time>2020-07-15T15:14:41Z</time>
 </trkpt>
 <trkpt lat="62.107587335631251" lon="-7.006243597716093">
 <ele>222.49000000000001</ele>
 <time>2020-07-15T15:14:51Z</time>
 </trkpt>
 <trkpt lat="62.107603093609214" lon="-7.006027428433299">
 <ele>223.87</ele>
 <time>2020-07-15T15:15:00Z</time>
 </trkpt>
 <trkpt lat="62.107613319531083" lon="-7.005796926096082">
 <ele>225.06</ele>
 <time>2020-07-15T15:15:09Z</time>
 </trkpt>
 <trkpt lat="62.107626227661967" lon="-7.005600705742836">
 <ele>226.37</ele>
 <time>2020-07-15T15:15:18Z</time>
 </trkpt>
 <trkpt lat="62.107646763324738" lon="-7.005399288609624">
 <ele>226.96000000000001</ele>
 <time>2020-07-15T15:15:26Z</time>
 </trkpt>
 <trkpt lat="62.107646176591516" lon="-7.005198122933507">
 <ele>227.56999999999999</ele>
 <time>2020-07-15T15:15:34Z</time>
 </trkpt>
 <trkpt lat="62.10764835588634" lon="-7.004976002499461">
 <ele>228.5</ele>
 <time>2020-07-15T15:15:43Z</time>
 </trkpt>
 <trkpt lat="62.107635615393519" lon="-7.004751451313496">
 <ele>228.61000000000001</ele>
 <time>2020-07-15T15:15:51Z</time>
 </trkpt>
 <trkpt lat="62.107611307874322" lon="-7.004559421911836">
 <ele>230.21000000000001</ele>
 <time>2020-07-15T15:15:58Z</time>
 </trkpt>
 <trkpt lat="62.107614660635591" lon="-7.004341408610344">
 <ele>229.44999999999999</ele>
 <time>2020-07-15T15:16:06Z</time>
 </trkpt>
 <trkpt lat="62.107665538787842" lon="-7.00416337698698">
 <ele>229.75</ele>
 <time>2020-07-15T15:16:13Z</time>
 </trkpt>
 <trkpt lat="62.107683727517724" lon="-7.003949470818043">
 <ele>230.36000000000001</ele>
 <time>2020-07-15T15:16:22Z</time>
 </trkpt>
 <trkpt lat="62.107715327292681" lon="-7.003737995401025">
 <ele>232.05000000000001</ele>
 <time>2020-07-15T15:16:31Z</time>
 </trkpt>
 <trkpt lat="62.107740305364132" lon="-7.003541775047779">
 <ele>232.30000000000001</ele>
 <time>2020-07-15T15:16:39Z</time>
 </trkpt>
 <trkpt lat="62.10775338113308" lon="-7.003333484753966">
 <ele>233.08000000000001</ele>
 <time>2020-07-15T15:16:49Z</time>
 </trkpt>
 <trkpt lat="62.107759499922395" lon="-7.003103401511908">
 <ele>233.80000000000001</ele>
 <time>2020-07-15T15:16:57Z</time>
 </trkpt>
 <trkpt lat="62.107755225151777" lon="-7.002913299947977">
 <ele>233.63</ele>
 <time>2020-07-15T15:17:05Z</time>
 </trkpt>
 <trkpt lat="62.107769222930074" lon="-7.00270526111126">
 <ele>234.28999999999999</ele>
 <time>2020-07-15T15:17:13Z</time>
 </trkpt>
 <trkpt lat="62.107795123010874" lon="-7.002491857856512">
 <ele>234.84999999999999</ele>
 <time>2020-07-15T15:17:21Z</time>
 </trkpt>
 <trkpt lat="62.107788166031241" lon="-7.002274347469211">
 <ele>234.84</ele>
 <time>2020-07-15T15:17:30Z</time>
 </trkpt>
 <trkpt lat="62.107750615105033" lon="-7.002030937001109">
 <ele>235.87</ele>
 <time>2020-07-15T15:17:41Z</time>
 </trkpt>
 <trkpt lat="62.107728067785501" lon="-7.001803871244192">
 <ele>237.72</ele>
 <time>2020-07-15T15:17:53Z</time>
 </trkpt>
 <trkpt lat="62.107746005058289" lon="-7.001609578728676">
 <ele>238.27000000000001</ele>
 <time>2020-07-15T15:18:01Z</time>
 </trkpt>
 <trkpt lat="62.10776561871171" lon="-7.001414448022842">
 <ele>239.66</ele>
 <time>2020-07-15T15:18:09Z</time>
 </trkpt>
 <trkpt lat="62.107783975079656" lon="-7.001201547682285">
 <ele>240.97999999999999</ele>
 <time>2020-07-15T15:18:18Z</time>
 </trkpt>
 <trkpt lat="62.107794201001525" lon="-7.000974901020527">
 <ele>241.81</ele>
 <time>2020-07-15T15:18:27Z</time>
 </trkpt>
 <trkpt lat="62.107798056676984" lon="-7.00075956992805">
 <ele>242.25999999999999</ele>
 <time>2020-07-15T15:18:34Z</time>
 </trkpt>
 <trkpt lat="62.107819179072976" lon="-7.000557566061616">
 <ele>242.37</ele>
 <time>2020-07-15T15:18:41Z</time>
 </trkpt>
 <trkpt lat="62.107823956757784" lon="-7.000340558588505">
 <ele>243.16999999999999</ele>
 <time>2020-07-15T15:18:49Z</time>
 </trkpt>
 <trkpt lat="62.10782328620553" lon="-7.000126568600535">
 <ele>243.27000000000001</ele>
 <time>2020-07-15T15:18:57Z</time>
 </trkpt>
 <trkpt lat="62.107804007828236" lon="-6.999931856989861">
 <ele>243.55000000000001</ele>
 <time>2020-07-15T15:19:04Z</time>
 </trkpt>
 <trkpt lat="62.107796547934413" lon="-6.999729014933109">
 <ele>244.75</ele>
 <time>2020-07-15T15:19:13Z</time>
 </trkpt>
 <trkpt lat="62.107749441638589" lon="-6.999521143734455">
 <ele>246.61000000000001</ele>
 <time>2020-07-15T15:19:24Z</time>
 </trkpt>
 <trkpt lat="62.107689511030912" lon="-6.999348057433963">
 <ele>247.94999999999999</ele>
 <time>2020-07-15T15:19:34Z</time>
 </trkpt>
 <trkpt lat="62.107615498825908" lon="-6.999184107407928">
 <ele>250.18000000000001</ele>
 <time>2020-07-15T15:19:46Z</time>
 </trkpt>
 <trkpt lat="62.107553724199533" lon="-6.999006075784564">
 <ele>252.11000000000001</ele>
 <time>2020-07-15T15:19:59Z</time>
 </trkpt>
 <trkpt lat="62.107531763613224" lon="-6.998815219849348">
 <ele>252.81999999999999</ele>
 <time>2020-07-15T15:20:07Z</time>
 </trkpt>
 <trkpt lat="62.10749639198184" lon="-6.998628554865718">
 <ele>254.18000000000001</ele>
 <time>2020-07-15T15:20:17Z</time>
 </trkpt>
 <trkpt lat="62.107479879632592" lon="-6.998413726687431">
 <ele>254.58000000000001</ele>
 <time>2020-07-15T15:20:27Z</time>
 </trkpt>
 <trkpt lat="62.107461858540773" lon="-6.998212561011314">
 <ele>254.78999999999999</ele>
 <time>2020-07-15T15:20:34Z</time>
 </trkpt>
 <trkpt lat="62.107454733923078" lon="-6.998009383678436">
 <ele>255.77000000000001</ele>
 <time>2020-07-15T15:20:42Z</time>
 </trkpt>
 <trkpt lat="62.107469821348786" lon="-6.997814755886793">
 <ele>256.49000000000001</ele>
 <time>2020-07-15T15:20:50Z</time>
 </trkpt>
 <trkpt lat="62.107463199645281" lon="-6.997602609917522">
 <ele>257.81999999999999</ele>
 <time>2020-07-15T15:21:00Z</time>
 </trkpt>
 <trkpt lat="62.107478035613894" lon="-6.997387278825045">
 <ele>259.92000000000002</ele>
 <time>2020-07-15T15:21:15Z</time>
 </trkpt>
 <trkpt lat="62.10749052464962" lon="-6.997154513373971">
 <ele>261.31</ele>
 <time>2020-07-15T15:21:25Z</time>
 </trkpt>
 <trkpt lat="62.107485327869654" lon="-6.996926106512547">
 <ele>262.18000000000001</ele>
 <time>2020-07-15T15:21:34Z</time>
 </trkpt>
 <trkpt lat="62.107483064755797" lon="-6.996696442365646">
 <ele>263.56999999999999</ele>
 <time>2020-07-15T15:21:44Z</time>
 </trkpt>
 <trkpt lat="62.107528829947114" lon="-6.996517404913902">
 <ele>265.43000000000001</ele>
 <time>2020-07-15T15:21:56Z</time>
 </trkpt>
 <trkpt lat="62.10749882273376" lon="-6.996293524280191">
 <ele>267.25999999999999</ele>
 <time>2020-07-15T15:22:11Z</time>
 </trkpt>
 <trkpt lat="62.107450207695365" lon="-6.996128065511584">
 <ele>269.75999999999999</ele>
 <time>2020-07-15T15:22:23Z</time>
 </trkpt>
 <trkpt lat="62.107416763901711" lon="-6.995937041938305">
 <ele>272.11000000000001</ele>
 <time>2020-07-15T15:22:36Z</time>
 </trkpt>
 <trkpt lat="62.107385834679008" lon="-6.995742497965694">
 <ele>274.08999999999997</ele>
 <time>2020-07-15T15:22:47Z</time>
 </trkpt>
 <trkpt lat="62.107390193268657" lon="-6.995524652302265">
 <ele>275.54000000000002</ele>
 <time>2020-07-15T15:22:58Z</time>
 </trkpt>
 <trkpt lat="62.107400251552463" lon="-6.995291886851192">
 <ele>277.16000000000003</ele>
 <time>2020-07-15T15:23:14Z</time>
 </trkpt>
 <trkpt lat="62.107374183833599" lon="-6.995074544101954">
 <ele>278.42000000000002</ele>
 <time>2020-07-15T15:23:24Z</time>
 </trkpt>
 <trkpt lat="62.107357420027256" lon="-6.99486424215138">
 <ele>280.22000000000003</ele>
 <time>2020-07-15T15:23:34Z</time>
 </trkpt>
 <trkpt lat="62.107290448620915" lon="-6.994662322103977">
 <ele>281.92000000000002</ele>
 <time>2020-07-15T15:23:46Z</time>
 </trkpt>
 <trkpt lat="62.107203528285027" lon="-6.994508597999811">
 <ele>284.51999999999998</ele>
 <time>2020-07-15T15:24:04Z</time>
 </trkpt>
 <trkpt lat="62.107153907418251" lon="-6.994345737621188">
 <ele>285.70999999999998</ele>
 <time>2020-07-15T15:24:20Z</time>
 </trkpt>
 <trkpt lat="62.107145190238953" lon="-6.994133926928043">
 <ele>286.17000000000002</ele>
 <time>2020-07-15T15:24:30Z</time>
 </trkpt>
 <trkpt lat="62.107187267392874" lon="-6.993929073214531">
 <ele>285.41000000000003</ele>
 <time>2020-07-15T15:24:38Z</time>
 </trkpt>
 <trkpt lat="62.107230769470334" lon="-6.993759507313371">
 <ele>283.77999999999997</ele>
 <time>2020-07-15T15:24:45Z</time>
 </trkpt>
 <trkpt lat="62.107209982350469" lon="-6.993555407971144">
 <ele>283.82999999999998</ele>
 <time>2020-07-15T15:24:53Z</time>
 </trkpt>
 <trkpt lat="62.107189614325762" lon="-6.993322307243943">
 <ele>283.67000000000002</ele>
 <time>2020-07-15T15:25:02Z</time>
 </trkpt>
 <trkpt lat="62.107158182188869" lon="-6.993106137961149">
 <ele>284.44</ele>
 <time>2020-07-15T15:25:10Z</time>
 </trkpt>
 <trkpt lat="62.107093725353479" lon="-6.992978984490037">
 <ele>284.81</ele>
 <time>2020-07-15T15:25:23Z</time>
 </trkpt>
 <trkpt lat="62.107095653191209" lon="-6.992822242900729">
 <ele>284.20999999999998</ele>
 <time>2020-07-15T15:25:40Z</time>
 </trkpt>
 <trkpt lat="62.107149632647634" lon="-6.992640271782875">
 <ele>284.08999999999997</ele>
 <time>2020-07-15T15:25:48Z</time>
 </trkpt>
 <trkpt lat="62.107176873832941" lon="-6.99244505725801">
 <ele>284.19</ele>
 <time>2020-07-15T15:25:55Z</time>
 </trkpt>
 <trkpt lat="62.107229679822922" lon="-6.992276748642325">
 <ele>283.83999999999997</ele>
 <time>2020-07-15T15:26:02Z</time>
 </trkpt>
 <trkpt lat="62.107274690642953" lon="-6.992080193012953">
 <ele>283.10000000000002</ele>
 <time>2020-07-15T15:26:10Z</time>
 </trkpt>
 <trkpt lat="62.107341829687357" lon="-6.99190903455019">
 <ele>282.02999999999997</ele>
 <time>2020-07-15T15:26:17Z</time>
 </trkpt>
 <trkpt lat="62.107396479696035" lon="-6.991752879694104">
 <ele>281.32999999999998</ele>
 <time>2020-07-15T15:26:24Z</time>
 </trkpt>
 <trkpt lat="62.107445681467652" lon="-6.991574512794614">
 <ele>280.61000000000001</ele>
 <time>2020-07-15T15:26:31Z</time>
 </trkpt>
 <trkpt lat="62.107497649267316" lon="-6.991405701264739">
 <ele>280.24000000000001</ele>
 <time>2020-07-15T15:26:39Z</time>
 </trkpt>
 <trkpt lat="62.107552802190185" lon="-6.991220628842711">
 <ele>279.39999999999998</ele>
 <time>2020-07-15T15:26:47Z</time>
 </trkpt>
 <trkpt lat="62.107600411400199" lon="-6.991061372682452">
 <ele>278.63</ele>
 <time>2020-07-15T15:26:55Z</time>
 </trkpt>
 <trkpt lat="62.10764835588634" lon="-6.990878814831376">
 <ele>277.50999999999999</ele>
 <time>2020-07-15T15:27:02Z</time>
 </trkpt>
 <trkpt lat="62.107657743617892" lon="-6.990655353292823">
 <ele>276.06</ele>
 <time>2020-07-15T15:27:10Z</time>
 </trkpt>
 <trkpt lat="62.107641063630581" lon="-6.990433316677809">
 <ele>276.01999999999998</ele>
 <time>2020-07-15T15:27:18Z</time>
 </trkpt>
 <trkpt lat="62.107641063630581" lon="-6.990219159051776">
 <ele>275.75</ele>
 <time>2020-07-15T15:27:25Z</time>
 </trkpt>
 <trkpt lat="62.107621030882001" lon="-6.990016903728247">
 <ele>275.61000000000001</ele>
 <time>2020-07-15T15:27:33Z</time>
 </trkpt>
 <trkpt lat="62.107557663694024" lon="-6.989829735830426">
 <ele>275.69</ele>
 <time>2020-07-15T15:27:41Z</time>
 </trkpt>
 <trkpt lat="62.107510305941105" lon="-6.989636784419417">
 <ele>275.74000000000001</ele>
 <time>2020-07-15T15:27:49Z</time>
 </trkpt>
 <trkpt lat="62.107471749186516" lon="-6.989432601258159">
 <ele>275.25</ele>
 <time>2020-07-15T15:27:56Z</time>
 </trkpt>
 <trkpt lat="62.10745389573276" lon="-6.98923721909523">
 <ele>274.41000000000003</ele>
 <time>2020-07-15T15:28:03Z</time>
 </trkpt>
 <trkpt lat="62.107409555464983" lon="-6.989052398130298">
 <ele>273.31999999999999</ele>
 <time>2020-07-15T15:28:10Z</time>
 </trkpt>
 <trkpt lat="62.107360940426588" lon="-6.988888196647167">
 <ele>272.38999999999999</ele>
 <time>2020-07-15T15:28:17Z</time>
 </trkpt>
 <trkpt lat="62.107352390885353" lon="-6.98869189247489">
 <ele>271.43000000000001</ele>
 <time>2020-07-15T15:28:26Z</time>
 </trkpt>
 <trkpt lat="62.107303775846958" lon="-6.988489637151361">
 <ele>269.11000000000001</ele>
 <time>2020-07-15T15:28:35Z</time>
 </trkpt>
 <trkpt lat="62.10723839700222" lon="-6.988329207524657">
 <ele>267.57999999999998</ele>
 <time>2020-07-15T15:28:43Z</time>
 </trkpt>
 <trkpt lat="62.107165306806564" lon="-6.988199958577752">
 <ele>267.12</ele>
 <time>2020-07-15T15:28:50Z</time>
 </trkpt>
 <trkpt lat="62.107093306258321" lon="-6.988057885318995">
 <ele>265.81</ele>
 <time>2020-07-15T15:28:58Z</time>
 </trkpt>
 <trkpt lat="62.107015438377857" lon="-6.987896198406816">
 <ele>266.29000000000002</ele>
 <time>2020-07-15T15:29:06Z</time>
 </trkpt>
 <trkpt lat="62.106911921873689" lon="-6.987777762115002">
 <ele>267.02999999999997</ele>
 <time>2020-07-15T15:29:14Z</time>
 </trkpt>
 <trkpt lat="62.106858193874359" lon="-6.987594030797482">
 <ele>266.47000000000003</ele>
 <time>2020-07-15T15:29:26Z</time>
 </trkpt>
 <trkpt lat="62.106835562735796" lon="-6.987389177083969">
 <ele>265.76999999999998</ele>
 <time>2020-07-15T15:29:33Z</time>
 </trkpt>
 <trkpt lat="62.106798682361841" lon="-6.987195471301675">
 <ele>264.88999999999999</ele>
 <time>2020-07-15T15:29:43Z</time>
 </trkpt>
 <trkpt lat="62.106722155585885" lon="-6.987056247889996">
 <ele>263.55000000000001</ele>
 <time>2020-07-15T15:29:52Z</time>
 </trkpt>
 <trkpt lat="62.106649400666356" lon="-6.986919539049268">
 <ele>262.98000000000002</ele>
 <time>2020-07-15T15:30:01Z</time>
 </trkpt>
 <trkpt lat="62.106618890538812" lon="-6.986874025315046">
 <ele>262.68000000000001</ele>
 <time>2020-07-15T15:31:36Z</time>
 </trkpt>
 <trkpt lat="62.106582596898079" lon="-6.986693646758795">
 <ele>260.19999999999999</ele>
 <time>2020-07-15T15:31:50Z</time>
 </trkpt>
 <trkpt lat="62.106619980186224" lon="-6.986535228788853">
 <ele>258.00999999999999</ele>
 <time>2020-07-15T15:32:03Z</time>
 </trkpt>
 <trkpt lat="62.106693824753165" lon="-6.986422156915069">
 <ele>255.47999999999999</ele>
 <time>2020-07-15T15:32:16Z</time>
 </trkpt>
 <trkpt lat="62.106717880815268" lon="-6.986254015937448">
 <ele>252.41999999999999</ele>
 <time>2020-07-15T15:32:32Z</time>
 </trkpt>
 <trkpt lat="62.106797089800239" lon="-6.986223086714745">
 <ele>250.59</ele>
 <time>2020-07-15T15:32:42Z</time>
 </trkpt>
 <trkpt lat="62.106783594936132" lon="-6.986018316820264">
 <ele>247.55000000000001</ele>
 <time>2020-07-15T15:33:00Z</time>
 </trkpt>
 <trkpt lat="62.106837155297399" lon="-6.98590918444097">
 <ele>245.37</ele>
 <time>2020-07-15T15:33:12Z</time>
 </trkpt>
 <trkpt lat="62.106913346797228" lon="-6.985837854444981">
 <ele>243.28</ele>
 <time>2020-07-15T15:33:24Z</time>
 </trkpt>
 <trkpt lat="62.106994315981865" lon="-6.985758813098073">
 <ele>241.52000000000001</ele>
 <time>2020-07-15T15:33:33Z</time>
 </trkpt>
 <trkpt lat="62.107068998739123" lon="-6.985655128955841">
 <ele>238.55000000000001</ele>
 <time>2020-07-15T15:33:45Z</time>
 </trkpt>
 <trkpt lat="62.10704293102026" lon="-6.98546745814383">
 <ele>237.91</ele>
 <time>2020-07-15T15:33:56Z</time>
 </trkpt>
 <trkpt lat="62.107009906321764" lon="-6.985280122607946">
 <ele>235.71000000000001</ele>
 <time>2020-07-15T15:34:12Z</time>
 </trkpt>
 <trkpt lat="62.106981575489044" lon="-6.985086416825652">
 <ele>233.18000000000001</ele>
 <time>2020-07-15T15:34:24Z</time>
 </trkpt>
 <trkpt lat="62.106967326253653" lon="-6.984901009127498">
 <ele>230.44999999999999</ele>
 <time>2020-07-15T15:34:45Z</time>
 </trkpt>
 <trkpt lat="62.107018372043967" lon="-6.984703447669745">
 <ele>228.15000000000001</ele>
 <time>2020-07-15T15:35:03Z</time>
 </trkpt>
 <trkpt lat="62.107082828879356" lon="-6.98459230363369">
 <ele>226.13</ele>
 <time>2020-07-15T15:35:20Z</time>
 </trkpt>
 <trkpt lat="62.107154745608568" lon="-6.984440088272095">
 <ele>223.47999999999999</ele>
 <time>2020-07-15T15:35:45Z</time>
 </trkpt>
 <trkpt lat="62.107175700366497" lon="-6.984242275357246">
 <ele>217.68000000000001</ele>
 <time>2020-07-15T15:36:45Z</time>
 </trkpt>
 <trkpt lat="62.107219034805894" lon="-6.98408461175859">
 <ele>217.37</ele>
 <time>2020-07-15T15:36:53Z</time>
 </trkpt>
 <trkpt lat="62.107206042855978" lon="-6.983896270394325">
 <ele>214.88</ele>
 <time>2020-07-15T15:37:15Z</time>
 </trkpt>
 <trkpt lat="62.107150303199887" lon="-6.983748413622379">
 <ele>210.69</ele>
 <time>2020-07-15T15:37:32Z</time>
 </trkpt>
 <trkpt lat="62.107126833871007" lon="-6.983555294573307">
 <ele>206.55000000000001</ele>
 <time>2020-07-15T15:37:45Z</time>
 </trkpt>
 <trkpt lat="62.107101771980524" lon="-6.983361840248108">
 <ele>203.65000000000001</ele>
 <time>2020-07-15T15:37:56Z</time>
 </trkpt>
 <trkpt lat="62.107110572978854" lon="-6.983163943514228">
 <ele>202.13</ele>
 <time>2020-07-15T15:38:06Z</time>
 </trkpt>
 <trkpt lat="62.107139909639955" lon="-6.982965627685189">
 <ele>198.59</ele>
 <time>2020-07-15T15:38:19Z</time>
 </trkpt>
 <trkpt lat="62.107139658182859" lon="-6.982784578576684">
 <ele>195.18000000000001</ele>
 <time>2020-07-15T15:38:40Z</time>
 </trkpt>
 <trkpt lat="62.10711426101625" lon="-6.982582993805409">
 <ele>193.19999999999999</ele>
 <time>2020-07-15T15:38:50Z</time>
 </trkpt>
 <trkpt lat="62.107116775587201" lon="-6.982361376285553">
 <ele>191.75</ele>
 <time>2020-07-15T15:38:59Z</time>
 </trkpt>
 <trkpt lat="62.107129599899054" lon="-6.982181081548333">
 <ele>189.84</ele>
 <time>2020-07-15T15:39:08Z</time>
 </trkpt>
 <trkpt lat="62.107147788628936" lon="-6.981981256976724">
 <ele>188.43000000000001</ele>
 <time>2020-07-15T15:39:16Z</time>
 </trkpt>
 <trkpt lat="62.107144938781857" lon="-6.981775229796767">
 <ele>186.34999999999999</ele>
 <time>2020-07-15T15:39:26Z</time>
 </trkpt>
 <trkpt lat="62.10708936676383" lon="-6.981599880382419">
 <ele>184.41999999999999</ele>
 <time>2020-07-15T15:39:42Z</time>
 </trkpt>
 <trkpt lat="62.107069501653314" lon="-6.981426877900958">
 <ele>182.31</ele>
 <time>2020-07-15T15:40:00Z</time>
 </trkpt>
 <trkpt lat="62.107047038152814" lon="-6.981196375563741">
 <ele>178.13999999999999</ele>
 <time>2020-07-15T15:40:16Z</time>
 </trkpt>
 <trkpt lat="62.107021640986204" lon="-6.981014655902982">
 <ele>175.53999999999999</ele>
 <time>2020-07-15T15:40:29Z</time>
 </trkpt>
 <trkpt lat="62.10698526352644" lon="-6.980844587087631">
 <ele>174.16</ele>
 <time>2020-07-15T15:40:41Z</time>
 </trkpt>
 <trkpt lat="62.106996411457658" lon="-6.980649288743734">
 <ele>172.38</ele>
 <time>2020-07-15T15:40:50Z</time>
 </trkpt>
 <trkpt lat="62.106989705935121" lon="-6.980463042855263">
 <ele>169.72</ele>
 <time>2020-07-15T15:41:00Z</time>
 </trkpt>
 <trkpt lat="62.106924578547478" lon="-6.980272773653269">
 <ele>167.13</ele>
 <time>2020-07-15T15:41:14Z</time>
 </trkpt>
 <trkpt lat="62.106946958228946" lon="-6.980093065649271">
 <ele>165.56</ele>
 <time>2020-07-15T15:41:24Z</time>
 </trkpt>
 <trkpt lat="62.106880825012922" lon="-6.979958787560463">
 <ele>164.21000000000001</ele>
 <time>2020-07-15T15:41:35Z</time>
 </trkpt>
 <trkpt lat="62.106870850548148" lon="-6.979779498651624">
 <ele>162.31</ele>
 <time>2020-07-15T15:41:46Z</time>
 </trkpt>
 <trkpt lat="62.106937989592552" lon="-6.97961269877851">
 <ele>160.53</ele>
 <time>2020-07-15T15:41:58Z</time>
 </trkpt>
 <trkpt lat="62.106885686516762" lon="-6.97946266271174">
 <ele>158.09999999999999</ele>
 <time>2020-07-15T15:42:15Z</time>
 </trkpt>
 <trkpt lat="62.106794491410255" lon="-6.979367192834616">
 <ele>155.5</ele>
 <time>2020-07-15T15:42:27Z</time>
 </trkpt>
 <trkpt lat="62.106731878593564" lon="-6.979212462902069">
 <ele>153.03999999999999</ele>
 <time>2020-07-15T15:42:42Z</time>
 </trkpt>
 <trkpt lat="62.106745122000575" lon="-6.97904784232378">
 <ele>150.03999999999999</ele>
 <time>2020-07-15T15:42:54Z</time>
 </trkpt>
 <trkpt lat="62.106789043173194" lon="-6.97888221591711">
 <ele>147.75999999999999</ele>
 <time>2020-07-15T15:43:08Z</time>
 </trkpt>
 <trkpt lat="62.106741350144148" lon="-6.978791104629636">
 <ele>144.87</ele>
 <time>2020-07-15T15:43:22Z</time>
 </trkpt>
 <trkpt lat="62.106660464778543" lon="-6.978693036362529">
 <ele>141.81</ele>
 <time>2020-07-15T15:43:34Z</time>
 </trkpt>
 <trkpt lat="62.106574131175876" lon="-6.978551214560866">
 <ele>139.12</ele>
 <time>2020-07-15T15:43:49Z</time>
 </trkpt>
 <trkpt lat="62.106467848643661" lon="-6.978500755503774">
 <ele>136.36000000000001</ele>
 <time>2020-07-15T15:44:03Z</time>
 </trkpt>
 <trkpt lat="62.106385789811611" lon="-6.978493547067046">
 <ele>134.58000000000001</ele>
 <time>2020-07-15T15:44:15Z</time>
 </trkpt>
 <trkpt lat="62.106390567496419" lon="-6.978305960074067">
 <ele>132.69999999999999</ele>
 <time>2020-07-15T15:44:26Z</time>
 </trkpt>
 <trkpt lat="62.106389477849007" lon="-6.978100268170238">
 <ele>129.27000000000001</ele>
 <time>2020-07-15T15:44:40Z</time>
 </trkpt>
 <trkpt lat="62.106355866417289" lon="-6.977891391143203">
 <ele>126.63</ele>
 <time>2020-07-15T15:44:51Z</time>
 </trkpt>
 <trkpt lat="62.106305323541164" lon="-6.977692237123847">
 <ele>123.84999999999999</ele>
 <time>2020-07-15T15:45:03Z</time>
 </trkpt>
 <trkpt lat="62.10628068074584" lon="-6.977488892152906">
 <ele>121.19</ele>
 <time>2020-07-15T15:45:18Z</time>
 </trkpt>
 <trkpt lat="62.106278669089079" lon="-6.977315889671445">
 <ele>118.73999999999999</ele>
 <time>2020-07-15T15:45:31Z</time>
 </trkpt>
 <trkpt lat="62.106225779280066" lon="-6.977175157517195">
 <ele>116.48999999999999</ele>
 <time>2020-07-15T15:45:42Z</time>
 </trkpt>
 <trkpt lat="62.106145480647683" lon="-6.977088404819369">
 <ele>113.70999999999999</ele>
 <time>2020-07-15T15:45:56Z</time>
 </trkpt>
 <trkpt lat="62.106078341603279" lon="-6.976929232478142">
 <ele>111.79000000000001</ele>
 <time>2020-07-15T15:46:05Z</time>
 </trkpt>
 <trkpt lat="62.106011118739843" lon="-6.976747009903193">
 <ele>110.63</ele>
 <time>2020-07-15T15:46:18Z</time>
 </trkpt>
 <trkpt lat="62.105944817885756" lon="-6.976532349362969">
 <ele>108.23999999999999</ele>
 <time>2020-07-15T15:46:31Z</time>
 </trkpt>
 <trkpt lat="62.105894610285759" lon="-6.976297572255135">
 <ele>106.76000000000001</ele>
 <time>2020-07-15T15:46:45Z</time>
 </trkpt>
 <trkpt lat="62.1058614179492" lon="-6.976110655814409">
 <ele>103.29000000000001</ele>
 <time>2020-07-15T15:46:58Z</time>
 </trkpt>
 <trkpt lat="62.105859909206629" lon="-6.975960284471512">
 <ele>100.47</ele>
 <time>2020-07-15T15:47:15Z</time>
 </trkpt>
 <trkpt lat="62.105868961662054" lon="-6.975738918408752">
 <ele>98.260000000000005</ele>
 <time>2020-07-15T15:47:28Z</time>
 </trkpt>
 <trkpt lat="62.105891844257712" lon="-6.975522916764021">
 <ele>97.099999999999994</ele>
 <time>2020-07-15T15:47:36Z</time>
 </trkpt>
 <trkpt lat="62.105926210060716" lon="-6.975332982838154">
 <ele>96.680000000000007</ele>
 <time>2020-07-15T15:47:44Z</time>
 </trkpt>
 <trkpt lat="62.105949930846691" lon="-6.975133158266544">
 <ele>94.939999999999998</ele>
 <time>2020-07-15T15:47:52Z</time>
 </trkpt>
 <trkpt lat="62.105981027707458" lon="-6.974933668971062">
 <ele>92.810000000000002</ele>
 <time>2020-07-15T15:48:02Z</time>
 </trkpt>
 <trkpt lat="62.106003491207957" lon="-6.974746165797114">
 <ele>91.230000000000004</ele>
 <time>2020-07-15T15:48:11Z</time>
 </trkpt>
 <trkpt lat="62.106034001335502" lon="-6.97456126101315">
 <ele>89.060000000000002</ele>
 <time>2020-07-15T15:48:22Z</time>
 </trkpt>
 <trkpt lat="62.106046658009291" lon="-6.974337631836534">
 <ele>86.120000000000005</ele>
 <time>2020-07-15T15:48:33Z</time>
 </trkpt>
 <trkpt lat="62.106075743213296" lon="-6.974131604656577">
 <ele>84.260000000000005</ele>
 <time>2020-07-15T15:48:43Z</time>
 </trkpt>
 <trkpt lat="62.106068702414632" lon="-6.973914764821529">
 <ele>82.519999999999996</ele>
 <time>2020-07-15T15:48:53Z</time>
 </trkpt>
 <trkpt lat="62.106024865061045" lon="-6.973740924149752">
 <ele>80.819999999999993</ele>
 <time>2020-07-15T15:49:03Z</time>
 </trkpt>
 <trkpt lat="62.106005838140845" lon="-6.973544955253601">
 <ele>78.859999999999999</ele>
 <time>2020-07-15T15:49:14Z</time>
 </trkpt>
 <trkpt lat="62.105946578085423" lon="-6.973360804840922">
 <ele>77.079999999999998</ele>
 <time>2020-07-15T15:49:23Z</time>
 </trkpt>
 <trkpt lat="62.105909194797277" lon="-6.973191238939762">
 <ele>75.390000000000001</ele>
 <time>2020-07-15T15:49:34Z</time>
 </trkpt>
 <trkpt lat="62.105874326080084" lon="-6.972985630854964">
 <ele>72.900000000000006</ele>
 <time>2020-07-15T15:49:44Z</time>
 </trkpt>
 <trkpt lat="62.105908524245024" lon="-6.972844898700714">
 <ele>71.810000000000002</ele>
 <time>2020-07-15T15:49:53Z</time>
 </trkpt>
 <trkpt lat="62.105949344113469" lon="-6.972676422446966">
 <ele>69.349999999999994</ele>
 <time>2020-07-15T15:50:03Z</time>
 </trkpt>
 <trkpt lat="62.105956049636006" lon="-6.972480537369847">
 <ele>66.900000000000006</ele>
 <time>2020-07-15T15:50:15Z</time>
 </trkpt>
 <trkpt lat="62.10597432218492" lon="-6.972277527675033">
 <ele>64.620000000000005</ele>
 <time>2020-07-15T15:50:25Z</time>
 </trkpt>
 <trkpt lat="62.106001898646355" lon="-6.972079798579216">
 <ele>62.07</ele>
 <time>2020-07-15T15:50:37Z</time>
 </trkpt>
 <trkpt lat="62.106055459007621" lon="-6.971944011747837">
 <ele>60.289999999999999</ele>
 <time>2020-07-15T15:50:49Z</time>
 </trkpt>
 <trkpt lat="62.106119748204947" lon="-6.971802860498428">
 <ele>59.25</ele>
 <time>2020-07-15T15:51:04Z</time>
 </trkpt>
 <trkpt lat="62.106144223362207" lon="-6.971613932400942">
 <ele>56.810000000000002</ele>
 <time>2020-07-15T15:51:17Z</time>
 </trkpt>
 <trkpt lat="62.106140954419971" lon="-6.971442773938179">
 <ele>54.359999999999999</ele>
 <time>2020-07-15T15:51:33Z</time>
 </trkpt>
 <trkpt lat="62.106159562245011" lon="-6.971242027357221">
 <ele>51.969999999999999</ele>
 <time>2020-07-15T15:51:47Z</time>
 </trkpt>
 <trkpt lat="62.106168363243341" lon="-6.971072042360902">
 <ele>49.399999999999999</ele>
 <time>2020-07-15T15:52:00Z</time>
 </trkpt>
 <trkpt lat="62.106107845902443" lon="-6.970895854756236">
 <ele>45.649999999999999</ele>
 <time>2020-07-15T15:52:15Z</time>
 </trkpt>
 <trkpt lat="62.106119496747851" lon="-6.970676751807332">
 <ele>45.119999999999997</ele>
 <time>2020-07-15T15:52:25Z</time>
 </trkpt>
 <trkpt lat="62.106135254725814" lon="-6.970492769032717">
 <ele>44.049999999999997</ele>
 <time>2020-07-15T15:52:32Z</time>
 </trkpt>
 <trkpt lat="62.106156377121806" lon="-6.970279533416033">
 <ele>42.539999999999999</ele>
 <time>2020-07-15T15:52:41Z</time>
 </trkpt>
 <trkpt lat="62.106146067380905" lon="-6.970073925331235">
 <ele>40.049999999999997</ele>
 <time>2020-07-15T15:52:52Z</time>
 </trkpt>
 <trkpt lat="62.106159813702106" lon="-6.969808889552951">
 <ele>38.119999999999997</ele>
 <time>2020-07-15T15:53:01Z</time>
 </trkpt>
 <trkpt lat="62.106167944148183" lon="-6.969595486298204">
 <ele>36.119999999999997</ele>
 <time>2020-07-15T15:53:09Z</time>
 </trkpt>
 <trkpt lat="62.106134248897433" lon="-6.969402367249131">
 <ele>34.729999999999997</ele>
 <time>2020-07-15T15:53:18Z</time>
 </trkpt>
 <trkpt lat="62.106059147045016" lon="-6.969281751662493">
 <ele>33.57</ele>
 <time>2020-07-15T15:53:25Z</time>
 </trkpt>
 <trkpt lat="62.106062918901443" lon="-6.969130542129278">
 <ele>33.140000000000001</ele>
 <time>2020-07-15T15:53:46Z</time>
 </trkpt>
 <trkpt lat="62.106009777635336" lon="-6.968933148309588">
 <ele>32.549999999999997</ele>
 <time>2020-07-15T15:54:05Z</time>
 </trkpt>
 <trkpt lat="62.106165597215295" lon="-6.968797696754336">
 <ele>32.07</ele>
 <time>2020-07-15T16:02:30Z</time>
 </trkpt>
 <trkpt lat="62.106214547529817" lon="-6.968618575483561">
 <ele>30.859999999999999</ele>
 <time>2020-07-15T16:02:39Z</time>
 </trkpt>
 <trkpt lat="62.10621471516788" lon="-6.968438029289246">
 <ele>29.440000000000001</ele>
 <time>2020-07-15T16:02:48Z</time>
 </trkpt>
 <trkpt lat="62.106208093464375" lon="-6.968234181404114">
 <ele>27.98</ele>
 <time>2020-07-15T16:03:00Z</time>
 </trkpt>
 <trkpt lat="62.106218235567212" lon="-6.967983394861221">
 <ele>26.41</ele>
 <time>2020-07-15T16:03:10Z</time>
 </trkpt>
 <trkpt lat="62.106245560571551" lon="-6.967780385166407">
 <ele>25.719999999999999</ele>
 <time>2020-07-15T16:03:20Z</time>
 </trkpt>
 <trkpt lat="62.106293588876724" lon="-6.967581901699305">
 <ele>24.629999999999999</ele>
 <time>2020-07-15T16:03:29Z</time>
 </trkpt>
 <trkpt lat="62.106336923316121" lon="-6.967403786256909">
 <ele>23.02</ele>
 <time>2020-07-15T16:03:37Z</time>
 </trkpt>
 <trkpt lat="62.10636081174016" lon="-6.967215863987804">
 <ele>22.050000000000001</ele>
 <time>2020-07-15T16:03:45Z</time>
 </trkpt>
 <trkpt lat="62.106374558061361" lon="-6.967103881761432">
 <ele>20.73</ele>
 <time>2020-07-15T16:04:12Z</time>
 </trkpt>
 <trkpt lat="62.106387885287404" lon="-6.96698603220284">
 <ele>19.41</ele>
 <time>2020-07-15T16:04:29Z</time>
 </trkpt>
 <trkpt lat="62.106433901935816" lon="-6.966813448816538">
 <ele>18.059999999999999</ele>
 <time>2020-07-15T16:04:37Z</time>
 </trkpt>
 <trkpt lat="62.106450079008937" lon="-6.96659124456346">
 <ele>17.449999999999999</ele>
 <time>2020-07-15T16:04:48Z</time>
 </trkpt>
 <trkpt lat="62.106452928856015" lon="-6.966399801895022">
 <ele>16.719999999999999</ele>
 <time>2020-07-15T16:05:03Z</time>
 </trkpt>
 <trkpt lat="62.106371708214283" lon="-6.966257393360138">
 <ele>15.869999999999999</ele>
 <time>2020-07-15T16:05:11Z</time>
 </trkpt>
 <trkpt lat="62.106300294399261" lon="-6.96608891710639">
 <ele>15.31</ele>
 <time>2020-07-15T16:05:20Z</time>
 </trkpt>
 <trkpt lat="62.106213206425309" lon="-6.965922620147467">
 <ele>14.630000000000001</ele>
 <time>2020-07-15T16:05:27Z</time>
 </trkpt>
 <trkpt lat="62.106143720448017" lon="-6.965764034539461">
 <ele>14.49</ele>
 <time>2020-07-15T16:05:33Z</time>
 </trkpt>
 <trkpt lat="62.106062415987253" lon="-6.965648028999567">
 <ele>14.69</ele>
 <time>2020-07-15T16:05:39Z</time>
 </trkpt>
 <trkpt lat="62.105996618047357" lon="-6.965527161955833">
 <ele>14.4</ele>
 <time>2020-07-15T16:05:45Z</time>
 </trkpt>
 <trkpt lat="62.10592738352716" lon="-6.965404534712434">
 <ele>14.69</ele>
 <time>2020-07-15T16:05:51Z</time>
 </trkpt>
 <trkpt lat="62.10584532469511" lon="-6.96532323025167">
 <ele>14.82</ele>
 <time>2020-07-15T16:05:56Z</time>
 </trkpt>
 <trkpt lat="62.105802074074745" lon="-6.965163052082062">
 <ele>15.02</ele>
 <time>2020-07-15T16:06:03Z</time>
 </trkpt>
 <trkpt lat="62.105742478743196" lon="-6.964961383491755">
 <ele>14.92</ele>
 <time>2020-07-15T16:06:14Z</time>
 </trkpt>
 <trkpt lat="62.10561515763402" lon="-6.965032378211618">
 <ele>16.149999999999999</ele>
 <time>2020-07-15T16:06:21Z</time>
 </trkpt>
 <trkpt lat="62.105535864830017" lon="-6.965165734291077">
 <ele>17.109999999999999</ele>
 <time>2020-07-15T16:06:27Z</time>
 </trkpt>
 <trkpt lat="62.105484986677766" lon="-6.965318452566862">
 <ele>17.780000000000001</ele>
 <time>2020-07-15T16:06:34Z</time>
 </trkpt>
 <trkpt lat="62.105509964749217" lon="-6.965463375672698">
 <ele>18.739999999999998</ele>
 <time>2020-07-15T16:06:42Z</time>
 </trkpt>
 <trkpt lat="62.105591353029013" lon="-6.965501513332129">
 <ele>18.329999999999998</ele>
 <time>2020-07-15T16:07:04Z</time>
 </trkpt>
 </trkseg>
 </trk>

</gpx>