<?xml version="1.0" encoding="utf-8"?><gpx creator="Garmin Desktop App" version="1.1" xsi:schemaLocation="http://www.topografix.com/GPX/1/1 http://www.topografix.com/GPX/1/1/gpx.xsd http://www.garmin.com/xmlschemas/WaypointExtension/v1 http://www8.garmin.com/xmlschemas/WaypointExtensionv1.xsd http://www.garmin.com/xmlschemas/TrackPointExtension/v1 http://www.garmin.com/xmlschemas/TrackPointExtensionv1.xsd http://www.garmin.com/xmlschemas/GpxExtensions/v3 http://www8.garmin.com/xmlschemas/GpxExtensionsv3.xsd http://www.garmin.com/xmlschemas/ActivityExtension/v1 http://www8.garmin.com/xmlschemas/ActivityExtensionv1.xsd http://www.garmin.com/xmlschemas/AdventuresExtensions/v1 http://www8.garmin.com/xmlschemas/AdventuresExtensionv1.xsd http://www.garmin.com/xmlschemas/PressureExtension/v1 http://www.garmin.com/xmlschemas/PressureExtensionv1.xsd http://www.garmin.com/xmlschemas/TripExtensions/v1 http://www.garmin.com/xmlschemas/TripExtensionsv1.xsd http://www.garmin.com/xmlschemas/TripMetaDataExtensions/v1 http://www.garmin.com/xmlschemas/TripMetaDataExtensionsv1.xsd http://www.garmin.com/xmlschemas/ViaPointTransportationModeExtensions/v1 http://www.garmin.com/xmlschemas/ViaPointTransportationModeExtensionsv1.xsd http://www.garmin.com/xmlschemas/CreationTimeExtension/v1 http://www.garmin.com/xmlschemas/CreationTimeExtensionsv1.xsd http://www.garmin.com/xmlschemas/AccelerationExtension/v1 http://www.garmin.com/xmlschemas/AccelerationExtensionv1.xsd http://www.garmin.com/xmlschemas/PowerExtension/v1 http://www.garmin.com/xmlschemas/PowerExtensionv1.xsd http://www.garmin.com/xmlschemas/VideoExtension/v1 http://www.garmin.com/xmlschemas/VideoExtensionv1.xsd" xmlns="http://www.topografix.com/GPX/1/1" xmlns:xsi="http://www.w3.org/2001/XMLSchema-instance" xmlns:wptx1="http://www.garmin.com/xmlschemas/WaypointExtension/v1" xmlns:gpxtrx="http://www.garmin.com/xmlschemas/GpxExtensions/v3" xmlns:gpxtpx="http://www.garmin.com/xmlschemas/TrackPointExtension/v1" xmlns:gpxx="http://www.garmin.com/xmlschemas/GpxExtensions/v3" xmlns:trp="http://www.garmin.com/xmlschemas/TripExtensions/v1" xmlns:adv="http://www.garmin.com/xmlschemas/AdventuresExtensions/v1" xmlns:prs="http://www.garmin.com/xmlschemas/PressureExtension/v1" xmlns:tmd="http://www.garmin.com/xmlschemas/TripMetaDataExtensions/v1" xmlns:vptm="http://www.garmin.com/xmlschemas/ViaPointTransportationModeExtensions/v1" xmlns:ctx="http://www.garmin.com/xmlschemas/CreationTimeExtension/v1" xmlns:gpxacc="http://www.garmin.com/xmlschemas/AccelerationExtension/v1" xmlns:gpxpx="http://www.garmin.com/xmlschemas/PowerExtension/v1" xmlns:vidx1="http://www.garmin.com/xmlschemas/VideoExtension/v1">

  <metadata>
    <link href="http://www.garmin.com">
      <text>Garmin International</text>
    </link>
    <time>2021-02-02T13:59:09Z</time>
    <bounds maxlat="62.082020519301295" maxlon="-6.952524902299047" minlat="62.040159786120057" minlon="-6.987058930099011" />
  </metadata>

  <wpt lat="62.072140015661716" lon="-6.972593022510409">
    <ele>368.17147799999998</ele>
    <time>2020-07-21T08:41:03Z</time>
    <name>WP1 02_SN</name>
    <sym>Flag, Blue</sym>
    <type>user</type>
    <extensions>
      <gpxx:WaypointExtension>
        <gpxx:DisplayMode>SymbolAndName</gpxx:DisplayMode>
      </gpxx:WaypointExtension>
      <wptx1:WaypointExtension>
        <wptx1:DisplayMode>SymbolAndName</wptx1:DisplayMode>
      </wptx1:WaypointExtension>
      <ctx:CreationTimeExtension>
        <ctx:CreationTime>2020-07-21T08:41:03Z</ctx:CreationTime>
      </ctx:CreationTimeExtension>
    </extensions>
  </wpt>

  <wpt lat="62.057740828022361" lon="-6.980230780318379">
    <ele>406.67578125</ele>
    <time>2020-07-21T09:49:12Z</time>
    <name>WP2 09_SN</name>
    <sym>Flag, Blue</sym>
    <type>user</type>
    <extensions>
      <gpxx:WaypointExtension>
        <gpxx:DisplayMode>SymbolAndName</gpxx:DisplayMode>
      </gpxx:WaypointExtension>
      <wptx1:WaypointExtension>
        <wptx1:DisplayMode>SymbolAndName</wptx1:DisplayMode>
      </wptx1:WaypointExtension>
      <ctx:CreationTimeExtension>
        <ctx:CreationTime>2020-07-21T09:49:12Z</ctx:CreationTime>
      </ctx:CreationTimeExtension>
    </extensions>
  </wpt>

  <wpt lat="62.048323005437851" lon="-6.973814014345408">
    <ele>243.815811</ele>
    <time>2020-07-21T10:16:08Z</time>
    <name>WP3 12_SN</name>
    <sym>Flag, Blue</sym>
    <type>user</type>
    <extensions>
      <gpxx:WaypointExtension>
        <gpxx:DisplayMode>SymbolAndName</gpxx:DisplayMode>
      </gpxx:WaypointExtension>
      <wptx1:WaypointExtension>
        <wptx1:DisplayMode>SymbolAndName</wptx1:DisplayMode>
      </wptx1:WaypointExtension>
      <ctx:CreationTimeExtension>
        <ctx:CreationTime>2020-07-21T10:16:08Z</ctx:CreationTime>
      </ctx:CreationTimeExtension>
    </extensions>
  </wpt>

  <trk>
    <name>13 Wanderung Skeidskarð Norðradalur</name>
    <extensions>
      <gpxx:TrackExtension>
        <gpxx:DisplayColor>Black</gpxx:DisplayColor>
      </gpxx:TrackExtension>
    </extensions>
    <trkseg>
      <trkpt lat="62.081780629232526" lon="-6.952524902299047">
        <ele>503.82999999999998</ele>
        <time>2020-07-21T07:58:06Z</time>
      </trkpt>
      <trkpt lat="62.081712232902646" lon="-6.952627329155803">
        <ele>492.69999999999999</ele>
        <time>2020-07-21T07:58:37Z</time>
      </trkpt>
      <trkpt lat="62.081616343930364" lon="-6.952580893412232">
        <ele>492.04000000000002</ele>
        <time>2020-07-21T07:58:44Z</time>
      </trkpt>
      <trkpt lat="62.081529842689633" lon="-6.952649373561144">
        <ele>491.44999999999999</ele>
        <time>2020-07-21T07:58:51Z</time>
      </trkpt>
      <trkpt lat="62.081487597897649" lon="-6.952852969989181">
        <ele>491.35000000000002</ele>
        <time>2020-07-21T07:58:58Z</time>
      </trkpt>
      <trkpt lat="62.081473851576447" lon="-6.953061260282993">
        <ele>491.42000000000002</ele>
        <time>2020-07-21T07:59:05Z</time>
      </trkpt>
      <trkpt lat="62.081501930952072" lon="-6.953256642445922">
        <ele>490.80000000000001</ele>
        <time>2020-07-21T07:59:12Z</time>
      </trkpt>
      <trkpt lat="62.081533782184124" lon="-6.95346518419683">
        <ele>490.20999999999998</ele>
        <time>2020-07-21T07:59:19Z</time>
      </trkpt>
      <trkpt lat="62.081559179350734" lon="-6.953662997111678">
        <ele>489.75999999999999</ele>
        <time>2020-07-21T07:59:25Z</time>
      </trkpt>
      <trkpt lat="62.081569572910666" lon="-6.95388930849731">
        <ele>489.08999999999997</ele>
        <time>2020-07-21T07:59:32Z</time>
      </trkpt>
      <trkpt lat="62.081549791619182" lon="-6.954085947945714">
        <ele>489.27999999999997</ele>
        <time>2020-07-21T07:59:38Z</time>
      </trkpt>
      <trkpt lat="62.081517186015844" lon="-6.954291807487607">
        <ele>488.85000000000002</ele>
        <time>2020-07-21T07:59:45Z</time>
      </trkpt>
      <trkpt lat="62.08148474805057" lon="-6.954528177157044">
        <ele>488.55000000000001</ele>
        <time>2020-07-21T07:59:57Z</time>
      </trkpt>
      <trkpt lat="62.081460608169436" lon="-6.954735210165381">
        <ele>488.37</ele>
        <time>2020-07-21T08:00:03Z</time>
      </trkpt>
      <trkpt lat="62.081467984244227" lon="-6.954947775229812">
        <ele>487.88999999999999</ele>
        <time>2020-07-21T08:00:09Z</time>
      </trkpt>
      <trkpt lat="62.081477455794811" lon="-6.955139134079218">
        <ele>487.06</ele>
        <time>2020-07-21T08:00:15Z</time>
      </trkpt>
      <trkpt lat="62.081496398895979" lon="-6.955340215936303">
        <ele>485.95999999999998</ele>
        <time>2020-07-21T08:00:21Z</time>
      </trkpt>
      <trkpt lat="62.081529088318348" lon="-6.95552914403379">
        <ele>485.07999999999998</ele>
        <time>2020-07-21T08:00:27Z</time>
      </trkpt>
      <trkpt lat="62.081573344767094" lon="-6.955702565610409">
        <ele>484.69999999999999</ele>
        <time>2020-07-21T08:00:33Z</time>
      </trkpt>
      <trkpt lat="62.081594718620181" lon="-6.955917729064822">
        <ele>484</ele>
        <time>2020-07-21T08:00:40Z</time>
      </trkpt>
      <trkpt lat="62.081582481041551" lon="-6.956128617748618">
        <ele>483.13</ele>
        <time>2020-07-21T08:01:35Z</time>
      </trkpt>
      <trkpt lat="62.081570159643888" lon="-6.956324921920896">
        <ele>483.27999999999997</ele>
        <time>2020-07-21T08:01:41Z</time>
      </trkpt>
      <trkpt lat="62.08154677413404" lon="-6.956519884988666">
        <ele>483.31</ele>
        <time>2020-07-21T08:01:47Z</time>
      </trkpt>
      <trkpt lat="62.081543505191803" lon="-6.956730606034398">
        <ele>482.81</ele>
        <time>2020-07-21T08:01:58Z</time>
      </trkpt>
      <trkpt lat="62.081587426364422" lon="-6.956895645707846">
        <ele>483.79000000000002</ele>
        <time>2020-07-21T08:02:04Z</time>
      </trkpt>
      <trkpt lat="62.081627072766423" lon="-6.957075102254748">
        <ele>482.99000000000001</ele>
        <time>2020-07-21T08:02:10Z</time>
      </trkpt>
      <trkpt lat="62.081649787724018" lon="-6.957273920997977">
        <ele>483.24000000000001</ele>
        <time>2020-07-21T08:02:16Z</time>
      </trkpt>
      <trkpt lat="62.081682812422514" lon="-6.95746217854321">
        <ele>482.67000000000002</ele>
        <time>2020-07-21T08:02:22Z</time>
      </trkpt>
      <trkpt lat="62.081737127155066" lon="-6.95764247328043">
        <ele>481.80000000000001</ele>
        <time>2020-07-21T08:02:28Z</time>
      </trkpt>
      <trkpt lat="62.081800410524011" lon="-6.957797203212977">
        <ele>481.07999999999998</ele>
        <time>2020-07-21T08:02:34Z</time>
      </trkpt>
      <trkpt lat="62.08188297227025" lon="-6.957930056378245">
        <ele>479.98000000000002</ele>
        <time>2020-07-21T08:02:41Z</time>
      </trkpt>
      <trkpt lat="62.081937873736024" lon="-6.958088474348187">
        <ele>479.24000000000001</ele>
        <time>2020-07-21T08:02:47Z</time>
      </trkpt>
      <trkpt lat="62.081961845979095" lon="-6.958292070776224">
        <ele>478.69999999999999</ele>
        <time>2020-07-21T08:02:54Z</time>
      </trkpt>
      <trkpt lat="62.081987159326673" lon="-6.958494074642658">
        <ele>477.35000000000002</ele>
        <time>2020-07-21T08:03:01Z</time>
      </trkpt>
      <trkpt lat="62.08198556676507" lon="-6.958686942234635">
        <ele>476.57999999999998</ele>
        <time>2020-07-21T08:03:07Z</time>
      </trkpt>
      <trkpt lat="62.081989673897624" lon="-6.958887604996562">
        <ele>475.48000000000002</ele>
        <time>2020-07-21T08:03:14Z</time>
      </trkpt>
      <trkpt lat="62.081975508481264" lon="-6.959069324657321">
        <ele>475.14999999999998</ele>
        <time>2020-07-21T08:03:22Z</time>
      </trkpt>
      <trkpt lat="62.082020519301295" lon="-6.959198489785194">
        <ele>473.79000000000002</ele>
        <time>2020-07-21T08:03:50Z</time>
      </trkpt>
      <trkpt lat="62.081984812393785" lon="-6.959368977695704">
        <ele>472.23000000000002</ele>
        <time>2020-07-21T08:03:58Z</time>
      </trkpt>
      <trkpt lat="62.081929743289948" lon="-6.959538124501705">
        <ele>470.25999999999999</ele>
        <time>2020-07-21T08:04:11Z</time>
      </trkpt>
      <trkpt lat="62.081870986148715" lon="-6.959702242165804">
        <ele>469.11000000000001</ele>
        <time>2020-07-21T08:04:18Z</time>
      </trkpt>
      <trkpt lat="62.081797309219837" lon="-6.959845656529069">
        <ele>467.76999999999998</ele>
        <time>2020-07-21T08:04:24Z</time>
      </trkpt>
      <trkpt lat="62.081705862656236" lon="-6.959940204396844">
        <ele>466.05000000000001</ele>
        <time>2020-07-21T08:04:32Z</time>
      </trkpt>
      <trkpt lat="62.08162154071033" lon="-6.960042044520378">
        <ele>464.43000000000001</ele>
        <time>2020-07-21T08:04:39Z</time>
      </trkpt>
      <trkpt lat="62.081559933722019" lon="-6.960186464712024">
        <ele>463.35000000000002</ele>
        <time>2020-07-21T08:04:57Z</time>
      </trkpt>
      <trkpt lat="62.081482484936714" lon="-6.96034069173038">
        <ele>461.80000000000001</ele>
        <time>2020-07-21T08:05:05Z</time>
      </trkpt>
      <trkpt lat="62.081391792744398" lon="-6.960487877950072">
        <ele>459.88999999999999</ele>
        <time>2020-07-21T08:05:13Z</time>
      </trkpt>
      <trkpt lat="62.081301687285304" lon="-6.960567757487297">
        <ele>458.25</ele>
        <time>2020-07-21T08:05:19Z</time>
      </trkpt>
      <trkpt lat="62.081228345632553" lon="-6.96071008220315">
        <ele>456.44999999999999</ele>
        <time>2020-07-21T08:05:27Z</time>
      </trkpt>
      <trkpt lat="62.081177132204175" lon="-6.960897082462907">
        <ele>453.97000000000003</ele>
        <time>2020-07-21T08:05:36Z</time>
      </trkpt>
      <trkpt lat="62.081125248223543" lon="-6.961049130186439">
        <ele>451.38</ele>
        <time>2020-07-21T08:05:44Z</time>
      </trkpt>
      <trkpt lat="62.08106841892004" lon="-6.961196735501289">
        <ele>449.73000000000002</ele>
        <time>2020-07-21T08:06:01Z</time>
      </trkpt>
      <trkpt lat="62.081012427806854" lon="-6.961353309452534">
        <ele>447.92000000000002</ele>
        <time>2020-07-21T08:06:10Z</time>
      </trkpt>
      <trkpt lat="62.080940930172801" lon="-6.961513487622142">
        <ele>446.83999999999997</ele>
        <time>2020-07-21T08:06:18Z</time>
      </trkpt>
      <trkpt lat="62.080861553549767" lon="-6.961656734347343">
        <ele>445.69</ele>
        <time>2020-07-21T08:06:25Z</time>
      </trkpt>
      <trkpt lat="62.0807820931077" lon="-6.961772991344333">
        <ele>444.13999999999999</ele>
        <time>2020-07-21T08:06:31Z</time>
      </trkpt>
      <trkpt lat="62.080709924921393" lon="-6.961870389059186">
        <ele>443</ele>
        <time>2020-07-21T08:06:37Z</time>
      </trkpt>
      <trkpt lat="62.08062082529068" lon="-6.961949933320284">
        <ele>442.63</ele>
        <time>2020-07-21T08:06:44Z</time>
      </trkpt>
      <trkpt lat="62.080522924661636" lon="-6.961995949968696">
        <ele>442.24000000000001</ele>
        <time>2020-07-21T08:06:51Z</time>
      </trkpt>
      <trkpt lat="62.080433908849955" lon="-6.96210952475667">
        <ele>440.91000000000003</ele>
        <time>2020-07-21T08:06:57Z</time>
      </trkpt>
      <trkpt lat="62.080364422872663" lon="-6.96225319057703">
        <ele>440.05000000000001</ele>
        <time>2020-07-21T08:07:03Z</time>
      </trkpt>
      <trkpt lat="62.080305581912398" lon="-6.962436670437455">
        <ele>438</ele>
        <time>2020-07-21T08:07:10Z</time>
      </trkpt>
      <trkpt lat="62.080230647698045" lon="-6.962571619078517">
        <ele>436.51999999999998</ele>
        <time>2020-07-21T08:07:16Z</time>
      </trkpt>
      <trkpt lat="62.080157389864326" lon="-6.962688295170665">
        <ele>435.12</ele>
        <time>2020-07-21T08:07:23Z</time>
      </trkpt>
      <trkpt lat="62.080067284405231" lon="-6.962799606844783">
        <ele>432.63999999999999</ele>
        <time>2020-07-21T08:07:31Z</time>
      </trkpt>
      <trkpt lat="62.079977430403233" lon="-6.962869595736265">
        <ele>431.5</ele>
        <time>2020-07-21T08:07:38Z</time>
      </trkpt>
      <trkpt lat="62.079882379621267" lon="-6.962957438081503">
        <ele>430.58999999999997</ele>
        <time>2020-07-21T08:07:45Z</time>
      </trkpt>
      <trkpt lat="62.079797219485044" lon="-6.963079059496522">
        <ele>429.27999999999997</ele>
        <time>2020-07-21T08:07:52Z</time>
      </trkpt>
      <trkpt lat="62.079714573919773" lon="-6.963227251544595">
        <ele>428.06999999999999</ele>
        <time>2020-07-21T08:07:59Z</time>
      </trkpt>
      <trkpt lat="62.079632263630629" lon="-6.963360356166959">
        <ele>427.11000000000001</ele>
        <time>2020-07-21T08:08:05Z</time>
      </trkpt>
      <trkpt lat="62.079544421285391" lon="-6.963480804115534">
        <ele>425.83999999999997</ele>
        <time>2020-07-21T08:08:12Z</time>
      </trkpt>
      <trkpt lat="62.079470995813608" lon="-6.963626397773624">
        <ele>425.13</ele>
        <time>2020-07-21T08:08:18Z</time>
      </trkpt>
      <trkpt lat="62.079400084912777" lon="-6.963774086907506">
        <ele>423.68000000000001</ele>
        <time>2020-07-21T08:08:24Z</time>
      </trkpt>
      <trkpt lat="62.079320373013616" lon="-6.963904174044728">
        <ele>422.74000000000001</ele>
        <time>2020-07-21T08:08:30Z</time>
      </trkpt>
      <trkpt lat="62.079247198998928" lon="-6.964020179584622">
        <ele>422.08999999999997</ele>
        <time>2020-07-21T08:08:36Z</time>
      </trkpt>
      <trkpt lat="62.079179640859365" lon="-6.964160576462746">
        <ele>420.82999999999998</ele>
        <time>2020-07-21T08:08:43Z</time>
      </trkpt>
      <trkpt lat="62.079089786857367" lon="-6.964290747419">
        <ele>419.98000000000002</ele>
        <time>2020-07-21T08:08:50Z</time>
      </trkpt>
      <trkpt lat="62.078995490446687" lon="-6.964402226731181">
        <ele>418.88</ele>
        <time>2020-07-21T08:08:56Z</time>
      </trkpt>
      <trkpt lat="62.078918712213635" lon="-6.964519573375583">
        <ele>417.70999999999998</ele>
        <time>2020-07-21T08:09:02Z</time>
      </trkpt>
      <trkpt lat="62.078846879303455" lon="-6.964681930840015">
        <ele>416.44999999999999</ele>
        <time>2020-07-21T08:09:09Z</time>
      </trkpt>
      <trkpt lat="62.078783763572574" lon="-6.964851329103112">
        <ele>415.31</ele>
        <time>2020-07-21T08:09:16Z</time>
      </trkpt>
      <trkpt lat="62.078702710568905" lon="-6.965000610798597">
        <ele>413.85000000000002</ele>
        <time>2020-07-21T08:09:23Z</time>
      </trkpt>
      <trkpt lat="62.078624255955219" lon="-6.965119382366538">
        <ele>411.64999999999998</ele>
        <time>2020-07-21T08:09:29Z</time>
      </trkpt>
      <trkpt lat="62.078550830483437" lon="-6.965238908305764">
        <ele>411.10000000000002</ele>
        <time>2020-07-21T08:09:35Z</time>
      </trkpt>
      <trkpt lat="62.078482266515493" lon="-6.965380311012268">
        <ele>410.19999999999999</ele>
        <time>2020-07-21T08:09:42Z</time>
      </trkpt>
      <trkpt lat="62.078408924862742" lon="-6.965516181662679">
        <ele>408.76999999999998</ele>
        <time>2020-07-21T08:09:49Z</time>
      </trkpt>
      <trkpt lat="62.07833256572485" lon="-6.965626906603575">
        <ele>407.69</ele>
        <time>2020-07-21T08:09:55Z</time>
      </trkpt>
      <trkpt lat="62.078257966786623" lon="-6.965734865516424">
        <ele>406.95999999999998</ele>
        <time>2020-07-21T08:10:00Z</time>
      </trkpt>
      <trkpt lat="62.078177416697145" lon="-6.965852631255984">
        <ele>406.38999999999999</ele>
        <time>2020-07-21T08:10:07Z</time>
      </trkpt>
      <trkpt lat="62.078110529109836" lon="-6.965982466936112">
        <ele>405.62</ele>
        <time>2020-07-21T08:10:13Z</time>
      </trkpt>
      <trkpt lat="62.078042887151241" lon="-6.966115068644285">
        <ele>405.04000000000002</ele>
        <time>2020-07-21T08:10:20Z</time>
      </trkpt>
      <trkpt lat="62.077959822490811" lon="-6.966226380318403">
        <ele>403.75999999999999</ele>
        <time>2020-07-21T08:10:26Z</time>
      </trkpt>
      <trkpt lat="62.077880697324872" lon="-6.966316234320402">
        <ele>403.01999999999998</ele>
        <time>2020-07-21T08:10:32Z</time>
      </trkpt>
      <trkpt lat="62.077797381207347" lon="-6.966408602893353">
        <ele>401.88999999999999</ele>
        <time>2020-07-21T08:10:39Z</time>
      </trkpt>
      <trkpt lat="62.077703671529889" lon="-6.966545060276985">
        <ele>401.82999999999998</ele>
        <time>2020-07-21T08:10:46Z</time>
      </trkpt>
      <trkpt lat="62.077620187774301" lon="-6.966661065816879">
        <ele>400.95999999999998</ele>
        <time>2020-07-21T08:10:52Z</time>
      </trkpt>
      <trkpt lat="62.077533937990665" lon="-6.96678327396512">
        <ele>400.13</ele>
        <time>2020-07-21T08:10:58Z</time>
      </trkpt>
      <trkpt lat="62.077455399557948" lon="-6.966876061633229">
        <ele>399.10000000000002</ele>
        <time>2020-07-21T08:11:05Z</time>
      </trkpt>
      <trkpt lat="62.077374346554279" lon="-6.966972872614861">
        <ele>397.86000000000001</ele>
        <time>2020-07-21T08:11:12Z</time>
      </trkpt>
      <trkpt lat="62.077286504209042" lon="-6.96707496419549">
        <ele>396.52999999999997</ele>
        <time>2020-07-21T08:11:18Z</time>
      </trkpt>
      <trkpt lat="62.077202768996358" lon="-6.967184180393815">
        <ele>395.70999999999998</ele>
        <time>2020-07-21T08:11:24Z</time>
      </trkpt>
      <trkpt lat="62.077123140916228" lon="-6.967307897284627">
        <ele>395.10000000000002</ele>
        <time>2020-07-21T08:11:30Z</time>
      </trkpt>
      <trkpt lat="62.077042758464813" lon="-6.967422813177109">
        <ele>393.20999999999998</ele>
        <time>2020-07-21T08:11:37Z</time>
      </trkpt>
      <trkpt lat="62.076954748481512" lon="-6.967527586966753">
        <ele>392.39999999999998</ele>
        <time>2020-07-21T08:11:44Z</time>
      </trkpt>
      <trkpt lat="62.076864559203386" lon="-6.967673934996128">
        <ele>391.60000000000002</ele>
        <time>2020-07-21T08:11:51Z</time>
      </trkpt>
      <trkpt lat="62.076789624989033" lon="-6.967810643836856">
        <ele>390.52999999999997</ele>
        <time>2020-07-21T08:11:57Z</time>
      </trkpt>
      <trkpt lat="62.076717875897884" lon="-6.967948107048869">
        <ele>390.12</ele>
        <time>2020-07-21T08:12:03Z</time>
      </trkpt>
      <trkpt lat="62.076640259474516" lon="-6.968071321025491">
        <ele>389.79000000000002</ele>
        <time>2020-07-21T08:12:09Z</time>
      </trkpt>
      <trkpt lat="62.076556105166674" lon="-6.968160672113299">
        <ele>388.68000000000001</ele>
        <time>2020-07-21T08:12:15Z</time>
      </trkpt>
      <trkpt lat="62.076473627239466" lon="-6.968259494751692">
        <ele>387.86000000000001</ele>
        <time>2020-07-21T08:12:22Z</time>
      </trkpt>
      <trkpt lat="62.076401961967349" lon="-6.968402406200767">
        <ele>386.92000000000002</ele>
        <time>2020-07-21T08:12:29Z</time>
      </trkpt>
      <trkpt lat="62.076324597001076" lon="-6.968510868027806">
        <ele>386.43000000000001</ele>
        <time>2020-07-21T08:12:35Z</time>
      </trkpt>
      <trkpt lat="62.076247567310929" lon="-6.968623185530305">
        <ele>385.27999999999997</ele>
        <time>2020-07-21T08:12:41Z</time>
      </trkpt>
      <trkpt lat="62.076177997514606" lon="-6.968777077272534">
        <ele>384.80000000000001</ele>
        <time>2020-07-21T08:12:47Z</time>
      </trkpt>
      <trkpt lat="62.076116390526295" lon="-6.968927532434464">
        <ele>384.18000000000001</ele>
        <time>2020-07-21T08:12:54Z</time>
      </trkpt>
      <trkpt lat="62.076060567051172" lon="-6.969079663977027">
        <ele>383.43000000000001</ele>
        <time>2020-07-21T08:13:15Z</time>
      </trkpt>
      <trkpt lat="62.075995020568371" lon="-6.969255935400724">
        <ele>382.72000000000003</ele>
        <time>2020-07-21T08:13:23Z</time>
      </trkpt>
      <trkpt lat="62.075914051383734" lon="-6.969368504360318">
        <ele>382.13</ele>
        <time>2020-07-21T08:13:30Z</time>
      </trkpt>
      <trkpt lat="62.075833920389414" lon="-6.969471098855138">
        <ele>381.81999999999999</ele>
        <time>2020-07-21T08:13:36Z</time>
      </trkpt>
      <trkpt lat="62.075755298137665" lon="-6.96958995424211">
        <ele>380.91000000000003</ele>
        <time>2020-07-21T08:13:42Z</time>
      </trkpt>
      <trkpt lat="62.075694194063544" lon="-6.969736972823739">
        <ele>380.63</ele>
        <time>2020-07-21T08:13:48Z</time>
      </trkpt>
      <trkpt lat="62.075632335618138" lon="-6.969873597845435">
        <ele>379.52999999999997</ele>
        <time>2020-07-21T08:13:54Z</time>
      </trkpt>
      <trkpt lat="62.07555228844285" lon="-6.969990525394678">
        <ele>378.94999999999999</ele>
        <time>2020-07-21T08:14:01Z</time>
      </trkpt>
      <trkpt lat="62.075482215732336" lon="-6.970135448500514">
        <ele>378.81</ele>
        <time>2020-07-21T08:14:08Z</time>
      </trkpt>
      <trkpt lat="62.075390685349703" lon="-6.970230331644416">
        <ele>378.35000000000002</ele>
        <time>2020-07-21T08:14:16Z</time>
      </trkpt>
      <trkpt lat="62.075287755578756" lon="-6.970297889783979">
        <ele>378.16000000000003</ele>
        <time>2020-07-21T08:14:23Z</time>
      </trkpt>
      <trkpt lat="62.075185915455222" lon="-6.970358239486814">
        <ele>377.86000000000001</ele>
        <time>2020-07-21T08:14:30Z</time>
      </trkpt>
      <trkpt lat="62.075079968199134" lon="-6.970420265570283">
        <ele>377.56</ele>
        <time>2020-07-21T08:14:37Z</time>
      </trkpt>
      <trkpt lat="62.074986426159739" lon="-6.970466617494822">
        <ele>377.75</ele>
        <time>2020-07-21T08:14:43Z</time>
      </trkpt>
      <trkpt lat="62.074893303215504" lon="-6.970474580302835">
        <ele>377.23000000000002</ele>
        <time>2020-07-21T08:14:49Z</time>
      </trkpt>
      <trkpt lat="62.0748002640903" lon="-6.970484303310514">
        <ele>377.30000000000001</ele>
        <time>2020-07-21T08:14:56Z</time>
      </trkpt>
      <trkpt lat="62.074702782556415" lon="-6.970503414049745">
        <ele>377.17000000000002</ele>
        <time>2020-07-21T08:15:03Z</time>
      </trkpt>
      <trkpt lat="62.074600690975785" lon="-6.970525290817022">
        <ele>376.80000000000001</ele>
        <time>2020-07-21T08:15:09Z</time>
      </trkpt>
      <trkpt lat="62.074504969641566" lon="-6.970600476488471">
        <ele>376.99000000000001</ele>
        <time>2020-07-21T08:15:15Z</time>
      </trkpt>
      <trkpt lat="62.074408577755094" lon="-6.970673650503159">
        <ele>376.81</ele>
        <time>2020-07-21T08:15:22Z</time>
      </trkpt>
      <trkpt lat="62.074319729581475" lon="-6.970757720991969">
        <ele>376.74000000000001</ele>
        <time>2020-07-21T08:15:29Z</time>
      </trkpt>
      <trkpt lat="62.074227193370461" lon="-6.97083743289113">
        <ele>376.19</ele>
        <time>2020-07-21T08:15:36Z</time>
      </trkpt>
      <trkpt lat="62.074125939980149" lon="-6.97093902155757">
        <ele>375.81999999999999</ele>
        <time>2020-07-21T08:15:56Z</time>
      </trkpt>
      <trkpt lat="62.074034996330738" lon="-6.971003478392959">
        <ele>375.64999999999998</ele>
        <time>2020-07-21T08:16:03Z</time>
      </trkpt>
      <trkpt lat="62.073927540332079" lon="-6.971072209998965">
        <ele>375.06</ele>
        <time>2020-07-21T08:16:10Z</time>
      </trkpt>
      <trkpt lat="62.073833495378494" lon="-6.97114915587008">
        <ele>374.94999999999999</ele>
        <time>2020-07-21T08:16:16Z</time>
      </trkpt>
      <trkpt lat="62.073752945289016" lon="-6.971240937709808">
        <ele>374.69</ele>
        <time>2020-07-21T08:16:21Z</time>
      </trkpt>
      <trkpt lat="62.073662169277668" lon="-6.971306400373578">
        <ele>374.29000000000002</ele>
        <time>2020-07-21T08:16:27Z</time>
      </trkpt>
      <trkpt lat="62.073573656380177" lon="-6.971335066482425">
        <ele>374.19999999999999</ele>
        <time>2020-07-21T08:16:33Z</time>
      </trkpt>
      <trkpt lat="62.073475001379848" lon="-6.971367169171572">
        <ele>373.51999999999998</ele>
        <time>2020-07-21T08:16:40Z</time>
      </trkpt>
      <trkpt lat="62.073363102972507" lon="-6.971409833058715">
        <ele>373.06999999999999</ele>
        <time>2020-07-21T08:16:47Z</time>
      </trkpt>
      <trkpt lat="62.073251456022263" lon="-6.971446629613638">
        <ele>372.88999999999999</ele>
        <time>2020-07-21T08:16:54Z</time>
      </trkpt>
      <trkpt lat="62.073158333078027" lon="-6.971535561606288">
        <ele>372.79000000000002</ele>
        <time>2020-07-21T08:17:00Z</time>
      </trkpt>
      <trkpt lat="62.073071412742138" lon="-6.971624996513128">
        <ele>372.22000000000003</ele>
        <time>2020-07-21T08:17:07Z</time>
      </trkpt>
      <trkpt lat="62.072987090796232" lon="-6.97171937674284">
        <ele>371.45999999999998</ele>
        <time>2020-07-21T08:17:14Z</time>
      </trkpt>
      <trkpt lat="62.072904864326119" lon="-6.971823982894421">
        <ele>370.77999999999997</ele>
        <time>2020-07-21T08:17:21Z</time>
      </trkpt>
      <trkpt lat="62.072810232639313" lon="-6.971904281526804">
        <ele>370.12</ele>
        <time>2020-07-21T08:17:29Z</time>
      </trkpt>
      <trkpt lat="62.072709398344159" lon="-6.971971839666367">
        <ele>369.69999999999999</ele>
        <time>2020-07-21T08:17:36Z</time>
      </trkpt>
      <trkpt lat="62.0726053789258" lon="-6.972038727253676">
        <ele>368.98000000000002</ele>
        <time>2020-07-21T08:17:44Z</time>
      </trkpt>
      <trkpt lat="62.07250814884901" lon="-6.972153726965189">
        <ele>368.57999999999998</ele>
        <time>2020-07-21T08:17:51Z</time>
      </trkpt>
      <trkpt lat="62.072420977056026" lon="-6.972285155206919">
        <ele>367.95999999999998</ele>
        <time>2020-07-21T08:17:59Z</time>
      </trkpt>
      <trkpt lat="62.072335733100772" lon="-6.972401663661003">
        <ele>367.58999999999997</ele>
        <time>2020-07-21T08:18:06Z</time>
      </trkpt>
      <trkpt lat="62.072254344820976" lon="-6.972501408308744">
        <ele>366.93000000000001</ele>
        <time>2020-07-21T08:18:13Z</time>
      </trkpt>
      <trkpt lat="62.072171112522483" lon="-6.972607355564833">
        <ele>366.95999999999998</ele>
        <time>2020-07-21T08:18:21Z</time>
      </trkpt>
      <trkpt lat="62.072159545496106" lon="-6.972495708614588">
        <ele>368.06</ele>
        <time>2020-07-21T08:41:11Z</time>
      </trkpt>
      <trkpt lat="62.072109337896109" lon="-6.972385235130787">
        <ele>370.83999999999997</ele>
        <time>2020-07-21T08:41:28Z</time>
      </trkpt>
      <trkpt lat="62.072038007900119" lon="-6.972533762454987">
        <ele>369.94999999999999</ele>
        <time>2020-07-21T08:41:37Z</time>
      </trkpt>
      <trkpt lat="62.071948321536183" lon="-6.972629567608237">
        <ele>369.94</ele>
        <time>2020-07-21T08:41:45Z</time>
      </trkpt>
      <trkpt lat="62.071856623515487" lon="-6.972777592018247">
        <ele>369.36000000000001</ele>
        <time>2020-07-21T08:41:52Z</time>
      </trkpt>
      <trkpt lat="62.071776492521167" lon="-6.972887981683016">
        <ele>368.42000000000002</ele>
        <time>2020-07-21T08:41:59Z</time>
      </trkpt>
      <trkpt lat="62.071697870269418" lon="-6.973061822354794">
        <ele>367.36000000000001</ele>
        <time>2020-07-21T08:42:07Z</time>
      </trkpt>
      <trkpt lat="62.0716193318367" lon="-6.973218228667975">
        <ele>366.63</ele>
        <time>2020-07-21T08:42:14Z</time>
      </trkpt>
      <trkpt lat="62.071537189185619" lon="-6.973325433209539">
        <ele>366.81999999999999</ele>
        <time>2020-07-21T08:42:22Z</time>
      </trkpt>
      <trkpt lat="62.071455884724855" lon="-6.973447306081653">
        <ele>366.95999999999998</ele>
        <time>2020-07-21T08:42:30Z</time>
      </trkpt>
      <trkpt lat="62.071384638547897" lon="-6.973614525049925">
        <ele>366.32999999999998</ele>
        <time>2020-07-21T08:42:40Z</time>
      </trkpt>
      <trkpt lat="62.071307441219687" lon="-6.973744193091989">
        <ele>365.74000000000001</ele>
        <time>2020-07-21T08:42:48Z</time>
      </trkpt>
      <trkpt lat="62.071220520883799" lon="-6.973841926082969">
        <ele>365.72000000000003</ele>
        <time>2020-07-21T08:42:55Z</time>
      </trkpt>
      <trkpt lat="62.071138378232718" lon="-6.973989950492978">
        <ele>365.75999999999999</ele>
        <time>2020-07-21T08:43:02Z</time>
      </trkpt>
      <trkpt lat="62.071055984124541" lon="-6.974078882485628">
        <ele>365.66000000000003</ele>
        <time>2020-07-21T08:43:09Z</time>
      </trkpt>
      <trkpt lat="62.070978451520205" lon="-6.974193966016173">
        <ele>365.31999999999999</ele>
        <time>2020-07-21T08:43:16Z</time>
      </trkpt>
      <trkpt lat="62.070888681337237" lon="-6.974334195256233">
        <ele>364.01999999999998</ele>
        <time>2020-07-21T08:43:25Z</time>
      </trkpt>
      <trkpt lat="62.070797150954604" lon="-6.974423546344042">
        <ele>363.50999999999999</ele>
        <time>2020-07-21T08:43:34Z</time>
      </trkpt>
      <trkpt lat="62.070713751018047" lon="-6.974532175809145">
        <ele>362.93000000000001</ele>
        <time>2020-07-21T08:43:42Z</time>
      </trkpt>
      <trkpt lat="62.070616520941257" lon="-6.974548939615488">
        <ele>363.85000000000002</ele>
        <time>2020-07-21T08:44:18Z</time>
      </trkpt>
      <trkpt lat="62.070497665554285" lon="-6.974872229620814">
        <ele>359.88999999999999</ele>
        <time>2020-07-21T08:45:04Z</time>
      </trkpt>
      <trkpt lat="62.070415019989014" lon="-6.974952528253198">
        <ele>359.31999999999999</ele>
        <time>2020-07-21T08:45:21Z</time>
      </trkpt>
      <trkpt lat="62.070355005562305" lon="-6.975098960101605">
        <ele>359.58999999999997</ele>
        <time>2020-07-21T08:45:35Z</time>
      </trkpt>
      <trkpt lat="62.070280825719237" lon="-6.975230555981398">
        <ele>359.74000000000001</ele>
        <time>2020-07-21T08:45:44Z</time>
      </trkpt>
      <trkpt lat="62.070216620340943" lon="-6.975390734151006">
        <ele>359.82999999999998</ele>
        <time>2020-07-21T08:45:53Z</time>
      </trkpt>
      <trkpt lat="62.070134058594704" lon="-6.975457705557346">
        <ele>362.11000000000001</ele>
        <time>2020-07-21T08:46:06Z</time>
      </trkpt>
      <trkpt lat="62.070020902901888" lon="-6.975454688072205">
        <ele>365.22000000000003</ele>
        <time>2020-07-21T08:46:25Z</time>
      </trkpt>
      <trkpt lat="62.069919817149639" lon="-6.975505482405424">
        <ele>367.16000000000003</ele>
        <time>2020-07-21T08:46:37Z</time>
      </trkpt>
      <trkpt lat="62.069840440526605" lon="-6.975604137405753">
        <ele>367.75</ele>
        <time>2020-07-21T08:46:46Z</time>
      </trkpt>
      <trkpt lat="62.069743797183037" lon="-6.975683178752661">
        <ele>369.25</ele>
        <time>2020-07-21T08:46:56Z</time>
      </trkpt>
      <trkpt lat="62.069655954837799" lon="-6.975752329453826">
        <ele>370.14999999999998</ele>
        <time>2020-07-21T08:47:04Z</time>
      </trkpt>
      <trkpt lat="62.069570040330291" lon="-6.975782085210085">
        <ele>371.60000000000002</ele>
        <time>2020-07-21T08:47:12Z</time>
      </trkpt>
      <trkpt lat="62.069475073367357" lon="-6.975799100473523">
        <ele>373.81999999999999</ele>
        <time>2020-07-21T08:47:24Z</time>
      </trkpt>
      <trkpt lat="62.069391421973705" lon="-6.975917788222432">
        <ele>374.10000000000002</ele>
        <time>2020-07-21T08:47:34Z</time>
      </trkpt>
      <trkpt lat="62.069299975410104" lon="-6.976019712164998">
        <ele>375.02999999999997</ele>
        <time>2020-07-21T08:47:43Z</time>
      </trkpt>
      <trkpt lat="62.069203583523631" lon="-6.976104620844126">
        <ele>376.19999999999999</ele>
        <time>2020-07-21T08:47:51Z</time>
      </trkpt>
      <trkpt lat="62.069103922694921" lon="-6.976156253367662">
        <ele>377.73000000000002</ele>
        <time>2020-07-21T08:47:59Z</time>
      </trkpt>
      <trkpt lat="62.069018930196762" lon="-6.976257674396038">
        <ele>378.01999999999998</ele>
        <time>2020-07-21T08:48:08Z</time>
      </trkpt>
      <trkpt lat="62.06895874813199" lon="-6.976437047123909">
        <ele>378.39999999999998</ele>
        <time>2020-07-21T08:48:18Z</time>
      </trkpt>
      <trkpt lat="62.068902840837836" lon="-6.976603679358959">
        <ele>378.98000000000002</ele>
        <time>2020-07-21T08:48:27Z</time>
      </trkpt>
      <trkpt lat="62.06882681697607" lon="-6.976739717647433">
        <ele>380.06999999999999</ele>
        <time>2020-07-21T08:48:37Z</time>
      </trkpt>
      <trkpt lat="62.06878230907023" lon="-6.976915569975972">
        <ele>380.23000000000002</ele>
        <time>2020-07-21T08:48:47Z</time>
      </trkpt>
      <trkpt lat="62.068756828084588" lon="-6.977153616026044">
        <ele>381.69</ele>
        <time>2020-07-21T08:49:14Z</time>
      </trkpt>
      <trkpt lat="62.068708213046193" lon="-6.977334246039391">
        <ele>380.73000000000002</ele>
        <time>2020-07-21T08:49:21Z</time>
      </trkpt>
      <trkpt lat="62.068660520017147" lon="-6.977496016770601">
        <ele>381.80000000000001</ele>
        <time>2020-07-21T08:49:28Z</time>
      </trkpt>
      <trkpt lat="62.068643253296614" lon="-6.977687543258071">
        <ele>382.12</ele>
        <time>2020-07-21T08:49:36Z</time>
      </trkpt>
      <trkpt lat="62.068603103980422" lon="-6.97787269949913">
        <ele>383.08999999999997</ele>
        <time>2020-07-21T08:49:44Z</time>
      </trkpt>
      <trkpt lat="62.068555830046535" lon="-6.978032123297453">
        <ele>384.60000000000002</ele>
        <time>2020-07-21T08:49:53Z</time>
      </trkpt>
      <trkpt lat="62.068492043763399" lon="-6.978179644793272">
        <ele>386.97000000000003</ele>
        <time>2020-07-21T08:50:03Z</time>
      </trkpt>
      <trkpt lat="62.068439070135355" lon="-6.978359017521143">
        <ele>389.5</ele>
        <time>2020-07-21T08:50:13Z</time>
      </trkpt>
      <trkpt lat="62.068375702947378" lon="-6.978519530966878">
        <ele>392.75999999999999</ele>
        <time>2020-07-21T08:50:29Z</time>
      </trkpt>
      <trkpt lat="62.068372098729014" lon="-6.978736370801926">
        <ele>393.67000000000002</ele>
        <time>2020-07-21T08:51:06Z</time>
      </trkpt>
      <trkpt lat="62.068343181163073" lon="-6.978937620297074">
        <ele>394.49000000000001</ele>
        <time>2020-07-21T08:51:15Z</time>
      </trkpt>
      <trkpt lat="62.06832398660481" lon="-6.979110538959503">
        <ele>396.69</ele>
        <time>2020-07-21T08:51:31Z</time>
      </trkpt>
      <trkpt lat="62.068319711834192" lon="-6.979315644130111">
        <ele>398.02999999999997</ele>
        <time>2020-07-21T08:51:43Z</time>
      </trkpt>
      <trkpt lat="62.068347875028849" lon="-6.979507757350802">
        <ele>397.64999999999998</ele>
        <time>2020-07-21T08:52:09Z</time>
      </trkpt>
      <trkpt lat="62.068321220576763" lon="-6.979709677398205">
        <ele>398.19</ele>
        <time>2020-07-21T08:52:19Z</time>
      </trkpt>
      <trkpt lat="62.068315604701638" lon="-6.979895839467645">
        <ele>400.5</ele>
        <time>2020-07-21T08:52:29Z</time>
      </trkpt>
      <trkpt lat="62.068313341587782" lon="-6.980051659047604">
        <ele>402.44999999999999</ele>
        <time>2020-07-21T08:52:50Z</time>
      </trkpt>
      <trkpt lat="62.068365896120667" lon="-6.98023128323257">
        <ele>403.11000000000001</ele>
        <time>2020-07-21T08:53:16Z</time>
      </trkpt>
      <trkpt lat="62.068349802866578" lon="-6.980428760871291">
        <ele>405.16000000000003</ele>
        <time>2020-07-21T08:53:42Z</time>
      </trkpt>
      <trkpt lat="62.068296577781439" lon="-6.980580976232886">
        <ele>407.32999999999998</ele>
        <time>2020-07-21T08:54:23Z</time>
      </trkpt>
      <trkpt lat="62.068195743486285" lon="-6.980638559907675">
        <ele>407.00999999999999</ele>
        <time>2020-07-21T08:55:36Z</time>
      </trkpt>
      <trkpt lat="62.068107817322016" lon="-6.98064811527729">
        <ele>406.56</ele>
        <time>2020-07-21T08:59:22Z</time>
      </trkpt>
      <trkpt lat="62.068019639700651" lon="-6.980563625693321">
        <ele>405.98000000000002</ele>
        <time>2020-07-21T08:59:29Z</time>
      </trkpt>
      <trkpt lat="62.067924924194813" lon="-6.980514172464609">
        <ele>405.13</ele>
        <time>2020-07-21T08:59:37Z</time>
      </trkpt>
      <trkpt lat="62.06783196888864" lon="-6.980420965701342">
        <ele>404.19999999999999</ele>
        <time>2020-07-21T08:59:46Z</time>
      </trkpt>
      <trkpt lat="62.067741025239229" lon="-6.980324909090996">
        <ele>404.48000000000002</ele>
        <time>2020-07-21T08:59:53Z</time>
      </trkpt>
      <trkpt lat="62.067660056054592" lon="-6.980196665972471">
        <ele>403.81</ele>
        <time>2020-07-21T09:00:01Z</time>
      </trkpt>
      <trkpt lat="62.067566011101007" lon="-6.980222817510366">
        <ele>402.82999999999998</ele>
        <time>2020-07-21T09:00:21Z</time>
      </trkpt>
      <trkpt lat="62.067511612549424" lon="-6.980393473058939">
        <ele>398.82999999999998</ele>
        <time>2020-07-21T09:00:37Z</time>
      </trkpt>
      <trkpt lat="62.067442713305354" lon="-6.980496821925044">
        <ele>394.85000000000002</ele>
        <time>2020-07-21T09:00:56Z</time>
      </trkpt>
      <trkpt lat="62.067344561219215" lon="-6.980492295697331">
        <ele>392.76999999999998</ele>
        <time>2020-07-21T09:01:05Z</time>
      </trkpt>
      <trkpt lat="62.067255293950438" lon="-6.980445859953761">
        <ele>391.49000000000001</ele>
        <time>2020-07-21T09:01:12Z</time>
      </trkpt>
      <trkpt lat="62.067170133814216" lon="-6.980392299592495">
        <ele>390.20999999999998</ele>
        <time>2020-07-21T09:01:20Z</time>
      </trkpt>
      <trkpt lat="62.067078938707709" lon="-6.980371261015534">
        <ele>389.12</ele>
        <time>2020-07-21T09:01:29Z</time>
      </trkpt>
      <trkpt lat="62.066989000886679" lon="-6.980310995131731">
        <ele>387.94999999999999</ele>
        <time>2020-07-21T09:01:39Z</time>
      </trkpt>
      <trkpt lat="62.066893866285682" lon="-6.980276042595506">
        <ele>385.98000000000002</ele>
        <time>2020-07-21T09:01:52Z</time>
      </trkpt>
      <trkpt lat="62.066795127466321" lon="-6.980292135849595">
        <ele>383.18000000000001</ele>
        <time>2020-07-21T09:02:05Z</time>
      </trkpt>
      <trkpt lat="62.066709464415908" lon="-6.980284592136741">
        <ele>380.38999999999999</ele>
        <time>2020-07-21T09:02:20Z</time>
      </trkpt>
      <trkpt lat="62.06662162207067" lon="-6.98029138147831">
        <ele>377.83999999999997</ele>
        <time>2020-07-21T09:02:35Z</time>
      </trkpt>
      <trkpt lat="62.066522883251309" lon="-6.980354161933065">
        <ele>374.18000000000001</ele>
        <time>2020-07-21T09:02:54Z</time>
      </trkpt>
      <trkpt lat="62.066422887146473" lon="-6.980350222438574">
        <ele>371.80000000000001</ele>
        <time>2020-07-21T09:03:03Z</time>
      </trkpt>
      <trkpt lat="62.066323142498732" lon="-6.980323819443584">
        <ele>370.13999999999999</ele>
        <time>2020-07-21T09:03:12Z</time>
      </trkpt>
      <trkpt lat="62.066227504983544" lon="-6.980344774201512">
        <ele>366.64999999999998</ele>
        <time>2020-07-21T09:03:25Z</time>
      </trkpt>
      <trkpt lat="62.066127173602581" lon="-6.980332285165787">
        <ele>364.02999999999997</ele>
        <time>2020-07-21T09:03:36Z</time>
      </trkpt>
      <trkpt lat="62.066025752574205" lon="-6.980318622663617">
        <ele>361.63</ele>
        <time>2020-07-21T09:03:47Z</time>
      </trkpt>
      <trkpt lat="62.06592483446002" lon="-6.980328178033233">
        <ele>360.32999999999998</ele>
        <time>2020-07-21T09:03:57Z</time>
      </trkpt>
      <trkpt lat="62.065823245793581" lon="-6.980360615998507">
        <ele>358.38</ele>
        <time>2020-07-21T09:04:06Z</time>
      </trkpt>
      <trkpt lat="62.065733391791582" lon="-6.980395065620542">
        <ele>356.10000000000002</ele>
        <time>2020-07-21T09:04:15Z</time>
      </trkpt>
      <trkpt lat="62.065632976591587" lon="-6.980445021763444">
        <ele>354.18000000000001</ele>
        <time>2020-07-21T09:04:24Z</time>
      </trkpt>
      <trkpt lat="62.06554127857089" lon="-6.980489445850253">
        <ele>351.5</ele>
        <time>2020-07-21T09:04:37Z</time>
      </trkpt>
      <trkpt lat="62.065439103171229" lon="-6.980518531054258">
        <ele>349.54000000000002</ele>
        <time>2020-07-21T09:04:47Z</time>
      </trkpt>
      <trkpt lat="62.065343214198947" lon="-6.980561362579465">
        <ele>347.50999999999999</ele>
        <time>2020-07-21T09:04:56Z</time>
      </trkpt>
      <trkpt lat="62.065246235579252" lon="-6.980504365637898">
        <ele>346.45999999999998</ele>
        <time>2020-07-21T09:05:04Z</time>
      </trkpt>
      <trkpt lat="62.065185634419322" lon="-6.980382660403848">
        <ele>344.75</ele>
        <time>2020-07-21T09:05:16Z</time>
      </trkpt>
      <trkpt lat="62.065099133178592" lon="-6.98041551746428">
        <ele>342.41000000000003</ele>
        <time>2020-07-21T09:05:52Z</time>
      </trkpt>
      <trkpt lat="62.065057139843702" lon="-6.980620203539729">
        <ele>342.05000000000001</ele>
        <time>2020-07-21T09:06:27Z</time>
      </trkpt>
      <trkpt lat="62.064989414066076" lon="-6.980628669261932">
        <ele>342.58999999999997</ele>
        <time>2020-07-21T09:06:49Z</time>
      </trkpt>
      <trkpt lat="62.064920179545879" lon="-6.980507047846913">
        <ele>342.50999999999999</ele>
        <time>2020-07-21T09:07:00Z</time>
      </trkpt>
      <trkpt lat="62.06482102163136" lon="-6.980520207434893">
        <ele>341.19999999999999</ele>
        <time>2020-07-21T09:07:08Z</time>
      </trkpt>
      <trkpt lat="62.064740136265755" lon="-6.980608385056257">
        <ele>340.57999999999998</ele>
        <time>2020-07-21T09:07:15Z</time>
      </trkpt>
      <trkpt lat="62.064641397446394" lon="-6.980688013136387">
        <ele>340.25999999999999</ele>
        <time>2020-07-21T09:07:22Z</time>
      </trkpt>
      <trkpt lat="62.064552465453744" lon="-6.980736209079623">
        <ele>339.42000000000002</ele>
        <time>2020-07-21T09:07:29Z</time>
      </trkpt>
      <trkpt lat="62.064460767433047" lon="-6.980769401416183">
        <ele>338.61000000000001</ele>
        <time>2020-07-21T09:07:36Z</time>
      </trkpt>
      <trkpt lat="62.064367476850748" lon="-6.980783315375447">
        <ele>338.48000000000002</ele>
        <time>2020-07-21T09:07:43Z</time>
      </trkpt>
      <trkpt lat="62.064273012802005" lon="-6.980791864916682">
        <ele>338.72000000000003</ele>
        <time>2020-07-21T09:07:51Z</time>
      </trkpt>
      <trkpt lat="62.064171424135566" lon="-6.980779459699988">
        <ele>338.30000000000001</ele>
        <time>2020-07-21T09:07:59Z</time>
      </trkpt>
      <trkpt lat="62.064081653952599" lon="-6.980731599032879">
        <ele>337.89999999999998</ele>
        <time>2020-07-21T09:08:06Z</time>
      </trkpt>
      <trkpt lat="62.063985429704189" lon="-6.980674266815186">
        <ele>337.57999999999998</ele>
        <time>2020-07-21T09:08:13Z</time>
      </trkpt>
      <trkpt lat="62.063900856301188" lon="-6.980593213811517">
        <ele>337.93000000000001</ele>
        <time>2020-07-21T09:08:20Z</time>
      </trkpt>
      <trkpt lat="62.063817624002695" lon="-6.980505455285311">
        <ele>338.13999999999999</ele>
        <time>2020-07-21T09:08:27Z</time>
      </trkpt>
      <trkpt lat="62.063737576827407" lon="-6.980379726737738">
        <ele>338.80000000000001</ele>
        <time>2020-07-21T09:08:36Z</time>
      </trkpt>
      <trkpt lat="62.063672533258796" lon="-6.980238659307361">
        <ele>339.14999999999998</ele>
        <time>2020-07-21T09:08:45Z</time>
      </trkpt>
      <trkpt lat="62.0635877083987" lon="-6.980114439502358">
        <ele>339.13999999999999</ele>
        <time>2020-07-21T09:08:54Z</time>
      </trkpt>
      <trkpt lat="62.063499866053462" lon="-6.980005307123065">
        <ele>339.07999999999998</ele>
        <time>2020-07-21T09:09:02Z</time>
      </trkpt>
      <trkpt lat="62.063414622098207" lon="-6.979885697364807">
        <ele>339.75</ele>
        <time>2020-07-21T09:09:11Z</time>
      </trkpt>
      <trkpt lat="62.063318733125925" lon="-6.979814702644944">
        <ele>339.88</ele>
        <time>2020-07-21T09:09:22Z</time>
      </trkpt>
      <trkpt lat="62.063226364552975" lon="-6.979709174484015">
        <ele>340.06999999999999</ele>
        <time>2020-07-21T09:09:32Z</time>
      </trkpt>
      <trkpt lat="62.063134582713246" lon="-6.979644969105721">
        <ele>341.13</ele>
        <time>2020-07-21T09:09:40Z</time>
      </trkpt>
      <trkpt lat="62.063038609921932" lon="-6.979604568332434">
        <ele>341.69</ele>
        <time>2020-07-21T09:09:49Z</time>
      </trkpt>
      <trkpt lat="62.062943056225777" lon="-6.979503482580185">
        <ele>342.07999999999998</ele>
        <time>2020-07-21T09:10:01Z</time>
      </trkpt>
      <trkpt lat="62.062853453680873" lon="-6.979429051280022">
        <ele>342.13999999999999</ele>
        <time>2020-07-21T09:10:09Z</time>
      </trkpt>
      <trkpt lat="62.062776172533631" lon="-6.979303993284702">
        <ele>342</ele>
        <time>2020-07-21T09:10:18Z</time>
      </trkpt>
      <trkpt lat="62.062672488391399" lon="-6.979298293590546">
        <ele>341.66000000000003</ele>
        <time>2020-07-21T09:10:48Z</time>
      </trkpt>
      <trkpt lat="62.062571989372373" lon="-6.97926577180624">
        <ele>341.81999999999999</ele>
        <time>2020-07-21T09:10:57Z</time>
      </trkpt>
      <trkpt lat="62.062484649941325" lon="-6.979194860905409">
        <ele>342.72000000000003</ele>
        <time>2020-07-21T09:11:05Z</time>
      </trkpt>
      <trkpt lat="62.062395550310612" lon="-6.97919393889606">
        <ele>342.88999999999999</ele>
        <time>2020-07-21T09:11:12Z</time>
      </trkpt>
      <trkpt lat="62.062312066555023" lon="-6.979178683832288">
        <ele>342.86000000000001</ele>
        <time>2020-07-21T09:11:20Z</time>
      </trkpt>
      <trkpt lat="62.062212992459536" lon="-6.979162925854325">
        <ele>342.83999999999997</ele>
        <time>2020-07-21T09:11:29Z</time>
      </trkpt>
      <trkpt lat="62.062117354944348" lon="-6.979178600013256">
        <ele>342.60000000000002</ele>
        <time>2020-07-21T09:11:38Z</time>
      </trkpt>
      <trkpt lat="62.062022220343351" lon="-6.979162925854325">
        <ele>342.33999999999997</ele>
        <time>2020-07-21T09:11:47Z</time>
      </trkpt>
      <trkpt lat="62.061925828456879" lon="-6.97910500690341">
        <ele>341.62</ele>
        <time>2020-07-21T09:11:56Z</time>
      </trkpt>
      <trkpt lat="62.061834549531341" lon="-6.979135600849986">
        <ele>341.12</ele>
        <time>2020-07-21T09:12:03Z</time>
      </trkpt>
      <trkpt lat="62.061742348596454" lon="-6.979120345786214">
        <ele>341.88</ele>
        <time>2020-07-21T09:12:11Z</time>
      </trkpt>
      <trkpt lat="62.061646543443203" lon="-6.979133589193225">
        <ele>342.14999999999998</ele>
        <time>2020-07-21T09:12:22Z</time>
      </trkpt>
      <trkpt lat="62.061551660299301" lon="-6.979123782366514">
        <ele>343.16000000000003</ele>
        <time>2020-07-21T09:12:30Z</time>
      </trkpt>
      <trkpt lat="62.06145878881216" lon="-6.979152616113424">
        <ele>343.04000000000002</ele>
        <time>2020-07-21T09:12:38Z</time>
      </trkpt>
      <trkpt lat="62.061368934810162" lon="-6.979124872013927">
        <ele>343.54000000000002</ele>
        <time>2020-07-21T09:12:46Z</time>
      </trkpt>
      <trkpt lat="62.061274470761418" lon="-6.97910257615149">
        <ele>343.81</ele>
        <time>2020-07-21T09:12:55Z</time>
      </trkpt>
      <trkpt lat="62.061177492141724" lon="-6.979096876457334">
        <ele>344.30000000000001</ele>
        <time>2020-07-21T09:13:05Z</time>
      </trkpt>
      <trkpt lat="62.061078837141395" lon="-6.97916317731142">
        <ele>344.20999999999998</ele>
        <time>2020-07-21T09:13:15Z</time>
      </trkpt>
      <trkpt lat="62.060979260131717" lon="-6.979167200624943">
        <ele>344.83999999999997</ele>
        <time>2020-07-21T09:13:24Z</time>
      </trkpt>
      <trkpt lat="62.060881946235895" lon="-6.979155885055661">
        <ele>346.07999999999998</ele>
        <time>2020-07-21T09:13:34Z</time>
      </trkpt>
      <trkpt lat="62.060784297063947" lon="-6.979167954996228">
        <ele>347.06999999999999</ele>
        <time>2020-07-21T09:13:44Z</time>
      </trkpt>
      <trkpt lat="62.06069016829133" lon="-6.979168374091387">
        <ele>347.54000000000002</ele>
        <time>2020-07-21T09:13:57Z</time>
      </trkpt>
      <trkpt lat="62.060603834688663" lon="-6.979315308853984">
        <ele>347.38</ele>
        <time>2020-07-21T09:14:07Z</time>
      </trkpt>
      <trkpt lat="62.060516327619553" lon="-6.979413460940123">
        <ele>347.76999999999998</ele>
        <time>2020-07-21T09:14:14Z</time>
      </trkpt>
      <trkpt lat="62.060418259352446" lon="-6.979451850056648">
        <ele>347.94</ele>
        <time>2020-07-21T09:14:22Z</time>
      </trkpt>
      <trkpt lat="62.060321783646941" lon="-6.979446234181523">
        <ele>348.73000000000002</ele>
        <time>2020-07-21T09:14:30Z</time>
      </trkpt>
      <trkpt lat="62.060226984322071" lon="-6.97942947037518">
        <ele>348.83999999999997</ele>
        <time>2020-07-21T09:14:39Z</time>
      </trkpt>
      <trkpt lat="62.060155151411891" lon="-6.979510020464659">
        <ele>349.99000000000001</ele>
        <time>2020-07-21T09:15:13Z</time>
      </trkpt>
      <trkpt lat="62.060064962133765" lon="-6.979597192257643">
        <ele>352.02999999999997</ele>
        <time>2020-07-21T09:15:27Z</time>
      </trkpt>
      <trkpt lat="62.059978041797876" lon="-6.979658966884017">
        <ele>352.38999999999999</ele>
        <time>2020-07-21T09:15:36Z</time>
      </trkpt>
      <trkpt lat="62.059876704588532" lon="-6.97963273152709">
        <ele>353.73000000000002</ele>
        <time>2020-07-21T09:15:47Z</time>
      </trkpt>
      <trkpt lat="62.059784755110741" lon="-6.979681933298707">
        <ele>355.13</ele>
        <time>2020-07-21T09:15:56Z</time>
      </trkpt>
      <trkpt lat="62.059692554175854" lon="-6.979741025716066">
        <ele>357.70999999999998</ele>
        <time>2020-07-21T09:16:12Z</time>
      </trkpt>
      <trkpt lat="62.059610998257995" lon="-6.979851247742772">
        <ele>359.44999999999999</ele>
        <time>2020-07-21T09:16:23Z</time>
      </trkpt>
      <trkpt lat="62.059516534209251" lon="-6.979930121451616">
        <ele>361.88999999999999</ele>
        <time>2020-07-21T09:16:39Z</time>
      </trkpt>
      <trkpt lat="62.059446293860674" lon="-6.979964319616556">
        <ele>364.94999999999999</ele>
        <time>2020-07-21T09:17:02Z</time>
      </trkpt>
      <trkpt lat="62.059455681592226" lon="-6.979771116748452">
        <ele>368.22000000000003</ele>
        <time>2020-07-21T09:17:16Z</time>
      </trkpt>
      <trkpt lat="62.059365827590227" lon="-6.979806153103709">
        <ele>372.33999999999997</ele>
        <time>2020-07-21T09:17:35Z</time>
      </trkpt>
      <trkpt lat="62.05927069298923" lon="-6.979857115074992">
        <ele>374.72000000000003</ele>
        <time>2020-07-21T09:17:51Z</time>
      </trkpt>
      <trkpt lat="62.059189975261688" lon="-6.979918638244271">
        <ele>377.08999999999997</ele>
        <time>2020-07-21T09:18:08Z</time>
      </trkpt>
      <trkpt lat="62.059160638600588" lon="-6.979827275499702">
        <ele>381.43000000000001</ele>
        <time>2020-07-21T09:18:28Z</time>
      </trkpt>
      <trkpt lat="62.05920129083097" lon="-6.97964446619153">
        <ele>383.07999999999998</ele>
        <time>2020-07-21T09:18:41Z</time>
      </trkpt>
      <trkpt lat="62.059172624722123" lon="-6.979521084576845">
        <ele>386.69999999999999</ele>
        <time>2020-07-21T09:19:09Z</time>
      </trkpt>
      <trkpt lat="62.059133648872375" lon="-6.979415807873011">
        <ele>389.81999999999999</ele>
        <time>2020-07-21T09:19:26Z</time>
      </trkpt>
      <trkpt lat="62.059046560898423" lon="-6.979497531428933">
        <ele>392.55000000000001</ele>
        <time>2020-07-21T09:19:45Z</time>
      </trkpt>
      <trkpt lat="62.058988055214286" lon="-6.979402648285031">
        <ele>396.02999999999997</ele>
        <time>2020-07-21T09:20:03Z</time>
      </trkpt>
      <trkpt lat="62.058916892856359" lon="-6.979498034343123">
        <ele>398.64999999999998</ele>
        <time>2020-07-21T09:20:19Z</time>
      </trkpt>
      <trkpt lat="62.058910857886076" lon="-6.979304077103734">
        <ele>400.95999999999998</ele>
        <time>2020-07-21T09:20:31Z</time>
      </trkpt>
      <trkpt lat="62.058923933655024" lon="-6.979085644707084">
        <ele>403.95999999999998</ele>
        <time>2020-07-21T09:20:47Z</time>
      </trkpt>
      <trkpt lat="62.058909935876727" lon="-6.978897890076041">
        <ele>407.47000000000003</ele>
        <time>2020-07-21T09:21:11Z</time>
      </trkpt>
      <trkpt lat="62.058831145986915" lon="-6.978792864829302">
        <ele>408.31</ele>
        <time>2020-07-21T09:21:22Z</time>
      </trkpt>
      <trkpt lat="62.058845311403275" lon="-6.979007693007588">
        <ele>408.31</ele>
        <time>2020-07-21T09:25:58Z</time>
      </trkpt>
      <trkpt lat="62.058764006942511" lon="-6.97891884483397">
        <ele>407.74000000000001</ele>
        <time>2020-07-21T09:26:10Z</time>
      </trkpt>
      <trkpt lat="62.058664849027991" lon="-6.978965029120445">
        <ele>407.23000000000002</ele>
        <time>2020-07-21T09:26:25Z</time>
      </trkpt>
      <trkpt lat="62.058578683063388" lon="-6.979028061032295">
        <ele>408.06999999999999</ele>
        <time>2020-07-21T09:26:53Z</time>
      </trkpt>
      <trkpt lat="62.05848497338593" lon="-6.979097295552492">
        <ele>406.99000000000001</ele>
        <time>2020-07-21T09:27:05Z</time>
      </trkpt>
      <trkpt lat="62.058383468538523" lon="-6.979177594184876">
        <ele>406.51999999999998</ele>
        <time>2020-07-21T09:27:13Z</time>
      </trkpt>
      <trkpt lat="62.058300822973251" lon="-6.979246074333787">
        <ele>406.91000000000003</ele>
        <time>2020-07-21T09:27:19Z</time>
      </trkpt>
      <trkpt lat="62.058220440521836" lon="-6.97933416813612">
        <ele>407.39999999999998</ele>
        <time>2020-07-21T09:27:27Z</time>
      </trkpt>
      <trkpt lat="62.058153469115496" lon="-6.979440869763494">
        <ele>407.48000000000002</ele>
        <time>2020-07-21T09:27:34Z</time>
      </trkpt>
      <trkpt lat="62.058065207675099" lon="-6.979509349912405">
        <ele>407.11000000000001</ele>
        <time>2020-07-21T09:27:45Z</time>
      </trkpt>
      <trkpt lat="62.0579978171736" lon="-6.979617727920413">
        <ele>407.41000000000003</ele>
        <time>2020-07-21T09:28:25Z</time>
      </trkpt>
      <trkpt lat="62.057915925979614" lon="-6.979746725410223">
        <ele>406.66000000000003</ele>
        <time>2020-07-21T09:28:45Z</time>
      </trkpt>
      <trkpt lat="62.057838141918182" lon="-6.979883350431919">
        <ele>406.97000000000003</ele>
        <time>2020-07-21T09:29:06Z</time>
      </trkpt>
      <trkpt lat="62.057754993438721" lon="-6.980020478367806">
        <ele>406.86000000000001</ele>
        <time>2020-07-21T09:29:15Z</time>
      </trkpt>
      <trkpt lat="62.057696739211679" lon="-6.980215776711702">
        <ele>406.47000000000003</ele>
        <time>2020-07-21T09:29:23Z</time>
      </trkpt>
      <trkpt lat="62.057645944878459" lon="-6.980394814163446">
        <ele>407.06</ele>
        <time>2020-07-21T09:29:31Z</time>
      </trkpt>
      <trkpt lat="62.057593306526542" lon="-6.980564715340734">
        <ele>407.12</ele>
        <time>2020-07-21T09:29:39Z</time>
      </trkpt>
      <trkpt lat="62.057548966258764" lon="-6.98075020685792">
        <ele>407.12</ele>
        <time>2020-07-21T09:29:54Z</time>
      </trkpt>
      <trkpt lat="62.057473948225379" lon="-6.980946930125356">
        <ele>407.42000000000002</ele>
        <time>2020-07-21T09:30:02Z</time>
      </trkpt>
      <trkpt lat="62.057414017617702" lon="-6.981140719726682">
        <ele>408.08999999999997</ele>
        <time>2020-07-21T09:30:10Z</time>
      </trkpt>
      <trkpt lat="62.057343274354935" lon="-6.981279440224171">
        <ele>407.92000000000002</ele>
        <time>2020-07-21T09:30:18Z</time>
      </trkpt>
      <trkpt lat="62.057261969894171" lon="-6.981436684727669">
        <ele>407.61000000000001</ele>
        <time>2020-07-21T09:30:34Z</time>
      </trkpt>
      <trkpt lat="62.057188292965293" lon="-6.981570795178413">
        <ele>407.52999999999997</ele>
        <time>2020-07-21T09:30:42Z</time>
      </trkpt>
      <trkpt lat="62.057110760360956" lon="-6.981705157086253">
        <ele>407.38999999999999</ele>
        <time>2020-07-21T09:30:52Z</time>
      </trkpt>
      <trkpt lat="62.057033898308873" lon="-6.981854103505611">
        <ele>408.13</ele>
        <time>2020-07-21T09:31:01Z</time>
      </trkpt>
      <trkpt lat="62.056952090933919" lon="-6.981979412958026">
        <ele>408.25</ele>
        <time>2020-07-21T09:31:09Z</time>
      </trkpt>
      <trkpt lat="62.056871373206377" lon="-6.982097681611776">
        <ele>408.66000000000003</ele>
        <time>2020-07-21T09:31:17Z</time>
      </trkpt>
      <trkpt lat="62.056792248040438" lon="-6.982205221429467">
        <ele>408.80000000000001</ele>
        <time>2020-07-21T09:31:27Z</time>
      </trkpt>
      <trkpt lat="62.056690156459808" lon="-6.982328267768025">
        <ele>408.68000000000001</ele>
        <time>2020-07-21T09:31:43Z</time>
      </trkpt>
      <trkpt lat="62.056620670482516" lon="-6.982464473694563">
        <ele>409.25</ele>
        <time>2020-07-21T09:31:51Z</time>
      </trkpt>
      <trkpt lat="62.056545820087194" lon="-6.982607217505574">
        <ele>410.69999999999999</ele>
        <time>2020-07-21T09:32:02Z</time>
      </trkpt>
      <trkpt lat="62.056461498141289" lon="-6.982747027650476">
        <ele>410.99000000000001</ele>
        <time>2020-07-21T09:32:20Z</time>
      </trkpt>
      <trkpt lat="62.056383462622762" lon="-6.982866888865829">
        <ele>410.57999999999998</ele>
        <time>2020-07-21T09:32:30Z</time>
      </trkpt>
      <trkpt lat="62.056321687996387" lon="-6.98301600292325">
        <ele>411.35000000000002</ele>
        <time>2020-07-21T09:32:38Z</time>
      </trkpt>
      <trkpt lat="62.056263769045472" lon="-6.983179952949286">
        <ele>412.25999999999999</ele>
        <time>2020-07-21T09:32:47Z</time>
      </trkpt>
      <trkpt lat="62.0561967138201" lon="-6.983337700366974">
        <ele>412.30000000000001</ele>
        <time>2020-07-21T09:32:58Z</time>
      </trkpt>
      <trkpt lat="62.056138459593058" lon="-6.983494777232409">
        <ele>413.07999999999998</ele>
        <time>2020-07-21T09:33:07Z</time>
      </trkpt>
      <trkpt lat="62.056068051606417" lon="-6.983667863532901">
        <ele>414.5</ele>
        <time>2020-07-21T09:33:16Z</time>
      </trkpt>
      <trkpt lat="62.055987752974033" lon="-6.983827454969287">
        <ele>415.01999999999998</ele>
        <time>2020-07-21T09:33:24Z</time>
      </trkpt>
      <trkpt lat="62.055913154035807" lon="-6.983972042798996">
        <ele>415.38</ele>
        <time>2020-07-21T09:33:31Z</time>
      </trkpt>
      <trkpt lat="62.055844673886895" lon="-6.984126018360257">
        <ele>416.33999999999997</ele>
        <time>2020-07-21T09:33:40Z</time>
      </trkpt>
      <trkpt lat="62.055767811834812" lon="-6.984270438551903">
        <ele>417.18000000000001</ele>
        <time>2020-07-21T09:33:51Z</time>
      </trkpt>
      <trkpt lat="62.05569782294333" lon="-6.984418630599976">
        <ele>417.57999999999998</ele>
        <time>2020-07-21T09:33:59Z</time>
      </trkpt>
      <trkpt lat="62.055627750232816" lon="-6.984570678323507">
        <ele>418.06999999999999</ele>
        <time>2020-07-21T09:34:08Z</time>
      </trkpt>
      <trkpt lat="62.055560695007443" lon="-6.984732197597623">
        <ele>418.75999999999999</ele>
        <time>2020-07-21T09:34:16Z</time>
      </trkpt>
      <trkpt lat="62.055484754964709" lon="-6.984857507050037">
        <ele>418.67000000000002</ele>
        <time>2020-07-21T09:34:23Z</time>
      </trkpt>
      <trkpt lat="62.055397499352694" lon="-6.984964376315475">
        <ele>418.89999999999998</ele>
        <time>2020-07-21T09:34:31Z</time>
      </trkpt>
      <trkpt lat="62.055310495197773" lon="-6.985078454017639">
        <ele>419.43000000000001</ele>
        <time>2020-07-21T09:34:39Z</time>
      </trkpt>
      <trkpt lat="62.055233968421817" lon="-6.985182305797935">
        <ele>420.44</ele>
        <time>2020-07-21T09:34:48Z</time>
      </trkpt>
      <trkpt lat="62.055152412503958" lon="-6.985293198376894">
        <ele>421.26999999999998</ele>
        <time>2020-07-21T09:34:57Z</time>
      </trkpt>
      <trkpt lat="62.055070353671908" lon="-6.985387410968542">
        <ele>422.79000000000002</ele>
        <time>2020-07-21T09:35:07Z</time>
      </trkpt>
      <trkpt lat="62.054986786097288" lon="-6.985464356839657">
        <ele>422.44</ele>
        <time>2020-07-21T09:35:17Z</time>
      </trkpt>
      <trkpt lat="62.054887125268579" lon="-6.985469218343496">
        <ele>422.01999999999998</ele>
        <time>2020-07-21T09:35:26Z</time>
      </trkpt>
      <trkpt lat="62.054796013981104" lon="-6.985440300777555">
        <ele>421.26999999999998</ele>
        <time>2020-07-21T09:35:35Z</time>
      </trkpt>
      <trkpt lat="62.054695682600141" lon="-6.985422195866704">
        <ele>420.50999999999999</ele>
        <time>2020-07-21T09:35:44Z</time>
      </trkpt>
      <trkpt lat="62.054612282663584" lon="-6.98541465215385">
        <ele>420.04000000000002</ele>
        <time>2020-07-21T09:35:52Z</time>
      </trkpt>
      <trkpt lat="62.054525194689631" lon="-6.98545471765101">
        <ele>420.14999999999998</ele>
        <time>2020-07-21T09:36:03Z</time>
      </trkpt>
      <trkpt lat="62.054426120594144" lon="-6.985491765663028">
        <ele>419.70999999999998</ele>
        <time>2020-07-21T09:36:14Z</time>
      </trkpt>
      <trkpt lat="62.054330315440893" lon="-6.985531328245997">
        <ele>418.72000000000003</ele>
        <time>2020-07-21T09:36:25Z</time>
      </trkpt>
      <trkpt lat="62.054245406761765" lon="-6.985593270510435">
        <ele>417.93000000000001</ele>
        <time>2020-07-21T09:36:37Z</time>
      </trkpt>
      <trkpt lat="62.054151948541403" lon="-6.985661163926125">
        <ele>417.25</ele>
        <time>2020-07-21T09:36:47Z</time>
      </trkpt>
      <trkpt lat="62.054064525291324" lon="-6.985721765086055">
        <ele>416.43000000000001</ele>
        <time>2020-07-21T09:37:00Z</time>
      </trkpt>
      <trkpt lat="62.053979029878974" lon="-6.98580214753747">
        <ele>415.42000000000002</ele>
        <time>2020-07-21T09:37:09Z</time>
      </trkpt>
      <trkpt lat="62.05389236100018" lon="-6.985883787274361">
        <ele>415.07999999999998</ele>
        <time>2020-07-21T09:37:19Z</time>
      </trkpt>
      <trkpt lat="62.053809799253941" lon="-6.985956709831953">
        <ele>414.38</ele>
        <time>2020-07-21T09:37:27Z</time>
      </trkpt>
      <trkpt lat="62.053726986050606" lon="-6.9860406126827">
        <ele>413.73000000000002</ele>
        <time>2020-07-21T09:37:35Z</time>
      </trkpt>
      <trkpt lat="62.053651213645935" lon="-6.98613197542727">
        <ele>412.88999999999999</ele>
        <time>2020-07-21T09:37:44Z</time>
      </trkpt>
      <trkpt lat="62.053573597222567" lon="-6.98621554300189">
        <ele>412.48000000000002</ele>
        <time>2020-07-21T09:38:51Z</time>
      </trkpt>
      <trkpt lat="62.05349120311439" lon="-6.986292991787195">
        <ele>411.51999999999998</ele>
        <time>2020-07-21T09:39:01Z</time>
      </trkpt>
      <trkpt lat="62.053390620276332" lon="-6.986357448622584">
        <ele>410.95999999999998</ele>
        <time>2020-07-21T09:39:11Z</time>
      </trkpt>
      <trkpt lat="62.053303699940443" lon="-6.986424755305052">
        <ele>409.76999999999998</ele>
        <time>2020-07-21T09:39:24Z</time>
      </trkpt>
      <trkpt lat="62.053215689957142" lon="-6.986478483304381">
        <ele>408.81</ele>
        <time>2020-07-21T09:39:33Z</time>
      </trkpt>
      <trkpt lat="62.0531349722296" lon="-6.986520560458303">
        <ele>408.06</ele>
        <time>2020-07-21T09:39:51Z</time>
      </trkpt>
      <trkpt lat="62.053054003044963" lon="-6.986582167446613">
        <ele>407.06</ele>
        <time>2020-07-21T09:40:01Z</time>
      </trkpt>
      <trkpt lat="62.05296590924263" lon="-6.986622316762805">
        <ele>405.82999999999998</ele>
        <time>2020-07-21T09:40:09Z</time>
      </trkpt>
      <trkpt lat="62.052871948108077" lon="-6.986679146066308">
        <ele>404.54000000000002</ele>
        <time>2020-07-21T09:40:20Z</time>
      </trkpt>
      <trkpt lat="62.052784273400903" lon="-6.986746871843934">
        <ele>404.24000000000001</ele>
        <time>2020-07-21T09:40:28Z</time>
      </trkpt>
      <trkpt lat="62.052682265639305" lon="-6.98682582937181">
        <ele>402.97000000000003</ele>
        <time>2020-07-21T09:40:43Z</time>
      </trkpt>
      <trkpt lat="62.05258671194315" lon="-6.986901685595512">
        <ele>401.75999999999999</ele>
        <time>2020-07-21T09:40:53Z</time>
      </trkpt>
      <trkpt lat="62.052497947588563" lon="-6.986974021419883">
        <ele>400.74000000000001</ele>
        <time>2020-07-21T09:41:02Z</time>
      </trkpt>
      <trkpt lat="62.052406584843993" lon="-6.987035544589162">
        <ele>399.25999999999999</ele>
        <time>2020-07-21T09:41:11Z</time>
      </trkpt>
      <trkpt lat="62.052310779690742" lon="-6.987058930099011">
        <ele>397.76999999999998</ele>
        <time>2020-07-21T09:41:20Z</time>
      </trkpt>
      <trkpt lat="62.052209274843335" lon="-6.987053649500012">
        <ele>396.80000000000001</ele>
        <time>2020-07-21T09:41:28Z</time>
      </trkpt>
      <trkpt lat="62.052119420841336" lon="-6.987049793824554">
        <ele>396.20999999999998</ele>
        <time>2020-07-21T09:41:35Z</time>
      </trkpt>
      <trkpt lat="62.052029985934496" lon="-6.987044429406524">
        <ele>395.56999999999999</ele>
        <time>2020-07-21T09:41:42Z</time>
      </trkpt>
      <trkpt lat="62.051930828019977" lon="-6.987034371122718">
        <ele>395.17000000000002</ele>
        <time>2020-07-21T09:41:50Z</time>
      </trkpt>
      <trkpt lat="62.051834771409631" lon="-6.987013500183821">
        <ele>394.56</ele>
        <time>2020-07-21T09:41:58Z</time>
      </trkpt>
      <trkpt lat="62.051739720627666" lon="-6.987008051946759">
        <ele>394.12</ele>
        <time>2020-07-21T09:42:06Z</time>
      </trkpt>
      <trkpt lat="62.051644921302795" lon="-6.986998245120049">
        <ele>393.07999999999998</ele>
        <time>2020-07-21T09:42:32Z</time>
      </trkpt>
      <trkpt lat="62.051550960168242" lon="-6.987031353637576">
        <ele>391.66000000000003</ele>
        <time>2020-07-21T09:43:11Z</time>
      </trkpt>
      <trkpt lat="62.05146580003202" lon="-6.986985253170133">
        <ele>389.94999999999999</ele>
        <time>2020-07-21T09:43:29Z</time>
      </trkpt>
      <trkpt lat="62.051381226629019" lon="-6.986946361139417">
        <ele>387.35000000000002</ele>
        <time>2020-07-21T09:43:47Z</time>
      </trkpt>
      <trkpt lat="62.051293300464749" lon="-6.986931608989835">
        <ele>384.56</ele>
        <time>2020-07-21T09:44:01Z</time>
      </trkpt>
      <trkpt lat="62.051199339330196" lon="-6.986910235136747">
        <ele>381.95999999999998</ele>
        <time>2020-07-21T09:44:18Z</time>
      </trkpt>
      <trkpt lat="62.051097499206662" lon="-6.986906882375479">
        <ele>378.52999999999997</ele>
        <time>2020-07-21T09:44:30Z</time>
      </trkpt>
      <trkpt lat="62.05100554972887" lon="-6.986874025315046">
        <ele>376.64999999999998</ele>
        <time>2020-07-21T09:44:38Z</time>
      </trkpt>
      <trkpt lat="62.050918126478791" lon="-6.98684242554009">
        <ele>375.79000000000002</ele>
        <time>2020-07-21T09:44:48Z</time>
      </trkpt>
      <trkpt lat="62.050832966342568" lon="-6.98676866479218">
        <ele>374.14999999999998</ele>
        <time>2020-07-21T09:45:03Z</time>
      </trkpt>
      <trkpt lat="62.050743196159601" lon="-6.986714936792851">
        <ele>372</ele>
        <time>2020-07-21T09:45:17Z</time>
      </trkpt>
      <trkpt lat="62.050645044073462" lon="-6.986683839932084">
        <ele>369.22000000000003</ele>
        <time>2020-07-21T09:45:31Z</time>
      </trkpt>
      <trkpt lat="62.05055208876729" lon="-6.986666740849614">
        <ele>366.23000000000002</ele>
        <time>2020-07-21T09:45:47Z</time>
      </trkpt>
      <trkpt lat="62.050453601405025" lon="-6.986616868525744">
        <ele>363.32999999999998</ele>
        <time>2020-07-21T09:46:01Z</time>
      </trkpt>
      <trkpt lat="62.050369195640087" lon="-6.986535480245948">
        <ele>361.43000000000001</ele>
        <time>2020-07-21T09:46:18Z</time>
      </trkpt>
      <trkpt lat="62.050286633893847" lon="-6.986514609307051">
        <ele>357.79000000000002</ele>
        <time>2020-07-21T09:46:50Z</time>
      </trkpt>
      <trkpt lat="62.050227876752615" lon="-6.986500862985849">
        <ele>355.44</ele>
        <time>2020-07-21T09:48:26Z</time>
      </trkpt>
      <trkpt lat="62.050142381340265" lon="-6.986506981775165">
        <ele>354.13</ele>
        <time>2020-07-21T09:48:44Z</time>
      </trkpt>
      <trkpt lat="62.050048336386681" lon="-6.986535647884011">
        <ele>350.72000000000003</ele>
        <time>2020-07-21T09:48:59Z</time>
      </trkpt>
      <trkpt lat="62.049961248412728" lon="-6.986589962616563">
        <ele>349.16000000000003</ele>
        <time>2020-07-21T09:49:09Z</time>
      </trkpt>
      <trkpt lat="62.049870975315571" lon="-6.986586693674326">
        <ele>347.91000000000003</ele>
        <time>2020-07-21T09:49:20Z</time>
      </trkpt>
      <trkpt lat="62.049859324470162" lon="-6.986419977620244">
        <ele>346.37</ele>
        <time>2020-07-21T09:49:28Z</time>
      </trkpt>
      <trkpt lat="62.049890253692865" lon="-6.986246556043625">
        <ele>344.26999999999998</ele>
        <time>2020-07-21T09:49:37Z</time>
      </trkpt>
      <trkpt lat="62.04993886873126" lon="-6.986068356782198">
        <ele>341.30000000000001</ele>
        <time>2020-07-21T09:49:48Z</time>
      </trkpt>
      <trkpt lat="62.049985723569989" lon="-6.985900467261672">
        <ele>338.69</ele>
        <time>2020-07-21T09:49:57Z</time>
      </trkpt>
      <trkpt lat="62.050005504861474" lon="-6.98570248670876">
        <ele>336.13999999999999</ele>
        <time>2020-07-21T09:50:07Z</time>
      </trkpt>
      <trkpt lat="62.050064094364643" lon="-6.985525125637651">
        <ele>332.89999999999998</ele>
        <time>2020-07-21T09:50:19Z</time>
      </trkpt>
      <trkpt lat="62.050118995830417" lon="-6.985351955518127">
        <ele>330.60000000000002</ele>
        <time>2020-07-21T09:50:29Z</time>
      </trkpt>
      <trkpt lat="62.050146320834756" lon="-6.98517526499927">
        <ele>327.63</ele>
        <time>2020-07-21T09:50:41Z</time>
      </trkpt>
      <trkpt lat="62.050186302512884" lon="-6.984982648864389">
        <ele>323.42000000000002</ele>
        <time>2020-07-21T09:51:17Z</time>
      </trkpt>
      <trkpt lat="62.050215471535921" lon="-6.984791792929173">
        <ele>319.63999999999999</ele>
        <time>2020-07-21T09:51:34Z</time>
      </trkpt>
      <trkpt lat="62.050234917551279" lon="-6.984573025256395">
        <ele>314.58999999999997</ele>
        <time>2020-07-21T09:51:53Z</time>
      </trkpt>
      <trkpt lat="62.050252771005034" lon="-6.9843880366534">
        <ele>309.97000000000003</ele>
        <time>2020-07-21T09:52:16Z</time>
      </trkpt>
      <trkpt lat="62.050295853987336" lon="-6.984211010858417">
        <ele>305.35000000000002</ele>
        <time>2020-07-21T09:52:36Z</time>
      </trkpt>
      <trkpt lat="62.050350336357951" lon="-6.983988471329212">
        <ele>301.70999999999998</ele>
        <time>2020-07-21T09:52:50Z</time>
      </trkpt>
      <trkpt lat="62.050395766273141" lon="-6.983797531574965">
        <ele>297.31999999999999</ele>
        <time>2020-07-21T09:53:05Z</time>
      </trkpt>
      <trkpt lat="62.050427030771971" lon="-6.983615225180984">
        <ele>293</ele>
        <time>2020-07-21T09:53:21Z</time>
      </trkpt>
      <trkpt lat="62.050446476787329" lon="-6.983403163030744">
        <ele>288.49000000000001</ele>
        <time>2020-07-21T09:53:40Z</time>
      </trkpt>
      <trkpt lat="62.05047145485878" lon="-6.983222113922238">
        <ele>284.58999999999997</ele>
        <time>2020-07-21T09:53:56Z</time>
      </trkpt>
      <trkpt lat="62.050513615831733" lon="-6.98305799625814">
        <ele>281.39999999999998</ele>
        <time>2020-07-21T09:54:13Z</time>
      </trkpt>
      <trkpt lat="62.050549909472466" lon="-6.982878958806396">
        <ele>278.42000000000002</ele>
        <time>2020-07-21T09:54:25Z</time>
      </trkpt>
      <trkpt lat="62.050614198669791" lon="-6.98272867128253">
        <ele>276.39999999999998</ele>
        <time>2020-07-21T09:54:36Z</time>
      </trkpt>
      <trkpt lat="62.050681840628386" lon="-6.98256547562778">
        <ele>274.94999999999999</ele>
        <time>2020-07-21T09:54:45Z</time>
      </trkpt>
      <trkpt lat="62.050702627748251" lon="-6.982409404590726">
        <ele>272.16000000000003</ele>
        <time>2020-07-21T09:54:56Z</time>
      </trkpt>
      <trkpt lat="62.050739089027047" lon="-6.982240341603756">
        <ele>268.06999999999999</ele>
        <time>2020-07-21T09:55:11Z</time>
      </trkpt>
      <trkpt lat="62.050794744864106" lon="-6.982091562822461">
        <ele>265.87</ele>
        <time>2020-07-21T09:55:21Z</time>
      </trkpt>
      <trkpt lat="62.050857190042734" lon="-6.981955356895924">
        <ele>263.64999999999998</ele>
        <time>2020-07-21T09:55:34Z</time>
      </trkpt>
      <trkpt lat="62.050889125093818" lon="-6.981778247281909">
        <ele>261.22000000000003</ele>
        <time>2020-07-21T09:55:48Z</time>
      </trkpt>
      <trkpt lat="62.050889208912849" lon="-6.981575740501285">
        <ele>257.49000000000001</ele>
        <time>2020-07-21T09:56:02Z</time>
      </trkpt>
      <trkpt lat="62.050873870030046" lon="-6.981385555118322">
        <ele>254.09999999999999</ele>
        <time>2020-07-21T09:56:13Z</time>
      </trkpt>
      <trkpt lat="62.050892477855086" lon="-6.981181455776095">
        <ele>251.81999999999999</ele>
        <time>2020-07-21T09:56:22Z</time>
      </trkpt>
      <trkpt lat="62.050935057923198" lon="-6.981001412495971">
        <ele>251.56</ele>
        <time>2020-07-21T09:56:32Z</time>
      </trkpt>
      <trkpt lat="62.050997754558921" lon="-6.980834947898984">
        <ele>251.52000000000001</ele>
        <time>2020-07-21T09:56:41Z</time>
      </trkpt>
      <trkpt lat="62.051052069291472" lon="-6.98065934702754">
        <ele>251.72999999999999</ele>
        <time>2020-07-21T09:56:49Z</time>
      </trkpt>
      <trkpt lat="62.051083417609334" lon="-6.980476956814528">
        <ele>249.97</ele>
        <time>2020-07-21T09:56:58Z</time>
      </trkpt>
      <trkpt lat="62.051115185022354" lon="-6.980263385921717">
        <ele>248.94999999999999</ele>
        <time>2020-07-21T09:57:07Z</time>
      </trkpt>
      <trkpt lat="62.051180396229029" lon="-6.980078062042594">
        <ele>248.09999999999999</ele>
        <time>2020-07-21T09:57:16Z</time>
      </trkpt>
      <trkpt lat="62.05124887637794" lon="-6.979910591617227">
        <ele>247.81999999999999</ele>
        <time>2020-07-21T09:57:24Z</time>
      </trkpt>
      <trkpt lat="62.051294222474098" lon="-6.979726357385516">
        <ele>247.25</ele>
        <time>2020-07-21T09:57:33Z</time>
      </trkpt>
      <trkpt lat="62.051369911059737" lon="-6.979567352682352">
        <ele>247.06999999999999</ele>
        <time>2020-07-21T09:57:42Z</time>
      </trkpt>
      <trkpt lat="62.051449287682772" lon="-6.979424776509404">
        <ele>246.44</ele>
        <time>2020-07-21T09:57:52Z</time>
      </trkpt>
      <trkpt lat="62.051531933248043" lon="-6.979266526177526">
        <ele>246.06999999999999</ele>
        <time>2020-07-21T09:58:01Z</time>
      </trkpt>
      <trkpt lat="62.051594881340861" lon="-6.979112047702074">
        <ele>245.47999999999999</ele>
        <time>2020-07-21T09:58:09Z</time>
      </trkpt>
      <trkpt lat="62.051671408116817" lon="-6.978969806805253">
        <ele>244.94</ele>
        <time>2020-07-21T09:58:17Z</time>
      </trkpt>
      <trkpt lat="62.051745001226664" lon="-6.978827314451337">
        <ele>244.66</ele>
        <time>2020-07-21T09:58:26Z</time>
      </trkpt>
      <trkpt lat="62.051786324009299" lon="-6.978648779913783">
        <ele>245.03999999999999</ele>
        <time>2020-07-21T09:58:34Z</time>
      </trkpt>
      <trkpt lat="62.051825048401952" lon="-6.97847418487072">
        <ele>244.94999999999999</ele>
        <time>2020-07-21T09:58:41Z</time>
      </trkpt>
      <trkpt lat="62.051870226860046" lon="-6.978267654776573">
        <ele>245.03</ele>
        <time>2020-07-21T09:58:49Z</time>
      </trkpt>
      <trkpt lat="62.051896881312132" lon="-6.978090545162559">
        <ele>245.24000000000001</ele>
        <time>2020-07-21T09:58:56Z</time>
      </trkpt>
      <trkpt lat="62.051943065598607" lon="-6.977899689227343">
        <ele>245.22999999999999</ele>
        <time>2020-07-21T09:59:06Z</time>
      </trkpt>
      <trkpt lat="62.051982125267386" lon="-6.977751413360238">
        <ele>245.31999999999999</ele>
        <time>2020-07-21T09:59:14Z</time>
      </trkpt>
      <trkpt lat="62.052035098895431" lon="-6.977577991783619">
        <ele>245.46000000000001</ele>
        <time>2020-07-21T09:59:24Z</time>
      </trkpt>
      <trkpt lat="62.052068207412958" lon="-6.977372383698821">
        <ele>245.91999999999999</ele>
        <time>2020-07-21T09:59:37Z</time>
      </trkpt>
      <trkpt lat="62.052119253203273" lon="-6.977191334590316">
        <ele>245.97999999999999</ele>
        <time>2020-07-21T09:59:46Z</time>
      </trkpt>
      <trkpt lat="62.052179351449013" lon="-6.977045489475131">
        <ele>245.84</ele>
        <time>2020-07-21T09:59:55Z</time>
      </trkpt>
      <trkpt lat="62.052228804677725" lon="-6.976850777864456">
        <ele>247.22999999999999</ele>
        <time>2020-07-21T10:00:06Z</time>
      </trkpt>
      <trkpt lat="62.052288567647338" lon="-6.976673416793346">
        <ele>248.03</ele>
        <time>2020-07-21T10:00:18Z</time>
      </trkpt>
      <trkpt lat="62.052332824096084" lon="-6.976482309401035">
        <ele>247.72</ele>
        <time>2020-07-21T10:00:54Z</time>
      </trkpt>
      <trkpt lat="62.052397951483727" lon="-6.976363370195031">
        <ele>247.52000000000001</ele>
        <time>2020-07-21T10:01:02Z</time>
      </trkpt>
      <trkpt lat="62.052475903183222" lon="-6.976252729073167">
        <ele>248.36000000000001</ele>
        <time>2020-07-21T10:01:11Z</time>
      </trkpt>
      <trkpt lat="62.052540276199579" lon="-6.97608576156199">
        <ele>248.31999999999999</ele>
        <time>2020-07-21T10:01:20Z</time>
      </trkpt>
      <trkpt lat="62.052568523213267" lon="-6.975904628634453">
        <ele>247.97</ele>
        <time>2020-07-21T10:01:28Z</time>
      </trkpt>
      <trkpt lat="62.052639434114099" lon="-6.975800022482872">
        <ele>248.37</ele>
        <time>2020-07-21T10:01:40Z</time>
      </trkpt>
      <trkpt lat="62.052623089402914" lon="-6.975118070840836">
        <ele>249.71000000000001</ele>
        <time>2020-07-21T10:06:00Z</time>
      </trkpt>
      <trkpt lat="62.052546897903085" lon="-6.974998712539673">
        <ele>249.25</ele>
        <time>2020-07-21T10:06:08Z</time>
      </trkpt>
      <trkpt lat="62.052451260387897" lon="-6.974946074187756">
        <ele>249.15000000000001</ele>
        <time>2020-07-21T10:06:19Z</time>
      </trkpt>
      <trkpt lat="62.052371297031641" lon="-6.974883796647191">
        <ele>249.34999999999999</ele>
        <time>2020-07-21T10:06:27Z</time>
      </trkpt>
      <trkpt lat="62.052300218492746" lon="-6.975024193525314">
        <ele>249.52000000000001</ele>
        <time>2020-07-21T10:06:37Z</time>
      </trkpt>
      <trkpt lat="62.052207849919796" lon="-6.975061325356364">
        <ele>248.50999999999999</ele>
        <time>2020-07-21T10:06:48Z</time>
      </trkpt>
      <trkpt lat="62.05211229622364" lon="-6.975036514922977">
        <ele>248.62</ele>
        <time>2020-07-21T10:06:57Z</time>
      </trkpt>
      <trkpt lat="62.052020179107785" lon="-6.974981194362044">
        <ele>247.86000000000001</ele>
        <time>2020-07-21T10:07:09Z</time>
      </trkpt>
      <trkpt lat="62.051950609311461" lon="-6.975104324519634">
        <ele>248.91999999999999</ele>
        <time>2020-07-21T10:07:19Z</time>
      </trkpt>
      <trkpt lat="62.051862180233002" lon="-6.975202728062868">
        <ele>248.63999999999999</ele>
        <time>2020-07-21T10:07:27Z</time>
      </trkpt>
      <trkpt lat="62.051767967641354" lon="-6.975255031138659">
        <ele>248.63999999999999</ele>
        <time>2020-07-21T10:07:39Z</time>
      </trkpt>
      <trkpt lat="62.051687082275748" lon="-6.975336587056518">
        <ele>248.69999999999999</ele>
        <time>2020-07-21T10:07:46Z</time>
      </trkpt>
      <trkpt lat="62.051621871069074" lon="-6.97542660869658">
        <ele>248.22999999999999</ele>
        <time>2020-07-21T10:07:56Z</time>
      </trkpt>
      <trkpt lat="62.051523299887776" lon="-6.975488131865859">
        <ele>248.02000000000001</ele>
        <time>2020-07-21T10:08:06Z</time>
      </trkpt>
      <trkpt lat="62.051436463370919" lon="-6.97540121152997">
        <ele>248.12</ele>
        <time>2020-07-21T10:08:14Z</time>
      </trkpt>
      <trkpt lat="62.05134266987443" lon="-6.975346645340323">
        <ele>248.19</ele>
        <time>2020-07-21T10:08:23Z</time>
      </trkpt>
      <trkpt lat="62.051249882206321" lon="-6.97531420737505">
        <ele>247.81</ele>
        <time>2020-07-21T10:08:32Z</time>
      </trkpt>
      <trkpt lat="62.051164135336876" lon="-6.975318901240826">
        <ele>247.78999999999999</ele>
        <time>2020-07-21T10:08:40Z</time>
      </trkpt>
      <trkpt lat="62.051073107868433" lon="-6.975314626470208">
        <ele>247.63</ele>
        <time>2020-07-21T10:08:48Z</time>
      </trkpt>
      <trkpt lat="62.050997922196984" lon="-6.975220665335655">
        <ele>247.22</ele>
        <time>2020-07-21T10:08:56Z</time>
      </trkpt>
      <trkpt lat="62.05096154473722" lon="-6.975076328963041">
        <ele>248.72</ele>
        <time>2020-07-21T10:09:10Z</time>
      </trkpt>
      <trkpt lat="62.050925502553582" lon="-6.974922018125653">
        <ele>249.87</ele>
        <time>2020-07-21T10:09:25Z</time>
      </trkpt>
      <trkpt lat="62.05086431466043" lon="-6.974772233515978">
        <ele>249.43000000000001</ele>
        <time>2020-07-21T10:09:33Z</time>
      </trkpt>
      <trkpt lat="62.050805725157261" lon="-6.97461498901248">
        <ele>250.44</ele>
        <time>2020-07-21T10:09:45Z</time>
      </trkpt>
      <trkpt lat="62.05079248175025" lon="-6.974451709538698">
        <ele>249.63999999999999</ele>
        <time>2020-07-21T10:09:54Z</time>
      </trkpt>
      <trkpt lat="62.050719223916531" lon="-6.974349701777101">
        <ele>250.05000000000001</ele>
        <time>2020-07-21T10:10:02Z</time>
      </trkpt>
      <trkpt lat="62.050632387399673" lon="-6.974279712885618">
        <ele>250.31999999999999</ele>
        <time>2020-07-21T10:10:10Z</time>
      </trkpt>
      <trkpt lat="62.050556447356939" lon="-6.974177956581116">
        <ele>249.71000000000001</ele>
        <time>2020-07-21T10:10:19Z</time>
      </trkpt>
      <trkpt lat="62.050489224493504" lon="-6.97406530380249">
        <ele>249.36000000000001</ele>
        <time>2020-07-21T10:10:43Z</time>
      </trkpt>
      <trkpt lat="62.050399705767632" lon="-6.973985508084297">
        <ele>248.68000000000001</ele>
        <time>2020-07-21T10:10:52Z</time>
      </trkpt>
      <trkpt lat="62.050325023010373" lon="-6.973914513364434">
        <ele>248.44999999999999</ele>
        <time>2020-07-21T10:11:03Z</time>
      </trkpt>
      <trkpt lat="62.050247909501195" lon="-6.973769087344408">
        <ele>247.34</ele>
        <time>2020-07-21T10:11:12Z</time>
      </trkpt>
      <trkpt lat="62.050157384946942" lon="-6.973684681579471">
        <ele>246.66</ele>
        <time>2020-07-21T10:11:20Z</time>
      </trkpt>
      <trkpt lat="62.050074320286512" lon="-6.973599940538406">
        <ele>247.41999999999999</ele>
        <time>2020-07-21T10:11:28Z</time>
      </trkpt>
      <trkpt lat="62.049978766590357" lon="-6.973556103184819">
        <ele>247.53999999999999</ele>
        <time>2020-07-21T10:11:36Z</time>
      </trkpt>
      <trkpt lat="62.049887739121914" lon="-6.973553001880646">
        <ele>247.56</ele>
        <time>2020-07-21T10:11:43Z</time>
      </trkpt>
      <trkpt lat="62.049847254529595" lon="-6.973637575283647">
        <ele>245.49000000000001</ele>
        <time>2020-07-21T10:11:55Z</time>
      </trkpt>
      <trkpt lat="62.049806769937277" lon="-6.973814936354756">
        <ele>244.43000000000001</ele>
        <time>2020-07-21T10:12:02Z</time>
      </trkpt>
      <trkpt lat="62.049732422456145" lon="-6.973887858912349">
        <ele>244.38999999999999</ele>
        <time>2020-07-21T10:12:09Z</time>
      </trkpt>
      <trkpt lat="62.049651704728603" lon="-6.973985843360424">
        <ele>244.31999999999999</ele>
        <time>2020-07-21T10:12:17Z</time>
      </trkpt>
      <trkpt lat="62.049564616754651" lon="-6.974017526954413">
        <ele>244.41999999999999</ele>
        <time>2020-07-21T10:12:25Z</time>
      </trkpt>
      <trkpt lat="62.049472332000732" lon="-6.974010234698653">
        <ele>244.56</ele>
        <time>2020-07-21T10:12:33Z</time>
      </trkpt>
      <trkpt lat="62.049383651465178" lon="-6.973957009613514">
        <ele>244.19</ele>
        <time>2020-07-21T10:12:40Z</time>
      </trkpt>
      <trkpt lat="62.049299413338304" lon="-6.973890624940395">
        <ele>244.00999999999999</ele>
        <time>2020-07-21T10:12:48Z</time>
      </trkpt>
      <trkpt lat="62.049242835491896" lon="-6.973741762340069">
        <ele>243.72</ele>
        <time>2020-07-21T10:12:57Z</time>
      </trkpt>
      <trkpt lat="62.049173768609762" lon="-6.973593737930059">
        <ele>245.12</ele>
        <time>2020-07-21T10:13:10Z</time>
      </trkpt>
      <trkpt lat="62.049076873809099" lon="-6.973630785942078">
        <ele>244.31</ele>
        <time>2020-07-21T10:13:20Z</time>
      </trkpt>
      <trkpt lat="62.048985762521625" lon="-6.973600024357438">
        <ele>244.18000000000001</ele>
        <time>2020-07-21T10:13:32Z</time>
      </trkpt>
      <trkpt lat="62.048895908519626" lon="-6.973758693784475">
        <ele>244.31</ele>
        <time>2020-07-21T10:13:41Z</time>
      </trkpt>
      <trkpt lat="62.048822650685906" lon="-6.973876962438226">
        <ele>244.31999999999999</ele>
        <time>2020-07-21T10:13:48Z</time>
      </trkpt>
      <trkpt lat="62.048738077282906" lon="-6.973985424265266">
        <ele>243.97999999999999</ele>
        <time>2020-07-21T10:13:57Z</time>
      </trkpt>
      <trkpt lat="62.048643194139004" lon="-6.974020712077618">
        <ele>243.71000000000001</ele>
        <time>2020-07-21T10:14:30Z</time>
      </trkpt>
      <trkpt lat="62.04855116084218" lon="-6.974043846130371">
        <ele>244.22999999999999</ele>
        <time>2020-07-21T10:14:37Z</time>
      </trkpt>
      <trkpt lat="62.04845879226923" lon="-6.97407117113471">
        <ele>244.13</ele>
        <time>2020-07-21T10:14:45Z</time>
      </trkpt>
      <trkpt lat="62.048392742872238" lon="-6.974088437855244">
        <ele>244.06999999999999</ele>
        <time>2020-07-21T10:15:06Z</time>
      </trkpt>
      <trkpt lat="62.048395425081253" lon="-6.974013084545732">
        <ele>244.28</ele>
        <time>2020-07-21T10:15:56Z</time>
      </trkpt>
      <trkpt lat="62.048366256058216" lon="-6.973845111206174">
        <ele>243.88999999999999</ele>
        <time>2020-07-21T10:16:04Z</time>
      </trkpt>
      <trkpt lat="62.048282437026501" lon="-6.973756346851587">
        <ele>243.63999999999999</ele>
        <time>2020-07-21T10:16:14Z</time>
      </trkpt>
      <trkpt lat="62.048228960484266" lon="-6.973595917224884">
        <ele>243.69</ele>
        <time>2020-07-21T10:16:21Z</time>
      </trkpt>
      <trkpt lat="62.048168778419495" lon="-6.973525173962116">
        <ele>244.03999999999999</ele>
        <time>2020-07-21T10:17:05Z</time>
      </trkpt>
      <trkpt lat="62.048140363767743" lon="-6.97365777567029">
        <ele>243.75</ele>
        <time>2020-07-21T10:17:43Z</time>
      </trkpt>
      <trkpt lat="62.048064675182104" lon="-6.973682837560773">
        <ele>245.87</ele>
        <time>2020-07-21T10:20:08Z</time>
      </trkpt>
      <trkpt lat="62.048018909990788" lon="-6.973622236400843">
        <ele>245.72999999999999</ele>
        <time>2020-07-21T10:20:52Z</time>
      </trkpt>
      <trkpt lat="62.047958979383111" lon="-6.973471697419882">
        <ele>246.08000000000001</ele>
        <time>2020-07-21T10:21:00Z</time>
      </trkpt>
      <trkpt lat="62.047884715721011" lon="-6.973339095711708">
        <ele>247.19</ele>
        <time>2020-07-21T10:21:08Z</time>
      </trkpt>
      <trkpt lat="62.047824617475271" lon="-6.973184449598193">
        <ele>247.62</ele>
        <time>2020-07-21T10:21:16Z</time>
      </trkpt>
      <trkpt lat="62.047754041850567" lon="-6.973075736314058">
        <ele>247.43000000000001</ele>
        <time>2020-07-21T10:21:24Z</time>
      </trkpt>
      <trkpt lat="62.047669133171439" lon="-6.973033994436264">
        <ele>247.53999999999999</ele>
        <time>2020-07-21T10:21:32Z</time>
      </trkpt>
      <trkpt lat="62.047578860074282" lon="-6.973003400489688">
        <ele>247.16999999999999</ele>
        <time>2020-07-21T10:21:40Z</time>
      </trkpt>
      <trkpt lat="62.047500992193818" lon="-6.972881443798542">
        <ele>246.81999999999999</ele>
        <time>2020-07-21T10:21:49Z</time>
      </trkpt>
      <trkpt lat="62.047437038272619" lon="-6.972737107425928">
        <ele>246.28</ele>
        <time>2020-07-21T10:22:02Z</time>
      </trkpt>
      <trkpt lat="62.047350956127048" lon="-6.972682625055313">
        <ele>244.18000000000001</ele>
        <time>2020-07-21T10:22:13Z</time>
      </trkpt>
      <trkpt lat="62.04726118594408" lon="-6.972713889554143">
        <ele>242.22</ele>
        <time>2020-07-21T10:22:27Z</time>
      </trkpt>
      <trkpt lat="62.047181893140078" lon="-6.972729312255979">
        <ele>238.33000000000001</ele>
        <time>2020-07-21T10:22:47Z</time>
      </trkpt>
      <trkpt lat="62.047132104635239" lon="-6.972871804609895">
        <ele>236</ele>
        <time>2020-07-21T10:23:07Z</time>
      </trkpt>
      <trkpt lat="62.047152472659945" lon="-6.973062828183174">
        <ele>231.86000000000001</ele>
        <time>2020-07-21T10:23:19Z</time>
      </trkpt>
      <trkpt lat="62.0471409894526" lon="-6.973237590864301">
        <ele>228.75</ele>
        <time>2020-07-21T10:23:33Z</time>
      </trkpt>
      <trkpt lat="62.047136798501015" lon="-6.973419561982155">
        <ele>225.65000000000001</ele>
        <time>2020-07-21T10:23:47Z</time>
      </trkpt>
      <trkpt lat="62.047087932005525" lon="-6.973608238622546">
        <ele>222.47</ele>
        <time>2020-07-21T10:24:05Z</time>
      </trkpt>
      <trkpt lat="62.047037724405527" lon="-6.973453341051936">
        <ele>219.05000000000001</ele>
        <time>2020-07-21T10:24:22Z</time>
      </trkpt>
      <trkpt lat="62.047001263126731" lon="-6.973274638876319">
        <ele>216.06</ele>
        <time>2020-07-21T10:24:37Z</time>
      </trkpt>
      <trkpt lat="62.046959437429905" lon="-6.973096188157797">
        <ele>213.59999999999999</ele>
        <time>2020-07-21T10:24:56Z</time>
      </trkpt>
      <trkpt lat="62.046925155445933" lon="-6.972941542044282">
        <ele>209.84999999999999</ele>
        <time>2020-07-21T10:25:14Z</time>
      </trkpt>
      <trkpt lat="62.046885844320059" lon="-6.972764683887363">
        <ele>205.91999999999999</ele>
        <time>2020-07-21T10:25:32Z</time>
      </trkpt>
      <trkpt lat="62.04683655872941" lon="-6.972588999196887">
        <ele>202.40000000000001</ele>
        <time>2020-07-21T10:25:46Z</time>
      </trkpt>
      <trkpt lat="62.04677302390337" lon="-6.972449440509081">
        <ele>198.78999999999999</ele>
        <time>2020-07-21T10:25:59Z</time>
      </trkpt>
      <trkpt lat="62.046739999204874" lon="-6.972256489098072">
        <ele>196.12</ele>
        <time>2020-07-21T10:26:15Z</time>
      </trkpt>
      <trkpt lat="62.046722564846277" lon="-6.972050713375211">
        <ele>194.30000000000001</ele>
        <time>2020-07-21T10:26:27Z</time>
      </trkpt>
      <trkpt lat="62.046664981171489" lon="-6.971902186051011">
        <ele>191.96000000000001</ele>
        <time>2020-07-21T10:26:42Z</time>
      </trkpt>
      <trkpt lat="62.0466332975775" lon="-6.971754413098097">
        <ele>189.86000000000001</ele>
        <time>2020-07-21T10:26:59Z</time>
      </trkpt>
      <trkpt lat="62.046610582619905" lon="-6.971572190523148">
        <ele>187.47999999999999</ele>
        <time>2020-07-21T10:27:13Z</time>
      </trkpt>
      <trkpt lat="62.046568756923079" lon="-6.971388291567564">
        <ele>185.12</ele>
        <time>2020-07-21T10:27:23Z</time>
      </trkpt>
      <trkpt lat="62.046545455232263" lon="-6.971211517229676">
        <ele>183.66999999999999</ele>
        <time>2020-07-21T10:27:32Z</time>
      </trkpt>
      <trkpt lat="62.046506395563483" lon="-6.971046729013324">
        <ele>182.78999999999999</ele>
        <time>2020-07-21T10:27:49Z</time>
      </trkpt>
      <trkpt lat="62.046484518796206" lon="-6.970885880291462">
        <ele>181.31</ele>
        <time>2020-07-21T10:29:14Z</time>
      </trkpt>
      <trkpt lat="62.046446045860648" lon="-6.970714638009667">
        <ele>178.65000000000001</ele>
        <time>2020-07-21T10:29:28Z</time>
      </trkpt>
      <trkpt lat="62.046436071395874" lon="-6.970520513132215">
        <ele>176.44</ele>
        <time>2020-07-21T10:29:42Z</time>
      </trkpt>
      <trkpt lat="62.046444704756141" lon="-6.970457229763269">
        <ele>175.55000000000001</ele>
        <time>2020-07-21T10:30:54Z</time>
      </trkpt>
      <trkpt lat="62.046382008120418" lon="-6.970360586419702">
        <ele>175.47999999999999</ele>
        <time>2020-07-21T10:31:32Z</time>
      </trkpt>
      <trkpt lat="62.046318389475346" lon="-6.970233852043748">
        <ele>172.56999999999999</ele>
        <time>2020-07-21T10:31:44Z</time>
      </trkpt>
      <trkpt lat="62.046277821063995" lon="-6.970063950866461">
        <ele>170.71000000000001</ele>
        <time>2020-07-21T10:31:54Z</time>
      </trkpt>
      <trkpt lat="62.046260135248303" lon="-6.969863455742598">
        <ele>170.03</ele>
        <time>2020-07-21T10:32:07Z</time>
      </trkpt>
      <trkpt lat="62.046177154406905" lon="-6.969837807118893">
        <ele>167.41</ele>
        <time>2020-07-21T10:32:24Z</time>
      </trkpt>
      <trkpt lat="62.046085456386209" lon="-6.969808302819729">
        <ele>164.88999999999999</ele>
        <time>2020-07-21T10:32:34Z</time>
      </trkpt>
      <trkpt lat="62.04599367454648" lon="-6.969835376366973">
        <ele>163.83000000000001</ele>
        <time>2020-07-21T10:32:43Z</time>
      </trkpt>
      <trkpt lat="62.045903652906418" lon="-6.969816349446774">
        <ele>162.38999999999999</ele>
        <time>2020-07-21T10:32:51Z</time>
      </trkpt>
      <trkpt lat="62.04582754522562" lon="-6.969738062471151">
        <ele>160.83000000000001</ele>
        <time>2020-07-21T10:32:59Z</time>
      </trkpt>
      <trkpt lat="62.045741798356175" lon="-6.969686597585678">
        <ele>159.49000000000001</ele>
        <time>2020-07-21T10:33:08Z</time>
      </trkpt>
      <trkpt lat="62.04565261490643" lon="-6.969674192368984">
        <ele>157.55000000000001</ele>
        <time>2020-07-21T10:33:17Z</time>
      </trkpt>
      <trkpt lat="62.045558989048004" lon="-6.969623984768987">
        <ele>156.09999999999999</ele>
        <time>2020-07-21T10:33:28Z</time>
      </trkpt>
      <trkpt lat="62.045463435351849" lon="-6.969634545966983">
        <ele>154.13999999999999</ele>
        <time>2020-07-21T10:33:38Z</time>
      </trkpt>
      <trkpt lat="62.045371234416962" lon="-6.969654075801373">
        <ele>152.91999999999999</ele>
        <time>2020-07-21T10:33:48Z</time>
      </trkpt>
      <trkpt lat="62.045276183634996" lon="-6.969621134921908">
        <ele>151.72</ele>
        <time>2020-07-21T10:33:56Z</time>
      </trkpt>
      <trkpt lat="62.045174092054367" lon="-6.969656674191356">
        <ele>151.5</ele>
        <time>2020-07-21T10:34:06Z</time>
      </trkpt>
      <trkpt lat="62.045078286901116" lon="-6.969696991145611">
        <ele>150.69</ele>
        <time>2020-07-21T10:34:14Z</time>
      </trkpt>
      <trkpt lat="62.044993964955211" lon="-6.969729512929916">
        <ele>150.49000000000001</ele>
        <time>2020-07-21T10:34:24Z</time>
      </trkpt>
      <trkpt lat="62.044908720999956" lon="-6.969688944518566">
        <ele>149.61000000000001</ele>
        <time>2020-07-21T10:34:33Z</time>
      </trkpt>
      <trkpt lat="62.04481752589345" lon="-6.96965005248785">
        <ele>147.34999999999999</ele>
        <time>2020-07-21T10:34:44Z</time>
      </trkpt>
      <trkpt lat="62.044743094593287" lon="-6.969506219029427">
        <ele>145.27000000000001</ele>
        <time>2020-07-21T10:34:53Z</time>
      </trkpt>
      <trkpt lat="62.044676374644041" lon="-6.969376550987363">
        <ele>144.72999999999999</ele>
        <time>2020-07-21T10:35:01Z</time>
      </trkpt>
      <trkpt lat="62.044595824554563" lon="-6.969267083331943">
        <ele>143.36000000000001</ele>
        <time>2020-07-21T10:35:12Z</time>
      </trkpt>
      <trkpt lat="62.044513430446386" lon="-6.969165410846472">
        <ele>142.15000000000001</ele>
        <time>2020-07-21T10:35:26Z</time>
      </trkpt>
      <trkpt lat="62.044450230896473" lon="-6.969044459983707">
        <ele>140.41999999999999</ele>
        <time>2020-07-21T10:35:36Z</time>
      </trkpt>
      <trkpt lat="62.044470431283116" lon="-6.968853268772364">
        <ele>139.80000000000001</ele>
        <time>2020-07-21T10:35:44Z</time>
      </trkpt>
      <trkpt lat="62.044404465705156" lon="-6.968712452799082">
        <ele>139.19</ele>
        <time>2020-07-21T10:35:54Z</time>
      </trkpt>
      <trkpt lat="62.044313019141555" lon="-6.968633159995079">
        <ele>138.56999999999999</ele>
        <time>2020-07-21T10:36:02Z</time>
      </trkpt>
      <trkpt lat="62.044214699417353" lon="-6.968568954616785">
        <ele>137.88</ele>
        <time>2020-07-21T10:36:10Z</time>
      </trkpt>
      <trkpt lat="62.044132305309176" lon="-6.968506425619125">
        <ele>138.13999999999999</ele>
        <time>2020-07-21T10:36:18Z</time>
      </trkpt>
      <trkpt lat="62.044047731906176" lon="-6.968416152521968">
        <ele>137.61000000000001</ele>
        <time>2020-07-21T10:36:26Z</time>
      </trkpt>
      <trkpt lat="62.0439497474581" lon="-6.968377428129315">
        <ele>137.19</ele>
        <time>2020-07-21T10:36:34Z</time>
      </trkpt>
      <trkpt lat="62.043853523209691" lon="-6.968332249671221">
        <ele>137.41999999999999</ele>
        <time>2020-07-21T10:36:43Z</time>
      </trkpt>
      <trkpt lat="62.043753108009696" lon="-6.968304002657533">
        <ele>136.75</ele>
        <time>2020-07-21T10:36:51Z</time>
      </trkpt>
      <trkpt lat="62.04365361481905" lon="-6.96827357634902">
        <ele>135.84</ele>
        <time>2020-07-21T10:36:59Z</time>
      </trkpt>
      <trkpt lat="62.043560743331909" lon="-6.968221105635166">
        <ele>135.05000000000001</ele>
        <time>2020-07-21T10:37:07Z</time>
      </trkpt>
      <trkpt lat="62.043473068624735" lon="-6.968141812831163">
        <ele>133.46000000000001</ele>
        <time>2020-07-21T10:37:15Z</time>
      </trkpt>
      <trkpt lat="62.04337952658534" lon="-6.968143573030829">
        <ele>134.24000000000001</ele>
        <time>2020-07-21T10:37:23Z</time>
      </trkpt>
      <trkpt lat="62.043285733088851" lon="-6.968201659619808">
        <ele>134.00999999999999</ele>
        <time>2020-07-21T10:37:32Z</time>
      </trkpt>
      <trkpt lat="62.043194957077503" lon="-6.968196798115969">
        <ele>133.50999999999999</ele>
        <time>2020-07-21T10:37:41Z</time>
      </trkpt>
      <trkpt lat="62.043109377846122" lon="-6.968147093430162">
        <ele>133.44</ele>
        <time>2020-07-21T10:37:49Z</time>
      </trkpt>
      <trkpt lat="62.043021786957979" lon="-6.96805514395237">
        <ele>133.31</ele>
        <time>2020-07-21T10:37:57Z</time>
      </trkpt>
      <trkpt lat="62.042939811944962" lon="-6.967983730137348">
        <ele>132.78</ele>
        <time>2020-07-21T10:38:05Z</time>
      </trkpt>
      <trkpt lat="62.042843587696552" lon="-6.967884236946702">
        <ele>133.31</ele>
        <time>2020-07-21T10:38:14Z</time>
      </trkpt>
      <trkpt lat="62.042797571048141" lon="-6.96776831522584">
        <ele>132.65000000000001</ele>
        <time>2020-07-21T10:38:36Z</time>
      </trkpt>
      <trkpt lat="62.042717272415757" lon="-6.967698745429516">
        <ele>131.58000000000001</ele>
        <time>2020-07-21T10:38:43Z</time>
      </trkpt>
      <trkpt lat="62.042638063430786" lon="-6.967610735446215">
        <ele>131.66999999999999</ele>
        <time>2020-07-21T10:38:50Z</time>
      </trkpt>
      <trkpt lat="62.042548796162009" lon="-6.967630768194795">
        <ele>130.69</ele>
        <time>2020-07-21T10:38:58Z</time>
      </trkpt>
      <trkpt lat="62.042465480044484" lon="-6.967593217268586">
        <ele>130.56999999999999</ele>
        <time>2020-07-21T10:39:07Z</time>
      </trkpt>
      <trkpt lat="62.042372189462185" lon="-6.967630852013826">
        <ele>129.75</ele>
        <time>2020-07-21T10:39:16Z</time>
      </trkpt>
      <trkpt lat="62.042277809232473" lon="-6.967658177018166">
        <ele>129.09</ele>
        <time>2020-07-21T10:39:28Z</time>
      </trkpt>
      <trkpt lat="62.042180998250842" lon="-6.967697069048882">
        <ele>127.54000000000001</ele>
        <time>2020-07-21T10:39:38Z</time>
      </trkpt>
      <trkpt lat="62.042088713496923" lon="-6.967652393504977">
        <ele>126.2</ele>
        <time>2020-07-21T10:39:47Z</time>
      </trkpt>
      <trkpt lat="62.041994584724307" lon="-6.967634707689285">
        <ele>125.08</ele>
        <time>2020-07-21T10:39:56Z</time>
      </trkpt>
      <trkpt lat="62.041911603882909" lon="-6.967576537281275">
        <ele>124.31999999999999</ele>
        <time>2020-07-21T10:40:05Z</time>
      </trkpt>
      <trkpt lat="62.04181294888258" lon="-6.967589613050222">
        <ele>124.15000000000001</ele>
        <time>2020-07-21T10:40:14Z</time>
      </trkpt>
      <trkpt lat="62.041729465126991" lon="-6.967498669400811">
        <ele>123.84</ele>
        <time>2020-07-21T10:40:29Z</time>
      </trkpt>
      <trkpt lat="62.041652938351035" lon="-6.967367911711335">
        <ele>123.56</ele>
        <time>2020-07-21T10:40:39Z</time>
      </trkpt>
      <trkpt lat="62.041566437110305" lon="-6.967337150126696">
        <ele>122.73</ele>
        <time>2020-07-21T10:40:48Z</time>
      </trkpt>
      <trkpt lat="62.041476415470243" lon="-6.967377802357078">
        <ele>120.54000000000001</ele>
        <time>2020-07-21T10:41:00Z</time>
      </trkpt>
      <trkpt lat="62.041394272819161" lon="-6.967286858707666">
        <ele>119.79000000000001</ele>
        <time>2020-07-21T10:41:09Z</time>
      </trkpt>
      <trkpt lat="62.04136342741549" lon="-6.967105893418193">
        <ele>120.70999999999999</ele>
        <time>2020-07-21T10:41:19Z</time>
      </trkpt>
      <trkpt lat="62.041274243965745" lon="-6.967076221480966">
        <ele>120.29000000000001</ele>
        <time>2020-07-21T10:41:28Z</time>
      </trkpt>
      <trkpt lat="62.041184473782778" lon="-6.967066079378128">
        <ele>119.03</ele>
        <time>2020-07-21T10:41:38Z</time>
      </trkpt>
      <trkpt lat="62.041109120473266" lon="-6.967133805155754">
        <ele>117.54000000000001</ele>
        <time>2020-07-21T10:41:48Z</time>
      </trkpt>
      <trkpt lat="62.041019601747394" lon="-6.967095080763102">
        <ele>116.45999999999999</ele>
        <time>2020-07-21T10:41:58Z</time>
      </trkpt>
      <trkpt lat="62.040934609249234" lon="-6.967027774080634">
        <ele>116.31</ele>
        <time>2020-07-21T10:42:07Z</time>
      </trkpt>
      <trkpt lat="62.040841151028872" lon="-6.96698846295476">
        <ele>114.75</ele>
        <time>2020-07-21T10:42:16Z</time>
      </trkpt>
      <trkpt lat="62.040754901245236" lon="-6.966958288103342">
        <ele>114.16</ele>
        <time>2020-07-21T10:42:23Z</time>
      </trkpt>
      <trkpt lat="62.040667561814189" lon="-6.967018721625209">
        <ele>113.78</ele>
        <time>2020-07-21T10:42:33Z</time>
      </trkpt>
      <trkpt lat="62.040589358657598" lon="-6.966923419386149">
        <ele>112.98</ele>
        <time>2020-07-21T10:42:43Z</time>
      </trkpt>
      <trkpt lat="62.04051174223423" lon="-6.966842701658607">
        <ele>112.17</ele>
        <time>2020-07-21T10:42:51Z</time>
      </trkpt>
      <trkpt lat="62.040425827726722" lon="-6.96674756705761">
        <ele>110.94</ele>
        <time>2020-07-21T10:42:59Z</time>
      </trkpt>
      <trkpt lat="62.040378805249929" lon="-6.966588646173477">
        <ele>110.31</ele>
        <time>2020-07-21T10:43:07Z</time>
      </trkpt>
      <trkpt lat="62.040357096120715" lon="-6.966397287324071">
        <ele>109.40000000000001</ele>
        <time>2020-07-21T10:43:15Z</time>
      </trkpt>
      <trkpt lat="62.040294231846929" lon="-6.96623015217483">
        <ele>109.20999999999999</ele>
        <time>2020-07-21T10:43:24Z</time>
      </trkpt>
      <trkpt lat="62.040231786668301" lon="-6.966098137199879">
        <ele>107.89</ele>
        <time>2020-07-21T10:43:32Z</time>
      </trkpt>
      <trkpt lat="62.040159869939089" lon="-6.965984394773841">
        <ele>107.41</ele>
        <time>2020-07-21T10:43:39Z</time>
      </trkpt>
      <trkpt lat="62.040159786120057" lon="-6.965796640142798">
        <ele>107.78</ele>
        <time>2020-07-21T10:43:47Z</time>
      </trkpt>
      <trkpt lat="62.040181243792176" lon="-6.965591283515096">
        <ele>107.8</ele>
        <time>2020-07-21T10:43:54Z</time>
      </trkpt>
      <trkpt lat="62.04020194709301" lon="-6.965383160859346">
        <ele>107.79000000000001</ele>
        <time>2020-07-21T10:44:01Z</time>
      </trkpt>
      <trkpt lat="62.040221644565463" lon="-6.965193394571543">
        <ele>107.79000000000001</ele>
        <time>2020-07-21T10:44:08Z</time>
      </trkpt>
      <trkpt lat="62.040243940427899" lon="-6.964987786486745">
        <ele>107.78</ele>
        <time>2020-07-21T10:44:16Z</time>
      </trkpt>
      <trkpt lat="62.040261710062623" lon="-6.964788129553199">
        <ele>107.77</ele>
        <time>2020-07-21T10:44:23Z</time>
      </trkpt>
      <trkpt lat="62.040281994268298" lon="-6.964595345780253">
        <ele>107.76000000000001</ele>
        <time>2020-07-21T10:44:30Z</time>
      </trkpt>
      <trkpt lat="62.040303535759449" lon="-6.964402310550213">
        <ele>107.75</ele>
        <time>2020-07-21T10:44:37Z</time>
      </trkpt>
      <trkpt lat="62.040303535759449" lon="-6.964402310550213">
        <ele>107.75</ele>
        <time>2020-07-21T10:44:37Z</time>
      </trkpt>
      <trkpt lat="62.040281994268298" lon="-6.964595345780253">
        <ele>107.76000000000001</ele>
        <time>2020-07-21T10:44:30Z</time>
      </trkpt>
      <trkpt lat="62.040261710062623" lon="-6.964788129553199">
        <ele>107.77</ele>
        <time>2020-07-21T10:44:23Z</time>
      </trkpt>
      <trkpt lat="62.040243940427899" lon="-6.964987786486745">
        <ele>107.78</ele>
        <time>2020-07-21T10:44:16Z</time>
      </trkpt>
      <trkpt lat="62.040221644565463" lon="-6.965193394571543">
        <ele>107.79000000000001</ele>
        <time>2020-07-21T10:44:08Z</time>
      </trkpt>
      <trkpt lat="62.04020194709301" lon="-6.965383160859346">
        <ele>107.79000000000001</ele>
        <time>2020-07-21T10:44:01Z</time>
      </trkpt>
      <trkpt lat="62.040181243792176" lon="-6.965591283515096">
        <ele>107.8</ele>
        <time>2020-07-21T10:43:54Z</time>
      </trkpt>
      <trkpt lat="62.040159786120057" lon="-6.965796640142798">
        <ele>107.78</ele>
        <time>2020-07-21T10:43:47Z</time>
      </trkpt>
      <trkpt lat="62.040159869939089" lon="-6.965984394773841">
        <ele>107.41</ele>
        <time>2020-07-21T10:43:39Z</time>
      </trkpt>
      <trkpt lat="62.040231786668301" lon="-6.966098137199879">
        <ele>107.89</ele>
        <time>2020-07-21T10:43:32Z</time>
      </trkpt>
      <trkpt lat="62.040294231846929" lon="-6.96623015217483">
        <ele>109.20999999999999</ele>
        <time>2020-07-21T10:43:24Z</time>
      </trkpt>
      <trkpt lat="62.040357096120715" lon="-6.966397287324071">
        <ele>109.40000000000001</ele>
        <time>2020-07-21T10:43:15Z</time>
      </trkpt>
      <trkpt lat="62.040378805249929" lon="-6.966588646173477">
        <ele>110.31</ele>
        <time>2020-07-21T10:43:07Z</time>
      </trkpt>
      <trkpt lat="62.040425827726722" lon="-6.96674756705761">
        <ele>110.94</ele>
        <time>2020-07-21T10:42:59Z</time>
      </trkpt>
      <trkpt lat="62.04051174223423" lon="-6.966842701658607">
        <ele>112.17</ele>
        <time>2020-07-21T10:42:51Z</time>
      </trkpt>
      <trkpt lat="62.040589358657598" lon="-6.966923419386149">
        <ele>112.98</ele>
        <time>2020-07-21T10:42:43Z</time>
      </trkpt>
      <trkpt lat="62.040667561814189" lon="-6.967018721625209">
        <ele>113.78</ele>
        <time>2020-07-21T10:42:33Z</time>
      </trkpt>
      <trkpt lat="62.040754901245236" lon="-6.966958288103342">
        <ele>114.16</ele>
        <time>2020-07-21T10:42:23Z</time>
      </trkpt>
      <trkpt lat="62.040841151028872" lon="-6.96698846295476">
        <ele>114.75</ele>
        <time>2020-07-21T10:42:16Z</time>
      </trkpt>
      <trkpt lat="62.040934609249234" lon="-6.967027774080634">
        <ele>116.31</ele>
        <time>2020-07-21T10:42:07Z</time>
      </trkpt>
      <trkpt lat="62.041019601747394" lon="-6.967095080763102">
        <ele>116.45999999999999</ele>
        <time>2020-07-21T10:41:58Z</time>
      </trkpt>
      <trkpt lat="62.041109120473266" lon="-6.967133805155754">
        <ele>117.54000000000001</ele>
        <time>2020-07-21T10:41:48Z</time>
      </trkpt>
      <trkpt lat="62.041184473782778" lon="-6.967066079378128">
        <ele>119.03</ele>
        <time>2020-07-21T10:41:38Z</time>
      </trkpt>
      <trkpt lat="62.041274243965745" lon="-6.967076221480966">
        <ele>120.29000000000001</ele>
        <time>2020-07-21T10:41:28Z</time>
      </trkpt>
      <trkpt lat="62.04136342741549" lon="-6.967105893418193">
        <ele>120.70999999999999</ele>
        <time>2020-07-21T10:41:19Z</time>
      </trkpt>
      <trkpt lat="62.041394272819161" lon="-6.967286858707666">
        <ele>119.79000000000001</ele>
        <time>2020-07-21T10:41:09Z</time>
      </trkpt>
      <trkpt lat="62.041476415470243" lon="-6.967377802357078">
        <ele>120.54000000000001</ele>
        <time>2020-07-21T10:41:00Z</time>
      </trkpt>
      <trkpt lat="62.041566437110305" lon="-6.967337150126696">
        <ele>122.73</ele>
        <time>2020-07-21T10:40:48Z</time>
      </trkpt>
      <trkpt lat="62.041652938351035" lon="-6.967367911711335">
        <ele>123.56</ele>
        <time>2020-07-21T10:40:39Z</time>
      </trkpt>
      <trkpt lat="62.041729465126991" lon="-6.967498669400811">
        <ele>123.84</ele>
        <time>2020-07-21T10:40:29Z</time>
      </trkpt>
      <trkpt lat="62.04181294888258" lon="-6.967589613050222">
        <ele>124.15000000000001</ele>
        <time>2020-07-21T10:40:14Z</time>
      </trkpt>
      <trkpt lat="62.041911603882909" lon="-6.967576537281275">
        <ele>124.31999999999999</ele>
        <time>2020-07-21T10:40:05Z</time>
      </trkpt>
      <trkpt lat="62.041994584724307" lon="-6.967634707689285">
        <ele>125.08</ele>
        <time>2020-07-21T10:39:56Z</time>
      </trkpt>
      <trkpt lat="62.042088713496923" lon="-6.967652393504977">
        <ele>126.2</ele>
        <time>2020-07-21T10:39:47Z</time>
      </trkpt>
      <trkpt lat="62.042180998250842" lon="-6.967697069048882">
        <ele>127.54000000000001</ele>
        <time>2020-07-21T10:39:38Z</time>
      </trkpt>
      <trkpt lat="62.042277809232473" lon="-6.967658177018166">
        <ele>129.09</ele>
        <time>2020-07-21T10:39:28Z</time>
      </trkpt>
      <trkpt lat="62.042372189462185" lon="-6.967630852013826">
        <ele>129.75</ele>
        <time>2020-07-21T10:39:16Z</time>
      </trkpt>
      <trkpt lat="62.042465480044484" lon="-6.967593217268586">
        <ele>130.56999999999999</ele>
        <time>2020-07-21T10:39:07Z</time>
      </trkpt>
      <trkpt lat="62.042548796162009" lon="-6.967630768194795">
        <ele>130.69</ele>
        <time>2020-07-21T10:38:58Z</time>
      </trkpt>
      <trkpt lat="62.042638063430786" lon="-6.967610735446215">
        <ele>131.66999999999999</ele>
        <time>2020-07-21T10:38:50Z</time>
      </trkpt>
      <trkpt lat="62.042717272415757" lon="-6.967698745429516">
        <ele>131.58000000000001</ele>
        <time>2020-07-21T10:38:43Z</time>
      </trkpt>
      <trkpt lat="62.042797571048141" lon="-6.96776831522584">
        <ele>132.65000000000001</ele>
        <time>2020-07-21T10:38:36Z</time>
      </trkpt>
      <trkpt lat="62.042843587696552" lon="-6.967884236946702">
        <ele>133.31</ele>
        <time>2020-07-21T10:38:14Z</time>
      </trkpt>
      <trkpt lat="62.042939811944962" lon="-6.967983730137348">
        <ele>132.78</ele>
        <time>2020-07-21T10:38:05Z</time>
      </trkpt>
      <trkpt lat="62.043021786957979" lon="-6.96805514395237">
        <ele>133.31</ele>
        <time>2020-07-21T10:37:57Z</time>
      </trkpt>
      <trkpt lat="62.043109377846122" lon="-6.968147093430162">
        <ele>133.44</ele>
        <time>2020-07-21T10:37:49Z</time>
      </trkpt>
      <trkpt lat="62.043194957077503" lon="-6.968196798115969">
        <ele>133.50999999999999</ele>
        <time>2020-07-21T10:37:41Z</time>
      </trkpt>
      <trkpt lat="62.043285733088851" lon="-6.968201659619808">
        <ele>134.00999999999999</ele>
        <time>2020-07-21T10:37:32Z</time>
      </trkpt>
      <trkpt lat="62.04337952658534" lon="-6.968143573030829">
        <ele>134.24000000000001</ele>
        <time>2020-07-21T10:37:23Z</time>
      </trkpt>
      <trkpt lat="62.043473068624735" lon="-6.968141812831163">
        <ele>133.46000000000001</ele>
        <time>2020-07-21T10:37:15Z</time>
      </trkpt>
      <trkpt lat="62.043560743331909" lon="-6.968221105635166">
        <ele>135.05000000000001</ele>
        <time>2020-07-21T10:37:07Z</time>
      </trkpt>
      <trkpt lat="62.04365361481905" lon="-6.96827357634902">
        <ele>135.84</ele>
        <time>2020-07-21T10:36:59Z</time>
      </trkpt>
      <trkpt lat="62.043753108009696" lon="-6.968304002657533">
        <ele>136.75</ele>
        <time>2020-07-21T10:36:51Z</time>
      </trkpt>
      <trkpt lat="62.043853523209691" lon="-6.968332249671221">
        <ele>137.41999999999999</ele>
        <time>2020-07-21T10:36:43Z</time>
      </trkpt>
      <trkpt lat="62.0439497474581" lon="-6.968377428129315">
        <ele>137.19</ele>
        <time>2020-07-21T10:36:34Z</time>
      </trkpt>
      <trkpt lat="62.044047731906176" lon="-6.968416152521968">
        <ele>137.61000000000001</ele>
        <time>2020-07-21T10:36:26Z</time>
      </trkpt>
      <trkpt lat="62.044132305309176" lon="-6.968506425619125">
        <ele>138.13999999999999</ele>
        <time>2020-07-21T10:36:18Z</time>
      </trkpt>
      <trkpt lat="62.044214699417353" lon="-6.968568954616785">
        <ele>137.88</ele>
        <time>2020-07-21T10:36:10Z</time>
      </trkpt>
      <trkpt lat="62.044313019141555" lon="-6.968633159995079">
        <ele>138.56999999999999</ele>
        <time>2020-07-21T10:36:02Z</time>
      </trkpt>
      <trkpt lat="62.044404465705156" lon="-6.968712452799082">
        <ele>139.19</ele>
        <time>2020-07-21T10:35:54Z</time>
      </trkpt>
      <trkpt lat="62.044470431283116" lon="-6.968853268772364">
        <ele>139.80000000000001</ele>
        <time>2020-07-21T10:35:44Z</time>
      </trkpt>
      <trkpt lat="62.044450230896473" lon="-6.969044459983707">
        <ele>140.41999999999999</ele>
        <time>2020-07-21T10:35:36Z</time>
      </trkpt>
      <trkpt lat="62.044513430446386" lon="-6.969165410846472">
        <ele>142.15000000000001</ele>
        <time>2020-07-21T10:35:26Z</time>
      </trkpt>
      <trkpt lat="62.044595824554563" lon="-6.969267083331943">
        <ele>143.36000000000001</ele>
        <time>2020-07-21T10:35:12Z</time>
      </trkpt>
      <trkpt lat="62.044676374644041" lon="-6.969376550987363">
        <ele>144.72999999999999</ele>
        <time>2020-07-21T10:35:01Z</time>
      </trkpt>
      <trkpt lat="62.044743094593287" lon="-6.969506219029427">
        <ele>145.27000000000001</ele>
        <time>2020-07-21T10:34:53Z</time>
      </trkpt>
      <trkpt lat="62.04481752589345" lon="-6.96965005248785">
        <ele>147.34999999999999</ele>
        <time>2020-07-21T10:34:44Z</time>
      </trkpt>
      <trkpt lat="62.044908720999956" lon="-6.969688944518566">
        <ele>149.61000000000001</ele>
        <time>2020-07-21T10:34:33Z</time>
      </trkpt>
      <trkpt lat="62.044993964955211" lon="-6.969729512929916">
        <ele>150.49000000000001</ele>
        <time>2020-07-21T10:34:24Z</time>
      </trkpt>
      <trkpt lat="62.045078286901116" lon="-6.969696991145611">
        <ele>150.69</ele>
        <time>2020-07-21T10:34:14Z</time>
      </trkpt>
      <trkpt lat="62.045174092054367" lon="-6.969656674191356">
        <ele>151.5</ele>
        <time>2020-07-21T10:34:06Z</time>
      </trkpt>
      <trkpt lat="62.045276183634996" lon="-6.969621134921908">
        <ele>151.72</ele>
        <time>2020-07-21T10:33:56Z</time>
      </trkpt>
      <trkpt lat="62.045371234416962" lon="-6.969654075801373">
        <ele>152.91999999999999</ele>
        <time>2020-07-21T10:33:48Z</time>
      </trkpt>
      <trkpt lat="62.045463435351849" lon="-6.969634545966983">
        <ele>154.13999999999999</ele>
        <time>2020-07-21T10:33:38Z</time>
      </trkpt>
      <trkpt lat="62.045558989048004" lon="-6.969623984768987">
        <ele>156.09999999999999</ele>
        <time>2020-07-21T10:33:28Z</time>
      </trkpt>
      <trkpt lat="62.04565261490643" lon="-6.969674192368984">
        <ele>157.55000000000001</ele>
        <time>2020-07-21T10:33:17Z</time>
      </trkpt>
      <trkpt lat="62.045741798356175" lon="-6.969686597585678">
        <ele>159.49000000000001</ele>
        <time>2020-07-21T10:33:08Z</time>
      </trkpt>
      <trkpt lat="62.04582754522562" lon="-6.969738062471151">
        <ele>160.83000000000001</ele>
        <time>2020-07-21T10:32:59Z</time>
      </trkpt>
      <trkpt lat="62.045903652906418" lon="-6.969816349446774">
        <ele>162.38999999999999</ele>
        <time>2020-07-21T10:32:51Z</time>
      </trkpt>
      <trkpt lat="62.04599367454648" lon="-6.969835376366973">
        <ele>163.83000000000001</ele>
        <time>2020-07-21T10:32:43Z</time>
      </trkpt>
      <trkpt lat="62.046085456386209" lon="-6.969808302819729">
        <ele>164.88999999999999</ele>
        <time>2020-07-21T10:32:34Z</time>
      </trkpt>
      <trkpt lat="62.046177154406905" lon="-6.969837807118893">
        <ele>167.41</ele>
        <time>2020-07-21T10:32:24Z</time>
      </trkpt>
      <trkpt lat="62.046260135248303" lon="-6.969863455742598">
        <ele>170.03</ele>
        <time>2020-07-21T10:32:07Z</time>
      </trkpt>
      <trkpt lat="62.046277821063995" lon="-6.970063950866461">
        <ele>170.71000000000001</ele>
        <time>2020-07-21T10:31:54Z</time>
      </trkpt>
      <trkpt lat="62.046318389475346" lon="-6.970233852043748">
        <ele>172.56999999999999</ele>
        <time>2020-07-21T10:31:44Z</time>
      </trkpt>
      <trkpt lat="62.046382008120418" lon="-6.970360586419702">
        <ele>175.47999999999999</ele>
        <time>2020-07-21T10:31:32Z</time>
      </trkpt>
      <trkpt lat="62.046444704756141" lon="-6.970457229763269">
        <ele>175.55000000000001</ele>
        <time>2020-07-21T10:30:54Z</time>
      </trkpt>
      <trkpt lat="62.046436071395874" lon="-6.970520513132215">
        <ele>176.44</ele>
        <time>2020-07-21T10:29:42Z</time>
      </trkpt>
      <trkpt lat="62.046446045860648" lon="-6.970714638009667">
        <ele>178.65000000000001</ele>
        <time>2020-07-21T10:29:28Z</time>
      </trkpt>
      <trkpt lat="62.046484518796206" lon="-6.970885880291462">
        <ele>181.31</ele>
        <time>2020-07-21T10:29:14Z</time>
      </trkpt>
      <trkpt lat="62.046506395563483" lon="-6.971046729013324">
        <ele>182.78999999999999</ele>
        <time>2020-07-21T10:27:49Z</time>
      </trkpt>
      <trkpt lat="62.046545455232263" lon="-6.971211517229676">
        <ele>183.66999999999999</ele>
        <time>2020-07-21T10:27:32Z</time>
      </trkpt>
      <trkpt lat="62.046568756923079" lon="-6.971388291567564">
        <ele>185.12</ele>
        <time>2020-07-21T10:27:23Z</time>
      </trkpt>
      <trkpt lat="62.046610582619905" lon="-6.971572190523148">
        <ele>187.47999999999999</ele>
        <time>2020-07-21T10:27:13Z</time>
      </trkpt>
      <trkpt lat="62.0466332975775" lon="-6.971754413098097">
        <ele>189.86000000000001</ele>
        <time>2020-07-21T10:26:59Z</time>
      </trkpt>
      <trkpt lat="62.046664981171489" lon="-6.971902186051011">
        <ele>191.96000000000001</ele>
        <time>2020-07-21T10:26:42Z</time>
      </trkpt>
      <trkpt lat="62.046722564846277" lon="-6.972050713375211">
        <ele>194.30000000000001</ele>
        <time>2020-07-21T10:26:27Z</time>
      </trkpt>
      <trkpt lat="62.046739999204874" lon="-6.972256489098072">
        <ele>196.12</ele>
        <time>2020-07-21T10:26:15Z</time>
      </trkpt>
      <trkpt lat="62.04677302390337" lon="-6.972449440509081">
        <ele>198.78999999999999</ele>
        <time>2020-07-21T10:25:59Z</time>
      </trkpt>
      <trkpt lat="62.04683655872941" lon="-6.972588999196887">
        <ele>202.40000000000001</ele>
        <time>2020-07-21T10:25:46Z</time>
      </trkpt>
      <trkpt lat="62.046885844320059" lon="-6.972764683887363">
        <ele>205.91999999999999</ele>
        <time>2020-07-21T10:25:32Z</time>
      </trkpt>
      <trkpt lat="62.046925155445933" lon="-6.972941542044282">
        <ele>209.84999999999999</ele>
        <time>2020-07-21T10:25:14Z</time>
      </trkpt>
      <trkpt lat="62.046959437429905" lon="-6.973096188157797">
        <ele>213.59999999999999</ele>
        <time>2020-07-21T10:24:56Z</time>
      </trkpt>
      <trkpt lat="62.047001263126731" lon="-6.973274638876319">
        <ele>216.06</ele>
        <time>2020-07-21T10:24:37Z</time>
      </trkpt>
      <trkpt lat="62.047037724405527" lon="-6.973453341051936">
        <ele>219.05000000000001</ele>
        <time>2020-07-21T10:24:22Z</time>
      </trkpt>
      <trkpt lat="62.047087932005525" lon="-6.973608238622546">
        <ele>222.47</ele>
        <time>2020-07-21T10:24:05Z</time>
      </trkpt>
      <trkpt lat="62.047136798501015" lon="-6.973419561982155">
        <ele>225.65000000000001</ele>
        <time>2020-07-21T10:23:47Z</time>
      </trkpt>
      <trkpt lat="62.0471409894526" lon="-6.973237590864301">
        <ele>228.75</ele>
        <time>2020-07-21T10:23:33Z</time>
      </trkpt>
      <trkpt lat="62.047152472659945" lon="-6.973062828183174">
        <ele>231.86000000000001</ele>
        <time>2020-07-21T10:23:19Z</time>
      </trkpt>
      <trkpt lat="62.047132104635239" lon="-6.972871804609895">
        <ele>236</ele>
        <time>2020-07-21T10:23:07Z</time>
      </trkpt>
      <trkpt lat="62.047181893140078" lon="-6.972729312255979">
        <ele>238.33000000000001</ele>
        <time>2020-07-21T10:22:47Z</time>
      </trkpt>
      <trkpt lat="62.04726118594408" lon="-6.972713889554143">
        <ele>242.22</ele>
        <time>2020-07-21T10:22:27Z</time>
      </trkpt>
      <trkpt lat="62.047350956127048" lon="-6.972682625055313">
        <ele>244.18000000000001</ele>
        <time>2020-07-21T10:22:13Z</time>
      </trkpt>
      <trkpt lat="62.047437038272619" lon="-6.972737107425928">
        <ele>246.28</ele>
        <time>2020-07-21T10:22:02Z</time>
      </trkpt>
      <trkpt lat="62.047500992193818" lon="-6.972881443798542">
        <ele>246.81999999999999</ele>
        <time>2020-07-21T10:21:49Z</time>
      </trkpt>
      <trkpt lat="62.047578860074282" lon="-6.973003400489688">
        <ele>247.16999999999999</ele>
        <time>2020-07-21T10:21:40Z</time>
      </trkpt>
      <trkpt lat="62.047669133171439" lon="-6.973033994436264">
        <ele>247.53999999999999</ele>
        <time>2020-07-21T10:21:32Z</time>
      </trkpt>
      <trkpt lat="62.047754041850567" lon="-6.973075736314058">
        <ele>247.43000000000001</ele>
        <time>2020-07-21T10:21:24Z</time>
      </trkpt>
      <trkpt lat="62.047824617475271" lon="-6.973184449598193">
        <ele>247.62</ele>
        <time>2020-07-21T10:21:16Z</time>
      </trkpt>
      <trkpt lat="62.047884715721011" lon="-6.973339095711708">
        <ele>247.19</ele>
        <time>2020-07-21T10:21:08Z</time>
      </trkpt>
      <trkpt lat="62.047958979383111" lon="-6.973471697419882">
        <ele>246.08000000000001</ele>
        <time>2020-07-21T10:21:00Z</time>
      </trkpt>
      <trkpt lat="62.048018909990788" lon="-6.973622236400843">
        <ele>245.72999999999999</ele>
        <time>2020-07-21T10:20:52Z</time>
      </trkpt>
      <trkpt lat="62.048064675182104" lon="-6.973682837560773">
        <ele>245.87</ele>
        <time>2020-07-21T10:20:08Z</time>
      </trkpt>
      <trkpt lat="62.048140363767743" lon="-6.97365777567029">
        <ele>243.75</ele>
        <time>2020-07-21T10:17:43Z</time>
      </trkpt>
      <trkpt lat="62.048168778419495" lon="-6.973525173962116">
        <ele>244.03999999999999</ele>
        <time>2020-07-21T10:17:05Z</time>
      </trkpt>
      <trkpt lat="62.048228960484266" lon="-6.973595917224884">
        <ele>243.69</ele>
        <time>2020-07-21T10:16:21Z</time>
      </trkpt>
      <trkpt lat="62.048282437026501" lon="-6.973756346851587">
        <ele>243.63999999999999</ele>
        <time>2020-07-21T10:16:14Z</time>
      </trkpt>
      <trkpt lat="62.048366256058216" lon="-6.973845111206174">
        <ele>243.88999999999999</ele>
        <time>2020-07-21T10:16:04Z</time>
      </trkpt>
      <trkpt lat="62.048395425081253" lon="-6.974013084545732">
        <ele>244.28</ele>
        <time>2020-07-21T10:15:56Z</time>
      </trkpt>
      <trkpt lat="62.048392742872238" lon="-6.974088437855244">
        <ele>244.06999999999999</ele>
        <time>2020-07-21T10:15:06Z</time>
      </trkpt>
      <trkpt lat="62.04845879226923" lon="-6.97407117113471">
        <ele>244.13</ele>
        <time>2020-07-21T10:14:45Z</time>
      </trkpt>
      <trkpt lat="62.04855116084218" lon="-6.974043846130371">
        <ele>244.22999999999999</ele>
        <time>2020-07-21T10:14:37Z</time>
      </trkpt>
      <trkpt lat="62.048643194139004" lon="-6.974020712077618">
        <ele>243.71000000000001</ele>
        <time>2020-07-21T10:14:30Z</time>
      </trkpt>
      <trkpt lat="62.048738077282906" lon="-6.973985424265266">
        <ele>243.97999999999999</ele>
        <time>2020-07-21T10:13:57Z</time>
      </trkpt>
      <trkpt lat="62.048822650685906" lon="-6.973876962438226">
        <ele>244.31999999999999</ele>
        <time>2020-07-21T10:13:48Z</time>
      </trkpt>
      <trkpt lat="62.048895908519626" lon="-6.973758693784475">
        <ele>244.31</ele>
        <time>2020-07-21T10:13:41Z</time>
      </trkpt>
      <trkpt lat="62.048985762521625" lon="-6.973600024357438">
        <ele>244.18000000000001</ele>
        <time>2020-07-21T10:13:32Z</time>
      </trkpt>
      <trkpt lat="62.049076873809099" lon="-6.973630785942078">
        <ele>244.31</ele>
        <time>2020-07-21T10:13:20Z</time>
      </trkpt>
      <trkpt lat="62.049173768609762" lon="-6.973593737930059">
        <ele>245.12</ele>
        <time>2020-07-21T10:13:10Z</time>
      </trkpt>
      <trkpt lat="62.049242835491896" lon="-6.973741762340069">
        <ele>243.72</ele>
        <time>2020-07-21T10:12:57Z</time>
      </trkpt>
      <trkpt lat="62.049299413338304" lon="-6.973890624940395">
        <ele>244.00999999999999</ele>
        <time>2020-07-21T10:12:48Z</time>
      </trkpt>
      <trkpt lat="62.049383651465178" lon="-6.973957009613514">
        <ele>244.19</ele>
        <time>2020-07-21T10:12:40Z</time>
      </trkpt>
      <trkpt lat="62.049472332000732" lon="-6.974010234698653">
        <ele>244.56</ele>
        <time>2020-07-21T10:12:33Z</time>
      </trkpt>
      <trkpt lat="62.049564616754651" lon="-6.974017526954413">
        <ele>244.41999999999999</ele>
        <time>2020-07-21T10:12:25Z</time>
      </trkpt>
      <trkpt lat="62.049651704728603" lon="-6.973985843360424">
        <ele>244.31999999999999</ele>
        <time>2020-07-21T10:12:17Z</time>
      </trkpt>
      <trkpt lat="62.049732422456145" lon="-6.973887858912349">
        <ele>244.38999999999999</ele>
        <time>2020-07-21T10:12:09Z</time>
      </trkpt>
      <trkpt lat="62.049806769937277" lon="-6.973814936354756">
        <ele>244.43000000000001</ele>
        <time>2020-07-21T10:12:02Z</time>
      </trkpt>
      <trkpt lat="62.049847254529595" lon="-6.973637575283647">
        <ele>245.49000000000001</ele>
        <time>2020-07-21T10:11:55Z</time>
      </trkpt>
      <trkpt lat="62.049887739121914" lon="-6.973553001880646">
        <ele>247.56</ele>
        <time>2020-07-21T10:11:43Z</time>
      </trkpt>
      <trkpt lat="62.049978766590357" lon="-6.973556103184819">
        <ele>247.53999999999999</ele>
        <time>2020-07-21T10:11:36Z</time>
      </trkpt>
      <trkpt lat="62.050074320286512" lon="-6.973599940538406">
        <ele>247.41999999999999</ele>
        <time>2020-07-21T10:11:28Z</time>
      </trkpt>
      <trkpt lat="62.050157384946942" lon="-6.973684681579471">
        <ele>246.66</ele>
        <time>2020-07-21T10:11:20Z</time>
      </trkpt>
      <trkpt lat="62.050247909501195" lon="-6.973769087344408">
        <ele>247.34</ele>
        <time>2020-07-21T10:11:12Z</time>
      </trkpt>
      <trkpt lat="62.050325023010373" lon="-6.973914513364434">
        <ele>248.44999999999999</ele>
        <time>2020-07-21T10:11:03Z</time>
      </trkpt>
      <trkpt lat="62.050399705767632" lon="-6.973985508084297">
        <ele>248.68000000000001</ele>
        <time>2020-07-21T10:10:52Z</time>
      </trkpt>
      <trkpt lat="62.050489224493504" lon="-6.97406530380249">
        <ele>249.36000000000001</ele>
        <time>2020-07-21T10:10:43Z</time>
      </trkpt>
      <trkpt lat="62.050556447356939" lon="-6.974177956581116">
        <ele>249.71000000000001</ele>
        <time>2020-07-21T10:10:19Z</time>
      </trkpt>
      <trkpt lat="62.050632387399673" lon="-6.974279712885618">
        <ele>250.31999999999999</ele>
        <time>2020-07-21T10:10:10Z</time>
      </trkpt>
      <trkpt lat="62.050719223916531" lon="-6.974349701777101">
        <ele>250.05000000000001</ele>
        <time>2020-07-21T10:10:02Z</time>
      </trkpt>
      <trkpt lat="62.05079248175025" lon="-6.974451709538698">
        <ele>249.63999999999999</ele>
        <time>2020-07-21T10:09:54Z</time>
      </trkpt>
      <trkpt lat="62.050805725157261" lon="-6.97461498901248">
        <ele>250.44</ele>
        <time>2020-07-21T10:09:45Z</time>
      </trkpt>
      <trkpt lat="62.05086431466043" lon="-6.974772233515978">
        <ele>249.43000000000001</ele>
        <time>2020-07-21T10:09:33Z</time>
      </trkpt>
      <trkpt lat="62.050925502553582" lon="-6.974922018125653">
        <ele>249.87</ele>
        <time>2020-07-21T10:09:25Z</time>
      </trkpt>
      <trkpt lat="62.05096154473722" lon="-6.975076328963041">
        <ele>248.72</ele>
        <time>2020-07-21T10:09:10Z</time>
      </trkpt>
      <trkpt lat="62.050997922196984" lon="-6.975220665335655">
        <ele>247.22</ele>
        <time>2020-07-21T10:08:56Z</time>
      </trkpt>
      <trkpt lat="62.051073107868433" lon="-6.975314626470208">
        <ele>247.63</ele>
        <time>2020-07-21T10:08:48Z</time>
      </trkpt>
      <trkpt lat="62.051164135336876" lon="-6.975318901240826">
        <ele>247.78999999999999</ele>
        <time>2020-07-21T10:08:40Z</time>
      </trkpt>
      <trkpt lat="62.051249882206321" lon="-6.97531420737505">
        <ele>247.81</ele>
        <time>2020-07-21T10:08:32Z</time>
      </trkpt>
      <trkpt lat="62.05134266987443" lon="-6.975346645340323">
        <ele>248.19</ele>
        <time>2020-07-21T10:08:23Z</time>
      </trkpt>
      <trkpt lat="62.051436463370919" lon="-6.97540121152997">
        <ele>248.12</ele>
        <time>2020-07-21T10:08:14Z</time>
      </trkpt>
      <trkpt lat="62.051523299887776" lon="-6.975488131865859">
        <ele>248.02000000000001</ele>
        <time>2020-07-21T10:08:06Z</time>
      </trkpt>
      <trkpt lat="62.051621871069074" lon="-6.97542660869658">
        <ele>248.22999999999999</ele>
        <time>2020-07-21T10:07:56Z</time>
      </trkpt>
      <trkpt lat="62.051687082275748" lon="-6.975336587056518">
        <ele>248.69999999999999</ele>
        <time>2020-07-21T10:07:46Z</time>
      </trkpt>
      <trkpt lat="62.051767967641354" lon="-6.975255031138659">
        <ele>248.63999999999999</ele>
        <time>2020-07-21T10:07:39Z</time>
      </trkpt>
      <trkpt lat="62.051862180233002" lon="-6.975202728062868">
        <ele>248.63999999999999</ele>
        <time>2020-07-21T10:07:27Z</time>
      </trkpt>
      <trkpt lat="62.051950609311461" lon="-6.975104324519634">
        <ele>248.91999999999999</ele>
        <time>2020-07-21T10:07:19Z</time>
      </trkpt>
      <trkpt lat="62.052020179107785" lon="-6.974981194362044">
        <ele>247.86000000000001</ele>
        <time>2020-07-21T10:07:09Z</time>
      </trkpt>
      <trkpt lat="62.05211229622364" lon="-6.975036514922977">
        <ele>248.62</ele>
        <time>2020-07-21T10:06:57Z</time>
      </trkpt>
      <trkpt lat="62.052207849919796" lon="-6.975061325356364">
        <ele>248.50999999999999</ele>
        <time>2020-07-21T10:06:48Z</time>
      </trkpt>
      <trkpt lat="62.052300218492746" lon="-6.975024193525314">
        <ele>249.52000000000001</ele>
        <time>2020-07-21T10:06:37Z</time>
      </trkpt>
      <trkpt lat="62.052371297031641" lon="-6.974883796647191">
        <ele>249.34999999999999</ele>
        <time>2020-07-21T10:06:27Z</time>
      </trkpt>
      <trkpt lat="62.052451260387897" lon="-6.974946074187756">
        <ele>249.15000000000001</ele>
        <time>2020-07-21T10:06:19Z</time>
      </trkpt>
      <trkpt lat="62.052546897903085" lon="-6.974998712539673">
        <ele>249.25</ele>
        <time>2020-07-21T10:06:08Z</time>
      </trkpt>
      <trkpt lat="62.052623089402914" lon="-6.975118070840836">
        <ele>249.71000000000001</ele>
        <time>2020-07-21T10:06:00Z</time>
      </trkpt>
      <trkpt lat="62.052639434114099" lon="-6.975800022482872">
        <ele>248.37</ele>
        <time>2020-07-21T10:01:40Z</time>
      </trkpt>
      <trkpt lat="62.052568523213267" lon="-6.975904628634453">
        <ele>247.97</ele>
        <time>2020-07-21T10:01:28Z</time>
      </trkpt>
      <trkpt lat="62.052540276199579" lon="-6.97608576156199">
        <ele>248.31999999999999</ele>
        <time>2020-07-21T10:01:20Z</time>
      </trkpt>
      <trkpt lat="62.052475903183222" lon="-6.976252729073167">
        <ele>248.36000000000001</ele>
        <time>2020-07-21T10:01:11Z</time>
      </trkpt>
      <trkpt lat="62.052397951483727" lon="-6.976363370195031">
        <ele>247.52000000000001</ele>
        <time>2020-07-21T10:01:02Z</time>
      </trkpt>
      <trkpt lat="62.052332824096084" lon="-6.976482309401035">
        <ele>247.72</ele>
        <time>2020-07-21T10:00:54Z</time>
      </trkpt>
      <trkpt lat="62.052288567647338" lon="-6.976673416793346">
        <ele>248.03</ele>
        <time>2020-07-21T10:00:18Z</time>
      </trkpt>
      <trkpt lat="62.052228804677725" lon="-6.976850777864456">
        <ele>247.22999999999999</ele>
        <time>2020-07-21T10:00:06Z</time>
      </trkpt>
      <trkpt lat="62.052179351449013" lon="-6.977045489475131">
        <ele>245.84</ele>
        <time>2020-07-21T09:59:55Z</time>
      </trkpt>
      <trkpt lat="62.052119253203273" lon="-6.977191334590316">
        <ele>245.97999999999999</ele>
        <time>2020-07-21T09:59:46Z</time>
      </trkpt>
      <trkpt lat="62.052068207412958" lon="-6.977372383698821">
        <ele>245.91999999999999</ele>
        <time>2020-07-21T09:59:37Z</time>
      </trkpt>
      <trkpt lat="62.052035098895431" lon="-6.977577991783619">
        <ele>245.46000000000001</ele>
        <time>2020-07-21T09:59:24Z</time>
      </trkpt>
      <trkpt lat="62.051982125267386" lon="-6.977751413360238">
        <ele>245.31999999999999</ele>
        <time>2020-07-21T09:59:14Z</time>
      </trkpt>
      <trkpt lat="62.051943065598607" lon="-6.977899689227343">
        <ele>245.22999999999999</ele>
        <time>2020-07-21T09:59:06Z</time>
      </trkpt>
      <trkpt lat="62.051896881312132" lon="-6.978090545162559">
        <ele>245.24000000000001</ele>
        <time>2020-07-21T09:58:56Z</time>
      </trkpt>
      <trkpt lat="62.051870226860046" lon="-6.978267654776573">
        <ele>245.03</ele>
        <time>2020-07-21T09:58:49Z</time>
      </trkpt>
      <trkpt lat="62.051825048401952" lon="-6.97847418487072">
        <ele>244.94999999999999</ele>
        <time>2020-07-21T09:58:41Z</time>
      </trkpt>
      <trkpt lat="62.051786324009299" lon="-6.978648779913783">
        <ele>245.03999999999999</ele>
        <time>2020-07-21T09:58:34Z</time>
      </trkpt>
      <trkpt lat="62.051745001226664" lon="-6.978827314451337">
        <ele>244.66</ele>
        <time>2020-07-21T09:58:26Z</time>
      </trkpt>
      <trkpt lat="62.051671408116817" lon="-6.978969806805253">
        <ele>244.94</ele>
        <time>2020-07-21T09:58:17Z</time>
      </trkpt>
      <trkpt lat="62.051594881340861" lon="-6.979112047702074">
        <ele>245.47999999999999</ele>
        <time>2020-07-21T09:58:09Z</time>
      </trkpt>
      <trkpt lat="62.051531933248043" lon="-6.979266526177526">
        <ele>246.06999999999999</ele>
        <time>2020-07-21T09:58:01Z</time>
      </trkpt>
      <trkpt lat="62.051449287682772" lon="-6.979424776509404">
        <ele>246.44</ele>
        <time>2020-07-21T09:57:52Z</time>
      </trkpt>
      <trkpt lat="62.051369911059737" lon="-6.979567352682352">
        <ele>247.06999999999999</ele>
        <time>2020-07-21T09:57:42Z</time>
      </trkpt>
      <trkpt lat="62.051294222474098" lon="-6.979726357385516">
        <ele>247.25</ele>
        <time>2020-07-21T09:57:33Z</time>
      </trkpt>
      <trkpt lat="62.05124887637794" lon="-6.979910591617227">
        <ele>247.81999999999999</ele>
        <time>2020-07-21T09:57:24Z</time>
      </trkpt>
      <trkpt lat="62.051180396229029" lon="-6.980078062042594">
        <ele>248.09999999999999</ele>
        <time>2020-07-21T09:57:16Z</time>
      </trkpt>
      <trkpt lat="62.051115185022354" lon="-6.980263385921717">
        <ele>248.94999999999999</ele>
        <time>2020-07-21T09:57:07Z</time>
      </trkpt>
      <trkpt lat="62.051083417609334" lon="-6.980476956814528">
        <ele>249.97</ele>
        <time>2020-07-21T09:56:58Z</time>
      </trkpt>
      <trkpt lat="62.051052069291472" lon="-6.98065934702754">
        <ele>251.72999999999999</ele>
        <time>2020-07-21T09:56:49Z</time>
      </trkpt>
      <trkpt lat="62.050997754558921" lon="-6.980834947898984">
        <ele>251.52000000000001</ele>
        <time>2020-07-21T09:56:41Z</time>
      </trkpt>
      <trkpt lat="62.050935057923198" lon="-6.981001412495971">
        <ele>251.56</ele>
        <time>2020-07-21T09:56:32Z</time>
      </trkpt>
      <trkpt lat="62.050892477855086" lon="-6.981181455776095">
        <ele>251.81999999999999</ele>
        <time>2020-07-21T09:56:22Z</time>
      </trkpt>
      <trkpt lat="62.050873870030046" lon="-6.981385555118322">
        <ele>254.09999999999999</ele>
        <time>2020-07-21T09:56:13Z</time>
      </trkpt>
      <trkpt lat="62.050889208912849" lon="-6.981575740501285">
        <ele>257.49000000000001</ele>
        <time>2020-07-21T09:56:02Z</time>
      </trkpt>
      <trkpt lat="62.050889125093818" lon="-6.981778247281909">
        <ele>261.22000000000003</ele>
        <time>2020-07-21T09:55:48Z</time>
      </trkpt>
      <trkpt lat="62.050857190042734" lon="-6.981955356895924">
        <ele>263.64999999999998</ele>
        <time>2020-07-21T09:55:34Z</time>
      </trkpt>
      <trkpt lat="62.050794744864106" lon="-6.982091562822461">
        <ele>265.87</ele>
        <time>2020-07-21T09:55:21Z</time>
      </trkpt>
      <trkpt lat="62.050739089027047" lon="-6.982240341603756">
        <ele>268.06999999999999</ele>
        <time>2020-07-21T09:55:11Z</time>
      </trkpt>
      <trkpt lat="62.050702627748251" lon="-6.982409404590726">
        <ele>272.16000000000003</ele>
        <time>2020-07-21T09:54:56Z</time>
      </trkpt>
      <trkpt lat="62.050681840628386" lon="-6.98256547562778">
        <ele>274.94999999999999</ele>
        <time>2020-07-21T09:54:45Z</time>
      </trkpt>
      <trkpt lat="62.050614198669791" lon="-6.98272867128253">
        <ele>276.39999999999998</ele>
        <time>2020-07-21T09:54:36Z</time>
      </trkpt>
      <trkpt lat="62.050549909472466" lon="-6.982878958806396">
        <ele>278.42000000000002</ele>
        <time>2020-07-21T09:54:25Z</time>
      </trkpt>
      <trkpt lat="62.050513615831733" lon="-6.98305799625814">
        <ele>281.39999999999998</ele>
        <time>2020-07-21T09:54:13Z</time>
      </trkpt>
      <trkpt lat="62.05047145485878" lon="-6.983222113922238">
        <ele>284.58999999999997</ele>
        <time>2020-07-21T09:53:56Z</time>
      </trkpt>
      <trkpt lat="62.050446476787329" lon="-6.983403163030744">
        <ele>288.49000000000001</ele>
        <time>2020-07-21T09:53:40Z</time>
      </trkpt>
      <trkpt lat="62.050427030771971" lon="-6.983615225180984">
        <ele>293</ele>
        <time>2020-07-21T09:53:21Z</time>
      </trkpt>
      <trkpt lat="62.050395766273141" lon="-6.983797531574965">
        <ele>297.31999999999999</ele>
        <time>2020-07-21T09:53:05Z</time>
      </trkpt>
      <trkpt lat="62.050350336357951" lon="-6.983988471329212">
        <ele>301.70999999999998</ele>
        <time>2020-07-21T09:52:50Z</time>
      </trkpt>
      <trkpt lat="62.050295853987336" lon="-6.984211010858417">
        <ele>305.35000000000002</ele>
        <time>2020-07-21T09:52:36Z</time>
      </trkpt>
      <trkpt lat="62.050252771005034" lon="-6.9843880366534">
        <ele>309.97000000000003</ele>
        <time>2020-07-21T09:52:16Z</time>
      </trkpt>
      <trkpt lat="62.050234917551279" lon="-6.984573025256395">
        <ele>314.58999999999997</ele>
        <time>2020-07-21T09:51:53Z</time>
      </trkpt>
      <trkpt lat="62.050215471535921" lon="-6.984791792929173">
        <ele>319.63999999999999</ele>
        <time>2020-07-21T09:51:34Z</time>
      </trkpt>
      <trkpt lat="62.050186302512884" lon="-6.984982648864389">
        <ele>323.42000000000002</ele>
        <time>2020-07-21T09:51:17Z</time>
      </trkpt>
      <trkpt lat="62.050146320834756" lon="-6.98517526499927">
        <ele>327.63</ele>
        <time>2020-07-21T09:50:41Z</time>
      </trkpt>
      <trkpt lat="62.050118995830417" lon="-6.985351955518127">
        <ele>330.60000000000002</ele>
        <time>2020-07-21T09:50:29Z</time>
      </trkpt>
      <trkpt lat="62.050064094364643" lon="-6.985525125637651">
        <ele>332.89999999999998</ele>
        <time>2020-07-21T09:50:19Z</time>
      </trkpt>
      <trkpt lat="62.050005504861474" lon="-6.98570248670876">
        <ele>336.13999999999999</ele>
        <time>2020-07-21T09:50:07Z</time>
      </trkpt>
      <trkpt lat="62.049985723569989" lon="-6.985900467261672">
        <ele>338.69</ele>
        <time>2020-07-21T09:49:57Z</time>
      </trkpt>
      <trkpt lat="62.04993886873126" lon="-6.986068356782198">
        <ele>341.30000000000001</ele>
        <time>2020-07-21T09:49:48Z</time>
      </trkpt>
      <trkpt lat="62.049890253692865" lon="-6.986246556043625">
        <ele>344.26999999999998</ele>
        <time>2020-07-21T09:49:37Z</time>
      </trkpt>
      <trkpt lat="62.049859324470162" lon="-6.986419977620244">
        <ele>346.37</ele>
        <time>2020-07-21T09:49:28Z</time>
      </trkpt>
      <trkpt lat="62.049870975315571" lon="-6.986586693674326">
        <ele>347.91000000000003</ele>
        <time>2020-07-21T09:49:20Z</time>
      </trkpt>
      <trkpt lat="62.049961248412728" lon="-6.986589962616563">
        <ele>349.16000000000003</ele>
        <time>2020-07-21T09:49:09Z</time>
      </trkpt>
      <trkpt lat="62.050048336386681" lon="-6.986535647884011">
        <ele>350.72000000000003</ele>
        <time>2020-07-21T09:48:59Z</time>
      </trkpt>
      <trkpt lat="62.050142381340265" lon="-6.986506981775165">
        <ele>354.13</ele>
        <time>2020-07-21T09:48:44Z</time>
      </trkpt>
      <trkpt lat="62.050227876752615" lon="-6.986500862985849">
        <ele>355.44</ele>
        <time>2020-07-21T09:48:26Z</time>
      </trkpt>
      <trkpt lat="62.050286633893847" lon="-6.986514609307051">
        <ele>357.79000000000002</ele>
        <time>2020-07-21T09:46:50Z</time>
      </trkpt>
      <trkpt lat="62.050369195640087" lon="-6.986535480245948">
        <ele>361.43000000000001</ele>
        <time>2020-07-21T09:46:18Z</time>
      </trkpt>
      <trkpt lat="62.050453601405025" lon="-6.986616868525744">
        <ele>363.32999999999998</ele>
        <time>2020-07-21T09:46:01Z</time>
      </trkpt>
      <trkpt lat="62.05055208876729" lon="-6.986666740849614">
        <ele>366.23000000000002</ele>
        <time>2020-07-21T09:45:47Z</time>
      </trkpt>
      <trkpt lat="62.050645044073462" lon="-6.986683839932084">
        <ele>369.22000000000003</ele>
        <time>2020-07-21T09:45:31Z</time>
      </trkpt>
      <trkpt lat="62.050743196159601" lon="-6.986714936792851">
        <ele>372</ele>
        <time>2020-07-21T09:45:17Z</time>
      </trkpt>
      <trkpt lat="62.050832966342568" lon="-6.98676866479218">
        <ele>374.14999999999998</ele>
        <time>2020-07-21T09:45:03Z</time>
      </trkpt>
      <trkpt lat="62.050918126478791" lon="-6.98684242554009">
        <ele>375.79000000000002</ele>
        <time>2020-07-21T09:44:48Z</time>
      </trkpt>
      <trkpt lat="62.05100554972887" lon="-6.986874025315046">
        <ele>376.64999999999998</ele>
        <time>2020-07-21T09:44:38Z</time>
      </trkpt>
      <trkpt lat="62.051097499206662" lon="-6.986906882375479">
        <ele>378.52999999999997</ele>
        <time>2020-07-21T09:44:30Z</time>
      </trkpt>
      <trkpt lat="62.051199339330196" lon="-6.986910235136747">
        <ele>381.95999999999998</ele>
        <time>2020-07-21T09:44:18Z</time>
      </trkpt>
      <trkpt lat="62.051293300464749" lon="-6.986931608989835">
        <ele>384.56</ele>
        <time>2020-07-21T09:44:01Z</time>
      </trkpt>
      <trkpt lat="62.051381226629019" lon="-6.986946361139417">
        <ele>387.35000000000002</ele>
        <time>2020-07-21T09:43:47Z</time>
      </trkpt>
      <trkpt lat="62.05146580003202" lon="-6.986985253170133">
        <ele>389.94999999999999</ele>
        <time>2020-07-21T09:43:29Z</time>
      </trkpt>
      <trkpt lat="62.051550960168242" lon="-6.987031353637576">
        <ele>391.66000000000003</ele>
        <time>2020-07-21T09:43:11Z</time>
      </trkpt>
      <trkpt lat="62.051644921302795" lon="-6.986998245120049">
        <ele>393.07999999999998</ele>
        <time>2020-07-21T09:42:32Z</time>
      </trkpt>
      <trkpt lat="62.051739720627666" lon="-6.987008051946759">
        <ele>394.12</ele>
        <time>2020-07-21T09:42:06Z</time>
      </trkpt>
      <trkpt lat="62.051834771409631" lon="-6.987013500183821">
        <ele>394.56</ele>
        <time>2020-07-21T09:41:58Z</time>
      </trkpt>
      <trkpt lat="62.051930828019977" lon="-6.987034371122718">
        <ele>395.17000000000002</ele>
        <time>2020-07-21T09:41:50Z</time>
      </trkpt>
      <trkpt lat="62.052029985934496" lon="-6.987044429406524">
        <ele>395.56999999999999</ele>
        <time>2020-07-21T09:41:42Z</time>
      </trkpt>
      <trkpt lat="62.052119420841336" lon="-6.987049793824554">
        <ele>396.20999999999998</ele>
        <time>2020-07-21T09:41:35Z</time>
      </trkpt>
      <trkpt lat="62.052209274843335" lon="-6.987053649500012">
        <ele>396.80000000000001</ele>
        <time>2020-07-21T09:41:28Z</time>
      </trkpt>
      <trkpt lat="62.052310779690742" lon="-6.987058930099011">
        <ele>397.76999999999998</ele>
        <time>2020-07-21T09:41:20Z</time>
      </trkpt>
      <trkpt lat="62.052406584843993" lon="-6.987035544589162">
        <ele>399.25999999999999</ele>
        <time>2020-07-21T09:41:11Z</time>
      </trkpt>
      <trkpt lat="62.052497947588563" lon="-6.986974021419883">
        <ele>400.74000000000001</ele>
        <time>2020-07-21T09:41:02Z</time>
      </trkpt>
      <trkpt lat="62.05258671194315" lon="-6.986901685595512">
        <ele>401.75999999999999</ele>
        <time>2020-07-21T09:40:53Z</time>
      </trkpt>
      <trkpt lat="62.052682265639305" lon="-6.98682582937181">
        <ele>402.97000000000003</ele>
        <time>2020-07-21T09:40:43Z</time>
      </trkpt>
      <trkpt lat="62.052784273400903" lon="-6.986746871843934">
        <ele>404.24000000000001</ele>
        <time>2020-07-21T09:40:28Z</time>
      </trkpt>
      <trkpt lat="62.052871948108077" lon="-6.986679146066308">
        <ele>404.54000000000002</ele>
        <time>2020-07-21T09:40:20Z</time>
      </trkpt>
      <trkpt lat="62.05296590924263" lon="-6.986622316762805">
        <ele>405.82999999999998</ele>
        <time>2020-07-21T09:40:09Z</time>
      </trkpt>
      <trkpt lat="62.053054003044963" lon="-6.986582167446613">
        <ele>407.06</ele>
        <time>2020-07-21T09:40:01Z</time>
      </trkpt>
      <trkpt lat="62.0531349722296" lon="-6.986520560458303">
        <ele>408.06</ele>
        <time>2020-07-21T09:39:51Z</time>
      </trkpt>
      <trkpt lat="62.053215689957142" lon="-6.986478483304381">
        <ele>408.81</ele>
        <time>2020-07-21T09:39:33Z</time>
      </trkpt>
      <trkpt lat="62.053303699940443" lon="-6.986424755305052">
        <ele>409.76999999999998</ele>
        <time>2020-07-21T09:39:24Z</time>
      </trkpt>
      <trkpt lat="62.053390620276332" lon="-6.986357448622584">
        <ele>410.95999999999998</ele>
        <time>2020-07-21T09:39:11Z</time>
      </trkpt>
      <trkpt lat="62.05349120311439" lon="-6.986292991787195">
        <ele>411.51999999999998</ele>
        <time>2020-07-21T09:39:01Z</time>
      </trkpt>
      <trkpt lat="62.053573597222567" lon="-6.98621554300189">
        <ele>412.48000000000002</ele>
        <time>2020-07-21T09:38:51Z</time>
      </trkpt>
      <trkpt lat="62.053651213645935" lon="-6.98613197542727">
        <ele>412.88999999999999</ele>
        <time>2020-07-21T09:37:44Z</time>
      </trkpt>
      <trkpt lat="62.053726986050606" lon="-6.9860406126827">
        <ele>413.73000000000002</ele>
        <time>2020-07-21T09:37:35Z</time>
      </trkpt>
      <trkpt lat="62.053809799253941" lon="-6.985956709831953">
        <ele>414.38</ele>
        <time>2020-07-21T09:37:27Z</time>
      </trkpt>
      <trkpt lat="62.05389236100018" lon="-6.985883787274361">
        <ele>415.07999999999998</ele>
        <time>2020-07-21T09:37:19Z</time>
      </trkpt>
      <trkpt lat="62.053979029878974" lon="-6.98580214753747">
        <ele>415.42000000000002</ele>
        <time>2020-07-21T09:37:09Z</time>
      </trkpt>
      <trkpt lat="62.054064525291324" lon="-6.985721765086055">
        <ele>416.43000000000001</ele>
        <time>2020-07-21T09:37:00Z</time>
      </trkpt>
      <trkpt lat="62.054151948541403" lon="-6.985661163926125">
        <ele>417.25</ele>
        <time>2020-07-21T09:36:47Z</time>
      </trkpt>
      <trkpt lat="62.054245406761765" lon="-6.985593270510435">
        <ele>417.93000000000001</ele>
        <time>2020-07-21T09:36:37Z</time>
      </trkpt>
      <trkpt lat="62.054330315440893" lon="-6.985531328245997">
        <ele>418.72000000000003</ele>
        <time>2020-07-21T09:36:25Z</time>
      </trkpt>
      <trkpt lat="62.054426120594144" lon="-6.985491765663028">
        <ele>419.70999999999998</ele>
        <time>2020-07-21T09:36:14Z</time>
      </trkpt>
      <trkpt lat="62.054525194689631" lon="-6.98545471765101">
        <ele>420.14999999999998</ele>
        <time>2020-07-21T09:36:03Z</time>
      </trkpt>
      <trkpt lat="62.054612282663584" lon="-6.98541465215385">
        <ele>420.04000000000002</ele>
        <time>2020-07-21T09:35:52Z</time>
      </trkpt>
      <trkpt lat="62.054695682600141" lon="-6.985422195866704">
        <ele>420.50999999999999</ele>
        <time>2020-07-21T09:35:44Z</time>
      </trkpt>
      <trkpt lat="62.054796013981104" lon="-6.985440300777555">
        <ele>421.26999999999998</ele>
        <time>2020-07-21T09:35:35Z</time>
      </trkpt>
      <trkpt lat="62.054887125268579" lon="-6.985469218343496">
        <ele>422.01999999999998</ele>
        <time>2020-07-21T09:35:26Z</time>
      </trkpt>
      <trkpt lat="62.054986786097288" lon="-6.985464356839657">
        <ele>422.44</ele>
        <time>2020-07-21T09:35:17Z</time>
      </trkpt>
      <trkpt lat="62.055070353671908" lon="-6.985387410968542">
        <ele>422.79000000000002</ele>
        <time>2020-07-21T09:35:07Z</time>
      </trkpt>
      <trkpt lat="62.055152412503958" lon="-6.985293198376894">
        <ele>421.26999999999998</ele>
        <time>2020-07-21T09:34:57Z</time>
      </trkpt>
      <trkpt lat="62.055233968421817" lon="-6.985182305797935">
        <ele>420.44</ele>
        <time>2020-07-21T09:34:48Z</time>
      </trkpt>
      <trkpt lat="62.055310495197773" lon="-6.985078454017639">
        <ele>419.43000000000001</ele>
        <time>2020-07-21T09:34:39Z</time>
      </trkpt>
      <trkpt lat="62.055397499352694" lon="-6.984964376315475">
        <ele>418.89999999999998</ele>
        <time>2020-07-21T09:34:31Z</time>
      </trkpt>
      <trkpt lat="62.055484754964709" lon="-6.984857507050037">
        <ele>418.67000000000002</ele>
        <time>2020-07-21T09:34:23Z</time>
      </trkpt>
      <trkpt lat="62.055560695007443" lon="-6.984732197597623">
        <ele>418.75999999999999</ele>
        <time>2020-07-21T09:34:16Z</time>
      </trkpt>
      <trkpt lat="62.055627750232816" lon="-6.984570678323507">
        <ele>418.06999999999999</ele>
        <time>2020-07-21T09:34:08Z</time>
      </trkpt>
      <trkpt lat="62.05569782294333" lon="-6.984418630599976">
        <ele>417.57999999999998</ele>
        <time>2020-07-21T09:33:59Z</time>
      </trkpt>
      <trkpt lat="62.055767811834812" lon="-6.984270438551903">
        <ele>417.18000000000001</ele>
        <time>2020-07-21T09:33:51Z</time>
      </trkpt>
      <trkpt lat="62.055844673886895" lon="-6.984126018360257">
        <ele>416.33999999999997</ele>
        <time>2020-07-21T09:33:40Z</time>
      </trkpt>
      <trkpt lat="62.055913154035807" lon="-6.983972042798996">
        <ele>415.38</ele>
        <time>2020-07-21T09:33:31Z</time>
      </trkpt>
      <trkpt lat="62.055987752974033" lon="-6.983827454969287">
        <ele>415.01999999999998</ele>
        <time>2020-07-21T09:33:24Z</time>
      </trkpt>
      <trkpt lat="62.056068051606417" lon="-6.983667863532901">
        <ele>414.5</ele>
        <time>2020-07-21T09:33:16Z</time>
      </trkpt>
      <trkpt lat="62.056138459593058" lon="-6.983494777232409">
        <ele>413.07999999999998</ele>
        <time>2020-07-21T09:33:07Z</time>
      </trkpt>
      <trkpt lat="62.0561967138201" lon="-6.983337700366974">
        <ele>412.30000000000001</ele>
        <time>2020-07-21T09:32:58Z</time>
      </trkpt>
      <trkpt lat="62.056263769045472" lon="-6.983179952949286">
        <ele>412.25999999999999</ele>
        <time>2020-07-21T09:32:47Z</time>
      </trkpt>
      <trkpt lat="62.056321687996387" lon="-6.98301600292325">
        <ele>411.35000000000002</ele>
        <time>2020-07-21T09:32:38Z</time>
      </trkpt>
      <trkpt lat="62.056383462622762" lon="-6.982866888865829">
        <ele>410.57999999999998</ele>
        <time>2020-07-21T09:32:30Z</time>
      </trkpt>
      <trkpt lat="62.056461498141289" lon="-6.982747027650476">
        <ele>410.99000000000001</ele>
        <time>2020-07-21T09:32:20Z</time>
      </trkpt>
      <trkpt lat="62.056545820087194" lon="-6.982607217505574">
        <ele>410.69999999999999</ele>
        <time>2020-07-21T09:32:02Z</time>
      </trkpt>
      <trkpt lat="62.056620670482516" lon="-6.982464473694563">
        <ele>409.25</ele>
        <time>2020-07-21T09:31:51Z</time>
      </trkpt>
      <trkpt lat="62.056690156459808" lon="-6.982328267768025">
        <ele>408.68000000000001</ele>
        <time>2020-07-21T09:31:43Z</time>
      </trkpt>
      <trkpt lat="62.056792248040438" lon="-6.982205221429467">
        <ele>408.80000000000001</ele>
        <time>2020-07-21T09:31:27Z</time>
      </trkpt>
      <trkpt lat="62.056871373206377" lon="-6.982097681611776">
        <ele>408.66000000000003</ele>
        <time>2020-07-21T09:31:17Z</time>
      </trkpt>
      <trkpt lat="62.056952090933919" lon="-6.981979412958026">
        <ele>408.25</ele>
        <time>2020-07-21T09:31:09Z</time>
      </trkpt>
      <trkpt lat="62.057033898308873" lon="-6.981854103505611">
        <ele>408.13</ele>
        <time>2020-07-21T09:31:01Z</time>
      </trkpt>
      <trkpt lat="62.057110760360956" lon="-6.981705157086253">
        <ele>407.38999999999999</ele>
        <time>2020-07-21T09:30:52Z</time>
      </trkpt>
      <trkpt lat="62.057188292965293" lon="-6.981570795178413">
        <ele>407.52999999999997</ele>
        <time>2020-07-21T09:30:42Z</time>
      </trkpt>
      <trkpt lat="62.057261969894171" lon="-6.981436684727669">
        <ele>407.61000000000001</ele>
        <time>2020-07-21T09:30:34Z</time>
      </trkpt>
      <trkpt lat="62.057343274354935" lon="-6.981279440224171">
        <ele>407.92000000000002</ele>
        <time>2020-07-21T09:30:18Z</time>
      </trkpt>
      <trkpt lat="62.057414017617702" lon="-6.981140719726682">
        <ele>408.08999999999997</ele>
        <time>2020-07-21T09:30:10Z</time>
      </trkpt>
      <trkpt lat="62.057473948225379" lon="-6.980946930125356">
        <ele>407.42000000000002</ele>
        <time>2020-07-21T09:30:02Z</time>
      </trkpt>
      <trkpt lat="62.057548966258764" lon="-6.98075020685792">
        <ele>407.12</ele>
        <time>2020-07-21T09:29:54Z</time>
      </trkpt>
      <trkpt lat="62.057593306526542" lon="-6.980564715340734">
        <ele>407.12</ele>
        <time>2020-07-21T09:29:39Z</time>
      </trkpt>
      <trkpt lat="62.057645944878459" lon="-6.980394814163446">
        <ele>407.06</ele>
        <time>2020-07-21T09:29:31Z</time>
      </trkpt>
      <trkpt lat="62.057696739211679" lon="-6.980215776711702">
        <ele>406.47000000000003</ele>
        <time>2020-07-21T09:29:23Z</time>
      </trkpt>
      <trkpt lat="62.057754993438721" lon="-6.980020478367806">
        <ele>406.86000000000001</ele>
        <time>2020-07-21T09:29:15Z</time>
      </trkpt>
      <trkpt lat="62.057838141918182" lon="-6.979883350431919">
        <ele>406.97000000000003</ele>
        <time>2020-07-21T09:29:06Z</time>
      </trkpt>
      <trkpt lat="62.057915925979614" lon="-6.979746725410223">
        <ele>406.66000000000003</ele>
        <time>2020-07-21T09:28:45Z</time>
      </trkpt>
      <trkpt lat="62.0579978171736" lon="-6.979617727920413">
        <ele>407.41000000000003</ele>
        <time>2020-07-21T09:28:25Z</time>
      </trkpt>
      <trkpt lat="62.058065207675099" lon="-6.979509349912405">
        <ele>407.11000000000001</ele>
        <time>2020-07-21T09:27:45Z</time>
      </trkpt>
      <trkpt lat="62.058153469115496" lon="-6.979440869763494">
        <ele>407.48000000000002</ele>
        <time>2020-07-21T09:27:34Z</time>
      </trkpt>
      <trkpt lat="62.058220440521836" lon="-6.97933416813612">
        <ele>407.39999999999998</ele>
        <time>2020-07-21T09:27:27Z</time>
      </trkpt>
      <trkpt lat="62.058300822973251" lon="-6.979246074333787">
        <ele>406.91000000000003</ele>
        <time>2020-07-21T09:27:19Z</time>
      </trkpt>
      <trkpt lat="62.058383468538523" lon="-6.979177594184876">
        <ele>406.51999999999998</ele>
        <time>2020-07-21T09:27:13Z</time>
      </trkpt>
      <trkpt lat="62.05848497338593" lon="-6.979097295552492">
        <ele>406.99000000000001</ele>
        <time>2020-07-21T09:27:05Z</time>
      </trkpt>
      <trkpt lat="62.058578683063388" lon="-6.979028061032295">
        <ele>408.06999999999999</ele>
        <time>2020-07-21T09:26:53Z</time>
      </trkpt>
      <trkpt lat="62.058664849027991" lon="-6.978965029120445">
        <ele>407.23000000000002</ele>
        <time>2020-07-21T09:26:25Z</time>
      </trkpt>
      <trkpt lat="62.058764006942511" lon="-6.97891884483397">
        <ele>407.74000000000001</ele>
        <time>2020-07-21T09:26:10Z</time>
      </trkpt>
      <trkpt lat="62.058845311403275" lon="-6.979007693007588">
        <ele>408.31</ele>
        <time>2020-07-21T09:25:58Z</time>
      </trkpt>
      <trkpt lat="62.058831145986915" lon="-6.978792864829302">
        <ele>408.31</ele>
        <time>2020-07-21T09:21:22Z</time>
      </trkpt>
      <trkpt lat="62.058909935876727" lon="-6.978897890076041">
        <ele>407.47000000000003</ele>
        <time>2020-07-21T09:21:11Z</time>
      </trkpt>
      <trkpt lat="62.058923933655024" lon="-6.979085644707084">
        <ele>403.95999999999998</ele>
        <time>2020-07-21T09:20:47Z</time>
      </trkpt>
      <trkpt lat="62.058910857886076" lon="-6.979304077103734">
        <ele>400.95999999999998</ele>
        <time>2020-07-21T09:20:31Z</time>
      </trkpt>
      <trkpt lat="62.058916892856359" lon="-6.979498034343123">
        <ele>398.64999999999998</ele>
        <time>2020-07-21T09:20:19Z</time>
      </trkpt>
      <trkpt lat="62.058988055214286" lon="-6.979402648285031">
        <ele>396.02999999999997</ele>
        <time>2020-07-21T09:20:03Z</time>
      </trkpt>
      <trkpt lat="62.059046560898423" lon="-6.979497531428933">
        <ele>392.55000000000001</ele>
        <time>2020-07-21T09:19:45Z</time>
      </trkpt>
      <trkpt lat="62.059133648872375" lon="-6.979415807873011">
        <ele>389.81999999999999</ele>
        <time>2020-07-21T09:19:26Z</time>
      </trkpt>
      <trkpt lat="62.059172624722123" lon="-6.979521084576845">
        <ele>386.69999999999999</ele>
        <time>2020-07-21T09:19:09Z</time>
      </trkpt>
      <trkpt lat="62.05920129083097" lon="-6.97964446619153">
        <ele>383.07999999999998</ele>
        <time>2020-07-21T09:18:41Z</time>
      </trkpt>
      <trkpt lat="62.059160638600588" lon="-6.979827275499702">
        <ele>381.43000000000001</ele>
        <time>2020-07-21T09:18:28Z</time>
      </trkpt>
      <trkpt lat="62.059189975261688" lon="-6.979918638244271">
        <ele>377.08999999999997</ele>
        <time>2020-07-21T09:18:08Z</time>
      </trkpt>
      <trkpt lat="62.05927069298923" lon="-6.979857115074992">
        <ele>374.72000000000003</ele>
        <time>2020-07-21T09:17:51Z</time>
      </trkpt>
      <trkpt lat="62.059365827590227" lon="-6.979806153103709">
        <ele>372.33999999999997</ele>
        <time>2020-07-21T09:17:35Z</time>
      </trkpt>
      <trkpt lat="62.059455681592226" lon="-6.979771116748452">
        <ele>368.22000000000003</ele>
        <time>2020-07-21T09:17:16Z</time>
      </trkpt>
      <trkpt lat="62.059446293860674" lon="-6.979964319616556">
        <ele>364.94999999999999</ele>
        <time>2020-07-21T09:17:02Z</time>
      </trkpt>
      <trkpt lat="62.059516534209251" lon="-6.979930121451616">
        <ele>361.88999999999999</ele>
        <time>2020-07-21T09:16:39Z</time>
      </trkpt>
      <trkpt lat="62.059610998257995" lon="-6.979851247742772">
        <ele>359.44999999999999</ele>
        <time>2020-07-21T09:16:23Z</time>
      </trkpt>
      <trkpt lat="62.059692554175854" lon="-6.979741025716066">
        <ele>357.70999999999998</ele>
        <time>2020-07-21T09:16:12Z</time>
      </trkpt>
      <trkpt lat="62.059784755110741" lon="-6.979681933298707">
        <ele>355.13</ele>
        <time>2020-07-21T09:15:56Z</time>
      </trkpt>
      <trkpt lat="62.059876704588532" lon="-6.97963273152709">
        <ele>353.73000000000002</ele>
        <time>2020-07-21T09:15:47Z</time>
      </trkpt>
      <trkpt lat="62.059978041797876" lon="-6.979658966884017">
        <ele>352.38999999999999</ele>
        <time>2020-07-21T09:15:36Z</time>
      </trkpt>
      <trkpt lat="62.060064962133765" lon="-6.979597192257643">
        <ele>352.02999999999997</ele>
        <time>2020-07-21T09:15:27Z</time>
      </trkpt>
      <trkpt lat="62.060155151411891" lon="-6.979510020464659">
        <ele>349.99000000000001</ele>
        <time>2020-07-21T09:15:13Z</time>
      </trkpt>
      <trkpt lat="62.060226984322071" lon="-6.97942947037518">
        <ele>348.83999999999997</ele>
        <time>2020-07-21T09:14:39Z</time>
      </trkpt>
      <trkpt lat="62.060321783646941" lon="-6.979446234181523">
        <ele>348.73000000000002</ele>
        <time>2020-07-21T09:14:30Z</time>
      </trkpt>
      <trkpt lat="62.060418259352446" lon="-6.979451850056648">
        <ele>347.94</ele>
        <time>2020-07-21T09:14:22Z</time>
      </trkpt>
      <trkpt lat="62.060516327619553" lon="-6.979413460940123">
        <ele>347.76999999999998</ele>
        <time>2020-07-21T09:14:14Z</time>
      </trkpt>
      <trkpt lat="62.060603834688663" lon="-6.979315308853984">
        <ele>347.38</ele>
        <time>2020-07-21T09:14:07Z</time>
      </trkpt>
      <trkpt lat="62.06069016829133" lon="-6.979168374091387">
        <ele>347.54000000000002</ele>
        <time>2020-07-21T09:13:57Z</time>
      </trkpt>
      <trkpt lat="62.060784297063947" lon="-6.979167954996228">
        <ele>347.06999999999999</ele>
        <time>2020-07-21T09:13:44Z</time>
      </trkpt>
      <trkpt lat="62.060881946235895" lon="-6.979155885055661">
        <ele>346.07999999999998</ele>
        <time>2020-07-21T09:13:34Z</time>
      </trkpt>
      <trkpt lat="62.060979260131717" lon="-6.979167200624943">
        <ele>344.83999999999997</ele>
        <time>2020-07-21T09:13:24Z</time>
      </trkpt>
      <trkpt lat="62.061078837141395" lon="-6.97916317731142">
        <ele>344.20999999999998</ele>
        <time>2020-07-21T09:13:15Z</time>
      </trkpt>
      <trkpt lat="62.061177492141724" lon="-6.979096876457334">
        <ele>344.30000000000001</ele>
        <time>2020-07-21T09:13:05Z</time>
      </trkpt>
      <trkpt lat="62.061274470761418" lon="-6.97910257615149">
        <ele>343.81</ele>
        <time>2020-07-21T09:12:55Z</time>
      </trkpt>
      <trkpt lat="62.061368934810162" lon="-6.979124872013927">
        <ele>343.54000000000002</ele>
        <time>2020-07-21T09:12:46Z</time>
      </trkpt>
      <trkpt lat="62.06145878881216" lon="-6.979152616113424">
        <ele>343.04000000000002</ele>
        <time>2020-07-21T09:12:38Z</time>
      </trkpt>
      <trkpt lat="62.061551660299301" lon="-6.979123782366514">
        <ele>343.16000000000003</ele>
        <time>2020-07-21T09:12:30Z</time>
      </trkpt>
      <trkpt lat="62.061646543443203" lon="-6.979133589193225">
        <ele>342.14999999999998</ele>
        <time>2020-07-21T09:12:22Z</time>
      </trkpt>
      <trkpt lat="62.061742348596454" lon="-6.979120345786214">
        <ele>341.88</ele>
        <time>2020-07-21T09:12:11Z</time>
      </trkpt>
      <trkpt lat="62.061834549531341" lon="-6.979135600849986">
        <ele>341.12</ele>
        <time>2020-07-21T09:12:03Z</time>
      </trkpt>
      <trkpt lat="62.061925828456879" lon="-6.97910500690341">
        <ele>341.62</ele>
        <time>2020-07-21T09:11:56Z</time>
      </trkpt>
      <trkpt lat="62.062022220343351" lon="-6.979162925854325">
        <ele>342.33999999999997</ele>
        <time>2020-07-21T09:11:47Z</time>
      </trkpt>
      <trkpt lat="62.062117354944348" lon="-6.979178600013256">
        <ele>342.60000000000002</ele>
        <time>2020-07-21T09:11:38Z</time>
      </trkpt>
      <trkpt lat="62.062212992459536" lon="-6.979162925854325">
        <ele>342.83999999999997</ele>
        <time>2020-07-21T09:11:29Z</time>
      </trkpt>
      <trkpt lat="62.062312066555023" lon="-6.979178683832288">
        <ele>342.86000000000001</ele>
        <time>2020-07-21T09:11:20Z</time>
      </trkpt>
      <trkpt lat="62.062395550310612" lon="-6.97919393889606">
        <ele>342.88999999999999</ele>
        <time>2020-07-21T09:11:12Z</time>
      </trkpt>
      <trkpt lat="62.062484649941325" lon="-6.979194860905409">
        <ele>342.72000000000003</ele>
        <time>2020-07-21T09:11:05Z</time>
      </trkpt>
      <trkpt lat="62.062571989372373" lon="-6.97926577180624">
        <ele>341.81999999999999</ele>
        <time>2020-07-21T09:10:57Z</time>
      </trkpt>
      <trkpt lat="62.062672488391399" lon="-6.979298293590546">
        <ele>341.66000000000003</ele>
        <time>2020-07-21T09:10:48Z</time>
      </trkpt>
      <trkpt lat="62.062776172533631" lon="-6.979303993284702">
        <ele>342</ele>
        <time>2020-07-21T09:10:18Z</time>
      </trkpt>
      <trkpt lat="62.062853453680873" lon="-6.979429051280022">
        <ele>342.13999999999999</ele>
        <time>2020-07-21T09:10:09Z</time>
      </trkpt>
      <trkpt lat="62.062943056225777" lon="-6.979503482580185">
        <ele>342.07999999999998</ele>
        <time>2020-07-21T09:10:01Z</time>
      </trkpt>
      <trkpt lat="62.063038609921932" lon="-6.979604568332434">
        <ele>341.69</ele>
        <time>2020-07-21T09:09:49Z</time>
      </trkpt>
      <trkpt lat="62.063134582713246" lon="-6.979644969105721">
        <ele>341.13</ele>
        <time>2020-07-21T09:09:40Z</time>
      </trkpt>
      <trkpt lat="62.063226364552975" lon="-6.979709174484015">
        <ele>340.06999999999999</ele>
        <time>2020-07-21T09:09:32Z</time>
      </trkpt>
      <trkpt lat="62.063318733125925" lon="-6.979814702644944">
        <ele>339.88</ele>
        <time>2020-07-21T09:09:22Z</time>
      </trkpt>
      <trkpt lat="62.063414622098207" lon="-6.979885697364807">
        <ele>339.75</ele>
        <time>2020-07-21T09:09:11Z</time>
      </trkpt>
      <trkpt lat="62.063499866053462" lon="-6.980005307123065">
        <ele>339.07999999999998</ele>
        <time>2020-07-21T09:09:02Z</time>
      </trkpt>
      <trkpt lat="62.0635877083987" lon="-6.980114439502358">
        <ele>339.13999999999999</ele>
        <time>2020-07-21T09:08:54Z</time>
      </trkpt>
      <trkpt lat="62.063672533258796" lon="-6.980238659307361">
        <ele>339.14999999999998</ele>
        <time>2020-07-21T09:08:45Z</time>
      </trkpt>
      <trkpt lat="62.063737576827407" lon="-6.980379726737738">
        <ele>338.80000000000001</ele>
        <time>2020-07-21T09:08:36Z</time>
      </trkpt>
      <trkpt lat="62.063817624002695" lon="-6.980505455285311">
        <ele>338.13999999999999</ele>
        <time>2020-07-21T09:08:27Z</time>
      </trkpt>
      <trkpt lat="62.063900856301188" lon="-6.980593213811517">
        <ele>337.93000000000001</ele>
        <time>2020-07-21T09:08:20Z</time>
      </trkpt>
      <trkpt lat="62.063985429704189" lon="-6.980674266815186">
        <ele>337.57999999999998</ele>
        <time>2020-07-21T09:08:13Z</time>
      </trkpt>
      <trkpt lat="62.064081653952599" lon="-6.980731599032879">
        <ele>337.89999999999998</ele>
        <time>2020-07-21T09:08:06Z</time>
      </trkpt>
      <trkpt lat="62.064171424135566" lon="-6.980779459699988">
        <ele>338.30000000000001</ele>
        <time>2020-07-21T09:07:59Z</time>
      </trkpt>
      <trkpt lat="62.064273012802005" lon="-6.980791864916682">
        <ele>338.72000000000003</ele>
        <time>2020-07-21T09:07:51Z</time>
      </trkpt>
      <trkpt lat="62.064367476850748" lon="-6.980783315375447">
        <ele>338.48000000000002</ele>
        <time>2020-07-21T09:07:43Z</time>
      </trkpt>
      <trkpt lat="62.064460767433047" lon="-6.980769401416183">
        <ele>338.61000000000001</ele>
        <time>2020-07-21T09:07:36Z</time>
      </trkpt>
      <trkpt lat="62.064552465453744" lon="-6.980736209079623">
        <ele>339.42000000000002</ele>
        <time>2020-07-21T09:07:29Z</time>
      </trkpt>
      <trkpt lat="62.064641397446394" lon="-6.980688013136387">
        <ele>340.25999999999999</ele>
        <time>2020-07-21T09:07:22Z</time>
      </trkpt>
      <trkpt lat="62.064740136265755" lon="-6.980608385056257">
        <ele>340.57999999999998</ele>
        <time>2020-07-21T09:07:15Z</time>
      </trkpt>
      <trkpt lat="62.06482102163136" lon="-6.980520207434893">
        <ele>341.19999999999999</ele>
        <time>2020-07-21T09:07:08Z</time>
      </trkpt>
      <trkpt lat="62.064920179545879" lon="-6.980507047846913">
        <ele>342.50999999999999</ele>
        <time>2020-07-21T09:07:00Z</time>
      </trkpt>
      <trkpt lat="62.064989414066076" lon="-6.980628669261932">
        <ele>342.58999999999997</ele>
        <time>2020-07-21T09:06:49Z</time>
      </trkpt>
      <trkpt lat="62.065057139843702" lon="-6.980620203539729">
        <ele>342.05000000000001</ele>
        <time>2020-07-21T09:06:27Z</time>
      </trkpt>
      <trkpt lat="62.065099133178592" lon="-6.98041551746428">
        <ele>342.41000000000003</ele>
        <time>2020-07-21T09:05:52Z</time>
      </trkpt>
      <trkpt lat="62.065185634419322" lon="-6.980382660403848">
        <ele>344.75</ele>
        <time>2020-07-21T09:05:16Z</time>
      </trkpt>
      <trkpt lat="62.065246235579252" lon="-6.980504365637898">
        <ele>346.45999999999998</ele>
        <time>2020-07-21T09:05:04Z</time>
      </trkpt>
      <trkpt lat="62.065343214198947" lon="-6.980561362579465">
        <ele>347.50999999999999</ele>
        <time>2020-07-21T09:04:56Z</time>
      </trkpt>
      <trkpt lat="62.065439103171229" lon="-6.980518531054258">
        <ele>349.54000000000002</ele>
        <time>2020-07-21T09:04:47Z</time>
      </trkpt>
      <trkpt lat="62.06554127857089" lon="-6.980489445850253">
        <ele>351.5</ele>
        <time>2020-07-21T09:04:37Z</time>
      </trkpt>
      <trkpt lat="62.065632976591587" lon="-6.980445021763444">
        <ele>354.18000000000001</ele>
        <time>2020-07-21T09:04:24Z</time>
      </trkpt>
      <trkpt lat="62.065733391791582" lon="-6.980395065620542">
        <ele>356.10000000000002</ele>
        <time>2020-07-21T09:04:15Z</time>
      </trkpt>
      <trkpt lat="62.065823245793581" lon="-6.980360615998507">
        <ele>358.38</ele>
        <time>2020-07-21T09:04:06Z</time>
      </trkpt>
      <trkpt lat="62.06592483446002" lon="-6.980328178033233">
        <ele>360.32999999999998</ele>
        <time>2020-07-21T09:03:57Z</time>
      </trkpt>
      <trkpt lat="62.066025752574205" lon="-6.980318622663617">
        <ele>361.63</ele>
        <time>2020-07-21T09:03:47Z</time>
      </trkpt>
      <trkpt lat="62.066127173602581" lon="-6.980332285165787">
        <ele>364.02999999999997</ele>
        <time>2020-07-21T09:03:36Z</time>
      </trkpt>
      <trkpt lat="62.066227504983544" lon="-6.980344774201512">
        <ele>366.64999999999998</ele>
        <time>2020-07-21T09:03:25Z</time>
      </trkpt>
      <trkpt lat="62.066323142498732" lon="-6.980323819443584">
        <ele>370.13999999999999</ele>
        <time>2020-07-21T09:03:12Z</time>
      </trkpt>
      <trkpt lat="62.066422887146473" lon="-6.980350222438574">
        <ele>371.80000000000001</ele>
        <time>2020-07-21T09:03:03Z</time>
      </trkpt>
      <trkpt lat="62.066522883251309" lon="-6.980354161933065">
        <ele>374.18000000000001</ele>
        <time>2020-07-21T09:02:54Z</time>
      </trkpt>
      <trkpt lat="62.06662162207067" lon="-6.98029138147831">
        <ele>377.83999999999997</ele>
        <time>2020-07-21T09:02:35Z</time>
      </trkpt>
      <trkpt lat="62.066709464415908" lon="-6.980284592136741">
        <ele>380.38999999999999</ele>
        <time>2020-07-21T09:02:20Z</time>
      </trkpt>
      <trkpt lat="62.066795127466321" lon="-6.980292135849595">
        <ele>383.18000000000001</ele>
        <time>2020-07-21T09:02:05Z</time>
      </trkpt>
      <trkpt lat="62.066893866285682" lon="-6.980276042595506">
        <ele>385.98000000000002</ele>
        <time>2020-07-21T09:01:52Z</time>
      </trkpt>
      <trkpt lat="62.066989000886679" lon="-6.980310995131731">
        <ele>387.94999999999999</ele>
        <time>2020-07-21T09:01:39Z</time>
      </trkpt>
      <trkpt lat="62.067078938707709" lon="-6.980371261015534">
        <ele>389.12</ele>
        <time>2020-07-21T09:01:29Z</time>
      </trkpt>
      <trkpt lat="62.067170133814216" lon="-6.980392299592495">
        <ele>390.20999999999998</ele>
        <time>2020-07-21T09:01:20Z</time>
      </trkpt>
      <trkpt lat="62.067255293950438" lon="-6.980445859953761">
        <ele>391.49000000000001</ele>
        <time>2020-07-21T09:01:12Z</time>
      </trkpt>
      <trkpt lat="62.067344561219215" lon="-6.980492295697331">
        <ele>392.76999999999998</ele>
        <time>2020-07-21T09:01:05Z</time>
      </trkpt>
      <trkpt lat="62.067442713305354" lon="-6.980496821925044">
        <ele>394.85000000000002</ele>
        <time>2020-07-21T09:00:56Z</time>
      </trkpt>
      <trkpt lat="62.067511612549424" lon="-6.980393473058939">
        <ele>398.82999999999998</ele>
        <time>2020-07-21T09:00:37Z</time>
      </trkpt>
      <trkpt lat="62.067566011101007" lon="-6.980222817510366">
        <ele>402.82999999999998</ele>
        <time>2020-07-21T09:00:21Z</time>
      </trkpt>
      <trkpt lat="62.067660056054592" lon="-6.980196665972471">
        <ele>403.81</ele>
        <time>2020-07-21T09:00:01Z</time>
      </trkpt>
      <trkpt lat="62.067741025239229" lon="-6.980324909090996">
        <ele>404.48000000000002</ele>
        <time>2020-07-21T08:59:53Z</time>
      </trkpt>
      <trkpt lat="62.06783196888864" lon="-6.980420965701342">
        <ele>404.19999999999999</ele>
        <time>2020-07-21T08:59:46Z</time>
      </trkpt>
      <trkpt lat="62.067924924194813" lon="-6.980514172464609">
        <ele>405.13</ele>
        <time>2020-07-21T08:59:37Z</time>
      </trkpt>
      <trkpt lat="62.068019639700651" lon="-6.980563625693321">
        <ele>405.98000000000002</ele>
        <time>2020-07-21T08:59:29Z</time>
      </trkpt>
      <trkpt lat="62.068107817322016" lon="-6.98064811527729">
        <ele>406.56</ele>
        <time>2020-07-21T08:59:22Z</time>
      </trkpt>
      <trkpt lat="62.068195743486285" lon="-6.980638559907675">
        <ele>407.00999999999999</ele>
        <time>2020-07-21T08:55:36Z</time>
      </trkpt>
      <trkpt lat="62.068296577781439" lon="-6.980580976232886">
        <ele>407.32999999999998</ele>
        <time>2020-07-21T08:54:23Z</time>
      </trkpt>
      <trkpt lat="62.068349802866578" lon="-6.980428760871291">
        <ele>405.16000000000003</ele>
        <time>2020-07-21T08:53:42Z</time>
      </trkpt>
      <trkpt lat="62.068365896120667" lon="-6.98023128323257">
        <ele>403.11000000000001</ele>
        <time>2020-07-21T08:53:16Z</time>
      </trkpt>
      <trkpt lat="62.068313341587782" lon="-6.980051659047604">
        <ele>402.44999999999999</ele>
        <time>2020-07-21T08:52:50Z</time>
      </trkpt>
      <trkpt lat="62.068315604701638" lon="-6.979895839467645">
        <ele>400.5</ele>
        <time>2020-07-21T08:52:29Z</time>
      </trkpt>
      <trkpt lat="62.068321220576763" lon="-6.979709677398205">
        <ele>398.19</ele>
        <time>2020-07-21T08:52:19Z</time>
      </trkpt>
      <trkpt lat="62.068347875028849" lon="-6.979507757350802">
        <ele>397.64999999999998</ele>
        <time>2020-07-21T08:52:09Z</time>
      </trkpt>
      <trkpt lat="62.068319711834192" lon="-6.979315644130111">
        <ele>398.02999999999997</ele>
        <time>2020-07-21T08:51:43Z</time>
      </trkpt>
      <trkpt lat="62.06832398660481" lon="-6.979110538959503">
        <ele>396.69</ele>
        <time>2020-07-21T08:51:31Z</time>
      </trkpt>
      <trkpt lat="62.068343181163073" lon="-6.978937620297074">
        <ele>394.49000000000001</ele>
        <time>2020-07-21T08:51:15Z</time>
      </trkpt>
      <trkpt lat="62.068372098729014" lon="-6.978736370801926">
        <ele>393.67000000000002</ele>
        <time>2020-07-21T08:51:06Z</time>
      </trkpt>
      <trkpt lat="62.068375702947378" lon="-6.978519530966878">
        <ele>392.75999999999999</ele>
        <time>2020-07-21T08:50:29Z</time>
      </trkpt>
      <trkpt lat="62.068439070135355" lon="-6.978359017521143">
        <ele>389.5</ele>
        <time>2020-07-21T08:50:13Z</time>
      </trkpt>
      <trkpt lat="62.068492043763399" lon="-6.978179644793272">
        <ele>386.97000000000003</ele>
        <time>2020-07-21T08:50:03Z</time>
      </trkpt>
      <trkpt lat="62.068555830046535" lon="-6.978032123297453">
        <ele>384.60000000000002</ele>
        <time>2020-07-21T08:49:53Z</time>
      </trkpt>
      <trkpt lat="62.068603103980422" lon="-6.97787269949913">
        <ele>383.08999999999997</ele>
        <time>2020-07-21T08:49:44Z</time>
      </trkpt>
      <trkpt lat="62.068643253296614" lon="-6.977687543258071">
        <ele>382.12</ele>
        <time>2020-07-21T08:49:36Z</time>
      </trkpt>
      <trkpt lat="62.068660520017147" lon="-6.977496016770601">
        <ele>381.80000000000001</ele>
        <time>2020-07-21T08:49:28Z</time>
      </trkpt>
      <trkpt lat="62.068708213046193" lon="-6.977334246039391">
        <ele>380.73000000000002</ele>
        <time>2020-07-21T08:49:21Z</time>
      </trkpt>
      <trkpt lat="62.068756828084588" lon="-6.977153616026044">
        <ele>381.69</ele>
        <time>2020-07-21T08:49:14Z</time>
      </trkpt>
      <trkpt lat="62.06878230907023" lon="-6.976915569975972">
        <ele>380.23000000000002</ele>
        <time>2020-07-21T08:48:47Z</time>
      </trkpt>
      <trkpt lat="62.06882681697607" lon="-6.976739717647433">
        <ele>380.06999999999999</ele>
        <time>2020-07-21T08:48:37Z</time>
      </trkpt>
      <trkpt lat="62.068902840837836" lon="-6.976603679358959">
        <ele>378.98000000000002</ele>
        <time>2020-07-21T08:48:27Z</time>
      </trkpt>
      <trkpt lat="62.06895874813199" lon="-6.976437047123909">
        <ele>378.39999999999998</ele>
        <time>2020-07-21T08:48:18Z</time>
      </trkpt>
      <trkpt lat="62.069018930196762" lon="-6.976257674396038">
        <ele>378.01999999999998</ele>
        <time>2020-07-21T08:48:08Z</time>
      </trkpt>
      <trkpt lat="62.069103922694921" lon="-6.976156253367662">
        <ele>377.73000000000002</ele>
        <time>2020-07-21T08:47:59Z</time>
      </trkpt>
      <trkpt lat="62.069203583523631" lon="-6.976104620844126">
        <ele>376.19999999999999</ele>
        <time>2020-07-21T08:47:51Z</time>
      </trkpt>
      <trkpt lat="62.069299975410104" lon="-6.976019712164998">
        <ele>375.02999999999997</ele>
        <time>2020-07-21T08:47:43Z</time>
      </trkpt>
      <trkpt lat="62.069391421973705" lon="-6.975917788222432">
        <ele>374.10000000000002</ele>
        <time>2020-07-21T08:47:34Z</time>
      </trkpt>
      <trkpt lat="62.069475073367357" lon="-6.975799100473523">
        <ele>373.81999999999999</ele>
        <time>2020-07-21T08:47:24Z</time>
      </trkpt>
      <trkpt lat="62.069570040330291" lon="-6.975782085210085">
        <ele>371.60000000000002</ele>
        <time>2020-07-21T08:47:12Z</time>
      </trkpt>
      <trkpt lat="62.069655954837799" lon="-6.975752329453826">
        <ele>370.14999999999998</ele>
        <time>2020-07-21T08:47:04Z</time>
      </trkpt>
      <trkpt lat="62.069743797183037" lon="-6.975683178752661">
        <ele>369.25</ele>
        <time>2020-07-21T08:46:56Z</time>
      </trkpt>
      <trkpt lat="62.069840440526605" lon="-6.975604137405753">
        <ele>367.75</ele>
        <time>2020-07-21T08:46:46Z</time>
      </trkpt>
      <trkpt lat="62.069919817149639" lon="-6.975505482405424">
        <ele>367.16000000000003</ele>
        <time>2020-07-21T08:46:37Z</time>
      </trkpt>
      <trkpt lat="62.070020902901888" lon="-6.975454688072205">
        <ele>365.22000000000003</ele>
        <time>2020-07-21T08:46:25Z</time>
      </trkpt>
      <trkpt lat="62.070134058594704" lon="-6.975457705557346">
        <ele>362.11000000000001</ele>
        <time>2020-07-21T08:46:06Z</time>
      </trkpt>
      <trkpt lat="62.070216620340943" lon="-6.975390734151006">
        <ele>359.82999999999998</ele>
        <time>2020-07-21T08:45:53Z</time>
      </trkpt>
      <trkpt lat="62.070280825719237" lon="-6.975230555981398">
        <ele>359.74000000000001</ele>
        <time>2020-07-21T08:45:44Z</time>
      </trkpt>
      <trkpt lat="62.070355005562305" lon="-6.975098960101605">
        <ele>359.58999999999997</ele>
        <time>2020-07-21T08:45:35Z</time>
      </trkpt>
      <trkpt lat="62.070415019989014" lon="-6.974952528253198">
        <ele>359.31999999999999</ele>
        <time>2020-07-21T08:45:21Z</time>
      </trkpt>
      <trkpt lat="62.070497665554285" lon="-6.974872229620814">
        <ele>359.88999999999999</ele>
        <time>2020-07-21T08:45:04Z</time>
      </trkpt>
      <trkpt lat="62.070616520941257" lon="-6.974548939615488">
        <ele>363.85000000000002</ele>
        <time>2020-07-21T08:44:18Z</time>
      </trkpt>
      <trkpt lat="62.070713751018047" lon="-6.974532175809145">
        <ele>362.93000000000001</ele>
        <time>2020-07-21T08:43:42Z</time>
      </trkpt>
      <trkpt lat="62.070797150954604" lon="-6.974423546344042">
        <ele>363.50999999999999</ele>
        <time>2020-07-21T08:43:34Z</time>
      </trkpt>
      <trkpt lat="62.070888681337237" lon="-6.974334195256233">
        <ele>364.01999999999998</ele>
        <time>2020-07-21T08:43:25Z</time>
      </trkpt>
      <trkpt lat="62.070978451520205" lon="-6.974193966016173">
        <ele>365.31999999999999</ele>
        <time>2020-07-21T08:43:16Z</time>
      </trkpt>
      <trkpt lat="62.071055984124541" lon="-6.974078882485628">
        <ele>365.66000000000003</ele>
        <time>2020-07-21T08:43:09Z</time>
      </trkpt>
      <trkpt lat="62.071138378232718" lon="-6.973989950492978">
        <ele>365.75999999999999</ele>
        <time>2020-07-21T08:43:02Z</time>
      </trkpt>
      <trkpt lat="62.071220520883799" lon="-6.973841926082969">
        <ele>365.72000000000003</ele>
        <time>2020-07-21T08:42:55Z</time>
      </trkpt>
      <trkpt lat="62.071307441219687" lon="-6.973744193091989">
        <ele>365.74000000000001</ele>
        <time>2020-07-21T08:42:48Z</time>
      </trkpt>
      <trkpt lat="62.071384638547897" lon="-6.973614525049925">
        <ele>366.32999999999998</ele>
        <time>2020-07-21T08:42:40Z</time>
      </trkpt>
      <trkpt lat="62.071455884724855" lon="-6.973447306081653">
        <ele>366.95999999999998</ele>
        <time>2020-07-21T08:42:30Z</time>
      </trkpt>
      <trkpt lat="62.071537189185619" lon="-6.973325433209539">
        <ele>366.81999999999999</ele>
        <time>2020-07-21T08:42:22Z</time>
      </trkpt>
      <trkpt lat="62.0716193318367" lon="-6.973218228667975">
        <ele>366.63</ele>
        <time>2020-07-21T08:42:14Z</time>
      </trkpt>
      <trkpt lat="62.071697870269418" lon="-6.973061822354794">
        <ele>367.36000000000001</ele>
        <time>2020-07-21T08:42:07Z</time>
      </trkpt>
      <trkpt lat="62.071776492521167" lon="-6.972887981683016">
        <ele>368.42000000000002</ele>
        <time>2020-07-21T08:41:59Z</time>
      </trkpt>
      <trkpt lat="62.071856623515487" lon="-6.972777592018247">
        <ele>369.36000000000001</ele>
        <time>2020-07-21T08:41:52Z</time>
      </trkpt>
      <trkpt lat="62.071948321536183" lon="-6.972629567608237">
        <ele>369.94</ele>
        <time>2020-07-21T08:41:45Z</time>
      </trkpt>
      <trkpt lat="62.072038007900119" lon="-6.972533762454987">
        <ele>369.94999999999999</ele>
        <time>2020-07-21T08:41:37Z</time>
      </trkpt>
      <trkpt lat="62.072109337896109" lon="-6.972385235130787">
        <ele>370.83999999999997</ele>
        <time>2020-07-21T08:41:28Z</time>
      </trkpt>
      <trkpt lat="62.072159545496106" lon="-6.972495708614588">
        <ele>368.06</ele>
        <time>2020-07-21T08:41:11Z</time>
      </trkpt>
      <trkpt lat="62.072171112522483" lon="-6.972607355564833">
        <ele>366.95999999999998</ele>
        <time>2020-07-21T08:18:21Z</time>
      </trkpt>
      <trkpt lat="62.072254344820976" lon="-6.972501408308744">
        <ele>366.93000000000001</ele>
        <time>2020-07-21T08:18:13Z</time>
      </trkpt>
      <trkpt lat="62.072335733100772" lon="-6.972401663661003">
        <ele>367.58999999999997</ele>
        <time>2020-07-21T08:18:06Z</time>
      </trkpt>
      <trkpt lat="62.072420977056026" lon="-6.972285155206919">
        <ele>367.95999999999998</ele>
        <time>2020-07-21T08:17:59Z</time>
      </trkpt>
      <trkpt lat="62.07250814884901" lon="-6.972153726965189">
        <ele>368.57999999999998</ele>
        <time>2020-07-21T08:17:51Z</time>
      </trkpt>
      <trkpt lat="62.0726053789258" lon="-6.972038727253676">
        <ele>368.98000000000002</ele>
        <time>2020-07-21T08:17:44Z</time>
      </trkpt>
      <trkpt lat="62.072709398344159" lon="-6.971971839666367">
        <ele>369.69999999999999</ele>
        <time>2020-07-21T08:17:36Z</time>
      </trkpt>
      <trkpt lat="62.072810232639313" lon="-6.971904281526804">
        <ele>370.12</ele>
        <time>2020-07-21T08:17:29Z</time>
      </trkpt>
      <trkpt lat="62.072904864326119" lon="-6.971823982894421">
        <ele>370.77999999999997</ele>
        <time>2020-07-21T08:17:21Z</time>
      </trkpt>
      <trkpt lat="62.072987090796232" lon="-6.97171937674284">
        <ele>371.45999999999998</ele>
        <time>2020-07-21T08:17:14Z</time>
      </trkpt>
      <trkpt lat="62.073071412742138" lon="-6.971624996513128">
        <ele>372.22000000000003</ele>
        <time>2020-07-21T08:17:07Z</time>
      </trkpt>
      <trkpt lat="62.073158333078027" lon="-6.971535561606288">
        <ele>372.79000000000002</ele>
        <time>2020-07-21T08:17:00Z</time>
      </trkpt>
      <trkpt lat="62.073251456022263" lon="-6.971446629613638">
        <ele>372.88999999999999</ele>
        <time>2020-07-21T08:16:54Z</time>
      </trkpt>
      <trkpt lat="62.073363102972507" lon="-6.971409833058715">
        <ele>373.06999999999999</ele>
        <time>2020-07-21T08:16:47Z</time>
      </trkpt>
      <trkpt lat="62.073475001379848" lon="-6.971367169171572">
        <ele>373.51999999999998</ele>
        <time>2020-07-21T08:16:40Z</time>
      </trkpt>
      <trkpt lat="62.073573656380177" lon="-6.971335066482425">
        <ele>374.19999999999999</ele>
        <time>2020-07-21T08:16:33Z</time>
      </trkpt>
      <trkpt lat="62.073662169277668" lon="-6.971306400373578">
        <ele>374.29000000000002</ele>
        <time>2020-07-21T08:16:27Z</time>
      </trkpt>
      <trkpt lat="62.073752945289016" lon="-6.971240937709808">
        <ele>374.69</ele>
        <time>2020-07-21T08:16:21Z</time>
      </trkpt>
      <trkpt lat="62.073833495378494" lon="-6.97114915587008">
        <ele>374.94999999999999</ele>
        <time>2020-07-21T08:16:16Z</time>
      </trkpt>
      <trkpt lat="62.073927540332079" lon="-6.971072209998965">
        <ele>375.06</ele>
        <time>2020-07-21T08:16:10Z</time>
      </trkpt>
      <trkpt lat="62.074034996330738" lon="-6.971003478392959">
        <ele>375.64999999999998</ele>
        <time>2020-07-21T08:16:03Z</time>
      </trkpt>
      <trkpt lat="62.074125939980149" lon="-6.97093902155757">
        <ele>375.81999999999999</ele>
        <time>2020-07-21T08:15:56Z</time>
      </trkpt>
      <trkpt lat="62.074227193370461" lon="-6.97083743289113">
        <ele>376.19</ele>
        <time>2020-07-21T08:15:36Z</time>
      </trkpt>
      <trkpt lat="62.074319729581475" lon="-6.970757720991969">
        <ele>376.74000000000001</ele>
        <time>2020-07-21T08:15:29Z</time>
      </trkpt>
      <trkpt lat="62.074408577755094" lon="-6.970673650503159">
        <ele>376.81</ele>
        <time>2020-07-21T08:15:22Z</time>
      </trkpt>
      <trkpt lat="62.074504969641566" lon="-6.970600476488471">
        <ele>376.99000000000001</ele>
        <time>2020-07-21T08:15:15Z</time>
      </trkpt>
      <trkpt lat="62.074600690975785" lon="-6.970525290817022">
        <ele>376.80000000000001</ele>
        <time>2020-07-21T08:15:09Z</time>
      </trkpt>
      <trkpt lat="62.074702782556415" lon="-6.970503414049745">
        <ele>377.17000000000002</ele>
        <time>2020-07-21T08:15:03Z</time>
      </trkpt>
      <trkpt lat="62.0748002640903" lon="-6.970484303310514">
        <ele>377.30000000000001</ele>
        <time>2020-07-21T08:14:56Z</time>
      </trkpt>
      <trkpt lat="62.074893303215504" lon="-6.970474580302835">
        <ele>377.23000000000002</ele>
        <time>2020-07-21T08:14:49Z</time>
      </trkpt>
      <trkpt lat="62.074986426159739" lon="-6.970466617494822">
        <ele>377.75</ele>
        <time>2020-07-21T08:14:43Z</time>
      </trkpt>
      <trkpt lat="62.075079968199134" lon="-6.970420265570283">
        <ele>377.56</ele>
        <time>2020-07-21T08:14:37Z</time>
      </trkpt>
      <trkpt lat="62.075185915455222" lon="-6.970358239486814">
        <ele>377.86000000000001</ele>
        <time>2020-07-21T08:14:30Z</time>
      </trkpt>
      <trkpt lat="62.075287755578756" lon="-6.970297889783979">
        <ele>378.16000000000003</ele>
        <time>2020-07-21T08:14:23Z</time>
      </trkpt>
      <trkpt lat="62.075390685349703" lon="-6.970230331644416">
        <ele>378.35000000000002</ele>
        <time>2020-07-21T08:14:16Z</time>
      </trkpt>
      <trkpt lat="62.075482215732336" lon="-6.970135448500514">
        <ele>378.81</ele>
        <time>2020-07-21T08:14:08Z</time>
      </trkpt>
      <trkpt lat="62.07555228844285" lon="-6.969990525394678">
        <ele>378.94999999999999</ele>
        <time>2020-07-21T08:14:01Z</time>
      </trkpt>
      <trkpt lat="62.075632335618138" lon="-6.969873597845435">
        <ele>379.52999999999997</ele>
        <time>2020-07-21T08:13:54Z</time>
      </trkpt>
      <trkpt lat="62.075694194063544" lon="-6.969736972823739">
        <ele>380.63</ele>
        <time>2020-07-21T08:13:48Z</time>
      </trkpt>
      <trkpt lat="62.075755298137665" lon="-6.96958995424211">
        <ele>380.91000000000003</ele>
        <time>2020-07-21T08:13:42Z</time>
      </trkpt>
      <trkpt lat="62.075833920389414" lon="-6.969471098855138">
        <ele>381.81999999999999</ele>
        <time>2020-07-21T08:13:36Z</time>
      </trkpt>
      <trkpt lat="62.075914051383734" lon="-6.969368504360318">
        <ele>382.13</ele>
        <time>2020-07-21T08:13:30Z</time>
      </trkpt>
      <trkpt lat="62.075995020568371" lon="-6.969255935400724">
        <ele>382.72000000000003</ele>
        <time>2020-07-21T08:13:23Z</time>
      </trkpt>
      <trkpt lat="62.076060567051172" lon="-6.969079663977027">
        <ele>383.43000000000001</ele>
        <time>2020-07-21T08:13:15Z</time>
      </trkpt>
      <trkpt lat="62.076116390526295" lon="-6.968927532434464">
        <ele>384.18000000000001</ele>
        <time>2020-07-21T08:12:54Z</time>
      </trkpt>
      <trkpt lat="62.076177997514606" lon="-6.968777077272534">
        <ele>384.80000000000001</ele>
        <time>2020-07-21T08:12:47Z</time>
      </trkpt>
      <trkpt lat="62.076247567310929" lon="-6.968623185530305">
        <ele>385.27999999999997</ele>
        <time>2020-07-21T08:12:41Z</time>
      </trkpt>
      <trkpt lat="62.076324597001076" lon="-6.968510868027806">
        <ele>386.43000000000001</ele>
        <time>2020-07-21T08:12:35Z</time>
      </trkpt>
      <trkpt lat="62.076401961967349" lon="-6.968402406200767">
        <ele>386.92000000000002</ele>
        <time>2020-07-21T08:12:29Z</time>
      </trkpt>
      <trkpt lat="62.076473627239466" lon="-6.968259494751692">
        <ele>387.86000000000001</ele>
        <time>2020-07-21T08:12:22Z</time>
      </trkpt>
      <trkpt lat="62.076556105166674" lon="-6.968160672113299">
        <ele>388.68000000000001</ele>
        <time>2020-07-21T08:12:15Z</time>
      </trkpt>
      <trkpt lat="62.076640259474516" lon="-6.968071321025491">
        <ele>389.79000000000002</ele>
        <time>2020-07-21T08:12:09Z</time>
      </trkpt>
      <trkpt lat="62.076717875897884" lon="-6.967948107048869">
        <ele>390.12</ele>
        <time>2020-07-21T08:12:03Z</time>
      </trkpt>
      <trkpt lat="62.076789624989033" lon="-6.967810643836856">
        <ele>390.52999999999997</ele>
        <time>2020-07-21T08:11:57Z</time>
      </trkpt>
      <trkpt lat="62.076864559203386" lon="-6.967673934996128">
        <ele>391.60000000000002</ele>
        <time>2020-07-21T08:11:51Z</time>
      </trkpt>
      <trkpt lat="62.076954748481512" lon="-6.967527586966753">
        <ele>392.39999999999998</ele>
        <time>2020-07-21T08:11:44Z</time>
      </trkpt>
      <trkpt lat="62.077042758464813" lon="-6.967422813177109">
        <ele>393.20999999999998</ele>
        <time>2020-07-21T08:11:37Z</time>
      </trkpt>
      <trkpt lat="62.077123140916228" lon="-6.967307897284627">
        <ele>395.10000000000002</ele>
        <time>2020-07-21T08:11:30Z</time>
      </trkpt>
      <trkpt lat="62.077202768996358" lon="-6.967184180393815">
        <ele>395.70999999999998</ele>
        <time>2020-07-21T08:11:24Z</time>
      </trkpt>
      <trkpt lat="62.077286504209042" lon="-6.96707496419549">
        <ele>396.52999999999997</ele>
        <time>2020-07-21T08:11:18Z</time>
      </trkpt>
      <trkpt lat="62.077374346554279" lon="-6.966972872614861">
        <ele>397.86000000000001</ele>
        <time>2020-07-21T08:11:12Z</time>
      </trkpt>
      <trkpt lat="62.077455399557948" lon="-6.966876061633229">
        <ele>399.10000000000002</ele>
        <time>2020-07-21T08:11:05Z</time>
      </trkpt>
      <trkpt lat="62.077533937990665" lon="-6.96678327396512">
        <ele>400.13</ele>
        <time>2020-07-21T08:10:58Z</time>
      </trkpt>
      <trkpt lat="62.077620187774301" lon="-6.966661065816879">
        <ele>400.95999999999998</ele>
        <time>2020-07-21T08:10:52Z</time>
      </trkpt>
      <trkpt lat="62.077703671529889" lon="-6.966545060276985">
        <ele>401.82999999999998</ele>
        <time>2020-07-21T08:10:46Z</time>
      </trkpt>
      <trkpt lat="62.077797381207347" lon="-6.966408602893353">
        <ele>401.88999999999999</ele>
        <time>2020-07-21T08:10:39Z</time>
      </trkpt>
      <trkpt lat="62.077880697324872" lon="-6.966316234320402">
        <ele>403.01999999999998</ele>
        <time>2020-07-21T08:10:32Z</time>
      </trkpt>
      <trkpt lat="62.077959822490811" lon="-6.966226380318403">
        <ele>403.75999999999999</ele>
        <time>2020-07-21T08:10:26Z</time>
      </trkpt>
      <trkpt lat="62.078042887151241" lon="-6.966115068644285">
        <ele>405.04000000000002</ele>
        <time>2020-07-21T08:10:20Z</time>
      </trkpt>
      <trkpt lat="62.078110529109836" lon="-6.965982466936112">
        <ele>405.62</ele>
        <time>2020-07-21T08:10:13Z</time>
      </trkpt>
      <trkpt lat="62.078177416697145" lon="-6.965852631255984">
        <ele>406.38999999999999</ele>
        <time>2020-07-21T08:10:07Z</time>
      </trkpt>
      <trkpt lat="62.078257966786623" lon="-6.965734865516424">
        <ele>406.95999999999998</ele>
        <time>2020-07-21T08:10:00Z</time>
      </trkpt>
      <trkpt lat="62.07833256572485" lon="-6.965626906603575">
        <ele>407.69</ele>
        <time>2020-07-21T08:09:55Z</time>
      </trkpt>
      <trkpt lat="62.078408924862742" lon="-6.965516181662679">
        <ele>408.76999999999998</ele>
        <time>2020-07-21T08:09:49Z</time>
      </trkpt>
      <trkpt lat="62.078482266515493" lon="-6.965380311012268">
        <ele>410.19999999999999</ele>
        <time>2020-07-21T08:09:42Z</time>
      </trkpt>
      <trkpt lat="62.078550830483437" lon="-6.965238908305764">
        <ele>411.10000000000002</ele>
        <time>2020-07-21T08:09:35Z</time>
      </trkpt>
      <trkpt lat="62.078624255955219" lon="-6.965119382366538">
        <ele>411.64999999999998</ele>
        <time>2020-07-21T08:09:29Z</time>
      </trkpt>
      <trkpt lat="62.078702710568905" lon="-6.965000610798597">
        <ele>413.85000000000002</ele>
        <time>2020-07-21T08:09:23Z</time>
      </trkpt>
      <trkpt lat="62.078783763572574" lon="-6.964851329103112">
        <ele>415.31</ele>
        <time>2020-07-21T08:09:16Z</time>
      </trkpt>
      <trkpt lat="62.078846879303455" lon="-6.964681930840015">
        <ele>416.44999999999999</ele>
        <time>2020-07-21T08:09:09Z</time>
      </trkpt>
      <trkpt lat="62.078918712213635" lon="-6.964519573375583">
        <ele>417.70999999999998</ele>
        <time>2020-07-21T08:09:02Z</time>
      </trkpt>
      <trkpt lat="62.078995490446687" lon="-6.964402226731181">
        <ele>418.88</ele>
        <time>2020-07-21T08:08:56Z</time>
      </trkpt>
      <trkpt lat="62.079089786857367" lon="-6.964290747419">
        <ele>419.98000000000002</ele>
        <time>2020-07-21T08:08:50Z</time>
      </trkpt>
      <trkpt lat="62.079179640859365" lon="-6.964160576462746">
        <ele>420.82999999999998</ele>
        <time>2020-07-21T08:08:43Z</time>
      </trkpt>
      <trkpt lat="62.079247198998928" lon="-6.964020179584622">
        <ele>422.08999999999997</ele>
        <time>2020-07-21T08:08:36Z</time>
      </trkpt>
      <trkpt lat="62.079320373013616" lon="-6.963904174044728">
        <ele>422.74000000000001</ele>
        <time>2020-07-21T08:08:30Z</time>
      </trkpt>
      <trkpt lat="62.079400084912777" lon="-6.963774086907506">
        <ele>423.68000000000001</ele>
        <time>2020-07-21T08:08:24Z</time>
      </trkpt>
      <trkpt lat="62.079470995813608" lon="-6.963626397773624">
        <ele>425.13</ele>
        <time>2020-07-21T08:08:18Z</time>
      </trkpt>
      <trkpt lat="62.079544421285391" lon="-6.963480804115534">
        <ele>425.83999999999997</ele>
        <time>2020-07-21T08:08:12Z</time>
      </trkpt>
      <trkpt lat="62.079632263630629" lon="-6.963360356166959">
        <ele>427.11000000000001</ele>
        <time>2020-07-21T08:08:05Z</time>
      </trkpt>
      <trkpt lat="62.079714573919773" lon="-6.963227251544595">
        <ele>428.06999999999999</ele>
        <time>2020-07-21T08:07:59Z</time>
      </trkpt>
      <trkpt lat="62.079797219485044" lon="-6.963079059496522">
        <ele>429.27999999999997</ele>
        <time>2020-07-21T08:07:52Z</time>
      </trkpt>
      <trkpt lat="62.079882379621267" lon="-6.962957438081503">
        <ele>430.58999999999997</ele>
        <time>2020-07-21T08:07:45Z</time>
      </trkpt>
      <trkpt lat="62.079977430403233" lon="-6.962869595736265">
        <ele>431.5</ele>
        <time>2020-07-21T08:07:38Z</time>
      </trkpt>
      <trkpt lat="62.080067284405231" lon="-6.962799606844783">
        <ele>432.63999999999999</ele>
        <time>2020-07-21T08:07:31Z</time>
      </trkpt>
      <trkpt lat="62.080157389864326" lon="-6.962688295170665">
        <ele>435.12</ele>
        <time>2020-07-21T08:07:23Z</time>
      </trkpt>
      <trkpt lat="62.080230647698045" lon="-6.962571619078517">
        <ele>436.51999999999998</ele>
        <time>2020-07-21T08:07:16Z</time>
      </trkpt>
      <trkpt lat="62.080305581912398" lon="-6.962436670437455">
        <ele>438</ele>
        <time>2020-07-21T08:07:10Z</time>
      </trkpt>
      <trkpt lat="62.080364422872663" lon="-6.96225319057703">
        <ele>440.05000000000001</ele>
        <time>2020-07-21T08:07:03Z</time>
      </trkpt>
      <trkpt lat="62.080433908849955" lon="-6.96210952475667">
        <ele>440.91000000000003</ele>
        <time>2020-07-21T08:06:57Z</time>
      </trkpt>
      <trkpt lat="62.080522924661636" lon="-6.961995949968696">
        <ele>442.24000000000001</ele>
        <time>2020-07-21T08:06:51Z</time>
      </trkpt>
      <trkpt lat="62.08062082529068" lon="-6.961949933320284">
        <ele>442.63</ele>
        <time>2020-07-21T08:06:44Z</time>
      </trkpt>
      <trkpt lat="62.080709924921393" lon="-6.961870389059186">
        <ele>443</ele>
        <time>2020-07-21T08:06:37Z</time>
      </trkpt>
      <trkpt lat="62.0807820931077" lon="-6.961772991344333">
        <ele>444.13999999999999</ele>
        <time>2020-07-21T08:06:31Z</time>
      </trkpt>
      <trkpt lat="62.080861553549767" lon="-6.961656734347343">
        <ele>445.69</ele>
        <time>2020-07-21T08:06:25Z</time>
      </trkpt>
      <trkpt lat="62.080940930172801" lon="-6.961513487622142">
        <ele>446.83999999999997</ele>
        <time>2020-07-21T08:06:18Z</time>
      </trkpt>
      <trkpt lat="62.081012427806854" lon="-6.961353309452534">
        <ele>447.92000000000002</ele>
        <time>2020-07-21T08:06:10Z</time>
      </trkpt>
      <trkpt lat="62.08106841892004" lon="-6.961196735501289">
        <ele>449.73000000000002</ele>
        <time>2020-07-21T08:06:01Z</time>
      </trkpt>
      <trkpt lat="62.081125248223543" lon="-6.961049130186439">
        <ele>451.38</ele>
        <time>2020-07-21T08:05:44Z</time>
      </trkpt>
      <trkpt lat="62.081177132204175" lon="-6.960897082462907">
        <ele>453.97000000000003</ele>
        <time>2020-07-21T08:05:36Z</time>
      </trkpt>
      <trkpt lat="62.081228345632553" lon="-6.96071008220315">
        <ele>456.44999999999999</ele>
        <time>2020-07-21T08:05:27Z</time>
      </trkpt>
      <trkpt lat="62.081301687285304" lon="-6.960567757487297">
        <ele>458.25</ele>
        <time>2020-07-21T08:05:19Z</time>
      </trkpt>
      <trkpt lat="62.081391792744398" lon="-6.960487877950072">
        <ele>459.88999999999999</ele>
        <time>2020-07-21T08:05:13Z</time>
      </trkpt>
      <trkpt lat="62.081482484936714" lon="-6.96034069173038">
        <ele>461.80000000000001</ele>
        <time>2020-07-21T08:05:05Z</time>
      </trkpt>
      <trkpt lat="62.081559933722019" lon="-6.960186464712024">
        <ele>463.35000000000002</ele>
        <time>2020-07-21T08:04:57Z</time>
      </trkpt>
      <trkpt lat="62.08162154071033" lon="-6.960042044520378">
        <ele>464.43000000000001</ele>
        <time>2020-07-21T08:04:39Z</time>
      </trkpt>
      <trkpt lat="62.081705862656236" lon="-6.959940204396844">
        <ele>466.05000000000001</ele>
        <time>2020-07-21T08:04:32Z</time>
      </trkpt>
      <trkpt lat="62.081797309219837" lon="-6.959845656529069">
        <ele>467.76999999999998</ele>
        <time>2020-07-21T08:04:24Z</time>
      </trkpt>
      <trkpt lat="62.081870986148715" lon="-6.959702242165804">
        <ele>469.11000000000001</ele>
        <time>2020-07-21T08:04:18Z</time>
      </trkpt>
      <trkpt lat="62.081929743289948" lon="-6.959538124501705">
        <ele>470.25999999999999</ele>
        <time>2020-07-21T08:04:11Z</time>
      </trkpt>
      <trkpt lat="62.081984812393785" lon="-6.959368977695704">
        <ele>472.23000000000002</ele>
        <time>2020-07-21T08:03:58Z</time>
      </trkpt>
      <trkpt lat="62.082020519301295" lon="-6.959198489785194">
        <ele>473.79000000000002</ele>
        <time>2020-07-21T08:03:50Z</time>
      </trkpt>
      <trkpt lat="62.081975508481264" lon="-6.959069324657321">
        <ele>475.14999999999998</ele>
        <time>2020-07-21T08:03:22Z</time>
      </trkpt>
      <trkpt lat="62.081989673897624" lon="-6.958887604996562">
        <ele>475.48000000000002</ele>
        <time>2020-07-21T08:03:14Z</time>
      </trkpt>
      <trkpt lat="62.08198556676507" lon="-6.958686942234635">
        <ele>476.57999999999998</ele>
        <time>2020-07-21T08:03:07Z</time>
      </trkpt>
      <trkpt lat="62.081987159326673" lon="-6.958494074642658">
        <ele>477.35000000000002</ele>
        <time>2020-07-21T08:03:01Z</time>
      </trkpt>
      <trkpt lat="62.081961845979095" lon="-6.958292070776224">
        <ele>478.69999999999999</ele>
        <time>2020-07-21T08:02:54Z</time>
      </trkpt>
      <trkpt lat="62.081937873736024" lon="-6.958088474348187">
        <ele>479.24000000000001</ele>
        <time>2020-07-21T08:02:47Z</time>
      </trkpt>
      <trkpt lat="62.08188297227025" lon="-6.957930056378245">
        <ele>479.98000000000002</ele>
        <time>2020-07-21T08:02:41Z</time>
      </trkpt>
      <trkpt lat="62.081800410524011" lon="-6.957797203212977">
        <ele>481.07999999999998</ele>
        <time>2020-07-21T08:02:34Z</time>
      </trkpt>
      <trkpt lat="62.081737127155066" lon="-6.95764247328043">
        <ele>481.80000000000001</ele>
        <time>2020-07-21T08:02:28Z</time>
      </trkpt>
      <trkpt lat="62.081682812422514" lon="-6.95746217854321">
        <ele>482.67000000000002</ele>
        <time>2020-07-21T08:02:22Z</time>
      </trkpt>
      <trkpt lat="62.081649787724018" lon="-6.957273920997977">
        <ele>483.24000000000001</ele>
        <time>2020-07-21T08:02:16Z</time>
      </trkpt>
      <trkpt lat="62.081627072766423" lon="-6.957075102254748">
        <ele>482.99000000000001</ele>
        <time>2020-07-21T08:02:10Z</time>
      </trkpt>
      <trkpt lat="62.081587426364422" lon="-6.956895645707846">
        <ele>483.79000000000002</ele>
        <time>2020-07-21T08:02:04Z</time>
      </trkpt>
      <trkpt lat="62.081543505191803" lon="-6.956730606034398">
        <ele>482.81</ele>
        <time>2020-07-21T08:01:58Z</time>
      </trkpt>
      <trkpt lat="62.08154677413404" lon="-6.956519884988666">
        <ele>483.31</ele>
        <time>2020-07-21T08:01:47Z</time>
      </trkpt>
      <trkpt lat="62.081570159643888" lon="-6.956324921920896">
        <ele>483.27999999999997</ele>
        <time>2020-07-21T08:01:41Z</time>
      </trkpt>
      <trkpt lat="62.081582481041551" lon="-6.956128617748618">
        <ele>483.13</ele>
        <time>2020-07-21T08:01:35Z</time>
      </trkpt>
      <trkpt lat="62.081594718620181" lon="-6.955917729064822">
        <ele>484</ele>
        <time>2020-07-21T08:00:40Z</time>
      </trkpt>
      <trkpt lat="62.081573344767094" lon="-6.955702565610409">
        <ele>484.69999999999999</ele>
        <time>2020-07-21T08:00:33Z</time>
      </trkpt>
      <trkpt lat="62.081529088318348" lon="-6.95552914403379">
        <ele>485.07999999999998</ele>
        <time>2020-07-21T08:00:27Z</time>
      </trkpt>
      <trkpt lat="62.081496398895979" lon="-6.955340215936303">
        <ele>485.95999999999998</ele>
        <time>2020-07-21T08:00:21Z</time>
      </trkpt>
      <trkpt lat="62.081477455794811" lon="-6.955139134079218">
        <ele>487.06</ele>
        <time>2020-07-21T08:00:15Z</time>
      </trkpt>
      <trkpt lat="62.081467984244227" lon="-6.954947775229812">
        <ele>487.88999999999999</ele>
        <time>2020-07-21T08:00:09Z</time>
      </trkpt>
      <trkpt lat="62.081460608169436" lon="-6.954735210165381">
        <ele>488.37</ele>
        <time>2020-07-21T08:00:03Z</time>
      </trkpt>
      <trkpt lat="62.08148474805057" lon="-6.954528177157044">
        <ele>488.55000000000001</ele>
        <time>2020-07-21T07:59:57Z</time>
      </trkpt>
      <trkpt lat="62.081517186015844" lon="-6.954291807487607">
        <ele>488.85000000000002</ele>
        <time>2020-07-21T07:59:45Z</time>
      </trkpt>
      <trkpt lat="62.081549791619182" lon="-6.954085947945714">
        <ele>489.27999999999997</ele>
        <time>2020-07-21T07:59:38Z</time>
      </trkpt>
      <trkpt lat="62.081569572910666" lon="-6.95388930849731">
        <ele>489.08999999999997</ele>
        <time>2020-07-21T07:59:32Z</time>
      </trkpt>
      <trkpt lat="62.081559179350734" lon="-6.953662997111678">
        <ele>489.75999999999999</ele>
        <time>2020-07-21T07:59:25Z</time>
      </trkpt>
      <trkpt lat="62.081533782184124" lon="-6.95346518419683">
        <ele>490.20999999999998</ele>
        <time>2020-07-21T07:59:19Z</time>
      </trkpt>
      <trkpt lat="62.081501930952072" lon="-6.953256642445922">
        <ele>490.80000000000001</ele>
        <time>2020-07-21T07:59:12Z</time>
      </trkpt>
      <trkpt lat="62.081473851576447" lon="-6.953061260282993">
        <ele>491.42000000000002</ele>
        <time>2020-07-21T07:59:05Z</time>
      </trkpt>
      <trkpt lat="62.081487597897649" lon="-6.952852969989181">
        <ele>491.35000000000002</ele>
        <time>2020-07-21T07:58:58Z</time>
      </trkpt>
      <trkpt lat="62.081529842689633" lon="-6.952649373561144">
        <ele>491.44999999999999</ele>
        <time>2020-07-21T07:58:51Z</time>
      </trkpt>
      <trkpt lat="62.081616343930364" lon="-6.952580893412232">
        <ele>492.04000000000002</ele>
        <time>2020-07-21T07:58:44Z</time>
      </trkpt>
      <trkpt lat="62.081712232902646" lon="-6.952627329155803">
        <ele>492.69999999999999</ele>
        <time>2020-07-21T07:58:37Z</time>
      </trkpt>
      <trkpt lat="62.081780629232526" lon="-6.952524902299047">
        <ele>503.82999999999998</ele>
        <time>2020-07-21T07:58:06Z</time>
      </trkpt>
    </trkseg>
  </trk>

</gpx>