<?xml version="1.0" encoding="utf-8"?> <gpx creator="Garmin Desktop App" version="1.1" xsi:schemaLocation="http://www.topografix.com/GPX/1/1 http://www.topografix.com/GPX/1/1/gpx.xsd http://www.garmin.com/xmlschemas/WaypointExtension/v1 http://www8.garmin.com/xmlschemas/WaypointExtensionv1.xsd http://www.garmin.com/xmlschemas/TrackPointExtension/v1 http://www.garmin.com/xmlschemas/TrackPointExtensionv1.xsd http://www.garmin.com/xmlschemas/GpxExtensions/v3 http://www8.garmin.com/xmlschemas/GpxExtensionsv3.xsd http://www.garmin.com/xmlschemas/ActivityExtension/v1 http://www8.garmin.com/xmlschemas/ActivityExtensionv1.xsd http://www.garmin.com/xmlschemas/AdventuresExtensions/v1 http://www8.garmin.com/xmlschemas/AdventuresExtensionv1.xsd http://www.garmin.com/xmlschemas/PressureExtension/v1 http://www.garmin.com/xmlschemas/PressureExtensionv1.xsd http://www.garmin.com/xmlschemas/TripExtensions/v1 http://www.garmin.com/xmlschemas/TripExtensionsv1.xsd http://www.garmin.com/xmlschemas/TripMetaDataExtensions/v1 http://www.garmin.com/xmlschemas/TripMetaDataExtensionsv1.xsd http://www.garmin.com/xmlschemas/ViaPointTransportationModeExtensions/v1 http://www.garmin.com/xmlschemas/ViaPointTransportationModeExtensionsv1.xsd http://www.garmin.com/xmlschemas/CreationTimeExtension/v1 http://www.garmin.com/xmlschemas/CreationTimeExtensionsv1.xsd http://www.garmin.com/xmlschemas/AccelerationExtension/v1 http://www.garmin.com/xmlschemas/AccelerationExtensionv1.xsd http://www.garmin.com/xmlschemas/PowerExtension/v1 http://www.garmin.com/xmlschemas/PowerExtensionv1.xsd http://www.garmin.com/xmlschemas/VideoExtension/v1 http://www.garmin.com/xmlschemas/VideoExtensionv1.xsd" xmlns="http://www.topografix.com/GPX/1/1" xmlns:xsi="http://www.w3.org/2001/XMLSchema-instance" xmlns:wptx1="http://www.garmin.com/xmlschemas/WaypointExtension/v1" xmlns:gpxtrx="http://www.garmin.com/xmlschemas/GpxExtensions/v3" xmlns:gpxtpx="http://www.garmin.com/xmlschemas/TrackPointExtension/v1" xmlns:gpxx="http://www.garmin.com/xmlschemas/GpxExtensions/v3" xmlns:trp="http://www.garmin.com/xmlschemas/TripExtensions/v1" xmlns:adv="http://www.garmin.com/xmlschemas/AdventuresExtensions/v1" xmlns:prs="http://www.garmin.com/xmlschemas/PressureExtension/v1" xmlns:tmd="http://www.garmin.com/xmlschemas/TripMetaDataExtensions/v1" xmlns:vptm="http://www.garmin.com/xmlschemas/ViaPointTransportationModeExtensions/v1" xmlns:ctx="http://www.garmin.com/xmlschemas/CreationTimeExtension/v1" xmlns:gpxacc="http://www.garmin.com/xmlschemas/AccelerationExtension/v1" xmlns:gpxpx="http://www.garmin.com/xmlschemas/PowerExtension/v1" xmlns:vidx1="http://www.garmin.com/xmlschemas/VideoExtension/v1">

 <metadata>
 <link href="http://www.garmin.com">
 <text>Garmin International</text>
 </link>
 <time>2021-01-27T13:52:20Z</time>
 <bounds maxlat="62.000090852379799" maxlon="-6.79409503005445" minlat="61.951964562758803" minlon="-6.824646145105362" />
 </metadata>

 <wpt lat="61.987694017589092" lon="-6.823735032230616">
 <ele>231.45709199999999</ele>
 <time>2020-07-25T10:11:53Z</time>
 <name>WP1 06_TK</name>
 <sym>Flag, Blue</sym>
 <type>user</type>
 <extensions>
 <gpxx:WaypointExtension>
 <gpxx:DisplayMode>SymbolAndName</gpxx:DisplayMode>
 </gpxx:WaypointExtension>
 <wptx1:WaypointExtension>
 <wptx1:DisplayMode>SymbolAndName</wptx1:DisplayMode>
 </wptx1:WaypointExtension>
 <ctx:CreationTimeExtension>
 <ctx:CreationTime>2020-07-25T10:11:53Z</ctx:CreationTime>
 </ctx:CreationTimeExtension>
 </extensions>
 </wpt>

 <wpt lat="61.96801096200943" lon="-6.814650977030397">
 <ele>212.858475</ele>
 <time>2020-07-25T10:42:05Z</time>
 <name>WP2 08_TK</name>
 <sym>Flag, Blue</sym>
 <type>user</type>
 <extensions>
 <gpxx:WaypointExtension>
 <gpxx:DisplayMode>SymbolAndName</gpxx:DisplayMode>
 </gpxx:WaypointExtension>
 <wptx1:WaypointExtension>
 <wptx1:DisplayMode>SymbolAndName</wptx1:DisplayMode>
 </wptx1:WaypointExtension>
 <ctx:CreationTimeExtension>
 <ctx:CreationTime>2020-07-25T10:42:05Z</ctx:CreationTime>
 </ctx:CreationTimeExtension>
 </extensions>
 </wpt>

 <wpt lat="61.955346995964646" lon="-6.801910987123847">
 <ele>34.995818999999997</ele>
 <time>2020-07-25T11:21:53Z</time>
 <name>WP3 14_TK</name>
 <sym>Flag, Blue</sym>
 <type>user</type>
 <extensions>
 <gpxx:WaypointExtension>
 <gpxx:DisplayMode>SymbolAndName</gpxx:DisplayMode>
 </gpxx:WaypointExtension>
 <wptx1:WaypointExtension>
 <wptx1:DisplayMode>SymbolAndName</wptx1:DisplayMode>
 </wptx1:WaypointExtension>
 <ctx:CreationTimeExtension>
 <ctx:CreationTime>2020-07-25T11:21:53Z</ctx:CreationTime>
 </ctx:CreationTimeExtension>
 </extensions>
 </wpt>

 <trk>
 <name>15 Wanderung Tórshavn Kirkjubøur</name>
 <extensions>
 <gpxx:TrackExtension>
 <gpxx:DisplayColor>Black</gpxx:DisplayColor>
 </gpxx:TrackExtension>
 </extensions>
 <trkseg>
 <trkpt lat="62.000090852379799" lon="-6.807438265532255">
 <ele>111.58</ele>
 <time>2020-07-25T09:40:13Z</time>
 </trkpt>
 <trkpt lat="62.000063108280301" lon="-6.807244308292866">
 <ele>112.23</ele>
 <time>2020-07-25T09:40:45Z</time>
 </trkpt>
 <trkpt lat="61.999949449673295" lon="-6.807218911126256">
 <ele>109.58</ele>
 <time>2020-07-25T09:41:29Z</time>
 </trkpt>
 <trkpt lat="61.999875353649259" lon="-6.807326786220074">
 <ele>108.64</ele>
 <time>2020-07-25T09:41:35Z</time>
 </trkpt>
 <trkpt lat="61.999800587072968" lon="-6.807471793144941">
 <ele>107.53</ele>
 <time>2020-07-25T09:41:42Z</time>
 </trkpt>
 <trkpt lat="61.999715007841587" lon="-6.807613112032414">
 <ele>105.70999999999999</ele>
 <time>2020-07-25T09:41:50Z</time>
 </trkpt>
 <trkpt lat="61.999640492722392" lon="-6.807731967419386">
 <ele>105.23999999999999</ele>
 <time>2020-07-25T09:41:58Z</time>
 </trkpt>
 <trkpt lat="61.999558098614216" lon="-6.807877561077476">
 <ele>105.37</ele>
 <time>2020-07-25T09:42:05Z</time>
 </trkpt>
 <trkpt lat="61.999475117772818" lon="-6.808043103665113">
 <ele>105.28</ele>
 <time>2020-07-25T09:42:12Z</time>
 </trkpt>
 <trkpt lat="61.999386940151453" lon="-6.808157600462437">
 <ele>104.43000000000001</ele>
 <time>2020-07-25T09:42:19Z</time>
 </trkpt>
 <trkpt lat="61.999303121119738" lon="-6.808281904086471">
 <ele>104.17</ele>
 <time>2020-07-25T09:42:25Z</time>
 </trkpt>
 <trkpt lat="61.999200358986855" lon="-6.808410901576281">
 <ele>103.87</ele>
 <time>2020-07-25T09:42:33Z</time>
 </trkpt>
 <trkpt lat="61.99910581111908" lon="-6.808543251827359">
 <ele>103.62</ele>
 <time>2020-07-25T09:42:40Z</time>
 </trkpt>
 <trkpt lat="61.999024841934443" lon="-6.808646013960242">
 <ele>102.42</ele>
 <time>2020-07-25T09:42:46Z</time>
 </trkpt>
 <trkpt lat="61.998944040387869" lon="-6.808763612061739">
 <ele>101.83</ele>
 <time>2020-07-25T09:42:52Z</time>
 </trkpt>
 <trkpt lat="61.998852593824267" lon="-6.808884060010314">
 <ele>100.67</ele>
 <time>2020-07-25T09:42:59Z</time>
 </trkpt>
 <trkpt lat="61.998766846954823" lon="-6.80902311578393">
 <ele>99.370000000000005</ele>
 <time>2020-07-25T09:43:05Z</time>
 </trkpt>
 <trkpt lat="61.99868562631309" lon="-6.809152951464057">
 <ele>99.060000000000002</ele>
 <time>2020-07-25T09:43:11Z</time>
 </trkpt>
 <trkpt lat="61.998595520853996" lon="-6.809278512373567">
 <ele>97.629999999999995</ele>
 <time>2020-07-25T09:43:18Z</time>
 </trkpt>
 <trkpt lat="61.998510444536805" lon="-6.80941111408174">
 <ele>96.730000000000004</ele>
 <time>2020-07-25T09:43:25Z</time>
 </trkpt>
 <trkpt lat="61.998423188924789" lon="-6.809531729668379">
 <ele>95.840000000000003</ele>
 <time>2020-07-25T09:43:31Z</time>
 </trkpt>
 <trkpt lat="61.998336017131805" lon="-6.809660559520125">
 <ele>94.859999999999999</ele>
 <time>2020-07-25T09:43:38Z</time>
 </trkpt>
 <trkpt lat="61.998250437900424" lon="-6.809795508161187">
 <ele>94.189999999999998</ele>
 <time>2020-07-25T09:43:44Z</time>
 </trkpt>
 <trkpt lat="61.99816863052547" lon="-6.8099260982126">
 <ele>92.890000000000001</ele>
 <time>2020-07-25T09:43:51Z</time>
 </trkpt>
 <trkpt lat="61.998095959424973" lon="-6.810070350766182">
 <ele>92.620000000000005</ele>
 <time>2020-07-25T09:43:57Z</time>
 </trkpt>
 <trkpt lat="61.998007530346513" lon="-6.810221476480365">
 <ele>92.680000000000007</ele>
 <time>2020-07-25T09:44:04Z</time>
 </trkpt>
 <trkpt lat="61.997932679951191" lon="-6.810377966612577">
 <ele>92.099999999999994</ele>
 <time>2020-07-25T09:44:11Z</time>
 </trkpt>
 <trkpt lat="61.997852465137839" lon="-6.810540491715074">
 <ele>92.430000000000007</ele>
 <time>2020-07-25T09:44:19Z</time>
 </trkpt>
 <trkpt lat="61.997758923098445" lon="-6.81063168682158">
 <ele>92.400000000000006</ele>
 <time>2020-07-25T09:44:25Z</time>
 </trkpt>
 <trkpt lat="61.997649455443025" lon="-6.810632608830929">
 <ele>92.709999999999994</ele>
 <time>2020-07-25T09:44:32Z</time>
 </trkpt>
 <trkpt lat="61.997552895918489" lon="-6.810722965747118">
 <ele>93.849999999999994</ele>
 <time>2020-07-25T09:44:39Z</time>
 </trkpt>
 <trkpt lat="61.997466227039695" lon="-6.810863865539432">
 <ele>94.340000000000003</ele>
 <time>2020-07-25T09:44:45Z</time>
 </trkpt>
 <trkpt lat="61.997397495433688" lon="-6.811000406742096">
 <ele>94.310000000000002</ele>
 <time>2020-07-25T09:44:51Z</time>
 </trkpt>
 <trkpt lat="61.997313844040036" lon="-6.811152873560786">
 <ele>95.25</ele>
 <time>2020-07-25T09:44:59Z</time>
 </trkpt>
 <trkpt lat="61.997235054150224" lon="-6.811309112235904">
 <ele>96.140000000000001</ele>
 <time>2020-07-25T09:45:07Z</time>
 </trkpt>
 <trkpt lat="61.997154923155904" lon="-6.811472559347749">
 <ele>96.189999999999998</ele>
 <time>2020-07-25T09:45:15Z</time>
 </trkpt>
 <trkpt lat="61.997073534876108" lon="-6.811622008681297">
 <ele>95.870000000000005</ele>
 <time>2020-07-25T09:45:22Z</time>
 </trkpt>
 <trkpt lat="61.996994661167264" lon="-6.811776319518685">
 <ele>96.370000000000005</ele>
 <time>2020-07-25T09:45:28Z</time>
 </trkpt>
 <trkpt lat="61.996924672275782" lon="-6.811926942318678">
 <ele>96.739999999999995</ele>
 <time>2020-07-25T09:45:34Z</time>
 </trkpt>
 <trkpt lat="61.996858790516853" lon="-6.812059795483947">
 <ele>97.450000000000003</ele>
 <time>2020-07-25T09:45:40Z</time>
 </trkpt>
 <trkpt lat="61.996782934293151" lon="-6.812198851257563">
 <ele>98.150000000000006</ele>
 <time>2020-07-25T09:45:47Z</time>
 </trkpt>
 <trkpt lat="61.996712107211351" lon="-6.812342684715986">
 <ele>99.189999999999998</ele>
 <time>2020-07-25T09:45:55Z</time>
 </trkpt>
 <trkpt lat="61.996634155511856" lon="-6.812486937269568">
 <ele>99.840000000000003</ele>
 <time>2020-07-25T09:46:02Z</time>
 </trkpt>
 <trkpt lat="61.996555784717202" lon="-6.812641667202115">
 <ele>99.719999999999999</ele>
 <time>2020-07-25T09:46:09Z</time>
 </trkpt>
 <trkpt lat="61.996472720056772" lon="-6.812765384092927">
 <ele>100.27</ele>
 <time>2020-07-25T09:46:16Z</time>
 </trkpt>
 <trkpt lat="61.996385967358947" lon="-6.812889771535993">
 <ele>100.70999999999999</ele>
 <time>2020-07-25T09:46:23Z</time>
 </trkpt>
 <trkpt lat="61.996302399784327" lon="-6.8130171764642">
 <ele>100.84999999999999</ele>
 <time>2020-07-25T09:46:32Z</time>
 </trkpt>
 <trkpt lat="61.996217239648104" lon="-6.813147515058518">
 <ele>101.37</ele>
 <time>2020-07-25T09:46:39Z</time>
 </trkpt>
 <trkpt lat="61.99613886885345" lon="-6.813273327425122">
 <ele>102.28</ele>
 <time>2020-07-25T09:46:46Z</time>
 </trkpt>
 <trkpt lat="61.995996879413724" lon="-6.813415065407753">
 <ele>103.39</ele>
 <time>2020-07-25T09:47:08Z</time>
 </trkpt>
 <trkpt lat="61.995933428406715" lon="-6.813516905531287">
 <ele>104.06999999999999</ele>
 <time>2020-07-25T09:47:45Z</time>
 </trkpt>
 <trkpt lat="61.995872491970658" lon="-6.813655206933618">
 <ele>104.98</ele>
 <time>2020-07-25T09:47:55Z</time>
 </trkpt>
 <trkpt lat="61.995807448402047" lon="-6.813783450052142">
 <ele>105.56999999999999</ele>
 <time>2020-07-25T09:48:03Z</time>
 </trkpt>
 <trkpt lat="61.995737878605723" lon="-6.813897443935275">
 <ele>106.65000000000001</ele>
 <time>2020-07-25T09:48:12Z</time>
 </trkpt>
 <trkpt lat="61.995668392628431" lon="-6.814030632376671">
 <ele>108.09999999999999</ele>
 <time>2020-07-25T09:48:23Z</time>
 </trkpt>
 <trkpt lat="61.995585663244128" lon="-6.814144710078836">
 <ele>108.89</ele>
 <time>2020-07-25T09:48:34Z</time>
 </trkpt>
 <trkpt lat="61.995498994365335" lon="-6.814252249896526">
 <ele>109.20999999999999</ele>
 <time>2020-07-25T09:48:44Z</time>
 </trkpt>
 <trkpt lat="61.995410732924938" lon="-6.814418211579323">
 <ele>110.65000000000001</ele>
 <time>2020-07-25T09:48:56Z</time>
 </trkpt>
 <trkpt lat="61.995328925549984" lon="-6.814575036987662">
 <ele>111.2</ele>
 <time>2020-07-25T09:49:07Z</time>
 </trkpt>
 <trkpt lat="61.99523395858705" lon="-6.814707219600678">
 <ele>112.93000000000001</ele>
 <time>2020-07-25T09:49:18Z</time>
 </trkpt>
 <trkpt lat="61.995151061564684" lon="-6.814839905127883">
 <ele>114.84999999999999</ele>
 <time>2020-07-25T09:49:28Z</time>
 </trkpt>
 <trkpt lat="61.995067242532969" lon="-6.814982146024704">
 <ele>116.45</ele>
 <time>2020-07-25T09:49:38Z</time>
 </trkpt>
 <trkpt lat="61.994974706321955" lon="-6.815142827108502">
 <ele>118</ele>
 <time>2020-07-25T09:49:51Z</time>
 </trkpt>
 <trkpt lat="61.994894240051508" lon="-6.8152931984514">
 <ele>119.5</ele>
 <time>2020-07-25T09:50:02Z</time>
 </trkpt>
 <trkpt lat="61.994806732982397" lon="-6.815449018031359">
 <ele>121.84999999999999</ele>
 <time>2020-07-25T09:50:14Z</time>
 </trkpt>
 <trkpt lat="61.994724338874221" lon="-6.815607352182269">
 <ele>123.90000000000001</ele>
 <time>2020-07-25T09:50:26Z</time>
 </trkpt>
 <trkpt lat="61.994630796834826" lon="-6.815738445147872">
 <ele>125.53</ele>
 <time>2020-07-25T09:50:39Z</time>
 </trkpt>
 <trkpt lat="61.9945596344769" lon="-6.815901724621654">
 <ele>127.52</ele>
 <time>2020-07-25T09:50:57Z</time>
 </trkpt>
 <trkpt lat="61.99447707273066" lon="-6.815999876707792">
 <ele>128.41</ele>
 <time>2020-07-25T09:51:18Z</time>
 </trkpt>
 <trkpt lat="61.994395516812801" lon="-6.81616785004735">
 <ele>130.41</ele>
 <time>2020-07-25T09:51:32Z</time>
 </trkpt>
 <trkpt lat="61.9943075068295" lon="-6.816333224996924">
 <ele>132.58000000000001</ele>
 <time>2020-07-25T09:51:49Z</time>
 </trkpt>
 <trkpt lat="61.994204912334681" lon="-6.816545119509101">
 <ele>135.83000000000001</ele>
 <time>2020-07-25T09:52:07Z</time>
 </trkpt>
 <trkpt lat="61.994151854887605" lon="-6.816751733422279">
 <ele>137.46000000000001</ele>
 <time>2020-07-25T09:52:19Z</time>
 </trkpt>
 <trkpt lat="61.994104161858559" lon="-6.816946445032954">
 <ele>138.68000000000001</ele>
 <time>2020-07-25T09:52:34Z</time>
 </trkpt>
 <trkpt lat="61.994061414152384" lon="-6.817109556868672">
 <ele>140.78999999999999</ele>
 <time>2020-07-25T09:52:45Z</time>
 </trkpt>
 <trkpt lat="61.994017325341702" lon="-6.81728532537818">
 <ele>143.22</ele>
 <time>2020-07-25T09:52:55Z</time>
 </trkpt>
 <trkpt lat="61.993974577635527" lon="-6.817462434992194">
 <ele>144.59999999999999</ele>
 <time>2020-07-25T09:53:06Z</time>
 </trkpt>
 <trkpt lat="61.993920346722007" lon="-6.817638706415892">
 <ele>146.03999999999999</ele>
 <time>2020-07-25T09:53:18Z</time>
 </trkpt>
 <trkpt lat="61.99388287961483" lon="-6.81784288957715">
 <ele>149.06</ele>
 <time>2020-07-25T09:53:33Z</time>
 </trkpt>
 <trkpt lat="61.99384281411767" lon="-6.818033242598176">
 <ele>152.00999999999999</ele>
 <time>2020-07-25T09:53:48Z</time>
 </trkpt>
 <trkpt lat="61.993811633437872" lon="-6.818230133503676">
 <ele>154.94</ele>
 <time>2020-07-25T09:54:03Z</time>
 </trkpt>
 <trkpt lat="61.993776261806488" lon="-6.818419480696321">
 <ele>156.49000000000001</ele>
 <time>2020-07-25T09:54:18Z</time>
 </trkpt>
 <trkpt lat="61.993736615404487" lon="-6.818595333024859">
 <ele>157.41999999999999</ele>
 <time>2020-07-25T09:55:09Z</time>
 </trkpt>
 <trkpt lat="61.993689425289631" lon="-6.818761210888624">
 <ele>158.13999999999999</ele>
 <time>2020-07-25T09:55:19Z</time>
 </trkpt>
 <trkpt lat="61.993636954575777" lon="-6.818936727941036">
 <ele>160.09999999999999</ele>
 <time>2020-07-25T09:55:30Z</time>
 </trkpt>
 <trkpt lat="61.993593284860253" lon="-6.819125069305301">
 <ele>162.59999999999999</ele>
 <time>2020-07-25T09:55:42Z</time>
 </trkpt>
 <trkpt lat="61.993536958470941" lon="-6.819290360435844">
 <ele>164.13999999999999</ele>
 <time>2020-07-25T09:55:57Z</time>
 </trkpt>
 <trkpt lat="61.993458420038223" lon="-6.819411898031831">
 <ele>165.72</ele>
 <time>2020-07-25T09:56:09Z</time>
 </trkpt>
 <trkpt lat="61.993421958759427" lon="-6.819604011252523">
 <ele>167.33000000000001</ele>
 <time>2020-07-25T09:56:29Z</time>
 </trkpt>
 <trkpt lat="61.993356244638562" lon="-6.819776678457856">
 <ele>168.62</ele>
 <time>2020-07-25T09:56:45Z</time>
 </trkpt>
 <trkpt lat="61.993273934349418" lon="-6.819913303479552">
 <ele>170.63999999999999</ele>
 <time>2020-07-25T09:57:02Z</time>
 </trkpt>
 <trkpt lat="61.993197994306684" lon="-6.820077588781714">
 <ele>170.81999999999999</ele>
 <time>2020-07-25T09:57:14Z</time>
 </trkpt>
 <trkpt lat="61.993151055648923" lon="-6.8202596437186">
 <ele>171.99000000000001</ele>
 <time>2020-07-25T09:57:25Z</time>
 </trkpt>
 <trkpt lat="61.993057262152433" lon="-6.820395095273852">
 <ele>173.84999999999999</ele>
 <time>2020-07-25T09:57:40Z</time>
 </trkpt>
 <trkpt lat="61.992988111451268" lon="-6.820578575134277">
 <ele>174.88</ele>
 <time>2020-07-25T09:57:51Z</time>
 </trkpt>
 <trkpt lat="61.992924241349101" lon="-6.820773035287857">
 <ele>177.15000000000001</ele>
 <time>2020-07-25T09:58:06Z</time>
 </trkpt>
 <trkpt lat="61.9928621314466" lon="-6.820907145738602">
 <ele>179.53</ele>
 <time>2020-07-25T09:58:22Z</time>
 </trkpt>
 <trkpt lat="61.992785520851612" lon="-6.820985600352287">
 <ele>180.96000000000001</ele>
 <time>2020-07-25T09:58:56Z</time>
 </trkpt>
 <trkpt lat="61.992722656577826" lon="-6.821151729673147">
 <ele>184.08000000000001</ele>
 <time>2020-07-25T09:59:12Z</time>
 </trkpt>
 <trkpt lat="61.992648979648948" lon="-6.821174947544932">
 <ele>187.44999999999999</ele>
 <time>2020-07-25T09:59:35Z</time>
 </trkpt>
 <trkpt lat="61.992592485621572" lon="-6.821296904236078">
 <ele>190.78999999999999</ele>
 <time>2020-07-25T09:59:58Z</time>
 </trkpt>
 <trkpt lat="61.992530459538102" lon="-6.821442497894168">
 <ele>195.97</ele>
 <time>2020-07-25T10:00:20Z</time>
 </trkpt>
 <trkpt lat="61.992482850328088" lon="-6.821634108200669">
 <ele>197.83000000000001</ele>
 <time>2020-07-25T10:00:38Z</time>
 </trkpt>
 <trkpt lat="61.992390481755137" lon="-6.821705186739564">
 <ele>200.81</ele>
 <time>2020-07-25T10:02:03Z</time>
 </trkpt>
 <trkpt lat="61.99230900965631" lon="-6.821872154250741">
 <ele>203.28</ele>
 <time>2020-07-25T10:02:18Z</time>
 </trkpt>
 <trkpt lat="61.992230303585529" lon="-6.821967624127865">
 <ele>204.68000000000001</ele>
 <time>2020-07-25T10:02:30Z</time>
 </trkpt>
 <trkpt lat="61.992142293602228" lon="-6.822042223066092">
 <ele>206.68000000000001</ele>
 <time>2020-07-25T10:02:40Z</time>
 </trkpt>
 <trkpt lat="61.992049422115088" lon="-6.822098968550563">
 <ele>208.34999999999999</ele>
 <time>2020-07-25T10:02:51Z</time>
 </trkpt>
 <trkpt lat="61.991956047713757" lon="-6.822183877229691">
 <ele>210.28</ele>
 <time>2020-07-25T10:03:06Z</time>
 </trkpt>
 <trkpt lat="61.991884047165513" lon="-6.82229720056057">
 <ele>209.71000000000001</ele>
 <time>2020-07-25T10:03:17Z</time>
 </trkpt>
 <trkpt lat="61.991817159578204" lon="-6.822287226095796">
 <ele>208.34999999999999</ele>
 <time>2020-07-25T10:03:32Z</time>
 </trkpt>
 <trkpt lat="61.991728059947491" lon="-6.822356125339866">
 <ele>209.53999999999999</ele>
 <time>2020-07-25T10:03:44Z</time>
 </trkpt>
 <trkpt lat="61.991648683324456" lon="-6.822411613538861">
 <ele>210.47999999999999</ele>
 <time>2020-07-25T10:03:59Z</time>
 </trkpt>
 <trkpt lat="61.991538209840655" lon="-6.822504065930843">
 <ele>211.44999999999999</ele>
 <time>2020-07-25T10:04:13Z</time>
 </trkpt>
 <trkpt lat="61.991442488506436" lon="-6.822600457817316">
 <ele>213.05000000000001</ele>
 <time>2020-07-25T10:04:23Z</time>
 </trkpt>
 <trkpt lat="61.991343414410949" lon="-6.822709003463388">
 <ele>215.34999999999999</ele>
 <time>2020-07-25T10:04:34Z</time>
 </trkpt>
 <trkpt lat="61.99123939499259" lon="-6.822771532461047">
 <ele>217.41999999999999</ele>
 <time>2020-07-25T10:04:47Z</time>
 </trkpt>
 <trkpt lat="61.991132693365216" lon="-6.8228430300951">
 <ele>219.55000000000001</ele>
 <time>2020-07-25T10:05:00Z</time>
 </trkpt>
 <trkpt lat="61.991022974252701" lon="-6.822932967916131">
 <ele>221.56</ele>
 <time>2020-07-25T10:05:11Z</time>
 </trkpt>
 <trkpt lat="61.990910489112139" lon="-6.823095828294754">
 <ele>222.63999999999999</ele>
 <time>2020-07-25T10:05:23Z</time>
 </trkpt>
 <trkpt lat="61.990823484957218" lon="-6.823196662589908">
 <ele>224.44</ele>
 <time>2020-07-25T10:05:35Z</time>
 </trkpt>
 <trkpt lat="61.990727428346872" lon="-6.823258185759187">
 <ele>227.37</ele>
 <time>2020-07-25T10:05:53Z</time>
 </trkpt>
 <trkpt lat="61.990629360079765" lon="-6.823248127475381">
 <ele>230.66999999999999</ele>
 <time>2020-07-25T10:06:06Z</time>
 </trkpt>
 <trkpt lat="61.990546630695462" lon="-6.823356002569199">
 <ele>229.69999999999999</ele>
 <time>2020-07-25T10:06:15Z</time>
 </trkpt>
 <trkpt lat="61.990455603227019" lon="-6.823457591235638">
 <ele>229.84999999999999</ele>
 <time>2020-07-25T10:06:24Z</time>
 </trkpt>
 <trkpt lat="61.990365833044052" lon="-6.823550630360842">
 <ele>230.55000000000001</ele>
 <time>2020-07-25T10:06:32Z</time>
 </trkpt>
 <trkpt lat="61.990283103659749" lon="-6.82367954403162">
 <ele>231.53</ele>
 <time>2020-07-25T10:06:40Z</time>
 </trkpt>
 <trkpt lat="61.990199536085129" lon="-6.823781384155154">
 <ele>232</ele>
 <time>2020-07-25T10:06:51Z</time>
 </trkpt>
 <trkpt lat="61.990111777558923" lon="-6.823892276734114">
 <ele>231.69</ele>
 <time>2020-07-25T10:07:03Z</time>
 </trkpt>
 <trkpt lat="61.990016978234053" lon="-6.823994116857648">
 <ele>230.84999999999999</ele>
 <time>2020-07-25T10:07:12Z</time>
 </trkpt>
 <trkpt lat="61.989914886653423" lon="-6.82406997308135">
 <ele>231.28999999999999</ele>
 <time>2020-07-25T10:07:20Z</time>
 </trkpt>
 <trkpt lat="61.989800976589322" lon="-6.824097884818912">
 <ele>231.68000000000001</ele>
 <time>2020-07-25T10:07:28Z</time>
 </trkpt>
 <trkpt lat="61.989697879180312" lon="-6.824110206216574">
 <ele>231.22999999999999</ele>
 <time>2020-07-25T10:07:37Z</time>
 </trkpt>
 <trkpt lat="61.989618251100183" lon="-6.824219170957804">
 <ele>231.44</ele>
 <time>2020-07-25T10:07:45Z</time>
 </trkpt>
 <trkpt lat="61.989543819800019" lon="-6.824342049658299">
 <ele>231.40000000000001</ele>
 <time>2020-07-25T10:07:53Z</time>
 </trkpt>
 <trkpt lat="61.989461006596684" lon="-6.824498623609543">
 <ele>230.34999999999999</ele>
 <time>2020-07-25T10:08:00Z</time>
 </trkpt>
 <trkpt lat="61.989353634417057" lon="-6.824600463733077">
 <ele>230.27000000000001</ele>
 <time>2020-07-25T10:08:08Z</time>
 </trkpt>
 <trkpt lat="61.98926042765379" lon="-6.824646145105362">
 <ele>229.52000000000001</ele>
 <time>2020-07-25T10:09:11Z</time>
 </trkpt>
 <trkpt lat="61.989168561995029" lon="-6.824621083214879">
 <ele>227.75999999999999</ele>
 <time>2020-07-25T10:09:19Z</time>
 </trkpt>
 <trkpt lat="61.989076528698206" lon="-6.824575318023562">
 <ele>226.16999999999999</ele>
 <time>2020-07-25T10:09:27Z</time>
 </trkpt>
 <trkpt lat="61.988989105448127" lon="-6.824530977755785">
 <ele>224.87</ele>
 <time>2020-07-25T10:09:35Z</time>
 </trkpt>
 <trkpt lat="61.988895479589701" lon="-6.824485044926405">
 <ele>223.69</ele>
 <time>2020-07-25T10:09:43Z</time>
 </trkpt>
 <trkpt lat="61.988792298361659" lon="-6.82444280013442">
 <ele>222.68000000000001</ele>
 <time>2020-07-25T10:09:51Z</time>
 </trkpt>
 <trkpt lat="61.98869414627552" lon="-6.824396112933755">
 <ele>222.58000000000001</ele>
 <time>2020-07-25T10:09:58Z</time>
 </trkpt>
 <trkpt lat="61.988592222332954" lon="-6.824365351349115">
 <ele>222.88999999999999</ele>
 <time>2020-07-25T10:10:05Z</time>
 </trkpt>
 <trkpt lat="61.988496668636799" lon="-6.824285890907049">
 <ele>224.40000000000001</ele>
 <time>2020-07-25T10:10:13Z</time>
 </trkpt>
 <trkpt lat="61.988403210416436" lon="-6.824213303625584">
 <ele>226.16999999999999</ele>
 <time>2020-07-25T10:10:22Z</time>
 </trkpt>
 <trkpt lat="61.988302124664187" lon="-6.824147589504719">
 <ele>227.06999999999999</ele>
 <time>2020-07-25T10:10:32Z</time>
 </trkpt>
 <trkpt lat="61.988220065832138" lon="-6.824049688875675">
 <ele>229.28</ele>
 <time>2020-07-25T10:10:42Z</time>
 </trkpt>
 <trkpt lat="61.988130547106266" lon="-6.823940724134445">
 <ele>230.13</ele>
 <time>2020-07-25T10:10:52Z</time>
 </trkpt>
 <trkpt lat="61.988057373091578" lon="-6.823836620897055">
 <ele>231.12</ele>
 <time>2020-07-25T10:11:00Z</time>
 </trkpt>
 <trkpt lat="61.987970620393753" lon="-6.823804685845971">
 <ele>231.06999999999999</ele>
 <time>2020-07-25T10:11:09Z</time>
 </trkpt>
 <trkpt lat="61.98787909001112" lon="-6.823768727481365">
 <ele>230.94999999999999</ele>
 <time>2020-07-25T10:11:19Z</time>
 </trkpt>
 <trkpt lat="61.987788062542677" lon="-6.823805021122098">
 <ele>230.78</ele>
 <time>2020-07-25T10:11:31Z</time>
 </trkpt>
 <trkpt lat="61.987697118893266" lon="-6.823729919269681">
 <ele>231.18000000000001</ele>
 <time>2020-07-25T10:11:41Z</time>
 </trkpt>
 <trkpt lat="61.987662501633167" lon="-6.823792615905404">
 <ele>231.34</ele>
 <time>2020-07-25T10:13:54Z</time>
 </trkpt>
 <trkpt lat="61.987585891038179" lon="-6.823753891512752">
 <ele>231.31</ele>
 <time>2020-07-25T10:14:10Z</time>
 </trkpt>
 <trkpt lat="61.987484637647867" lon="-6.823725393041968">
 <ele>231.74000000000001</ele>
 <time>2020-07-25T10:14:18Z</time>
 </trkpt>
 <trkpt lat="61.987383468076587" lon="-6.823695637285709">
 <ele>231.96000000000001</ele>
 <time>2020-07-25T10:14:25Z</time>
 </trkpt>
 <trkpt lat="61.987291602417827" lon="-6.823627073317766">
 <ele>231.88</ele>
 <time>2020-07-25T10:14:31Z</time>
 </trkpt>
 <trkpt lat="61.987217841669917" lon="-6.823535794392228">
 <ele>231.74000000000001</ele>
 <time>2020-07-25T10:14:37Z</time>
 </trkpt>
 <trkpt lat="61.987128406763077" lon="-6.823447197675705">
 <ele>232.05000000000001</ele>
 <time>2020-07-25T10:14:44Z</time>
 </trkpt>
 <trkpt lat="61.987035032361746" lon="-6.82338978163898">
 <ele>232.31999999999999</ele>
 <time>2020-07-25T10:14:51Z</time>
 </trkpt>
 <trkpt lat="61.986942077055573" lon="-6.823388021439314">
 <ele>232.63999999999999</ele>
 <time>2020-07-25T10:14:57Z</time>
 </trkpt>
 <trkpt lat="61.986841158941388" lon="-6.823374191299081">
 <ele>232.75999999999999</ele>
 <time>2020-07-25T10:15:04Z</time>
 </trkpt>
 <trkpt lat="61.986740995198488" lon="-6.823321301490068">
 <ele>232.86000000000001</ele>
 <time>2020-07-25T10:15:11Z</time>
 </trkpt>
 <trkpt lat="61.986651141196489" lon="-6.823229184374213">
 <ele>233.09</ele>
 <time>2020-07-25T10:15:18Z</time>
 </trkpt>
 <trkpt lat="61.986563801765442" lon="-6.823135726153851">
 <ele>233.38999999999999</ele>
 <time>2020-07-25T10:15:26Z</time>
 </trkpt>
 <trkpt lat="61.986476043239236" lon="-6.823086440563202">
 <ele>233.94</ele>
 <time>2020-07-25T10:15:34Z</time>
 </trkpt>
 <trkpt lat="61.986380657181144" lon="-6.823093146085739">
 <ele>234.38</ele>
 <time>2020-07-25T10:15:41Z</time>
 </trkpt>
 <trkpt lat="61.986283678561449" lon="-6.823041597381234">
 <ele>235.13999999999999</ele>
 <time>2020-07-25T10:15:49Z</time>
 </trkpt>
 <trkpt lat="61.986185275018215" lon="-6.82299105450511">
 <ele>235.87</ele>
 <time>2020-07-25T10:15:57Z</time>
 </trkpt>
 <trkpt lat="61.986090894788504" lon="-6.822987198829651">
 <ele>236.53999999999999</ele>
 <time>2020-07-25T10:16:04Z</time>
 </trkpt>
 <trkpt lat="61.985992575064301" lon="-6.822936153039336">
 <ele>236.59999999999999</ele>
 <time>2020-07-25T10:16:12Z</time>
 </trkpt>
 <trkpt lat="61.985884280875325" lon="-6.822914863005281">
 <ele>236.99000000000001</ele>
 <time>2020-07-25T10:16:20Z</time>
 </trkpt>
 <trkpt lat="61.98579266667366" lon="-6.822964902967215">
 <ele>237.22999999999999</ele>
 <time>2020-07-25T10:16:27Z</time>
 </trkpt>
 <trkpt lat="61.98568613268435" lon="-6.822937242686749">
 <ele>238.19999999999999</ele>
 <time>2020-07-25T10:16:37Z</time>
 </trkpt>
 <trkpt lat="61.985582280904055" lon="-6.822871528565884">
 <ele>239.06</ele>
 <time>2020-07-25T10:16:46Z</time>
 </trkpt>
 <trkpt lat="61.985496450215578" lon="-6.822749823331833">
 <ele>239.91999999999999</ele>
 <time>2020-07-25T10:16:55Z</time>
 </trkpt>
 <trkpt lat="61.985404919832945" lon="-6.822685785591602">
 <ele>241.69</ele>
 <time>2020-07-25T10:17:04Z</time>
 </trkpt>
 <trkpt lat="61.985314311459661" lon="-6.822666004300118">
 <ele>243.31999999999999</ele>
 <time>2020-07-25T10:17:13Z</time>
 </trkpt>
 <trkpt lat="61.985220685601234" lon="-6.822666674852371">
 <ele>245.72999999999999</ele>
 <time>2020-07-25T10:17:22Z</time>
 </trkpt>
 <trkpt lat="61.98512420989573" lon="-6.822754852473736">
 <ele>246.88999999999999</ele>
 <time>2020-07-25T10:17:31Z</time>
 </trkpt>
 <trkpt lat="61.985026812180877" lon="-6.822749152779579">
 <ele>246.87</ele>
 <time>2020-07-25T10:17:38Z</time>
 </trkpt>
 <trkpt lat="61.984929414466023" lon="-6.82277119718492">
 <ele>246.13999999999999</ele>
 <time>2020-07-25T10:17:45Z</time>
 </trkpt>
 <trkpt lat="61.984833693131804" lon="-6.822801539674401">
 <ele>245.59</ele>
 <time>2020-07-25T10:17:51Z</time>
 </trkpt>
 <trkpt lat="61.984733948484063" lon="-6.82274772785604">
 <ele>245.09999999999999</ele>
 <time>2020-07-25T10:17:58Z</time>
 </trkpt>
 <trkpt lat="61.984637724235654" lon="-6.822722163051367">
 <ele>245.28</ele>
 <time>2020-07-25T10:18:05Z</time>
 </trkpt>
 <trkpt lat="61.984529765322804" lon="-6.822707243263722">
 <ele>245.13</ele>
 <time>2020-07-25T10:18:12Z</time>
 </trkpt>
 <trkpt lat="61.984431529417634" lon="-6.82271939702332">
 <ele>244.44999999999999</ele>
 <time>2020-07-25T10:18:18Z</time>
 </trkpt>
 <trkpt lat="61.984342765063047" lon="-6.822706237435341">
 <ele>244.41</ele>
 <time>2020-07-25T10:18:24Z</time>
 </trkpt>
 <trkpt lat="61.984248887747526" lon="-6.822691401466727">
 <ele>244.30000000000001</ele>
 <time>2020-07-25T10:18:31Z</time>
 </trkpt>
 <trkpt lat="61.984158530831337" lon="-6.82267933152616">
 <ele>244.58000000000001</ele>
 <time>2020-07-25T10:18:39Z</time>
 </trkpt>
 <trkpt lat="61.984061300754547" lon="-6.822677487507463">
 <ele>244.69999999999999</ele>
 <time>2020-07-25T10:18:47Z</time>
 </trkpt>
 <trkpt lat="61.98396616615355" lon="-6.822718977928162">
 <ele>243.63999999999999</ele>
 <time>2020-07-25T10:18:54Z</time>
 </trkpt>
 <trkpt lat="61.983878323808312" lon="-6.822681678459048">
 <ele>243.40000000000001</ele>
 <time>2020-07-25T10:19:01Z</time>
 </trkpt>
 <trkpt lat="61.983784111216664" lon="-6.822659131139517">
 <ele>243.31</ele>
 <time>2020-07-25T10:19:09Z</time>
 </trkpt>
 <trkpt lat="61.983684115111828" lon="-6.822683857753873">
 <ele>243.37</ele>
 <time>2020-07-25T10:19:16Z</time>
 </trkpt>
 <trkpt lat="61.98358747176826" lon="-6.822740016505122">
 <ele>243.56999999999999</ele>
 <time>2020-07-25T10:19:23Z</time>
 </trkpt>
 <trkpt lat="61.983487391844392" lon="-6.822733897715807">
 <ele>243.59</ele>
 <time>2020-07-25T10:19:30Z</time>
 </trkpt>
 <trkpt lat="61.983395190909505" lon="-6.822716547176242">
 <ele>242.80000000000001</ele>
 <time>2020-07-25T10:19:36Z</time>
 </trkpt>
 <trkpt lat="61.9832918420434" lon="-6.822716379538178">
 <ele>242.94</ele>
 <time>2020-07-25T10:19:43Z</time>
 </trkpt>
 <trkpt lat="61.983193354681134" lon="-6.822728449478746">
 <ele>243.00999999999999</ele>
 <time>2020-07-25T10:19:50Z</time>
 </trkpt>
 <trkpt lat="61.983090089634061" lon="-6.822765748947859">
 <ele>242.66</ele>
 <time>2020-07-25T10:19:57Z</time>
 </trkpt>
 <trkpt lat="61.982985902577639" lon="-6.822813944891095">
 <ele>242.88999999999999</ele>
 <time>2020-07-25T10:20:04Z</time>
 </trkpt>
 <trkpt lat="61.982890767976642" lon="-6.822844874113798">
 <ele>243.27000000000001</ele>
 <time>2020-07-25T10:20:11Z</time>
 </trkpt>
 <trkpt lat="61.982790352776647" lon="-6.82287672534585">
 <ele>244.11000000000001</ele>
 <time>2020-07-25T10:20:18Z</time>
 </trkpt>
 <trkpt lat="61.98269865475595" lon="-6.822909498587251">
 <ele>243.96000000000001</ele>
 <time>2020-07-25T10:20:25Z</time>
 </trkpt>
 <trkpt lat="61.982601173222065" lon="-6.822927435860038">
 <ele>242.81</ele>
 <time>2020-07-25T10:20:32Z</time>
 </trkpt>
 <trkpt lat="61.982503104954958" lon="-6.822891896590591">
 <ele>241.81</ele>
 <time>2020-07-25T10:20:39Z</time>
 </trkpt>
 <trkpt lat="61.98240059427917" lon="-6.822843533009291">
 <ele>242.86000000000001</ele>
 <time>2020-07-25T10:20:46Z</time>
 </trkpt>
 <trkpt lat="61.982298167422414" lon="-6.822837749496102">
 <ele>243.28</ele>
 <time>2020-07-25T10:20:53Z</time>
 </trkpt>
 <trkpt lat="61.982194064185023" lon="-6.822800533846021">
 <ele>243.18000000000001</ele>
 <time>2020-07-25T10:21:00Z</time>
 </trkpt>
 <trkpt lat="61.982099935412407" lon="-6.822779830545187">
 <ele>243.30000000000001</ele>
 <time>2020-07-25T10:21:07Z</time>
 </trkpt>
 <trkpt lat="61.981996335089207" lon="-6.822795839980245">
 <ele>243.31999999999999</ele>
 <time>2020-07-25T10:21:14Z</time>
 </trkpt>
 <trkpt lat="61.981903715059161" lon="-6.822759043425322">
 <ele>241.83000000000001</ele>
 <time>2020-07-25T10:21:20Z</time>
 </trkpt>
 <trkpt lat="61.981805898249149" lon="-6.822706907987595">
 <ele>240.06999999999999</ele>
 <time>2020-07-25T10:21:27Z</time>
 </trkpt>
 <trkpt lat="61.981710763648152" lon="-6.822623340412974">
 <ele>239.52000000000001</ele>
 <time>2020-07-25T10:21:34Z</time>
 </trkpt>
 <trkpt lat="61.98162954300642" lon="-6.822549914941192">
 <ele>240.11000000000001</ele>
 <time>2020-07-25T10:21:43Z</time>
 </trkpt>
 <trkpt lat="61.981531893834472" lon="-6.822494929656386">
 <ele>239.00999999999999</ele>
 <time>2020-07-25T10:21:52Z</time>
 </trkpt>
 <trkpt lat="61.98143457993865" lon="-6.822462659329176">
 <ele>238.90000000000001</ele>
 <time>2020-07-25T10:21:59Z</time>
 </trkpt>
 <trkpt lat="61.981341959908605" lon="-6.82241446338594">
 <ele>239.00999999999999</ele>
 <time>2020-07-25T10:22:07Z</time>
 </trkpt>
 <trkpt lat="61.981245316565037" lon="-6.822336930781603">
 <ele>238.97</ele>
 <time>2020-07-25T10:22:16Z</time>
 </trkpt>
 <trkpt lat="61.981149762868881" lon="-6.822295775637031">
 <ele>239</ele>
 <time>2020-07-25T10:22:23Z</time>
 </trkpt>
 <trkpt lat="61.981055634096265" lon="-6.822224110364914">
 <ele>238.78999999999999</ele>
 <time>2020-07-25T10:22:30Z</time>
 </trkpt>
 <trkpt lat="61.980955805629492" lon="-6.822142889723182">
 <ele>238.16999999999999</ele>
 <time>2020-07-25T10:22:38Z</time>
 </trkpt>
 <trkpt lat="61.980854971334338" lon="-6.822099052369595">
 <ele>238.69999999999999</ele>
 <time>2020-07-25T10:22:47Z</time>
 </trkpt>
 <trkpt lat="61.980762016028166" lon="-6.822063596919179">
 <ele>238.83000000000001</ele>
 <time>2020-07-25T10:22:54Z</time>
 </trkpt>
 <trkpt lat="61.980658415704966" lon="-6.822010204195976">
 <ele>238.59999999999999</ele>
 <time>2020-07-25T10:23:02Z</time>
 </trkpt>
 <trkpt lat="61.980560263618827" lon="-6.821981454268098">
 <ele>238.5</ele>
 <time>2020-07-25T10:23:11Z</time>
 </trkpt>
 <trkpt lat="61.980463704094291" lon="-6.821975167840719">
 <ele>238.94</ele>
 <time>2020-07-25T10:23:20Z</time>
 </trkpt>
 <trkpt lat="61.980364713817835" lon="-6.822032164782286">
 <ele>238.43000000000001</ele>
 <time>2020-07-25T10:23:28Z</time>
 </trkpt>
 <trkpt lat="61.98026773519814" lon="-6.82204314507544">
 <ele>237.94</ele>
 <time>2020-07-25T10:23:35Z</time>
 </trkpt>
 <trkpt lat="61.980169583112001" lon="-6.822075750678778">
 <ele>237.00999999999999</ele>
 <time>2020-07-25T10:23:43Z</time>
 </trkpt>
 <trkpt lat="61.980069587007165" lon="-6.822111122310162">
 <ele>237.00999999999999</ele>
 <time>2020-07-25T10:23:51Z</time>
 </trkpt>
 <trkpt lat="61.979965567588806" lon="-6.822147751227021">
 <ele>237.22999999999999</ele>
 <time>2020-07-25T10:24:00Z</time>
 </trkpt>
 <trkpt lat="61.979869343340397" lon="-6.822191840037704">
 <ele>237.99000000000001</ele>
 <time>2020-07-25T10:24:07Z</time>
 </trkpt>
 <trkpt lat="61.979772532358766" lon="-6.822218662127852">
 <ele>238.69999999999999</ele>
 <time>2020-07-25T10:24:14Z</time>
 </trkpt>
 <trkpt lat="61.979687036946416" lon="-6.822281442582607">
 <ele>237.34999999999999</ele>
 <time>2020-07-25T10:24:23Z</time>
 </trkpt>
 <trkpt lat="61.979579497128725" lon="-6.822350090369582">
 <ele>238.19</ele>
 <time>2020-07-25T10:24:32Z</time>
 </trkpt>
 <trkpt lat="61.979480255395174" lon="-6.822343468666077">
 <ele>238.22</ele>
 <time>2020-07-25T10:24:39Z</time>
 </trkpt>
 <trkpt lat="61.979384534060955" lon="-6.822361992672086">
 <ele>237.97999999999999</ele>
 <time>2020-07-25T10:24:47Z</time>
 </trkpt>
 <trkpt lat="61.979298535734415" lon="-6.822443129494786">
 <ele>236.31999999999999</ele>
 <time>2020-07-25T10:24:59Z</time>
 </trkpt>
 <trkpt lat="61.97925629094243" lon="-6.822626693174243">
 <ele>237.38</ele>
 <time>2020-07-25T10:25:11Z</time>
 </trkpt>
 <trkpt lat="61.979171466082335" lon="-6.822721911594272">
 <ele>239.05000000000001</ele>
 <time>2020-07-25T10:25:23Z</time>
 </trkpt>
 <trkpt lat="61.979074403643608" lon="-6.822746470570564">
 <ele>239.69999999999999</ele>
 <time>2020-07-25T10:25:32Z</time>
 </trkpt>
 <trkpt lat="61.978967199102044" lon="-6.822767676785588">
 <ele>239.83000000000001</ele>
 <time>2020-07-25T10:25:41Z</time>
 </trkpt>
 <trkpt lat="61.978872735053301" lon="-6.822762563824654">
 <ele>240.38</ele>
 <time>2020-07-25T10:25:49Z</time>
 </trkpt>
 <trkpt lat="61.978769889101386" lon="-6.822751751169562">
 <ele>239.88</ele>
 <time>2020-07-25T10:25:57Z</time>
 </trkpt>
 <trkpt lat="61.978670647367835" lon="-6.822795001789928">
 <ele>240.40000000000001</ele>
 <time>2020-07-25T10:26:05Z</time>
 </trkpt>
 <trkpt lat="61.978570399805903" lon="-6.822829619050026">
 <ele>239.16999999999999</ele>
 <time>2020-07-25T10:26:13Z</time>
 </trkpt>
 <trkpt lat="61.978478701785207" lon="-6.822849316522479">
 <ele>240.78999999999999</ele>
 <time>2020-07-25T10:26:20Z</time>
 </trkpt>
 <trkpt lat="61.978392954915762" lon="-6.822943780571222">
 <ele>241.03</ele>
 <time>2020-07-25T10:26:27Z</time>
 </trkpt>
 <trkpt lat="61.978303100913763" lon="-6.823010332882404">
 <ele>240.69999999999999</ele>
 <time>2020-07-25T10:26:34Z</time>
 </trkpt>
 <trkpt lat="61.978207966312766" lon="-6.823056265711784">
 <ele>240.16</ele>
 <time>2020-07-25T10:26:41Z</time>
 </trkpt>
 <trkpt lat="61.97811190970242" lon="-6.82312541641295">
 <ele>240.55000000000001</ele>
 <time>2020-07-25T10:26:48Z</time>
 </trkpt>
 <trkpt lat="61.978012081235647" lon="-6.823159111663699">
 <ele>240.25</ele>
 <time>2020-07-25T10:26:56Z</time>
 </trkpt>
 <trkpt lat="61.977923987433314" lon="-6.82323144748807">
 <ele>240.44999999999999</ele>
 <time>2020-07-25T10:27:03Z</time>
 </trkpt>
 <trkpt lat="61.977820051833987" lon="-6.823266064748168">
 <ele>241.34999999999999</ele>
 <time>2020-07-25T10:27:10Z</time>
 </trkpt>
 <trkpt lat="61.977718379348516" lon="-6.82330914773047">
 <ele>240.37</ele>
 <time>2020-07-25T10:27:17Z</time>
 </trkpt>
 <trkpt lat="61.977612767368555" lon="-6.82331308722496">
 <ele>240.22</ele>
 <time>2020-07-25T10:27:24Z</time>
 </trkpt>
 <trkpt lat="61.977510927245021" lon="-6.823269752785564">
 <ele>241.62</ele>
 <time>2020-07-25T10:27:32Z</time>
 </trkpt>
 <trkpt lat="61.97741218842566" lon="-6.823300682008266">
 <ele>241.94999999999999</ele>
 <time>2020-07-25T10:27:39Z</time>
 </trkpt>
 <trkpt lat="61.977317724376917" lon="-6.823282744735479">
 <ele>241.84999999999999</ele>
 <time>2020-07-25T10:27:46Z</time>
 </trkpt>
 <trkpt lat="61.977217895910144" lon="-6.823248881846666">
 <ele>243.47999999999999</ele>
 <time>2020-07-25T10:27:54Z</time>
 </trkpt>
 <trkpt lat="61.977119576185942" lon="-6.82322951965034">
 <ele>242.91999999999999</ele>
 <time>2020-07-25T10:28:01Z</time>
 </trkpt>
 <trkpt lat="61.977025363594294" lon="-6.823164811357856">
 <ele>242</ele>
 <time>2020-07-25T10:28:09Z</time>
 </trkpt>
 <trkpt lat="61.976930145174265" lon="-6.823073364794254">
 <ele>240.40000000000001</ele>
 <time>2020-07-25T10:28:17Z</time>
 </trkpt>
 <trkpt lat="61.976830065250397" lon="-6.823045201599598">
 <ele>239.90000000000001</ele>
 <time>2020-07-25T10:28:24Z</time>
 </trkpt>
 <trkpt lat="61.976730152964592" lon="-6.823016535490751">
 <ele>239.15000000000001</ele>
 <time>2020-07-25T10:28:31Z</time>
 </trkpt>
 <trkpt lat="61.976626720279455" lon="-6.822995329275727">
 <ele>241.25999999999999</ele>
 <time>2020-07-25T10:28:38Z</time>
 </trkpt>
 <trkpt lat="61.976529154926538" lon="-6.822937577962875">
 <ele>240.66999999999999</ele>
 <time>2020-07-25T10:28:45Z</time>
 </trkpt>
 <trkpt lat="61.9764344394207" lon="-6.822870606556535">
 <ele>239.81</ele>
 <time>2020-07-25T10:28:53Z</time>
 </trkpt>
 <trkpt lat="61.976350620388985" lon="-6.822781004011631">
 <ele>240.09999999999999</ele>
 <time>2020-07-25T10:29:00Z</time>
 </trkpt>
 <trkpt lat="61.976247103884816" lon="-6.822714870795608">
 <ele>239.72</ele>
 <time>2020-07-25T10:29:08Z</time>
 </trkpt>
 <trkpt lat="61.976160854101181" lon="-6.822648905217648">
 <ele>239.81999999999999</ele>
 <time>2020-07-25T10:29:15Z</time>
 </trkpt>
 <trkpt lat="61.976065132766962" lon="-6.822633063420653">
 <ele>240.65000000000001</ele>
 <time>2020-07-25T10:29:22Z</time>
 </trkpt>
 <trkpt lat="61.975978882983327" lon="-6.822580089792609">
 <ele>239.97</ele>
 <time>2020-07-25T10:29:29Z</time>
 </trkpt>
 <trkpt lat="61.975904116407037" lon="-6.822471711784601">
 <ele>239.41</ele>
 <time>2020-07-25T10:29:36Z</time>
 </trkpt>
 <trkpt lat="61.975840581580997" lon="-6.822339193895459">
 <ele>238.19999999999999</ele>
 <time>2020-07-25T10:29:43Z</time>
 </trkpt>
 <trkpt lat="61.97576061822474" lon="-6.822233079001308">
 <ele>237.50999999999999</ele>
 <time>2020-07-25T10:29:50Z</time>
 </trkpt>
 <trkpt lat="61.975677218288183" lon="-6.822137776762247">
 <ele>238.00999999999999</ele>
 <time>2020-07-25T10:29:57Z</time>
 </trkpt>
 <trkpt lat="61.975602870807052" lon="-6.822027890011668">
 <ele>237.53999999999999</ele>
 <time>2020-07-25T10:30:04Z</time>
 </trkpt>
 <trkpt lat="61.975526176393032" lon="-6.82190970517695">
 <ele>237.03</ele>
 <time>2020-07-25T10:30:11Z</time>
 </trkpt>
 <trkpt lat="61.975430706515908" lon="-6.821837117895484">
 <ele>236.86000000000001</ele>
 <time>2020-07-25T10:30:19Z</time>
 </trkpt>
 <trkpt lat="61.975348312407732" lon="-6.821719268336892">
 <ele>239.62</ele>
 <time>2020-07-25T10:30:26Z</time>
 </trkpt>
 <trkpt lat="61.975251333788037" lon="-6.82165615260601">
 <ele>237.31999999999999</ele>
 <time>2020-07-25T10:30:33Z</time>
 </trkpt>
 <trkpt lat="61.975166006013751" lon="-6.821546852588654">
 <ele>237.47</ele>
 <time>2020-07-25T10:30:40Z</time>
 </trkpt>
 <trkpt lat="61.975076319649816" lon="-6.821446185931563">
 <ele>236.74000000000001</ele>
 <time>2020-07-25T10:30:47Z</time>
 </trkpt>
 <trkpt lat="61.974988393485546" lon="-6.821359181776643">
 <ele>237.86000000000001</ele>
 <time>2020-07-25T10:30:54Z</time>
 </trkpt>
 <trkpt lat="61.974902395159006" lon="-6.82124326005578">
 <ele>235.13</ele>
 <time>2020-07-25T10:31:02Z</time>
 </trkpt>
 <trkpt lat="61.974814804270864" lon="-6.821126919239759">
 <ele>233.66999999999999</ele>
 <time>2020-07-25T10:31:09Z</time>
 </trkpt>
 <trkpt lat="61.974727967754006" lon="-6.821008566766977">
 <ele>232.13999999999999</ele>
 <time>2020-07-25T10:31:17Z</time>
 </trkpt>
 <trkpt lat="61.974636185914278" lon="-6.820835648104549">
 <ele>235.62</ele>
 <time>2020-07-25T10:31:25Z</time>
 </trkpt>
 <trkpt lat="61.974536860361695" lon="-6.820708410814405">
 <ele>233.27000000000001</ele>
 <time>2020-07-25T10:31:33Z</time>
 </trkpt>
 <trkpt lat="61.974441558122635" lon="-6.820620819926262">
 <ele>235.93000000000001</ele>
 <time>2020-07-25T10:31:41Z</time>
 </trkpt>
 <trkpt lat="61.974345669150352" lon="-6.82056650519371">
 <ele>232.91</ele>
 <time>2020-07-25T10:31:49Z</time>
 </trkpt>
 <trkpt lat="61.974254809319973" lon="-6.820523254573345">
 <ele>232.65000000000001</ele>
 <time>2020-07-25T10:31:57Z</time>
 </trkpt>
 <trkpt lat="61.974156238138676" lon="-6.820437842980027">
 <ele>232.88</ele>
 <time>2020-07-25T10:32:05Z</time>
 </trkpt>
 <trkpt lat="61.974062947556376" lon="-6.82035100646317">
 <ele>230.37</ele>
 <time>2020-07-25T10:32:13Z</time>
 </trkpt>
 <trkpt lat="61.973972925916314" lon="-6.820271797478199">
 <ele>230.77000000000001</ele>
 <time>2020-07-25T10:32:20Z</time>
 </trkpt>
 <trkpt lat="61.973877791315317" lon="-6.820195522159338">
 <ele>229.88</ele>
 <time>2020-07-25T10:32:27Z</time>
 </trkpt>
 <trkpt lat="61.973775029182434" lon="-6.820196276530623">
 <ele>230.31</ele>
 <time>2020-07-25T10:32:34Z</time>
 </trkpt>
 <trkpt lat="61.973681570962071" lon="-6.820167861878872">
 <ele>231.09</ele>
 <time>2020-07-25T10:32:41Z</time>
 </trkpt>
 <trkpt lat="61.973576126620173" lon="-6.820153528824449">
 <ele>229.66</ele>
 <time>2020-07-25T10:32:49Z</time>
 </trkpt>
 <trkpt lat="61.973484847694635" lon="-6.820073733106256">
 <ele>229.71000000000001</ele>
 <time>2020-07-25T10:33:12Z</time>
 </trkpt>
 <trkpt lat="61.973380828276277" lon="-6.820032242685556">
 <ele>230.22</ele>
 <time>2020-07-25T10:34:12Z</time>
 </trkpt>
 <trkpt lat="61.973293321207166" lon="-6.819975413382053">
 <ele>230.31</ele>
 <time>2020-07-25T10:34:20Z</time>
 </trkpt>
 <trkpt lat="61.973215704783797" lon="-6.819879356771708">
 <ele>232.55000000000001</ele>
 <time>2020-07-25T10:34:27Z</time>
 </trkpt>
 <trkpt lat="61.973142782226205" lon="-6.81976268067956">
 <ele>232.94999999999999</ele>
 <time>2020-07-25T10:34:34Z</time>
 </trkpt>
 <trkpt lat="61.973062567412853" lon="-6.819669557735324">
 <ele>234.38</ele>
 <time>2020-07-25T10:34:41Z</time>
 </trkpt>
 <trkpt lat="61.972969025373459" lon="-6.819575596600771">
 <ele>233.22999999999999</ele>
 <time>2020-07-25T10:34:49Z</time>
 </trkpt>
 <trkpt lat="61.972877159714699" lon="-6.819470822811127">
 <ele>233.63</ele>
 <time>2020-07-25T10:34:56Z</time>
 </trkpt>
 <trkpt lat="61.972787389531732" lon="-6.819368898868561">
 <ele>233.08000000000001</ele>
 <time>2020-07-25T10:35:03Z</time>
 </trkpt>
 <trkpt lat="61.9727096054703" lon="-6.819248786196113">
 <ele>230.97999999999999</ele>
 <time>2020-07-25T10:35:09Z</time>
 </trkpt>
 <trkpt lat="61.972627965733409" lon="-6.819130349904299">
 <ele>230.97999999999999</ele>
 <time>2020-07-25T10:35:15Z</time>
 </trkpt>
 <trkpt lat="61.972540207207203" lon="-6.819025659933686">
 <ele>230.97999999999999</ele>
 <time>2020-07-25T10:35:24Z</time>
 </trkpt>
 <trkpt lat="61.972446329891682" lon="-6.818942595273256">
 <ele>231.41</ele>
 <time>2020-07-25T10:35:31Z</time>
 </trkpt>
 <trkpt lat="61.972357900813222" lon="-6.818834217265248">
 <ele>231.50999999999999</ele>
 <time>2020-07-25T10:35:40Z</time>
 </trkpt>
 <trkpt lat="61.972285900264978" lon="-6.818692311644554">
 <ele>229.47999999999999</ele>
 <time>2020-07-25T10:35:47Z</time>
 </trkpt>
 <trkpt lat="61.972198644652963" lon="-6.818589298054576">
 <ele>229.72999999999999</ele>
 <time>2020-07-25T10:35:54Z</time>
 </trkpt>
 <trkpt lat="61.972101666033268" lon="-6.818464323878288">
 <ele>228.77000000000001</ele>
 <time>2020-07-25T10:36:02Z</time>
 </trkpt>
 <trkpt lat="61.972019607201219" lon="-6.818331889808178">
 <ele>228.5</ele>
 <time>2020-07-25T10:36:09Z</time>
 </trkpt>
 <trkpt lat="61.971949702128768" lon="-6.818161150440574">
 <ele>226.49000000000001</ele>
 <time>2020-07-25T10:36:17Z</time>
 </trkpt>
 <trkpt lat="61.971864374354482" lon="-6.818030728027225">
 <ele>228.24000000000001</ele>
 <time>2020-07-25T10:36:25Z</time>
 </trkpt>
 <trkpt lat="61.97176412679255" lon="-6.817945651710033">
 <ele>227.78</ele>
 <time>2020-07-25T10:36:33Z</time>
 </trkpt>
 <trkpt lat="61.97166689671576" lon="-6.817857306450605">
 <ele>227.59</ele>
 <time>2020-07-25T10:36:41Z</time>
 </trkpt>
 <trkpt lat="61.971577042713761" lon="-6.817762590944767">
 <ele>226.47999999999999</ele>
 <time>2020-07-25T10:36:49Z</time>
 </trkpt>
 <trkpt lat="61.971470508724451" lon="-6.817719843238592">
 <ele>224.78</ele>
 <time>2020-07-25T10:36:59Z</time>
 </trkpt>
 <trkpt lat="61.971370009705424" lon="-6.817685896530747">
 <ele>224.97</ele>
 <time>2020-07-25T10:37:07Z</time>
 </trkpt>
 <trkpt lat="61.971272276714444" lon="-6.817664187401533">
 <ele>224.12</ele>
 <time>2020-07-25T10:37:14Z</time>
 </trkpt>
 <trkpt lat="61.971189128234982" lon="-6.817593863233924">
 <ele>223.59</ele>
 <time>2020-07-25T10:37:21Z</time>
 </trkpt>
 <trkpt lat="61.97110204026103" lon="-6.817491855472326">
 <ele>224.94999999999999</ele>
 <time>2020-07-25T10:37:29Z</time>
 </trkpt>
 <trkpt lat="61.971004558727145" lon="-6.817424800246954">
 <ele>224.77000000000001</ele>
 <time>2020-07-25T10:37:37Z</time>
 </trkpt>
 <trkpt lat="61.970929624512792" lon="-6.817299742251635">
 <ele>226.25</ele>
 <time>2020-07-25T10:37:45Z</time>
 </trkpt>
 <trkpt lat="61.970828119665384" lon="-6.817206870764494">
 <ele>226.06</ele>
 <time>2020-07-25T10:37:53Z</time>
 </trkpt>
 <trkpt lat="61.970728039741516" lon="-6.817149538546801">
 <ele>227.06999999999999</ele>
 <time>2020-07-25T10:38:00Z</time>
 </trkpt>
 <trkpt lat="61.970642544329166" lon="-6.817058511078358">
 <ele>227.44</ele>
 <time>2020-07-25T10:38:08Z</time>
 </trkpt>
 <trkpt lat="61.970555456355214" lon="-6.816969746723771">
 <ele>224.63999999999999</ele>
 <time>2020-07-25T10:38:15Z</time>
 </trkpt>
 <trkpt lat="61.970485048368573" lon="-6.816825661808252">
 <ele>226.43000000000001</ele>
 <time>2020-07-25T10:38:22Z</time>
 </trkpt>
 <trkpt lat="61.970408773049712" lon="-6.816674871370196">
 <ele>223.03</ele>
 <time>2020-07-25T10:38:29Z</time>
 </trkpt>
 <trkpt lat="61.970327217131853" lon="-6.816553920507431">
 <ele>222.43000000000001</ele>
 <time>2020-07-25T10:38:38Z</time>
 </trkpt>
 <trkpt lat="61.970225879922509" lon="-6.81649960577488">
 <ele>225.27000000000001</ele>
 <time>2020-07-25T10:38:46Z</time>
 </trkpt>
 <trkpt lat="61.970137618482113" lon="-6.81644881144166">
 <ele>224.34</ele>
 <time>2020-07-25T10:38:53Z</time>
 </trkpt>
 <trkpt lat="61.970042064785957" lon="-6.816369602456689">
 <ele>225.84999999999999</ele>
 <time>2020-07-25T10:39:01Z</time>
 </trkpt>
 <trkpt lat="61.969947684556246" lon="-6.816282346844673">
 <ele>224.50999999999999</ele>
 <time>2020-07-25T10:39:08Z</time>
 </trkpt>
 <trkpt lat="61.969847856089473" lon="-6.816238341853023">
 <ele>223.53999999999999</ele>
 <time>2020-07-25T10:39:15Z</time>
 </trkpt>
 <trkpt lat="61.969739645719528" lon="-6.816237084567547">
 <ele>224.09</ele>
 <time>2020-07-25T10:39:23Z</time>
 </trkpt>
 <trkpt lat="61.969636045396328" lon="-6.816208669915795">
 <ele>223.99000000000001</ele>
 <time>2020-07-25T10:39:33Z</time>
 </trkpt>
 <trkpt lat="61.969532025977969" lon="-6.816186709329486">
 <ele>223.13</ele>
 <time>2020-07-25T10:39:40Z</time>
 </trkpt>
 <trkpt lat="61.969437897205353" lon="-6.816122923046351">
 <ele>222.55000000000001</ele>
 <time>2020-07-25T10:39:47Z</time>
 </trkpt>
 <trkpt lat="61.969341589137912" lon="-6.816105404868722">
 <ele>223.5</ele>
 <time>2020-07-25T10:39:54Z</time>
 </trkpt>
 <trkpt lat="61.969241928309202" lon="-6.816035499796271">
 <ele>223.78999999999999</ele>
 <time>2020-07-25T10:40:02Z</time>
 </trkpt>
 <trkpt lat="61.969140926375985" lon="-6.815986130386591">
 <ele>223.69</ele>
 <time>2020-07-25T10:40:09Z</time>
 </trkpt>
 <trkpt lat="61.969039924442768" lon="-6.815948747098446">
 <ele>223.36000000000001</ele>
 <time>2020-07-25T10:40:16Z</time>
 </trkpt>
 <trkpt lat="61.968943364918232" lon="-6.815936509519815">
 <ele>222.38</ele>
 <time>2020-07-25T10:40:23Z</time>
 </trkpt>
 <trkpt lat="61.968849319964647" lon="-6.815874734893441">
 <ele>222.25</ele>
 <time>2020-07-25T10:40:30Z</time>
 </trkpt>
 <trkpt lat="61.968758124858141" lon="-6.815838860347867">
 <ele>221.75</ele>
 <time>2020-07-25T10:40:37Z</time>
 </trkpt>
 <trkpt lat="61.968674473464489" lon="-6.815730733796954">
 <ele>222.78999999999999</ele>
 <time>2020-07-25T10:40:45Z</time>
 </trkpt>
 <trkpt lat="61.968599371612072" lon="-6.815603161230683">
 <ele>220.22</ele>
 <time>2020-07-25T10:40:53Z</time>
 </trkpt>
 <trkpt lat="61.968524353578687" lon="-6.815458154305816">
 <ele>218.28</ele>
 <time>2020-07-25T10:41:00Z</time>
 </trkpt>
 <trkpt lat="61.968445982784033" lon="-6.815302837640047">
 <ele>218.88</ele>
 <time>2020-07-25T10:41:07Z</time>
 </trkpt>
 <trkpt lat="61.968366522341967" lon="-6.815164620056748">
 <ele>218.21000000000001</ele>
 <time>2020-07-25T10:41:14Z</time>
 </trkpt>
 <trkpt lat="61.968292342498899" lon="-6.815021876245737">
 <ele>217.72</ele>
 <time>2020-07-25T10:41:22Z</time>
 </trkpt>
 <trkpt lat="61.968211960047483" lon="-6.814921796321869">
 <ele>216.06</ele>
 <time>2020-07-25T10:41:38Z</time>
 </trkpt>
 <trkpt lat="61.968132080510259" lon="-6.814790368080139">
 <ele>215.44</ele>
 <time>2020-07-25T10:41:47Z</time>
 </trkpt>
 <trkpt lat="61.968043819069862" lon="-6.814681738615036">
 <ele>214.86000000000001</ele>
 <time>2020-07-25T10:42:01Z</time>
 </trkpt>
 <trkpt lat="61.967946505174041" lon="-6.814582496881485">
 <ele>211.94</ele>
 <time>2020-07-25T10:42:36Z</time>
 </trkpt>
 <trkpt lat="61.967873331159353" lon="-6.814456265419722">
 <ele>211.75999999999999</ele>
 <time>2020-07-25T10:42:46Z</time>
 </trkpt>
 <trkpt lat="61.967787835747004" lon="-6.814354592934251">
 <ele>212.96000000000001</ele>
 <time>2020-07-25T10:42:59Z</time>
 </trkpt>
 <trkpt lat="61.967705776914954" lon="-6.814235234633088">
 <ele>210.53</ele>
 <time>2020-07-25T10:43:10Z</time>
 </trkpt>
 <trkpt lat="61.96762983687222" lon="-6.814116546884179">
 <ele>211.15000000000001</ele>
 <time>2020-07-25T10:43:17Z</time>
 </trkpt>
 <trkpt lat="61.967559512704611" lon="-6.814000625163317">
 <ele>209.46000000000001</ele>
 <time>2020-07-25T10:43:24Z</time>
 </trkpt>
 <trkpt lat="61.967484327033162" lon="-6.8138771597296">
 <ele>210.03</ele>
 <time>2020-07-25T10:43:32Z</time>
 </trkpt>
 <trkpt lat="61.967401681467891" lon="-6.813753861933947">
 <ele>208.80000000000001</ele>
 <time>2020-07-25T10:43:40Z</time>
 </trkpt>
 <trkpt lat="61.967310067266226" lon="-6.813599802553654">
 <ele>206.93000000000001</ele>
 <time>2020-07-25T10:44:08Z</time>
 </trkpt>
 <trkpt lat="61.967240162193775" lon="-6.813482120633125">
 <ele>206.52000000000001</ele>
 <time>2020-07-25T10:44:23Z</time>
 </trkpt>
 <trkpt lat="61.967207053676248" lon="-6.813466865569353">
 <ele>203.63</ele>
 <time>2020-07-25T10:45:22Z</time>
 </trkpt>
 <trkpt lat="61.967128096148372" lon="-6.813340215012431">
 <ele>203.47999999999999</ele>
 <time>2020-07-25T10:45:45Z</time>
 </trkpt>
 <trkpt lat="61.967050060629845" lon="-6.813199147582054">
 <ele>203.78</ele>
 <time>2020-07-25T10:45:53Z</time>
 </trkpt>
 <trkpt lat="61.967000188305974" lon="-6.813036287203431">
 <ele>202.19999999999999</ele>
 <time>2020-07-25T10:45:59Z</time>
 </trkpt>
 <trkpt lat="61.96692667901516" lon="-6.812919778749347">
 <ele>203.09</ele>
 <time>2020-07-25T10:46:07Z</time>
 </trkpt>
 <trkpt lat="61.966840513050556" lon="-6.812823722139001">
 <ele>200.91</ele>
 <time>2020-07-25T10:46:19Z</time>
 </trkpt>
 <trkpt lat="61.966744204983115" lon="-6.812776615843177">
 <ele>200.46000000000001</ele>
 <time>2020-07-25T10:46:30Z</time>
 </trkpt>
 <trkpt lat="61.966648064553738" lon="-6.81271375156939">
 <ele>199.66999999999999</ele>
 <time>2020-07-25T10:46:38Z</time>
 </trkpt>
 <trkpt lat="61.966551085934043" lon="-6.812654240056872">
 <ele>198.69999999999999</ele>
 <time>2020-07-25T10:46:47Z</time>
 </trkpt>
 <trkpt lat="61.966464081779122" lon="-6.812568744644523">
 <ele>197.43000000000001</ele>
 <time>2020-07-25T10:46:54Z</time>
 </trkpt>
 <trkpt lat="61.966377412900329" lon="-6.812485428526998">
 <ele>196.53</ele>
 <time>2020-07-25T10:47:01Z</time>
 </trkpt>
 <trkpt lat="61.966279512271285" lon="-6.812429772689939">
 <ele>196.53</ele>
 <time>2020-07-25T10:47:09Z</time>
 </trkpt>
 <trkpt lat="61.966171888634562" lon="-6.812345366925001">
 <ele>195.44999999999999</ele>
 <time>2020-07-25T10:47:41Z</time>
 </trkpt>
 <trkpt lat="61.966086812317371" lon="-6.812269007787108">
 <ele>194.19</ele>
 <time>2020-07-25T10:47:49Z</time>
 </trkpt>
 <trkpt lat="61.966018918901682" lon="-6.81213179603219">
 <ele>192.69</ele>
 <time>2020-07-25T10:47:57Z</time>
 </trkpt>
 <trkpt lat="61.965954210609198" lon="-6.811996260657907">
 <ele>192.31999999999999</ele>
 <time>2020-07-25T10:48:06Z</time>
 </trkpt>
 <trkpt lat="61.965857651084661" lon="-6.811904897913337">
 <ele>192.40000000000001</ele>
 <time>2020-07-25T10:48:15Z</time>
 </trkpt>
 <trkpt lat="61.965760756283998" lon="-6.811832059174776">
 <ele>191.96000000000001</ele>
 <time>2020-07-25T10:48:23Z</time>
 </trkpt>
 <trkpt lat="61.96566067636013" lon="-6.811788389459252">
 <ele>191.00999999999999</ele>
 <time>2020-07-25T10:48:31Z</time>
 </trkpt>
 <trkpt lat="61.965564284473658" lon="-6.81173843331635">
 <ele>190.40000000000001</ele>
 <time>2020-07-25T10:48:40Z</time>
 </trkpt>
 <trkpt lat="61.965468227863312" lon="-6.811676993966103">
 <ele>190.00999999999999</ele>
 <time>2020-07-25T10:48:48Z</time>
 </trkpt>
 <trkpt lat="61.965377116575837" lon="-6.811598036438227">
 <ele>189.71000000000001</ele>
 <time>2020-07-25T10:49:02Z</time>
 </trkpt>
 <trkpt lat="61.965274941176176" lon="-6.811537770554423">
 <ele>189.59</ele>
 <time>2020-07-25T10:49:10Z</time>
 </trkpt>
 <trkpt lat="61.965183913707733" lon="-6.811483204364777">
 <ele>189.19</ele>
 <time>2020-07-25T10:49:20Z</time>
 </trkpt>
 <trkpt lat="61.965090287849307" lon="-6.811427967622876">
 <ele>186.94</ele>
 <time>2020-07-25T10:49:30Z</time>
 </trkpt>
 <trkpt lat="61.964996745809913" lon="-6.811335096135736">
 <ele>185.13</ele>
 <time>2020-07-25T10:49:39Z</time>
 </trkpt>
 <trkpt lat="61.964895324781537" lon="-6.811327049508691">
 <ele>185.63</ele>
 <time>2020-07-25T10:49:47Z</time>
 </trkpt>
 <trkpt lat="61.964796837419271" lon="-6.811348842456937">
 <ele>185.90000000000001</ele>
 <time>2020-07-25T10:49:55Z</time>
 </trkpt>
 <trkpt lat="61.964702541008592" lon="-6.811321433633566">
 <ele>185.52000000000001</ele>
 <time>2020-07-25T10:50:09Z</time>
 </trkpt>
 <trkpt lat="61.96460472419858" lon="-6.811270220205188">
 <ele>185.94</ele>
 <time>2020-07-25T10:50:17Z</time>
 </trkpt>
 <trkpt lat="61.964503303170204" lon="-6.811207691207528">
 <ele>184.86000000000001</ele>
 <time>2020-07-25T10:50:25Z</time>
 </trkpt>
 <trkpt lat="61.9644068274647" lon="-6.811149185523391">
 <ele>184.5</ele>
 <time>2020-07-25T10:50:40Z</time>
 </trkpt>
 <trkpt lat="61.964308004826307" lon="-6.811117921024561">
 <ele>184.44</ele>
 <time>2020-07-25T10:50:49Z</time>
 </trkpt>
 <trkpt lat="61.96418596431613" lon="-6.811125380918384">
 <ele>183.40000000000001</ele>
 <time>2020-07-25T10:53:35Z</time>
 </trkpt>
 <trkpt lat="61.964092254638672" lon="-6.811092607676983">
 <ele>182.28999999999999</ele>
 <time>2020-07-25T10:53:44Z</time>
 </trkpt>
 <trkpt lat="61.964000556617975" lon="-6.811056984588504">
 <ele>181.34999999999999</ele>
 <time>2020-07-25T10:53:51Z</time>
 </trkpt>
 <trkpt lat="61.963921599090099" lon="-6.810979368165135">
 <ele>180.09</ele>
 <time>2020-07-25T10:53:59Z</time>
 </trkpt>
 <trkpt lat="61.963845659047365" lon="-6.810858333483338">
 <ele>178.59</ele>
 <time>2020-07-25T10:54:09Z</time>
 </trkpt>
 <trkpt lat="61.963758654892445" lon="-6.810754230245948">
 <ele>178.06</ele>
 <time>2020-07-25T10:54:20Z</time>
 </trkpt>
 <trkpt lat="61.963679865002632" lon="-6.810637721791863">
 <ele>177.63</ele>
 <time>2020-07-25T10:54:28Z</time>
 </trkpt>
 <trkpt lat="61.963597722351551" lon="-6.810491541400552">
 <ele>175.97999999999999</ele>
 <time>2020-07-25T10:54:36Z</time>
 </trkpt>
 <trkpt lat="61.963491104543209" lon="-6.810413589701057">
 <ele>177.30000000000001</ele>
 <time>2020-07-25T10:54:47Z</time>
 </trkpt>
 <trkpt lat="61.963393958285451" lon="-6.81035072542727">
 <ele>176</ele>
 <time>2020-07-25T10:54:57Z</time>
 </trkpt>
 <trkpt lat="61.963293543085456" lon="-6.810253327712417">
 <ele>175.18000000000001</ele>
 <time>2020-07-25T10:55:11Z</time>
 </trkpt>
 <trkpt lat="61.963201006874442" lon="-6.810214854776859">
 <ele>174.33000000000001</ele>
 <time>2020-07-25T10:55:21Z</time>
 </trkpt>
 <trkpt lat="61.963115595281124" lon="-6.810134723782539">
 <ele>173.44999999999999</ele>
 <time>2020-07-25T10:55:32Z</time>
 </trkpt>
 <trkpt lat="61.963019706308842" lon="-6.810061717405915">
 <ele>170.53</ele>
 <time>2020-07-25T10:55:43Z</time>
 </trkpt>
 <trkpt lat="61.962937647476792" lon="-6.809962056577206">
 <ele>168.96000000000001</ele>
 <time>2020-07-25T10:55:52Z</time>
 </trkpt>
 <trkpt lat="61.962855588644743" lon="-6.809867676347494">
 <ele>169.34999999999999</ele>
 <time>2020-07-25T10:56:02Z</time>
 </trkpt>
 <trkpt lat="61.962777301669121" lon="-6.809760723263025">
 <ele>167.94</ele>
 <time>2020-07-25T10:56:09Z</time>
 </trkpt>
 <trkpt lat="61.962693901732564" lon="-6.809653686359525">
 <ele>167.13999999999999</ele>
 <time>2020-07-25T10:56:19Z</time>
 </trkpt>
 <trkpt lat="61.962613184005022" lon="-6.809557378292084">
 <ele>165.69</ele>
 <time>2020-07-25T10:56:28Z</time>
 </trkpt>
 <trkpt lat="61.962548056617379" lon="-6.809434499591589">
 <ele>165.03999999999999</ele>
 <time>2020-07-25T10:56:37Z</time>
 </trkpt>
 <trkpt lat="61.962471948936582" lon="-6.809326959773898">
 <ele>163.69999999999999</ele>
 <time>2020-07-25T10:56:44Z</time>
 </trkpt>
 <trkpt lat="61.962377484887838" lon="-6.809240374714136">
 <ele>164.63</ele>
 <time>2020-07-25T10:56:56Z</time>
 </trkpt>
 <trkpt lat="61.96229450404644" lon="-6.809139708057046">
 <ele>163.66</ele>
 <time>2020-07-25T10:57:03Z</time>
 </trkpt>
 <trkpt lat="61.962206913158298" lon="-6.80904557928443">
 <ele>164.96000000000001</ele>
 <time>2020-07-25T10:57:10Z</time>
 </trkpt>
 <trkpt lat="61.96213030256331" lon="-6.808926220983267">
 <ele>161.93000000000001</ele>
 <time>2020-07-25T10:57:18Z</time>
 </trkpt>
 <trkpt lat="61.962051931768656" lon="-6.808814154937863">
 <ele>161.62</ele>
 <time>2020-07-25T10:57:27Z</time>
 </trkpt>
 <trkpt lat="61.961966268718243" lon="-6.808687169104815">
 <ele>162.53</ele>
 <time>2020-07-25T10:57:35Z</time>
 </trkpt>
 <trkpt lat="61.961873564869165" lon="-6.808568984270096">
 <ele>162</ele>
 <time>2020-07-25T10:57:43Z</time>
 </trkpt>
 <trkpt lat="61.961790416389704" lon="-6.808426240459085">
 <ele>161.25</ele>
 <time>2020-07-25T10:57:50Z</time>
 </trkpt>
 <trkpt lat="61.961704837158322" lon="-6.80835516192019">
 <ele>159.97</ele>
 <time>2020-07-25T10:58:01Z</time>
 </trkpt>
 <trkpt lat="61.96162361651659" lon="-6.808231025934219">
 <ele>158.37</ele>
 <time>2020-07-25T10:58:12Z</time>
 </trkpt>
 <trkpt lat="61.961531918495893" lon="-6.80816556327045">
 <ele>159.11000000000001</ele>
 <time>2020-07-25T10:58:24Z</time>
 </trkpt>
 <trkpt lat="61.96142915636301" lon="-6.808105716481805">
 <ele>158.31</ele>
 <time>2020-07-25T10:58:35Z</time>
 </trkpt>
 <trkpt lat="61.961337374523282" lon="-6.808028938248754">
 <ele>157.06999999999999</ele>
 <time>2020-07-25T10:58:47Z</time>
 </trkpt>
 <trkpt lat="61.96125271730125" lon="-6.807928439229727">
 <ele>155.00999999999999</ele>
 <time>2020-07-25T10:58:58Z</time>
 </trkpt>
 <trkpt lat="61.961171915754676" lon="-6.807798855006695">
 <ele>154.87</ele>
 <time>2020-07-25T10:59:12Z</time>
 </trkpt>
 <trkpt lat="61.961082983762026" lon="-6.807708581909537">
 <ele>152.93000000000001</ele>
 <time>2020-07-25T10:59:23Z</time>
 </trkpt>
 <trkpt lat="61.960991201922297" lon="-6.807646136730909">
 <ele>150.38</ele>
 <time>2020-07-25T10:59:39Z</time>
 </trkpt>
 <trkpt lat="61.960890451446176" lon="-6.807561060413718">
 <ele>148.66</ele>
 <time>2020-07-25T10:59:54Z</time>
 </trkpt>
 <trkpt lat="61.960794646292925" lon="-6.807506829500198">
 <ele>145.81</ele>
 <time>2020-07-25T11:00:11Z</time>
 </trkpt>
 <trkpt lat="61.960690375417471" lon="-6.807490903884172">
 <ele>145.50999999999999</ele>
 <time>2020-07-25T11:00:23Z</time>
 </trkpt>
 <trkpt lat="61.960599683225155" lon="-6.807394009083509">
 <ele>144.12</ele>
 <time>2020-07-25T11:00:34Z</time>
 </trkpt>
 <trkpt lat="61.960512427613139" lon="-6.807296611368656">
 <ele>143.38</ele>
 <time>2020-07-25T11:00:45Z</time>
 </trkpt>
 <trkpt lat="61.960418131202459" lon="-6.807240871712565">
 <ele>141.61000000000001</ele>
 <time>2020-07-25T11:00:56Z</time>
 </trkpt>
 <trkpt lat="61.960333976894617" lon="-6.807162668555975">
 <ele>139.61000000000001</ele>
 <time>2020-07-25T11:01:33Z</time>
 </trkpt>
 <trkpt lat="61.960274046286941" lon="-6.80713945068419">
 <ele>143.09999999999999</ele>
 <time>2020-07-25T11:02:17Z</time>
 </trkpt>
 <trkpt lat="61.960197938606143" lon="-6.807085471227765">
 <ele>139.56</ele>
 <time>2020-07-25T11:02:34Z</time>
 </trkpt>
 <trkpt lat="61.960107246413827" lon="-6.807003663852811">
 <ele>137.63999999999999</ele>
 <time>2020-07-25T11:02:49Z</time>
 </trkpt>
 <trkpt lat="61.959998700767756" lon="-6.80697918869555">
 <ele>136.09</ele>
 <time>2020-07-25T11:03:04Z</time>
 </trkpt>
 <trkpt lat="61.959896944463253" lon="-6.806924873962998">
 <ele>133.69999999999999</ele>
 <time>2020-07-25T11:03:21Z</time>
 </trkpt>
 <trkpt lat="61.959804659709334" lon="-6.80691909044981">
 <ele>131.81</ele>
 <time>2020-07-25T11:03:36Z</time>
 </trkpt>
 <trkpt lat="61.959712123498321" lon="-6.806875336915255">
 <ele>131.00999999999999</ele>
 <time>2020-07-25T11:03:54Z</time>
 </trkpt>
 <trkpt lat="61.959616737440228" lon="-6.80683066137135">
 <ele>127.73</ele>
 <time>2020-07-25T11:04:14Z</time>
 </trkpt>
 <trkpt lat="61.959565356373787" lon="-6.806816663593054">
 <ele>123.64</ele>
 <time>2020-07-25T11:04:38Z</time>
 </trkpt>
 <trkpt lat="61.959476675838232" lon="-6.806803923100233">
 <ele>123.11</ele>
 <time>2020-07-25T11:04:50Z</time>
 </trkpt>
 <trkpt lat="61.959386905655265" lon="-6.806756062433124">
 <ele>121.28</ele>
 <time>2020-07-25T11:05:02Z</time>
 </trkpt>
 <trkpt lat="61.959302499890327" lon="-6.806686660274863">
 <ele>118.11</ele>
 <time>2020-07-25T11:05:22Z</time>
 </trkpt>
 <trkpt lat="61.959208622574806" lon="-6.806581048294902">
 <ele>116.39</ele>
 <time>2020-07-25T11:05:40Z</time>
 </trkpt>
 <trkpt lat="61.959123043343425" lon="-6.806480716913939">
 <ele>116.3</ele>
 <time>2020-07-25T11:05:50Z</time>
 </trkpt>
 <trkpt lat="61.959035787731409" lon="-6.806381810456514">
 <ele>114.31</ele>
 <time>2020-07-25T11:06:01Z</time>
 </trkpt>
 <trkpt lat="61.95894593372941" lon="-6.806294219568372">
 <ele>111.31</ele>
 <time>2020-07-25T11:06:15Z</time>
 </trkpt>
 <trkpt lat="61.958855744451284" lon="-6.806208807975054">
 <ele>109.04000000000001</ele>
 <time>2020-07-25T11:06:27Z</time>
 </trkpt>
 <trkpt lat="61.958784246817231" lon="-6.806067489087582">
 <ele>105.65000000000001</ele>
 <time>2020-07-25T11:06:48Z</time>
 </trkpt>
 <trkpt lat="61.958729429170489" lon="-6.805921224877238">
 <ele>104.27</ele>
 <time>2020-07-25T11:07:42Z</time>
 </trkpt>
 <trkpt lat="61.958648543804884" lon="-6.805920219048858">
 <ele>104.63</ele>
 <time>2020-07-25T11:10:02Z</time>
 </trkpt>
 <trkpt lat="61.958589786663651" lon="-6.805774876847863">
 <ele>101.89</ele>
 <time>2020-07-25T11:10:18Z</time>
 </trkpt>
 <trkpt lat="61.958533627912402" lon="-6.805615453049541">
 <ele>100.56999999999999</ele>
 <time>2020-07-25T11:10:26Z</time>
 </trkpt>
 <trkpt lat="61.95846606977284" lon="-6.805468434467912">
 <ele>101.08</ele>
 <time>2020-07-25T11:10:36Z</time>
 </trkpt>
 <trkpt lat="61.958379149436951" lon="-6.805376401171088">
 <ele>98.719999999999999</ele>
 <time>2020-07-25T11:10:47Z</time>
 </trkpt>
 <trkpt lat="61.958296252414584" lon="-6.805278165265918">
 <ele>95.609999999999999</ele>
 <time>2020-07-25T11:10:58Z</time>
 </trkpt>
 <trkpt lat="61.958219138905406" lon="-6.805167775601149">
 <ele>93.239999999999995</ele>
 <time>2020-07-25T11:11:06Z</time>
 </trkpt>
 <trkpt lat="61.958140097558498" lon="-6.80504908785224">
 <ele>92.620000000000005</ele>
 <time>2020-07-25T11:11:16Z</time>
 </trkpt>
 <trkpt lat="61.958054350689054" lon="-6.804937021806836">
 <ele>89.980000000000004</ele>
 <time>2020-07-25T11:11:26Z</time>
 </trkpt>
 <trkpt lat="61.957986373454332" lon="-6.804809449240565">
 <ele>86.090000000000003</ele>
 <time>2020-07-25T11:11:37Z</time>
 </trkpt>
 <trkpt lat="61.957957120612264" lon="-6.804945236071944">
 <ele>82.540000000000006</ele>
 <time>2020-07-25T11:11:53Z</time>
 </trkpt>
 <trkpt lat="61.957955276593566" lon="-6.805145731195808">
 <ele>80.25</ele>
 <time>2020-07-25T11:12:06Z</time>
 </trkpt>
 <trkpt lat="61.957866009324789" lon="-6.805094350129366">
 <ele>77.549999999999997</ele>
 <time>2020-07-25T11:12:18Z</time>
 </trkpt>
 <trkpt lat="61.957783615216613" lon="-6.804990749806166">
 <ele>75.480000000000004</ele>
 <time>2020-07-25T11:12:32Z</time>
 </trkpt>
 <trkpt lat="61.957741370424628" lon="-6.805127542465925">
 <ele>70.780000000000001</ele>
 <time>2020-07-25T11:12:49Z</time>
 </trkpt>
 <trkpt lat="61.957680517807603" lon="-6.805191077291966">
 <ele>69.010000000000005</ele>
 <time>2020-07-25T11:13:08Z</time>
 </trkpt>
 <trkpt lat="61.957601476460695" lon="-6.805136930197477">
 <ele>65.310000000000002</ele>
 <time>2020-07-25T11:13:38Z</time>
 </trkpt>
 <trkpt lat="61.957535427063704" lon="-6.805111449211836">
 <ele>63.390000000000001</ele>
 <time>2020-07-25T11:14:05Z</time>
 </trkpt>
 <trkpt lat="61.957479352131486" lon="-6.804925035685301">
 <ele>62</ele>
 <time>2020-07-25T11:15:03Z</time>
 </trkpt>
 <trkpt lat="61.957422522827983" lon="-6.804762091487646">
 <ele>60.75</ele>
 <time>2020-07-25T11:15:10Z</time>
 </trkpt>
 <trkpt lat="61.957364855334163" lon="-6.804574755951762">
 <ele>55.659999999999997</ele>
 <time>2020-07-25T11:15:17Z</time>
 </trkpt>
 <trkpt lat="61.957330908626318" lon="-6.804374931380153">
 <ele>58.909999999999997</ele>
 <time>2020-07-25T11:15:24Z</time>
 </trkpt>
 <trkpt lat="61.957276929169893" lon="-6.804180219769478">
 <ele>57.990000000000002</ele>
 <time>2020-07-25T11:15:31Z</time>
 </trkpt>
 <trkpt lat="61.957237785682082" lon="-6.803996404632926">
 <ele>59.210000000000001</ele>
 <time>2020-07-25T11:15:38Z</time>
 </trkpt>
 <trkpt lat="61.957168215885758" lon="-6.803837483748794">
 <ele>59.200000000000003</ele>
 <time>2020-07-25T11:15:47Z</time>
 </trkpt>
 <trkpt lat="61.957071991637349" lon="-6.803717957809568">
 <ele>57.270000000000003</ele>
 <time>2020-07-25T11:15:57Z</time>
 </trkpt>
 <trkpt lat="61.956978114321828" lon="-6.803605472669005">
 <ele>57.75</ele>
 <time>2020-07-25T11:16:06Z</time>
 </trkpt>
 <trkpt lat="61.956895804032683" lon="-6.803516959771514">
 <ele>56.689999999999998</ele>
 <time>2020-07-25T11:16:24Z</time>
 </trkpt>
 <trkpt lat="61.956817097961903" lon="-6.803377903997898">
 <ele>55.950000000000003</ele>
 <time>2020-07-25T11:16:31Z</time>
 </trkpt>
 <trkpt lat="61.956739900633693" lon="-6.803232058882713">
 <ele>52.710000000000001</ele>
 <time>2020-07-25T11:16:38Z</time>
 </trkpt>
 <trkpt lat="61.956675024703145" lon="-6.803098702803254">
 <ele>53.32</ele>
 <time>2020-07-25T11:16:44Z</time>
 </trkpt>
 <trkpt lat="61.956590199843049" lon="-6.802976075559855">
 <ele>53.5</ele>
 <time>2020-07-25T11:16:51Z</time>
 </trkpt>
 <trkpt lat="61.956507470458746" lon="-6.802843306213617">
 <ele>52.479999999999997</ele>
 <time>2020-07-25T11:16:58Z</time>
 </trkpt>
 <trkpt lat="61.956434212625027" lon="-6.802702490240336">
 <ele>50.670000000000002</ele>
 <time>2020-07-25T11:17:05Z</time>
 </trkpt>
 <trkpt lat="61.95638014934957" lon="-6.802530828863382">
 <ele>50.439999999999998</ele>
 <time>2020-07-25T11:17:12Z</time>
 </trkpt>
 <trkpt lat="61.956312842667103" lon="-6.802367633208633">
 <ele>49.670000000000002</ele>
 <time>2020-07-25T11:17:20Z</time>
 </trkpt>
 <trkpt lat="61.956252660602331" lon="-6.802215501666069">
 <ele>48.899999999999999</ele>
 <time>2020-07-25T11:17:27Z</time>
 </trkpt>
 <trkpt lat="61.956185605376959" lon="-6.80208801291883">
 <ele>49.869999999999997</ele>
 <time>2020-07-25T11:17:34Z</time>
 </trkpt>
 <trkpt lat="61.956104720011353" lon="-6.801966559141874">
 <ele>49.340000000000003</ele>
 <time>2020-07-25T11:17:42Z</time>
 </trkpt>
 <trkpt lat="61.956024840474129" lon="-6.801828676834703">
 <ele>46.409999999999997</ele>
 <time>2020-07-25T11:17:49Z</time>
 </trkpt>
 <trkpt lat="61.95596189238131" lon="-6.80166045203805">
 <ele>46.219999999999999</ele>
 <time>2020-07-25T11:17:57Z</time>
 </trkpt>
 <trkpt lat="61.955909337848425" lon="-6.801489796489477">
 <ele>46.219999999999999</ele>
 <time>2020-07-25T11:18:04Z</time>
 </trkpt>
 <trkpt lat="61.955864913761616" lon="-6.801316123455763">
 <ele>45.670000000000002</ele>
 <time>2020-07-25T11:18:10Z</time>
 </trkpt>
 <trkpt lat="61.955816969275475" lon="-6.80112786591053">
 <ele>43.740000000000002</ele>
 <time>2020-07-25T11:18:17Z</time>
 </trkpt>
 <trkpt lat="61.955734323710203" lon="-6.800987720489502">
 <ele>42.359999999999999</ele>
 <time>2020-07-25T11:18:25Z</time>
 </trkpt>
 <trkpt lat="61.955624101683497" lon="-6.801215624436736">
 <ele>41.07</ele>
 <time>2020-07-25T11:21:20Z</time>
 </trkpt>
 <trkpt lat="61.955601554363966" lon="-6.801414610818029">
 <ele>39.57</ele>
 <time>2020-07-25T11:21:27Z</time>
 </trkpt>
 <trkpt lat="61.955541037023067" lon="-6.801580907776952">
 <ele>37.420000000000002</ele>
 <time>2020-07-25T11:21:34Z</time>
 </trkpt>
 <trkpt lat="61.955470880493522" lon="-6.801723735406995">
 <ele>36.32</ele>
 <time>2020-07-25T11:21:40Z</time>
 </trkpt>
 <trkpt lat="61.955394186079502" lon="-6.801851307973266">
 <ele>35.420000000000002</ele>
 <time>2020-07-25T11:21:47Z</time>
 </trkpt>
 <trkpt lat="61.955328304320574" lon="-6.801881985738874">
 <ele>34.909999999999997</ele>
 <time>2020-07-25T11:21:58Z</time>
 </trkpt>
 <trkpt lat="61.955275582149625" lon="-6.801723735406995">
 <ele>32.68</ele>
 <time>2020-07-25T11:22:04Z</time>
 </trkpt>
 <trkpt lat="61.955207185819745" lon="-6.801571436226368">
 <ele>33.060000000000002</ele>
 <time>2020-07-25T11:22:11Z</time>
 </trkpt>
 <trkpt lat="61.9551404658705" lon="-6.801419472321868">
 <ele>32.170000000000002</ele>
 <time>2020-07-25T11:22:17Z</time>
 </trkpt>
 <trkpt lat="61.955085899680853" lon="-6.80125686340034">
 <ele>31.640000000000001</ele>
 <time>2020-07-25T11:22:23Z</time>
 </trkpt>
 <trkpt lat="61.955036362633109" lon="-6.80107363499701">
 <ele>30.98</ele>
 <time>2020-07-25T11:22:29Z</time>
 </trkpt>
 <trkpt lat="61.954982969909906" lon="-6.800914043560624">
 <ele>30.5</ele>
 <time>2020-07-25T11:22:35Z</time>
 </trkpt>
 <trkpt lat="61.9549176748842" lon="-6.800740286707878">
 <ele>28.300000000000001</ele>
 <time>2020-07-25T11:22:42Z</time>
 </trkpt>
 <trkpt lat="61.954866964370012" lon="-6.800571139901876">
 <ele>30.27</ele>
 <time>2020-07-25T11:22:48Z</time>
 </trkpt>
 <trkpt lat="61.954819690436125" lon="-6.800383049994707">
 <ele>28.949999999999999</ele>
 <time>2020-07-25T11:22:54Z</time>
 </trkpt>
 <trkpt lat="61.95478281006217" lon="-6.800189344212413">
 <ele>27.84</ele>
 <time>2020-07-25T11:23:00Z</time>
 </trkpt>
 <trkpt lat="61.954744420945644" lon="-6.799987759441137">
 <ele>28</ele>
 <time>2020-07-25T11:23:07Z</time>
 </trkpt>
 <trkpt lat="61.954722627997398" lon="-6.799780307337642">
 <ele>28.48</ele>
 <time>2020-07-25T11:23:13Z</time>
 </trkpt>
 <trkpt lat="61.954704187810421" lon="-6.799577884376049">
 <ele>26.469999999999999</ele>
 <time>2020-07-25T11:23:19Z</time>
 </trkpt>
 <trkpt lat="61.954669067636132" lon="-6.799343945458531">
 <ele>24.440000000000001</ele>
 <time>2020-07-25T11:23:26Z</time>
 </trkpt>
 <trkpt lat="61.954627074301243" lon="-6.799144539982081">
 <ele>24.469999999999999</ele>
 <time>2020-07-25T11:23:32Z</time>
 </trkpt>
 <trkpt lat="61.954579632729292" lon="-6.798968520015478">
 <ele>23.100000000000001</ele>
 <time>2020-07-25T11:23:38Z</time>
 </trkpt>
 <trkpt lat="61.954523725435138" lon="-6.798793338239193">
 <ele>21.579999999999998</ele>
 <time>2020-07-25T11:23:44Z</time>
 </trkpt>
 <trkpt lat="61.954467734321952" lon="-6.798620838671923">
 <ele>22.050000000000001</ele>
 <time>2020-07-25T11:23:50Z</time>
 </trkpt>
 <trkpt lat="61.954422891139984" lon="-6.79845311678946">
 <ele>21.449999999999999</ele>
 <time>2020-07-25T11:23:56Z</time>
 </trkpt>
 <trkpt lat="61.954368827864528" lon="-6.798294950276613">
 <ele>20.280000000000001</ele>
 <time>2020-07-25T11:24:02Z</time>
 </trkpt>
 <trkpt lat="61.954302359372377" lon="-6.798140304163098">
 <ele>19.390000000000001</ele>
 <time>2020-07-25T11:24:08Z</time>
 </trkpt>
 <trkpt lat="61.954217366874218" lon="-6.798049192875624">
 <ele>19.309999999999999</ele>
 <time>2020-07-25T11:24:16Z</time>
 </trkpt>
 <trkpt lat="61.954165231436491" lon="-6.797857498750091">
 <ele>17.920000000000002</ele>
 <time>2020-07-25T11:24:27Z</time>
 </trkpt>
 <trkpt lat="61.954114437103271" lon="-6.797686088830233">
 <ele>17.75</ele>
 <time>2020-07-25T11:24:33Z</time>
 </trkpt>
 <trkpt lat="61.954072443768382" lon="-6.797509817406535">
 <ele>17.030000000000001</ele>
 <time>2020-07-25T11:24:39Z</time>
 </trkpt>
 <trkpt lat="61.95401762612164" lon="-6.797343185171485">
 <ele>16.52</ele>
 <time>2020-07-25T11:24:45Z</time>
 </trkpt>
 <trkpt lat="61.953957695513964" lon="-6.797195663675666">
 <ele>15.76</ele>
 <time>2020-07-25T11:24:51Z</time>
 </trkpt>
 <trkpt lat="61.953878905624151" lon="-6.7970712762326">
 <ele>13.17</ele>
 <time>2020-07-25T11:24:57Z</time>
 </trkpt>
 <trkpt lat="61.953795505687594" lon="-6.796952839940786">
 <ele>12.619999999999999</ele>
 <time>2020-07-25T11:25:03Z</time>
 </trkpt>
 <trkpt lat="61.953717637807131" lon="-6.796820741146803">
 <ele>12.42</ele>
 <time>2020-07-25T11:25:09Z</time>
 </trkpt>
 <trkpt lat="61.953649912029505" lon="-6.796681936830282">
 <ele>9.699999999999999</ele>
 <time>2020-07-25T11:25:15Z</time>
 </trkpt>
 <trkpt lat="61.953582186251879" lon="-6.796542964875698">
 <ele>8.859999999999999</ele>
 <time>2020-07-25T11:25:22Z</time>
 </trkpt>
 <trkpt lat="61.953498115763068" lon="-6.796451937407255">
 <ele>10</ele>
 <time>2020-07-25T11:25:28Z</time>
 </trkpt>
 <trkpt lat="61.953412955626845" lon="-6.796326627954841">
 <ele>8.470000000000001</ele>
 <time>2020-07-25T11:25:34Z</time>
 </trkpt>
 <trkpt lat="61.953339613974094" lon="-6.796189332380891">
 <ele>3.39</ele>
 <time>2020-07-25T11:25:40Z</time>
 </trkpt>
 <trkpt lat="61.953252274543047" lon="-6.796052036806941">
 <ele>7.59</ele>
 <time>2020-07-25T11:25:47Z</time>
 </trkpt>
 <trkpt lat="61.95316786877811" lon="-6.795938545837998">
 <ele>3.74</ele>
 <time>2020-07-25T11:25:53Z</time>
 </trkpt>
 <trkpt lat="61.95309117436409" lon="-6.795830419287086">
 <ele>4.38</ele>
 <time>2020-07-25T11:25:59Z</time>
 </trkpt>
 <trkpt lat="61.953018000349402" lon="-6.795701840892434">
 <ele>1.97</ele>
 <time>2020-07-25T11:26:05Z</time>
 </trkpt>
 <trkpt lat="61.952928062528372" lon="-6.795577201992273">
 <ele>2.12</ele>
 <time>2020-07-25T11:26:12Z</time>
 </trkpt>
 <trkpt lat="61.952834017574787" lon="-6.795483157038689">
 <ele>1.13</ele>
 <time>2020-07-25T11:26:18Z</time>
 </trkpt>
 <trkpt lat="61.952748103067279" lon="-6.795369917526841">
 <ele>1.61</ele>
 <time>2020-07-25T11:26:24Z</time>
 </trkpt>
 <trkpt lat="61.952662775292993" lon="-6.795253241434693">
 <ele>0.19</ele>
 <time>2020-07-25T11:26:30Z</time>
 </trkpt>
 <trkpt lat="61.952577196061611" lon="-6.795125333592296">
 <ele>0.81</ele>
 <time>2020-07-25T11:26:37Z</time>
 </trkpt>
 <trkpt lat="61.952499747276306" lon="-6.795011255890131">
 <ele>-0.09</ele>
 <time>2020-07-25T11:26:43Z</time>
 </trkpt>
 <trkpt lat="61.952424058690667" lon="-6.794880582019687">
 <ele>-1.81</ele>
 <time>2020-07-25T11:26:49Z</time>
 </trkpt>
 <trkpt lat="61.952336886897683" lon="-6.794743621721864">
 <ele>-3.33</ele>
 <time>2020-07-25T11:26:56Z</time>
 </trkpt>
 <trkpt lat="61.952252816408873" lon="-6.794589310884476">
 <ele>-1.61</ele>
 <time>2020-07-25T11:27:03Z</time>
 </trkpt>
 <trkpt lat="61.952188443392515" lon="-6.794435000047088">
 <ele>-2.12</ele>
 <time>2020-07-25T11:27:10Z</time>
 </trkpt>
 <trkpt lat="61.952117783948779" lon="-6.794286221265793">
 <ele>-3.29</ele>
 <time>2020-07-25T11:27:17Z</time>
 </trkpt>
 <trkpt lat="61.952029019594193" lon="-6.794205000624061">
 <ele>0.31</ele>
 <time>2020-07-25T11:27:23Z</time>
 </trkpt>
 <trkpt lat="61.951965065672994" lon="-6.794135849922895">
 <ele>-0.16</ele>
 <time>2020-07-25T11:27:44Z</time>
 </trkpt>
 <trkpt lat="61.951964562758803" lon="-6.79409503005445">
 <ele>-0.47</ele>
 <time>2020-07-25T11:28:33Z</time>
 </trkpt>
 <trkpt lat="61.951964562758803" lon="-6.79409503005445">
 <ele>-0.47</ele>
 <time>2020-07-25T11:28:33Z</time>
 </trkpt>
 <trkpt lat="61.951965065672994" lon="-6.794135849922895">
 <ele>-0.16</ele>
 <time>2020-07-25T11:27:44Z</time>
 </trkpt>
 <trkpt lat="61.952029019594193" lon="-6.794205000624061">
 <ele>0.31</ele>
 <time>2020-07-25T11:27:23Z</time>
 </trkpt>
 <trkpt lat="61.952117783948779" lon="-6.794286221265793">
 <ele>-3.29</ele>
 <time>2020-07-25T11:27:17Z</time>
 </trkpt>
 <trkpt lat="61.952188443392515" lon="-6.794435000047088">
 <ele>-2.12</ele>
 <time>2020-07-25T11:27:10Z</time>
 </trkpt>
 <trkpt lat="61.952252816408873" lon="-6.794589310884476">
 <ele>-1.61</ele>
 <time>2020-07-25T11:27:03Z</time>
 </trkpt>
 <trkpt lat="61.952336886897683" lon="-6.794743621721864">
 <ele>-3.33</ele>
 <time>2020-07-25T11:26:56Z</time>
 </trkpt>
 <trkpt lat="61.952424058690667" lon="-6.794880582019687">
 <ele>-1.81</ele>
 <time>2020-07-25T11:26:49Z</time>
 </trkpt>
 <trkpt lat="61.952499747276306" lon="-6.795011255890131">
 <ele>-0.09</ele>
 <time>2020-07-25T11:26:43Z</time>
 </trkpt>
 <trkpt lat="61.952577196061611" lon="-6.795125333592296">
 <ele>0.81</ele>
 <time>2020-07-25T11:26:37Z</time>
 </trkpt>
 <trkpt lat="61.952662775292993" lon="-6.795253241434693">
 <ele>0.19</ele>
 <time>2020-07-25T11:26:30Z</time>
 </trkpt>
 <trkpt lat="61.952748103067279" lon="-6.795369917526841">
 <ele>1.61</ele>
 <time>2020-07-25T11:26:24Z</time>
 </trkpt>
 <trkpt lat="61.952834017574787" lon="-6.795483157038689">
 <ele>1.13</ele>
 <time>2020-07-25T11:26:18Z</time>
 </trkpt>
 <trkpt lat="61.952928062528372" lon="-6.795577201992273">
 <ele>2.12</ele>
 <time>2020-07-25T11:26:12Z</time>
 </trkpt>
 <trkpt lat="61.953018000349402" lon="-6.795701840892434">
 <ele>1.97</ele>
 <time>2020-07-25T11:26:05Z</time>
 </trkpt>
 <trkpt lat="61.95309117436409" lon="-6.795830419287086">
 <ele>4.38</ele>
 <time>2020-07-25T11:25:59Z</time>
 </trkpt>
 <trkpt lat="61.95316786877811" lon="-6.795938545837998">
 <ele>3.74</ele>
 <time>2020-07-25T11:25:53Z</time>
 </trkpt>
 <trkpt lat="61.953252274543047" lon="-6.796052036806941">
 <ele>7.59</ele>
 <time>2020-07-25T11:25:47Z</time>
 </trkpt>
 <trkpt lat="61.953339613974094" lon="-6.796189332380891">
 <ele>3.39</ele>
 <time>2020-07-25T11:25:40Z</time>
 </trkpt>
 <trkpt lat="61.953412955626845" lon="-6.796326627954841">
 <ele>8.470000000000001</ele>
 <time>2020-07-25T11:25:34Z</time>
 </trkpt>
 <trkpt lat="61.953498115763068" lon="-6.796451937407255">
 <ele>10</ele>
 <time>2020-07-25T11:25:28Z</time>
 </trkpt>
 <trkpt lat="61.953582186251879" lon="-6.796542964875698">
 <ele>8.859999999999999</ele>
 <time>2020-07-25T11:25:22Z</time>
 </trkpt>
 <trkpt lat="61.953649912029505" lon="-6.796681936830282">
 <ele>9.699999999999999</ele>
 <time>2020-07-25T11:25:15Z</time>
 </trkpt>
 <trkpt lat="61.953717637807131" lon="-6.796820741146803">
 <ele>12.42</ele>
 <time>2020-07-25T11:25:09Z</time>
 </trkpt>
 <trkpt lat="61.953795505687594" lon="-6.796952839940786">
 <ele>12.619999999999999</ele>
 <time>2020-07-25T11:25:03Z</time>
 </trkpt>
 <trkpt lat="61.953878905624151" lon="-6.7970712762326">
 <ele>13.17</ele>
 <time>2020-07-25T11:24:57Z</time>
 </trkpt>
 <trkpt lat="61.953957695513964" lon="-6.797195663675666">
 <ele>15.76</ele>
 <time>2020-07-25T11:24:51Z</time>
 </trkpt>
 <trkpt lat="61.95401762612164" lon="-6.797343185171485">
 <ele>16.52</ele>
 <time>2020-07-25T11:24:45Z</time>
 </trkpt>
 <trkpt lat="61.954072443768382" lon="-6.797509817406535">
 <ele>17.030000000000001</ele>
 <time>2020-07-25T11:24:39Z</time>
 </trkpt>
 <trkpt lat="61.954114437103271" lon="-6.797686088830233">
 <ele>17.75</ele>
 <time>2020-07-25T11:24:33Z</time>
 </trkpt>
 <trkpt lat="61.954165231436491" lon="-6.797857498750091">
 <ele>17.920000000000002</ele>
 <time>2020-07-25T11:24:27Z</time>
 </trkpt>
 <trkpt lat="61.954217366874218" lon="-6.798049192875624">
 <ele>19.309999999999999</ele>
 <time>2020-07-25T11:24:16Z</time>
 </trkpt>
 <trkpt lat="61.954302359372377" lon="-6.798140304163098">
 <ele>19.390000000000001</ele>
 <time>2020-07-25T11:24:08Z</time>
 </trkpt>
 <trkpt lat="61.954368827864528" lon="-6.798294950276613">
 <ele>20.280000000000001</ele>
 <time>2020-07-25T11:24:02Z</time>
 </trkpt>
 <trkpt lat="61.954422891139984" lon="-6.79845311678946">
 <ele>21.449999999999999</ele>
 <time>2020-07-25T11:23:56Z</time>
 </trkpt>
 <trkpt lat="61.954467734321952" lon="-6.798620838671923">
 <ele>22.050000000000001</ele>
 <time>2020-07-25T11:23:50Z</time>
 </trkpt>
 <trkpt lat="61.954523725435138" lon="-6.798793338239193">
 <ele>21.579999999999998</ele>
 <time>2020-07-25T11:23:44Z</time>
 </trkpt>
 <trkpt lat="61.954579632729292" lon="-6.798968520015478">
 <ele>23.100000000000001</ele>
 <time>2020-07-25T11:23:38Z</time>
 </trkpt>
 <trkpt lat="61.954627074301243" lon="-6.799144539982081">
 <ele>24.469999999999999</ele>
 <time>2020-07-25T11:23:32Z</time>
 </trkpt>
 <trkpt lat="61.954669067636132" lon="-6.799343945458531">
 <ele>24.440000000000001</ele>
 <time>2020-07-25T11:23:26Z</time>
 </trkpt>
 <trkpt lat="61.954704187810421" lon="-6.799577884376049">
 <ele>26.469999999999999</ele>
 <time>2020-07-25T11:23:19Z</time>
 </trkpt>
 <trkpt lat="61.954722627997398" lon="-6.799780307337642">
 <ele>28.48</ele>
 <time>2020-07-25T11:23:13Z</time>
 </trkpt>
 <trkpt lat="61.954744420945644" lon="-6.799987759441137">
 <ele>28</ele>
 <time>2020-07-25T11:23:07Z</time>
 </trkpt>
 <trkpt lat="61.95478281006217" lon="-6.800189344212413">
 <ele>27.84</ele>
 <time>2020-07-25T11:23:00Z</time>
 </trkpt>
 <trkpt lat="61.954819690436125" lon="-6.800383049994707">
 <ele>28.949999999999999</ele>
 <time>2020-07-25T11:22:54Z</time>
 </trkpt>
 <trkpt lat="61.954866964370012" lon="-6.800571139901876">
 <ele>30.27</ele>
 <time>2020-07-25T11:22:48Z</time>
 </trkpt>
 <trkpt lat="61.9549176748842" lon="-6.800740286707878">
 <ele>28.300000000000001</ele>
 <time>2020-07-25T11:22:42Z</time>
 </trkpt>
 <trkpt lat="61.954982969909906" lon="-6.800914043560624">
 <ele>30.5</ele>
 <time>2020-07-25T11:22:35Z</time>
 </trkpt>
 <trkpt lat="61.955036362633109" lon="-6.80107363499701">
 <ele>30.98</ele>
 <time>2020-07-25T11:22:29Z</time>
 </trkpt>
 <trkpt lat="61.955085899680853" lon="-6.80125686340034">
 <ele>31.640000000000001</ele>
 <time>2020-07-25T11:22:23Z</time>
 </trkpt>
 <trkpt lat="61.9551404658705" lon="-6.801419472321868">
 <ele>32.170000000000002</ele>
 <time>2020-07-25T11:22:17Z</time>
 </trkpt>
 <trkpt lat="61.955207185819745" lon="-6.801571436226368">
 <ele>33.060000000000002</ele>
 <time>2020-07-25T11:22:11Z</time>
 </trkpt>
 <trkpt lat="61.955275582149625" lon="-6.801723735406995">
 <ele>32.68</ele>
 <time>2020-07-25T11:22:04Z</time>
 </trkpt>
 <trkpt lat="61.955328304320574" lon="-6.801881985738874">
 <ele>34.909999999999997</ele>
 <time>2020-07-25T11:21:58Z</time>
 </trkpt>
 <trkpt lat="61.955394186079502" lon="-6.801851307973266">
 <ele>35.420000000000002</ele>
 <time>2020-07-25T11:21:47Z</time>
 </trkpt>
 <trkpt lat="61.955470880493522" lon="-6.801723735406995">
 <ele>36.32</ele>
 <time>2020-07-25T11:21:40Z</time>
 </trkpt>
 <trkpt lat="61.955541037023067" lon="-6.801580907776952">
 <ele>37.420000000000002</ele>
 <time>2020-07-25T11:21:34Z</time>
 </trkpt>
 <trkpt lat="61.955601554363966" lon="-6.801414610818029">
 <ele>39.57</ele>
 <time>2020-07-25T11:21:27Z</time>
 </trkpt>
 <trkpt lat="61.955624101683497" lon="-6.801215624436736">
 <ele>41.07</ele>
 <time>2020-07-25T11:21:20Z</time>
 </trkpt>
 <trkpt lat="61.955734323710203" lon="-6.800987720489502">
 <ele>42.359999999999999</ele>
 <time>2020-07-25T11:18:25Z</time>
 </trkpt>
 <trkpt lat="61.955816969275475" lon="-6.80112786591053">
 <ele>43.740000000000002</ele>
 <time>2020-07-25T11:18:17Z</time>
 </trkpt>
 <trkpt lat="61.955864913761616" lon="-6.801316123455763">
 <ele>45.670000000000002</ele>
 <time>2020-07-25T11:18:10Z</time>
 </trkpt>
 <trkpt lat="61.955909337848425" lon="-6.801489796489477">
 <ele>46.219999999999999</ele>
 <time>2020-07-25T11:18:04Z</time>
 </trkpt>
 <trkpt lat="61.95596189238131" lon="-6.80166045203805">
 <ele>46.219999999999999</ele>
 <time>2020-07-25T11:17:57Z</time>
 </trkpt>
 <trkpt lat="61.956024840474129" lon="-6.801828676834703">
 <ele>46.409999999999997</ele>
 <time>2020-07-25T11:17:49Z</time>
 </trkpt>
 <trkpt lat="61.956104720011353" lon="-6.801966559141874">
 <ele>49.340000000000003</ele>
 <time>2020-07-25T11:17:42Z</time>
 </trkpt>
 <trkpt lat="61.956185605376959" lon="-6.80208801291883">
 <ele>49.869999999999997</ele>
 <time>2020-07-25T11:17:34Z</time>
 </trkpt>
 <trkpt lat="61.956252660602331" lon="-6.802215501666069">
 <ele>48.899999999999999</ele>
 <time>2020-07-25T11:17:27Z</time>
 </trkpt>
 <trkpt lat="61.956312842667103" lon="-6.802367633208633">
 <ele>49.670000000000002</ele>
 <time>2020-07-25T11:17:20Z</time>
 </trkpt>
 <trkpt lat="61.95638014934957" lon="-6.802530828863382">
 <ele>50.439999999999998</ele>
 <time>2020-07-25T11:17:12Z</time>
 </trkpt>
 <trkpt lat="61.956434212625027" lon="-6.802702490240336">
 <ele>50.670000000000002</ele>
 <time>2020-07-25T11:17:05Z</time>
 </trkpt>
 <trkpt lat="61.956507470458746" lon="-6.802843306213617">
 <ele>52.479999999999997</ele>
 <time>2020-07-25T11:16:58Z</time>
 </trkpt>
 <trkpt lat="61.956590199843049" lon="-6.802976075559855">
 <ele>53.5</ele>
 <time>2020-07-25T11:16:51Z</time>
 </trkpt>
 <trkpt lat="61.956675024703145" lon="-6.803098702803254">
 <ele>53.32</ele>
 <time>2020-07-25T11:16:44Z</time>
 </trkpt>
 <trkpt lat="61.956739900633693" lon="-6.803232058882713">
 <ele>52.710000000000001</ele>
 <time>2020-07-25T11:16:38Z</time>
 </trkpt>
 <trkpt lat="61.956817097961903" lon="-6.803377903997898">
 <ele>55.950000000000003</ele>
 <time>2020-07-25T11:16:31Z</time>
 </trkpt>
 <trkpt lat="61.956895804032683" lon="-6.803516959771514">
 <ele>56.689999999999998</ele>
 <time>2020-07-25T11:16:24Z</time>
 </trkpt>
 <trkpt lat="61.956978114321828" lon="-6.803605472669005">
 <ele>57.75</ele>
 <time>2020-07-25T11:16:06Z</time>
 </trkpt>
 <trkpt lat="61.957071991637349" lon="-6.803717957809568">
 <ele>57.270000000000003</ele>
 <time>2020-07-25T11:15:57Z</time>
 </trkpt>
 <trkpt lat="61.957168215885758" lon="-6.803837483748794">
 <ele>59.200000000000003</ele>
 <time>2020-07-25T11:15:47Z</time>
 </trkpt>
 <trkpt lat="61.957237785682082" lon="-6.803996404632926">
 <ele>59.210000000000001</ele>
 <time>2020-07-25T11:15:38Z</time>
 </trkpt>
 <trkpt lat="61.957276929169893" lon="-6.804180219769478">
 <ele>57.990000000000002</ele>
 <time>2020-07-25T11:15:31Z</time>
 </trkpt>
 <trkpt lat="61.957330908626318" lon="-6.804374931380153">
 <ele>58.909999999999997</ele>
 <time>2020-07-25T11:15:24Z</time>
 </trkpt>
 <trkpt lat="61.957364855334163" lon="-6.804574755951762">
 <ele>55.659999999999997</ele>
 <time>2020-07-25T11:15:17Z</time>
 </trkpt>
 <trkpt lat="61.957422522827983" lon="-6.804762091487646">
 <ele>60.75</ele>
 <time>2020-07-25T11:15:10Z</time>
 </trkpt>
 <trkpt lat="61.957479352131486" lon="-6.804925035685301">
 <ele>62</ele>
 <time>2020-07-25T11:15:03Z</time>
 </trkpt>
 <trkpt lat="61.957535427063704" lon="-6.805111449211836">
 <ele>63.390000000000001</ele>
 <time>2020-07-25T11:14:05Z</time>
 </trkpt>
 <trkpt lat="61.957601476460695" lon="-6.805136930197477">
 <ele>65.310000000000002</ele>
 <time>2020-07-25T11:13:38Z</time>
 </trkpt>
 <trkpt lat="61.957680517807603" lon="-6.805191077291966">
 <ele>69.010000000000005</ele>
 <time>2020-07-25T11:13:08Z</time>
 </trkpt>
 <trkpt lat="61.957741370424628" lon="-6.805127542465925">
 <ele>70.780000000000001</ele>
 <time>2020-07-25T11:12:49Z</time>
 </trkpt>
 <trkpt lat="61.957783615216613" lon="-6.804990749806166">
 <ele>75.480000000000004</ele>
 <time>2020-07-25T11:12:32Z</time>
 </trkpt>
 <trkpt lat="61.957866009324789" lon="-6.805094350129366">
 <ele>77.549999999999997</ele>
 <time>2020-07-25T11:12:18Z</time>
 </trkpt>
 <trkpt lat="61.957955276593566" lon="-6.805145731195808">
 <ele>80.25</ele>
 <time>2020-07-25T11:12:06Z</time>
 </trkpt>
 <trkpt lat="61.957957120612264" lon="-6.804945236071944">
 <ele>82.540000000000006</ele>
 <time>2020-07-25T11:11:53Z</time>
 </trkpt>
 <trkpt lat="61.957986373454332" lon="-6.804809449240565">
 <ele>86.090000000000003</ele>
 <time>2020-07-25T11:11:37Z</time>
 </trkpt>
 <trkpt lat="61.958054350689054" lon="-6.804937021806836">
 <ele>89.980000000000004</ele>
 <time>2020-07-25T11:11:26Z</time>
 </trkpt>
 <trkpt lat="61.958140097558498" lon="-6.80504908785224">
 <ele>92.620000000000005</ele>
 <time>2020-07-25T11:11:16Z</time>
 </trkpt>
 <trkpt lat="61.958219138905406" lon="-6.805167775601149">
 <ele>93.239999999999995</ele>
 <time>2020-07-25T11:11:06Z</time>
 </trkpt>
 <trkpt lat="61.958296252414584" lon="-6.805278165265918">
 <ele>95.609999999999999</ele>
 <time>2020-07-25T11:10:58Z</time>
 </trkpt>
 <trkpt lat="61.958379149436951" lon="-6.805376401171088">
 <ele>98.719999999999999</ele>
 <time>2020-07-25T11:10:47Z</time>
 </trkpt>
 <trkpt lat="61.95846606977284" lon="-6.805468434467912">
 <ele>101.08</ele>
 <time>2020-07-25T11:10:36Z</time>
 </trkpt>
 <trkpt lat="61.958533627912402" lon="-6.805615453049541">
 <ele>100.56999999999999</ele>
 <time>2020-07-25T11:10:26Z</time>
 </trkpt>
 <trkpt lat="61.958589786663651" lon="-6.805774876847863">
 <ele>101.89</ele>
 <time>2020-07-25T11:10:18Z</time>
 </trkpt>
 <trkpt lat="61.958648543804884" lon="-6.805920219048858">
 <ele>104.63</ele>
 <time>2020-07-25T11:10:02Z</time>
 </trkpt>
 <trkpt lat="61.958729429170489" lon="-6.805921224877238">
 <ele>104.27</ele>
 <time>2020-07-25T11:07:42Z</time>
 </trkpt>
 <trkpt lat="61.958784246817231" lon="-6.806067489087582">
 <ele>105.65000000000001</ele>
 <time>2020-07-25T11:06:48Z</time>
 </trkpt>
 <trkpt lat="61.958855744451284" lon="-6.806208807975054">
 <ele>109.04000000000001</ele>
 <time>2020-07-25T11:06:27Z</time>
 </trkpt>
 <trkpt lat="61.95894593372941" lon="-6.806294219568372">
 <ele>111.31</ele>
 <time>2020-07-25T11:06:15Z</time>
 </trkpt>
 <trkpt lat="61.959035787731409" lon="-6.806381810456514">
 <ele>114.31</ele>
 <time>2020-07-25T11:06:01Z</time>
 </trkpt>
 <trkpt lat="61.959123043343425" lon="-6.806480716913939">
 <ele>116.3</ele>
 <time>2020-07-25T11:05:50Z</time>
 </trkpt>
 <trkpt lat="61.959208622574806" lon="-6.806581048294902">
 <ele>116.39</ele>
 <time>2020-07-25T11:05:40Z</time>
 </trkpt>
 <trkpt lat="61.959302499890327" lon="-6.806686660274863">
 <ele>118.11</ele>
 <time>2020-07-25T11:05:22Z</time>
 </trkpt>
 <trkpt lat="61.959386905655265" lon="-6.806756062433124">
 <ele>121.28</ele>
 <time>2020-07-25T11:05:02Z</time>
 </trkpt>
 <trkpt lat="61.959476675838232" lon="-6.806803923100233">
 <ele>123.11</ele>
 <time>2020-07-25T11:04:50Z</time>
 </trkpt>
 <trkpt lat="61.959565356373787" lon="-6.806816663593054">
 <ele>123.64</ele>
 <time>2020-07-25T11:04:38Z</time>
 </trkpt>
 <trkpt lat="61.959616737440228" lon="-6.80683066137135">
 <ele>127.73</ele>
 <time>2020-07-25T11:04:14Z</time>
 </trkpt>
 <trkpt lat="61.959712123498321" lon="-6.806875336915255">
 <ele>131.00999999999999</ele>
 <time>2020-07-25T11:03:54Z</time>
 </trkpt>
 <trkpt lat="61.959804659709334" lon="-6.80691909044981">
 <ele>131.81</ele>
 <time>2020-07-25T11:03:36Z</time>
 </trkpt>
 <trkpt lat="61.959896944463253" lon="-6.806924873962998">
 <ele>133.69999999999999</ele>
 <time>2020-07-25T11:03:21Z</time>
 </trkpt>
 <trkpt lat="61.959998700767756" lon="-6.80697918869555">
 <ele>136.09</ele>
 <time>2020-07-25T11:03:04Z</time>
 </trkpt>
 <trkpt lat="61.960107246413827" lon="-6.807003663852811">
 <ele>137.63999999999999</ele>
 <time>2020-07-25T11:02:49Z</time>
 </trkpt>
 <trkpt lat="61.960197938606143" lon="-6.807085471227765">
 <ele>139.56</ele>
 <time>2020-07-25T11:02:34Z</time>
 </trkpt>
 <trkpt lat="61.960274046286941" lon="-6.80713945068419">
 <ele>143.09999999999999</ele>
 <time>2020-07-25T11:02:17Z</time>
 </trkpt>
 <trkpt lat="61.960333976894617" lon="-6.807162668555975">
 <ele>139.61000000000001</ele>
 <time>2020-07-25T11:01:33Z</time>
 </trkpt>
 <trkpt lat="61.960418131202459" lon="-6.807240871712565">
 <ele>141.61000000000001</ele>
 <time>2020-07-25T11:00:56Z</time>
 </trkpt>
 <trkpt lat="61.960512427613139" lon="-6.807296611368656">
 <ele>143.38</ele>
 <time>2020-07-25T11:00:45Z</time>
 </trkpt>
 <trkpt lat="61.960599683225155" lon="-6.807394009083509">
 <ele>144.12</ele>
 <time>2020-07-25T11:00:34Z</time>
 </trkpt>
 <trkpt lat="61.960690375417471" lon="-6.807490903884172">
 <ele>145.50999999999999</ele>
 <time>2020-07-25T11:00:23Z</time>
 </trkpt>
 <trkpt lat="61.960794646292925" lon="-6.807506829500198">
 <ele>145.81</ele>
 <time>2020-07-25T11:00:11Z</time>
 </trkpt>
 <trkpt lat="61.960890451446176" lon="-6.807561060413718">
 <ele>148.66</ele>
 <time>2020-07-25T10:59:54Z</time>
 </trkpt>
 <trkpt lat="61.960991201922297" lon="-6.807646136730909">
 <ele>150.38</ele>
 <time>2020-07-25T10:59:39Z</time>
 </trkpt>
 <trkpt lat="61.961082983762026" lon="-6.807708581909537">
 <ele>152.93000000000001</ele>
 <time>2020-07-25T10:59:23Z</time>
 </trkpt>
 <trkpt lat="61.961171915754676" lon="-6.807798855006695">
 <ele>154.87</ele>
 <time>2020-07-25T10:59:12Z</time>
 </trkpt>
 <trkpt lat="61.96125271730125" lon="-6.807928439229727">
 <ele>155.00999999999999</ele>
 <time>2020-07-25T10:58:58Z</time>
 </trkpt>
 <trkpt lat="61.961337374523282" lon="-6.808028938248754">
 <ele>157.06999999999999</ele>
 <time>2020-07-25T10:58:47Z</time>
 </trkpt>
 <trkpt lat="61.96142915636301" lon="-6.808105716481805">
 <ele>158.31</ele>
 <time>2020-07-25T10:58:35Z</time>
 </trkpt>
 <trkpt lat="61.961531918495893" lon="-6.80816556327045">
 <ele>159.11000000000001</ele>
 <time>2020-07-25T10:58:24Z</time>
 </trkpt>
 <trkpt lat="61.96162361651659" lon="-6.808231025934219">
 <ele>158.37</ele>
 <time>2020-07-25T10:58:12Z</time>
 </trkpt>
 <trkpt lat="61.961704837158322" lon="-6.80835516192019">
 <ele>159.97</ele>
 <time>2020-07-25T10:58:01Z</time>
 </trkpt>
 <trkpt lat="61.961790416389704" lon="-6.808426240459085">
 <ele>161.25</ele>
 <time>2020-07-25T10:57:50Z</time>
 </trkpt>
 <trkpt lat="61.961873564869165" lon="-6.808568984270096">
 <ele>162</ele>
 <time>2020-07-25T10:57:43Z</time>
 </trkpt>
 <trkpt lat="61.961966268718243" lon="-6.808687169104815">
 <ele>162.53</ele>
 <time>2020-07-25T10:57:35Z</time>
 </trkpt>
 <trkpt lat="61.962051931768656" lon="-6.808814154937863">
 <ele>161.62</ele>
 <time>2020-07-25T10:57:27Z</time>
 </trkpt>
 <trkpt lat="61.96213030256331" lon="-6.808926220983267">
 <ele>161.93000000000001</ele>
 <time>2020-07-25T10:57:18Z</time>
 </trkpt>
 <trkpt lat="61.962206913158298" lon="-6.80904557928443">
 <ele>164.96000000000001</ele>
 <time>2020-07-25T10:57:10Z</time>
 </trkpt>
 <trkpt lat="61.96229450404644" lon="-6.809139708057046">
 <ele>163.66</ele>
 <time>2020-07-25T10:57:03Z</time>
 </trkpt>
 <trkpt lat="61.962377484887838" lon="-6.809240374714136">
 <ele>164.63</ele>
 <time>2020-07-25T10:56:56Z</time>
 </trkpt>
 <trkpt lat="61.962471948936582" lon="-6.809326959773898">
 <ele>163.69999999999999</ele>
 <time>2020-07-25T10:56:44Z</time>
 </trkpt>
 <trkpt lat="61.962548056617379" lon="-6.809434499591589">
 <ele>165.03999999999999</ele>
 <time>2020-07-25T10:56:37Z</time>
 </trkpt>
 <trkpt lat="61.962613184005022" lon="-6.809557378292084">
 <ele>165.69</ele>
 <time>2020-07-25T10:56:28Z</time>
 </trkpt>
 <trkpt lat="61.962693901732564" lon="-6.809653686359525">
 <ele>167.13999999999999</ele>
 <time>2020-07-25T10:56:19Z</time>
 </trkpt>
 <trkpt lat="61.962777301669121" lon="-6.809760723263025">
 <ele>167.94</ele>
 <time>2020-07-25T10:56:09Z</time>
 </trkpt>
 <trkpt lat="61.962855588644743" lon="-6.809867676347494">
 <ele>169.34999999999999</ele>
 <time>2020-07-25T10:56:02Z</time>
 </trkpt>
 <trkpt lat="61.962937647476792" lon="-6.809962056577206">
 <ele>168.96000000000001</ele>
 <time>2020-07-25T10:55:52Z</time>
 </trkpt>
 <trkpt lat="61.963019706308842" lon="-6.810061717405915">
 <ele>170.53</ele>
 <time>2020-07-25T10:55:43Z</time>
 </trkpt>
 <trkpt lat="61.963115595281124" lon="-6.810134723782539">
 <ele>173.44999999999999</ele>
 <time>2020-07-25T10:55:32Z</time>
 </trkpt>
 <trkpt lat="61.963201006874442" lon="-6.810214854776859">
 <ele>174.33000000000001</ele>
 <time>2020-07-25T10:55:21Z</time>
 </trkpt>
 <trkpt lat="61.963293543085456" lon="-6.810253327712417">
 <ele>175.18000000000001</ele>
 <time>2020-07-25T10:55:11Z</time>
 </trkpt>
 <trkpt lat="61.963393958285451" lon="-6.81035072542727">
 <ele>176</ele>
 <time>2020-07-25T10:54:57Z</time>
 </trkpt>
 <trkpt lat="61.963491104543209" lon="-6.810413589701057">
 <ele>177.30000000000001</ele>
 <time>2020-07-25T10:54:47Z</time>
 </trkpt>
 <trkpt lat="61.963597722351551" lon="-6.810491541400552">
 <ele>175.97999999999999</ele>
 <time>2020-07-25T10:54:36Z</time>
 </trkpt>
 <trkpt lat="61.963679865002632" lon="-6.810637721791863">
 <ele>177.63</ele>
 <time>2020-07-25T10:54:28Z</time>
 </trkpt>
 <trkpt lat="61.963758654892445" lon="-6.810754230245948">
 <ele>178.06</ele>
 <time>2020-07-25T10:54:20Z</time>
 </trkpt>
 <trkpt lat="61.963845659047365" lon="-6.810858333483338">
 <ele>178.59</ele>
 <time>2020-07-25T10:54:09Z</time>
 </trkpt>
 <trkpt lat="61.963921599090099" lon="-6.810979368165135">
 <ele>180.09</ele>
 <time>2020-07-25T10:53:59Z</time>
 </trkpt>
 <trkpt lat="61.964000556617975" lon="-6.811056984588504">
 <ele>181.34999999999999</ele>
 <time>2020-07-25T10:53:51Z</time>
 </trkpt>
 <trkpt lat="61.964092254638672" lon="-6.811092607676983">
 <ele>182.28999999999999</ele>
 <time>2020-07-25T10:53:44Z</time>
 </trkpt>
 <trkpt lat="61.96418596431613" lon="-6.811125380918384">
 <ele>183.40000000000001</ele>
 <time>2020-07-25T10:53:35Z</time>
 </trkpt>
 <trkpt lat="61.964308004826307" lon="-6.811117921024561">
 <ele>184.44</ele>
 <time>2020-07-25T10:50:49Z</time>
 </trkpt>
 <trkpt lat="61.9644068274647" lon="-6.811149185523391">
 <ele>184.5</ele>
 <time>2020-07-25T10:50:40Z</time>
 </trkpt>
 <trkpt lat="61.964503303170204" lon="-6.811207691207528">
 <ele>184.86000000000001</ele>
 <time>2020-07-25T10:50:25Z</time>
 </trkpt>
 <trkpt lat="61.96460472419858" lon="-6.811270220205188">
 <ele>185.94</ele>
 <time>2020-07-25T10:50:17Z</time>
 </trkpt>
 <trkpt lat="61.964702541008592" lon="-6.811321433633566">
 <ele>185.52000000000001</ele>
 <time>2020-07-25T10:50:09Z</time>
 </trkpt>
 <trkpt lat="61.964796837419271" lon="-6.811348842456937">
 <ele>185.90000000000001</ele>
 <time>2020-07-25T10:49:55Z</time>
 </trkpt>
 <trkpt lat="61.964895324781537" lon="-6.811327049508691">
 <ele>185.63</ele>
 <time>2020-07-25T10:49:47Z</time>
 </trkpt>
 <trkpt lat="61.964996745809913" lon="-6.811335096135736">
 <ele>185.13</ele>
 <time>2020-07-25T10:49:39Z</time>
 </trkpt>
 <trkpt lat="61.965090287849307" lon="-6.811427967622876">
 <ele>186.94</ele>
 <time>2020-07-25T10:49:30Z</time>
 </trkpt>
 <trkpt lat="61.965183913707733" lon="-6.811483204364777">
 <ele>189.19</ele>
 <time>2020-07-25T10:49:20Z</time>
 </trkpt>
 <trkpt lat="61.965274941176176" lon="-6.811537770554423">
 <ele>189.59</ele>
 <time>2020-07-25T10:49:10Z</time>
 </trkpt>
 <trkpt lat="61.965377116575837" lon="-6.811598036438227">
 <ele>189.71000000000001</ele>
 <time>2020-07-25T10:49:02Z</time>
 </trkpt>
 <trkpt lat="61.965468227863312" lon="-6.811676993966103">
 <ele>190.00999999999999</ele>
 <time>2020-07-25T10:48:48Z</time>
 </trkpt>
 <trkpt lat="61.965564284473658" lon="-6.81173843331635">
 <ele>190.40000000000001</ele>
 <time>2020-07-25T10:48:40Z</time>
 </trkpt>
 <trkpt lat="61.96566067636013" lon="-6.811788389459252">
 <ele>191.00999999999999</ele>
 <time>2020-07-25T10:48:31Z</time>
 </trkpt>
 <trkpt lat="61.965760756283998" lon="-6.811832059174776">
 <ele>191.96000000000001</ele>
 <time>2020-07-25T10:48:23Z</time>
 </trkpt>
 <trkpt lat="61.965857651084661" lon="-6.811904897913337">
 <ele>192.40000000000001</ele>
 <time>2020-07-25T10:48:15Z</time>
 </trkpt>
 <trkpt lat="61.965954210609198" lon="-6.811996260657907">
 <ele>192.31999999999999</ele>
 <time>2020-07-25T10:48:06Z</time>
 </trkpt>
 <trkpt lat="61.966018918901682" lon="-6.81213179603219">
 <ele>192.69</ele>
 <time>2020-07-25T10:47:57Z</time>
 </trkpt>
 <trkpt lat="61.966086812317371" lon="-6.812269007787108">
 <ele>194.19</ele>
 <time>2020-07-25T10:47:49Z</time>
 </trkpt>
 <trkpt lat="61.966171888634562" lon="-6.812345366925001">
 <ele>195.44999999999999</ele>
 <time>2020-07-25T10:47:41Z</time>
 </trkpt>
 <trkpt lat="61.966279512271285" lon="-6.812429772689939">
 <ele>196.53</ele>
 <time>2020-07-25T10:47:09Z</time>
 </trkpt>
 <trkpt lat="61.966377412900329" lon="-6.812485428526998">
 <ele>196.53</ele>
 <time>2020-07-25T10:47:01Z</time>
 </trkpt>
 <trkpt lat="61.966464081779122" lon="-6.812568744644523">
 <ele>197.43000000000001</ele>
 <time>2020-07-25T10:46:54Z</time>
 </trkpt>
 <trkpt lat="61.966551085934043" lon="-6.812654240056872">
 <ele>198.69999999999999</ele>
 <time>2020-07-25T10:46:47Z</time>
 </trkpt>
 <trkpt lat="61.966648064553738" lon="-6.81271375156939">
 <ele>199.66999999999999</ele>
 <time>2020-07-25T10:46:38Z</time>
 </trkpt>
 <trkpt lat="61.966744204983115" lon="-6.812776615843177">
 <ele>200.46000000000001</ele>
 <time>2020-07-25T10:46:30Z</time>
 </trkpt>
 <trkpt lat="61.966840513050556" lon="-6.812823722139001">
 <ele>200.91</ele>
 <time>2020-07-25T10:46:19Z</time>
 </trkpt>
 <trkpt lat="61.96692667901516" lon="-6.812919778749347">
 <ele>203.09</ele>
 <time>2020-07-25T10:46:07Z</time>
 </trkpt>
 <trkpt lat="61.967000188305974" lon="-6.813036287203431">
 <ele>202.19999999999999</ele>
 <time>2020-07-25T10:45:59Z</time>
 </trkpt>
 <trkpt lat="61.967050060629845" lon="-6.813199147582054">
 <ele>203.78</ele>
 <time>2020-07-25T10:45:53Z</time>
 </trkpt>
 <trkpt lat="61.967128096148372" lon="-6.813340215012431">
 <ele>203.47999999999999</ele>
 <time>2020-07-25T10:45:45Z</time>
 </trkpt>
 <trkpt lat="61.967207053676248" lon="-6.813466865569353">
 <ele>203.63</ele>
 <time>2020-07-25T10:45:22Z</time>
 </trkpt>
 <trkpt lat="61.967240162193775" lon="-6.813482120633125">
 <ele>206.52000000000001</ele>
 <time>2020-07-25T10:44:23Z</time>
 </trkpt>
 <trkpt lat="61.967310067266226" lon="-6.813599802553654">
 <ele>206.93000000000001</ele>
 <time>2020-07-25T10:44:08Z</time>
 </trkpt>
 <trkpt lat="61.967401681467891" lon="-6.813753861933947">
 <ele>208.80000000000001</ele>
 <time>2020-07-25T10:43:40Z</time>
 </trkpt>
 <trkpt lat="61.967484327033162" lon="-6.8138771597296">
 <ele>210.03</ele>
 <time>2020-07-25T10:43:32Z</time>
 </trkpt>
 <trkpt lat="61.967559512704611" lon="-6.814000625163317">
 <ele>209.46000000000001</ele>
 <time>2020-07-25T10:43:24Z</time>
 </trkpt>
 <trkpt lat="61.96762983687222" lon="-6.814116546884179">
 <ele>211.15000000000001</ele>
 <time>2020-07-25T10:43:17Z</time>
 </trkpt>
 <trkpt lat="61.967705776914954" lon="-6.814235234633088">
 <ele>210.53</ele>
 <time>2020-07-25T10:43:10Z</time>
 </trkpt>
 <trkpt lat="61.967787835747004" lon="-6.814354592934251">
 <ele>212.96000000000001</ele>
 <time>2020-07-25T10:42:59Z</time>
 </trkpt>
 <trkpt lat="61.967873331159353" lon="-6.814456265419722">
 <ele>211.75999999999999</ele>
 <time>2020-07-25T10:42:46Z</time>
 </trkpt>
 <trkpt lat="61.967946505174041" lon="-6.814582496881485">
 <ele>211.94</ele>
 <time>2020-07-25T10:42:36Z</time>
 </trkpt>
 <trkpt lat="61.968043819069862" lon="-6.814681738615036">
 <ele>214.86000000000001</ele>
 <time>2020-07-25T10:42:01Z</time>
 </trkpt>
 <trkpt lat="61.968132080510259" lon="-6.814790368080139">
 <ele>215.44</ele>
 <time>2020-07-25T10:41:47Z</time>
 </trkpt>
 <trkpt lat="61.968211960047483" lon="-6.814921796321869">
 <ele>216.06</ele>
 <time>2020-07-25T10:41:38Z</time>
 </trkpt>
 <trkpt lat="61.968292342498899" lon="-6.815021876245737">
 <ele>217.72</ele>
 <time>2020-07-25T10:41:22Z</time>
 </trkpt>
 <trkpt lat="61.968366522341967" lon="-6.815164620056748">
 <ele>218.21000000000001</ele>
 <time>2020-07-25T10:41:14Z</time>
 </trkpt>
 <trkpt lat="61.968445982784033" lon="-6.815302837640047">
 <ele>218.88</ele>
 <time>2020-07-25T10:41:07Z</time>
 </trkpt>
 <trkpt lat="61.968524353578687" lon="-6.815458154305816">
 <ele>218.28</ele>
 <time>2020-07-25T10:41:00Z</time>
 </trkpt>
 <trkpt lat="61.968599371612072" lon="-6.815603161230683">
 <ele>220.22</ele>
 <time>2020-07-25T10:40:53Z</time>
 </trkpt>
 <trkpt lat="61.968674473464489" lon="-6.815730733796954">
 <ele>222.78999999999999</ele>
 <time>2020-07-25T10:40:45Z</time>
 </trkpt>
 <trkpt lat="61.968758124858141" lon="-6.815838860347867">
 <ele>221.75</ele>
 <time>2020-07-25T10:40:37Z</time>
 </trkpt>
 <trkpt lat="61.968849319964647" lon="-6.815874734893441">
 <ele>222.25</ele>
 <time>2020-07-25T10:40:30Z</time>
 </trkpt>
 <trkpt lat="61.968943364918232" lon="-6.815936509519815">
 <ele>222.38</ele>
 <time>2020-07-25T10:40:23Z</time>
 </trkpt>
 <trkpt lat="61.969039924442768" lon="-6.815948747098446">
 <ele>223.36000000000001</ele>
 <time>2020-07-25T10:40:16Z</time>
 </trkpt>
 <trkpt lat="61.969140926375985" lon="-6.815986130386591">
 <ele>223.69</ele>
 <time>2020-07-25T10:40:09Z</time>
 </trkpt>
 <trkpt lat="61.969241928309202" lon="-6.816035499796271">
 <ele>223.78999999999999</ele>
 <time>2020-07-25T10:40:02Z</time>
 </trkpt>
 <trkpt lat="61.969341589137912" lon="-6.816105404868722">
 <ele>223.5</ele>
 <time>2020-07-25T10:39:54Z</time>
 </trkpt>
 <trkpt lat="61.969437897205353" lon="-6.816122923046351">
 <ele>222.55000000000001</ele>
 <time>2020-07-25T10:39:47Z</time>
 </trkpt>
 <trkpt lat="61.969532025977969" lon="-6.816186709329486">
 <ele>223.13</ele>
 <time>2020-07-25T10:39:40Z</time>
 </trkpt>
 <trkpt lat="61.969636045396328" lon="-6.816208669915795">
 <ele>223.99000000000001</ele>
 <time>2020-07-25T10:39:33Z</time>
 </trkpt>
 <trkpt lat="61.969739645719528" lon="-6.816237084567547">
 <ele>224.09</ele>
 <time>2020-07-25T10:39:23Z</time>
 </trkpt>
 <trkpt lat="61.969847856089473" lon="-6.816238341853023">
 <ele>223.53999999999999</ele>
 <time>2020-07-25T10:39:15Z</time>
 </trkpt>
 <trkpt lat="61.969947684556246" lon="-6.816282346844673">
 <ele>224.50999999999999</ele>
 <time>2020-07-25T10:39:08Z</time>
 </trkpt>
 <trkpt lat="61.970042064785957" lon="-6.816369602456689">
 <ele>225.84999999999999</ele>
 <time>2020-07-25T10:39:01Z</time>
 </trkpt>
 <trkpt lat="61.970137618482113" lon="-6.81644881144166">
 <ele>224.34</ele>
 <time>2020-07-25T10:38:53Z</time>
 </trkpt>
 <trkpt lat="61.970225879922509" lon="-6.81649960577488">
 <ele>225.27000000000001</ele>
 <time>2020-07-25T10:38:46Z</time>
 </trkpt>
 <trkpt lat="61.970327217131853" lon="-6.816553920507431">
 <ele>222.43000000000001</ele>
 <time>2020-07-25T10:38:38Z</time>
 </trkpt>
 <trkpt lat="61.970408773049712" lon="-6.816674871370196">
 <ele>223.03</ele>
 <time>2020-07-25T10:38:29Z</time>
 </trkpt>
 <trkpt lat="61.970485048368573" lon="-6.816825661808252">
 <ele>226.43000000000001</ele>
 <time>2020-07-25T10:38:22Z</time>
 </trkpt>
 <trkpt lat="61.970555456355214" lon="-6.816969746723771">
 <ele>224.63999999999999</ele>
 <time>2020-07-25T10:38:15Z</time>
 </trkpt>
 <trkpt lat="61.970642544329166" lon="-6.817058511078358">
 <ele>227.44</ele>
 <time>2020-07-25T10:38:08Z</time>
 </trkpt>
 <trkpt lat="61.970728039741516" lon="-6.817149538546801">
 <ele>227.06999999999999</ele>
 <time>2020-07-25T10:38:00Z</time>
 </trkpt>
 <trkpt lat="61.970828119665384" lon="-6.817206870764494">
 <ele>226.06</ele>
 <time>2020-07-25T10:37:53Z</time>
 </trkpt>
 <trkpt lat="61.970929624512792" lon="-6.817299742251635">
 <ele>226.25</ele>
 <time>2020-07-25T10:37:45Z</time>
 </trkpt>
 <trkpt lat="61.971004558727145" lon="-6.817424800246954">
 <ele>224.77000000000001</ele>
 <time>2020-07-25T10:37:37Z</time>
 </trkpt>
 <trkpt lat="61.97110204026103" lon="-6.817491855472326">
 <ele>224.94999999999999</ele>
 <time>2020-07-25T10:37:29Z</time>
 </trkpt>
 <trkpt lat="61.971189128234982" lon="-6.817593863233924">
 <ele>223.59</ele>
 <time>2020-07-25T10:37:21Z</time>
 </trkpt>
 <trkpt lat="61.971272276714444" lon="-6.817664187401533">
 <ele>224.12</ele>
 <time>2020-07-25T10:37:14Z</time>
 </trkpt>
 <trkpt lat="61.971370009705424" lon="-6.817685896530747">
 <ele>224.97</ele>
 <time>2020-07-25T10:37:07Z</time>
 </trkpt>
 <trkpt lat="61.971470508724451" lon="-6.817719843238592">
 <ele>224.78</ele>
 <time>2020-07-25T10:36:59Z</time>
 </trkpt>
 <trkpt lat="61.971577042713761" lon="-6.817762590944767">
 <ele>226.47999999999999</ele>
 <time>2020-07-25T10:36:49Z</time>
 </trkpt>
 <trkpt lat="61.97166689671576" lon="-6.817857306450605">
 <ele>227.59</ele>
 <time>2020-07-25T10:36:41Z</time>
 </trkpt>
 <trkpt lat="61.97176412679255" lon="-6.817945651710033">
 <ele>227.78</ele>
 <time>2020-07-25T10:36:33Z</time>
 </trkpt>
 <trkpt lat="61.971864374354482" lon="-6.818030728027225">
 <ele>228.24000000000001</ele>
 <time>2020-07-25T10:36:25Z</time>
 </trkpt>
 <trkpt lat="61.971949702128768" lon="-6.818161150440574">
 <ele>226.49000000000001</ele>
 <time>2020-07-25T10:36:17Z</time>
 </trkpt>
 <trkpt lat="61.972019607201219" lon="-6.818331889808178">
 <ele>228.5</ele>
 <time>2020-07-25T10:36:09Z</time>
 </trkpt>
 <trkpt lat="61.972101666033268" lon="-6.818464323878288">
 <ele>228.77000000000001</ele>
 <time>2020-07-25T10:36:02Z</time>
 </trkpt>
 <trkpt lat="61.972198644652963" lon="-6.818589298054576">
 <ele>229.72999999999999</ele>
 <time>2020-07-25T10:35:54Z</time>
 </trkpt>
 <trkpt lat="61.972285900264978" lon="-6.818692311644554">
 <ele>229.47999999999999</ele>
 <time>2020-07-25T10:35:47Z</time>
 </trkpt>
 <trkpt lat="61.972357900813222" lon="-6.818834217265248">
 <ele>231.50999999999999</ele>
 <time>2020-07-25T10:35:40Z</time>
 </trkpt>
 <trkpt lat="61.972446329891682" lon="-6.818942595273256">
 <ele>231.41</ele>
 <time>2020-07-25T10:35:31Z</time>
 </trkpt>
 <trkpt lat="61.972540207207203" lon="-6.819025659933686">
 <ele>230.97999999999999</ele>
 <time>2020-07-25T10:35:24Z</time>
 </trkpt>
 <trkpt lat="61.972627965733409" lon="-6.819130349904299">
 <ele>230.97999999999999</ele>
 <time>2020-07-25T10:35:15Z</time>
 </trkpt>
 <trkpt lat="61.9727096054703" lon="-6.819248786196113">
 <ele>230.97999999999999</ele>
 <time>2020-07-25T10:35:09Z</time>
 </trkpt>
 <trkpt lat="61.972787389531732" lon="-6.819368898868561">
 <ele>233.08000000000001</ele>
 <time>2020-07-25T10:35:03Z</time>
 </trkpt>
 <trkpt lat="61.972877159714699" lon="-6.819470822811127">
 <ele>233.63</ele>
 <time>2020-07-25T10:34:56Z</time>
 </trkpt>
 <trkpt lat="61.972969025373459" lon="-6.819575596600771">
 <ele>233.22999999999999</ele>
 <time>2020-07-25T10:34:49Z</time>
 </trkpt>
 <trkpt lat="61.973062567412853" lon="-6.819669557735324">
 <ele>234.38</ele>
 <time>2020-07-25T10:34:41Z</time>
 </trkpt>
 <trkpt lat="61.973142782226205" lon="-6.81976268067956">
 <ele>232.94999999999999</ele>
 <time>2020-07-25T10:34:34Z</time>
 </trkpt>
 <trkpt lat="61.973215704783797" lon="-6.819879356771708">
 <ele>232.55000000000001</ele>
 <time>2020-07-25T10:34:27Z</time>
 </trkpt>
 <trkpt lat="61.973293321207166" lon="-6.819975413382053">
 <ele>230.31</ele>
 <time>2020-07-25T10:34:20Z</time>
 </trkpt>
 <trkpt lat="61.973380828276277" lon="-6.820032242685556">
 <ele>230.22</ele>
 <time>2020-07-25T10:34:12Z</time>
 </trkpt>
 <trkpt lat="61.973484847694635" lon="-6.820073733106256">
 <ele>229.71000000000001</ele>
 <time>2020-07-25T10:33:12Z</time>
 </trkpt>
 <trkpt lat="61.973576126620173" lon="-6.820153528824449">
 <ele>229.66</ele>
 <time>2020-07-25T10:32:49Z</time>
 </trkpt>
 <trkpt lat="61.973681570962071" lon="-6.820167861878872">
 <ele>231.09</ele>
 <time>2020-07-25T10:32:41Z</time>
 </trkpt>
 <trkpt lat="61.973775029182434" lon="-6.820196276530623">
 <ele>230.31</ele>
 <time>2020-07-25T10:32:34Z</time>
 </trkpt>
 <trkpt lat="61.973877791315317" lon="-6.820195522159338">
 <ele>229.88</ele>
 <time>2020-07-25T10:32:27Z</time>
 </trkpt>
 <trkpt lat="61.973972925916314" lon="-6.820271797478199">
 <ele>230.77000000000001</ele>
 <time>2020-07-25T10:32:20Z</time>
 </trkpt>
 <trkpt lat="61.974062947556376" lon="-6.82035100646317">
 <ele>230.37</ele>
 <time>2020-07-25T10:32:13Z</time>
 </trkpt>
 <trkpt lat="61.974156238138676" lon="-6.820437842980027">
 <ele>232.88</ele>
 <time>2020-07-25T10:32:05Z</time>
 </trkpt>
 <trkpt lat="61.974254809319973" lon="-6.820523254573345">
 <ele>232.65000000000001</ele>
 <time>2020-07-25T10:31:57Z</time>
 </trkpt>
 <trkpt lat="61.974345669150352" lon="-6.82056650519371">
 <ele>232.91</ele>
 <time>2020-07-25T10:31:49Z</time>
 </trkpt>
 <trkpt lat="61.974441558122635" lon="-6.820620819926262">
 <ele>235.93000000000001</ele>
 <time>2020-07-25T10:31:41Z</time>
 </trkpt>
 <trkpt lat="61.974536860361695" lon="-6.820708410814405">
 <ele>233.27000000000001</ele>
 <time>2020-07-25T10:31:33Z</time>
 </trkpt>
 <trkpt lat="61.974636185914278" lon="-6.820835648104549">
 <ele>235.62</ele>
 <time>2020-07-25T10:31:25Z</time>
 </trkpt>
 <trkpt lat="61.974727967754006" lon="-6.821008566766977">
 <ele>232.13999999999999</ele>
 <time>2020-07-25T10:31:17Z</time>
 </trkpt>
 <trkpt lat="61.974814804270864" lon="-6.821126919239759">
 <ele>233.66999999999999</ele>
 <time>2020-07-25T10:31:09Z</time>
 </trkpt>
 <trkpt lat="61.974902395159006" lon="-6.82124326005578">
 <ele>235.13</ele>
 <time>2020-07-25T10:31:02Z</time>
 </trkpt>
 <trkpt lat="61.974988393485546" lon="-6.821359181776643">
 <ele>237.86000000000001</ele>
 <time>2020-07-25T10:30:54Z</time>
 </trkpt>
 <trkpt lat="61.975076319649816" lon="-6.821446185931563">
 <ele>236.74000000000001</ele>
 <time>2020-07-25T10:30:47Z</time>
 </trkpt>
 <trkpt lat="61.975166006013751" lon="-6.821546852588654">
 <ele>237.47</ele>
 <time>2020-07-25T10:30:40Z</time>
 </trkpt>
 <trkpt lat="61.975251333788037" lon="-6.82165615260601">
 <ele>237.31999999999999</ele>
 <time>2020-07-25T10:30:33Z</time>
 </trkpt>
 <trkpt lat="61.975348312407732" lon="-6.821719268336892">
 <ele>239.62</ele>
 <time>2020-07-25T10:30:26Z</time>
 </trkpt>
 <trkpt lat="61.975430706515908" lon="-6.821837117895484">
 <ele>236.86000000000001</ele>
 <time>2020-07-25T10:30:19Z</time>
 </trkpt>
 <trkpt lat="61.975526176393032" lon="-6.82190970517695">
 <ele>237.03</ele>
 <time>2020-07-25T10:30:11Z</time>
 </trkpt>
 <trkpt lat="61.975602870807052" lon="-6.822027890011668">
 <ele>237.53999999999999</ele>
 <time>2020-07-25T10:30:04Z</time>
 </trkpt>
 <trkpt lat="61.975677218288183" lon="-6.822137776762247">
 <ele>238.00999999999999</ele>
 <time>2020-07-25T10:29:57Z</time>
 </trkpt>
 <trkpt lat="61.97576061822474" lon="-6.822233079001308">
 <ele>237.50999999999999</ele>
 <time>2020-07-25T10:29:50Z</time>
 </trkpt>
 <trkpt lat="61.975840581580997" lon="-6.822339193895459">
 <ele>238.19999999999999</ele>
 <time>2020-07-25T10:29:43Z</time>
 </trkpt>
 <trkpt lat="61.975904116407037" lon="-6.822471711784601">
 <ele>239.41</ele>
 <time>2020-07-25T10:29:36Z</time>
 </trkpt>
 <trkpt lat="61.975978882983327" lon="-6.822580089792609">
 <ele>239.97</ele>
 <time>2020-07-25T10:29:29Z</time>
 </trkpt>
 <trkpt lat="61.976065132766962" lon="-6.822633063420653">
 <ele>240.65000000000001</ele>
 <time>2020-07-25T10:29:22Z</time>
 </trkpt>
 <trkpt lat="61.976160854101181" lon="-6.822648905217648">
 <ele>239.81999999999999</ele>
 <time>2020-07-25T10:29:15Z</time>
 </trkpt>
 <trkpt lat="61.976247103884816" lon="-6.822714870795608">
 <ele>239.72</ele>
 <time>2020-07-25T10:29:08Z</time>
 </trkpt>
 <trkpt lat="61.976350620388985" lon="-6.822781004011631">
 <ele>240.09999999999999</ele>
 <time>2020-07-25T10:29:00Z</time>
 </trkpt>
 <trkpt lat="61.9764344394207" lon="-6.822870606556535">
 <ele>239.81</ele>
 <time>2020-07-25T10:28:53Z</time>
 </trkpt>
 <trkpt lat="61.976529154926538" lon="-6.822937577962875">
 <ele>240.66999999999999</ele>
 <time>2020-07-25T10:28:45Z</time>
 </trkpt>
 <trkpt lat="61.976626720279455" lon="-6.822995329275727">
 <ele>241.25999999999999</ele>
 <time>2020-07-25T10:28:38Z</time>
 </trkpt>
 <trkpt lat="61.976730152964592" lon="-6.823016535490751">
 <ele>239.15000000000001</ele>
 <time>2020-07-25T10:28:31Z</time>
 </trkpt>
 <trkpt lat="61.976830065250397" lon="-6.823045201599598">
 <ele>239.90000000000001</ele>
 <time>2020-07-25T10:28:24Z</time>
 </trkpt>
 <trkpt lat="61.976930145174265" lon="-6.823073364794254">
 <ele>240.40000000000001</ele>
 <time>2020-07-25T10:28:17Z</time>
 </trkpt>
 <trkpt lat="61.977025363594294" lon="-6.823164811357856">
 <ele>242</ele>
 <time>2020-07-25T10:28:09Z</time>
 </trkpt>
 <trkpt lat="61.977119576185942" lon="-6.82322951965034">
 <ele>242.91999999999999</ele>
 <time>2020-07-25T10:28:01Z</time>
 </trkpt>
 <trkpt lat="61.977217895910144" lon="-6.823248881846666">
 <ele>243.47999999999999</ele>
 <time>2020-07-25T10:27:54Z</time>
 </trkpt>
 <trkpt lat="61.977317724376917" lon="-6.823282744735479">
 <ele>241.84999999999999</ele>
 <time>2020-07-25T10:27:46Z</time>
 </trkpt>
 <trkpt lat="61.97741218842566" lon="-6.823300682008266">
 <ele>241.94999999999999</ele>
 <time>2020-07-25T10:27:39Z</time>
 </trkpt>
 <trkpt lat="61.977510927245021" lon="-6.823269752785564">
 <ele>241.62</ele>
 <time>2020-07-25T10:27:32Z</time>
 </trkpt>
 <trkpt lat="61.977612767368555" lon="-6.82331308722496">
 <ele>240.22</ele>
 <time>2020-07-25T10:27:24Z</time>
 </trkpt>
 <trkpt lat="61.977718379348516" lon="-6.82330914773047">
 <ele>240.37</ele>
 <time>2020-07-25T10:27:17Z</time>
 </trkpt>
 <trkpt lat="61.977820051833987" lon="-6.823266064748168">
 <ele>241.34999999999999</ele>
 <time>2020-07-25T10:27:10Z</time>
 </trkpt>
 <trkpt lat="61.977923987433314" lon="-6.82323144748807">
 <ele>240.44999999999999</ele>
 <time>2020-07-25T10:27:03Z</time>
 </trkpt>
 <trkpt lat="61.978012081235647" lon="-6.823159111663699">
 <ele>240.25</ele>
 <time>2020-07-25T10:26:56Z</time>
 </trkpt>
 <trkpt lat="61.97811190970242" lon="-6.82312541641295">
 <ele>240.55000000000001</ele>
 <time>2020-07-25T10:26:48Z</time>
 </trkpt>
 <trkpt lat="61.978207966312766" lon="-6.823056265711784">
 <ele>240.16</ele>
 <time>2020-07-25T10:26:41Z</time>
 </trkpt>
 <trkpt lat="61.978303100913763" lon="-6.823010332882404">
 <ele>240.69999999999999</ele>
 <time>2020-07-25T10:26:34Z</time>
 </trkpt>
 <trkpt lat="61.978392954915762" lon="-6.822943780571222">
 <ele>241.03</ele>
 <time>2020-07-25T10:26:27Z</time>
 </trkpt>
 <trkpt lat="61.978478701785207" lon="-6.822849316522479">
 <ele>240.78999999999999</ele>
 <time>2020-07-25T10:26:20Z</time>
 </trkpt>
 <trkpt lat="61.978570399805903" lon="-6.822829619050026">
 <ele>239.16999999999999</ele>
 <time>2020-07-25T10:26:13Z</time>
 </trkpt>
 <trkpt lat="61.978670647367835" lon="-6.822795001789928">
 <ele>240.40000000000001</ele>
 <time>2020-07-25T10:26:05Z</time>
 </trkpt>
 <trkpt lat="61.978769889101386" lon="-6.822751751169562">
 <ele>239.88</ele>
 <time>2020-07-25T10:25:57Z</time>
 </trkpt>
 <trkpt lat="61.978872735053301" lon="-6.822762563824654">
 <ele>240.38</ele>
 <time>2020-07-25T10:25:49Z</time>
 </trkpt>
 <trkpt lat="61.978967199102044" lon="-6.822767676785588">
 <ele>239.83000000000001</ele>
 <time>2020-07-25T10:25:41Z</time>
 </trkpt>
 <trkpt lat="61.979074403643608" lon="-6.822746470570564">
 <ele>239.69999999999999</ele>
 <time>2020-07-25T10:25:32Z</time>
 </trkpt>
 <trkpt lat="61.979171466082335" lon="-6.822721911594272">
 <ele>239.05000000000001</ele>
 <time>2020-07-25T10:25:23Z</time>
 </trkpt>
 <trkpt lat="61.97925629094243" lon="-6.822626693174243">
 <ele>237.38</ele>
 <time>2020-07-25T10:25:11Z</time>
 </trkpt>
 <trkpt lat="61.979298535734415" lon="-6.822443129494786">
 <ele>236.31999999999999</ele>
 <time>2020-07-25T10:24:59Z</time>
 </trkpt>
 <trkpt lat="61.979384534060955" lon="-6.822361992672086">
 <ele>237.97999999999999</ele>
 <time>2020-07-25T10:24:47Z</time>
 </trkpt>
 <trkpt lat="61.979480255395174" lon="-6.822343468666077">
 <ele>238.22</ele>
 <time>2020-07-25T10:24:39Z</time>
 </trkpt>
 <trkpt lat="61.979579497128725" lon="-6.822350090369582">
 <ele>238.19</ele>
 <time>2020-07-25T10:24:32Z</time>
 </trkpt>
 <trkpt lat="61.979687036946416" lon="-6.822281442582607">
 <ele>237.34999999999999</ele>
 <time>2020-07-25T10:24:23Z</time>
 </trkpt>
 <trkpt lat="61.979772532358766" lon="-6.822218662127852">
 <ele>238.69999999999999</ele>
 <time>2020-07-25T10:24:14Z</time>
 </trkpt>
 <trkpt lat="61.979869343340397" lon="-6.822191840037704">
 <ele>237.99000000000001</ele>
 <time>2020-07-25T10:24:07Z</time>
 </trkpt>
 <trkpt lat="61.979965567588806" lon="-6.822147751227021">
 <ele>237.22999999999999</ele>
 <time>2020-07-25T10:24:00Z</time>
 </trkpt>
 <trkpt lat="61.980069587007165" lon="-6.822111122310162">
 <ele>237.00999999999999</ele>
 <time>2020-07-25T10:23:51Z</time>
 </trkpt>
 <trkpt lat="61.980169583112001" lon="-6.822075750678778">
 <ele>237.00999999999999</ele>
 <time>2020-07-25T10:23:43Z</time>
 </trkpt>
 <trkpt lat="61.98026773519814" lon="-6.82204314507544">
 <ele>237.94</ele>
 <time>2020-07-25T10:23:35Z</time>
 </trkpt>
 <trkpt lat="61.980364713817835" lon="-6.822032164782286">
 <ele>238.43000000000001</ele>
 <time>2020-07-25T10:23:28Z</time>
 </trkpt>
 <trkpt lat="61.980463704094291" lon="-6.821975167840719">
 <ele>238.94</ele>
 <time>2020-07-25T10:23:20Z</time>
 </trkpt>
 <trkpt lat="61.980560263618827" lon="-6.821981454268098">
 <ele>238.5</ele>
 <time>2020-07-25T10:23:11Z</time>
 </trkpt>
 <trkpt lat="61.980658415704966" lon="-6.822010204195976">
 <ele>238.59999999999999</ele>
 <time>2020-07-25T10:23:02Z</time>
 </trkpt>
 <trkpt lat="61.980762016028166" lon="-6.822063596919179">
 <ele>238.83000000000001</ele>
 <time>2020-07-25T10:22:54Z</time>
 </trkpt>
 <trkpt lat="61.980854971334338" lon="-6.822099052369595">
 <ele>238.69999999999999</ele>
 <time>2020-07-25T10:22:47Z</time>
 </trkpt>
 <trkpt lat="61.980955805629492" lon="-6.822142889723182">
 <ele>238.16999999999999</ele>
 <time>2020-07-25T10:22:38Z</time>
 </trkpt>
 <trkpt lat="61.981055634096265" lon="-6.822224110364914">
 <ele>238.78999999999999</ele>
 <time>2020-07-25T10:22:30Z</time>
 </trkpt>
 <trkpt lat="61.981149762868881" lon="-6.822295775637031">
 <ele>239</ele>
 <time>2020-07-25T10:22:23Z</time>
 </trkpt>
 <trkpt lat="61.981245316565037" lon="-6.822336930781603">
 <ele>238.97</ele>
 <time>2020-07-25T10:22:16Z</time>
 </trkpt>
 <trkpt lat="61.981341959908605" lon="-6.82241446338594">
 <ele>239.00999999999999</ele>
 <time>2020-07-25T10:22:07Z</time>
 </trkpt>
 <trkpt lat="61.98143457993865" lon="-6.822462659329176">
 <ele>238.90000000000001</ele>
 <time>2020-07-25T10:21:59Z</time>
 </trkpt>
 <trkpt lat="61.981531893834472" lon="-6.822494929656386">
 <ele>239.00999999999999</ele>
 <time>2020-07-25T10:21:52Z</time>
 </trkpt>
 <trkpt lat="61.98162954300642" lon="-6.822549914941192">
 <ele>240.11000000000001</ele>
 <time>2020-07-25T10:21:43Z</time>
 </trkpt>
 <trkpt lat="61.981710763648152" lon="-6.822623340412974">
 <ele>239.52000000000001</ele>
 <time>2020-07-25T10:21:34Z</time>
 </trkpt>
 <trkpt lat="61.981805898249149" lon="-6.822706907987595">
 <ele>240.06999999999999</ele>
 <time>2020-07-25T10:21:27Z</time>
 </trkpt>
 <trkpt lat="61.981903715059161" lon="-6.822759043425322">
 <ele>241.83000000000001</ele>
 <time>2020-07-25T10:21:20Z</time>
 </trkpt>
 <trkpt lat="61.981996335089207" lon="-6.822795839980245">
 <ele>243.31999999999999</ele>
 <time>2020-07-25T10:21:14Z</time>
 </trkpt>
 <trkpt lat="61.982099935412407" lon="-6.822779830545187">
 <ele>243.30000000000001</ele>
 <time>2020-07-25T10:21:07Z</time>
 </trkpt>
 <trkpt lat="61.982194064185023" lon="-6.822800533846021">
 <ele>243.18000000000001</ele>
 <time>2020-07-25T10:21:00Z</time>
 </trkpt>
 <trkpt lat="61.982298167422414" lon="-6.822837749496102">
 <ele>243.28</ele>
 <time>2020-07-25T10:20:53Z</time>
 </trkpt>
 <trkpt lat="61.98240059427917" lon="-6.822843533009291">
 <ele>242.86000000000001</ele>
 <time>2020-07-25T10:20:46Z</time>
 </trkpt>
 <trkpt lat="61.982503104954958" lon="-6.822891896590591">
 <ele>241.81</ele>
 <time>2020-07-25T10:20:39Z</time>
 </trkpt>
 <trkpt lat="61.982601173222065" lon="-6.822927435860038">
 <ele>242.81</ele>
 <time>2020-07-25T10:20:32Z</time>
 </trkpt>
 <trkpt lat="61.98269865475595" lon="-6.822909498587251">
 <ele>243.96000000000001</ele>
 <time>2020-07-25T10:20:25Z</time>
 </trkpt>
 <trkpt lat="61.982790352776647" lon="-6.82287672534585">
 <ele>244.11000000000001</ele>
 <time>2020-07-25T10:20:18Z</time>
 </trkpt>
 <trkpt lat="61.982890767976642" lon="-6.822844874113798">
 <ele>243.27000000000001</ele>
 <time>2020-07-25T10:20:11Z</time>
 </trkpt>
 <trkpt lat="61.982985902577639" lon="-6.822813944891095">
 <ele>242.88999999999999</ele>
 <time>2020-07-25T10:20:04Z</time>
 </trkpt>
 <trkpt lat="61.983090089634061" lon="-6.822765748947859">
 <ele>242.66</ele>
 <time>2020-07-25T10:19:57Z</time>
 </trkpt>
 <trkpt lat="61.983193354681134" lon="-6.822728449478746">
 <ele>243.00999999999999</ele>
 <time>2020-07-25T10:19:50Z</time>
 </trkpt>
 <trkpt lat="61.9832918420434" lon="-6.822716379538178">
 <ele>242.94</ele>
 <time>2020-07-25T10:19:43Z</time>
 </trkpt>
 <trkpt lat="61.983395190909505" lon="-6.822716547176242">
 <ele>242.80000000000001</ele>
 <time>2020-07-25T10:19:36Z</time>
 </trkpt>
 <trkpt lat="61.983487391844392" lon="-6.822733897715807">
 <ele>243.59</ele>
 <time>2020-07-25T10:19:30Z</time>
 </trkpt>
 <trkpt lat="61.98358747176826" lon="-6.822740016505122">
 <ele>243.56999999999999</ele>
 <time>2020-07-25T10:19:23Z</time>
 </trkpt>
 <trkpt lat="61.983684115111828" lon="-6.822683857753873">
 <ele>243.37</ele>
 <time>2020-07-25T10:19:16Z</time>
 </trkpt>
 <trkpt lat="61.983784111216664" lon="-6.822659131139517">
 <ele>243.31</ele>
 <time>2020-07-25T10:19:09Z</time>
 </trkpt>
 <trkpt lat="61.983878323808312" lon="-6.822681678459048">
 <ele>243.40000000000001</ele>
 <time>2020-07-25T10:19:01Z</time>
 </trkpt>
 <trkpt lat="61.98396616615355" lon="-6.822718977928162">
 <ele>243.63999999999999</ele>
 <time>2020-07-25T10:18:54Z</time>
 </trkpt>
 <trkpt lat="61.984061300754547" lon="-6.822677487507463">
 <ele>244.69999999999999</ele>
 <time>2020-07-25T10:18:47Z</time>
 </trkpt>
 <trkpt lat="61.984158530831337" lon="-6.82267933152616">
 <ele>244.58000000000001</ele>
 <time>2020-07-25T10:18:39Z</time>
 </trkpt>
 <trkpt lat="61.984248887747526" lon="-6.822691401466727">
 <ele>244.30000000000001</ele>
 <time>2020-07-25T10:18:31Z</time>
 </trkpt>
 <trkpt lat="61.984342765063047" lon="-6.822706237435341">
 <ele>244.41</ele>
 <time>2020-07-25T10:18:24Z</time>
 </trkpt>
 <trkpt lat="61.984431529417634" lon="-6.82271939702332">
 <ele>244.44999999999999</ele>
 <time>2020-07-25T10:18:18Z</time>
 </trkpt>
 <trkpt lat="61.984529765322804" lon="-6.822707243263722">
 <ele>245.13</ele>
 <time>2020-07-25T10:18:12Z</time>
 </trkpt>
 <trkpt lat="61.984637724235654" lon="-6.822722163051367">
 <ele>245.28</ele>
 <time>2020-07-25T10:18:05Z</time>
 </trkpt>
 <trkpt lat="61.984733948484063" lon="-6.82274772785604">
 <ele>245.09999999999999</ele>
 <time>2020-07-25T10:17:58Z</time>
 </trkpt>
 <trkpt lat="61.984833693131804" lon="-6.822801539674401">
 <ele>245.59</ele>
 <time>2020-07-25T10:17:51Z</time>
 </trkpt>
 <trkpt lat="61.984929414466023" lon="-6.82277119718492">
 <ele>246.13999999999999</ele>
 <time>2020-07-25T10:17:45Z</time>
 </trkpt>
 <trkpt lat="61.985026812180877" lon="-6.822749152779579">
 <ele>246.87</ele>
 <time>2020-07-25T10:17:38Z</time>
 </trkpt>
 <trkpt lat="61.98512420989573" lon="-6.822754852473736">
 <ele>246.88999999999999</ele>
 <time>2020-07-25T10:17:31Z</time>
 </trkpt>
 <trkpt lat="61.985220685601234" lon="-6.822666674852371">
 <ele>245.72999999999999</ele>
 <time>2020-07-25T10:17:22Z</time>
 </trkpt>
 <trkpt lat="61.985314311459661" lon="-6.822666004300118">
 <ele>243.31999999999999</ele>
 <time>2020-07-25T10:17:13Z</time>
 </trkpt>
 <trkpt lat="61.985404919832945" lon="-6.822685785591602">
 <ele>241.69</ele>
 <time>2020-07-25T10:17:04Z</time>
 </trkpt>
 <trkpt lat="61.985496450215578" lon="-6.822749823331833">
 <ele>239.91999999999999</ele>
 <time>2020-07-25T10:16:55Z</time>
 </trkpt>
 <trkpt lat="61.985582280904055" lon="-6.822871528565884">
 <ele>239.06</ele>
 <time>2020-07-25T10:16:46Z</time>
 </trkpt>
 <trkpt lat="61.98568613268435" lon="-6.822937242686749">
 <ele>238.19999999999999</ele>
 <time>2020-07-25T10:16:37Z</time>
 </trkpt>
 <trkpt lat="61.98579266667366" lon="-6.822964902967215">
 <ele>237.22999999999999</ele>
 <time>2020-07-25T10:16:27Z</time>
 </trkpt>
 <trkpt lat="61.985884280875325" lon="-6.822914863005281">
 <ele>236.99000000000001</ele>
 <time>2020-07-25T10:16:20Z</time>
 </trkpt>
 <trkpt lat="61.985992575064301" lon="-6.822936153039336">
 <ele>236.59999999999999</ele>
 <time>2020-07-25T10:16:12Z</time>
 </trkpt>
 <trkpt lat="61.986090894788504" lon="-6.822987198829651">
 <ele>236.53999999999999</ele>
 <time>2020-07-25T10:16:04Z</time>
 </trkpt>
 <trkpt lat="61.986185275018215" lon="-6.82299105450511">
 <ele>235.87</ele>
 <time>2020-07-25T10:15:57Z</time>
 </trkpt>
 <trkpt lat="61.986283678561449" lon="-6.823041597381234">
 <ele>235.13999999999999</ele>
 <time>2020-07-25T10:15:49Z</time>
 </trkpt>
 <trkpt lat="61.986380657181144" lon="-6.823093146085739">
 <ele>234.38</ele>
 <time>2020-07-25T10:15:41Z</time>
 </trkpt>
 <trkpt lat="61.986476043239236" lon="-6.823086440563202">
 <ele>233.94</ele>
 <time>2020-07-25T10:15:34Z</time>
 </trkpt>
 <trkpt lat="61.986563801765442" lon="-6.823135726153851">
 <ele>233.38999999999999</ele>
 <time>2020-07-25T10:15:26Z</time>
 </trkpt>
 <trkpt lat="61.986651141196489" lon="-6.823229184374213">
 <ele>233.09</ele>
 <time>2020-07-25T10:15:18Z</time>
 </trkpt>
 <trkpt lat="61.986740995198488" lon="-6.823321301490068">
 <ele>232.86000000000001</ele>
 <time>2020-07-25T10:15:11Z</time>
 </trkpt>
 <trkpt lat="61.986841158941388" lon="-6.823374191299081">
 <ele>232.75999999999999</ele>
 <time>2020-07-25T10:15:04Z</time>
 </trkpt>
 <trkpt lat="61.986942077055573" lon="-6.823388021439314">
 <ele>232.63999999999999</ele>
 <time>2020-07-25T10:14:57Z</time>
 </trkpt>
 <trkpt lat="61.987035032361746" lon="-6.82338978163898">
 <ele>232.31999999999999</ele>
 <time>2020-07-25T10:14:51Z</time>
 </trkpt>
 <trkpt lat="61.987128406763077" lon="-6.823447197675705">
 <ele>232.05000000000001</ele>
 <time>2020-07-25T10:14:44Z</time>
 </trkpt>
 <trkpt lat="61.987217841669917" lon="-6.823535794392228">
 <ele>231.74000000000001</ele>
 <time>2020-07-25T10:14:37Z</time>
 </trkpt>
 <trkpt lat="61.987291602417827" lon="-6.823627073317766">
 <ele>231.88</ele>
 <time>2020-07-25T10:14:31Z</time>
 </trkpt>
 <trkpt lat="61.987383468076587" lon="-6.823695637285709">
 <ele>231.96000000000001</ele>
 <time>2020-07-25T10:14:25Z</time>
 </trkpt>
 <trkpt lat="61.987484637647867" lon="-6.823725393041968">
 <ele>231.74000000000001</ele>
 <time>2020-07-25T10:14:18Z</time>
 </trkpt>
 <trkpt lat="61.987585891038179" lon="-6.823753891512752">
 <ele>231.31</ele>
 <time>2020-07-25T10:14:10Z</time>
 </trkpt>
 <trkpt lat="61.987662501633167" lon="-6.823792615905404">
 <ele>231.34</ele>
 <time>2020-07-25T10:13:54Z</time>
 </trkpt>
 <trkpt lat="61.987697118893266" lon="-6.823729919269681">
 <ele>231.18000000000001</ele>
 <time>2020-07-25T10:11:41Z</time>
 </trkpt>
 <trkpt lat="61.987788062542677" lon="-6.823805021122098">
 <ele>230.78</ele>
 <time>2020-07-25T10:11:31Z</time>
 </trkpt>
 <trkpt lat="61.98787909001112" lon="-6.823768727481365">
 <ele>230.94999999999999</ele>
 <time>2020-07-25T10:11:19Z</time>
 </trkpt>
 <trkpt lat="61.987970620393753" lon="-6.823804685845971">
 <ele>231.06999999999999</ele>
 <time>2020-07-25T10:11:09Z</time>
 </trkpt>
 <trkpt lat="61.988057373091578" lon="-6.823836620897055">
 <ele>231.12</ele>
 <time>2020-07-25T10:11:00Z</time>
 </trkpt>
 <trkpt lat="61.988130547106266" lon="-6.823940724134445">
 <ele>230.13</ele>
 <time>2020-07-25T10:10:52Z</time>
 </trkpt>
 <trkpt lat="61.988220065832138" lon="-6.824049688875675">
 <ele>229.28</ele>
 <time>2020-07-25T10:10:42Z</time>
 </trkpt>
 <trkpt lat="61.988302124664187" lon="-6.824147589504719">
 <ele>227.06999999999999</ele>
 <time>2020-07-25T10:10:32Z</time>
 </trkpt>
 <trkpt lat="61.988403210416436" lon="-6.824213303625584">
 <ele>226.16999999999999</ele>
 <time>2020-07-25T10:10:22Z</time>
 </trkpt>
 <trkpt lat="61.988496668636799" lon="-6.824285890907049">
 <ele>224.40000000000001</ele>
 <time>2020-07-25T10:10:13Z</time>
 </trkpt>
 <trkpt lat="61.988592222332954" lon="-6.824365351349115">
 <ele>222.88999999999999</ele>
 <time>2020-07-25T10:10:05Z</time>
 </trkpt>
 <trkpt lat="61.98869414627552" lon="-6.824396112933755">
 <ele>222.58000000000001</ele>
 <time>2020-07-25T10:09:58Z</time>
 </trkpt>
 <trkpt lat="61.988792298361659" lon="-6.82444280013442">
 <ele>222.68000000000001</ele>
 <time>2020-07-25T10:09:51Z</time>
 </trkpt>
 <trkpt lat="61.988895479589701" lon="-6.824485044926405">
 <ele>223.69</ele>
 <time>2020-07-25T10:09:43Z</time>
 </trkpt>
 <trkpt lat="61.988989105448127" lon="-6.824530977755785">
 <ele>224.87</ele>
 <time>2020-07-25T10:09:35Z</time>
 </trkpt>
 <trkpt lat="61.989076528698206" lon="-6.824575318023562">
 <ele>226.16999999999999</ele>
 <time>2020-07-25T10:09:27Z</time>
 </trkpt>
 <trkpt lat="61.989168561995029" lon="-6.824621083214879">
 <ele>227.75999999999999</ele>
 <time>2020-07-25T10:09:19Z</time>
 </trkpt>
 <trkpt lat="61.98926042765379" lon="-6.824646145105362">
 <ele>229.52000000000001</ele>
 <time>2020-07-25T10:09:11Z</time>
 </trkpt>
 <trkpt lat="61.989353634417057" lon="-6.824600463733077">
 <ele>230.27000000000001</ele>
 <time>2020-07-25T10:08:08Z</time>
 </trkpt>
 <trkpt lat="61.989461006596684" lon="-6.824498623609543">
 <ele>230.34999999999999</ele>
 <time>2020-07-25T10:08:00Z</time>
 </trkpt>
 <trkpt lat="61.989543819800019" lon="-6.824342049658299">
 <ele>231.40000000000001</ele>
 <time>2020-07-25T10:07:53Z</time>
 </trkpt>
 <trkpt lat="61.989618251100183" lon="-6.824219170957804">
 <ele>231.44</ele>
 <time>2020-07-25T10:07:45Z</time>
 </trkpt>
 <trkpt lat="61.989697879180312" lon="-6.824110206216574">
 <ele>231.22999999999999</ele>
 <time>2020-07-25T10:07:37Z</time>
 </trkpt>
 <trkpt lat="61.989800976589322" lon="-6.824097884818912">
 <ele>231.68000000000001</ele>
 <time>2020-07-25T10:07:28Z</time>
 </trkpt>
 <trkpt lat="61.989914886653423" lon="-6.82406997308135">
 <ele>231.28999999999999</ele>
 <time>2020-07-25T10:07:20Z</time>
 </trkpt>
 <trkpt lat="61.990016978234053" lon="-6.823994116857648">
 <ele>230.84999999999999</ele>
 <time>2020-07-25T10:07:12Z</time>
 </trkpt>
 <trkpt lat="61.990111777558923" lon="-6.823892276734114">
 <ele>231.69</ele>
 <time>2020-07-25T10:07:03Z</time>
 </trkpt>
 <trkpt lat="61.990199536085129" lon="-6.823781384155154">
 <ele>232</ele>
 <time>2020-07-25T10:06:51Z</time>
 </trkpt>
 <trkpt lat="61.990283103659749" lon="-6.82367954403162">
 <ele>231.53</ele>
 <time>2020-07-25T10:06:40Z</time>
 </trkpt>
 <trkpt lat="61.990365833044052" lon="-6.823550630360842">
 <ele>230.55000000000001</ele>
 <time>2020-07-25T10:06:32Z</time>
 </trkpt>
 <trkpt lat="61.990455603227019" lon="-6.823457591235638">
 <ele>229.84999999999999</ele>
 <time>2020-07-25T10:06:24Z</time>
 </trkpt>
 <trkpt lat="61.990546630695462" lon="-6.823356002569199">
 <ele>229.69999999999999</ele>
 <time>2020-07-25T10:06:15Z</time>
 </trkpt>
 <trkpt lat="61.990629360079765" lon="-6.823248127475381">
 <ele>230.66999999999999</ele>
 <time>2020-07-25T10:06:06Z</time>
 </trkpt>
 <trkpt lat="61.990727428346872" lon="-6.823258185759187">
 <ele>227.37</ele>
 <time>2020-07-25T10:05:53Z</time>
 </trkpt>
 <trkpt lat="61.990823484957218" lon="-6.823196662589908">
 <ele>224.44</ele>
 <time>2020-07-25T10:05:35Z</time>
 </trkpt>
 <trkpt lat="61.990910489112139" lon="-6.823095828294754">
 <ele>222.63999999999999</ele>
 <time>2020-07-25T10:05:23Z</time>
 </trkpt>
 <trkpt lat="61.991022974252701" lon="-6.822932967916131">
 <ele>221.56</ele>
 <time>2020-07-25T10:05:11Z</time>
 </trkpt>
 <trkpt lat="61.991132693365216" lon="-6.8228430300951">
 <ele>219.55000000000001</ele>
 <time>2020-07-25T10:05:00Z</time>
 </trkpt>
 <trkpt lat="61.99123939499259" lon="-6.822771532461047">
 <ele>217.41999999999999</ele>
 <time>2020-07-25T10:04:47Z</time>
 </trkpt>
 <trkpt lat="61.991343414410949" lon="-6.822709003463388">
 <ele>215.34999999999999</ele>
 <time>2020-07-25T10:04:34Z</time>
 </trkpt>
 <trkpt lat="61.991442488506436" lon="-6.822600457817316">
 <ele>213.05000000000001</ele>
 <time>2020-07-25T10:04:23Z</time>
 </trkpt>
 <trkpt lat="61.991538209840655" lon="-6.822504065930843">
 <ele>211.44999999999999</ele>
 <time>2020-07-25T10:04:13Z</time>
 </trkpt>
 <trkpt lat="61.991648683324456" lon="-6.822411613538861">
 <ele>210.47999999999999</ele>
 <time>2020-07-25T10:03:59Z</time>
 </trkpt>
 <trkpt lat="61.991728059947491" lon="-6.822356125339866">
 <ele>209.53999999999999</ele>
 <time>2020-07-25T10:03:44Z</time>
 </trkpt>
 <trkpt lat="61.991817159578204" lon="-6.822287226095796">
 <ele>208.34999999999999</ele>
 <time>2020-07-25T10:03:32Z</time>
 </trkpt>
 <trkpt lat="61.991884047165513" lon="-6.82229720056057">
 <ele>209.71000000000001</ele>
 <time>2020-07-25T10:03:17Z</time>
 </trkpt>
 <trkpt lat="61.991956047713757" lon="-6.822183877229691">
 <ele>210.28</ele>
 <time>2020-07-25T10:03:06Z</time>
 </trkpt>
 <trkpt lat="61.992049422115088" lon="-6.822098968550563">
 <ele>208.34999999999999</ele>
 <time>2020-07-25T10:02:51Z</time>
 </trkpt>
 <trkpt lat="61.992142293602228" lon="-6.822042223066092">
 <ele>206.68000000000001</ele>
 <time>2020-07-25T10:02:40Z</time>
 </trkpt>
 <trkpt lat="61.992230303585529" lon="-6.821967624127865">
 <ele>204.68000000000001</ele>
 <time>2020-07-25T10:02:30Z</time>
 </trkpt>
 <trkpt lat="61.99230900965631" lon="-6.821872154250741">
 <ele>203.28</ele>
 <time>2020-07-25T10:02:18Z</time>
 </trkpt>
 <trkpt lat="61.992390481755137" lon="-6.821705186739564">
 <ele>200.81</ele>
 <time>2020-07-25T10:02:03Z</time>
 </trkpt>
 <trkpt lat="61.992482850328088" lon="-6.821634108200669">
 <ele>197.83000000000001</ele>
 <time>2020-07-25T10:00:38Z</time>
 </trkpt>
 <trkpt lat="61.992530459538102" lon="-6.821442497894168">
 <ele>195.97</ele>
 <time>2020-07-25T10:00:20Z</time>
 </trkpt>
 <trkpt lat="61.992592485621572" lon="-6.821296904236078">
 <ele>190.78999999999999</ele>
 <time>2020-07-25T09:59:58Z</time>
 </trkpt>
 <trkpt lat="61.992648979648948" lon="-6.821174947544932">
 <ele>187.44999999999999</ele>
 <time>2020-07-25T09:59:35Z</time>
 </trkpt>
 <trkpt lat="61.992722656577826" lon="-6.821151729673147">
 <ele>184.08000000000001</ele>
 <time>2020-07-25T09:59:12Z</time>
 </trkpt>
 <trkpt lat="61.992785520851612" lon="-6.820985600352287">
 <ele>180.96000000000001</ele>
 <time>2020-07-25T09:58:56Z</time>
 </trkpt>
 <trkpt lat="61.9928621314466" lon="-6.820907145738602">
 <ele>179.53</ele>
 <time>2020-07-25T09:58:22Z</time>
 </trkpt>
 <trkpt lat="61.992924241349101" lon="-6.820773035287857">
 <ele>177.15000000000001</ele>
 <time>2020-07-25T09:58:06Z</time>
 </trkpt>
 <trkpt lat="61.992988111451268" lon="-6.820578575134277">
 <ele>174.88</ele>
 <time>2020-07-25T09:57:51Z</time>
 </trkpt>
 <trkpt lat="61.993057262152433" lon="-6.820395095273852">
 <ele>173.84999999999999</ele>
 <time>2020-07-25T09:57:40Z</time>
 </trkpt>
 <trkpt lat="61.993151055648923" lon="-6.8202596437186">
 <ele>171.99000000000001</ele>
 <time>2020-07-25T09:57:25Z</time>
 </trkpt>
 <trkpt lat="61.993197994306684" lon="-6.820077588781714">
 <ele>170.81999999999999</ele>
 <time>2020-07-25T09:57:14Z</time>
 </trkpt>
 <trkpt lat="61.993273934349418" lon="-6.819913303479552">
 <ele>170.63999999999999</ele>
 <time>2020-07-25T09:57:02Z</time>
 </trkpt>
 <trkpt lat="61.993356244638562" lon="-6.819776678457856">
 <ele>168.62</ele>
 <time>2020-07-25T09:56:45Z</time>
 </trkpt>
 <trkpt lat="61.993421958759427" lon="-6.819604011252523">
 <ele>167.33000000000001</ele>
 <time>2020-07-25T09:56:29Z</time>
 </trkpt>
 <trkpt lat="61.993458420038223" lon="-6.819411898031831">
 <ele>165.72</ele>
 <time>2020-07-25T09:56:09Z</time>
 </trkpt>
 <trkpt lat="61.993536958470941" lon="-6.819290360435844">
 <ele>164.13999999999999</ele>
 <time>2020-07-25T09:55:57Z</time>
 </trkpt>
 <trkpt lat="61.993593284860253" lon="-6.819125069305301">
 <ele>162.59999999999999</ele>
 <time>2020-07-25T09:55:42Z</time>
 </trkpt>
 <trkpt lat="61.993636954575777" lon="-6.818936727941036">
 <ele>160.09999999999999</ele>
 <time>2020-07-25T09:55:30Z</time>
 </trkpt>
 <trkpt lat="61.993689425289631" lon="-6.818761210888624">
 <ele>158.13999999999999</ele>
 <time>2020-07-25T09:55:19Z</time>
 </trkpt>
 <trkpt lat="61.993736615404487" lon="-6.818595333024859">
 <ele>157.41999999999999</ele>
 <time>2020-07-25T09:55:09Z</time>
 </trkpt>
 <trkpt lat="61.993776261806488" lon="-6.818419480696321">
 <ele>156.49000000000001</ele>
 <time>2020-07-25T09:54:18Z</time>
 </trkpt>
 <trkpt lat="61.993811633437872" lon="-6.818230133503676">
 <ele>154.94</ele>
 <time>2020-07-25T09:54:03Z</time>
 </trkpt>
 <trkpt lat="61.99384281411767" lon="-6.818033242598176">
 <ele>152.00999999999999</ele>
 <time>2020-07-25T09:53:48Z</time>
 </trkpt>
 <trkpt lat="61.99388287961483" lon="-6.81784288957715">
 <ele>149.06</ele>
 <time>2020-07-25T09:53:33Z</time>
 </trkpt>
 <trkpt lat="61.993920346722007" lon="-6.817638706415892">
 <ele>146.03999999999999</ele>
 <time>2020-07-25T09:53:18Z</time>
 </trkpt>
 <trkpt lat="61.993974577635527" lon="-6.817462434992194">
 <ele>144.59999999999999</ele>
 <time>2020-07-25T09:53:06Z</time>
 </trkpt>
 <trkpt lat="61.994017325341702" lon="-6.81728532537818">
 <ele>143.22</ele>
 <time>2020-07-25T09:52:55Z</time>
 </trkpt>
 <trkpt lat="61.994061414152384" lon="-6.817109556868672">
 <ele>140.78999999999999</ele>
 <time>2020-07-25T09:52:45Z</time>
 </trkpt>
 <trkpt lat="61.994104161858559" lon="-6.816946445032954">
 <ele>138.68000000000001</ele>
 <time>2020-07-25T09:52:34Z</time>
 </trkpt>
 <trkpt lat="61.994151854887605" lon="-6.816751733422279">
 <ele>137.46000000000001</ele>
 <time>2020-07-25T09:52:19Z</time>
 </trkpt>
 <trkpt lat="61.994204912334681" lon="-6.816545119509101">
 <ele>135.83000000000001</ele>
 <time>2020-07-25T09:52:07Z</time>
 </trkpt>
 <trkpt lat="61.9943075068295" lon="-6.816333224996924">
 <ele>132.58000000000001</ele>
 <time>2020-07-25T09:51:49Z</time>
 </trkpt>
 <trkpt lat="61.994395516812801" lon="-6.81616785004735">
 <ele>130.41</ele>
 <time>2020-07-25T09:51:32Z</time>
 </trkpt>
 <trkpt lat="61.99447707273066" lon="-6.815999876707792">
 <ele>128.41</ele>
 <time>2020-07-25T09:51:18Z</time>
 </trkpt>
 <trkpt lat="61.9945596344769" lon="-6.815901724621654">
 <ele>127.52</ele>
 <time>2020-07-25T09:50:57Z</time>
 </trkpt>
 <trkpt lat="61.994630796834826" lon="-6.815738445147872">
 <ele>125.53</ele>
 <time>2020-07-25T09:50:39Z</time>
 </trkpt>
 <trkpt lat="61.994724338874221" lon="-6.815607352182269">
 <ele>123.90000000000001</ele>
 <time>2020-07-25T09:50:26Z</time>
 </trkpt>
 <trkpt lat="61.994806732982397" lon="-6.815449018031359">
 <ele>121.84999999999999</ele>
 <time>2020-07-25T09:50:14Z</time>
 </trkpt>
 <trkpt lat="61.994894240051508" lon="-6.8152931984514">
 <ele>119.5</ele>
 <time>2020-07-25T09:50:02Z</time>
 </trkpt>
 <trkpt lat="61.994974706321955" lon="-6.815142827108502">
 <ele>118</ele>
 <time>2020-07-25T09:49:51Z</time>
 </trkpt>
 <trkpt lat="61.995067242532969" lon="-6.814982146024704">
 <ele>116.45</ele>
 <time>2020-07-25T09:49:38Z</time>
 </trkpt>
 <trkpt lat="61.995151061564684" lon="-6.814839905127883">
 <ele>114.84999999999999</ele>
 <time>2020-07-25T09:49:28Z</time>
 </trkpt>
 <trkpt lat="61.99523395858705" lon="-6.814707219600678">
 <ele>112.93000000000001</ele>
 <time>2020-07-25T09:49:18Z</time>
 </trkpt>
 <trkpt lat="61.995328925549984" lon="-6.814575036987662">
 <ele>111.2</ele>
 <time>2020-07-25T09:49:07Z</time>
 </trkpt>
 <trkpt lat="61.995410732924938" lon="-6.814418211579323">
 <ele>110.65000000000001</ele>
 <time>2020-07-25T09:48:56Z</time>
 </trkpt>
 <trkpt lat="61.995498994365335" lon="-6.814252249896526">
 <ele>109.20999999999999</ele>
 <time>2020-07-25T09:48:44Z</time>
 </trkpt>
 <trkpt lat="61.995585663244128" lon="-6.814144710078836">
 <ele>108.89</ele>
 <time>2020-07-25T09:48:34Z</time>
 </trkpt>
 <trkpt lat="61.995668392628431" lon="-6.814030632376671">
 <ele>108.09999999999999</ele>
 <time>2020-07-25T09:48:23Z</time>
 </trkpt>
 <trkpt lat="61.995737878605723" lon="-6.813897443935275">
 <ele>106.65000000000001</ele>
 <time>2020-07-25T09:48:12Z</time>
 </trkpt>
 <trkpt lat="61.995807448402047" lon="-6.813783450052142">
 <ele>105.56999999999999</ele>
 <time>2020-07-25T09:48:03Z</time>
 </trkpt>
 <trkpt lat="61.995872491970658" lon="-6.813655206933618">
 <ele>104.98</ele>
 <time>2020-07-25T09:47:55Z</time>
 </trkpt>
 <trkpt lat="61.995933428406715" lon="-6.813516905531287">
 <ele>104.06999999999999</ele>
 <time>2020-07-25T09:47:45Z</time>
 </trkpt>
 <trkpt lat="61.995996879413724" lon="-6.813415065407753">
 <ele>103.39</ele>
 <time>2020-07-25T09:47:08Z</time>
 </trkpt>
 <trkpt lat="61.99613886885345" lon="-6.813273327425122">
 <ele>102.28</ele>
 <time>2020-07-25T09:46:46Z</time>
 </trkpt>
 <trkpt lat="61.996217239648104" lon="-6.813147515058518">
 <ele>101.37</ele>
 <time>2020-07-25T09:46:39Z</time>
 </trkpt>
 <trkpt lat="61.996302399784327" lon="-6.8130171764642">
 <ele>100.84999999999999</ele>
 <time>2020-07-25T09:46:32Z</time>
 </trkpt>
 <trkpt lat="61.996385967358947" lon="-6.812889771535993">
 <ele>100.70999999999999</ele>
 <time>2020-07-25T09:46:23Z</time>
 </trkpt>
 <trkpt lat="61.996472720056772" lon="-6.812765384092927">
 <ele>100.27</ele>
 <time>2020-07-25T09:46:16Z</time>
 </trkpt>
 <trkpt lat="61.996555784717202" lon="-6.812641667202115">
 <ele>99.719999999999999</ele>
 <time>2020-07-25T09:46:09Z</time>
 </trkpt>
 <trkpt lat="61.996634155511856" lon="-6.812486937269568">
 <ele>99.840000000000003</ele>
 <time>2020-07-25T09:46:02Z</time>
 </trkpt>
 <trkpt lat="61.996712107211351" lon="-6.812342684715986">
 <ele>99.189999999999998</ele>
 <time>2020-07-25T09:45:55Z</time>
 </trkpt>
 <trkpt lat="61.996782934293151" lon="-6.812198851257563">
 <ele>98.150000000000006</ele>
 <time>2020-07-25T09:45:47Z</time>
 </trkpt>
 <trkpt lat="61.996858790516853" lon="-6.812059795483947">
 <ele>97.450000000000003</ele>
 <time>2020-07-25T09:45:40Z</time>
 </trkpt>
 <trkpt lat="61.996924672275782" lon="-6.811926942318678">
 <ele>96.739999999999995</ele>
 <time>2020-07-25T09:45:34Z</time>
 </trkpt>
 <trkpt lat="61.996994661167264" lon="-6.811776319518685">
 <ele>96.370000000000005</ele>
 <time>2020-07-25T09:45:28Z</time>
 </trkpt>
 <trkpt lat="61.997073534876108" lon="-6.811622008681297">
 <ele>95.870000000000005</ele>
 <time>2020-07-25T09:45:22Z</time>
 </trkpt>
 <trkpt lat="61.997154923155904" lon="-6.811472559347749">
 <ele>96.189999999999998</ele>
 <time>2020-07-25T09:45:15Z</time>
 </trkpt>
 <trkpt lat="61.997235054150224" lon="-6.811309112235904">
 <ele>96.140000000000001</ele>
 <time>2020-07-25T09:45:07Z</time>
 </trkpt>
 <trkpt lat="61.997313844040036" lon="-6.811152873560786">
 <ele>95.25</ele>
 <time>2020-07-25T09:44:59Z</time>
 </trkpt>
 <trkpt lat="61.997397495433688" lon="-6.811000406742096">
 <ele>94.310000000000002</ele>
 <time>2020-07-25T09:44:51Z</time>
 </trkpt>
 <trkpt lat="61.997466227039695" lon="-6.810863865539432">
 <ele>94.340000000000003</ele>
 <time>2020-07-25T09:44:45Z</time>
 </trkpt>
 <trkpt lat="61.997552895918489" lon="-6.810722965747118">
 <ele>93.849999999999994</ele>
 <time>2020-07-25T09:44:39Z</time>
 </trkpt>
 <trkpt lat="61.997649455443025" lon="-6.810632608830929">
 <ele>92.709999999999994</ele>
 <time>2020-07-25T09:44:32Z</time>
 </trkpt>
 <trkpt lat="61.997758923098445" lon="-6.81063168682158">
 <ele>92.400000000000006</ele>
 <time>2020-07-25T09:44:25Z</time>
 </trkpt>
 <trkpt lat="61.997852465137839" lon="-6.810540491715074">
 <ele>92.430000000000007</ele>
 <time>2020-07-25T09:44:19Z</time>
 </trkpt>
 <trkpt lat="61.997932679951191" lon="-6.810377966612577">
 <ele>92.099999999999994</ele>
 <time>2020-07-25T09:44:11Z</time>
 </trkpt>
 <trkpt lat="61.998007530346513" lon="-6.810221476480365">
 <ele>92.680000000000007</ele>
 <time>2020-07-25T09:44:04Z</time>
 </trkpt>
 <trkpt lat="61.998095959424973" lon="-6.810070350766182">
 <ele>92.620000000000005</ele>
 <time>2020-07-25T09:43:57Z</time>
 </trkpt>
 <trkpt lat="61.99816863052547" lon="-6.8099260982126">
 <ele>92.890000000000001</ele>
 <time>2020-07-25T09:43:51Z</time>
 </trkpt>
 <trkpt lat="61.998250437900424" lon="-6.809795508161187">
 <ele>94.189999999999998</ele>
 <time>2020-07-25T09:43:44Z</time>
 </trkpt>
 <trkpt lat="61.998336017131805" lon="-6.809660559520125">
 <ele>94.859999999999999</ele>
 <time>2020-07-25T09:43:38Z</time>
 </trkpt>
 <trkpt lat="61.998423188924789" lon="-6.809531729668379">
 <ele>95.840000000000003</ele>
 <time>2020-07-25T09:43:31Z</time>
 </trkpt>
 <trkpt lat="61.998510444536805" lon="-6.80941111408174">
 <ele>96.730000000000004</ele>
 <time>2020-07-25T09:43:25Z</time>
 </trkpt>
 <trkpt lat="61.998595520853996" lon="-6.809278512373567">
 <ele>97.629999999999995</ele>
 <time>2020-07-25T09:43:18Z</time>
 </trkpt>
 <trkpt lat="61.99868562631309" lon="-6.809152951464057">
 <ele>99.060000000000002</ele>
 <time>2020-07-25T09:43:11Z</time>
 </trkpt>
 <trkpt lat="61.998766846954823" lon="-6.80902311578393">
 <ele>99.370000000000005</ele>
 <time>2020-07-25T09:43:05Z</time>
 </trkpt>
 <trkpt lat="61.998852593824267" lon="-6.808884060010314">
 <ele>100.67</ele>
 <time>2020-07-25T09:42:59Z</time>
 </trkpt>
 <trkpt lat="61.998944040387869" lon="-6.808763612061739">
 <ele>101.83</ele>
 <time>2020-07-25T09:42:52Z</time>
 </trkpt>
 <trkpt lat="61.999024841934443" lon="-6.808646013960242">
 <ele>102.42</ele>
 <time>2020-07-25T09:42:46Z</time>
 </trkpt>
 <trkpt lat="61.99910581111908" lon="-6.808543251827359">
 <ele>103.62</ele>
 <time>2020-07-25T09:42:40Z</time>
 </trkpt>
 <trkpt lat="61.999200358986855" lon="-6.808410901576281">
 <ele>103.87</ele>
 <time>2020-07-25T09:42:33Z</time>
 </trkpt>
 <trkpt lat="61.999303121119738" lon="-6.808281904086471">
 <ele>104.17</ele>
 <time>2020-07-25T09:42:25Z</time>
 </trkpt>
 <trkpt lat="61.999386940151453" lon="-6.808157600462437">
 <ele>104.43000000000001</ele>
 <time>2020-07-25T09:42:19Z</time>
 </trkpt>
 <trkpt lat="61.999475117772818" lon="-6.808043103665113">
 <ele>105.28</ele>
 <time>2020-07-25T09:42:12Z</time>
 </trkpt>
 <trkpt lat="61.999558098614216" lon="-6.807877561077476">
 <ele>105.37</ele>
 <time>2020-07-25T09:42:05Z</time>
 </trkpt>
 <trkpt lat="61.999640492722392" lon="-6.807731967419386">
 <ele>105.23999999999999</ele>
 <time>2020-07-25T09:41:58Z</time>
 </trkpt>
 <trkpt lat="61.999715007841587" lon="-6.807613112032414">
 <ele>105.70999999999999</ele>
 <time>2020-07-25T09:41:50Z</time>
 </trkpt>
 <trkpt lat="61.999800587072968" lon="-6.807471793144941">
 <ele>107.53</ele>
 <time>2020-07-25T09:41:42Z</time>
 </trkpt>
 <trkpt lat="61.999875353649259" lon="-6.807326786220074">
 <ele>108.64</ele>
 <time>2020-07-25T09:41:35Z</time>
 </trkpt>
 <trkpt lat="61.999949449673295" lon="-6.807218911126256">
 <ele>109.58</ele>
 <time>2020-07-25T09:41:29Z</time>
 </trkpt>
 <trkpt lat="62.000063108280301" lon="-6.807244308292866">
 <ele>112.23</ele>
 <time>2020-07-25T09:40:45Z</time>
 </trkpt>
 <trkpt lat="62.000090852379799" lon="-6.807438265532255">
 <ele>111.58</ele>
 <time>2020-07-25T09:40:13Z</time>
 </trkpt>
 </trkseg>
 </trk>

</gpx>