<?xml version="1.0" encoding="utf-8"?> <gpx creator="Garmin Desktop App" version="1.1" xsi:schemaLocation="http://www.topografix.com/GPX/1/1 http://www.topografix.com/GPX/1/1/gpx.xsd http://www.garmin.com/xmlschemas/WaypointExtension/v1 http://www8.garmin.com/xmlschemas/WaypointExtensionv1.xsd http://www.garmin.com/xmlschemas/TrackPointExtension/v1 http://www.garmin.com/xmlschemas/TrackPointExtensionv1.xsd http://www.garmin.com/xmlschemas/GpxExtensions/v3 http://www8.garmin.com/xmlschemas/GpxExtensionsv3.xsd http://www.garmin.com/xmlschemas/ActivityExtension/v1 http://www8.garmin.com/xmlschemas/ActivityExtensionv1.xsd http://www.garmin.com/xmlschemas/AdventuresExtensions/v1 http://www8.garmin.com/xmlschemas/AdventuresExtensionv1.xsd http://www.garmin.com/xmlschemas/PressureExtension/v1 http://www.garmin.com/xmlschemas/PressureExtensionv1.xsd http://www.garmin.com/xmlschemas/TripExtensions/v1 http://www.garmin.com/xmlschemas/TripExtensionsv1.xsd http://www.garmin.com/xmlschemas/TripMetaDataExtensions/v1 http://www.garmin.com/xmlschemas/TripMetaDataExtensionsv1.xsd http://www.garmin.com/xmlschemas/ViaPointTransportationModeExtensions/v1 http://www.garmin.com/xmlschemas/ViaPointTransportationModeExtensionsv1.xsd http://www.garmin.com/xmlschemas/CreationTimeExtension/v1 http://www.garmin.com/xmlschemas/CreationTimeExtensionsv1.xsd http://www.garmin.com/xmlschemas/AccelerationExtension/v1 http://www.garmin.com/xmlschemas/AccelerationExtensionv1.xsd http://www.garmin.com/xmlschemas/PowerExtension/v1 http://www.garmin.com/xmlschemas/PowerExtensionv1.xsd http://www.garmin.com/xmlschemas/VideoExtension/v1 http://www.garmin.com/xmlschemas/VideoExtensionv1.xsd" xmlns="http://www.topografix.com/GPX/1/1" xmlns:xsi="http://www.w3.org/2001/XMLSchema-instance" xmlns:wptx1="http://www.garmin.com/xmlschemas/WaypointExtension/v1" xmlns:gpxtrx="http://www.garmin.com/xmlschemas/GpxExtensions/v3" xmlns:gpxtpx="http://www.garmin.com/xmlschemas/TrackPointExtension/v1" xmlns:gpxx="http://www.garmin.com/xmlschemas/GpxExtensions/v3" xmlns:trp="http://www.garmin.com/xmlschemas/TripExtensions/v1" xmlns:adv="http://www.garmin.com/xmlschemas/AdventuresExtensions/v1" xmlns:prs="http://www.garmin.com/xmlschemas/PressureExtension/v1" xmlns:tmd="http://www.garmin.com/xmlschemas/TripMetaDataExtensions/v1" xmlns:vptm="http://www.garmin.com/xmlschemas/ViaPointTransportationModeExtensions/v1" xmlns:ctx="http://www.garmin.com/xmlschemas/CreationTimeExtension/v1" xmlns:gpxacc="http://www.garmin.com/xmlschemas/AccelerationExtension/v1" xmlns:gpxpx="http://www.garmin.com/xmlschemas/PowerExtension/v1" xmlns:vidx1="http://www.garmin.com/xmlschemas/VideoExtension/v1">

 <metadata>
 <link href="http://www.garmin.com">
 <text>Garmin International</text>
 </link>
 <time>2025-05-08T10:51:28Z</time>
 <bounds maxlat="62.009235257282853" maxlon="-6.614661533385515" minlat="61.957386899739504" minlon="-6.675968114286661" />
 </metadata>

 <wpt lat="61.95742528885603" lon="-6.614661533385515">
 <ele>41.95703125</ele>
 <time>2025-05-08T10:51:01Z</time>
 <name>Leuchtturm Nólsoyarviti</name>
 <sym>Flag, Blue</sym>
 <type>user</type>
 <extensions>
 <gpxx:WaypointExtension>
 <gpxx:DisplayMode>SymbolAndName</gpxx:DisplayMode>
 </gpxx:WaypointExtension>
 <wptx1:WaypointExtension>
 <wptx1:DisplayMode>SymbolAndName</wptx1:DisplayMode>
 </wptx1:WaypointExtension>
 <ctx:CreationTimeExtension>
 <ctx:CreationTime>2025-05-08T10:51:01Z</ctx:CreationTime>
 </ctx:CreationTimeExtension>
 </extensions>
 </wpt>

 <wpt lat="61.993516003713012" lon="-6.667016996070743">
 <ele>182.280731</ele>
 <time>2020-07-22T09:32:51Z</time>
 <name>WP1 06_N</name>
 <sym>Flag, Blue</sym>
 <type>user</type>
 <extensions>
 <gpxx:WaypointExtension>
 <gpxx:DisplayMode>SymbolAndName</gpxx:DisplayMode>
 </gpxx:WaypointExtension>
 <wptx1:WaypointExtension>
 <wptx1:DisplayMode>SymbolAndName</wptx1:DisplayMode>
 </wptx1:WaypointExtension>
 <ctx:CreationTimeExtension>
 <ctx:CreationTime>2020-07-22T09:32:51Z</ctx:CreationTime>
 </ctx:CreationTimeExtension>
 </extensions>
 </wpt>

 <wpt lat="61.980425985530019" lon="-6.655940981581807">
 <ele>196.42569</ele>
 <time>2020-07-22T09:57:59Z</time>
 <name>WP2 09_N</name>
 <sym>Flag, Blue</sym>
 <type>user</type>
 <extensions>
 <gpxx:WaypointExtension>
 <gpxx:DisplayMode>SymbolAndName</gpxx:DisplayMode>
 </gpxx:WaypointExtension>
 <wptx1:WaypointExtension>
 <wptx1:DisplayMode>SymbolAndName</wptx1:DisplayMode>
 </wptx1:WaypointExtension>
 <ctx:CreationTimeExtension>
 <ctx:CreationTime>2020-07-22T09:57:59Z</ctx:CreationTime>
 </ctx:CreationTimeExtension>
 </extensions>
 </wpt>

 <wpt lat="61.965392958372831" lon="-6.632267972454429">
 <ele>127.759911</ele>
 <time>2020-07-22T10:28:38Z</time>
 <name>WP3 12_N</name>
 <sym>Flag, Blue</sym>
 <type>user</type>
 <extensions>
 <gpxx:WaypointExtension>
 <gpxx:DisplayMode>SymbolAndName</gpxx:DisplayMode>
 </gpxx:WaypointExtension>
 <wptx1:WaypointExtension>
 <wptx1:DisplayMode>SymbolAndName</wptx1:DisplayMode>
 </wptx1:WaypointExtension>
 <ctx:CreationTimeExtension>
 <ctx:CreationTime>2020-07-22T10:28:38Z</ctx:CreationTime>
 </ctx:CreationTimeExtension>
 </extensions>
 </wpt>

 <trk>
 <name>16 Wanderung Nolsoy Bordan CS 001</name>
 <extensions>
 <gpxx:TrackExtension>
 <gpxx:DisplayColor>Blue</gpxx:DisplayColor>
 </gpxx:TrackExtension>
 </extensions>
 <trkseg>
 <trkpt lat="62.006299747154117" lon="-6.672126771882176">
 <ele>-17.829999999999998</ele>
 <time>2020-07-22T08:59:52Z</time>
 </trkpt>
 <trkpt lat="62.006541900336742" lon="-6.671599298715591">
 <ele>-10.539999999999999</ele>
 <time>2020-07-22T09:00:57Z</time>
 </trkpt>
 <trkpt lat="62.006457326933742" lon="-6.671343483030796">
 <ele>-7.67</ele>
 <time>2020-07-22T09:01:18Z</time>
 </trkpt>
 <trkpt lat="62.00632288120687" lon="-6.671146340668201">
 <ele>-6.04</ele>
 <time>2020-07-22T09:01:36Z</time>
 </trkpt>
 <trkpt lat="62.006256245076656" lon="-6.671036537736654">
 <ele>-5.85</ele>
 <time>2020-07-22T09:01:42Z</time>
 </trkpt>
 <trkpt lat="62.006144849583507" lon="-6.671061599627137">
 <ele>-4.98</ele>
 <time>2020-07-22T09:01:48Z</time>
 </trkpt>
 <trkpt lat="62.006055079400539" lon="-6.671013738960028">
 <ele>-4.58</ele>
 <time>2020-07-22T09:01:52Z</time>
 </trkpt>
 <trkpt lat="62.005986850708723" lon="-6.670958669856191">
 <ele>-3.58</ele>
 <time>2020-07-22T09:01:59Z</time>
 </trkpt>
 <trkpt lat="62.00590068474412" lon="-6.67090343311429">
 <ele>-3.41</ele>
 <time>2020-07-22T09:02:03Z</time>
 </trkpt>
 <trkpt lat="62.005830695852637" lon="-6.670833695679903">
 <ele>-2.95</ele>
 <time>2020-07-22T09:02:06Z</time>
 </trkpt>
 <trkpt lat="62.005715779960155" lon="-6.670752810314298">
 <ele>-2.44</ele>
 <time>2020-07-22T09:02:09Z</time>
 </trkpt>
 <trkpt lat="62.00551469810307" lon="-6.670554662123323">
 <ele>-1.36</ele>
 <time>2020-07-22T09:02:18Z</time>
 </trkpt>
 <trkpt lat="62.00532803311944" lon="-6.670385766774416">
 <ele>-0.66</ele>
 <time>2020-07-22T09:02:25Z</time>
 </trkpt>
 <trkpt lat="62.005173722282052" lon="-6.670231623575091">
 <ele>2.13</ele>
 <time>2020-07-22T09:02:56Z</time>
 </trkpt>
 <trkpt lat="62.005001474171877" lon="-6.670004306361079">
 <ele>2.99</ele>
 <time>2020-07-22T09:03:08Z</time>
 </trkpt>
 <trkpt lat="62.004856802523136" lon="-6.669892324134708">
 <ele>3.72</ele>
 <time>2020-07-22T09:03:18Z</time>
 </trkpt>
 <trkpt lat="62.004770720377564" lon="-6.669800542294979">
 <ele>4.48</ele>
 <time>2020-07-22T09:03:26Z</time>
 </trkpt>
 <trkpt lat="62.004684554412961" lon="-6.669716136530042">
 <ele>4.97</ele>
 <time>2020-07-22T09:03:33Z</time>
 </trkpt>
 <trkpt lat="62.004584055393934" lon="-6.669591413810849">
 <ele>5</ele>
 <time>2020-07-22T09:03:41Z</time>
 </trkpt>
 <trkpt lat="62.004505097866058" lon="-6.669503403827548">
 <ele>5.47</ele>
 <time>2020-07-22T09:03:48Z</time>
 </trkpt>
 <trkpt lat="62.004426056519151" lon="-6.669462835416198">
 <ele>5.89</ele>
 <time>2020-07-22T09:03:55Z</time>
 </trkpt>
 <trkpt lat="62.00433804653585" lon="-6.669436935335398">
 <ele>6.55</ele>
 <time>2020-07-22T09:04:03Z</time>
 </trkpt>
 <trkpt lat="62.004228578880429" lon="-6.669345069676638">
 <ele>7</ele>
 <time>2020-07-22T09:04:11Z</time>
 </trkpt>
 <trkpt lat="62.004113662987947" lon="-6.669286144897342">
 <ele>7.45</ele>
 <time>2020-07-22T09:04:18Z</time>
 </trkpt>
 <trkpt lat="62.00402925722301" lon="-6.669245576485992">
 <ele>7.53</ele>
 <time>2020-07-22T09:04:25Z</time>
 </trkpt>
 <trkpt lat="62.003939487040043" lon="-6.669172151014209">
 <ele>7.69</ele>
 <time>2020-07-22T09:04:32Z</time>
 </trkpt>
 <trkpt lat="62.003852901980281" lon="-6.669072825461626">
 <ele>8.039999999999999</ele>
 <time>2020-07-22T09:04:40Z</time>
 </trkpt>
 <trkpt lat="62.003775201737881" lon="-6.668957406654954">
 <ele>8.880000000000001</ele>
 <time>2020-07-22T09:04:48Z</time>
 </trkpt>
 <trkpt lat="62.003680067136884" lon="-6.66888783685863">
 <ele>9.869999999999999</ele>
 <time>2020-07-22T09:04:56Z</time>
 </trkpt>
 <trkpt lat="62.003572778776288" lon="-6.668845927342773">
 <ele>10.77</ele>
 <time>2020-07-22T09:05:05Z</time>
 </trkpt>
 <trkpt lat="62.003483176231384" lon="-6.668804856017232">
 <ele>11.949999999999999</ele>
 <time>2020-07-22T09:05:13Z</time>
 </trkpt>
 <trkpt lat="62.003396423533559" lon="-6.668711816892028">
 <ele>13.380000000000001</ele>
 <time>2020-07-22T09:05:30Z</time>
 </trkpt>
 <trkpt lat="62.003290057182312" lon="-6.668694214895368">
 <ele>14.74</ele>
 <time>2020-07-22T09:05:42Z</time>
 </trkpt>
 <trkpt lat="62.003192408010364" lon="-6.668680300936103">
 <ele>15.25</ele>
 <time>2020-07-22T09:05:50Z</time>
 </trkpt>
 <trkpt lat="62.003090735524893" lon="-6.668672002851963">
 <ele>15.720000000000001</ele>
 <time>2020-07-22T09:05:58Z</time>
 </trkpt>
 <trkpt lat="62.002985375002027" lon="-6.668678289279342">
 <ele>15.050000000000001</ele>
 <time>2020-07-22T09:06:06Z</time>
 </trkpt>
 <trkpt lat="62.002887222915888" lon="-6.668722042813897">
 <ele>15.390000000000001</ele>
 <time>2020-07-22T09:06:13Z</time>
 </trkpt>
 <trkpt lat="62.002796698361635" lon="-6.668757162988186">
 <ele>15.369999999999999</ele>
 <time>2020-07-22T09:06:20Z</time>
 </trkpt>
 <trkpt lat="62.002703407779336" lon="-6.668790271505714">
 <ele>15.59</ele>
 <time>2020-07-22T09:06:27Z</time>
 </trkpt>
 <trkpt lat="62.002610620111227" lon="-6.668800245970488">
 <ele>15.9</ele>
 <time>2020-07-22T09:06:35Z</time>
 </trkpt>
 <trkpt lat="62.002513809129596" lon="-6.668779626488686">
 <ele>17.300000000000001</ele>
 <time>2020-07-22T09:06:47Z</time>
 </trkpt>
 <trkpt lat="62.002420434728265" lon="-6.66876076720655">
 <ele>19.199999999999999</ele>
 <time>2020-07-22T09:06:57Z</time>
 </trkpt>
 <trkpt lat="62.002331335097551" lon="-6.668752050027251">
 <ele>20.48</ele>
 <time>2020-07-22T09:07:06Z</time>
 </trkpt>
 <trkpt lat="62.00224039144814" lon="-6.668744087219238">
 <ele>21.190000000000001</ele>
 <time>2020-07-22T09:07:15Z</time>
 </trkpt>
 <trkpt lat="62.002138635143638" lon="-6.668723970651627">
 <ele>22.309999999999999</ele>
 <time>2020-07-22T09:07:24Z</time>
 </trkpt>
 <trkpt lat="62.002040231600404" lon="-6.668689688667655">
 <ele>23.920000000000002</ele>
 <time>2020-07-22T09:07:34Z</time>
 </trkpt>
 <trkpt lat="62.001931853592396" lon="-6.668660854920745">
 <ele>26.57</ele>
 <time>2020-07-22T09:07:46Z</time>
 </trkpt>
 <trkpt lat="62.001837976276875" lon="-6.668616095557809">
 <ele>28.52</ele>
 <time>2020-07-22T09:07:58Z</time>
 </trkpt>
 <trkpt lat="62.001719539985061" lon="-6.668502269312739">
 <ele>29.77</ele>
 <time>2020-07-22T09:08:09Z</time>
 </trkpt>
 <trkpt lat="62.001625914126635" lon="-6.668418534100056">
 <ele>30.84</ele>
 <time>2020-07-22T09:08:18Z</time>
 </trkpt>
 <trkpt lat="62.00152843259275" lon="-6.6683420073241">
 <ele>32.119999999999997</ele>
 <time>2020-07-22T09:08:27Z</time>
 </trkpt>
 <trkpt lat="62.00144000351429" lon="-6.668260283768177">
 <ele>32.590000000000003</ele>
 <time>2020-07-22T09:08:35Z</time>
 </trkpt>
 <trkpt lat="62.001348389312625" lon="-6.668169256299734">
 <ele>33.57</ele>
 <time>2020-07-22T09:08:43Z</time>
 </trkpt>
 <trkpt lat="62.001258032396436" lon="-6.66808451525867">
 <ele>34.490000000000002</ele>
 <time>2020-07-22T09:08:51Z</time>
 </trkpt>
 <trkpt lat="62.001164741814137" lon="-6.668001618236303">
 <ele>36.159999999999997</ele>
 <time>2020-07-22T09:09:01Z</time>
 </trkpt>
 <trkpt lat="62.001072792336345" lon="-6.667910339310765">
 <ele>37.350000000000001</ele>
 <time>2020-07-22T09:09:10Z</time>
 </trkpt>
 <trkpt lat="62.000974807888269" lon="-6.66783481836319">
 <ele>38.18</ele>
 <time>2020-07-22T09:09:19Z</time>
 </trkpt>
 <trkpt lat="62.000881349667907" lon="-6.667766002938151">
 <ele>39.520000000000003</ele>
 <time>2020-07-22T09:09:28Z</time>
 </trkpt>
 <trkpt lat="62.000786466524005" lon="-6.667684949934483">
 <ele>40.590000000000003</ele>
 <time>2020-07-22T09:09:37Z</time>
 </trkpt>
 <trkpt lat="62.000685716047883" lon="-6.667604735121131">
 <ele>40.689999999999998</ele>
 <time>2020-07-22T09:09:46Z</time>
 </trkpt>
 <trkpt lat="62.000598460435867" lon="-6.667519994080067">
 <ele>40.539999999999999</ele>
 <time>2020-07-22T09:09:54Z</time>
 </trkpt>
 <trkpt lat="62.000508019700646" lon="-6.667445562779903">
 <ele>40.920000000000002</ele>
 <time>2020-07-22T09:10:03Z</time>
 </trkpt>
 <trkpt lat="62.000406850129366" lon="-6.667375825345516">
 <ele>41.93</ele>
 <time>2020-07-22T09:10:12Z</time>
 </trkpt>
 <trkpt lat="62.000312972813845" lon="-6.667303657159209">
 <ele>42.710000000000001</ele>
 <time>2020-07-22T09:10:20Z</time>
 </trkpt>
 <trkpt lat="62.000216078013182" lon="-6.667227549478412">
 <ele>42.920000000000002</ele>
 <time>2020-07-22T09:10:28Z</time>
 </trkpt>
 <trkpt lat="62.000113315880299" lon="-6.667145406827331">
 <ele>43.189999999999998</ele>
 <time>2020-07-22T09:10:36Z</time>
 </trkpt>
 <trkpt lat="62.00002103112638" lon="-6.66707499884069">
 <ele>43.619999999999997</ele>
 <time>2020-07-22T09:10:44Z</time>
 </trkpt>
 <trkpt lat="61.999944839626551" lon="-6.66703199967742">
 <ele>44.030000000000001</ele>
 <time>2020-07-22T09:11:14Z</time>
 </trkpt>
 <trkpt lat="61.999901840463281" lon="-6.666933177039027">
 <ele>44.869999999999997</ele>
 <time>2020-07-22T09:11:31Z</time>
 </trkpt>
 <trkpt lat="61.999802514910698" lon="-6.666832258924842">
 <ele>44.579999999999998</ele>
 <time>2020-07-22T09:11:40Z</time>
 </trkpt>
 <trkpt lat="61.999675780534744" lon="-6.666709464043379">
 <ele>45.439999999999998</ele>
 <time>2020-07-22T09:11:50Z</time>
 </trkpt>
 <trkpt lat="61.999562792479992" lon="-6.66651894338429">
 <ele>46.740000000000002</ele>
 <time>2020-07-22T09:11:59Z</time>
 </trkpt>
 <trkpt lat="61.999485678970814" lon="-6.666390700265765">
 <ele>49.490000000000002</ele>
 <time>2020-07-22T09:12:10Z</time>
 </trkpt>
 <trkpt lat="61.999444607645273" lon="-6.666185846552253">
 <ele>51.119999999999997</ele>
 <time>2020-07-22T09:12:26Z</time>
 </trkpt>
 <trkpt lat="61.999455420300364" lon="-6.666094483807683">
 <ele>52.229999999999997</ele>
 <time>2020-07-22T09:13:01Z</time>
 </trkpt>
 <trkpt lat="61.999426754191518" lon="-6.666021225973964">
 <ele>52.899999999999999</ele>
 <time>2020-07-22T09:13:09Z</time>
 </trkpt>
 <trkpt lat="61.999446619302034" lon="-6.665908070281148">
 <ele>53.130000000000003</ele>
 <time>2020-07-22T09:13:17Z</time>
 </trkpt>
 <trkpt lat="61.999425916001201" lon="-6.665864149108529">
 <ele>52.490000000000002</ele>
 <time>2020-07-22T09:13:25Z</time>
 </trkpt>
 <trkpt lat="61.999328937381506" lon="-6.665819892659783">
 <ele>52.340000000000003</ele>
 <time>2020-07-22T09:13:33Z</time>
 </trkpt>
 <trkpt lat="61.999255092814565" lon="-6.66583145968616">
 <ele>52.259999999999998</ele>
 <time>2020-07-22T09:13:41Z</time>
 </trkpt>
 <trkpt lat="61.999162724241614" lon="-6.665791478008032">
 <ele>52.520000000000003</ele>
 <time>2020-07-22T09:13:49Z</time>
 </trkpt>
 <trkpt lat="61.999074714258313" lon="-6.665798518806696">
 <ele>53.25</ele>
 <time>2020-07-22T09:13:58Z</time>
 </trkpt>
 <trkpt lat="61.99898854829371" lon="-6.665733978152275">
 <ele>52.710000000000001</ele>
 <time>2020-07-22T09:14:07Z</time>
 </trkpt>
 <trkpt lat="61.998890228569508" lon="-6.665717801079154">
 <ele>53.579999999999998</ele>
 <time>2020-07-22T09:14:16Z</time>
 </trkpt>
 <trkpt lat="61.998790819197893" lon="-6.665764404460788">
 <ele>54.149999999999999</ele>
 <time>2020-07-22T09:14:24Z</time>
 </trkpt>
 <trkpt lat="61.998695936053991" lon="-6.665788376703858">
 <ele>53.979999999999997</ele>
 <time>2020-07-22T09:14:32Z</time>
 </trkpt>
 <trkpt lat="61.998601974919438" lon="-6.665730457752943">
 <ele>54.710000000000001</ele>
 <time>2020-07-22T09:14:40Z</time>
 </trkpt>
 <trkpt lat="61.998515808954835" lon="-6.66562476195395">
 <ele>55.729999999999997</ele>
 <time>2020-07-22T09:14:49Z</time>
 </trkpt>
 <trkpt lat="61.998422937467694" lon="-6.665557790547609">
 <ele>57.310000000000002</ele>
 <time>2020-07-22T09:14:58Z</time>
 </trkpt>
 <trkpt lat="61.998339369893074" lon="-6.66546206921339">
 <ele>58.210000000000001</ele>
 <time>2020-07-22T09:15:08Z</time>
 </trkpt>
 <trkpt lat="61.998265190050006" lon="-6.665357882156968">
 <ele>58.990000000000002</ele>
 <time>2020-07-22T09:15:18Z</time>
 </trkpt>
 <trkpt lat="61.998182544484735" lon="-6.665315721184015">
 <ele>60.759999999999998</ele>
 <time>2020-07-22T09:15:28Z</time>
 </trkpt>
 <trkpt lat="61.998102581128478" lon="-6.66540096513927">
 <ele>62.590000000000003</ele>
 <time>2020-07-22T09:15:41Z</time>
 </trkpt>
 <trkpt lat="61.998014152050018" lon="-6.665429379791021">
 <ele>64.019999999999996</ele>
 <time>2020-07-22T09:15:51Z</time>
 </trkpt>
 <trkpt lat="61.997915664687753" lon="-6.665425188839436">
 <ele>66.180000000000007</ele>
 <time>2020-07-22T09:16:02Z</time>
 </trkpt>
 <trkpt lat="61.99782757088542" lon="-6.665370874106884">
 <ele>68.489999999999995</ele>
 <time>2020-07-22T09:16:13Z</time>
 </trkpt>
 <trkpt lat="61.997728580608964" lon="-6.665380513295531">
 <ele>69.579999999999998</ele>
 <time>2020-07-22T09:16:23Z</time>
 </trkpt>
 <trkpt lat="61.997638056054711" lon="-6.665411693975329">
 <ele>70.969999999999999</ele>
 <time>2020-07-22T09:16:32Z</time>
 </trkpt>
 <trkpt lat="61.997547950595617" lon="-6.665459387004376">
 <ele>72.700000000000003</ele>
 <time>2020-07-22T09:16:43Z</time>
 </trkpt>
 <trkpt lat="61.997463293373585" lon="-6.665539601817727">
 <ele>75.140000000000001</ele>
 <time>2020-07-22T09:16:57Z</time>
 </trkpt>
 <trkpt lat="61.997378300875425" lon="-6.665621157735586">
 <ele>77.829999999999998</ele>
 <time>2020-07-22T09:17:11Z</time>
 </trkpt>
 <trkpt lat="61.99728668667376" lon="-6.665640100836754">
 <ele>80.930000000000007</ele>
 <time>2020-07-22T09:17:26Z</time>
 </trkpt>
 <trkpt lat="61.997196581214666" lon="-6.665630880743265">
 <ele>83.760000000000005</ele>
 <time>2020-07-22T09:17:42Z</time>
 </trkpt>
 <trkpt lat="61.997186271473765" lon="-6.665623672306538">
 <ele>84.049999999999997</ele>
 <time>2020-07-22T09:18:50Z</time>
 </trkpt>
 <trkpt lat="61.9971689209342" lon="-6.665553012862802">
 <ele>84.280000000000001</ele>
 <time>2020-07-22T09:20:15Z</time>
 </trkpt>
 <trkpt lat="61.997151654213667" lon="-6.665614200755954">
 <ele>85.530000000000001</ele>
 <time>2020-07-22T09:20:58Z</time>
 </trkpt>
 <trkpt lat="61.99706238694489" lon="-6.665670359507203">
 <ele>86.349999999999994</ele>
 <time>2020-07-22T09:21:07Z</time>
 </trkpt>
 <trkpt lat="61.996965995058417" lon="-6.665694918483496">
 <ele>88.219999999999999</ele>
 <time>2020-07-22T09:21:17Z</time>
 </trkpt>
 <trkpt lat="61.996877482160926" lon="-6.665661307051778">
 <ele>89.469999999999999</ele>
 <time>2020-07-22T09:21:31Z</time>
 </trkpt>
 <trkpt lat="61.996779162436724" lon="-6.665697768330574">
 <ele>91.180000000000007</ele>
 <time>2020-07-22T09:21:46Z</time>
 </trkpt>
 <trkpt lat="61.996686877682805" lon="-6.665670359507203">
 <ele>93.280000000000001</ele>
 <time>2020-07-22T09:21:57Z</time>
 </trkpt>
 <trkpt lat="61.996579589322209" lon="-6.665672706440091">
 <ele>94.769999999999996</ele>
 <time>2020-07-22T09:22:11Z</time>
 </trkpt>
 <trkpt lat="61.996488561853766" lon="-6.665713777765632">
 <ele>97.439999999999998</ele>
 <time>2020-07-22T09:22:22Z</time>
 </trkpt>
 <trkpt lat="61.996400132775307" lon="-6.665749819949269">
 <ele>100.37</ele>
 <time>2020-07-22T09:22:44Z</time>
 </trkpt>
 <trkpt lat="61.996314553543925" lon="-6.665854174643755">
 <ele>103.16</ele>
 <time>2020-07-22T09:22:56Z</time>
 </trkpt>
 <trkpt lat="61.996242133900523" lon="-6.665992978960276">
 <ele>106.53</ele>
 <time>2020-07-22T09:23:10Z</time>
 </trkpt>
 <trkpt lat="61.996160745620728" lon="-6.666038911789656">
 <ele>109.56</ele>
 <time>2020-07-22T09:23:24Z</time>
 </trkpt>
 <trkpt lat="61.996082877740264" lon="-6.666075037792325">
 <ele>114.05</ele>
 <time>2020-07-22T09:23:42Z</time>
 </trkpt>
 <trkpt lat="61.996029317378998" lon="-6.66611585766077">
 <ele>115.42</ele>
 <time>2020-07-22T09:24:12Z</time>
 </trkpt>
 <trkpt lat="61.995967458933592" lon="-6.666196659207344">
 <ele>118.45999999999999</ele>
 <time>2020-07-22T09:24:29Z</time>
 </trkpt>
 <trkpt lat="61.995893446728587" lon="-6.666210405528545">
 <ele>122.06999999999999</ele>
 <time>2020-07-22T09:24:45Z</time>
 </trkpt>
 <trkpt lat="61.995836952701211" lon="-6.666277712211013">
 <ele>126.01000000000001</ele>
 <time>2020-07-22T09:25:01Z</time>
 </trkpt>
 <trkpt lat="61.995783392339945" lon="-6.666314760223031">
 <ele>128.38999999999999</ele>
 <time>2020-07-22T09:25:20Z</time>
 </trkpt>
 <trkpt lat="61.995728658512235" lon="-6.666343593969941">
 <ele>131.47</ele>
 <time>2020-07-22T09:25:46Z</time>
 </trkpt>
 <trkpt lat="61.995634948834777" lon="-6.666371673345566">
 <ele>134.31999999999999</ele>
 <time>2020-07-22T09:26:00Z</time>
 </trkpt>
 <trkpt lat="61.995535874739289" lon="-6.666470915079117">
 <ele>136.19999999999999</ele>
 <time>2020-07-22T09:26:11Z</time>
 </trkpt>
 <trkpt lat="61.995453061535954" lon="-6.666562110185623">
 <ele>137.16999999999999</ele>
 <time>2020-07-22T09:26:20Z</time>
 </trkpt>
 <trkpt lat="61.995373014360666" lon="-6.666602091863751">
 <ele>138.28999999999999</ele>
 <time>2020-07-22T09:26:30Z</time>
 </trkpt>
 <trkpt lat="61.995287602767348" lon="-6.666611982509494">
 <ele>140.41</ele>
 <time>2020-07-22T09:26:39Z</time>
 </trkpt>
 <trkpt lat="61.995194312185049" lon="-6.666615586727858">
 <ele>142.86000000000001</ele>
 <time>2020-07-22T09:26:50Z</time>
 </trkpt>
 <trkpt lat="61.995107727125287" lon="-6.666689682751894">
 <ele>144.75</ele>
 <time>2020-07-22T09:27:00Z</time>
 </trkpt>
 <trkpt lat="61.99499893002212" lon="-6.666733017191291">
 <ele>147.83000000000001</ele>
 <time>2020-07-22T09:27:14Z</time>
 </trkpt>
 <trkpt lat="61.994910249486566" lon="-6.666773250326514">
 <ele>149.61000000000001</ele>
 <time>2020-07-22T09:27:25Z</time>
 </trkpt>
 <trkpt lat="61.994807571172714" lon="-6.666767802089453">
 <ele>152.27000000000001</ele>
 <time>2020-07-22T09:27:39Z</time>
 </trkpt>
 <trkpt lat="61.994698438793421" lon="-6.666806191205978">
 <ele>154.47</ele>
 <time>2020-07-22T09:27:51Z</time>
 </trkpt>
 <trkpt lat="61.994619145989418" lon="-6.666783476248384">
 <ele>156.25</ele>
 <time>2020-07-22T09:28:09Z</time>
 </trkpt>
 <trkpt lat="61.994536584243178" lon="-6.666825385764241">
 <ele>160.25999999999999</ele>
 <time>2020-07-22T09:28:27Z</time>
 </trkpt>
 <trkpt lat="61.994447316974401" lon="-6.666811807081103">
 <ele>162.75</ele>
 <time>2020-07-22T09:28:39Z</time>
 </trkpt>
 <trkpt lat="61.994359223172069" lon="-6.66679454036057">
 <ele>166.40000000000001</ele>
 <time>2020-07-22T09:28:53Z</time>
 </trkpt>
 <trkpt lat="61.994259729981422" lon="-6.666828822344542">
 <ele>167.99000000000001</ele>
 <time>2020-07-22T09:29:03Z</time>
 </trkpt>
 <trkpt lat="61.994166607037187" lon="-6.666805939748883">
 <ele>170.40000000000001</ele>
 <time>2020-07-22T09:29:15Z</time>
 </trkpt>
 <trkpt lat="61.994075495749712" lon="-6.666748439893127">
 <ele>172.86000000000001</ele>
 <time>2020-07-22T09:29:29Z</time>
 </trkpt>
 <trkpt lat="61.993973236531019" lon="-6.666723294183612">
 <ele>175.40000000000001</ele>
 <time>2020-07-22T09:29:41Z</time>
 </trkpt>
 <trkpt lat="61.993886902928352" lon="-6.66676813736558">
 <ele>176.37</ele>
 <time>2020-07-22T09:29:50Z</time>
 </trkpt>
 <trkpt lat="61.993792103603482" lon="-6.666859583929181">
 <ele>177.63999999999999</ele>
 <time>2020-07-22T09:30:00Z</time>
 </trkpt>
 <trkpt lat="61.993705853819847" lon="-6.666968045756221">
 <ele>178.96000000000001</ele>
 <time>2020-07-22T09:30:10Z</time>
 </trkpt>
 <trkpt lat="61.993608372285962" lon="-6.666963351890445">
 <ele>180.59999999999999</ele>
 <time>2020-07-22T09:30:20Z</time>
 </trkpt>
 <trkpt lat="61.993603510782123" lon="-6.666991766542196">
 <ele>181.13999999999999</ele>
 <time>2020-07-22T09:31:41Z</time>
 </trkpt>
 <trkpt lat="61.993507370352745" lon="-6.667017163708806">
 <ele>182.28</ele>
 <time>2020-07-22T09:32:55Z</time>
 </trkpt>
 <trkpt lat="61.993412403389812" lon="-6.667048847302795">
 <ele>183.25</ele>
 <time>2020-07-22T09:33:04Z</time>
 </trkpt>
 <trkpt lat="61.993322381749749" lon="-6.667114058509469">
 <ele>183.69999999999999</ele>
 <time>2020-07-22T09:33:13Z</time>
 </trkpt>
 <trkpt lat="61.993226241320372" lon="-6.667121686041355">
 <ele>184.41999999999999</ele>
 <time>2020-07-22T09:33:21Z</time>
 </trkpt>
 <trkpt lat="61.993131022900343" lon="-6.667179940268397">
 <ele>184.87</ele>
 <time>2020-07-22T09:33:30Z</time>
 </trkpt>
 <trkpt lat="61.993040079250932" lon="-6.667210534214973">
 <ele>186.06</ele>
 <time>2020-07-22T09:33:39Z</time>
 </trkpt>
 <trkpt lat="61.992946872487664" lon="-6.667231321334839">
 <ele>186.63999999999999</ele>
 <time>2020-07-22T09:33:48Z</time>
 </trkpt>
 <trkpt lat="61.992843942716718" lon="-6.66724213398993">
 <ele>186.5</ele>
 <time>2020-07-22T09:33:56Z</time>
 </trkpt>
 <trkpt lat="61.992746964097023" lon="-6.667206259444356">
 <ele>186.87</ele>
 <time>2020-07-22T09:35:13Z</time>
 </trkpt>
 <trkpt lat="61.992652751505375" lon="-6.667205672711134">
 <ele>186.56999999999999</ele>
 <time>2020-07-22T09:35:20Z</time>
 </trkpt>
 <trkpt lat="61.992556527256966" lon="-6.667231572791934">
 <ele>187.06</ele>
 <time>2020-07-22T09:35:29Z</time>
 </trkpt>
 <trkpt lat="61.992461811751127" lon="-6.667196033522487">
 <ele>187.78999999999999</ele>
 <time>2020-07-22T09:35:37Z</time>
 </trkpt>
 <trkpt lat="61.99236961081624" lon="-6.667128223925829">
 <ele>190.80000000000001</ele>
 <time>2020-07-22T09:35:47Z</time>
 </trkpt>
 <trkpt lat="61.992287803441286" lon="-6.667011044919491">
 <ele>193.40000000000001</ele>
 <time>2020-07-22T09:36:00Z</time>
 </trkpt>
 <trkpt lat="61.99218194000423" lon="-6.666932003572583">
 <ele>196.81999999999999</ele>
 <time>2020-07-22T09:36:14Z</time>
 </trkpt>
 <trkpt lat="61.992073813453317" lon="-6.666992772370577">
 <ele>198.31999999999999</ele>
 <time>2020-07-22T09:36:25Z</time>
 </trkpt>
 <trkpt lat="61.991959819570184" lon="-6.666974248364568">
 <ele>200.34</ele>
 <time>2020-07-22T09:36:39Z</time>
 </trkpt>
 <trkpt lat="61.99184138327837" lon="-6.667013056576252">
 <ele>200.53999999999999</ele>
 <time>2020-07-22T09:36:48Z</time>
 </trkpt>
 <trkpt lat="61.991746416315436" lon="-6.666948096826673">
 <ele>201.47</ele>
 <time>2020-07-22T09:36:57Z</time>
 </trkpt>
 <trkpt lat="61.99165279045701" lon="-6.666846424341202">
 <ele>201.25999999999999</ele>
 <time>2020-07-22T09:37:06Z</time>
 </trkpt>
 <trkpt lat="61.991559332236648" lon="-6.666758581995964">
 <ele>203.03</ele>
 <time>2020-07-22T09:37:15Z</time>
 </trkpt>
 <trkpt lat="61.991500742733479" lon="-6.666679121553898">
 <ele>204.44</ele>
 <time>2020-07-22T09:37:44Z</time>
 </trkpt>
 <trkpt lat="61.991421952843666" lon="-6.666643163189292">
 <ele>206.62</ele>
 <time>2020-07-22T09:38:07Z</time>
 </trkpt>
 <trkpt lat="61.991366129368544" lon="-6.666478961706162">
 <ele>208.47999999999999</ele>
 <time>2020-07-22T09:38:17Z</time>
 </trkpt>
 <trkpt lat="61.991290273144841" lon="-6.66636111214757">
 <ele>210.47999999999999</ele>
 <time>2020-07-22T09:38:30Z</time>
 </trkpt>
 <trkpt lat="61.991211483255029" lon="-6.666261870414019">
 <ele>211.38999999999999</ele>
 <time>2020-07-22T09:38:40Z</time>
 </trkpt>
 <trkpt lat="61.991123724728823" lon="-6.66616371832788">
 <ele>212.97999999999999</ele>
 <time>2020-07-22T09:38:52Z</time>
 </trkpt>
 <trkpt lat="61.991037307307124" lon="-6.666055675595999">
 <ele>213.56</ele>
 <time>2020-07-22T09:39:01Z</time>
 </trkpt>
 <trkpt lat="61.990952985361218" lon="-6.6659917216748">
 <ele>213.16999999999999</ele>
 <time>2020-07-22T09:39:09Z</time>
 </trkpt>
 <trkpt lat="61.990876961499453" lon="-6.665890719741583">
 <ele>213.81999999999999</ele>
 <time>2020-07-22T09:39:18Z</time>
 </trkpt>
 <trkpt lat="61.990804206579924" lon="-6.665764739736915">
 <ele>215.71000000000001</ele>
 <time>2020-07-22T09:39:28Z</time>
 </trkpt>
 <trkpt lat="61.990742683410645" lon="-6.665642950683832">
 <ele>215.63999999999999</ele>
 <time>2020-07-22T09:39:37Z</time>
 </trkpt>
 <trkpt lat="61.990657355636358" lon="-6.665580924600363">
 <ele>217.80000000000001</ele>
 <time>2020-07-22T09:39:47Z</time>
 </trkpt>
 <trkpt lat="61.990575212985277" lon="-6.66549576446414">
 <ele>218.31999999999999</ele>
 <time>2020-07-22T09:39:56Z</time>
 </trkpt>
 <trkpt lat="61.990525089204311" lon="-6.665338771417737">
 <ele>218.61000000000001</ele>
 <time>2020-07-22T09:40:04Z</time>
 </trkpt>
 <trkpt lat="61.990454597398639" lon="-6.665227543562651">
 <ele>218.93000000000001</ele>
 <time>2020-07-22T09:40:12Z</time>
 </trkpt>
 <trkpt lat="61.990364491939545" lon="-6.665215641260147">
 <ele>219.31</ele>
 <time>2020-07-22T09:40:21Z</time>
 </trkpt>
 <trkpt lat="61.990280086174607" lon="-6.665126793086529">
 <ele>219.13999999999999</ele>
 <time>2020-07-22T09:40:29Z</time>
 </trkpt>
 <trkpt lat="61.990210264921188" lon="-6.66501933708787">
 <ele>220.63999999999999</ele>
 <time>2020-07-22T09:40:38Z</time>
 </trkpt>
 <trkpt lat="61.990124769508839" lon="-6.664913725107908">
 <ele>221.88</ele>
 <time>2020-07-22T09:40:47Z</time>
 </trkpt>
 <trkpt lat="61.990043632686138" lon="-6.664817249402404">
 <ele>223.19</ele>
 <time>2020-07-22T09:40:56Z</time>
 </trkpt>
 <trkpt lat="61.989962663501501" lon="-6.664739046245813">
 <ele>224.47</ele>
 <time>2020-07-22T09:41:06Z</time>
 </trkpt>
 <trkpt lat="61.98986928910017" lon="-6.664661094546318">
 <ele>224.97</ele>
 <time>2020-07-22T09:41:15Z</time>
 </trkpt>
 <trkpt lat="61.989775747060776" lon="-6.664558164775372">
 <ele>225.65000000000001</ele>
 <time>2020-07-22T09:41:24Z</time>
 </trkpt>
 <trkpt lat="61.98968849144876" lon="-6.664426568895578">
 <ele>225.84999999999999</ele>
 <time>2020-07-22T09:41:32Z</time>
 </trkpt>
 <trkpt lat="61.989600984379649" lon="-6.664362698793411">
 <ele>225.81</ele>
 <time>2020-07-22T09:41:39Z</time>
 </trkpt>
 <trkpt lat="61.989509789273143" lon="-6.664273515343666">
 <ele>225.55000000000001</ele>
 <time>2020-07-22T09:41:47Z</time>
 </trkpt>
 <trkpt lat="61.989419348537922" lon="-6.664264379069209">
 <ele>225.53999999999999</ele>
 <time>2020-07-22T09:41:54Z</time>
 </trkpt>
 <trkpt lat="61.989324716851115" lon="-6.664282567799091">
 <ele>225.71000000000001</ele>
 <time>2020-07-22T09:42:01Z</time>
 </trkpt>
 <trkpt lat="61.989227905869484" lon="-6.664285250008106">
 <ele>225.71000000000001</ele>
 <time>2020-07-22T09:42:08Z</time>
 </trkpt>
 <trkpt lat="61.98913293890655" lon="-6.664262535050511">
 <ele>225.37</ele>
 <time>2020-07-22T09:42:15Z</time>
 </trkpt>
 <trkpt lat="61.989038642495871" lon="-6.664255997166038">
 <ele>225.34</ele>
 <time>2020-07-22T09:42:22Z</time>
 </trkpt>
 <trkpt lat="61.988943172618747" lon="-6.664249626919627">
 <ele>225.36000000000001</ele>
 <time>2020-07-22T09:42:28Z</time>
 </trkpt>
 <trkpt lat="61.988844769075513" lon="-6.664263540878892">
 <ele>225.46000000000001</ele>
 <time>2020-07-22T09:42:35Z</time>
 </trkpt>
 <trkpt lat="61.98875131085515" lon="-6.664263624697924">
 <ele>226.58000000000001</ele>
 <time>2020-07-22T09:42:43Z</time>
 </trkpt>
 <trkpt lat="61.988663468509912" lon="-6.664341073483229">
 <ele>226.34</ele>
 <time>2020-07-22T09:42:51Z</time>
 </trkpt>
 <trkpt lat="61.988573782145977" lon="-6.664377953857184">
 <ele>226.25</ele>
 <time>2020-07-22T09:42:58Z</time>
 </trkpt>
 <trkpt lat="61.988481497392058" lon="-6.664354652166367">
 <ele>226.38</ele>
 <time>2020-07-22T09:43:06Z</time>
 </trkpt>
 <trkpt lat="61.988380244001746" lon="-6.664391197264195">
 <ele>226.18000000000001</ele>
 <time>2020-07-22T09:43:15Z</time>
 </trkpt>
 <trkpt lat="61.988275470212102" lon="-6.664408128708601">
 <ele>225.68000000000001</ele>
 <time>2020-07-22T09:43:24Z</time>
 </trkpt>
 <trkpt lat="61.988184694200754" lon="-6.664451714605093">
 <ele>225.08000000000001</ele>
 <time>2020-07-22T09:43:31Z</time>
 </trkpt>
 <trkpt lat="61.988086961209774" lon="-6.664483984932303">
 <ele>224.62</ele>
 <time>2020-07-22T09:43:39Z</time>
 </trkpt>
 <trkpt lat="61.98798612691462" lon="-6.664506196975708">
 <ele>224.30000000000001</ele>
 <time>2020-07-22T09:43:46Z</time>
 </trkpt>
 <trkpt lat="61.987893674522638" lon="-6.664553638547659">
 <ele>224.47</ele>
 <time>2020-07-22T09:43:53Z</time>
 </trkpt>
 <trkpt lat="61.987801641225815" lon="-6.664601247757673">
 <ele>223.96000000000001</ele>
 <time>2020-07-22T09:44:01Z</time>
 </trkpt>
 <trkpt lat="61.987708685919642" lon="-6.664631841704249">
 <ele>223.37</ele>
 <time>2020-07-22T09:44:08Z</time>
 </trkpt>
 <trkpt lat="61.987621430307627" lon="-6.664650198072195">
 <ele>223.40000000000001</ele>
 <time>2020-07-22T09:44:14Z</time>
 </trkpt>
 <trkpt lat="61.98753316886723" lon="-6.664702836424112">
 <ele>223.69</ele>
 <time>2020-07-22T09:44:21Z</time>
 </trkpt>
 <trkpt lat="61.987439794465899" lon="-6.664775172248483">
 <ele>224.30000000000001</ele>
 <time>2020-07-22T09:44:29Z</time>
 </trkpt>
 <trkpt lat="61.987345917150378" lon="-6.664818422868848">
 <ele>223.49000000000001</ele>
 <time>2020-07-22T09:44:37Z</time>
 </trkpt>
 <trkpt lat="61.987252542749047" lon="-6.664888579398394">
 <ele>222.78</ele>
 <time>2020-07-22T09:44:43Z</time>
 </trkpt>
 <trkpt lat="61.987154809758067" lon="-6.664923867210746">
 <ele>222.41999999999999</ele>
 <time>2020-07-22T09:44:50Z</time>
 </trkpt>
 <trkpt lat="61.987066380679607" lon="-6.664912551641464">
 <ele>222.40000000000001</ele>
 <time>2020-07-22T09:45:02Z</time>
 </trkpt>
 <trkpt lat="61.986973090097308" lon="-6.664929818361998">
 <ele>222.09</ele>
 <time>2020-07-22T09:45:10Z</time>
 </trkpt>
 <trkpt lat="61.986875021830201" lon="-6.66495974175632">
 <ele>221.09</ele>
 <time>2020-07-22T09:45:17Z</time>
 </trkpt>
 <trkpt lat="61.986780809238553" lon="-6.664957562461495">
 <ele>220.81999999999999</ele>
 <time>2020-07-22T09:45:24Z</time>
 </trkpt>
 <trkpt lat="61.986692296341062" lon="-6.664891764521599">
 <ele>221.31999999999999</ele>
 <time>2020-07-22T09:45:31Z</time>
 </trkpt>
 <trkpt lat="61.986605962738395" lon="-6.664834599941969">
 <ele>221.91999999999999</ele>
 <time>2020-07-22T09:45:40Z</time>
 </trkpt>
 <trkpt lat="61.986506804823875" lon="-6.664826972410083">
 <ele>220.78</ele>
 <time>2020-07-22T09:45:49Z</time>
 </trkpt>
 <trkpt lat="61.986409071832895" lon="-6.664805514737964">
 <ele>220.80000000000001</ele>
 <time>2020-07-22T09:45:56Z</time>
 </trkpt>
 <trkpt lat="61.986314859241247" lon="-6.664815237745643">
 <ele>220.86000000000001</ele>
 <time>2020-07-22T09:46:03Z</time>
 </trkpt>
 <trkpt lat="61.986211761832237" lon="-6.664794869720936">
 <ele>220.41</ele>
 <time>2020-07-22T09:46:11Z</time>
 </trkpt>
 <trkpt lat="61.986122410744429" lon="-6.664783889427781">
 <ele>219.84999999999999</ele>
 <time>2020-07-22T09:46:18Z</time>
 </trkpt>
 <trkpt lat="61.986033478751779" lon="-6.664690934121609">
 <ele>220.12</ele>
 <time>2020-07-22T09:46:26Z</time>
 </trkpt>
 <trkpt lat="61.985949827358127" lon="-6.664602253586054">
 <ele>219.77000000000001</ele>
 <time>2020-07-22T09:46:33Z</time>
 </trkpt>
 <trkpt lat="61.985856285318732" lon="-6.664578029885888">
 <ele>219.38</ele>
 <time>2020-07-22T09:46:40Z</time>
 </trkpt>
 <trkpt lat="61.985775902867317" lon="-6.664476357400417">
 <ele>219.86000000000001</ele>
 <time>2020-07-22T09:46:47Z</time>
 </trkpt>
 <trkpt lat="61.985687557607889" lon="-6.664407877251506">
 <ele>219.97</ele>
 <time>2020-07-22T09:46:54Z</time>
 </trkpt>
 <trkpt lat="61.985583873465657" lon="-6.664324309676886">
 <ele>219.81</ele>
 <time>2020-07-22T09:47:03Z</time>
 </trkpt>
 <trkpt lat="61.985492175444961" lon="-6.66423068381846">
 <ele>219.59999999999999</ele>
 <time>2020-07-22T09:47:11Z</time>
 </trkpt>
 <trkpt lat="61.985421096906066" lon="-6.664121970534325">
 <ele>219.90000000000001</ele>
 <time>2020-07-22T09:47:18Z</time>
 </trkpt>
 <trkpt lat="61.985338618978858" lon="-6.66402549482882">
 <ele>219.40000000000001</ele>
 <time>2020-07-22T09:47:26Z</time>
 </trkpt>
 <trkpt lat="61.98524541221559" lon="-6.664004288613796">
 <ele>218.77000000000001</ele>
 <time>2020-07-22T09:47:33Z</time>
 </trkpt>
 <trkpt lat="61.985130915418267" lon="-6.663983501493931">
 <ele>216.37</ele>
 <time>2020-07-22T09:47:43Z</time>
 </trkpt>
 <trkpt lat="61.98503821156919" lon="-6.663897000253201">
 <ele>215.68000000000001</ele>
 <time>2020-07-22T09:47:52Z</time>
 </trkpt>
 <trkpt lat="61.984975514933467" lon="-6.663744952529669">
 <ele>215.75999999999999</ele>
 <time>2020-07-22T09:47:59Z</time>
 </trkpt>
 <trkpt lat="61.984895970672369" lon="-6.663625678047538">
 <ele>215.84999999999999</ele>
 <time>2020-07-22T09:48:08Z</time>
 </trkpt>
 <trkpt lat="61.984818354249001" lon="-6.663495842367411">
 <ele>215.24000000000001</ele>
 <time>2020-07-22T09:48:15Z</time>
 </trkpt>
 <trkpt lat="61.984740905463696" lon="-6.663361731916666">
 <ele>214.56999999999999</ele>
 <time>2020-07-22T09:48:22Z</time>
 </trkpt>
 <trkpt lat="61.984663205221295" lon="-6.663232482969761">
 <ele>214.02000000000001</ele>
 <time>2020-07-22T09:48:30Z</time>
 </trkpt>
 <trkpt lat="61.984568992629647" lon="-6.663162326440215">
 <ele>213.78999999999999</ele>
 <time>2020-07-22T09:48:38Z</time>
 </trkpt>
 <trkpt lat="61.984463045373559" lon="-6.663073226809502">
 <ele>213.27000000000001</ele>
 <time>2020-07-22T09:50:37Z</time>
 </trkpt>
 <trkpt lat="61.984388949349523" lon="-6.662934673950076">
 <ele>213.49000000000001</ele>
 <time>2020-07-22T09:50:45Z</time>
 </trkpt>
 <trkpt lat="61.984324743971229" lon="-6.66279804892838">
 <ele>212.18000000000001</ele>
 <time>2020-07-22T09:50:51Z</time>
 </trkpt>
 <trkpt lat="61.98424712754786" lon="-6.662688245996833">
 <ele>212.02000000000001</ele>
 <time>2020-07-22T09:50:57Z</time>
 </trkpt>
 <trkpt lat="61.984174707904458" lon="-6.662567714229226">
 <ele>211.66</ele>
 <time>2020-07-22T09:51:04Z</time>
 </trkpt>
 <trkpt lat="61.984098432585597" lon="-6.662422204390168">
 <ele>211.09999999999999</ele>
 <time>2020-07-22T09:51:12Z</time>
 </trkpt>
 <trkpt lat="61.98402676731348" lon="-6.662292620167136">
 <ele>211.03</ele>
 <time>2020-07-22T09:51:19Z</time>
 </trkpt>
 <trkpt lat="61.983933644369245" lon="-6.662197820842266">
 <ele>210.56999999999999</ele>
 <time>2020-07-22T09:51:26Z</time>
 </trkpt>
 <trkpt lat="61.983859464526176" lon="-6.662105452269316">
 <ele>210.27000000000001</ele>
 <time>2020-07-22T09:51:33Z</time>
 </trkpt>
 <trkpt lat="61.983783440664411" lon="-6.661982322111726">
 <ele>209.41999999999999</ele>
 <time>2020-07-22T09:51:40Z</time>
 </trkpt>
 <trkpt lat="61.983707752078772" lon="-6.661870256066322">
 <ele>208.34999999999999</ele>
 <time>2020-07-22T09:51:48Z</time>
 </trkpt>
 <trkpt lat="61.983602056279778" lon="-6.661792304366827">
 <ele>207.28999999999999</ele>
 <time>2020-07-22T09:51:56Z</time>
 </trkpt>
 <trkpt lat="61.98353667743504" lon="-6.661652829498053">
 <ele>207.72</ele>
 <time>2020-07-22T09:52:03Z</time>
 </trkpt>
 <trkpt lat="61.983466688543558" lon="-6.661508660763502">
 <ele>207.72999999999999</ele>
 <time>2020-07-22T09:52:11Z</time>
 </trkpt>
 <trkpt lat="61.983384126797318" lon="-6.661400953307748">
 <ele>207.46000000000001</ele>
 <time>2020-07-22T09:52:18Z</time>
 </trkpt>
 <trkpt lat="61.983316233381629" lon="-6.661238176748157">
 <ele>207.22999999999999</ele>
 <time>2020-07-22T09:52:26Z</time>
 </trkpt>
 <trkpt lat="61.983242556452751" lon="-6.661082189530134">
 <ele>206.87</ele>
 <time>2020-07-22T09:52:34Z</time>
 </trkpt>
 <trkpt lat="61.983156139031053" lon="-6.660989318042994">
 <ele>206.78999999999999</ele>
 <time>2020-07-22T09:52:41Z</time>
 </trkpt>
 <trkpt lat="61.983092268928885" lon="-6.660829307511449">
 <ele>206.83000000000001</ele>
 <time>2020-07-22T09:52:49Z</time>
 </trkpt>
 <trkpt lat="61.983028315007687" lon="-6.660682205110788">
 <ele>206.53</ele>
 <time>2020-07-22T09:52:57Z</time>
 </trkpt>
 <trkpt lat="61.982955727726221" lon="-6.660535102710128">
 <ele>206.47</ele>
 <time>2020-07-22T09:53:04Z</time>
 </trkpt>
 <trkpt lat="61.982890097424388" lon="-6.660393197089434">
 <ele>207.13</ele>
 <time>2020-07-22T09:53:12Z</time>
 </trkpt>
 <trkpt lat="61.982814073562622" lon="-6.660235449671745">
 <ele>206.47999999999999</ele>
 <time>2020-07-22T09:53:20Z</time>
 </trkpt>
 <trkpt lat="61.982751628383994" lon="-6.660081809386611">
 <ele>206.41</ele>
 <time>2020-07-22T09:53:28Z</time>
 </trkpt>
 <trkpt lat="61.982679041102529" lon="-6.65995180606842">
 <ele>206.52000000000001</ele>
 <time>2020-07-22T09:53:35Z</time>
 </trkpt>
 <trkpt lat="61.982604609802365" lon="-6.659832447767258">
 <ele>206.37</ele>
 <time>2020-07-22T09:53:42Z</time>
 </trkpt>
 <trkpt lat="61.982543086633086" lon="-6.659682411700487">
 <ele>206.96000000000001</ele>
 <time>2020-07-22T09:53:49Z</time>
 </trkpt>
 <trkpt lat="61.982491621747613" lon="-6.659522987902165">
 <ele>207.5</ele>
 <time>2020-07-22T09:53:56Z</time>
 </trkpt>
 <trkpt lat="61.982421297580004" lon="-6.659379238262773">
 <ele>207.25</ele>
 <time>2020-07-22T09:54:04Z</time>
 </trkpt>
 <trkpt lat="61.982381232082844" lon="-6.659208917990327">
 <ele>207.75</ele>
 <time>2020-07-22T09:54:13Z</time>
 </trkpt>
 <trkpt lat="61.982326582074165" lon="-6.659044129773974">
 <ele>207.44999999999999</ele>
 <time>2020-07-22T09:54:21Z</time>
 </trkpt>
 <trkpt lat="61.98225156404078" lon="-6.658913036808372">
 <ele>206.65000000000001</ele>
 <time>2020-07-22T09:54:29Z</time>
 </trkpt>
 <trkpt lat="61.982167577371001" lon="-6.658811783418059">
 <ele>206.15000000000001</ele>
 <time>2020-07-22T09:54:37Z</time>
 </trkpt>
 <trkpt lat="61.982126506045461" lon="-6.658642971888185">
 <ele>206.19</ele>
 <time>2020-07-22T09:54:45Z</time>
 </trkpt>
 <trkpt lat="61.98208736255765" lon="-6.658479021862149">
 <ele>205.99000000000001</ele>
 <time>2020-07-22T09:54:52Z</time>
 </trkpt>
 <trkpt lat="61.982010584324598" lon="-6.658371230587363">
 <ele>205.62</ele>
 <time>2020-07-22T09:55:00Z</time>
 </trkpt>
 <trkpt lat="61.98197890073061" lon="-6.65819856338203">
 <ele>206.30000000000001</ele>
 <time>2020-07-22T09:55:07Z</time>
 </trkpt>
 <trkpt lat="61.981918048113585" lon="-6.658035619184375">
 <ele>206.05000000000001</ele>
 <time>2020-07-22T09:55:15Z</time>
 </trkpt>
 <trkpt lat="61.981850992888212" lon="-6.657894719392061">
 <ele>205.88999999999999</ele>
 <time>2020-07-22T09:55:23Z</time>
 </trkpt>
 <trkpt lat="61.981798270717263" lon="-6.657747616991401">
 <ele>206.03</ele>
 <time>2020-07-22T09:55:30Z</time>
 </trkpt>
 <trkpt lat="61.981747141107917" lon="-6.657567657530308">
 <ele>205.37</ele>
 <time>2020-07-22T09:55:38Z</time>
 </trkpt>
 <trkpt lat="61.981691904366016" lon="-6.657408233731985">
 <ele>205.58000000000001</ele>
 <time>2020-07-22T09:55:46Z</time>
 </trkpt>
 <trkpt lat="61.981630632653832" lon="-6.657256437465549">
 <ele>205.83000000000001</ele>
 <time>2020-07-22T09:55:54Z</time>
 </trkpt>
 <trkpt lat="61.981564331799746" lon="-6.657127356156707">
 <ele>205.16</ele>
 <time>2020-07-22T09:56:01Z</time>
 </trkpt>
 <trkpt lat="61.981502557173371" lon="-6.656998610123992">
 <ele>205.06</ele>
 <time>2020-07-22T09:56:08Z</time>
 </trkpt>
 <trkpt lat="61.981427790597081" lon="-6.656885119155049">
 <ele>204.77000000000001</ele>
 <time>2020-07-22T09:56:16Z</time>
 </trkpt>
 <trkpt lat="61.981367859989405" lon="-6.656727539375424">
 <ele>203.77000000000001</ele>
 <time>2020-07-22T09:56:24Z</time>
 </trkpt>
 <trkpt lat="61.981304660439491" lon="-6.656584125012159">
 <ele>203.50999999999999</ele>
 <time>2020-07-22T09:56:33Z</time>
 </trkpt>
 <trkpt lat="61.98124305345118" lon="-6.656459234654903">
 <ele>203.46000000000001</ele>
 <time>2020-07-22T09:56:43Z</time>
 </trkpt>
 <trkpt lat="61.981162000447512" lon="-6.656376840546727">
 <ele>202.75999999999999</ele>
 <time>2020-07-22T09:56:51Z</time>
 </trkpt>
 <trkpt lat="61.981075834482908" lon="-6.656296709552407">
 <ele>201.83000000000001</ele>
 <time>2020-07-22T09:57:04Z</time>
 </trkpt>
 <trkpt lat="61.980987656861544" lon="-6.65626360103488">
 <ele>199.62</ele>
 <time>2020-07-22T09:57:12Z</time>
 </trkpt>
 <trkpt lat="61.980902077630162" lon="-6.656213393434882">
 <ele>198.31</ele>
 <time>2020-07-22T09:57:19Z</time>
 </trkpt>
 <trkpt lat="61.980807781219482" lon="-6.65617173537612">
 <ele>197.41</ele>
 <time>2020-07-22T09:57:27Z</time>
 </trkpt>
 <trkpt lat="61.9807084556669" lon="-6.656105183064938">
 <ele>196.78999999999999</ele>
 <time>2020-07-22T09:57:35Z</time>
 </trkpt>
 <trkpt lat="61.980621116235852" lon="-6.656080456450582">
 <ele>196.33000000000001</ele>
 <time>2020-07-22T09:57:42Z</time>
 </trkpt>
 <trkpt lat="61.980533106252551" lon="-6.656043995171785">
 <ele>196.44</ele>
 <time>2020-07-22T09:57:49Z</time>
 </trkpt>
 <trkpt lat="61.980436630547047" lon="-6.655966462567449">
 <ele>196.33000000000001</ele>
 <time>2020-07-22T09:57:57Z</time>
 </trkpt>
 <trkpt lat="61.980376113206148" lon="-6.655830591917038">
 <ele>195.94</ele>
 <time>2020-07-22T09:58:15Z</time>
 </trkpt>
 <trkpt lat="61.980366138741374" lon="-6.655742665752769">
 <ele>195.31</ele>
 <time>2020-07-22T09:58:44Z</time>
 </trkpt>
 <trkpt lat="61.980309477075934" lon="-6.655551725998521">
 <ele>195.74000000000001</ele>
 <time>2020-07-22T09:58:51Z</time>
 </trkpt>
 <trkpt lat="61.98024527169764" lon="-6.655400097370148">
 <ele>195.77000000000001</ele>
 <time>2020-07-22T09:58:58Z</time>
 </trkpt>
 <trkpt lat="61.980175031349063" lon="-6.65524679236114">
 <ele>195.59999999999999</ele>
 <time>2020-07-22T09:59:06Z</time>
 </trkpt>
 <trkpt lat="61.98011233471334" lon="-6.655100611969829">
 <ele>195.56</ele>
 <time>2020-07-22T09:59:13Z</time>
 </trkpt>
 <trkpt lat="61.980030946433544" lon="-6.654962645843625">
 <ele>195.30000000000001</ele>
 <time>2020-07-22T09:59:20Z</time>
 </trkpt>
 <trkpt lat="61.979940589517355" lon="-6.654858123511076">
 <ele>194.61000000000001</ele>
 <time>2020-07-22T09:59:27Z</time>
 </trkpt>
 <trkpt lat="61.97986900806427" lon="-6.654736837372184">
 <ele>194.21000000000001</ele>
 <time>2020-07-22T09:59:33Z</time>
 </trkpt>
 <trkpt lat="61.979797091335058" lon="-6.654583867639303">
 <ele>193.69999999999999</ele>
 <time>2020-07-22T09:59:40Z</time>
 </trkpt>
 <trkpt lat="61.979740262031555" lon="-6.654418408870697">
 <ele>193.16999999999999</ele>
 <time>2020-07-22T09:59:48Z</time>
 </trkpt>
 <trkpt lat="61.979673625901341" lon="-6.654253704473376">
 <ele>192.84</ele>
 <time>2020-07-22T09:59:56Z</time>
 </trkpt>
 <trkpt lat="61.979581927880645" lon="-6.654163766652346">
 <ele>191.5</ele>
 <time>2020-07-22T10:00:05Z</time>
 </trkpt>
 <trkpt lat="61.97952694259584" lon="-6.653994033113122">
 <ele>191.97999999999999</ele>
 <time>2020-07-22T10:00:13Z</time>
 </trkpt>
 <trkpt lat="61.979449409991503" lon="-6.653893114998937">
 <ele>191.56</ele>
 <time>2020-07-22T10:00:20Z</time>
 </trkpt>
 <trkpt lat="61.979384450241923" lon="-6.653749197721481">
 <ele>191.16999999999999</ele>
 <time>2020-07-22T10:00:28Z</time>
 </trkpt>
 <trkpt lat="61.979335667565465" lon="-6.653598323464394">
 <ele>191.31999999999999</ele>
 <time>2020-07-22T10:00:39Z</time>
 </trkpt>
 <trkpt lat="61.979265091940761" lon="-6.653467146679759">
 <ele>190.71000000000001</ele>
 <time>2020-07-22T10:00:47Z</time>
 </trkpt>
 <trkpt lat="61.979213962331414" lon="-6.653301436454058">
 <ele>190.50999999999999</ele>
 <time>2020-07-22T10:00:54Z</time>
 </trkpt>
 <trkpt lat="61.979147242382169" lon="-6.653130194172263">
 <ele>189.46000000000001</ele>
 <time>2020-07-22T10:01:03Z</time>
 </trkpt>
 <trkpt lat="61.97907205671072" lon="-6.653018798679113">
 <ele>189.66</ele>
 <time>2020-07-22T10:01:10Z</time>
 </trkpt>
 <trkpt lat="61.978993350639939" lon="-6.652937578037381">
 <ele>189.00999999999999</ele>
 <time>2020-07-22T10:01:18Z</time>
 </trkpt>
 <trkpt lat="61.978921182453632" lon="-6.652793409302831">
 <ele>189.38999999999999</ele>
 <time>2020-07-22T10:01:27Z</time>
 </trkpt>
 <trkpt lat="61.97885362431407" lon="-6.65263163857162">
 <ele>188.47</ele>
 <time>2020-07-22T10:01:35Z</time>
 </trkpt>
 <trkpt lat="61.978819509968162" lon="-6.652449583634734">
 <ele>188.53</ele>
 <time>2020-07-22T10:01:42Z</time>
 </trkpt>
 <trkpt lat="61.978752538561821" lon="-6.652293764054775">
 <ele>188.72</ele>
 <time>2020-07-22T10:01:50Z</time>
 </trkpt>
 <trkpt lat="61.978666540235281" lon="-6.652209190651774">
 <ele>187.50999999999999</ele>
 <time>2020-07-22T10:01:59Z</time>
 </trkpt>
 <trkpt lat="61.978596467524767" lon="-6.652085222303867">
 <ele>187.28</ele>
 <time>2020-07-22T10:02:06Z</time>
 </trkpt>
 <trkpt lat="61.978523712605238" lon="-6.65195781737566">
 <ele>187.38999999999999</ele>
 <time>2020-07-22T10:02:14Z</time>
 </trkpt>
 <trkpt lat="61.978460177779198" lon="-6.651830412447453">
 <ele>187.16999999999999</ele>
 <time>2020-07-22T10:02:21Z</time>
 </trkpt>
 <trkpt lat="61.978387758135796" lon="-6.65170275606215">
 <ele>185.38999999999999</ele>
 <time>2020-07-22T10:02:28Z</time>
 </trkpt>
 <trkpt lat="61.978317266330123" lon="-6.6515654604882">
 <ele>184.63999999999999</ele>
 <time>2020-07-22T10:02:35Z</time>
 </trkpt>
 <trkpt lat="61.978265382349491" lon="-6.651400420814753">
 <ele>184.81</ele>
 <time>2020-07-22T10:02:42Z</time>
 </trkpt>
 <trkpt lat="61.978190448135138" lon="-6.651250217109919">
 <ele>185.94999999999999</ele>
 <time>2020-07-22T10:02:50Z</time>
 </trkpt>
 <trkpt lat="61.978122889995575" lon="-6.651119710877538">
 <ele>186.05000000000001</ele>
 <time>2020-07-22T10:02:58Z</time>
 </trkpt>
 <trkpt lat="61.978047955781221" lon="-6.650981912389398">
 <ele>185.55000000000001</ele>
 <time>2020-07-22T10:03:05Z</time>
 </trkpt>
 <trkpt lat="61.977984169498086" lon="-6.650816788896918">
 <ele>185.53999999999999</ele>
 <time>2020-07-22T10:03:13Z</time>
 </trkpt>
 <trkpt lat="61.977903703227639" lon="-6.650696089491248">
 <ele>184.66</ele>
 <time>2020-07-22T10:03:22Z</time>
 </trkpt>
 <trkpt lat="61.977835642173886" lon="-6.650547059252858">
 <ele>184.16999999999999</ele>
 <time>2020-07-22T10:03:31Z</time>
 </trkpt>
 <trkpt lat="61.977768503129482" lon="-6.650422168895602">
 <ele>184.38999999999999</ele>
 <time>2020-07-22T10:03:39Z</time>
 </trkpt>
 <trkpt lat="61.977691221982241" lon="-6.65030281059444">
 <ele>183.66</ele>
 <time>2020-07-22T10:03:48Z</time>
 </trkpt>
 <trkpt lat="61.977618131786585" lon="-6.650150511413813">
 <ele>183.50999999999999</ele>
 <time>2020-07-22T10:03:57Z</time>
 </trkpt>
 <trkpt lat="61.977571696043015" lon="-6.649998379871249">
 <ele>184.47</ele>
 <time>2020-07-22T10:04:13Z</time>
 </trkpt>
 <trkpt lat="61.977477483451366" lon="-6.649891929700971">
 <ele>183.30000000000001</ele>
 <time>2020-07-22T10:04:35Z</time>
 </trkpt>
 <trkpt lat="61.977425599470735" lon="-6.649751951918006">
 <ele>183.81</ele>
 <time>2020-07-22T10:04:43Z</time>
 </trkpt>
 <trkpt lat="61.977354269474745" lon="-6.649652374908328">
 <ele>183.63</ele>
 <time>2020-07-22T10:04:51Z</time>
 </trkpt>
 <trkpt lat="61.977277658879757" lon="-6.649505356326699">
 <ele>183.02000000000001</ele>
 <time>2020-07-22T10:05:01Z</time>
 </trkpt>
 <trkpt lat="61.977205825969577" lon="-6.649357583373785">
 <ele>182.18000000000001</ele>
 <time>2020-07-22T10:05:12Z</time>
 </trkpt>
 <trkpt lat="61.977137932553887" lon="-6.649235291406512">
 <ele>182.97999999999999</ele>
 <time>2020-07-22T10:05:21Z</time>
 </trkpt>
 <trkpt lat="61.977065345272422" lon="-6.649095397442579">
 <ele>182.46000000000001</ele>
 <time>2020-07-22T10:05:28Z</time>
 </trkpt>
 <trkpt lat="61.976998541504145" lon="-6.648977547883987">
 <ele>182.00999999999999</ele>
 <time>2020-07-22T10:05:38Z</time>
 </trkpt>
 <trkpt lat="61.97692452929914" lon="-6.648868499323726">
 <ele>181.25</ele>
 <time>2020-07-22T10:05:49Z</time>
 </trkpt>
 <trkpt lat="61.976850600913167" lon="-6.648737993091345">
 <ele>180.63999999999999</ele>
 <time>2020-07-22T10:05:57Z</time>
 </trkpt>
 <trkpt lat="61.976780779659748" lon="-6.648606983944774">
 <ele>179.94999999999999</ele>
 <time>2020-07-22T10:06:04Z</time>
 </trkpt>
 <trkpt lat="61.976714143529534" lon="-6.648467173799872">
 <ele>179.86000000000001</ele>
 <time>2020-07-22T10:06:11Z</time>
 </trkpt>
 <trkpt lat="61.976639376953244" lon="-6.648338763043284">
 <ele>179.96000000000001</ele>
 <time>2020-07-22T10:06:19Z</time>
 </trkpt>
 <trkpt lat="61.976563604548573" lon="-6.648204987868667">
 <ele>179.50999999999999</ele>
 <time>2020-07-22T10:06:27Z</time>
 </trkpt>
 <trkpt lat="61.976496381685138" lon="-6.648077666759491">
 <ele>178.68000000000001</ele>
 <time>2020-07-22T10:06:34Z</time>
 </trkpt>
 <trkpt lat="61.976410802453756" lon="-6.647998793050647">
 <ele>178.09999999999999</ele>
 <time>2020-07-22T10:06:41Z</time>
 </trkpt>
 <trkpt lat="61.976314997300506" lon="-6.647981693968177">
 <ele>176.97</ele>
 <time>2020-07-22T10:06:48Z</time>
 </trkpt>
 <trkpt lat="61.976226400583982" lon="-6.647913381457329">
 <ele>176.33000000000001</ele>
 <time>2020-07-22T10:06:55Z</time>
 </trkpt>
 <trkpt lat="61.976153142750263" lon="-6.647771811112762">
 <ele>176.19999999999999</ele>
 <time>2020-07-22T10:07:03Z</time>
 </trkpt>
 <trkpt lat="61.976107629016042" lon="-6.647615320980549">
 <ele>175.66999999999999</ele>
 <time>2020-07-22T10:07:12Z</time>
 </trkpt>
 <trkpt lat="61.976069742813706" lon="-6.647416250780225">
 <ele>176.06</ele>
 <time>2020-07-22T10:07:20Z</time>
 </trkpt>
 <trkpt lat="61.976020373404026" lon="-6.647251714020968">
 <ele>175.72</ele>
 <time>2020-07-22T10:07:27Z</time>
 </trkpt>
 <trkpt lat="61.975945103913546" lon="-6.64711550809443">
 <ele>175.41999999999999</ele>
 <time>2020-07-22T10:07:35Z</time>
 </trkpt>
 <trkpt lat="61.975895147770643" lon="-6.646942757070065">
 <ele>176.31</ele>
 <time>2020-07-22T10:07:43Z</time>
 </trkpt>
 <trkpt lat="61.975844101980329" lon="-6.646779645234346">
 <ele>175.02000000000001</ele>
 <time>2020-07-22T10:07:51Z</time>
 </trkpt>
 <trkpt lat="61.975775370374322" lon="-6.646642349660397">
 <ele>175.05000000000001</ele>
 <time>2020-07-22T10:07:59Z</time>
 </trkpt>
 <trkpt lat="61.975730611011386" lon="-6.64648468606174">
 <ele>174.06</ele>
 <time>2020-07-22T10:08:06Z</time>
 </trkpt>
 <trkpt lat="61.975676044821739" lon="-6.646339511498809">
 <ele>174.22</ele>
 <time>2020-07-22T10:08:14Z</time>
 </trkpt>
 <trkpt lat="61.975598428398371" lon="-6.646234653890133">
 <ele>173.22999999999999</ele>
 <time>2020-07-22T10:08:22Z</time>
 </trkpt>
 <trkpt lat="61.975513687357306" lon="-6.646122084930539">
 <ele>171.88</ele>
 <time>2020-07-22T10:08:30Z</time>
 </trkpt>
 <trkpt lat="61.975440429523587" lon="-6.645979341119528">
 <ele>171.68000000000001</ele>
 <time>2020-07-22T10:08:38Z</time>
 </trkpt>
 <trkpt lat="61.975390473380685" lon="-6.645810110494494">
 <ele>171.53</ele>
 <time>2020-07-22T10:08:45Z</time>
 </trkpt>
 <trkpt lat="61.975334817543626" lon="-6.645638030022383">
 <ele>172.25999999999999</ele>
 <time>2020-07-22T10:08:53Z</time>
 </trkpt>
 <trkpt lat="61.975281341001391" lon="-6.645491514354944">
 <ele>172.05000000000001</ele>
 <time>2020-07-22T10:09:01Z</time>
 </trkpt>
 <trkpt lat="61.975207831710577" lon="-6.645390093326569">
 <ele>171.06</ele>
 <time>2020-07-22T10:09:08Z</time>
 </trkpt>
 <trkpt lat="61.975125940516591" lon="-6.645261012017727">
 <ele>170.27000000000001</ele>
 <time>2020-07-22T10:09:15Z</time>
 </trkpt>
 <trkpt lat="61.975048240274191" lon="-6.645174259319902">
 <ele>169.00999999999999</ele>
 <time>2020-07-22T10:09:23Z</time>
 </trkpt>
 <trkpt lat="61.974970540031791" lon="-6.64502807892859">
 <ele>169.38999999999999</ele>
 <time>2020-07-22T10:09:31Z</time>
 </trkpt>
 <trkpt lat="61.974895019084215" lon="-6.644899249076843">
 <ele>169.19999999999999</ele>
 <time>2020-07-22T10:09:38Z</time>
 </trkpt>
 <trkpt lat="61.974815977737308" lon="-6.6447823215276">
 <ele>168.68000000000001</ele>
 <time>2020-07-22T10:09:46Z</time>
 </trkpt>
 <trkpt lat="61.974737690761685" lon="-6.644668662920594">
 <ele>168.44</ele>
 <time>2020-07-22T10:09:56Z</time>
 </trkpt>
 <trkpt lat="61.974674742668867" lon="-6.644534217193723">
 <ele>168.41</ele>
 <time>2020-07-22T10:10:03Z</time>
 </trkpt>
 <trkpt lat="61.974597629159689" lon="-6.644415445625782">
 <ele>168.63</ele>
 <time>2020-07-22T10:10:10Z</time>
 </trkpt>
 <trkpt lat="61.974517581984401" lon="-6.644298769533634">
 <ele>168.66</ele>
 <time>2020-07-22T10:10:17Z</time>
 </trkpt>
 <trkpt lat="61.974447425454855" lon="-6.644172118976712">
 <ele>167.96000000000001</ele>
 <time>2020-07-22T10:10:25Z</time>
 </trkpt>
 <trkpt lat="61.974371736869216" lon="-6.644033063203096">
 <ele>168.38</ele>
 <time>2020-07-22T10:10:32Z</time>
 </trkpt>
 <trkpt lat="61.974306274205446" lon="-6.643897360190749">
 <ele>167.83000000000001</ele>
 <time>2020-07-22T10:10:39Z</time>
 </trkpt>
 <trkpt lat="61.974224718287587" lon="-6.643775654956698">
 <ele>168.09</ele>
 <time>2020-07-22T10:10:47Z</time>
 </trkpt>
 <trkpt lat="61.97415447793901" lon="-6.643671300262213">
 <ele>168.12</ele>
 <time>2020-07-22T10:10:53Z</time>
 </trkpt>
 <trkpt lat="61.974081303924322" lon="-6.643570968881249">
 <ele>168.62</ele>
 <time>2020-07-22T10:11:00Z</time>
 </trkpt>
 <trkpt lat="61.973996227607131" lon="-6.643494023010135">
 <ele>168.84999999999999</ele>
 <time>2020-07-22T10:11:08Z</time>
 </trkpt>
 <trkpt lat="61.973904864862561" lon="-6.64344004355371">
 <ele>169.16</ele>
 <time>2020-07-22T10:11:16Z</time>
 </trkpt>
 <trkpt lat="61.973819704726338" lon="-6.643345160409808">
 <ele>169.30000000000001</ele>
 <time>2020-07-22T10:11:24Z</time>
 </trkpt>
 <trkpt lat="61.973723731935024" lon="-6.643294868990779">
 <ele>169.53999999999999</ele>
 <time>2020-07-22T10:11:32Z</time>
 </trkpt>
 <trkpt lat="61.973629100248218" lon="-6.643293863162398">
 <ele>168.91999999999999</ele>
 <time>2020-07-22T10:11:41Z</time>
 </trkpt>
 <trkpt lat="61.973533043637872" lon="-6.643238291144371">
 <ele>169.37</ele>
 <time>2020-07-22T10:11:50Z</time>
 </trkpt>
 <trkpt lat="61.973429946228862" lon="-6.643211217597127">
 <ele>168.75999999999999</ele>
 <time>2020-07-22T10:11:59Z</time>
 </trkpt>
 <trkpt lat="61.973332464694977" lon="-6.643218509852886">
 <ele>167.09</ele>
 <time>2020-07-22T10:12:08Z</time>
 </trkpt>
 <trkpt lat="61.973232552409172" lon="-6.643212726339698">
 <ele>166.36000000000001</ele>
 <time>2020-07-22T10:12:17Z</time>
 </trkpt>
 <trkpt lat="61.973142279312015" lon="-6.643253630027175">
 <ele>166.33000000000001</ele>
 <time>2020-07-22T10:12:26Z</time>
 </trkpt>
 <trkpt lat="61.973039181903005" lon="-6.643311632797122">
 <ele>164.58000000000001</ele>
 <time>2020-07-22T10:12:36Z</time>
 </trkpt>
 <trkpt lat="61.972945304587483" lon="-6.643324457108975">
 <ele>164.40000000000001</ele>
 <time>2020-07-22T10:12:44Z</time>
 </trkpt>
 <trkpt lat="61.972841285169125" lon="-6.643334431573749">
 <ele>165.02000000000001</ele>
 <time>2020-07-22T10:13:06Z</time>
 </trkpt>
 <trkpt lat="61.972748246043921" lon="-6.64329931139946">
 <ele>165.44999999999999</ele>
 <time>2020-07-22T10:14:13Z</time>
 </trkpt>
 <trkpt lat="61.972650345414877" lon="-6.643280116841197">
 <ele>165.25</ele>
 <time>2020-07-22T10:14:22Z</time>
 </trkpt>
 <trkpt lat="61.972542302682996" lon="-6.643248768523336">
 <ele>164.97999999999999</ele>
 <time>2020-07-22T10:14:31Z</time>
 </trkpt>
 <trkpt lat="61.972455717623234" lon="-6.6431849822402">
 <ele>165</ele>
 <time>2020-07-22T10:14:38Z</time>
 </trkpt>
 <trkpt lat="61.972367707639933" lon="-6.643124129623175">
 <ele>164.78999999999999</ele>
 <time>2020-07-22T10:14:45Z</time>
 </trkpt>
 <trkpt lat="61.972278272733092" lon="-6.643109126016498">
 <ele>164.84</ele>
 <time>2020-07-22T10:14:53Z</time>
 </trkpt>
 <trkpt lat="61.972179198637605" lon="-6.643082974478602">
 <ele>164.88</ele>
 <time>2020-07-22T10:15:02Z</time>
 </trkpt>
 <trkpt lat="61.97208171710372" lon="-6.643084483221173">
 <ele>164.16999999999999</ele>
 <time>2020-07-22T10:15:11Z</time>
 </trkpt>
 <trkpt lat="61.971991360187531" lon="-6.64313368499279">
 <ele>164.36000000000001</ele>
 <time>2020-07-22T10:15:21Z</time>
 </trkpt>
 <trkpt lat="61.971891531720757" lon="-6.643063863739371">
 <ele>164.18000000000001</ele>
 <time>2020-07-22T10:15:29Z</time>
 </trkpt>
 <trkpt lat="61.97178902104497" lon="-6.643026061356068">
 <ele>163.62</ele>
 <time>2020-07-22T10:15:36Z</time>
 </trkpt>
 <trkpt lat="61.971676452085376" lon="-6.643000496551395">
 <ele>164.03</ele>
 <time>2020-07-22T10:15:44Z</time>
 </trkpt>
 <trkpt lat="61.971572684124112" lon="-6.642964202910662">
 <ele>164.19999999999999</ele>
 <time>2020-07-22T10:15:51Z</time>
 </trkpt>
 <trkpt lat="61.971470089629292" lon="-6.642926316708326">
 <ele>164.66999999999999</ele>
 <time>2020-07-22T10:15:59Z</time>
 </trkpt>
 <trkpt lat="61.971372272819281" lon="-6.642872169613838">
 <ele>165.06</ele>
 <time>2020-07-22T10:16:09Z</time>
 </trkpt>
 <trkpt lat="61.971278060227633" lon="-6.642853226512671">
 <ele>164.46000000000001</ele>
 <time>2020-07-22T10:16:17Z</time>
 </trkpt>
 <trkpt lat="61.971179991960526" lon="-6.642824141308665">
 <ele>164.75</ele>
 <time>2020-07-22T10:16:25Z</time>
 </trkpt>
 <trkpt lat="61.971073960885406" lon="-6.642796732485294">
 <ele>164.12</ele>
 <time>2020-07-22T10:16:35Z</time>
 </trkpt>
 <trkpt lat="61.970981759950519" lon="-6.642698999494314">
 <ele>164.09999999999999</ele>
 <time>2020-07-22T10:16:43Z</time>
 </trkpt>
 <trkpt lat="61.970891403034329" lon="-6.642672093585134">
 <ele>163</ele>
 <time>2020-07-22T10:16:52Z</time>
 </trkpt>
 <trkpt lat="61.970800962299109" lon="-6.642599841579795">
 <ele>162.55000000000001</ele>
 <time>2020-07-22T10:17:00Z</time>
 </trkpt>
 <trkpt lat="61.970707671716809" lon="-6.642563212662935">
 <ele>162.16</ele>
 <time>2020-07-22T10:17:07Z</time>
 </trkpt>
 <trkpt lat="61.970629720017314" lon="-6.642478471621871">
 <ele>162.34</ele>
 <time>2020-07-22T10:17:15Z</time>
 </trkpt>
 <trkpt lat="61.970539195463061" lon="-6.642417619004846">
 <ele>162.31</ele>
 <time>2020-07-22T10:17:23Z</time>
 </trkpt>
 <trkpt lat="61.970444060862064" lon="-6.642347211018205">
 <ele>161.11000000000001</ele>
 <time>2020-07-22T10:17:31Z</time>
 </trkpt>
 <trkpt lat="61.970354961231351" lon="-6.642261715605855">
 <ele>161</ele>
 <time>2020-07-22T10:17:39Z</time>
 </trkpt>
 <trkpt lat="61.970271393656731" lon="-6.64217496290803">
 <ele>161.72999999999999</ele>
 <time>2020-07-22T10:17:47Z</time>
 </trkpt>
 <trkpt lat="61.970176510512829" lon="-6.64210950024426">
 <ele>160.13</ele>
 <time>2020-07-22T10:17:55Z</time>
 </trkpt>
 <trkpt lat="61.970070647075772" lon="-6.642052670940757">
 <ele>160.84</ele>
 <time>2020-07-22T10:18:04Z</time>
 </trkpt>
 <trkpt lat="61.969979535788298" lon="-6.641934905201197">
 <ele>160.94</ele>
 <time>2020-07-22T10:18:12Z</time>
 </trkpt>
 <trkpt lat="61.969893705099821" lon="-6.641811523586512">
 <ele>160.63999999999999</ele>
 <time>2020-07-22T10:18:20Z</time>
 </trkpt>
 <trkpt lat="61.969793289899826" lon="-6.641732314601541">
 <ele>159.78999999999999</ele>
 <time>2020-07-22T10:18:28Z</time>
 </trkpt>
 <trkpt lat="61.96970896795392" lon="-6.641665091738105">
 <ele>159.52000000000001</ele>
 <time>2020-07-22T10:18:36Z</time>
 </trkpt>
 <trkpt lat="61.969627076759934" lon="-6.641602395102382">
 <ele>159.75</ele>
 <time>2020-07-22T10:18:43Z</time>
 </trkpt>
 <trkpt lat="61.969533450901508" lon="-6.641561826691032">
 <ele>158.5</ele>
 <time>2020-07-22T10:18:51Z</time>
 </trkpt>
 <trkpt lat="61.969436472281814" lon="-6.641535339877009">
 <ele>157.24000000000001</ele>
 <time>2020-07-22T10:18:59Z</time>
 </trkpt>
 <trkpt lat="61.969327256083488" lon="-6.641532238572836">
 <ele>156.47999999999999</ele>
 <time>2020-07-22T10:19:09Z</time>
 </trkpt>
 <trkpt lat="61.969248633831739" lon="-6.641437606886029">
 <ele>156.56</ele>
 <time>2020-07-22T10:19:17Z</time>
 </trkpt>
 <trkpt lat="61.969172693789005" lon="-6.641330905258656">
 <ele>156.41999999999999</ele>
 <time>2020-07-22T10:19:25Z</time>
 </trkpt>
 <trkpt lat="61.969109326601028" lon="-6.641168380156159">
 <ele>156.06</ele>
 <time>2020-07-22T10:19:38Z</time>
 </trkpt>
 <trkpt lat="61.969037158414721" lon="-6.641018344089389">
 <ele>155.80000000000001</ele>
 <time>2020-07-22T10:19:46Z</time>
 </trkpt>
 <trkpt lat="61.968954177573323" lon="-6.640894124284387">
 <ele>156.03999999999999</ele>
 <time>2020-07-22T10:19:53Z</time>
 </trkpt>
 <trkpt lat="61.96886801160872" lon="-6.64080485701561">
 <ele>155.77000000000001</ele>
 <time>2020-07-22T10:20:02Z</time>
 </trkpt>
 <trkpt lat="61.968780672177672" lon="-6.640694467350841">
 <ele>155.13999999999999</ele>
 <time>2020-07-22T10:20:10Z</time>
 </trkpt>
 <trkpt lat="61.968695595860481" lon="-6.640608552843332">
 <ele>154.25999999999999</ele>
 <time>2020-07-22T10:20:17Z</time>
 </trkpt>
 <trkpt lat="61.968632899224758" lon="-6.640439322218299">
 <ele>154.24000000000001</ele>
 <time>2020-07-22T10:20:24Z</time>
 </trkpt>
 <trkpt lat="61.968557797372341" lon="-6.640309989452362">
 <ele>153.61000000000001</ele>
 <time>2020-07-22T10:20:31Z</time>
 </trkpt>
 <trkpt lat="61.968493340536952" lon="-6.640158109366894">
 <ele>153.03</ele>
 <time>2020-07-22T10:20:38Z</time>
 </trkpt>
 <trkpt lat="61.96842142380774" lon="-6.64002894423902">
 <ele>153.63</ele>
 <time>2020-07-22T10:20:45Z</time>
 </trkpt>
 <trkpt lat="61.968337101861835" lon="-6.639912603422999">
 <ele>153.52000000000001</ele>
 <time>2020-07-22T10:20:52Z</time>
 </trkpt>
 <trkpt lat="61.968261413276196" lon="-6.639798106625676">
 <ele>153.28999999999999</ele>
 <time>2020-07-22T10:20:59Z</time>
 </trkpt>
 <trkpt lat="61.96821665391326" lon="-6.639652932062745">
 <ele>152.50999999999999</ele>
 <time>2020-07-22T10:21:07Z</time>
 </trkpt>
 <trkpt lat="61.968170385807753" lon="-6.639495687559247">
 <ele>153.47</ele>
 <time>2020-07-22T10:21:14Z</time>
 </trkpt>
 <trkpt lat="61.968111461028457" lon="-6.639339616522193">
 <ele>153.61000000000001</ele>
 <time>2020-07-22T10:21:21Z</time>
 </trkpt>
 <trkpt lat="61.968085560947657" lon="-6.639208607375622">
 <ele>153.99000000000001</ele>
 <time>2020-07-22T10:21:36Z</time>
 </trkpt>
 <trkpt lat="61.968012219294906" lon="-6.639081118628383">
 <ele>153</ele>
 <time>2020-07-22T10:21:44Z</time>
 </trkpt>
 <trkpt lat="61.967946086078882" lon="-6.638956228271127">
 <ele>152.00999999999999</ele>
 <time>2020-07-22T10:21:52Z</time>
 </trkpt>
 <trkpt lat="61.967870984226465" lon="-6.638833349570632">
 <ele>151.91999999999999</ele>
 <time>2020-07-22T10:22:00Z</time>
 </trkpt>
 <trkpt lat="61.967808455228806" lon="-6.638685576617718">
 <ele>150.96000000000001</ele>
 <time>2020-07-22T10:22:07Z</time>
 </trkpt>
 <trkpt lat="61.967766210436821" lon="-6.638516345992684">
 <ele>150.19999999999999</ele>
 <time>2020-07-22T10:22:14Z</time>
 </trkpt>
 <trkpt lat="61.967712733894587" lon="-6.638329681009054">
 <ele>150.99000000000001</ele>
 <time>2020-07-22T10:22:22Z</time>
 </trkpt>
 <trkpt lat="61.967643918469548" lon="-6.638183500617743">
 <ele>151.71000000000001</ele>
 <time>2020-07-22T10:22:29Z</time>
 </trkpt>
 <trkpt lat="61.967570157721639" lon="-6.638015359640122">
 <ele>150.86000000000001</ele>
 <time>2020-07-22T10:22:36Z</time>
 </trkpt>
 <trkpt lat="61.967495642602444" lon="-6.637887870892882">
 <ele>152.12</ele>
 <time>2020-07-22T10:22:44Z</time>
 </trkpt>
 <trkpt lat="61.967480219900608" lon="-6.637709587812424">
 <ele>151.08000000000001</ele>
 <time>2020-07-22T10:22:52Z</time>
 </trkpt>
 <trkpt lat="61.967444345355034" lon="-6.637528706341982">
 <ele>150.59</ele>
 <time>2020-07-22T10:22:59Z</time>
 </trkpt>
 <trkpt lat="61.967420373111963" lon="-6.637333575636149">
 <ele>149.83000000000001</ele>
 <time>2020-07-22T10:23:06Z</time>
 </trkpt>
 <trkpt lat="61.967383325099945" lon="-6.637151185423136">
 <ele>149.87</ele>
 <time>2020-07-22T10:23:13Z</time>
 </trkpt>
 <trkpt lat="61.967335967347026" lon="-6.636979775503278">
 <ele>149.96000000000001</ele>
 <time>2020-07-22T10:23:20Z</time>
 </trkpt>
 <trkpt lat="61.967261871322989" lon="-6.636832421645522">
 <ele>148.69</ele>
 <time>2020-07-22T10:23:27Z</time>
 </trkpt>
 <trkpt lat="61.967202108353376" lon="-6.636662688106298">
 <ele>148.02000000000001</ele>
 <time>2020-07-22T10:23:34Z</time>
 </trkpt>
 <trkpt lat="61.967155924066901" lon="-6.636490607634187">
 <ele>147.59999999999999</ele>
 <time>2020-07-22T10:23:42Z</time>
 </trkpt>
 <trkpt lat="61.967089036479592" lon="-6.636328920722008">
 <ele>147.53</ele>
 <time>2020-07-22T10:23:49Z</time>
 </trkpt>
 <trkpt lat="61.967051569372416" lon="-6.636140579357743">
 <ele>147.30000000000001</ele>
 <time>2020-07-22T10:23:56Z</time>
 </trkpt>
 <trkpt lat="61.967031201347709" lon="-6.635957099497318">
 <ele>147.13999999999999</ele>
 <time>2020-07-22T10:24:02Z</time>
 </trkpt>
 <trkpt lat="61.967009911313653" lon="-6.635769428685308">
 <ele>147.05000000000001</ele>
 <time>2020-07-22T10:24:09Z</time>
 </trkpt>
 <trkpt lat="61.966981329023838" lon="-6.635570609942079">
 <ele>146.30000000000001</ele>
 <time>2020-07-22T10:24:17Z</time>
 </trkpt>
 <trkpt lat="61.966952160000801" lon="-6.635382184758782">
 <ele>145.78</ele>
 <time>2020-07-22T10:24:23Z</time>
 </trkpt>
 <trkpt lat="61.96691544726491" lon="-6.635212870314717">
 <ele>145.31999999999999</ele>
 <time>2020-07-22T10:24:30Z</time>
 </trkpt>
 <trkpt lat="61.966859707608819" lon="-6.635058308020234">
 <ele>145.05000000000001</ele>
 <time>2020-07-22T10:24:37Z</time>
 </trkpt>
 <trkpt lat="61.966804135590792" lon="-6.634888490661979">
 <ele>144.09999999999999</ele>
 <time>2020-07-22T10:24:44Z</time>
 </trkpt>
 <trkpt lat="61.966727692633867" lon="-6.634767539799213">
 <ele>143.88999999999999</ele>
 <time>2020-07-22T10:24:52Z</time>
 </trkpt>
 <trkpt lat="61.966652926057577" lon="-6.634664526209235">
 <ele>142.53999999999999</ele>
 <time>2020-07-22T10:25:00Z</time>
 </trkpt>
 <trkpt lat="61.966566760092974" lon="-6.63460660725832">
 <ele>141.87</ele>
 <time>2020-07-22T10:25:10Z</time>
 </trkpt>
 <trkpt lat="61.966492244973779" lon="-6.634502587839961">
 <ele>141.77000000000001</ele>
 <time>2020-07-22T10:25:17Z</time>
 </trkpt>
 <trkpt lat="61.966408006846905" lon="-6.6344004124403">
 <ele>140.50999999999999</ele>
 <time>2020-07-22T10:25:24Z</time>
 </trkpt>
 <trkpt lat="61.966312285512686" lon="-6.634332267567515">
 <ele>139.28999999999999</ele>
 <time>2020-07-22T10:25:31Z</time>
 </trkpt>
 <trkpt lat="61.966225281357765" lon="-6.634226571768522">
 <ele>138.09999999999999</ele>
 <time>2020-07-22T10:25:38Z</time>
 </trkpt>
 <trkpt lat="61.966153448447585" lon="-6.634094389155507">
 <ele>136.68000000000001</ele>
 <time>2020-07-22T10:25:45Z</time>
 </trkpt>
 <trkpt lat="61.966092512011528" lon="-6.633937899023294">
 <ele>134.19999999999999</ele>
 <time>2020-07-22T10:25:52Z</time>
 </trkpt>
 <trkpt lat="61.966037610545754" lon="-6.633774200454354">
 <ele>133.31999999999999</ele>
 <time>2020-07-22T10:25:59Z</time>
 </trkpt>
 <trkpt lat="61.965985223650932" lon="-6.633626511320472">
 <ele>134.22</ele>
 <time>2020-07-22T10:26:06Z</time>
 </trkpt>
 <trkpt lat="61.965918084606528" lon="-6.633503129705787">
 <ele>133.03999999999999</ele>
 <time>2020-07-22T10:27:32Z</time>
 </trkpt>
 <trkpt lat="61.96585463359952" lon="-6.633396595716476">
 <ele>131.83000000000001</ele>
 <time>2020-07-22T10:27:39Z</time>
 </trkpt>
 <trkpt lat="61.965785566717386" lon="-6.633307579904795">
 <ele>130.47999999999999</ele>
 <time>2020-07-22T10:27:46Z</time>
 </trkpt>
 <trkpt lat="61.965722870081663" lon="-6.633166680112481">
 <ele>130.13999999999999</ele>
 <time>2020-07-22T10:27:53Z</time>
 </trkpt>
 <trkpt lat="61.965680122375488" lon="-6.632992252707481">
 <ele>129.16</ele>
 <time>2020-07-22T10:28:00Z</time>
 </trkpt>
 <trkpt lat="61.965651120990515" lon="-6.632815729826689">
 <ele>128.52000000000001</ele>
 <time>2020-07-22T10:28:07Z</time>
 </trkpt>
 <trkpt lat="61.965603260323405" lon="-6.632643230259419">
 <ele>128.86000000000001</ele>
 <time>2020-07-22T10:28:15Z</time>
 </trkpt>
 <trkpt lat="61.965554561465979" lon="-6.632490428164601">
 <ele>128.34999999999999</ele>
 <time>2020-07-22T10:28:22Z</time>
 </trkpt>
 <trkpt lat="61.965506784617901" lon="-6.632324298843741">
 <ele>127.73999999999999</ele>
 <time>2020-07-22T10:28:30Z</time>
 </trkpt>
 <trkpt lat="61.965409135445952" lon="-6.632276270538569">
 <ele>127.81999999999999</ele>
 <time>2020-07-22T10:28:37Z</time>
 </trkpt>
 <trkpt lat="61.965328250080347" lon="-6.632171748206019">
 <ele>126.40000000000001</ele>
 <time>2020-07-22T10:28:54Z</time>
 </trkpt>
 <trkpt lat="61.965279635041952" lon="-6.631988687440753">
 <ele>126.44</ele>
 <time>2020-07-22T10:29:01Z</time>
 </trkpt>
 <trkpt lat="61.965232025831938" lon="-6.631876202300191">
 <ele>125.59999999999999</ele>
 <time>2020-07-22T10:29:08Z</time>
 </trkpt>
 <trkpt lat="61.96516907773912" lon="-6.631750809028745">
 <ele>123.98</ele>
 <time>2020-07-22T10:29:16Z</time>
 </trkpt>
 <trkpt lat="61.96510604582727" lon="-6.631636396050453">
 <ele>124.15000000000001</ele>
 <time>2020-07-22T10:29:25Z</time>
 </trkpt>
 <trkpt lat="61.965035134926438" lon="-6.631504129618406">
 <ele>124.12</ele>
 <time>2020-07-22T10:29:32Z</time>
 </trkpt>
 <trkpt lat="61.964954249560833" lon="-6.631416203454137">
 <ele>121.87</ele>
 <time>2020-07-22T10:29:40Z</time>
 </trkpt>
 <trkpt lat="61.964853415265679" lon="-6.631388962268829">
 <ele>120.73999999999999</ele>
 <time>2020-07-22T10:29:50Z</time>
 </trkpt>
 <trkpt lat="61.964784851297736" lon="-6.631244877353311">
 <ele>121.01000000000001</ele>
 <time>2020-07-22T10:30:01Z</time>
 </trkpt>
 <trkpt lat="61.964705809950829" lon="-6.631160639226437">
 <ele>121.5</ele>
 <time>2020-07-22T10:30:10Z</time>
 </trkpt>
 <trkpt lat="61.964709581807256" lon="-6.63098780438304">
 <ele>120.90000000000001</ele>
 <time>2020-07-22T10:30:18Z</time>
 </trkpt>
 <trkpt lat="61.964680748060346" lon="-6.630789320915937">
 <ele>121.26000000000001</ele>
 <time>2020-07-22T10:30:26Z</time>
 </trkpt>
 <trkpt lat="61.964609250426292" lon="-6.630688654258847">
 <ele>120.48999999999999</ele>
 <time>2020-07-22T10:30:34Z</time>
 </trkpt>
 <trkpt lat="61.964549403637648" lon="-6.630517998710275">
 <ele>119.92</ele>
 <time>2020-07-22T10:30:42Z</time>
 </trkpt>
 <trkpt lat="61.964462315663695" lon="-6.630423199385405">
 <ele>119.7</ele>
 <time>2020-07-22T10:30:49Z</time>
 </trkpt>
 <trkpt lat="61.964376736432314" lon="-6.630318928509951">
 <ele>119.45999999999999</ele>
 <time>2020-07-22T10:30:57Z</time>
 </trkpt>
 <trkpt lat="61.964294761419296" lon="-6.630221195518971">
 <ele>119.68000000000001</ele>
 <time>2020-07-22T10:31:04Z</time>
 </trkpt>
 <trkpt lat="61.964234160259366" lon="-6.630085660144687">
 <ele>119.56</ele>
 <time>2020-07-22T10:31:13Z</time>
 </trkpt>
 <trkpt lat="61.964204739779234" lon="-6.629926739260554">
 <ele>119.92</ele>
 <time>2020-07-22T10:31:21Z</time>
 </trkpt>
 <trkpt lat="61.964146234095097" lon="-6.629757592454553">
 <ele>121.51000000000001</ele>
 <time>2020-07-22T10:31:29Z</time>
 </trkpt>
 <trkpt lat="61.964113377034664" lon="-6.629547793418169">
 <ele>121.45</ele>
 <time>2020-07-22T10:31:37Z</time>
 </trkpt>
 <trkpt lat="61.964015560224652" lon="-6.629449808970094">
 <ele>121.06</ele>
 <time>2020-07-22T10:31:45Z</time>
 </trkpt>
 <trkpt lat="61.963933585211635" lon="-6.629346376284957">
 <ele>122.09999999999999</ele>
 <time>2020-07-22T10:31:54Z</time>
 </trkpt>
 <trkpt lat="61.963878516107798" lon="-6.629197597503662">
 <ele>121.19</ele>
 <time>2020-07-22T10:32:02Z</time>
 </trkpt>
 <trkpt lat="61.963808946311474" lon="-6.629072371870279">
 <ele>119.5</ele>
 <time>2020-07-22T10:32:08Z</time>
 </trkpt>
 <trkpt lat="61.963720181956887" lon="-6.62903088144958">
 <ele>118.79000000000001</ele>
 <time>2020-07-22T10:32:15Z</time>
 </trkpt>
 <trkpt lat="61.963617000728846" lon="-6.629026103764772">
 <ele>118.12</ele>
 <time>2020-07-22T10:32:24Z</time>
 </trkpt>
 <trkpt lat="61.963522285223007" lon="-6.629003807902336">
 <ele>117.63</ele>
 <time>2020-07-22T10:32:32Z</time>
 </trkpt>
 <trkpt lat="61.963436873629689" lon="-6.62893365137279">
 <ele>117.95</ele>
 <time>2020-07-22T10:32:39Z</time>
 </trkpt>
 <trkpt lat="61.963401334360242" lon="-6.628743633627892">
 <ele>119.23</ele>
 <time>2020-07-22T10:32:47Z</time>
 </trkpt>
 <trkpt lat="61.963348025456071" lon="-6.628578761592507">
 <ele>120.44</ele>
 <time>2020-07-22T10:32:55Z</time>
 </trkpt>
 <trkpt lat="61.963295135647058" lon="-6.628411207348108">
 <ele>120.39</ele>
 <time>2020-07-22T10:33:02Z</time>
 </trkpt>
 <trkpt lat="61.963227242231369" lon="-6.628278102725744">
 <ele>118.8</ele>
 <time>2020-07-22T10:33:10Z</time>
 </trkpt>
 <trkpt lat="61.963143171742558" lon="-6.628157235682011">
 <ele>117.62</ele>
 <time>2020-07-22T10:33:18Z</time>
 </trkpt>
 <trkpt lat="61.963054742664099" lon="-6.628195038065314">
 <ele>116.93000000000001</ele>
 <time>2020-07-22T10:33:27Z</time>
 </trkpt>
 <trkpt lat="61.96295709349215" lon="-6.628199899569154">
 <ele>118.2</ele>
 <time>2020-07-22T10:33:37Z</time>
 </trkpt>
 <trkpt lat="61.962865395471454" lon="-6.628134353086352">
 <ele>118.93000000000001</ele>
 <time>2020-07-22T10:33:45Z</time>
 </trkpt>
 <trkpt lat="61.96279339492321" lon="-6.627999739721417">
 <ele>118.65000000000001</ele>
 <time>2020-07-22T10:33:52Z</time>
 </trkpt>
 <trkpt lat="61.962752491235733" lon="-6.627830173820257">
 <ele>118.41</ele>
 <time>2020-07-22T10:33:59Z</time>
 </trkpt>
 <trkpt lat="61.96271812543273" lon="-6.627634959295392">
 <ele>118.06</ele>
 <time>2020-07-22T10:34:06Z</time>
 </trkpt>
 <trkpt lat="61.962645370513201" lon="-6.627504704520106">
 <ele>118.25</ele>
 <time>2020-07-22T10:34:14Z</time>
 </trkpt>
 <trkpt lat="61.962616285309196" lon="-6.627330612391233">
 <ele>119</ele>
 <time>2020-07-22T10:34:21Z</time>
 </trkpt>
 <trkpt lat="61.962576387450099" lon="-6.627163393422961">
 <ele>118.52</ele>
 <time>2020-07-22T10:34:28Z</time>
 </trkpt>
 <trkpt lat="61.962540680542588" lon="-6.626975554972887">
 <ele>118.70999999999999</ele>
 <time>2020-07-22T10:34:35Z</time>
 </trkpt>
 <trkpt lat="61.962505895644426" lon="-6.626785369589925">
 <ele>119.2</ele>
 <time>2020-07-22T10:34:43Z</time>
 </trkpt>
 <trkpt lat="61.962505057454109" lon="-6.626588478684425">
 <ele>119.29000000000001</ele>
 <time>2020-07-22T10:34:51Z</time>
 </trkpt>
 <trkpt lat="61.962524671107531" lon="-6.626391923055053">
 <ele>119.23999999999999</ele>
 <time>2020-07-22T10:34:59Z</time>
 </trkpt>
 <trkpt lat="61.962514948099852" lon="-6.626182626932859">
 <ele>119.53</ele>
 <time>2020-07-22T10:35:08Z</time>
 </trkpt>
 <trkpt lat="61.962436577305198" lon="-6.626065447926521">
 <ele>120.76000000000001</ele>
 <time>2020-07-22T10:35:17Z</time>
 </trkpt>
 <trkpt lat="61.962333479896188" lon="-6.626029824838042">
 <ele>119.55</ele>
 <time>2020-07-22T10:35:26Z</time>
 </trkpt>
 <trkpt lat="61.962269609794021" lon="-6.625883476808667">
 <ele>119.54000000000001</ele>
 <time>2020-07-22T10:35:34Z</time>
 </trkpt>
 <trkpt lat="61.962183360010386" lon="-6.62577660754323">
 <ele>119.73999999999999</ele>
 <time>2020-07-22T10:35:43Z</time>
 </trkpt>
 <trkpt lat="61.962109180167317" lon="-6.625649454072118">
 <ele>119.14</ele>
 <time>2020-07-22T10:35:50Z</time>
 </trkpt>
 <trkpt lat="61.962053691968322" lon="-6.625489611178637">
 <ele>118.13</ele>
 <time>2020-07-22T10:35:57Z</time>
 </trkpt>
 <trkpt lat="61.961966436356306" lon="-6.625392297282815">
 <ele>117.77</ele>
 <time>2020-07-22T10:36:07Z</time>
 </trkpt>
 <trkpt lat="61.961898794397712" lon="-6.625282494351268">
 <ele>117.34999999999999</ele>
 <time>2020-07-22T10:36:16Z</time>
 </trkpt>
 <trkpt lat="61.961851855739951" lon="-6.625107061117888">
 <ele>118.77</ele>
 <time>2020-07-22T10:36:24Z</time>
 </trkpt>
 <trkpt lat="61.961789662018418" lon="-6.624954678118229">
 <ele>120.04000000000001</ele>
 <time>2020-07-22T10:36:32Z</time>
 </trkpt>
 <trkpt lat="61.96173258125782" lon="-6.624800032004714">
 <ele>119.84</ele>
 <time>2020-07-22T10:36:39Z</time>
 </trkpt>
 <trkpt lat="61.961689749732614" lon="-6.624597776681185">
 <ele>120.15000000000001</ele>
 <time>2020-07-22T10:36:47Z</time>
 </trkpt>
 <trkpt lat="61.96163535118103" lon="-6.624438939616084">
 <ele>121.01000000000001</ele>
 <time>2020-07-22T10:36:55Z</time>
 </trkpt>
 <trkpt lat="61.961536444723606" lon="-6.624457547441125">
 <ele>121.34</ele>
 <time>2020-07-22T10:37:02Z</time>
 </trkpt>
 <trkpt lat="61.961439801380038" lon="-6.624495601281524">
 <ele>121.06999999999999</ele>
 <time>2020-07-22T10:37:09Z</time>
 </trkpt>
 <trkpt lat="61.961340475827456" lon="-6.624483447521925">
 <ele>121.73</ele>
 <time>2020-07-22T10:37:17Z</time>
 </trkpt>
 <trkpt lat="61.961248023435473" lon="-6.624433407559991">
 <ele>121.92</ele>
 <time>2020-07-22T10:37:26Z</time>
 </trkpt>
 <trkpt lat="61.96119898930192" lon="-6.624275492504239">
 <ele>122.03</ele>
 <time>2020-07-22T10:37:33Z</time>
 </trkpt>
 <trkpt lat="61.961143249645829" lon="-6.624087654054165">
 <ele>122.2</ele>
 <time>2020-07-22T10:37:41Z</time>
 </trkpt>
 <trkpt lat="61.961079714819789" lon="-6.623948765918613">
 <ele>122.3</ele>
 <time>2020-07-22T10:37:50Z</time>
 </trkpt>
 <trkpt lat="61.961005199700594" lon="-6.623825300484896">
 <ele>122.03</ele>
 <time>2020-07-22T10:37:57Z</time>
 </trkpt>
 <trkpt lat="61.960925152525306" lon="-6.623682472854853">
 <ele>121.7</ele>
 <time>2020-07-22T10:38:04Z</time>
 </trkpt>
 <trkpt lat="61.96085449308157" lon="-6.623550541698933">
 <ele>121.51000000000001</ele>
 <time>2020-07-22T10:38:11Z</time>
 </trkpt>
 <trkpt lat="61.960786264389753" lon="-6.623417101800442">
 <ele>120.98</ele>
 <time>2020-07-22T10:38:18Z</time>
 </trkpt>
 <trkpt lat="61.96070889942348" lon="-6.623290115967393">
 <ele>120.36</ele>
 <time>2020-07-22T10:38:25Z</time>
 </trkpt>
 <trkpt lat="61.96063656359911" lon="-6.623134883120656">
 <ele>119.38</ele>
 <time>2020-07-22T10:38:32Z</time>
 </trkpt>
 <trkpt lat="61.960554840043187" lon="-6.623001359403133">
 <ele>119.78</ele>
 <time>2020-07-22T10:38:39Z</time>
 </trkpt>
 <trkpt lat="61.960493568331003" lon="-6.622851490974426">
 <ele>118.64</ele>
 <time>2020-07-22T10:38:46Z</time>
 </trkpt>
 <trkpt lat="61.960438499227166" lon="-6.622686702758074">
 <ele>118.23999999999999</ele>
 <time>2020-07-22T10:38:54Z</time>
 </trkpt>
 <trkpt lat="61.960364570841193" lon="-6.6225541010499">
 <ele>118.26000000000001</ele>
 <time>2020-07-22T10:39:01Z</time>
 </trkpt>
 <trkpt lat="61.960292989388108" lon="-6.622415296733379">
 <ele>118.19</ele>
 <time>2020-07-22T10:39:08Z</time>
 </trkpt>
 <trkpt lat="61.960203135386109" lon="-6.62228386849165">
 <ele>118.02</ele>
 <time>2020-07-22T10:39:16Z</time>
 </trkpt>
 <trkpt lat="61.960115544497967" lon="-6.622174819931388">
 <ele>117.40000000000001</ele>
 <time>2020-07-22T10:39:23Z</time>
 </trkpt>
 <trkpt lat="61.960055027157068" lon="-6.622028555721045">
 <ele>117.25</ele>
 <time>2020-07-22T10:39:32Z</time>
 </trkpt>
 <trkpt lat="61.960018817335367" lon="-6.621963931247592">
 <ele>117.09</ele>
 <time>2020-07-22T10:40:48Z</time>
 </trkpt>
 <trkpt lat="61.959924772381783" lon="-6.621855972334743">
 <ele>116.52</ele>
 <time>2020-07-22T10:40:56Z</time>
 </trkpt>
 <trkpt lat="61.959838857874274" lon="-6.621758826076984">
 <ele>115.54000000000001</ele>
 <time>2020-07-22T10:41:04Z</time>
 </trkpt>
 <trkpt lat="61.959742214530706" lon="-6.621706020087004">
 <ele>114.78</ele>
 <time>2020-07-22T10:41:13Z</time>
 </trkpt>
 <trkpt lat="61.95964808575809" lon="-6.621654136106372">
 <ele>114.54000000000001</ele>
 <time>2020-07-22T10:41:21Z</time>
 </trkpt>
 <trkpt lat="61.959583880379796" lon="-6.621500495821238">
 <ele>114.08</ele>
 <time>2020-07-22T10:41:28Z</time>
 </trkpt>
 <trkpt lat="61.959533672779799" lon="-6.621337467804551">
 <ele>114.06</ele>
 <time>2020-07-22T10:41:35Z</time>
 </trkpt>
 <trkpt lat="61.959480028599501" lon="-6.621159771457315">
 <ele>113.90000000000001</ele>
 <time>2020-07-22T10:41:42Z</time>
 </trkpt>
 <trkpt lat="61.959423115476966" lon="-6.621002107858658">
 <ele>112.8</ele>
 <time>2020-07-22T10:41:50Z</time>
 </trkpt>
 <trkpt lat="61.959360418841243" lon="-6.620835140347481">
 <ele>112.03</ele>
 <time>2020-07-22T10:41:57Z</time>
 </trkpt>
 <trkpt lat="61.959267714992166" lon="-6.620751656591892">
 <ele>111.28</ele>
 <time>2020-07-22T10:42:04Z</time>
 </trkpt>
 <trkpt lat="61.959192277863622" lon="-6.620627269148827">
 <ele>109.69</ele>
 <time>2020-07-22T10:42:11Z</time>
 </trkpt>
 <trkpt lat="61.95909789763391" lon="-6.620523417368531">
 <ele>109.33</ele>
 <time>2020-07-22T10:42:18Z</time>
 </trkpt>
 <trkpt lat="61.959034195169806" lon="-6.620368184521794">
 <ele>108.90000000000001</ele>
 <time>2020-07-22T10:42:25Z</time>
 </trkpt>
 <trkpt lat="61.958972001448274" lon="-6.620236085727811">
 <ele>108.26000000000001</ele>
 <time>2020-07-22T10:42:32Z</time>
 </trkpt>
 <trkpt lat="61.958948783576488" lon="-6.620044726878405">
 <ele>106.34999999999999</ele>
 <time>2020-07-22T10:42:40Z</time>
 </trkpt>
 <trkpt lat="61.958891032263637" lon="-6.61986174993217">
 <ele>104.69</ele>
 <time>2020-07-22T10:42:48Z</time>
 </trkpt>
 <trkpt lat="61.958840237930417" lon="-6.619661087170243">
 <ele>105.13</ele>
 <time>2020-07-22T10:42:56Z</time>
 </trkpt>
 <trkpt lat="61.958778044208884" lon="-6.619513565674424">
 <ele>105.36</ele>
 <time>2020-07-22T10:43:30Z</time>
 </trkpt>
 <trkpt lat="61.958770249038935" lon="-6.619306700304151">
 <ele>101.3</ele>
 <time>2020-07-22T10:43:42Z</time>
 </trkpt>
 <trkpt lat="61.958718951791525" lon="-6.619116766378284">
 <ele>97.849999999999994</ele>
 <time>2020-07-22T10:43:54Z</time>
 </trkpt>
 <trkpt lat="61.958630857989192" lon="-6.618988858535886">
 <ele>93.219999999999999</ele>
 <time>2020-07-22T10:44:07Z</time>
 </trkpt>
 <trkpt lat="61.958543686196208" lon="-6.618916522711515">
 <ele>90.790000000000006</ele>
 <time>2020-07-22T10:44:16Z</time>
 </trkpt>
 <trkpt lat="61.958438912406564" lon="-6.618829099461436">
 <ele>88.400000000000006</ele>
 <time>2020-07-22T10:44:25Z</time>
 </trkpt>
 <trkpt lat="61.958339000120759" lon="-6.618743939325213">
 <ele>86.810000000000002</ele>
 <time>2020-07-22T10:44:33Z</time>
 </trkpt>
 <trkpt lat="61.958252247422934" lon="-6.618624329566956">
 <ele>85.530000000000001</ele>
 <time>2020-07-22T10:44:41Z</time>
 </trkpt>
 <trkpt lat="61.958170691505075" lon="-6.618474125862122">
 <ele>86.370000000000005</ele>
 <time>2020-07-22T10:44:49Z</time>
 </trkpt>
 <trkpt lat="61.958109168335795" lon="-6.618305062875152">
 <ele>86.390000000000001</ele>
 <time>2020-07-22T10:44:57Z</time>
 </trkpt>
 <trkpt lat="61.958015374839306" lon="-6.618216466158629">
 <ele>86.260000000000005</ele>
 <time>2020-07-22T10:45:04Z</time>
 </trkpt>
 <trkpt lat="61.957938596606255" lon="-6.618073135614395">
 <ele>86.450000000000003</ele>
 <time>2020-07-22T10:45:12Z</time>
 </trkpt>
 <trkpt lat="61.957884700968862" lon="-6.617882950231433">
 <ele>86.069999999999993</ele>
 <time>2020-07-22T10:45:20Z</time>
 </trkpt>
 <trkpt lat="61.957833068445325" lon="-6.617703912779689">
 <ele>85.819999999999993</ele>
 <time>2020-07-22T10:45:29Z</time>
 </trkpt>
 <trkpt lat="61.957813119515777" lon="-6.617506016045809">
 <ele>85.159999999999997</ele>
 <time>2020-07-22T10:45:36Z</time>
 </trkpt>
 <trkpt lat="61.957771461457014" lon="-6.617304347455502">
 <ele>85.189999999999998</ele>
 <time>2020-07-22T10:45:43Z</time>
 </trkpt>
 <trkpt lat="61.957739526405931" lon="-6.617138721048832">
 <ele>85.359999999999999</ele>
 <time>2020-07-22T10:46:11Z</time>
 </trkpt>
 <trkpt lat="61.957713961601257" lon="-6.616935962811112">
 <ele>85.079999999999998</ele>
 <time>2020-07-22T10:46:19Z</time>
 </trkpt>
 <trkpt lat="61.957677667960525" lon="-6.616755081340671">
 <ele>84.900000000000006</ele>
 <time>2020-07-22T10:46:26Z</time>
 </trkpt>
 <trkpt lat="61.957661239430308" lon="-6.616559363901615">
 <ele>84.280000000000001</ele>
 <time>2020-07-22T10:46:33Z</time>
 </trkpt>
 <trkpt lat="61.957655623555183" lon="-6.616343781352043">
 <ele>84.609999999999999</ele>
 <time>2020-07-22T10:46:40Z</time>
 </trkpt>
 <trkpt lat="61.957670794799924" lon="-6.616126270964742">
 <ele>84.640000000000001</ele>
 <time>2020-07-22T10:46:48Z</time>
 </trkpt>
 <trkpt lat="61.957656126469374" lon="-6.61590876057744">
 <ele>84.340000000000003</ele>
 <time>2020-07-22T10:46:56Z</time>
 </trkpt>
 <trkpt lat="61.957674399018288" lon="-6.615717066451907">
 <ele>83.060000000000002</ele>
 <time>2020-07-22T10:47:03Z</time>
 </trkpt>
 <trkpt lat="61.957637686282396" lon="-6.615555882453919">
 <ele>82.189999999999998</ele>
 <time>2020-07-22T10:47:11Z</time>
 </trkpt>
 <trkpt lat="61.957596782594919" lon="-6.615394446998835">
 <ele>80.540000000000006</ele>
 <time>2020-07-22T10:47:20Z</time>
 </trkpt>
 <trkpt lat="61.957553448155522" lon="-6.615335186943412">
 <ele>79.25</ele>
 <time>2020-07-22T10:47:59Z</time>
 </trkpt>
 <trkpt lat="61.957464935258031" lon="-6.615403080359101">
 <ele>78.709999999999994</ele>
 <time>2020-07-22T10:48:13Z</time>
 </trkpt>
 <trkpt lat="61.957386899739504" lon="-6.615472063422203">
 <ele>77.790000000000006</ele>
 <time>2020-07-22T10:48:28Z</time>
 </trkpt>
 <trkpt lat="61.957405591383576" lon="-6.615281542763114">
 <ele>74.75</ele>
 <time>2020-07-22T10:49:21Z</time>
 </trkpt>
 <trkpt lat="61.957409447059035" lon="-6.615065541118383">
 <ele>72.390000000000001</ele>
 <time>2020-07-22T10:49:30Z</time>
 </trkpt>
 <trkpt lat="61.957410704344511" lon="-6.614856664091349">
 <ele>70.120000000000005</ele>
 <time>2020-07-22T10:50:02Z</time>
 </trkpt>
 <trkpt lat="61.957428054884076" lon="-6.614839900285006">
 <ele>69.280000000000001</ele>
 <time>2020-07-22T10:51:56Z</time>
 </trkpt>
 <trkpt lat="61.957409782335162" lon="-6.61466907709837">
 <ele>68.769999999999996</ele>
 <time>2020-07-22T10:52:38Z</time>
 </trkpt>
 <trkpt lat="61.957436017692089" lon="-6.614788016304374">
 <ele>69.359999999999999</ele>
 <time>2020-07-22T10:53:43Z</time>
 </trkpt>
 <trkpt lat="61.957407854497433" lon="-6.614917181432247">
 <ele>67.519999999999996</ele>
 <time>2020-07-22T11:37:49Z</time>
 </trkpt>
 <trkpt lat="61.957403160631657" lon="-6.615137625485659">
 <ele>70.269999999999996</ele>
 <time>2020-07-22T11:38:03Z</time>
 </trkpt>
 <trkpt lat="61.957409363240004" lon="-6.615364858880639">
 <ele>73.290000000000006</ele>
 <time>2020-07-22T11:38:20Z</time>
 </trkpt>
 <trkpt lat="61.957429312169552" lon="-6.615491844713688">
 <ele>74.629999999999995</ele>
 <time>2020-07-22T11:39:40Z</time>
 </trkpt>
 <trkpt lat="61.957517741248012" lon="-6.61547482945025">
 <ele>76.049999999999997</ele>
 <time>2020-07-22T11:40:00Z</time>
 </trkpt>
 <trkpt lat="61.95761882700026" lon="-6.615559319034219">
 <ele>77.459999999999994</ele>
 <time>2020-07-22T11:40:09Z</time>
 </trkpt>
 <trkpt lat="61.957687307149172" lon="-6.615672642365098">
 <ele>78.939999999999998</ele>
 <time>2020-07-22T11:40:18Z</time>
 </trkpt>
 <trkpt lat="61.95768965408206" lon="-6.6158486623317">
 <ele>79.879999999999995</ele>
 <time>2020-07-22T11:40:27Z</time>
 </trkpt>
 <trkpt lat="61.957686552777886" lon="-6.616052929311991">
 <ele>80.310000000000002</ele>
 <time>2020-07-22T11:40:44Z</time>
 </trkpt>
 <trkpt lat="61.957678338512778" lon="-6.616249401122332">
 <ele>80.069999999999993</ele>
 <time>2020-07-22T11:40:52Z</time>
 </trkpt>
 <trkpt lat="61.957674063742161" lon="-6.616465989500284">
 <ele>80.040000000000006</ele>
 <time>2020-07-22T11:41:01Z</time>
 </trkpt>
 <trkpt lat="61.957693928852677" lon="-6.616672771051526">
 <ele>80.129999999999995</ele>
 <time>2020-07-22T11:41:09Z</time>
 </trkpt>
 <trkpt lat="61.957701975479722" lon="-6.616884330287576">
 <ele>80.739999999999995</ele>
 <time>2020-07-22T11:41:17Z</time>
 </trkpt>
 <trkpt lat="61.957731815055013" lon="-6.617080802097917">
 <ele>80.689999999999998</ele>
 <time>2020-07-22T11:41:25Z</time>
 </trkpt>
 <trkpt lat="61.957782609388232" lon="-6.617263024672866">
 <ele>81.189999999999998</ele>
 <time>2020-07-22T11:41:33Z</time>
 </trkpt>
 <trkpt lat="61.957815634086728" lon="-6.617470979690552">
 <ele>80.709999999999994</ele>
 <time>2020-07-22T11:41:41Z</time>
 </trkpt>
 <trkpt lat="61.957836169749498" lon="-6.617661667987704">
 <ele>81.420000000000002</ele>
 <time>2020-07-22T11:41:49Z</time>
 </trkpt>
 <trkpt lat="61.957882354035974" lon="-6.617833161726594">
 <ele>81.400000000000006</ele>
 <time>2020-07-22T11:41:57Z</time>
 </trkpt>
 <trkpt lat="61.957931974902749" lon="-6.618007002398372">
 <ele>81.700000000000003</ele>
 <time>2020-07-22T11:42:05Z</time>
 </trkpt>
 <trkpt lat="61.958001796156168" lon="-6.618146309629083">
 <ele>81.769999999999996</ele>
 <time>2020-07-22T11:42:13Z</time>
 </trkpt>
 <trkpt lat="61.958085866644979" lon="-6.618245299905539">
 <ele>81.849999999999994</ele>
 <time>2020-07-22T11:42:21Z</time>
 </trkpt>
 <trkpt lat="61.958158453926444" lon="-6.618367675691843">
 <ele>81.739999999999995</ele>
 <time>2020-07-22T11:42:30Z</time>
 </trkpt>
 <trkpt lat="61.958221904933453" lon="-6.618516957387328">
 <ele>81.879999999999995</ele>
 <time>2020-07-22T11:42:38Z</time>
 </trkpt>
 <trkpt lat="61.958300611004233" lon="-6.61865777336061">
 <ele>81.730000000000004</ele>
 <time>2020-07-22T11:42:48Z</time>
 </trkpt>
 <trkpt lat="61.958378395065665" lon="-6.618758607655764">
 <ele>82.980000000000004</ele>
 <time>2020-07-22T11:42:58Z</time>
 </trkpt>
 <trkpt lat="61.958468835800886" lon="-6.61883463151753">
 <ele>84.489999999999995</ele>
 <time>2020-07-22T11:43:09Z</time>
 </trkpt>
 <trkpt lat="61.958563299849629" lon="-6.618923982605338">
 <ele>86.540000000000006</ele>
 <time>2020-07-22T11:43:21Z</time>
 </trkpt>
 <trkpt lat="61.958654411137104" lon="-6.619016267359257">
 <ele>89.010000000000005</ele>
 <time>2020-07-22T11:43:36Z</time>
 </trkpt>
 <trkpt lat="61.958741080015898" lon="-6.619123890995979">
 <ele>93.680000000000007</ele>
 <time>2020-07-22T11:44:01Z</time>
 </trkpt>
 <trkpt lat="61.958776451647282" lon="-6.619308292865753">
 <ele>97.519999999999996</ele>
 <time>2020-07-22T11:44:23Z</time>
 </trkpt>
 <trkpt lat="61.95880813524127" lon="-6.619515577331185">
 <ele>100.81999999999999</ele>
 <time>2020-07-22T11:44:39Z</time>
 </trkpt>
 <trkpt lat="61.958866724744439" lon="-6.619693106040359">
 <ele>99.969999999999999</ele>
 <time>2020-07-22T11:44:48Z</time>
 </trkpt>
 <trkpt lat="61.958929169923067" lon="-6.619832245633006">
 <ele>99.579999999999998</ele>
 <time>2020-07-22T11:44:55Z</time>
 </trkpt>
 <trkpt lat="61.958968481048942" lon="-6.620017066597939">
 <ele>101.39</ele>
 <time>2020-07-22T11:45:05Z</time>
 </trkpt>
 <trkpt lat="61.958990106359124" lon="-6.620222423225641">
 <ele>103.45999999999999</ele>
 <time>2020-07-22T11:45:17Z</time>
 </trkpt>
 <trkpt lat="61.959049869328737" lon="-6.620364412665367">
 <ele>104.34</ele>
 <time>2020-07-22T11:45:25Z</time>
 </trkpt>
 <trkpt lat="61.95912036113441" lon="-6.6204974334687">
 <ele>104.72</ele>
 <time>2020-07-22T11:45:33Z</time>
 </trkpt>
 <trkpt lat="61.959201162680984" lon="-6.620594998821616">
 <ele>105.76000000000001</ele>
 <time>2020-07-22T11:45:42Z</time>
 </trkpt>
 <trkpt lat="61.959281880408525" lon="-6.620719470083714">
 <ele>107.28</ele>
 <time>2020-07-22T11:45:51Z</time>
 </trkpt>
 <trkpt lat="61.95937835611403" lon="-6.620825249701738">
 <ele>107.66</ele>
 <time>2020-07-22T11:46:00Z</time>
 </trkpt>
 <trkpt lat="61.959435772150755" lon="-6.621003951877356">
 <ele>107.92</ele>
 <time>2020-07-22T11:46:08Z</time>
 </trkpt>
 <trkpt lat="61.959492349997163" lon="-6.621165554970503">
 <ele>109.15000000000001</ele>
 <time>2020-07-22T11:46:16Z</time>
 </trkpt>
 <trkpt lat="61.959553621709347" lon="-6.621330510824919">
 <ele>109.36</ele>
 <time>2020-07-22T11:46:23Z</time>
 </trkpt>
 <trkpt lat="61.959612378850579" lon="-6.621502172201872">
 <ele>109.73</ele>
 <time>2020-07-22T11:46:32Z</time>
 </trkpt>
 <trkpt lat="61.959709525108337" lon="-6.621537376195192">
 <ele>109.70999999999999</ele>
 <time>2020-07-22T11:46:42Z</time>
 </trkpt>
 <trkpt lat="61.959785465151072" lon="-6.621652627363801">
 <ele>110.02</ele>
 <time>2020-07-22T11:46:51Z</time>
 </trkpt>
 <trkpt lat="61.959878671914339" lon="-6.621743403375149">
 <ele>110.83</ele>
 <time>2020-07-22T11:46:59Z</time>
 </trkpt>
 <trkpt lat="61.959951762109995" lon="-6.621863935142756">
 <ele>111.45</ele>
 <time>2020-07-22T11:47:08Z</time>
 </trkpt>
 <trkpt lat="61.960047902539372" lon="-6.621939623728395">
 <ele>112.02</ele>
 <time>2020-07-22T11:47:16Z</time>
 </trkpt>
 <trkpt lat="61.96008930914104" lon="-6.622109608724713">
 <ele>112.36</ele>
 <time>2020-07-22T11:47:27Z</time>
 </trkpt>
 <trkpt lat="61.960166422650218" lon="-6.622248580679297">
 <ele>112.53</ele>
 <time>2020-07-22T11:47:36Z</time>
 </trkpt>
 <trkpt lat="61.960248313844204" lon="-6.622372129932046">
 <ele>113.25</ele>
 <time>2020-07-22T11:47:44Z</time>
 </trkpt>
 <trkpt lat="61.960317632183433" lon="-6.622500875964761">
 <ele>113.45999999999999</ele>
 <time>2020-07-22T11:47:52Z</time>
 </trkpt>
 <trkpt lat="61.960382256656885" lon="-6.622645715251565">
 <ele>113.47</ele>
 <time>2020-07-22T11:47:59Z</time>
 </trkpt>
 <trkpt lat="61.960450988262892" lon="-6.622802540659905">
 <ele>113.23999999999999</ele>
 <time>2020-07-22T11:48:07Z</time>
 </trkpt>
 <trkpt lat="61.960510751232505" lon="-6.622976632788777">
 <ele>113.55</ele>
 <time>2020-07-22T11:48:16Z</time>
 </trkpt>
 <trkpt lat="61.960573447868228" lon="-6.623130775988102">
 <ele>113.7</ele>
 <time>2020-07-22T11:48:24Z</time>
 </trkpt>
 <trkpt lat="61.960667911916971" lon="-6.62322985008359">
 <ele>114.51000000000001</ele>
 <time>2020-07-22T11:48:32Z</time>
 </trkpt>
 <trkpt lat="61.960740331560373" lon="-6.623345855623484">
 <ele>114.91</ele>
 <time>2020-07-22T11:48:40Z</time>
 </trkpt>
 <trkpt lat="61.960802190005779" lon="-6.623515170067549">
 <ele>115.59999999999999</ele>
 <time>2020-07-22T11:48:49Z</time>
 </trkpt>
 <trkpt lat="61.96087452583015" lon="-6.623652800917625">
 <ele>115.95999999999999</ele>
 <time>2020-07-22T11:48:56Z</time>
 </trkpt>
 <trkpt lat="61.960959266871214" lon="-6.623780205845833">
 <ele>116.58</ele>
 <time>2020-07-22T11:49:04Z</time>
 </trkpt>
 <trkpt lat="61.961035123094916" lon="-6.623903838917613">
 <ele>116.66</ele>
 <time>2020-07-22T11:49:11Z</time>
 </trkpt>
 <trkpt lat="61.961118271574378" lon="-6.624028142541647">
 <ele>116.54000000000001</ele>
 <time>2020-07-22T11:49:19Z</time>
 </trkpt>
 <trkpt lat="61.961179124191403" lon="-6.624188655987382">
 <ele>116</ele>
 <time>2020-07-22T11:49:26Z</time>
 </trkpt>
 <trkpt lat="61.961231511086226" lon="-6.624356713145971">
 <ele>115.63</ele>
 <time>2020-07-22T11:49:34Z</time>
 </trkpt>
 <trkpt lat="61.961303511634469" lon="-6.624487973749638">
 <ele>115.84</ele>
 <time>2020-07-22T11:49:42Z</time>
 </trkpt>
 <trkpt lat="61.961392862722278" lon="-6.624468863010407">
 <ele>115.81</ele>
 <time>2020-07-22T11:49:52Z</time>
 </trkpt>
 <trkpt lat="61.961484476923943" lon="-6.624456206336618">
 <ele>114.87</ele>
 <time>2020-07-22T11:49:59Z</time>
 </trkpt>
 <trkpt lat="61.961577516049147" lon="-6.62444363348186">
 <ele>114.75</ele>
 <time>2020-07-22T11:50:07Z</time>
 </trkpt>
 <trkpt lat="61.961663346737623" lon="-6.624484034255147">
 <ele>114.06999999999999</ele>
 <time>2020-07-22T11:50:16Z</time>
 </trkpt>
 <trkpt lat="61.961702406406403" lon="-6.624657791107893">
 <ele>113.72</ele>
 <time>2020-07-22T11:50:24Z</time>
 </trkpt>
 <trkpt lat="61.961751859635115" lon="-6.62485308945179">
 <ele>113.81999999999999</ele>
 <time>2020-07-22T11:50:32Z</time>
 </trkpt>
 <trkpt lat="61.96180148050189" lon="-6.625031959265471">
 <ele>113.63</ele>
 <time>2020-07-22T11:50:40Z</time>
 </trkpt>
 <trkpt lat="61.961875576525927" lon="-6.625173361971974">
 <ele>112.73999999999999</ele>
 <time>2020-07-22T11:50:47Z</time>
 </trkpt>
 <trkpt lat="61.961922766640782" lon="-6.625342341139913">
 <ele>111.48999999999999</ele>
 <time>2020-07-22T11:50:55Z</time>
 </trkpt>
 <trkpt lat="61.962000885978341" lon="-6.625439990311861">
 <ele>111.41</ele>
 <time>2020-07-22T11:51:06Z</time>
 </trkpt>
 <trkpt lat="61.962073808535933" lon="-6.625572592020035">
 <ele>113.08</ele>
 <time>2020-07-22T11:51:16Z</time>
 </trkpt>
 <trkpt lat="61.962128123268485" lon="-6.62573260255158">
 <ele>114.02</ele>
 <time>2020-07-22T11:51:26Z</time>
 </trkpt>
 <trkpt lat="61.962218228727579" lon="-6.625813404098153">
 <ele>113.06</ele>
 <time>2020-07-22T11:51:36Z</time>
 </trkpt>
 <trkpt lat="61.962282015010715" lon="-6.625958411023021">
 <ele>113.3</ele>
 <time>2020-07-22T11:51:44Z</time>
 </trkpt>
 <trkpt lat="61.962366420775652" lon="-6.626046253368259">
 <ele>113.29000000000001</ele>
 <time>2020-07-22T11:51:52Z</time>
 </trkpt>
 <trkpt lat="61.962464489042759" lon="-6.626065783202648">
 <ele>114.09</ele>
 <time>2020-07-22T11:52:03Z</time>
 </trkpt>
 <trkpt lat="61.9625089969486" lon="-6.626227051019669">
 <ele>113.05</ele>
 <time>2020-07-22T11:52:12Z</time>
 </trkpt>
 <trkpt lat="61.962502207607031" lon="-6.626425953581929">
 <ele>113.12</ele>
 <time>2020-07-22T11:52:22Z</time>
 </trkpt>
 <trkpt lat="61.962504722177982" lon="-6.626636674627662">
 <ele>113.18000000000001</ele>
 <time>2020-07-22T11:52:30Z</time>
 </trkpt>
 <trkpt lat="61.962525676935911" lon="-6.626833314076066">
 <ele>112.88</ele>
 <time>2020-07-22T11:52:38Z</time>
 </trkpt>
 <trkpt lat="61.962547302246094" lon="-6.627023248001933">
 <ele>112.98</ele>
 <time>2020-07-22T11:52:48Z</time>
 </trkpt>
 <trkpt lat="61.962602958083153" lon="-6.627213349565864">
 <ele>113.16</ele>
 <time>2020-07-22T11:52:55Z</time>
 </trkpt>
 <trkpt lat="61.962639084085822" lon="-6.627384927123785">
 <ele>112.86</ele>
 <time>2020-07-22T11:53:02Z</time>
 </trkpt>
 <trkpt lat="61.962688369676471" lon="-6.627534041181207">
 <ele>112.16</ele>
 <time>2020-07-22T11:53:11Z</time>
 </trkpt>
 <trkpt lat="61.962742181494832" lon="-6.627717772498727">
 <ele>112.18000000000001</ele>
 <time>2020-07-22T11:53:19Z</time>
 </trkpt>
 <trkpt lat="61.962785851210356" lon="-6.627909634262323">
 <ele>113.14</ele>
 <time>2020-07-22T11:53:27Z</time>
 </trkpt>
 <trkpt lat="61.962843602523208" lon="-6.628083810210228">
 <ele>112.97</ele>
 <time>2020-07-22T11:53:36Z</time>
 </trkpt>
 <trkpt lat="61.962924236431718" lon="-6.628174753859639">
 <ele>111.89</ele>
 <time>2020-07-22T11:53:44Z</time>
 </trkpt>
 <trkpt lat="61.963021215051413" lon="-6.628165449947119">
 <ele>111.18000000000001</ele>
 <time>2020-07-22T11:53:53Z</time>
 </trkpt>
 <trkpt lat="61.96310905739665" lon="-6.628112895414233">
 <ele>110.52</ele>
 <time>2020-07-22T11:54:02Z</time>
 </trkpt>
 <trkpt lat="61.963193379342556" lon="-6.628207610920072">
 <ele>112.04000000000001</ele>
 <time>2020-07-22T11:54:12Z</time>
 </trkpt>
 <trkpt lat="61.96326982229948" lon="-6.628304002806544">
 <ele>113.63</ele>
 <time>2020-07-22T11:54:21Z</time>
 </trkpt>
 <trkpt lat="61.963329333811998" lon="-6.628492427989841">
 <ele>114</ele>
 <time>2020-07-22T11:54:29Z</time>
 </trkpt>
 <trkpt lat="61.963400328531861" lon="-6.628648918122053">
 <ele>113.64</ele>
 <time>2020-07-22T11:54:37Z</time>
 </trkpt>
 <trkpt lat="61.963457576930523" lon="-6.628811275586486">
 <ele>112.64</ele>
 <time>2020-07-22T11:54:45Z</time>
 </trkpt>
 <trkpt lat="61.963511472567916" lon="-6.628962904214859">
 <ele>111.38</ele>
 <time>2020-07-22T11:54:53Z</time>
 </trkpt>
 <trkpt lat="61.963589591905475" lon="-6.629015626385808">
 <ele>111.63</ele>
 <time>2020-07-22T11:55:02Z</time>
 </trkpt>
 <trkpt lat="61.963679865002632" lon="-6.629008166491985">
 <ele>111.90000000000001</ele>
 <time>2020-07-22T11:55:11Z</time>
 </trkpt>
 <trkpt lat="61.963770976290107" lon="-6.62904110737145">
 <ele>113.37</ele>
 <time>2020-07-22T11:55:20Z</time>
 </trkpt>
 <trkpt lat="61.963847670704126" lon="-6.629174379631877">
 <ele>114.01000000000001</ele>
 <time>2020-07-22T11:55:29Z</time>
 </trkpt>
 <trkpt lat="61.9639250356704" lon="-6.629323493689299">
 <ele>114.95999999999999</ele>
 <time>2020-07-22T11:55:39Z</time>
 </trkpt>
 <trkpt lat="61.964013716205955" lon="-6.629433548077941">
 <ele>114.98999999999999</ele>
 <time>2020-07-22T11:55:50Z</time>
 </trkpt>
 <trkpt lat="61.964102145284414" lon="-6.629542512819171">
 <ele>114.72</ele>
 <time>2020-07-22T11:55:58Z</time>
 </trkpt>
 <trkpt lat="61.964131146669388" lon="-6.629727920517325">
 <ele>114.51000000000001</ele>
 <time>2020-07-22T11:56:06Z</time>
 </trkpt>
 <trkpt lat="61.964169619604945" lon="-6.62991332821548">
 <ele>112.87</ele>
 <time>2020-07-22T11:56:14Z</time>
 </trkpt>
 <trkpt lat="61.964233489707112" lon="-6.630077864974737">
 <ele>111.78</ele>
 <time>2020-07-22T11:56:24Z</time>
 </trkpt>
 <trkpt lat="61.964288894087076" lon="-6.630214238539338">
 <ele>112.45</ele>
 <time>2020-07-22T11:56:32Z</time>
 </trkpt>
 <trkpt lat="61.964357374235988" lon="-6.630334854125977">
 <ele>112.47</ele>
 <time>2020-07-22T11:56:39Z</time>
 </trkpt>
 <trkpt lat="61.964431721717119" lon="-6.63046058267355">
 <ele>112.05</ele>
 <time>2020-07-22T11:56:47Z</time>
 </trkpt>
 <trkpt lat="61.96451822295785" lon="-6.630524368956685">
 <ele>112.73999999999999</ele>
 <time>2020-07-22T11:56:55Z</time>
 </trkpt>
 <trkpt lat="61.964582009240985" lon="-6.630671555176377">
 <ele>112.73999999999999</ele>
 <time>2020-07-22T11:57:04Z</time>
 </trkpt>
 <trkpt lat="61.964665073901415" lon="-6.630742466077209">
 <ele>113.81999999999999</ele>
 <time>2020-07-22T11:57:13Z</time>
 </trkpt>
 <trkpt lat="61.964694578200579" lon="-6.630939776077867">
 <ele>114.06999999999999</ele>
 <time>2020-07-22T11:57:22Z</time>
 </trkpt>
 <trkpt lat="61.964694913476706" lon="-6.631130799651146">
 <ele>113.97</ele>
 <time>2020-07-22T11:57:32Z</time>
 </trkpt>
 <trkpt lat="61.96475425735116" lon="-6.631230544298887">
 <ele>113.90000000000001</ele>
 <time>2020-07-22T11:57:42Z</time>
 </trkpt>
 <trkpt lat="61.964834639802575" lon="-6.631349734961987">
 <ele>113.87</ele>
 <time>2020-07-22T11:57:53Z</time>
 </trkpt>
 <trkpt lat="61.964919967576861" lon="-6.631426261737943">
 <ele>114.23</ele>
 <time>2020-07-22T11:58:05Z</time>
 </trkpt>
 <trkpt lat="61.965008983388543" lon="-6.631495160982013">
 <ele>116.06</ele>
 <time>2020-07-22T11:58:15Z</time>
 </trkpt>
 <trkpt lat="61.965090539306402" lon="-6.631593480706215">
 <ele>116.66</ele>
 <time>2020-07-22T11:58:23Z</time>
 </trkpt>
 <trkpt lat="61.965174358338118" lon="-6.631684508174658">
 <ele>116.81999999999999</ele>
 <time>2020-07-22T11:58:33Z</time>
 </trkpt>
 <trkpt lat="61.965238563716412" lon="-6.631836807355285">
 <ele>118.01000000000001</ele>
 <time>2020-07-22T11:58:49Z</time>
 </trkpt>
 <trkpt lat="61.965277036651969" lon="-6.631992207840085">
 <ele>118.56</ele>
 <time>2020-07-22T11:59:00Z</time>
 </trkpt>
 <trkpt lat="61.965325400233269" lon="-6.632171412929893">
 <ele>119.08</ele>
 <time>2020-07-22T11:59:08Z</time>
 </trkpt>
 <trkpt lat="61.965383738279343" lon="-6.632300997152925">
 <ele>120.03</ele>
 <time>2020-07-22T11:59:28Z</time>
 </trkpt>
 <trkpt lat="61.965479627251625" lon="-6.632277611643076">
 <ele>120.03</ele>
 <time>2020-07-22T11:59:36Z</time>
 </trkpt>
 <trkpt lat="61.96554534137249" lon="-6.632420355454087">
 <ele>120.75</ele>
 <time>2020-07-22T11:59:44Z</time>
 </trkpt>
 <trkpt lat="61.96558247320354" lon="-6.632609702646732">
 <ele>120.72</ele>
 <time>2020-07-22T11:59:53Z</time>
 </trkpt>
 <trkpt lat="61.965644834563136" lon="-6.632778681814671">
 <ele>121.43000000000001</ele>
 <time>2020-07-22T12:00:01Z</time>
 </trkpt>
 <trkpt lat="61.965674506500363" lon="-6.632987642660737">
 <ele>121.59999999999999</ele>
 <time>2020-07-22T12:00:10Z</time>
 </trkpt>
 <trkpt lat="61.965727983042598" lon="-6.633161902427673">
 <ele>122.42</ele>
 <time>2020-07-22T12:00:18Z</time>
 </trkpt>
 <trkpt lat="61.965787997469306" lon="-6.633322918787599">
 <ele>123.09999999999999</ele>
 <time>2020-07-22T12:00:27Z</time>
 </trkpt>
 <trkpt lat="61.965875085443258" lon="-6.633411180227995">
 <ele>124.04000000000001</ele>
 <time>2020-07-22T12:00:36Z</time>
 </trkpt>
 <trkpt lat="61.965946415439248" lon="-6.633554175496101">
 <ele>125.39</ele>
 <time>2020-07-22T12:00:44Z</time>
 </trkpt>
 <trkpt lat="61.965998131781816" lon="-6.63370949216187">
 <ele>125.59999999999999</ele>
 <time>2020-07-22T12:00:52Z</time>
 </trkpt>
 <trkpt lat="61.966058732941747" lon="-6.633857684209943">
 <ele>124.77</ele>
 <time>2020-07-22T12:00:59Z</time>
 </trkpt>
 <trkpt lat="61.966112125664949" lon="-6.634027250111103">
 <ele>126.77</ele>
 <time>2020-07-22T12:01:09Z</time>
 </trkpt>
 <trkpt lat="61.966190245002508" lon="-6.634183069691062">
 <ele>128.53</ele>
 <time>2020-07-22T12:01:19Z</time>
 </trkpt>
 <trkpt lat="61.966265514492989" lon="-6.63428214378655">
 <ele>129.53</ele>
 <time>2020-07-22T12:01:27Z</time>
 </trkpt>
 <trkpt lat="61.966358385980129" lon="-6.634358754381537">
 <ele>130.93000000000001</ele>
 <time>2020-07-22T12:01:36Z</time>
 </trkpt>
 <trkpt lat="61.966439271345735" lon="-6.634414242580533">
 <ele>132.22</ele>
 <time>2020-07-22T12:01:44Z</time>
 </trkpt>
 <trkpt lat="61.966523677110672" lon="-6.634516920894384">
 <ele>133.40000000000001</ele>
 <time>2020-07-22T12:01:53Z</time>
 </trkpt>
 <trkpt lat="61.966590061783791" lon="-6.634657317772508">
 <ele>133.66</ele>
 <time>2020-07-22T12:02:01Z</time>
 </trkpt>
 <trkpt lat="61.966646974906325" lon="-6.634813053533435">
 <ele>134.02000000000001</ele>
 <time>2020-07-22T12:02:09Z</time>
 </trkpt>
 <trkpt lat="61.9667087495327" lon="-6.634952025488019">
 <ele>134.50999999999999</ele>
 <time>2020-07-22T12:02:17Z</time>
 </trkpt>
 <trkpt lat="61.966771697625518" lon="-6.635102983564138">
 <ele>134.59999999999999</ele>
 <time>2020-07-22T12:02:26Z</time>
 </trkpt>
 <trkpt lat="61.966868005692959" lon="-6.635120585560799">
 <ele>136.00999999999999</ele>
 <time>2020-07-22T12:02:36Z</time>
 </trkpt>
 <trkpt lat="61.966924667358398" lon="-6.635275734588504">
 <ele>136.53</ele>
 <time>2020-07-22T12:02:44Z</time>
 </trkpt>
 <trkpt lat="61.966952746734023" lon="-6.635455274954438">
 <ele>136.88</ele>
 <time>2020-07-22T12:02:51Z</time>
 </trkpt>
 <trkpt lat="61.966976383700967" lon="-6.635661385953426">
 <ele>138.22</ele>
 <time>2020-07-22T12:03:00Z</time>
 </trkpt>
 <trkpt lat="61.967001026496291" lon="-6.635863389819861">
 <ele>138.71000000000001</ele>
 <time>2020-07-22T12:03:08Z</time>
 </trkpt>
 <trkpt lat="61.96704151108861" lon="-6.636043433099985">
 <ele>139.05000000000001</ele>
 <time>2020-07-22T12:03:15Z</time>
 </trkpt>
 <trkpt lat="61.96705911308527" lon="-6.636242503300309">
 <ele>138.72</ele>
 <time>2020-07-22T12:03:23Z</time>
 </trkpt>
 <trkpt lat="61.967109739780426" lon="-6.636399915441871">
 <ele>139.03</ele>
 <time>2020-07-22T12:03:30Z</time>
 </trkpt>
 <trkpt lat="61.967158187180758" lon="-6.636573672294617">
 <ele>139.13</ele>
 <time>2020-07-22T12:03:39Z</time>
 </trkpt>
 <trkpt lat="61.967208227142692" lon="-6.636741813272238">
 <ele>139.74000000000001</ele>
 <time>2020-07-22T12:03:47Z</time>
 </trkpt>
 <trkpt lat="61.967282155528665" lon="-6.636887406930327">
 <ele>140.43000000000001</ele>
 <time>2020-07-22T12:03:55Z</time>
 </trkpt>
 <trkpt lat="61.967346277087927" lon="-6.637061750516295">
 <ele>141.86000000000001</ele>
 <time>2020-07-22T12:04:03Z</time>
 </trkpt>
 <trkpt lat="61.967394053936005" lon="-6.637239614501596">
 <ele>141.38999999999999</ele>
 <time>2020-07-22T12:04:11Z</time>
 </trkpt>
 <trkpt lat="61.967433784157038" lon="-6.63742845878005">
 <ele>141.59</ele>
 <time>2020-07-22T12:04:19Z</time>
 </trkpt>
 <trkpt lat="61.967460690066218" lon="-6.637611016631126">
 <ele>142.41</ele>
 <time>2020-07-22T12:04:29Z</time>
 </trkpt>
 <trkpt lat="61.967494217678905" lon="-6.637801956385374">
 <ele>142.56</ele>
 <time>2020-07-22T12:04:38Z</time>
 </trkpt>
 <trkpt lat="61.96754040196538" lon="-6.637988034635782">
 <ele>142.65000000000001</ele>
 <time>2020-07-22T12:04:48Z</time>
 </trkpt>
 <trkpt lat="61.96760687045753" lon="-6.638127593323588">
 <ele>142.36000000000001</ele>
 <time>2020-07-22T12:04:55Z</time>
 </trkpt>
 <trkpt lat="61.967673925682902" lon="-6.638298584148288">
 <ele>142.28999999999999</ele>
 <time>2020-07-22T12:05:03Z</time>
 </trkpt>
 <trkpt lat="61.967745758593082" lon="-6.638453816995025">
 <ele>141.84999999999999</ele>
 <time>2020-07-22T12:05:11Z</time>
 </trkpt>
 <trkpt lat="61.967788673937321" lon="-6.638650875538588">
 <ele>142.09999999999999</ele>
 <time>2020-07-22T12:05:19Z</time>
 </trkpt>
 <trkpt lat="61.967839971184731" lon="-6.638824883848429">
 <ele>142.63</ele>
 <time>2020-07-22T12:05:27Z</time>
 </trkpt>
 <trkpt lat="61.96791716851294" lon="-6.638977769762278">
 <ele>142.86000000000001</ele>
 <time>2020-07-22T12:05:37Z</time>
 </trkpt>
 <trkpt lat="61.967977769672871" lon="-6.639134008437395">
 <ele>143.59999999999999</ele>
 <time>2020-07-22T12:05:46Z</time>
 </trkpt>
 <trkpt lat="61.968056643381715" lon="-6.639260742813349">
 <ele>144.36000000000001</ele>
 <time>2020-07-22T12:05:55Z</time>
 </trkpt>
 <trkpt lat="61.968124117702246" lon="-6.639331905171275">
 <ele>145.00999999999999</ele>
 <time>2020-07-22T12:06:09Z</time>
 </trkpt>
 <trkpt lat="61.968155717477202" lon="-6.639515552669764">
 <ele>144.59</ele>
 <time>2020-07-22T12:06:16Z</time>
 </trkpt>
 <trkpt lat="61.968210367485881" lon="-6.639687465503812">
 <ele>144.30000000000001</ele>
 <time>2020-07-22T12:06:23Z</time>
 </trkpt>
 <trkpt lat="61.968262000009418" lon="-6.639868598431349">
 <ele>144.30000000000001</ele>
 <time>2020-07-22T12:06:33Z</time>
 </trkpt>
 <trkpt lat="61.968342214822769" lon="-6.640012348070741">
 <ele>144.78</ele>
 <time>2020-07-22T12:06:42Z</time>
 </trkpt>
 <trkpt lat="61.968423686921597" lon="-6.640124330297113">
 <ele>145.16999999999999</ele>
 <time>2020-07-22T12:06:50Z</time>
 </trkpt>
 <trkpt lat="61.968484539538622" lon="-6.640279646962881">
 <ele>144.80000000000001</ele>
 <time>2020-07-22T12:06:57Z</time>
 </trkpt>
 <trkpt lat="61.968549750745296" lon="-6.640423061326146">
 <ele>144.81</ele>
 <time>2020-07-22T12:07:04Z</time>
 </trkpt>
 <trkpt lat="61.968625104054809" lon="-6.6405497957021">
 <ele>145.09</ele>
 <time>2020-07-22T12:07:12Z</time>
 </trkpt>
 <trkpt lat="61.968680508434772" lon="-6.640720367431641">
 <ele>145.75</ele>
 <time>2020-07-22T12:07:21Z</time>
 </trkpt>
 <trkpt lat="61.968760136514902" lon="-6.640829583629966">
 <ele>146.56999999999999</ele>
 <time>2020-07-22T12:07:29Z</time>
 </trkpt>
 <trkpt lat="61.968854935839772" lon="-6.640846682712436">
 <ele>147.50999999999999</ele>
 <time>2020-07-22T12:07:38Z</time>
 </trkpt>
 <trkpt lat="61.96894034743309" lon="-6.640947433188558">
 <ele>147.28999999999999</ele>
 <time>2020-07-22T12:07:46Z</time>
 </trkpt>
 <trkpt lat="61.969010755419731" lon="-6.64109168574214">
 <ele>147.47</ele>
 <time>2020-07-22T12:07:54Z</time>
 </trkpt>
 <trkpt lat="61.969083091244102" lon="-6.641245745122433">
 <ele>147.59999999999999</ele>
 <time>2020-07-22T12:08:02Z</time>
 </trkpt>
 <trkpt lat="61.969149559736252" lon="-6.641372479498386">
 <ele>147.93000000000001</ele>
 <time>2020-07-22T12:08:14Z</time>
 </trkpt>
 <trkpt lat="61.969222147017717" lon="-6.641465770080686">
 <ele>148.38</ele>
 <time>2020-07-22T12:08:29Z</time>
 </trkpt>
 <trkpt lat="61.969299092888832" lon="-6.641551433131099">
 <ele>148.37</ele>
 <time>2020-07-22T12:08:38Z</time>
 </trkpt>
 <trkpt lat="61.969381151720881" lon="-6.641653943806887">
 <ele>147.94</ele>
 <time>2020-07-22T12:08:47Z</time>
 </trkpt>
 <trkpt lat="61.969477292150259" lon="-6.641678083688021">
 <ele>149.18000000000001</ele>
 <time>2020-07-22T12:08:56Z</time>
 </trkpt>
 <trkpt lat="61.969565050676465" lon="-6.641741786152124">
 <ele>149.72999999999999</ele>
 <time>2020-07-22T12:09:04Z</time>
 </trkpt>
 <trkpt lat="61.969659263268113" lon="-6.64180020801723">
 <ele>150.63999999999999</ele>
 <time>2020-07-22T12:09:14Z</time>
 </trkpt>
 <trkpt lat="61.969746351242065" lon="-6.641847146674991">
 <ele>151.74000000000001</ele>
 <time>2020-07-22T12:09:29Z</time>
 </trkpt>
 <trkpt lat="61.969823129475117" lon="-6.641962062567473">
 <ele>151.88</ele>
 <time>2020-07-22T12:09:38Z</time>
 </trkpt>
 <trkpt lat="61.969916922971606" lon="-6.642022412270308">
 <ele>152.52000000000001</ele>
 <time>2020-07-22T12:09:47Z</time>
 </trkpt>
 <trkpt lat="61.970003340393305" lon="-6.64213347248733">
 <ele>152.34999999999999</ele>
 <time>2020-07-22T12:09:55Z</time>
 </trkpt>
 <trkpt lat="61.970103420317173" lon="-6.642229277640581">
 <ele>152.28</ele>
 <time>2020-07-22T12:10:04Z</time>
 </trkpt>
 <trkpt lat="61.970202578231692" lon="-6.642307145521045">
 <ele>153.15000000000001</ele>
 <time>2020-07-22T12:10:13Z</time>
 </trkpt>
 <trkpt lat="61.970296623185277" lon="-6.642376547679305">
 <ele>153.38</ele>
 <time>2020-07-22T12:10:22Z</time>
 </trkpt>
 <trkpt lat="61.970393266528845" lon="-6.642429772764444">
 <ele>153.59999999999999</ele>
 <time>2020-07-22T12:10:30Z</time>
 </trkpt>
 <trkpt lat="61.970484210178256" lon="-6.642495570704341">
 <ele>154.28</ele>
 <time>2020-07-22T12:10:39Z</time>
 </trkpt>
 <trkpt lat="61.970587056130171" lon="-6.642555249854922">
 <ele>154.50999999999999</ele>
 <time>2020-07-22T12:10:48Z</time>
 </trkpt>
 <trkpt lat="61.970676742494106" lon="-6.642627250403166">
 <ele>154.37</ele>
 <time>2020-07-22T12:10:56Z</time>
 </trkpt>
 <trkpt lat="61.970759471878409" lon="-6.642682487145066">
 <ele>155.19999999999999</ele>
 <time>2020-07-22T12:11:40Z</time>
 </trkpt>
 <trkpt lat="61.970863994210958" lon="-6.642715847119689">
 <ele>155.16</ele>
 <time>2020-07-22T12:11:49Z</time>
 </trkpt>
 <trkpt lat="61.970951166003942" lon="-6.642784075811505">
 <ele>156.06999999999999</ele>
 <time>2020-07-22T12:11:58Z</time>
 </trkpt>
 <trkpt lat="61.971040097996593" lon="-6.642865715548396">
 <ele>155.72</ele>
 <time>2020-07-22T12:12:06Z</time>
 </trkpt>
 <trkpt lat="61.971151744946837" lon="-6.642888933420181">
 <ele>156.55000000000001</ele>
 <time>2020-07-22T12:12:17Z</time>
 </trkpt>
 <trkpt lat="61.97125450707972" lon="-6.642945427447557">
 <ele>156.86000000000001</ele>
 <time>2020-07-22T12:12:26Z</time>
 </trkpt>
 <trkpt lat="61.971363388001919" lon="-6.64297828450799">
 <ele>156.09</ele>
 <time>2020-07-22T12:12:35Z</time>
 </trkpt>
 <trkpt lat="61.971461875364184" lon="-6.643014997243881">
 <ele>155.81999999999999</ele>
 <time>2020-07-22T12:12:43Z</time>
 </trkpt>
 <trkpt lat="61.971560195088387" lon="-6.643077526241541">
 <ele>155.63999999999999</ele>
 <time>2020-07-22T12:12:50Z</time>
 </trkpt>
 <trkpt lat="61.971656251698732" lon="-6.643104264512658">
 <ele>155.47999999999999</ele>
 <time>2020-07-22T12:12:57Z</time>
 </trkpt>
 <trkpt lat="61.971753146499395" lon="-6.643119435757399">
 <ele>155.63</ele>
 <time>2020-07-22T12:13:04Z</time>
 </trkpt>
 <trkpt lat="61.971855154260993" lon="-6.643145838752389">
 <ele>156.34</ele>
 <time>2020-07-22T12:13:12Z</time>
 </trkpt>
 <trkpt lat="61.971949534490705" lon="-6.64316545240581">
 <ele>156.37</ele>
 <time>2020-07-22T12:13:19Z</time>
 </trkpt>
 <trkpt lat="61.972043411806226" lon="-6.64311365224421">
 <ele>156.36000000000001</ele>
 <time>2020-07-22T12:13:30Z</time>
 </trkpt>
 <trkpt lat="61.972130332142115" lon="-6.64316788315773">
 <ele>156.08000000000001</ele>
 <time>2020-07-22T12:13:39Z</time>
 </trkpt>
 <trkpt lat="61.972226891666651" lon="-6.643236866220832">
 <ele>155.72</ele>
 <time>2020-07-22T12:13:48Z</time>
 </trkpt>
 <trkpt lat="61.972325043752789" lon="-6.643262263387442">
 <ele>155.81</ele>
 <time>2020-07-22T12:13:57Z</time>
 </trkpt>
 <trkpt lat="61.972420262172818" lon="-6.643277602270246">
 <ele>155.68000000000001</ele>
 <time>2020-07-22T12:14:04Z</time>
 </trkpt>
 <trkpt lat="61.972524030134082" lon="-6.643299395218492">
 <ele>156.41</ele>
 <time>2020-07-22T12:14:13Z</time>
 </trkpt>
 <trkpt lat="61.972621930763125" lon="-6.643309788778424">
 <ele>156.69</ele>
 <time>2020-07-22T12:14:21Z</time>
 </trkpt>
 <trkpt lat="61.972710527479649" lon="-6.643340466544032">
 <ele>156.72999999999999</ele>
 <time>2020-07-22T12:14:29Z</time>
 </trkpt>
 <trkpt lat="61.972800716757774" lon="-6.643377095460892">
 <ele>157.12</ele>
 <time>2020-07-22T12:14:38Z</time>
 </trkpt>
 <trkpt lat="61.972901718690991" lon="-6.643401319161058">
 <ele>156.97</ele>
 <time>2020-07-22T12:14:46Z</time>
 </trkpt>
 <trkpt lat="61.973005654290318" lon="-6.643383633345366">
 <ele>156.68000000000001</ele>
 <time>2020-07-22T12:14:54Z</time>
 </trkpt>
 <trkpt lat="61.97310053743422" lon="-6.64336041547358">
 <ele>157.78999999999999</ele>
 <time>2020-07-22T12:15:03Z</time>
 </trkpt>
 <trkpt lat="61.973208412528038" lon="-6.643329318612814">
 <ele>158.30000000000001</ele>
 <time>2020-07-22T12:15:12Z</time>
 </trkpt>
 <trkpt lat="61.973293907940388" lon="-6.643321942538023">
 <ele>159.18000000000001</ele>
 <time>2020-07-22T12:15:21Z</time>
 </trkpt>
 <trkpt lat="61.973390551283956" lon="-6.643308447673917">
 <ele>160.83000000000001</ele>
 <time>2020-07-22T12:15:30Z</time>
 </trkpt>
 <trkpt lat="61.973461881279945" lon="-6.643242230638862">
 <ele>162.15000000000001</ele>
 <time>2020-07-22T12:15:43Z</time>
 </trkpt>
 <trkpt lat="61.973551986739039" lon="-6.643261760473251">
 <ele>162.31999999999999</ele>
 <time>2020-07-22T12:15:52Z</time>
 </trkpt>
 <trkpt lat="61.973595824092627" lon="-6.643440630286932">
 <ele>161.74000000000001</ele>
 <time>2020-07-22T12:16:02Z</time>
 </trkpt>
 <trkpt lat="61.973687103018165" lon="-6.643505338579416">
 <ele>160.71000000000001</ele>
 <time>2020-07-22T12:16:11Z</time>
 </trkpt>
 <trkpt lat="61.973772598430514" lon="-6.643545487895608">
 <ele>161.12</ele>
 <time>2020-07-22T12:16:20Z</time>
 </trkpt>
 <trkpt lat="61.973866978660226" lon="-6.643484802916646">
 <ele>161.81999999999999</ele>
 <time>2020-07-22T12:16:29Z</time>
 </trkpt>
 <trkpt lat="61.973958509042859" lon="-6.643540877848864">
 <ele>161.25</ele>
 <time>2020-07-22T12:16:36Z</time>
 </trkpt>
 <trkpt lat="61.974055487662554" lon="-6.643618913367391">
 <ele>161.18000000000001</ele>
 <time>2020-07-22T12:16:44Z</time>
 </trkpt>
 <trkpt lat="61.974153975024819" lon="-6.64366727694869">
 <ele>160.78999999999999</ele>
 <time>2020-07-22T12:16:51Z</time>
 </trkpt>
 <trkpt lat="61.974237626418471" lon="-6.643796022981405">
 <ele>160.47</ele>
 <time>2020-07-22T12:16:59Z</time>
 </trkpt>
 <trkpt lat="61.974312560632825" lon="-6.643937509506941">
 <ele>159.97</ele>
 <time>2020-07-22T12:17:08Z</time>
 </trkpt>
 <trkpt lat="61.974376933649182" lon="-6.644106991589069">
 <ele>160.44999999999999</ele>
 <time>2020-07-22T12:17:16Z</time>
 </trkpt>
 <trkpt lat="61.974453125149012" lon="-6.644217967987061">
 <ele>161.47999999999999</ele>
 <time>2020-07-22T12:17:23Z</time>
 </trkpt>
 <trkpt lat="61.974512133747339" lon="-6.644348138943315">
 <ele>161.06</ele>
 <time>2020-07-22T12:17:31Z</time>
 </trkpt>
 <trkpt lat="61.974593857303262" lon="-6.644478896632791">
 <ele>161.12</ele>
 <time>2020-07-22T12:17:40Z</time>
 </trkpt>
 <trkpt lat="61.974675580859184" lon="-6.644597332924604">
 <ele>160.99000000000001</ele>
 <time>2020-07-22T12:17:49Z</time>
 </trkpt>
 <trkpt lat="61.974767027422786" lon="-6.644679643213749">
 <ele>161.58000000000001</ele>
 <time>2020-07-22T12:17:58Z</time>
 </trkpt>
 <trkpt lat="61.974858725443482" lon="-6.644751727581024">
 <ele>162.16</ele>
 <time>2020-07-22T12:18:09Z</time>
 </trkpt>
 <trkpt lat="61.974920500069857" lon="-6.644906541332603">
 <ele>161.90000000000001</ele>
 <time>2020-07-22T12:18:17Z</time>
 </trkpt>
 <trkpt lat="61.974984453991055" lon="-6.645075352862477">
 <ele>162.05000000000001</ele>
 <time>2020-07-22T12:18:25Z</time>
 </trkpt>
 <trkpt lat="61.975039020180702" lon="-6.645224466919899">
 <ele>162.09</ele>
 <time>2020-07-22T12:18:34Z</time>
 </trkpt>
 <trkpt lat="61.975115044042468" lon="-6.645321110263467">
 <ele>163.36000000000001</ele>
 <time>2020-07-22T12:18:42Z</time>
 </trkpt>
 <trkpt lat="61.975207915529609" lon="-6.645384393632412">
 <ele>163.88</ele>
 <time>2020-07-22T12:18:51Z</time>
 </trkpt>
 <trkpt lat="61.975293159484863" lon="-6.645503751933575">
 <ele>164.58000000000001</ele>
 <time>2020-07-22T12:19:00Z</time>
 </trkpt>
 <trkpt lat="61.97535015642643" lon="-6.645648675039411">
 <ele>165.09999999999999</ele>
 <time>2020-07-22T12:19:08Z</time>
 </trkpt>
 <trkpt lat="61.975393909960985" lon="-6.645835004746914">
 <ele>164.31999999999999</ele>
 <time>2020-07-22T12:19:15Z</time>
 </trkpt>
 <trkpt lat="61.975482003763318" lon="-6.645892588421702">
 <ele>164.97</ele>
 <time>2020-07-22T12:19:24Z</time>
 </trkpt>
 <trkpt lat="61.975555261597037" lon="-6.645986968651414">
 <ele>165.81</ele>
 <time>2020-07-22T12:19:33Z</time>
 </trkpt>
 <trkpt lat="61.97557051666081" lon="-6.64614848792553">
 <ele>164.68000000000001</ele>
 <time>2020-07-22T12:19:42Z</time>
 </trkpt>
 <trkpt lat="61.975613934919238" lon="-6.646269522607327">
 <ele>166.09</ele>
 <time>2020-07-22T12:19:52Z</time>
 </trkpt>
 <trkpt lat="61.975695993751287" lon="-6.646364573389292">
 <ele>167.00999999999999</ele>
 <time>2020-07-22T12:20:00Z</time>
 </trkpt>
 <trkpt lat="61.975751230493188" lon="-6.646510250866413">
 <ele>167.03</ele>
 <time>2020-07-22T12:20:08Z</time>
 </trkpt>
 <trkpt lat="61.97580705396831" lon="-6.64669037796557">
 <ele>167.78999999999999</ele>
 <time>2020-07-22T12:20:17Z</time>
 </trkpt>
 <trkpt lat="61.975870504975319" lon="-6.646830858662725">
 <ele>168.43000000000001</ele>
 <time>2020-07-22T12:20:26Z</time>
 </trkpt>
 <trkpt lat="61.975908307358623" lon="-6.647028336301446">
 <ele>169.16</ele>
 <time>2020-07-22T12:20:34Z</time>
 </trkpt>
 <trkpt lat="61.975962286815047" lon="-6.647198237478733">
 <ele>167.81999999999999</ele>
 <time>2020-07-22T12:20:43Z</time>
 </trkpt>
 <trkpt lat="61.976024396717548" lon="-6.647330084815621">
 <ele>168.43000000000001</ele>
 <time>2020-07-22T12:20:51Z</time>
 </trkpt>
 <trkpt lat="61.976074269041419" lon="-6.647508535534143">
 <ele>168.93000000000001</ele>
 <time>2020-07-22T12:21:00Z</time>
 </trkpt>
 <trkpt lat="61.976093295961618" lon="-6.647716322913766">
 <ele>168.84999999999999</ele>
 <time>2020-07-22T12:21:08Z</time>
 </trkpt>
 <trkpt lat="61.976165464147925" lon="-6.647857138887048">
 <ele>168.66999999999999</ele>
 <time>2020-07-22T12:21:17Z</time>
 </trkpt>
 <trkpt lat="61.976237213239074" lon="-6.647999798879027">
 <ele>169.08000000000001</ele>
 <time>2020-07-22T12:21:25Z</time>
 </trkpt>
 <trkpt lat="61.976333605125546" lon="-6.648058807477355">
 <ele>169.53</ele>
 <time>2020-07-22T12:21:33Z</time>
 </trkpt>
 <trkpt lat="61.976430164650083" lon="-6.648094262927771">
 <ele>170.71000000000001</ele>
 <time>2020-07-22T12:21:42Z</time>
 </trkpt>
 <trkpt lat="61.976515660062432" lon="-6.648167101666331">
 <ele>171.53999999999999</ele>
 <time>2020-07-22T12:21:50Z</time>
 </trkpt>
 <trkpt lat="61.976597048342228" lon="-6.64829115383327">
 <ele>171.94999999999999</ele>
 <time>2020-07-22T12:21:59Z</time>
 </trkpt>
 <trkpt lat="61.976675000041723" lon="-6.648426605388522">
 <ele>172.02000000000001</ele>
 <time>2020-07-22T12:22:07Z</time>
 </trkpt>
 <trkpt lat="61.97674423456192" lon="-6.648576054722071">
 <ele>172.16999999999999</ele>
 <time>2020-07-22T12:22:16Z</time>
 </trkpt>
 <trkpt lat="61.976812798529863" lon="-6.648705387488008">
 <ele>172.63</ele>
 <time>2020-07-22T12:22:24Z</time>
 </trkpt>
 <trkpt lat="61.976856552064419" lon="-6.648866990581155">
 <ele>173.97999999999999</ele>
 <time>2020-07-22T12:22:37Z</time>
 </trkpt>
 <trkpt lat="61.976930648088455" lon="-6.648984588682652">
 <ele>173.58000000000001</ele>
 <time>2020-07-22T12:22:46Z</time>
 </trkpt>
 <trkpt lat="61.977008851245046" lon="-6.649091122671962">
 <ele>175.16999999999999</ele>
 <time>2020-07-22T12:23:01Z</time>
 </trkpt>
 <trkpt lat="61.977088814601302" lon="-6.649226322770119">
 <ele>175.36000000000001</ele>
 <time>2020-07-22T12:23:10Z</time>
 </trkpt>
 <trkpt lat="61.977164167910814" lon="-6.649364624172449">
 <ele>175.13999999999999</ele>
 <time>2020-07-22T12:23:19Z</time>
 </trkpt>
 <trkpt lat="61.977228373289108" lon="-6.649502003565431">
 <ele>174.61000000000001</ele>
 <time>2020-07-22T12:23:28Z</time>
 </trkpt>
 <trkpt lat="61.977316047996283" lon="-6.649619517847896">
 <ele>175.81999999999999</ele>
 <time>2020-07-22T12:23:39Z</time>
 </trkpt>
 <trkpt lat="61.977388886734843" lon="-6.64975312538445">
 <ele>176.38</ele>
 <time>2020-07-22T12:23:48Z</time>
 </trkpt>
 <trkpt lat="61.977424090728164" lon="-6.649921936914325">
 <ele>175.53999999999999</ele>
 <time>2020-07-22T12:23:59Z</time>
 </trkpt>
 <trkpt lat="61.977490140125155" lon="-6.650071134790778">
 <ele>174.47999999999999</ele>
 <time>2020-07-22T12:24:09Z</time>
 </trkpt>
 <trkpt lat="61.977548059076071" lon="-6.650232067331672">
 <ele>174.24000000000001</ele>
 <time>2020-07-22T12:24:21Z</time>
 </trkpt>
 <trkpt lat="61.977631710469723" lon="-6.650356287136674">
 <ele>174.02000000000001</ele>
 <time>2020-07-22T12:24:30Z</time>
 </trkpt>
 <trkpt lat="61.977696754038334" lon="-6.650504563003779">
 <ele>174.55000000000001</ele>
 <time>2020-07-22T12:24:41Z</time>
 </trkpt>
 <trkpt lat="61.977763390168548" lon="-6.650641858577728">
 <ele>173.86000000000001</ele>
 <time>2020-07-22T12:24:50Z</time>
 </trkpt>
 <trkpt lat="61.977806221693754" lon="-6.650817291811109">
 <ele>174.44999999999999</ele>
 <time>2020-07-22T12:24:58Z</time>
 </trkpt>
 <trkpt lat="61.977856429293752" lon="-6.650996161624789">
 <ele>175.53999999999999</ele>
 <time>2020-07-22T12:25:06Z</time>
 </trkpt>
 <trkpt lat="61.977917617186904" lon="-6.651096073910594">
 <ele>176.47</ele>
 <time>2020-07-22T12:25:14Z</time>
 </trkpt>
 <trkpt lat="61.977998754009604" lon="-6.65116916410625">
 <ele>178.03</ele>
 <time>2020-07-22T12:25:24Z</time>
 </trkpt>
 <trkpt lat="61.978071257472038" lon="-6.651276620104909">
 <ele>178.47</ele>
 <time>2020-07-22T12:25:32Z</time>
 </trkpt>
 <trkpt lat="61.978143760934472" lon="-6.651423303410411">
 <ele>178.11000000000001</ele>
 <time>2020-07-22T12:25:40Z</time>
 </trkpt>
 <trkpt lat="61.978231268003583" lon="-6.651499746367335">
 <ele>177.94</ele>
 <time>2020-07-22T12:25:48Z</time>
 </trkpt>
 <trkpt lat="61.978314081206918" lon="-6.651603765785694">
 <ele>178.28</ele>
 <time>2020-07-22T12:25:57Z</time>
 </trkpt>
 <trkpt lat="61.978377867490053" lon="-6.651747766882181">
 <ele>179.21000000000001</ele>
 <time>2020-07-22T12:26:05Z</time>
 </trkpt>
 <trkpt lat="61.978457076475024" lon="-6.651884727180004">
 <ele>180.34</ele>
 <time>2020-07-22T12:26:14Z</time>
 </trkpt>
 <trkpt lat="61.978531591594219" lon="-6.652000229805708">
 <ele>180.77000000000001</ele>
 <time>2020-07-22T12:26:22Z</time>
 </trkpt>
 <trkpt lat="61.978594874963164" lon="-6.652134926989675">
 <ele>180.88999999999999</ele>
 <time>2020-07-22T12:26:32Z</time>
 </trkpt>
 <trkpt lat="61.978687243536115" lon="-6.65224120952189">
 <ele>181.38</ele>
 <time>2020-07-22T12:26:41Z</time>
 </trkpt>
 <trkpt lat="61.978773660957813" lon="-6.652343720197678">
 <ele>182.02000000000001</ele>
 <time>2020-07-22T12:26:50Z</time>
 </trkpt>
 <trkpt lat="61.978827808052301" lon="-6.652507083490491">
 <ele>182.25</ele>
 <time>2020-07-22T12:26:58Z</time>
 </trkpt>
 <trkpt lat="61.978875920176506" lon="-6.652680085971952">
 <ele>182.33000000000001</ele>
 <time>2020-07-22T12:27:06Z</time>
 </trkpt>
 <trkpt lat="61.978928558528423" lon="-6.652839677408338">
 <ele>182.38</ele>
 <time>2020-07-22T12:27:14Z</time>
 </trkpt>
 <trkpt lat="61.978996954858303" lon="-6.652966747060418">
 <ele>182.84</ele>
 <time>2020-07-22T12:27:25Z</time>
 </trkpt>
 <trkpt lat="61.979090245440602" lon="-6.653093649074435">
 <ele>183.18000000000001</ele>
 <time>2020-07-22T12:27:35Z</time>
 </trkpt>
 <trkpt lat="61.979167275130749" lon="-6.653229435905814">
 <ele>183.52000000000001</ele>
 <time>2020-07-22T12:27:44Z</time>
 </trkpt>
 <trkpt lat="61.979227876290679" lon="-6.653407383710146">
 <ele>184.66</ele>
 <time>2020-07-22T12:27:54Z</time>
 </trkpt>
 <trkpt lat="61.979308258742094" lon="-6.653530932962894">
 <ele>185.16</ele>
 <time>2020-07-22T12:28:04Z</time>
 </trkpt>
 <trkpt lat="61.97937062010169" lon="-6.653682645410299">
 <ele>185.22999999999999</ele>
 <time>2020-07-22T12:28:13Z</time>
 </trkpt>
 <trkpt lat="61.979413451626897" lon="-6.653846679255366">
 <ele>185.13</ele>
 <time>2020-07-22T12:28:21Z</time>
 </trkpt>
 <trkpt lat="61.979501293972135" lon="-6.653964025899768">
 <ele>185.63999999999999</ele>
 <time>2020-07-22T12:28:30Z</time>
 </trkpt>
 <trkpt lat="61.979580502957106" lon="-6.654093191027641">
 <ele>185.59999999999999</ele>
 <time>2020-07-22T12:28:39Z</time>
 </trkpt>
 <trkpt lat="61.979630123823881" lon="-6.654258146882057">
 <ele>185.49000000000001</ele>
 <time>2020-07-22T12:28:47Z</time>
 </trkpt>
 <trkpt lat="61.979702794924378" lon="-6.654399130493403">
 <ele>186.46000000000001</ele>
 <time>2020-07-22T12:28:56Z</time>
 </trkpt>
 <trkpt lat="61.979777729138732" lon="-6.654504993930459">
 <ele>187.22999999999999</ele>
 <time>2020-07-22T12:29:04Z</time>
 </trkpt>
 <trkpt lat="61.979836067184806" lon="-6.654643965885043">
 <ele>188.16</ele>
 <time>2020-07-22T12:29:13Z</time>
 </trkpt>
 <trkpt lat="61.979901781305671" lon="-6.654795678332448">
 <ele>188.52000000000001</ele>
 <time>2020-07-22T12:29:21Z</time>
 </trkpt>
 <trkpt lat="61.979973362758756" lon="-6.654932973906398">
 <ele>188.94</ele>
 <time>2020-07-22T12:29:29Z</time>
 </trkpt>
 <trkpt lat="61.980050560086966" lon="-6.655036741867662">
 <ele>189.28</ele>
 <time>2020-07-22T12:29:36Z</time>
 </trkpt>
 <trkpt lat="61.980125075206161" lon="-6.655179653316736">
 <ele>189.63</ele>
 <time>2020-07-22T12:29:44Z</time>
 </trkpt>
 <trkpt lat="61.980207553133368" lon="-6.655296999961138">
 <ele>189.56999999999999</ele>
 <time>2020-07-22T12:29:52Z</time>
 </trkpt>
 <trkpt lat="61.980273770168424" lon="-6.65543488226831">
 <ele>190.12</ele>
 <time>2020-07-22T12:30:00Z</time>
 </trkpt>
 <trkpt lat="61.980333114042878" lon="-6.655586594715715">
 <ele>189.65000000000001</ele>
 <time>2020-07-22T12:30:07Z</time>
 </trkpt>
 <trkpt lat="61.98037669993937" lon="-6.655756747350097">
 <ele>190.03</ele>
 <time>2020-07-22T12:30:14Z</time>
 </trkpt>
 <trkpt lat="61.980414418503642" lon="-6.655914159491658">
 <ele>190.78999999999999</ele>
 <time>2020-07-22T12:30:46Z</time>
 </trkpt>
 <trkpt lat="61.980461021885276" lon="-6.655994625762105">
 <ele>191.83000000000001</ele>
 <time>2020-07-22T12:31:41Z</time>
 </trkpt>
 <trkpt lat="61.980513073503971" lon="-6.65608867071569">
 <ele>191.74000000000001</ele>
 <time>2020-07-22T12:33:23Z</time>
 </trkpt>
 <trkpt lat="61.980605022981763" lon="-6.656151534989476">
 <ele>191.77000000000001</ele>
 <time>2020-07-22T12:33:31Z</time>
 </trkpt>
 <trkpt lat="61.980699570849538" lon="-6.65618883445859">
 <ele>192.46000000000001</ele>
 <time>2020-07-22T12:33:39Z</time>
 </trkpt>
 <trkpt lat="61.980784814804792" lon="-6.656260332092643">
 <ele>193.11000000000001</ele>
 <time>2020-07-22T12:33:46Z</time>
 </trkpt>
 <trkpt lat="61.980889923870564" lon="-6.656288746744394">
 <ele>193.78999999999999</ele>
 <time>2020-07-22T12:33:56Z</time>
 </trkpt>
 <trkpt lat="61.980982962995768" lon="-6.656332081183791">
 <ele>195.03</ele>
 <time>2020-07-22T12:34:05Z</time>
 </trkpt>
 <trkpt lat="61.981068709865212" lon="-6.656354377046228">
 <ele>197.77000000000001</ele>
 <time>2020-07-22T12:34:17Z</time>
 </trkpt>
 <trkpt lat="61.981156133115292" lon="-6.656393688172102">
 <ele>198.93000000000001</ele>
 <time>2020-07-22T12:34:29Z</time>
 </trkpt>
 <trkpt lat="61.981231989338994" lon="-6.656534671783447">
 <ele>199.22999999999999</ele>
 <time>2020-07-22T12:34:39Z</time>
 </trkpt>
 <trkpt lat="61.981321005150676" lon="-6.65663936175406">
 <ele>199.41</ele>
 <time>2020-07-22T12:34:48Z</time>
 </trkpt>
 <trkpt lat="61.981388060376048" lon="-6.656772382557392">
 <ele>200.21000000000001</ele>
 <time>2020-07-22T12:34:58Z</time>
 </trkpt>
 <trkpt lat="61.981443297117949" lon="-6.656923424452543">
 <ele>201.06</ele>
 <time>2020-07-22T12:35:06Z</time>
 </trkpt>
 <trkpt lat="61.981517393141985" lon="-6.657054098322988">
 <ele>201.62</ele>
 <time>2020-07-22T12:35:14Z</time>
 </trkpt>
 <trkpt lat="61.981595177203417" lon="-6.657175803557038">
 <ele>201.74000000000001</ele>
 <time>2020-07-22T12:35:21Z</time>
 </trkpt>
 <trkpt lat="61.981669692322612" lon="-6.657316032797098">
 <ele>202.63999999999999</ele>
 <time>2020-07-22T12:35:30Z</time>
 </trkpt>
 <trkpt lat="61.981737082824111" lon="-6.657482832670212">
 <ele>201.81999999999999</ele>
 <time>2020-07-22T12:35:38Z</time>
 </trkpt>
 <trkpt lat="61.981778740882874" lon="-6.657653069123626">
 <ele>202.13999999999999</ele>
 <time>2020-07-22T12:35:45Z</time>
 </trkpt>
 <trkpt lat="61.981832636520267" lon="-6.657821293920279">
 <ele>203</ele>
 <time>2020-07-22T12:35:54Z</time>
 </trkpt>
 <trkpt lat="61.981889717280865" lon="-6.658005192875862">
 <ele>201.91999999999999</ele>
 <time>2020-07-22T12:36:01Z</time>
 </trkpt>
 <trkpt lat="61.981951659545302" lon="-6.658137124031782">
 <ele>202.68000000000001</ele>
 <time>2020-07-22T12:36:09Z</time>
 </trkpt>
 <trkpt lat="61.981997257098556" lon="-6.658315826207399">
 <ele>202.58000000000001</ele>
 <time>2020-07-22T12:36:16Z</time>
 </trkpt>
 <trkpt lat="61.982038244605064" lon="-6.658494779840112">
 <ele>202.28999999999999</ele>
 <time>2020-07-22T12:36:24Z</time>
 </trkpt>
 <trkpt lat="61.982109742239118" lon="-6.658620592206717">
 <ele>202.88999999999999</ele>
 <time>2020-07-22T12:36:33Z</time>
 </trkpt>
 <trkpt lat="61.982148215174675" lon="-6.658793678507209">
 <ele>203.75</ele>
 <time>2020-07-22T12:36:41Z</time>
 </trkpt>
 <trkpt lat="61.982205715030432" lon="-6.658956371247768">
 <ele>203.56999999999999</ele>
 <time>2020-07-22T12:36:49Z</time>
 </trkpt>
 <trkpt lat="61.982285510748625" lon="-6.659058211371303">
 <ele>204</ele>
 <time>2020-07-22T12:36:57Z</time>
 </trkpt>
 <trkpt lat="61.982358936220407" lon="-6.659172037616372">
 <ele>204.13</ele>
 <time>2020-07-22T12:37:05Z</time>
 </trkpt>
 <trkpt lat="61.982411406934261" lon="-6.659331796690822">
 <ele>204.72999999999999</ele>
 <time>2020-07-22T12:37:14Z</time>
 </trkpt>
 <trkpt lat="61.982457423582673" lon="-6.659496836364269">
 <ele>203.78999999999999</ele>
 <time>2020-07-22T12:37:22Z</time>
 </trkpt>
 <trkpt lat="61.982524814084172" lon="-6.659651901572943">
 <ele>203.96000000000001</ele>
 <time>2020-07-22T12:37:30Z</time>
 </trkpt>
 <trkpt lat="61.982584744691849" lon="-6.659826161339879">
 <ele>203.28</ele>
 <time>2020-07-22T12:37:38Z</time>
 </trkpt>
 <trkpt lat="61.98266102001071" lon="-6.659958176314831">
 <ele>203.38</ele>
 <time>2020-07-22T12:37:46Z</time>
 </trkpt>
 <trkpt lat="61.982732098549604" lon="-6.660102596506476">
 <ele>204.38</ele>
 <time>2020-07-22T12:37:54Z</time>
 </trkpt>
 <trkpt lat="61.982802087441087" lon="-6.660262523218989">
 <ele>203.83000000000001</ele>
 <time>2020-07-22T12:38:03Z</time>
 </trkpt>
 <trkpt lat="61.982870399951935" lon="-6.660426305606961">
 <ele>204.53</ele>
 <time>2020-07-22T12:38:12Z</time>
 </trkpt>
 <trkpt lat="61.982933934777975" lon="-6.660587741062045">
 <ele>203.58000000000001</ele>
 <time>2020-07-22T12:38:20Z</time>
 </trkpt>
 <trkpt lat="61.98300844989717" lon="-6.660734256729484">
 <ele>204.00999999999999</ele>
 <time>2020-07-22T12:38:28Z</time>
 </trkpt>
 <trkpt lat="61.983076175674796" lon="-6.660877587273717">
 <ele>203.63</ele>
 <time>2020-07-22T12:38:36Z</time>
 </trkpt>
 <trkpt lat="61.983130490407348" lon="-6.661032987758517">
 <ele>204.25999999999999</ele>
 <time>2020-07-22T12:38:43Z</time>
 </trkpt>
 <trkpt lat="61.983214812353253" lon="-6.661117058247328">
 <ele>203.81</ele>
 <time>2020-07-22T12:38:51Z</time>
 </trkpt>
 <trkpt lat="61.983301481232047" lon="-6.661242786794901">
 <ele>204.22</ele>
 <time>2020-07-22T12:38:59Z</time>
 </trkpt>
 <trkpt lat="61.983365267515182" lon="-6.661382094025612">
 <ele>205.02000000000001</ele>
 <time>2020-07-22T12:39:07Z</time>
 </trkpt>
 <trkpt lat="61.983428047969937" lon="-6.661520143970847">
 <ele>204.61000000000001</ele>
 <time>2020-07-22T12:39:15Z</time>
 </trkpt>
 <trkpt lat="61.983498958870769" lon="-6.661639753729105">
 <ele>205.06</ele>
 <time>2020-07-22T12:39:23Z</time>
 </trkpt>
 <trkpt lat="61.983550926670432" lon="-6.661793394014239">
 <ele>204.94999999999999</ele>
 <time>2020-07-22T12:39:31Z</time>
 </trkpt>
 <trkpt lat="61.983636002987623" lon="-6.661890204995871">
 <ele>205.72</ele>
 <time>2020-07-22T12:39:38Z</time>
 </trkpt>
 <trkpt lat="61.983717475086451" lon="-6.661957427859306">
 <ele>206.05000000000001</ele>
 <time>2020-07-22T12:39:46Z</time>
 </trkpt>
 <trkpt lat="61.983791654929519" lon="-6.662083826959133">
 <ele>207.13</ele>
 <time>2020-07-22T12:39:54Z</time>
 </trkpt>
 <trkpt lat="61.98387966491282" lon="-6.662168484181166">
 <ele>208.19999999999999</ele>
 <time>2020-07-22T12:40:02Z</time>
 </trkpt>
 <trkpt lat="61.983966333791614" lon="-6.662244340404868">
 <ele>207.34999999999999</ele>
 <time>2020-07-22T12:40:09Z</time>
 </trkpt>
 <trkpt lat="61.984026599675417" lon="-6.662381887435913">
 <ele>207.94999999999999</ele>
 <time>2020-07-22T12:40:17Z</time>
 </trkpt>
 <trkpt lat="61.984104467555881" lon="-6.662491271272302">
 <ele>208.71000000000001</ele>
 <time>2020-07-22T12:40:25Z</time>
 </trkpt>
 <trkpt lat="61.984179653227329" lon="-6.662585400044918">
 <ele>208.63</ele>
 <time>2020-07-22T12:40:32Z</time>
 </trkpt>
 <trkpt lat="61.984250647947192" lon="-6.662701657041907">
 <ele>209.28</ele>
 <time>2020-07-22T12:40:39Z</time>
 </trkpt>
 <trkpt lat="61.984329773113132" lon="-6.662818752229214">
 <ele>209.44999999999999</ele>
 <time>2020-07-22T12:40:47Z</time>
 </trkpt>
 <trkpt lat="61.984390877187252" lon="-6.662960490211844">
 <ele>210.84999999999999</ele>
 <time>2020-07-22T12:40:55Z</time>
 </trkpt>
 <trkpt lat="61.984453992918134" lon="-6.663089152425528">
 <ele>210.96000000000001</ele>
 <time>2020-07-22T12:41:02Z</time>
 </trkpt>
 <trkpt lat="61.984528424218297" lon="-6.663177078589797">
 <ele>211.83000000000001</ele>
 <time>2020-07-22T12:41:10Z</time>
 </trkpt>
 <trkpt lat="61.984616266563535" lon="-6.663253270089626">
 <ele>211.75</ele>
 <time>2020-07-22T12:41:17Z</time>
 </trkpt>
 <trkpt lat="61.98469472117722" lon="-6.663335915654898">
 <ele>212.36000000000001</ele>
 <time>2020-07-22T12:41:25Z</time>
 </trkpt>
 <trkpt lat="61.984767559915781" lon="-6.663447730243206">
 <ele>212.68000000000001</ele>
 <time>2020-07-22T12:41:32Z</time>
 </trkpt>
 <trkpt lat="61.984837129712105" lon="-6.663596592843533">
 <ele>213.25999999999999</ele>
 <time>2020-07-22T12:41:41Z</time>
 </trkpt>
 <trkpt lat="61.98492388240993" lon="-6.663709748536348">
 <ele>214.31</ele>
 <time>2020-07-22T12:41:51Z</time>
 </trkpt>
 <trkpt lat="61.984991524368525" lon="-6.663848971948028">
 <ele>213.97999999999999</ele>
 <time>2020-07-22T12:41:59Z</time>
 </trkpt>
 <trkpt lat="61.985052041709423" lon="-6.66401912458241">
 <ele>213.91</ele>
 <time>2020-07-22T12:42:08Z</time>
 </trkpt>
 <trkpt lat="61.985151031985879" lon="-6.664062710478902">
 <ele>214.74000000000001</ele>
 <time>2020-07-22T12:42:18Z</time>
 </trkpt>
 <trkpt lat="61.98524683713913" lon="-6.664080061018467">
 <ele>216.69999999999999</ele>
 <time>2020-07-22T12:42:28Z</time>
 </trkpt>
 <trkpt lat="61.985284136608243" lon="-6.664107469841838">
 <ele>216.96000000000001</ele>
 <time>2020-07-22T12:43:15Z</time>
 </trkpt>
 <trkpt lat="61.985385892912745" lon="-6.664155581966043">
 <ele>217.66</ele>
 <time>2020-07-22T12:43:25Z</time>
 </trkpt>
 <trkpt lat="61.985447918996215" lon="-6.664287094026804">
 <ele>217.22999999999999</ele>
 <time>2020-07-22T12:43:32Z</time>
 </trkpt>
 <trkpt lat="61.985528720542789" lon="-6.6643753554672">
 <ele>216.94</ele>
 <time>2020-07-22T12:43:39Z</time>
 </trkpt>
 <trkpt lat="61.98561136610806" lon="-6.664442243054509">
 <ele>217.47</ele>
 <time>2020-07-22T12:43:46Z</time>
 </trkpt>
 <trkpt lat="61.98569250293076" lon="-6.664514327421784">
 <ele>217.74000000000001</ele>
 <time>2020-07-22T12:43:53Z</time>
 </trkpt>
 <trkpt lat="61.985784536227584" lon="-6.664579538628459">
 <ele>217.93000000000001</ele>
 <time>2020-07-22T12:44:00Z</time>
 </trkpt>
 <trkpt lat="61.985857710242271" lon="-6.664685653522611">
 <ele>217.16999999999999</ele>
 <time>2020-07-22T12:44:08Z</time>
 </trkpt>
 <trkpt lat="61.985950162634254" lon="-6.664703087881208">
 <ele>217.62</ele>
 <time>2020-07-22T12:44:15Z</time>
 </trkpt>
 <trkpt lat="61.986029287800193" lon="-6.66480241343379">
 <ele>218.13</ele>
 <time>2020-07-22T12:44:22Z</time>
 </trkpt>
 <trkpt lat="61.986117968335748" lon="-6.664855806156993">
 <ele>218.21000000000001</ele>
 <time>2020-07-22T12:44:30Z</time>
 </trkpt>
 <trkpt lat="61.986206397414207" lon="-6.664866451174021">
 <ele>218.47999999999999</ele>
 <time>2020-07-22T12:44:37Z</time>
 </trkpt>
 <trkpt lat="61.98629692196846" lon="-6.664887070655823">
 <ele>218.63999999999999</ele>
 <time>2020-07-22T12:44:45Z</time>
 </trkpt>
 <trkpt lat="61.986385937780142" lon="-6.66488497518003">
 <ele>218.08000000000001</ele>
 <time>2020-07-22T12:44:52Z</time>
 </trkpt>
 <trkpt lat="61.986483922228217" lon="-6.664893105626106">
 <ele>218.75</ele>
 <time>2020-07-22T12:45:01Z</time>
 </trkpt>
 <trkpt lat="61.986569752916694" lon="-6.664946163073182">
 <ele>219.25999999999999</ele>
 <time>2020-07-22T12:45:08Z</time>
 </trkpt>
 <trkpt lat="61.986647117882967" lon="-6.665053954347968">
 <ele>219.81999999999999</ele>
 <time>2020-07-22T12:45:17Z</time>
 </trkpt>
 <trkpt lat="61.986742503941059" lon="-6.665033837780356">
 <ele>219.19</ele>
 <time>2020-07-22T12:45:25Z</time>
 </trkpt>
 <trkpt lat="61.986832106485963" lon="-6.665037944912911">
 <ele>218.94999999999999</ele>
 <time>2020-07-22T12:45:32Z</time>
 </trkpt>
 <trkpt lat="61.98693118058145" lon="-6.665043141692877">
 <ele>219.49000000000001</ele>
 <time>2020-07-22T12:45:40Z</time>
 </trkpt>
 <trkpt lat="61.987046180292964" lon="-6.665058061480522">
 <ele>220.11000000000001</ele>
 <time>2020-07-22T12:45:48Z</time>
 </trkpt>
 <trkpt lat="61.987140392884612" lon="-6.664992347359657">
 <ele>220.84</ele>
 <time>2020-07-22T12:45:56Z</time>
 </trkpt>
 <trkpt lat="61.987226810306311" lon="-6.664949599653482">
 <ele>221.21000000000001</ele>
 <time>2020-07-22T12:46:03Z</time>
 </trkpt>
 <trkpt lat="61.987321022897959" lon="-6.664948593825102">
 <ele>221.11000000000001</ele>
 <time>2020-07-22T12:46:10Z</time>
 </trkpt>
 <trkpt lat="61.98738556355238" lon="-6.664890674874187">
 <ele>222.16999999999999</ele>
 <time>2020-07-22T12:46:36Z</time>
 </trkpt>
 <trkpt lat="61.987483045086265" lon="-6.664815321564674">
 <ele>221.90000000000001</ele>
 <time>2020-07-22T12:46:51Z</time>
 </trkpt>
 <trkpt lat="61.987567786127329" lon="-6.664750780910254">
 <ele>221.53</ele>
 <time>2020-07-22T12:46:58Z</time>
 </trkpt>
 <trkpt lat="61.987672140821815" lon="-6.664721108973026">
 <ele>221.41</ele>
 <time>2020-07-22T12:47:05Z</time>
 </trkpt>
 <trkpt lat="61.987773058936" lon="-6.664674924686551">
 <ele>221.91999999999999</ele>
 <time>2020-07-22T12:47:13Z</time>
 </trkpt>
 <trkpt lat="61.987864086404443" lon="-6.664647432044148">
 <ele>222.22999999999999</ele>
 <time>2020-07-22T12:47:20Z</time>
 </trkpt>
 <trkpt lat="61.98795385658741" lon="-6.66460401378572">
 <ele>223.11000000000001</ele>
 <time>2020-07-22T12:48:03Z</time>
 </trkpt>
 <trkpt lat="61.988045135512948" lon="-6.664580460637808">
 <ele>222.74000000000001</ele>
 <time>2020-07-22T12:48:11Z</time>
 </trkpt>
 <trkpt lat="61.988142197951674" lon="-6.664544334635139">
 <ele>223.02000000000001</ele>
 <time>2020-07-22T12:48:20Z</time>
 </trkpt>
 <trkpt lat="61.988230375573039" lon="-6.664506867527962">
 <ele>223.34999999999999</ele>
 <time>2020-07-22T12:48:27Z</time>
 </trkpt>
 <trkpt lat="61.988322911784053" lon="-6.664477363228798">
 <ele>224.27000000000001</ele>
 <time>2020-07-22T12:48:34Z</time>
 </trkpt>
 <trkpt lat="61.98841318488121" lon="-6.664455737918615">
 <ele>224.69999999999999</ele>
 <time>2020-07-22T12:48:41Z</time>
 </trkpt>
 <trkpt lat="61.988503457978368" lon="-6.664425730705261">
 <ele>224.91999999999999</ele>
 <time>2020-07-22T12:48:49Z</time>
 </trkpt>
 <trkpt lat="61.988601526245475" lon="-6.664441572502255">
 <ele>224.55000000000001</ele>
 <time>2020-07-22T12:48:58Z</time>
 </trkpt>
 <trkpt lat="61.988693559542298" lon="-6.664377702400088">
 <ele>224.38</ele>
 <time>2020-07-22T12:49:06Z</time>
 </trkpt>
 <trkpt lat="61.988791795447469" lon="-6.664377031847835">
 <ele>223.96000000000001</ele>
 <time>2020-07-22T12:49:16Z</time>
 </trkpt>
 <trkpt lat="61.988882906734943" lon="-6.664380468428135">
 <ele>223.66</ele>
 <time>2020-07-22T12:49:23Z</time>
 </trkpt>
 <trkpt lat="61.988977119326591" lon="-6.664369655773044">
 <ele>223.34999999999999</ele>
 <time>2020-07-22T12:49:30Z</time>
 </trkpt>
 <trkpt lat="61.989076025784016" lon="-6.66437778621912">
 <ele>223.69999999999999</ele>
 <time>2020-07-22T12:49:38Z</time>
 </trkpt>
 <trkpt lat="61.989176440984011" lon="-6.66440418921411">
 <ele>224.16</ele>
 <time>2020-07-22T12:49:45Z</time>
 </trkpt>
 <trkpt lat="61.989274676889181" lon="-6.664403770118952">
 <ele>224.58000000000001</ele>
 <time>2020-07-22T12:49:53Z</time>
 </trkpt>
 <trkpt lat="61.989376014098525" lon="-6.664357585832477">
 <ele>224.08000000000001</ele>
 <time>2020-07-22T12:50:02Z</time>
 </trkpt>
 <trkpt lat="61.989470981061459" lon="-6.6643494553864">
 <ele>224.09999999999999</ele>
 <time>2020-07-22T12:50:09Z</time>
 </trkpt>
 <trkpt lat="61.989569803699851" lon="-6.664373762905598">
 <ele>224.59</ele>
 <time>2020-07-22T12:50:18Z</time>
 </trkpt>
 <trkpt lat="61.989656388759613" lon="-6.664445763453841">
 <ele>224.40000000000001</ele>
 <time>2020-07-22T12:50:30Z</time>
 </trkpt>
 <trkpt lat="61.989733334630728" lon="-6.664550118148327">
 <ele>224.00999999999999</ele>
 <time>2020-07-22T12:50:37Z</time>
 </trkpt>
 <trkpt lat="61.989810112863779" lon="-6.664661932736635">
 <ele>224.38</ele>
 <time>2020-07-22T12:50:45Z</time>
 </trkpt>
 <trkpt lat="61.989905498921871" lon="-6.664728568866849">
 <ele>223.81999999999999</ele>
 <time>2020-07-22T12:50:54Z</time>
 </trkpt>
 <trkpt lat="61.989998370409012" lon="-6.664802329614759">
 <ele>222.41</ele>
 <time>2020-07-22T12:51:05Z</time>
 </trkpt>
 <trkpt lat="61.990066850557923" lon="-6.664947755634785">
 <ele>220.50999999999999</ele>
 <time>2020-07-22T12:51:14Z</time>
 </trkpt>
 <trkpt lat="61.990148322656751" lon="-6.665039705112577">
 <ele>219.78</ele>
 <time>2020-07-22T12:51:22Z</time>
 </trkpt>
 <trkpt lat="61.99023088440299" lon="-6.665115393698216">
 <ele>218.69</ele>
 <time>2020-07-22T12:51:29Z</time>
 </trkpt>
 <trkpt lat="61.990305818617344" lon="-6.665232237428427">
 <ele>217.66</ele>
 <time>2020-07-22T12:51:38Z</time>
 </trkpt>
 <trkpt lat="61.9903857819736" lon="-6.66532376781106">
 <ele>217.61000000000001</ele>
 <time>2020-07-22T12:51:45Z</time>
 </trkpt>
 <trkpt lat="61.990462811663747" lon="-6.665445221588016">
 <ele>217.12</ele>
 <time>2020-07-22T12:51:55Z</time>
 </trkpt>
 <trkpt lat="61.990568339824677" lon="-6.665456369519234">
 <ele>216.56999999999999</ele>
 <time>2020-07-22T12:52:24Z</time>
 </trkpt>
 <trkpt lat="61.990632712841034" lon="-6.66542150080204">
 <ele>216.68000000000001</ele>
 <time>2020-07-22T12:52:33Z</time>
 </trkpt>
 <trkpt lat="61.99068384245038" lon="-6.665580840781331">
 <ele>216.62</ele>
 <time>2020-07-22T12:52:41Z</time>
 </trkpt>
 <trkpt lat="61.990754753351212" lon="-6.665719142183662">
 <ele>214.44</ele>
 <time>2020-07-22T12:52:59Z</time>
 </trkpt>
 <trkpt lat="61.990824909880757" lon="-6.665854509919882">
 <ele>213.84</ele>
 <time>2020-07-22T12:53:08Z</time>
 </trkpt>
 <trkpt lat="61.99090613052249" lon="-6.665986273437738">
 <ele>212.05000000000001</ele>
 <time>2020-07-22T12:53:20Z</time>
 </trkpt>
 <trkpt lat="61.990990368649364" lon="-6.666064728051424">
 <ele>211.71000000000001</ele>
 <time>2020-07-22T12:53:29Z</time>
 </trkpt>
 <trkpt lat="61.99105859734118" lon="-6.666188444942236">
 <ele>211.44999999999999</ele>
 <time>2020-07-22T12:53:38Z</time>
 </trkpt>
 <trkpt lat="61.991141578182578" lon="-6.666275030001998">
 <ele>211.18000000000001</ele>
 <time>2020-07-22T12:53:48Z</time>
 </trkpt>
 <trkpt lat="61.991210477426648" lon="-6.666365722194314">
 <ele>210.5</ele>
 <time>2020-07-22T12:56:59Z</time>
 </trkpt>
 <trkpt lat="61.991305695846677" lon="-6.66643830947578">
 <ele>209.63999999999999</ele>
 <time>2020-07-22T12:57:08Z</time>
 </trkpt>
 <trkpt lat="61.991385659202933" lon="-6.666516596451402">
 <ele>208.91999999999999</ele>
 <time>2020-07-22T12:57:16Z</time>
 </trkpt>
 <trkpt lat="61.991442739963531" lon="-6.666652550920844">
 <ele>206.28999999999999</ele>
 <time>2020-07-22T12:57:29Z</time>
 </trkpt>
 <trkpt lat="61.991487415507436" lon="-6.666776770725846">
 <ele>203.18000000000001</ele>
 <time>2020-07-22T12:57:44Z</time>
 </trkpt>
 <trkpt lat="61.991572491824627" lon="-6.66682387702167">
 <ele>201.38999999999999</ele>
 <time>2020-07-22T12:57:54Z</time>
 </trkpt>
 <trkpt lat="61.991654131561518" lon="-6.666918592527509">
 <ele>200.62</ele>
 <time>2020-07-22T12:58:01Z</time>
 </trkpt>
 <trkpt lat="61.991737531498075" lon="-6.667031496763229">
 <ele>200.69999999999999</ele>
 <time>2020-07-22T12:58:45Z</time>
 </trkpt>
 <trkpt lat="61.991823613643646" lon="-6.667075250297785">
 <ele>200.05000000000001</ele>
 <time>2020-07-22T12:58:57Z</time>
 </trkpt>
 <trkpt lat="61.991907013580203" lon="-6.667066365480423">
 <ele>199.72</ele>
 <time>2020-07-22T12:59:25Z</time>
 </trkpt>
 <trkpt lat="61.991996029391885" lon="-6.667096288874745">
 <ele>198.84</ele>
 <time>2020-07-22T12:59:34Z</time>
 </trkpt>
 <trkpt lat="61.992089487612247" lon="-6.667124116793275">
 <ele>196.16</ele>
 <time>2020-07-22T12:59:53Z</time>
 </trkpt>
 <trkpt lat="61.992186130955815" lon="-6.667117243632674">
 <ele>194.46000000000001</ele>
 <time>2020-07-22T13:00:06Z</time>
 </trkpt>
 <trkpt lat="61.992286881431937" lon="-6.667147167026997">
 <ele>190.83000000000001</ele>
 <time>2020-07-22T13:00:22Z</time>
 </trkpt>
 <trkpt lat="61.992374891415238" lon="-6.667226124554873">
 <ele>189.03999999999999</ele>
 <time>2020-07-22T13:00:31Z</time>
 </trkpt>
 <trkpt lat="61.992468517273664" lon="-6.667257389053702">
 <ele>186.46000000000001</ele>
 <time>2020-07-22T13:00:41Z</time>
 </trkpt>
 <trkpt lat="61.992563400417566" lon="-6.66726753115654">
 <ele>186.38</ele>
 <time>2020-07-22T13:00:49Z</time>
 </trkpt>
 <trkpt lat="61.992668174207211" lon="-6.667277002707124">
 <ele>185.83000000000001</ele>
 <time>2020-07-22T13:00:58Z</time>
 </trkpt>
 <trkpt lat="61.992769176140428" lon="-6.667277254164219">
 <ele>185.81</ele>
 <time>2020-07-22T13:01:05Z</time>
 </trkpt>
 <trkpt lat="61.992858108133078" lon="-6.6672816965729">
 <ele>186.16999999999999</ele>
 <time>2020-07-22T13:01:12Z</time>
 </trkpt>
 <trkpt lat="61.992960786446929" lon="-6.667251856997609">
 <ele>186.16</ele>
 <time>2020-07-22T13:01:21Z</time>
 </trkpt>
 <trkpt lat="61.993055837228894" lon="-6.667240960523486">
 <ele>185.12</ele>
 <time>2020-07-22T13:01:52Z</time>
 </trkpt>
 <trkpt lat="61.993149295449257" lon="-6.667193518951535">
 <ele>184.33000000000001</ele>
 <time>2020-07-22T13:02:00Z</time>
 </trkpt>
 <trkpt lat="61.993245268240571" lon="-6.66716393083334">
 <ele>183.38</ele>
 <time>2020-07-22T13:02:08Z</time>
 </trkpt>
 <trkpt lat="61.99334685690701" lon="-6.667144317179918">
 <ele>183.13</ele>
 <time>2020-07-22T13:02:15Z</time>
 </trkpt>
 <trkpt lat="61.993431514129043" lon="-6.667136438190937">
 <ele>182.34999999999999</ele>
 <time>2020-07-22T13:02:22Z</time>
 </trkpt>
 <trkpt lat="61.993523463606834" lon="-6.66710089892149">
 <ele>181.28999999999999</ele>
 <time>2020-07-22T13:02:30Z</time>
 </trkpt>
 <trkpt lat="61.993613066151738" lon="-6.667034430429339">
 <ele>180.21000000000001</ele>
 <time>2020-07-22T13:02:39Z</time>
 </trkpt>
 <trkpt lat="61.993708284571767" lon="-6.667001405730844">
 <ele>178.38999999999999</ele>
 <time>2020-07-22T13:02:50Z</time>
 </trkpt>
 <trkpt lat="61.99379688128829" lon="-6.666922112926841">
 <ele>176.94999999999999</ele>
 <time>2020-07-22T13:02:59Z</time>
 </trkpt>
 <trkpt lat="61.993885142728686" lon="-6.666876263916493">
 <ele>176.11000000000001</ele>
 <time>2020-07-22T13:03:08Z</time>
 </trkpt>
 <trkpt lat="61.993956975638866" lon="-6.666888417676091">
 <ele>175.09</ele>
 <time>2020-07-22T13:03:34Z</time>
 </trkpt>
 <trkpt lat="61.994035765528679" lon="-6.666926220059395">
 <ele>172.65000000000001</ele>
 <time>2020-07-22T13:03:50Z</time>
 </trkpt>
 <trkpt lat="61.994131822139025" lon="-6.666943151503801">
 <ele>170.58000000000001</ele>
 <time>2020-07-22T13:04:02Z</time>
 </trkpt>
 <trkpt lat="61.994218407198787" lon="-6.666984055191279">
 <ele>168.91</ele>
 <time>2020-07-22T13:04:15Z</time>
 </trkpt>
 <trkpt lat="61.994305243715644" lon="-6.666972069069743">
 <ele>167.44999999999999</ele>
 <time>2020-07-22T13:04:28Z</time>
 </trkpt>
 <trkpt lat="61.994397025555372" lon="-6.666926387697458">
 <ele>165.27000000000001</ele>
 <time>2020-07-22T13:04:47Z</time>
 </trkpt>
 <trkpt lat="61.994483610615134" lon="-6.666957484558225">
 <ele>161.86000000000001</ele>
 <time>2020-07-22T13:05:05Z</time>
 </trkpt>
 <trkpt lat="61.99456550180912" lon="-6.666976846754551">
 <ele>158.80000000000001</ele>
 <time>2020-07-22T13:05:30Z</time>
 </trkpt>
 <trkpt lat="61.99466030113399" lon="-6.666981037706137">
 <ele>155.25999999999999</ele>
 <time>2020-07-22T13:05:46Z</time>
 </trkpt>
 <trkpt lat="61.994755351915956" lon="-6.666976427659392">
 <ele>153.50999999999999</ele>
 <time>2020-07-22T13:05:58Z</time>
 </trkpt>
 <trkpt lat="61.994831878691912" lon="-6.666945833712816">
 <ele>152.53</ele>
 <time>2020-07-22T13:06:24Z</time>
 </trkpt>
 <trkpt lat="61.994900861755013" lon="-6.666943319141865">
 <ele>151.25999999999999</ele>
 <time>2020-07-22T13:08:06Z</time>
 </trkpt>
 <trkpt lat="61.994892898947001" lon="-6.666934937238693">
 <ele>151.56999999999999</ele>
 <time>2020-07-22T13:08:36Z</time>
 </trkpt>
 <trkpt lat="61.994980489835143" lon="-6.666910126805306">
 <ele>150.16999999999999</ele>
 <time>2020-07-22T13:08:46Z</time>
 </trkpt>
 <trkpt lat="61.995075289160013" lon="-6.666894620284438">
 <ele>147.97</ele>
 <time>2020-07-22T13:08:59Z</time>
 </trkpt>
 <trkpt lat="61.99517285451293" lon="-6.666843239217997">
 <ele>145.81</ele>
 <time>2020-07-22T13:09:08Z</time>
 </trkpt>
 <trkpt lat="61.995258182287216" lon="-6.666797054931521">
 <ele>144.19</ele>
 <time>2020-07-22T13:09:17Z</time>
 </trkpt>
 <trkpt lat="61.995350802317262" lon="-6.666756570339203">
 <ele>141.33000000000001</ele>
 <time>2020-07-22T13:09:28Z</time>
 </trkpt>
 <trkpt lat="61.995449038222432" lon="-6.666694460436702">
 <ele>139.97999999999999</ele>
 <time>2020-07-22T13:09:37Z</time>
 </trkpt>
 <trkpt lat="61.995535958558321" lon="-6.666589854285121">
 <ele>139.46000000000001</ele>
 <time>2020-07-22T13:09:45Z</time>
 </trkpt>
 <trkpt lat="61.995621789246798" lon="-6.666541825979948">
 <ele>138.02000000000001</ele>
 <time>2020-07-22T13:09:54Z</time>
 </trkpt>
 <trkpt lat="61.995689766481519" lon="-6.666487008333206">
 <ele>136.69</ele>
 <time>2020-07-22T13:10:33Z</time>
 </trkpt>
 <trkpt lat="61.995759336277843" lon="-6.66645834222436">
 <ele>133.22999999999999</ele>
 <time>2020-07-22T13:10:56Z</time>
 </trkpt>
 <trkpt lat="61.995832594111562" lon="-6.666399752721191">
 <ele>129.16</ele>
 <time>2020-07-22T13:11:18Z</time>
 </trkpt>
 <trkpt lat="61.995902415364981" lon="-6.666371170431376">
 <ele>125.20999999999999</ele>
 <time>2020-07-22T13:11:50Z</time>
 </trkpt>
 <trkpt lat="61.99598640203476" lon="-6.666344180703163">
 <ele>122.12</ele>
 <time>2020-07-22T13:12:18Z</time>
 </trkpt>
 <trkpt lat="61.9960792735219" lon="-6.666287770494819">
 <ele>119.73</ele>
 <time>2020-07-22T13:12:34Z</time>
 </trkpt>
 <trkpt lat="61.996132163330913" lon="-6.666164053604007">
 <ele>116.25</ele>
 <time>2020-07-22T13:12:49Z</time>
 </trkpt>
 <trkpt lat="61.996222184970975" lon="-6.66613002307713">
 <ele>111.91</ele>
 <time>2020-07-22T13:13:10Z</time>
 </trkpt>
 <trkpt lat="61.996300220489502" lon="-6.666053328663111">
 <ele>109.42</ele>
 <time>2020-07-22T13:13:26Z</time>
 </trkpt>
 <trkpt lat="61.996367527171969" lon="-6.665979400277138">
 <ele>106.06999999999999</ele>
 <time>2020-07-22T13:13:40Z</time>
 </trkpt>
 <trkpt lat="61.996441790834069" lon="-6.66588225401938">
 <ele>102.95999999999999</ele>
 <time>2020-07-22T13:13:58Z</time>
 </trkpt>
 <trkpt lat="61.996510606259108" lon="-6.665758537128568">
 <ele>100.95</ele>
 <time>2020-07-22T13:14:15Z</time>
 </trkpt>
 <trkpt lat="61.996586211025715" lon="-6.665646638721228">
 <ele>99.209999999999994</ele>
 <time>2020-07-22T13:14:25Z</time>
 </trkpt>
 <trkpt lat="61.996668605133891" lon="-6.665671784430742">
 <ele>97.099999999999994</ele>
 <time>2020-07-22T13:16:00Z</time>
 </trkpt>
 <trkpt lat="61.996748317033052" lon="-6.66577186435461">
 <ele>94.870000000000005</ele>
 <time>2020-07-22T13:16:13Z</time>
 </trkpt>
 <trkpt lat="61.996853090822697" lon="-6.665744204074144">
 <ele>93.060000000000002</ele>
 <time>2020-07-22T13:16:23Z</time>
 </trkpt>
 <trkpt lat="61.996957026422024" lon="-6.665691481903195">
 <ele>91.670000000000002</ele>
 <time>2020-07-22T13:16:31Z</time>
 </trkpt>
 <trkpt lat="61.997052412480116" lon="-6.665693996474147">
 <ele>89.969999999999999</ele>
 <time>2020-07-22T13:16:41Z</time>
 </trkpt>
 <trkpt lat="61.997133465483785" lon="-6.665795752778649">
 <ele>89.400000000000006</ele>
 <time>2020-07-22T13:16:50Z</time>
 </trkpt>
 <trkpt lat="61.997220553457737" lon="-6.665776139125228">
 <ele>87.609999999999999</ele>
 <time>2020-07-22T13:17:01Z</time>
 </trkpt>
 <trkpt lat="61.997306887060404" lon="-6.665718471631408">
 <ele>84.819999999999993</ele>
 <time>2020-07-22T13:17:15Z</time>
 </trkpt>
 <trkpt lat="61.997378384694457" lon="-6.665613949298859">
 <ele>83.180000000000007</ele>
 <time>2020-07-22T13:17:27Z</time>
 </trkpt>
 <trkpt lat="61.997456671670079" lon="-6.665546474978328">
 <ele>79.680000000000007</ele>
 <time>2020-07-22T13:17:44Z</time>
 </trkpt>
 <trkpt lat="61.997543759644032" lon="-6.665463577955961">
 <ele>77.980000000000004</ele>
 <time>2020-07-22T13:17:53Z</time>
 </trkpt>
 <trkpt lat="61.997629255056381" lon="-6.665451927110553">
 <ele>76.310000000000002</ele>
 <time>2020-07-22T13:18:02Z</time>
 </trkpt>
 <trkpt lat="61.997713325545192" lon="-6.665405156090856">
 <ele>74.599999999999994</ele>
 <time>2020-07-22T13:18:11Z</time>
 </trkpt>
 <trkpt lat="61.997803933918476" lon="-6.665457794442773">
 <ele>72.980000000000004</ele>
 <time>2020-07-22T13:18:21Z</time>
 </trkpt>
 <trkpt lat="61.997895883396268" lon="-6.665480341762304">
 <ele>71.719999999999999</ele>
 <time>2020-07-22T13:18:31Z</time>
 </trkpt>
 <trkpt lat="61.997987665235996" lon="-6.665480425581336">
 <ele>69.670000000000002</ele>
 <time>2020-07-22T13:18:40Z</time>
 </trkpt>
 <trkpt lat="61.99807140044868" lon="-6.66543859988451">
 <ele>68.329999999999998</ele>
 <time>2020-07-22T13:18:48Z</time>
 </trkpt>
 <trkpt lat="61.998152118176222" lon="-6.665374226868153">
 <ele>67.090000000000003</ele>
 <time>2020-07-22T13:19:00Z</time>
 </trkpt>
 <trkpt lat="61.99823216535151" lon="-6.665331311523914">
 <ele>65.469999999999999</ele>
 <time>2020-07-22T13:19:11Z</time>
 </trkpt>
 <trkpt lat="61.998299136757851" lon="-6.665448322892189">
 <ele>63.909999999999997</ele>
 <time>2020-07-22T13:19:20Z</time>
 </trkpt>
 <trkpt lat="61.998398546129465" lon="-6.665530800819397">
 <ele>63.799999999999997</ele>
 <time>2020-07-22T13:19:41Z</time>
 </trkpt>
 <trkpt lat="61.998473983258009" lon="-6.665593245998025">
 <ele>62.07</ele>
 <time>2020-07-22T13:19:50Z</time>
 </trkpt>
 <trkpt lat="61.998561909422278" lon="-6.665663234889507">
 <ele>60.840000000000003</ele>
 <time>2020-07-22T13:19:58Z</time>
 </trkpt>
 <trkpt lat="61.998622929677367" lon="-6.665729284286499">
 <ele>60.090000000000003</ele>
 <time>2020-07-22T13:20:07Z</time>
 </trkpt>
 <trkpt lat="61.998703731223941" lon="-6.665799021720886">
 <ele>59.350000000000001</ele>
 <time>2020-07-22T13:20:15Z</time>
 </trkpt>
 <trkpt lat="61.998777408152819" lon="-6.665766416117549">
 <ele>59.049999999999997</ele>
 <time>2020-07-22T13:20:26Z</time>
 </trkpt>
 <trkpt lat="61.99889425188303" lon="-6.665704809129238">
 <ele>58.380000000000003</ele>
 <time>2020-07-22T13:20:35Z</time>
 </trkpt>
 <trkpt lat="61.998993074521422" lon="-6.665734481066465">
 <ele>58.079999999999998</ele>
 <time>2020-07-22T13:20:48Z</time>
 </trkpt>
 <trkpt lat="61.999127771705389" lon="-6.665775217115879">
 <ele>58.170000000000002</ele>
 <time>2020-07-22T13:20:57Z</time>
 </trkpt>
 <trkpt lat="61.999240927398205" lon="-6.665815869346261">
 <ele>57.350000000000001</ele>
 <time>2020-07-22T13:21:05Z</time>
 </trkpt>
 <trkpt lat="61.999345114454627" lon="-6.665827268734574">
 <ele>56.850000000000001</ele>
 <time>2020-07-22T13:21:14Z</time>
 </trkpt>
 <trkpt lat="61.999438488855958" lon="-6.665845960378647">
 <ele>55.100000000000001</ele>
 <time>2020-07-22T13:21:26Z</time>
 </trkpt>
 <trkpt lat="61.999432956799865" lon="-6.666043270379305">
 <ele>53.810000000000002</ele>
 <time>2020-07-22T13:21:41Z</time>
 </trkpt>
 <trkpt lat="61.999450726434588" lon="-6.666237059980631">
 <ele>53.329999999999998</ele>
 <time>2020-07-22T13:21:48Z</time>
 </trkpt>
 <trkpt lat="61.99947570450604" lon="-6.666397992521524">
 <ele>52.909999999999997</ele>
 <time>2020-07-22T13:21:55Z</time>
 </trkpt>
 <trkpt lat="61.999534880742431" lon="-6.666489606723189">
 <ele>52.130000000000003</ele>
 <time>2020-07-22T13:22:02Z</time>
 </trkpt>
 <trkpt lat="61.999592212960124" lon="-6.666668895632029">
 <ele>51.25</ele>
 <time>2020-07-22T13:22:09Z</time>
 </trkpt>
 <trkpt lat="61.999663291499019" lon="-6.66676864027977">
 <ele>50.979999999999997</ele>
 <time>2020-07-22T13:22:17Z</time>
 </trkpt>
 <trkpt lat="61.999750882387161" lon="-6.66685120202601">
 <ele>50.990000000000002</ele>
 <time>2020-07-22T13:22:24Z</time>
 </trkpt>
 <trkpt lat="61.999838389456272" lon="-6.666935859248042">
 <ele>51.170000000000002</ele>
 <time>2020-07-22T13:22:31Z</time>
 </trkpt>
 <trkpt lat="61.999926818534732" lon="-6.667021354660392">
 <ele>51.039999999999999</ele>
 <time>2020-07-22T13:22:38Z</time>
 </trkpt>
 <trkpt lat="62.000013906508684" lon="-6.667109532281756">
 <ele>50.869999999999997</ele>
 <time>2020-07-22T13:22:45Z</time>
 </trkpt>
 <trkpt lat="62.000103760510683" lon="-6.66718790307641">
 <ele>50.210000000000001</ele>
 <time>2020-07-22T13:22:52Z</time>
 </trkpt>
 <trkpt lat="62.00019596144557" lon="-6.667267447337508">
 <ele>50.100000000000001</ele>
 <time>2020-07-22T13:23:00Z</time>
 </trkpt>
 <trkpt lat="62.000281373038888" lon="-6.667348248884082">
 <ele>49.990000000000002</ele>
 <time>2020-07-22T13:23:07Z</time>
 </trkpt>
 <trkpt lat="62.000368293374777" lon="-6.66742192581296">
 <ele>49.310000000000002</ele>
 <time>2020-07-22T13:23:15Z</time>
 </trkpt>
 <trkpt lat="62.000457812100649" lon="-6.667489651590586">
 <ele>48.200000000000003</ele>
 <time>2020-07-22T13:23:23Z</time>
 </trkpt>
 <trkpt lat="62.000560238957405" lon="-6.6675597243011">
 <ele>47.759999999999998</ele>
 <time>2020-07-22T13:23:32Z</time>
 </trkpt>
 <trkpt lat="62.000651936978102" lon="-6.667643962427974">
 <ele>47.520000000000003</ele>
 <time>2020-07-22T13:23:39Z</time>
 </trkpt>
 <trkpt lat="62.000739695504308" lon="-6.667711939662695">
 <ele>48.520000000000003</ele>
 <time>2020-07-22T13:23:47Z</time>
 </trkpt>
 <trkpt lat="62.000827118754387" lon="-6.667798524722457">
 <ele>47.899999999999999</ele>
 <time>2020-07-22T13:23:55Z</time>
 </trkpt>
 <trkpt lat="62.000913200899959" lon="-6.667869770899415">
 <ele>46.759999999999998</ele>
 <time>2020-07-22T13:24:03Z</time>
 </trkpt>
 <trkpt lat="62.00101001188159" lon="-6.667931796982884">
 <ele>45.340000000000003</ele>
 <time>2020-07-22T13:24:12Z</time>
 </trkpt>
 <trkpt lat="62.001100452616811" lon="-6.668002037331462">
 <ele>44.799999999999997</ele>
 <time>2020-07-22T13:24:20Z</time>
 </trkpt>
 <trkpt lat="62.001190893352032" lon="-6.668079318478704">
 <ele>43.899999999999999</ele>
 <time>2020-07-22T13:24:29Z</time>
 </trkpt>
 <trkpt lat="62.001276556402445" lon="-6.668159449473023">
 <ele>42.259999999999998</ele>
 <time>2020-07-22T13:24:38Z</time>
 </trkpt>
 <trkpt lat="62.00135936960578" lon="-6.668248130008578">
 <ele>41.630000000000003</ele>
 <time>2020-07-22T13:24:45Z</time>
 </trkpt>
 <trkpt lat="62.001435058191419" lon="-6.668328177183867">
 <ele>41.43</ele>
 <time>2020-07-22T13:24:52Z</time>
 </trkpt>
 <trkpt lat="62.001524576917291" lon="-6.668400429189205">
 <ele>40.630000000000003</ele>
 <time>2020-07-22T13:25:01Z</time>
 </trkpt>
 <trkpt lat="62.001617113128304" lon="-6.668477291241288">
 <ele>39.520000000000003</ele>
 <time>2020-07-22T13:25:12Z</time>
 </trkpt>
 <trkpt lat="62.001712750643492" lon="-6.668545939028263">
 <ele>38.539999999999999</ele>
 <time>2020-07-22T13:25:25Z</time>
 </trkpt>
 <trkpt lat="62.001778380945325" lon="-6.668630512431264">
 <ele>38.25</ele>
 <time>2020-07-22T13:26:11Z</time>
 </trkpt>
 <trkpt lat="62.001877371221781" lon="-6.668653227388859">
 <ele>36.439999999999998</ele>
 <time>2020-07-22T13:26:23Z</time>
 </trkpt>
 <trkpt lat="62.001968314871192" lon="-6.668667225167155">
 <ele>34.789999999999999</ele>
 <time>2020-07-22T13:26:35Z</time>
 </trkpt>
 <trkpt lat="62.002058839425445" lon="-6.668678624555469">
 <ele>32.520000000000003</ele>
 <time>2020-07-22T13:26:47Z</time>
 </trkpt>
 <trkpt lat="62.002155566588044" lon="-6.668698405846953">
 <ele>31.350000000000001</ele>
 <time>2020-07-22T13:26:56Z</time>
 </trkpt>
 <trkpt lat="62.002250533550978" lon="-6.66872606612742">
 <ele>31</ele>
 <time>2020-07-22T13:27:05Z</time>
 </trkpt>
 <trkpt lat="62.002343740314245" lon="-6.668761605396867">
 <ele>30.16</ele>
 <time>2020-07-22T13:27:13Z</time>
 </trkpt>
 <trkpt lat="62.002431079745293" lon="-6.66877007111907">
 <ele>28.530000000000001</ele>
 <time>2020-07-22T13:27:22Z</time>
 </trkpt>
 <trkpt lat="62.002524537965655" lon="-6.66879303753376">
 <ele>26.719999999999999</ele>
 <time>2020-07-22T13:27:33Z</time>
 </trkpt>
 <trkpt lat="62.002614559605718" lon="-6.668845508247614">
 <ele>25.280000000000001</ele>
 <time>2020-07-22T13:27:41Z</time>
 </trkpt>
 <trkpt lat="62.00268991291523" lon="-6.668895883485675">
 <ele>25.710000000000001</ele>
 <time>2020-07-22T13:28:21Z</time>
 </trkpt>
 <trkpt lat="62.00276417657733" lon="-6.668791444972158">
 <ele>25.48</ele>
 <time>2020-07-22T13:28:41Z</time>
 </trkpt>
 <trkpt lat="62.002848917618394" lon="-6.668732352554798">
 <ele>25.239999999999998</ele>
 <time>2020-07-22T13:28:48Z</time>
 </trkpt>
 <trkpt lat="62.002950590103865" lon="-6.668704021722078">
 <ele>24.98</ele>
 <time>2020-07-22T13:28:56Z</time>
 </trkpt>
 <trkpt lat="62.003049664199352" lon="-6.668679798021913">
 <ele>25.34</ele>
 <time>2020-07-22T13:29:04Z</time>
 </trkpt>
 <trkpt lat="62.003080928698182" lon="-6.66872606612742">
 <ele>24.960000000000001</ele>
 <time>2020-07-22T13:29:54Z</time>
 </trkpt>
 <trkpt lat="62.003172794356942" lon="-6.668662782758474">
 <ele>25.199999999999999</ele>
 <time>2020-07-22T13:30:06Z</time>
 </trkpt>
 <trkpt lat="62.003271114081144" lon="-6.668692789971829">
 <ele>24.859999999999999</ele>
 <time>2020-07-22T13:30:14Z</time>
 </trkpt>
 <trkpt lat="62.003367338329554" lon="-6.66870703920722">
 <ele>23.5</ele>
 <time>2020-07-22T13:30:24Z</time>
 </trkpt>
 <trkpt lat="62.003462053835392" lon="-6.668784823268652">
 <ele>21.949999999999999</ele>
 <time>2020-07-22T13:30:42Z</time>
 </trkpt>
 <trkpt lat="62.003552997484803" lon="-6.668865373358131">
 <ele>21.350000000000001</ele>
 <time>2020-07-22T13:30:49Z</time>
 </trkpt>
 <trkpt lat="62.003648383542895" lon="-6.668951287865639">
 <ele>20.43</ele>
 <time>2020-07-22T13:30:57Z</time>
 </trkpt>
 <trkpt lat="62.003744440153241" lon="-6.669019851833582">
 <ele>19.789999999999999</ele>
 <time>2020-07-22T13:31:04Z</time>
 </trkpt>
 <trkpt lat="62.003831611946225" lon="-6.669087577611208">
 <ele>19.440000000000001</ele>
 <time>2020-07-22T13:31:11Z</time>
 </trkpt>
 <trkpt lat="62.003921465948224" lon="-6.66916636750102">
 <ele>19.030000000000001</ele>
 <time>2020-07-22T13:31:20Z</time>
 </trkpt>
 <trkpt lat="62.004009392112494" lon="-6.669236524030566">
 <ele>18.199999999999999</ele>
 <time>2020-07-22T13:31:28Z</time>
 </trkpt>
 <trkpt lat="62.004079548642039" lon="-6.669271308928728">
 <ele>18.149999999999999</ele>
 <time>2020-07-22T13:34:11Z</time>
 </trkpt>
 <trkpt lat="62.004177030175924" lon="-6.669351691380143">
 <ele>17.739999999999998</ele>
 <time>2020-07-22T13:34:19Z</time>
 </trkpt>
 <trkpt lat="62.004280546680093" lon="-6.669410197064281">
 <ele>17.93</ele>
 <time>2020-07-22T13:34:26Z</time>
 </trkpt>
 <trkpt lat="62.004376268014312" lon="-6.669464847072959">
 <ele>17.440000000000001</ele>
 <time>2020-07-22T13:34:32Z</time>
 </trkpt>
 <trkpt lat="62.004471905529499" lon="-6.669534835964441">
 <ele>17.199999999999999</ele>
 <time>2020-07-22T13:34:38Z</time>
 </trkpt>
 <trkpt lat="62.00455941259861" lon="-6.669620163738728">
 <ele>16.649999999999999</ele>
 <time>2020-07-22T13:34:44Z</time>
 </trkpt>
 <trkpt lat="62.004652284085751" lon="-6.669695097953081">
 <ele>16.170000000000002</ele>
 <time>2020-07-22T13:34:51Z</time>
 </trkpt>
 <trkpt lat="62.004740796983242" lon="-6.669778916984797">
 <ele>16.190000000000001</ele>
 <time>2020-07-22T13:34:58Z</time>
 </trkpt>
 <trkpt lat="62.004835596308112" lon="-6.669855862855911">
 <ele>15.699999999999999</ele>
 <time>2020-07-22T13:35:05Z</time>
 </trkpt>
 <trkpt lat="62.004922600463033" lon="-6.669952338561416">
 <ele>15.07</ele>
 <time>2020-07-22T13:35:12Z</time>
 </trkpt>
 <trkpt lat="62.00500993989408" lon="-6.670046886429191">
 <ele>14.539999999999999</ele>
 <time>2020-07-22T13:35:19Z</time>
 </trkpt>
 <trkpt lat="62.00509057380259" lon="-6.670148056000471">
 <ele>14.119999999999999</ele>
 <time>2020-07-22T13:35:26Z</time>
 </trkpt>
 <trkpt lat="62.005178583785892" lon="-6.670256517827511">
 <ele>13.49</ele>
 <time>2020-07-22T13:35:33Z</time>
 </trkpt>
 <trkpt lat="62.005264749750495" lon="-6.670351484790444">
 <ele>12.34</ele>
 <time>2020-07-22T13:35:40Z</time>
 </trkpt>
 <trkpt lat="62.005360051989555" lon="-6.670437986031175">
 <ele>11.68</ele>
 <time>2020-07-22T13:35:47Z</time>
 </trkpt>
 <trkpt lat="62.005439512431622" lon="-6.670534377917647">
 <ele>11.23</ele>
 <time>2020-07-22T13:35:54Z</time>
 </trkpt>
 <trkpt lat="62.005537329241633" lon="-6.670604282990098">
 <ele>10.69</ele>
 <time>2020-07-22T13:36:01Z</time>
 </trkpt>
 <trkpt lat="62.005633302032948" lon="-6.67069279588759">
 <ele>9.470000000000001</ele>
 <time>2020-07-22T13:36:08Z</time>
 </trkpt>
 <trkpt lat="62.00571988709271" lon="-6.67078910395503">
 <ele>8.550000000000001</ele>
 <time>2020-07-22T13:36:15Z</time>
 </trkpt>
 <trkpt lat="62.00581225566566" lon="-6.670875269919634">
 <ele>7.42</ele>
 <time>2020-07-22T13:36:22Z</time>
 </trkpt>
 <trkpt lat="62.005906132981181" lon="-6.670921202749014">
 <ele>6.88</ele>
 <time>2020-07-22T13:36:28Z</time>
 </trkpt>
 <trkpt lat="62.005994142964482" lon="-6.670971410349011">
 <ele>7.09</ele>
 <time>2020-07-22T13:36:35Z</time>
 </trkpt>
 <trkpt lat="62.006083158776164" lon="-6.671038046479225">
 <ele>6.63</ele>
 <time>2020-07-22T13:36:42Z</time>
 </trkpt>
 <trkpt lat="62.006189189851284" lon="-6.671075345948339">
 <ele>6.14</ele>
 <time>2020-07-22T13:36:49Z</time>
 </trkpt>
 <trkpt lat="62.006281055510044" lon="-6.671052798628807">
 <ele>6.25</ele>
 <time>2020-07-22T13:36:56Z</time>
 </trkpt>
 <trkpt lat="62.006356241181493" lon="-6.670937296003103">
 <ele>5.71</ele>
 <time>2020-07-22T13:37:03Z</time>
 </trkpt>
 <trkpt lat="62.006452297791839" lon="-6.670831767842174">
 <ele>5.66</ele>
 <time>2020-07-22T13:37:11Z</time>
 </trkpt>
 <trkpt lat="62.006546258926392" lon="-6.670725317671895">
 <ele>5.79</ele>
 <time>2020-07-22T13:37:19Z</time>
 </trkpt>
 <trkpt lat="62.006645919755101" lon="-6.670633284375072">
 <ele>5.67</ele>
 <time>2020-07-22T13:37:26Z</time>
 </trkpt>
 <trkpt lat="62.006744910031557" lon="-6.670548040419817">
 <ele>5.7</ele>
 <time>2020-07-22T13:37:33Z</time>
 </trkpt>
 <trkpt lat="62.006843145936728" lon="-6.67049297131598">
 <ele>5.34</ele>
 <time>2020-07-22T13:37:40Z</time>
 </trkpt>
 <trkpt lat="62.006947584450245" lon="-6.670474112033844">
 <ele>5.34</ele>
 <time>2020-07-22T13:37:47Z</time>
 </trkpt>
 <trkpt lat="62.007039282470942" lon="-6.670460114255548">
 <ele>5.2</ele>
 <time>2020-07-22T13:37:54Z</time>
 </trkpt>
 <trkpt lat="62.007137015461922" lon="-6.67046656832099">
 <ele>4.32</ele>
 <time>2020-07-22T13:38:02Z</time>
 </trkpt>
 <trkpt lat="62.00724296271801" lon="-6.670486936345696">
 <ele>3.2</ele>
 <time>2020-07-22T13:38:10Z</time>
 </trkpt>
 <trkpt lat="62.007338684052229" lon="-6.6704954020679">
 <ele>1.9</ele>
 <time>2020-07-22T13:38:18Z</time>
 </trkpt>
 <trkpt lat="62.007431136444211" lon="-6.670536389574409">
 <ele>0</ele>
 <time>2020-07-22T13:38:26Z</time>
 </trkpt>
 <trkpt lat="62.007530461996794" lon="-6.670600092038512">
 <ele>-0.57</ele>
 <time>2020-07-22T13:38:33Z</time>
 </trkpt>
 <trkpt lat="62.00762702152133" lon="-6.670698998495936">
 <ele>-1.15</ele>
 <time>2020-07-22T13:38:40Z</time>
 </trkpt>
 <trkpt lat="62.007726514711976" lon="-6.670801173895598">
 <ele>-2.11</ele>
 <time>2020-07-22T13:38:47Z</time>
 </trkpt>
 <trkpt lat="62.00781318359077" lon="-6.670901086181402">
 <ele>-2.61</ele>
 <time>2020-07-22T13:38:54Z</time>
 </trkpt>
 <trkpt lat="62.007903540506959" lon="-6.671013236045837">
 <ele>-2.99</ele>
 <time>2020-07-22T13:39:02Z</time>
 </trkpt>
 <trkpt lat="62.0079773850739" lon="-6.671138377860189">
 <ele>-3.42</ele>
 <time>2020-07-22T13:39:09Z</time>
 </trkpt>
 <trkpt lat="62.008042931556702" lon="-6.671283636242151">
 <ele>-3.25</ele>
 <time>2020-07-22T13:39:17Z</time>
 </trkpt>
 <trkpt lat="62.008123816922307" lon="-6.671457728371024">
 <ele>-2.98</ele>
 <time>2020-07-22T13:39:25Z</time>
 </trkpt>
 <trkpt lat="62.0082001760602" lon="-6.671601561829448">
 <ele>-3.25</ele>
 <time>2020-07-22T13:39:31Z</time>
 </trkpt>
 <trkpt lat="62.008280558511615" lon="-6.671736342832446">
 <ele>-2.54</ele>
 <time>2020-07-22T13:39:39Z</time>
 </trkpt>
 <trkpt lat="62.008356666192412" lon="-6.67184941470623">
 <ele>-2.68</ele>
 <time>2020-07-22T13:39:46Z</time>
 </trkpt>
 <trkpt lat="62.008442580699921" lon="-6.671987716108561">
 <ele>-2.54</ele>
 <time>2020-07-22T13:39:53Z</time>
 </trkpt>
 <trkpt lat="62.008527154102921" lon="-6.672117551788688">
 <ele>-2.56</ele>
 <time>2020-07-22T13:40:00Z</time>
 </trkpt>
 <trkpt lat="62.008591778576374" lon="-6.6722671687603">
 <ele>-2.66</ele>
 <time>2020-07-22T13:40:07Z</time>
 </trkpt>
 <trkpt lat="62.008649026975036" lon="-6.672450648620725">
 <ele>-2.49</ele>
 <time>2020-07-22T13:40:15Z</time>
 </trkpt>
 <trkpt lat="62.008703593164682" lon="-6.672636643052101">
 <ele>-2.64</ele>
 <time>2020-07-22T13:40:23Z</time>
 </trkpt>
 <trkpt lat="62.008758578449488" lon="-6.672788858413696">
 <ele>-2.16</ele>
 <time>2020-07-22T13:40:30Z</time>
 </trkpt>
 <trkpt lat="62.008818928152323" lon="-6.67297912761569">
 <ele>-2.78</ele>
 <time>2020-07-22T13:40:38Z</time>
 </trkpt>
 <trkpt lat="62.008894616737962" lon="-6.673180041834712">
 <ele>-2.03</ele>
 <time>2020-07-22T13:40:48Z</time>
 </trkpt>
 <trkpt lat="62.008929150179029" lon="-6.673370646312833">
 <ele>-2.09</ele>
 <time>2020-07-22T13:40:55Z</time>
 </trkpt>
 <trkpt lat="62.008974999189377" lon="-6.673569297417998">
 <ele>-1.63</ele>
 <time>2020-07-22T13:41:03Z</time>
 </trkpt>
 <trkpt lat="62.008981285616755" lon="-6.673779180273414">
 <ele>-2.28</ele>
 <time>2020-07-22T13:41:11Z</time>
 </trkpt>
 <trkpt lat="62.009007018059492" lon="-6.673941453918815">
 <ele>-2.65</ele>
 <time>2020-07-22T13:42:05Z</time>
 </trkpt>
 <trkpt lat="62.008954212069511" lon="-6.674131471663714">
 <ele>-2.8</ele>
 <time>2020-07-22T13:42:13Z</time>
 </trkpt>
 <trkpt lat="62.008908111602068" lon="-6.674338420853019">
 <ele>-2.52</ele>
 <time>2020-07-22T13:42:21Z</time>
 </trkpt>
 <trkpt lat="62.008846001699567" lon="-6.674541346728802">
 <ele>-2.21</ele>
 <time>2020-07-22T13:42:31Z</time>
 </trkpt>
 <trkpt lat="62.008793195709586" lon="-6.674770843237639">
 <ele>-1.65</ele>
 <time>2020-07-22T13:42:40Z</time>
 </trkpt>
 <trkpt lat="62.008750448003411" lon="-6.674980893731117">
 <ele>-1.01</ele>
 <time>2020-07-22T13:42:50Z</time>
 </trkpt>
 <trkpt lat="62.008708706125617" lon="-6.675171749666333">
 <ele>-1.38</ele>
 <time>2020-07-22T13:42:57Z</time>
 </trkpt>
 <trkpt lat="62.008675429970026" lon="-6.675388924777508">
 <ele>-1.15</ele>
 <time>2020-07-22T13:43:05Z</time>
 </trkpt>
 <trkpt lat="62.008620444685221" lon="-6.675608195364475">
 <ele>-1.38</ele>
 <time>2020-07-22T13:43:14Z</time>
 </trkpt>
 <trkpt lat="62.008587336167693" lon="-6.675913548097014">
 <ele>-1.66</ele>
 <time>2020-07-22T13:43:25Z</time>
 </trkpt>
 <trkpt lat="62.008675513789058" lon="-6.675888486206532">
 <ele>-1.45</ele>
 <time>2020-07-22T13:44:28Z</time>
 </trkpt>
 <trkpt lat="62.00877333059907" lon="-6.675908351317048">
 <ele>-0.67</ele>
 <time>2020-07-22T13:44:36Z</time>
 </trkpt>
 <trkpt lat="62.008869471028447" lon="-6.675924025475979">
 <ele>-0.05</ele>
 <time>2020-07-22T13:44:43Z</time>
 </trkpt>
 <trkpt lat="62.008961252868176" lon="-6.675968114286661">
 <ele>1.06</ele>
 <time>2020-07-22T13:44:50Z</time>
 </trkpt>
 <trkpt lat="62.009039204567671" lon="-6.675904076546431">
 <ele>1.93</ele>
 <time>2020-07-22T13:45:00Z</time>
 </trkpt>
 <trkpt lat="62.009077174589038" lon="-6.675702575594187">
 <ele>1.68</ele>
 <time>2020-07-22T13:45:09Z</time>
 </trkpt>
 <trkpt lat="62.00910609215498" lon="-6.675500823184848">
 <ele>2.56</ele>
 <time>2020-07-22T13:45:16Z</time>
 </trkpt>
 <trkpt lat="62.009139033034444" lon="-6.675277780741453">
 <ele>2.33</ele>
 <time>2020-07-22T13:45:25Z</time>
 </trkpt>
 <trkpt lat="62.009166022762656" lon="-6.675060773268342">
 <ele>1.83</ele>
 <time>2020-07-22T13:45:32Z</time>
 </trkpt>
 <trkpt lat="62.009172979742289" lon="-6.674842843785882">
 <ele>1.24</ele>
 <time>2020-07-22T13:45:44Z</time>
 </trkpt>
 <trkpt lat="62.009189575910568" lon="-6.674632877111435">
 <ele>0.08</ele>
 <time>2020-07-22T13:45:53Z</time>
 </trkpt>
 <trkpt lat="62.009201813489199" lon="-6.674415366724134">
 <ele>-0.17</ele>
 <time>2020-07-22T13:46:01Z</time>
 </trkpt>
 <trkpt lat="62.009235257282853" lon="-6.674186959862709">
 <ele>0.14</ele>
 <time>2020-07-22T13:46:30Z</time>
 </trkpt>
 <trkpt lat="62.009182283654809" lon="-6.674001552164555">
 <ele>-0.15</ele>
 <time>2020-07-22T13:46:37Z</time>
 </trkpt>
 <trkpt lat="62.009130483493209" lon="-6.673806756734848">
 <ele>-1.15</ele>
 <time>2020-07-22T13:46:44Z</time>
 </trkpt>
 <trkpt lat="62.009085221216083" lon="-6.673620343208313">
 <ele>-2.09</ele>
 <time>2020-07-22T13:46:51Z</time>
 </trkpt>
 <trkpt lat="62.009036857634783" lon="-6.673433091491461">
 <ele>-1.33</ele>
 <time>2020-07-22T13:46:58Z</time>
 </trkpt>
 <trkpt lat="62.008989080786705" lon="-6.673229075968266">
 <ele>-1.4</ele>
 <time>2020-07-22T13:47:05Z</time>
 </trkpt>
 <trkpt lat="62.008929569274187" lon="-6.673033023253083">
 <ele>-1.65</ele>
 <time>2020-07-22T13:47:12Z</time>
 </trkpt>
 <trkpt lat="62.008874416351318" lon="-6.672852979972959">
 <ele>-1.9</ele>
 <time>2020-07-22T13:47:20Z</time>
 </trkpt>
 <trkpt lat="62.008829154074192" lon="-6.67266103439033">
 <ele>-1.98</ele>
 <time>2020-07-22T13:47:27Z</time>
 </trkpt>
 <trkpt lat="62.008786993101239" lon="-6.672506639733911">
 <ele>-1.88</ele>
 <time>2020-07-22T13:47:35Z</time>
 </trkpt>
 <trkpt lat="62.008732510730624" lon="-6.67248903773725">
 <ele>-1.86</ele>
 <time>2020-07-22T13:49:10Z</time>
 </trkpt>
 <trkpt lat="62.008654307574034" lon="-6.672324668616056">
 <ele>-1.8</ele>
 <time>2020-07-22T13:49:17Z</time>
 </trkpt>
 <trkpt lat="62.008589934557676" lon="-6.672169268131256">
 <ele>-2.05</ele>
 <time>2020-07-22T13:49:23Z</time>
 </trkpt>
 <trkpt lat="62.008529668673873" lon="-6.672030547633767">
 <ele>-2.14</ele>
 <time>2020-07-22T13:49:29Z</time>
 </trkpt>
 <trkpt lat="62.008459595963359" lon="-6.671894593164325">
 <ele>-1.89</ele>
 <time>2020-07-22T13:49:36Z</time>
 </trkpt>
 <trkpt lat="62.008382901549339" lon="-6.671774229034782">
 <ele>-2.08</ele>
 <time>2020-07-22T13:49:43Z</time>
 </trkpt>
 <trkpt lat="62.00829841196537" lon="-6.671667695045471">
 <ele>-2.28</ele>
 <time>2020-07-22T13:49:50Z</time>
 </trkpt>
 <trkpt lat="62.008216939866543" lon="-6.671542720869184">
 <ele>-2.21</ele>
 <time>2020-07-22T13:49:57Z</time>
 </trkpt>
 <trkpt lat="62.008130103349686" lon="-6.671389080584049">
 <ele>-2.58</ele>
 <time>2020-07-22T13:50:04Z</time>
 </trkpt>
 <trkpt lat="62.008038405328989" lon="-6.671238206326962">
 <ele>-2.62</ele>
 <time>2020-07-22T13:50:11Z</time>
 </trkpt>
 <trkpt lat="62.007959699258208" lon="-6.671088505536318">
 <ele>-2.54</ele>
 <time>2020-07-22T13:50:18Z</time>
 </trkpt>
 <trkpt lat="62.007853332906961" lon="-6.671030335128307">
 <ele>-2.93</ele>
 <time>2020-07-22T13:50:25Z</time>
 </trkpt>
 <trkpt lat="62.007756270468235" lon="-6.671057157218456">
 <ele>-3.74</ele>
 <time>2020-07-22T13:50:31Z</time>
 </trkpt>
 <trkpt lat="62.007655939087272" lon="-6.671031257137656">
 <ele>-4.02</ele>
 <time>2020-07-22T13:50:38Z</time>
 </trkpt>
 <trkpt lat="62.007557703182101" lon="-6.670979289337993">
 <ele>-3.71</ele>
 <time>2020-07-22T13:50:46Z</time>
 </trkpt>
 <trkpt lat="62.007468016818166" lon="-6.671048440039158">
 <ele>-3.78</ele>
 <time>2020-07-22T13:50:55Z</time>
 </trkpt>
 <trkpt lat="62.007371792569757" lon="-6.67111499235034">
 <ele>-3.02</ele>
 <time>2020-07-22T13:51:02Z</time>
 </trkpt>
 <trkpt lat="62.007274897769094" lon="-6.671166876330972">
 <ele>-3.13</ele>
 <time>2020-07-22T13:51:09Z</time>
 </trkpt>
 <trkpt lat="62.007169872522354" lon="-6.671170899644494">
 <ele>-2.62</ele>
 <time>2020-07-22T13:51:16Z</time>
 </trkpt>
 <trkpt lat="62.007058309391141" lon="-6.671187998726964">
 <ele>-2.39</ele>
 <time>2020-07-22T13:51:23Z</time>
 </trkpt>
 <trkpt lat="62.006950601935387" lon="-6.671132594347">
 <ele>-2.46</ele>
 <time>2020-07-22T13:51:30Z</time>
 </trkpt>
 <trkpt lat="62.006748430430889" lon="-6.671153716742992">
 <ele>-3.21</ele>
 <time>2020-07-22T13:51:36Z</time>
 </trkpt>
 <trkpt lat="62.006653966382146" lon="-6.671273913234472">
 <ele>-3.38</ele>
 <time>2020-07-22T13:51:43Z</time>
 </trkpt>
 <trkpt lat="62.006645752117038" lon="-6.671449346467853">
 <ele>-2.13</ele>
 <time>2020-07-22T13:51:50Z</time>
 </trkpt>
 <trkpt lat="62.006653463467956" lon="-6.671783784404397">
 <ele>-3.09</ele>
 <time>2020-07-22T13:51:57Z</time>
 </trkpt>
 <trkpt lat="62.00666394084692" lon="-6.672118222340941">
 <ele>-2.84</ele>
 <time>2020-07-22T13:52:03Z</time>
 </trkpt>
 <trkpt lat="62.006615409627557" lon="-6.672096094116569">
 <ele>-2.2</ele>
 <time>2020-07-22T13:52:09Z</time>
 </trkpt>
 <trkpt lat="62.006321623921394" lon="-6.67213330976665">
 <ele>-2.24</ele>
 <time>2020-07-22T13:52:16Z</time>
 </trkpt>
 </trkseg>
 </trk>

</gpx>