<?xml version="1.0" encoding="utf-8"?> <gpx creator="Garmin Desktop App" version="1.1" xsi:schemaLocation="http://www.topografix.com/GPX/1/1 http://www.topografix.com/GPX/1/1/gpx.xsd http://www.garmin.com/xmlschemas/WaypointExtension/v1 http://www8.garmin.com/xmlschemas/WaypointExtensionv1.xsd http://www.garmin.com/xmlschemas/TrackPointExtension/v1 http://www.garmin.com/xmlschemas/TrackPointExtensionv1.xsd http://www.garmin.com/xmlschemas/GpxExtensions/v3 http://www8.garmin.com/xmlschemas/GpxExtensionsv3.xsd http://www.garmin.com/xmlschemas/ActivityExtension/v1 http://www8.garmin.com/xmlschemas/ActivityExtensionv1.xsd http://www.garmin.com/xmlschemas/AdventuresExtensions/v1 http://www8.garmin.com/xmlschemas/AdventuresExtensionv1.xsd http://www.garmin.com/xmlschemas/PressureExtension/v1 http://www.garmin.com/xmlschemas/PressureExtensionv1.xsd http://www.garmin.com/xmlschemas/TripExtensions/v1 http://www.garmin.com/xmlschemas/TripExtensionsv1.xsd http://www.garmin.com/xmlschemas/TripMetaDataExtensions/v1 http://www.garmin.com/xmlschemas/TripMetaDataExtensionsv1.xsd http://www.garmin.com/xmlschemas/ViaPointTransportationModeExtensions/v1 http://www.garmin.com/xmlschemas/ViaPointTransportationModeExtensionsv1.xsd http://www.garmin.com/xmlschemas/CreationTimeExtension/v1 http://www.garmin.com/xmlschemas/CreationTimeExtensionsv1.xsd http://www.garmin.com/xmlschemas/AccelerationExtension/v1 http://www.garmin.com/xmlschemas/AccelerationExtensionv1.xsd http://www.garmin.com/xmlschemas/PowerExtension/v1 http://www.garmin.com/xmlschemas/PowerExtensionv1.xsd http://www.garmin.com/xmlschemas/VideoExtension/v1 http://www.garmin.com/xmlschemas/VideoExtensionv1.xsd" xmlns="http://www.topografix.com/GPX/1/1" xmlns:xsi="http://www.w3.org/2001/XMLSchema-instance" xmlns:wptx1="http://www.garmin.com/xmlschemas/WaypointExtension/v1" xmlns:gpxtrx="http://www.garmin.com/xmlschemas/GpxExtensions/v3" xmlns:gpxtpx="http://www.garmin.com/xmlschemas/TrackPointExtension/v1" xmlns:gpxx="http://www.garmin.com/xmlschemas/GpxExtensions/v3" xmlns:trp="http://www.garmin.com/xmlschemas/TripExtensions/v1" xmlns:adv="http://www.garmin.com/xmlschemas/AdventuresExtensions/v1" xmlns:prs="http://www.garmin.com/xmlschemas/PressureExtension/v1" xmlns:tmd="http://www.garmin.com/xmlschemas/TripMetaDataExtensions/v1" xmlns:vptm="http://www.garmin.com/xmlschemas/ViaPointTransportationModeExtensions/v1" xmlns:ctx="http://www.garmin.com/xmlschemas/CreationTimeExtension/v1" xmlns:gpxacc="http://www.garmin.com/xmlschemas/AccelerationExtension/v1" xmlns:gpxpx="http://www.garmin.com/xmlschemas/PowerExtension/v1" xmlns:vidx1="http://www.garmin.com/xmlschemas/VideoExtension/v1">

 <metadata>
 <link href="http://www.garmin.com">
 <text>Garmin International</text>
 </link>
 <time>2021-01-27T13:52:35Z</time>
 <bounds maxlat="62.125584790483117" maxlon="-7.249216446653009" minlat="62.072521392256021" minlon="-7.440487453714013" />
 </metadata>

 <wpt lat="62.118125986307859" lon="-7.431732974946499">
 <ele>144.27398700000001</ele>
 <time>2020-07-30T09:25:36Z</time>
 <name>WP1 03_GF</name>
 <sym>Flag, Blue</sym>
 <type>user</type>
 <extensions>
 <gpxx:WaypointExtension>
 <gpxx:DisplayMode>SymbolAndName</gpxx:DisplayMode>
 </gpxx:WaypointExtension>
 <wptx1:WaypointExtension>
 <wptx1:DisplayMode>SymbolAndName</wptx1:DisplayMode>
 </wptx1:WaypointExtension>
 <ctx:CreationTimeExtension>
 <ctx:CreationTime>2020-07-30T09:25:36Z</ctx:CreationTime>
 </ctx:CreationTimeExtension>
 </extensions>
 </wpt>

 <wpt lat="62.122618015855551" lon="-7.401938997209072">
 <ele>512.29974400000003</ele>
 <time>2020-07-30T10:19:47Z</time>
 <name>WP2 08_GF</name>
 <sym>Flag, Blue</sym>
 <type>user</type>
 <extensions>
 <gpxx:WaypointExtension>
 <gpxx:DisplayMode>SymbolAndName</gpxx:DisplayMode>
 </gpxx:WaypointExtension>
 <wptx1:WaypointExtension>
 <wptx1:DisplayMode>SymbolAndName</wptx1:DisplayMode>
 </wptx1:WaypointExtension>
 <ctx:CreationTimeExtension>
 <ctx:CreationTime>2020-07-30T10:19:47Z</ctx:CreationTime>
 </ctx:CreationTimeExtension>
 </extensions>
 </wpt>

 <wpt lat="62.117075985297561" lon="-7.376841986551881">
 <ele>340.12435900000003</ele>
 <time>2020-07-30T11:49:08Z</time>
 <name>WP3 16_GF</name>
 <sym>Flag, Blue</sym>
 <type>user</type>
 <extensions>
 <gpxx:WaypointExtension>
 <gpxx:DisplayMode>SymbolAndName</gpxx:DisplayMode>
 </gpxx:WaypointExtension>
 <wptx1:WaypointExtension>
 <wptx1:DisplayMode>SymbolAndName</wptx1:DisplayMode>
 </wptx1:WaypointExtension>
 <ctx:CreationTimeExtension>
 <ctx:CreationTime>2020-07-30T11:49:08Z</ctx:CreationTime>
 </ctx:CreationTimeExtension>
 </extensions>
 </wpt>

 <wpt lat="62.123173987492919" lon="-7.350866971537471">
 <ele>106.264679</ele>
 <time>2020-07-30T12:47:44Z</time>
 <name>WP4 20_GF</name>
 <sym>Flag, Blue</sym>
 <type>user</type>
 <extensions>
 <gpxx:WaypointExtension>
 <gpxx:DisplayMode>SymbolAndName</gpxx:DisplayMode>
 </gpxx:WaypointExtension>
 <wptx1:WaypointExtension>
 <wptx1:DisplayMode>SymbolAndName</wptx1:DisplayMode>
 </wptx1:WaypointExtension>
 <ctx:CreationTimeExtension>
 <ctx:CreationTime>2020-07-30T12:47:44Z</ctx:CreationTime>
 </ctx:CreationTimeExtension>
 </extensions>
 </wpt>

 <wpt lat="62.123465007171035" lon="-7.317945035174489">
 <ele>86.832817000000006</ele>
 <time>2020-07-30T13:26:54Z</time>
 <name>WP5 22_GF</name>
 <sym>Flag, Blue</sym>
 <type>user</type>
 <extensions>
 <gpxx:WaypointExtension>
 <gpxx:DisplayMode>SymbolAndName</gpxx:DisplayMode>
 </gpxx:WaypointExtension>
 <wptx1:WaypointExtension>
 <wptx1:DisplayMode>SymbolAndName</wptx1:DisplayMode>
 </wptx1:WaypointExtension>
 <ctx:CreationTimeExtension>
 <ctx:CreationTime>2020-07-30T13:26:54Z</ctx:CreationTime>
 </ctx:CreationTimeExtension>
 </extensions>
 </wpt>

 <wpt lat="62.11301595903933" lon="-7.289011962711811">
 <ele>90.347908000000004</ele>
 <time>2020-07-30T13:56:13Z</time>
 <name>WP6 24_GF</name>
 <sym>Flag, Blue</sym>
 <type>user</type>
 <extensions>
 <gpxx:WaypointExtension>
 <gpxx:DisplayMode>SymbolAndName</gpxx:DisplayMode>
 </gpxx:WaypointExtension>
 <wptx1:WaypointExtension>
 <wptx1:DisplayMode>SymbolAndName</wptx1:DisplayMode>
 </wptx1:WaypointExtension>
 <ctx:CreationTimeExtension>
 <ctx:CreationTime>2020-07-30T13:56:13Z</ctx:CreationTime>
 </ctx:CreationTimeExtension>
 </extensions>
 </wpt>

 <wpt lat="62.093515964224935" lon="-7.270867992192507">
 <ele>97.069626</ele>
 <time>2020-07-30T14:39:56Z</time>
 <name>WP7 27_GF</name>
 <sym>Flag, Blue</sym>
 <type>user</type>
 <extensions>
 <gpxx:WaypointExtension>
 <gpxx:DisplayMode>SymbolAndName</gpxx:DisplayMode>
 </gpxx:WaypointExtension>
 <wptx1:WaypointExtension>
 <wptx1:DisplayMode>SymbolAndName</wptx1:DisplayMode>
 </wptx1:WaypointExtension>
 <ctx:CreationTimeExtension>
 <ctx:CreationTime>2020-07-30T14:39:56Z</ctx:CreationTime>
 </ctx:CreationTimeExtension>
 </extensions>
 </wpt>

 <trk>
 <name>17 Wanderung Gásadalur Fjallavatn Vatnsoyrar CS</name>
 <extensions>
 <gpxx:TrackExtension>
 <gpxx:DisplayColor>Blue</gpxx:DisplayColor>
 </gpxx:TrackExtension>
 </extensions>
 <trkseg>
 <trkpt lat="62.110373983159661" lon="-7.437008209526539">
 <ele>76.650000000000006</ele>
 <time>2020-07-30T09:05:22Z</time>
 </trkpt>
 <trkpt lat="62.11034313775599" lon="-7.437238963320851">
 <ele>76.620000000000005</ele>
 <time>2020-07-30T09:06:04Z</time>
 </trkpt>
 <trkpt lat="62.110266778618097" lon="-7.437359914183617">
 <ele>76.930000000000007</ele>
 <time>2020-07-30T09:06:19Z</time>
 </trkpt>
 <trkpt lat="62.110182540491223" lon="-7.437444236129522">
 <ele>76.849999999999994</ele>
 <time>2020-07-30T09:06:31Z</time>
 </trkpt>
 <trkpt lat="62.110123196616769" lon="-7.437593434005976">
 <ele>78.040000000000006</ele>
 <time>2020-07-30T09:06:42Z</time>
 </trkpt>
 <trkpt lat="62.110088327899575" lon="-7.437795605510473">
 <ele>79.260000000000005</ele>
 <time>2020-07-30T09:06:54Z</time>
 </trkpt>
 <trkpt lat="62.11009101010859" lon="-7.437993669882417">
 <ele>80.530000000000001</ele>
 <time>2020-07-30T09:07:08Z</time>
 </trkpt>
 <trkpt lat="62.110112635418773" lon="-7.438209755346179">
 <ele>81.700000000000003</ele>
 <time>2020-07-30T09:07:26Z</time>
 </trkpt>
 <trkpt lat="62.110161501914263" lon="-7.438278989866376">
 <ele>82.030000000000001</ele>
 <time>2020-07-30T09:07:44Z</time>
 </trkpt>
 <trkpt lat="62.110238112509251" lon="-7.438239846378565">
 <ele>82.299999999999997</ele>
 <time>2020-07-30T09:07:52Z</time>
 </trkpt>
 <trkpt lat="62.11031187325716" lon="-7.438299357891083">
 <ele>83.450000000000003</ele>
 <time>2020-07-30T09:08:12Z</time>
 </trkpt>
 <trkpt lat="62.110403822734952" lon="-7.43838275782764">
 <ele>84.469999999999999</ele>
 <time>2020-07-30T09:08:29Z</time>
 </trkpt>
 <trkpt lat="62.110494682565331" lon="-7.438468923792243">
 <ele>85.680000000000007</ele>
 <time>2020-07-30T09:08:40Z</time>
 </trkpt>
 <trkpt lat="62.110593589022756" lon="-7.438522567972541">
 <ele>87.040000000000006</ele>
 <time>2020-07-30T09:08:56Z</time>
 </trkpt>
 <trkpt lat="62.110660057514906" lon="-7.438694313168526">
 <ele>88.040000000000006</ele>
 <time>2020-07-30T09:09:13Z</time>
 </trkpt>
 <trkpt lat="62.11071596480906" lon="-7.438870584592223">
 <ele>89.530000000000001</ele>
 <time>2020-07-30T09:09:31Z</time>
 </trkpt>
 <trkpt lat="62.110761646181345" lon="-7.439044173806906">
 <ele>91.090000000000003</ele>
 <time>2020-07-30T09:09:44Z</time>
 </trkpt>
 <trkpt lat="62.110814116895199" lon="-7.439204268157482">
 <ele>92.629999999999995</ele>
 <time>2020-07-30T09:10:03Z</time>
 </trkpt>
 <trkpt lat="62.110857116058469" lon="-7.439394956454635">
 <ele>94.040000000000006</ele>
 <time>2020-07-30T09:10:20Z</time>
 </trkpt>
 <trkpt lat="62.110913526266813" lon="-7.439569802954793">
 <ele>95.25</ele>
 <time>2020-07-30T09:10:37Z</time>
 </trkpt>
 <trkpt lat="62.110959459096193" lon="-7.43970500305295">
 <ele>95.739999999999995</ele>
 <time>2020-07-30T09:11:00Z</time>
 </trkpt>
 <trkpt lat="62.110993573442101" lon="-7.439876412972808">
 <ele>96.799999999999997</ele>
 <time>2020-07-30T09:11:16Z</time>
 </trkpt>
 <trkpt lat="62.111036404967308" lon="-7.440045475959778">
 <ele>97.859999999999999</ele>
 <time>2020-07-30T09:11:29Z</time>
 </trkpt>
 <trkpt lat="62.111078901216388" lon="-7.440227111801505">
 <ele>99.310000000000002</ele>
 <time>2020-07-30T09:12:03Z</time>
 </trkpt>
 <trkpt lat="62.111132461577654" lon="-7.440392151474953">
 <ele>100.66</ele>
 <time>2020-07-30T09:12:23Z</time>
 </trkpt>
 <trkpt lat="62.111189793795347" lon="-7.44046532548964">
 <ele>101.56999999999999</ele>
 <time>2020-07-30T09:12:47Z</time>
 </trkpt>
 <trkpt lat="62.111282078549266" lon="-7.440487453714013">
 <ele>103.22</ele>
 <time>2020-07-30T09:13:02Z</time>
 </trkpt>
 <trkpt lat="62.111371178179979" lon="-7.440445208922029">
 <ele>103.81</ele>
 <time>2020-07-30T09:13:11Z</time>
 </trkpt>
 <trkpt lat="62.111465474590659" lon="-7.440385362133384">
 <ele>104.48</ele>
 <time>2020-07-30T09:13:19Z</time>
 </trkpt>
 <trkpt lat="62.111555831506848" lon="-7.440287377685309">
 <ele>105.25</ele>
 <time>2020-07-30T09:13:27Z</time>
 </trkpt>
 <trkpt lat="62.111634453758597" lon="-7.440182520076633">
 <ele>106.31</ele>
 <time>2020-07-30T09:13:34Z</time>
 </trkpt>
 <trkpt lat="62.111723637208343" lon="-7.440067017450929">
 <ele>107.59999999999999</ele>
 <time>2020-07-30T09:13:42Z</time>
 </trkpt>
 <trkpt lat="62.111812485381961" lon="-7.43993366137147">
 <ele>108.45999999999999</ele>
 <time>2020-07-30T09:13:50Z</time>
 </trkpt>
 <trkpt lat="62.11189404129982" lon="-7.439819583669305">
 <ele>109.48999999999999</ele>
 <time>2020-07-30T09:13:57Z</time>
 </trkpt>
 <trkpt lat="62.111983140930533" lon="-7.439724951982498">
 <ele>110.61</ele>
 <time>2020-07-30T09:14:05Z</time>
 </trkpt>
 <trkpt lat="62.112071486189961" lon="-7.439616322517395">
 <ele>112.78</ele>
 <time>2020-07-30T09:14:14Z</time>
 </trkpt>
 <trkpt lat="62.112165028229356" lon="-7.43953007273376">
 <ele>114.48</ele>
 <time>2020-07-30T09:14:22Z</time>
 </trkpt>
 <trkpt lat="62.112250356003642" lon="-7.439421191811562">
 <ele>116.67</ele>
 <time>2020-07-30T09:14:31Z</time>
 </trkpt>
 <trkpt lat="62.112328726798296" lon="-7.439297894015908">
 <ele>117.3</ele>
 <time>2020-07-30T09:14:39Z</time>
 </trkpt>
 <trkpt lat="62.112414976581931" lon="-7.439170489087701">
 <ele>117.81999999999999</ele>
 <time>2020-07-30T09:14:46Z</time>
 </trkpt>
 <trkpt lat="62.112497538328171" lon="-7.439030176028609">
 <ele>117.79000000000001</ele>
 <time>2020-07-30T09:14:53Z</time>
 </trkpt>
 <trkpt lat="62.112585548311472" lon="-7.438898328691721">
 <ele>117.31999999999999</ele>
 <time>2020-07-30T09:15:00Z</time>
 </trkpt>
 <trkpt lat="62.112645981833339" lon="-7.438740413635969">
 <ele>117.56999999999999</ele>
 <time>2020-07-30T09:15:07Z</time>
 </trkpt>
 <trkpt lat="62.112701889127493" lon="-7.438556347042322">
 <ele>117.67</ele>
 <time>2020-07-30T09:15:15Z</time>
 </trkpt>
 <trkpt lat="62.112792581319809" lon="-7.438425673171878">
 <ele>118.83</ele>
 <time>2020-07-30T09:15:23Z</time>
 </trkpt>
 <trkpt lat="62.112862737849355" lon="-7.438277313485742">
 <ele>120.64</ele>
 <time>2020-07-30T09:15:31Z</time>
 </trkpt>
 <trkpt lat="62.112910933792591" lon="-7.438075812533498">
 <ele>122.45999999999999</ele>
 <time>2020-07-30T09:15:40Z</time>
 </trkpt>
 <trkpt lat="62.112965751439333" lon="-7.437898786738515">
 <ele>124.98999999999999</ele>
 <time>2020-07-30T09:16:00Z</time>
 </trkpt>
 <trkpt lat="62.113065747544169" lon="-7.437859307974577">
 <ele>126.58</ele>
 <time>2020-07-30T09:16:10Z</time>
 </trkpt>
 <trkpt lat="62.113166330382228" lon="-7.437823684886098">
 <ele>127.84</ele>
 <time>2020-07-30T09:16:19Z</time>
 </trkpt>
 <trkpt lat="62.11327537894249" lon="-7.437763502821326">
 <ele>129.56</ele>
 <time>2020-07-30T09:16:29Z</time>
 </trkpt>
 <trkpt lat="62.113368585705757" lon="-7.43769527412951">
 <ele>129.03999999999999</ele>
 <time>2020-07-30T09:16:36Z</time>
 </trkpt>
 <trkpt lat="62.113461038097739" lon="-7.437632828950882">
 <ele>129.13</ele>
 <time>2020-07-30T09:16:52Z</time>
 </trkpt>
 <trkpt lat="62.113555837422609" lon="-7.437535682693124">
 <ele>129.34</ele>
 <time>2020-07-30T09:17:09Z</time>
 </trkpt>
 <trkpt lat="62.113636219874024" lon="-7.437442895025015">
 <ele>130.18000000000001</ele>
 <time>2020-07-30T09:17:35Z</time>
 </trkpt>
 <trkpt lat="62.113724397495389" lon="-7.437378773465753">
 <ele>131.96000000000001</ele>
 <time>2020-07-30T09:17:44Z</time>
 </trkpt>
 <trkpt lat="62.11382363922894" lon="-7.437354549765587">
 <ele>134.18000000000001</ele>
 <time>2020-07-30T09:17:54Z</time>
 </trkpt>
 <trkpt lat="62.113923886790872" lon="-7.437312304973602">
 <ele>134.34999999999999</ele>
 <time>2020-07-30T09:18:01Z</time>
 </trkpt>
 <trkpt lat="62.11401516571641" lon="-7.437231168150902">
 <ele>135.96000000000001</ele>
 <time>2020-07-30T09:18:20Z</time>
 </trkpt>
 <trkpt lat="62.114107701927423" lon="-7.437135698273778">
 <ele>136.06</ele>
 <time>2020-07-30T09:18:29Z</time>
 </trkpt>
 <trkpt lat="62.114192862063646" lon="-7.437049867585301">
 <ele>135.28999999999999</ele>
 <time>2020-07-30T09:18:35Z</time>
 </trkpt>
 <trkpt lat="62.114282213151455" lon="-7.436988763511181">
 <ele>134.12</ele>
 <time>2020-07-30T09:18:44Z</time>
 </trkpt>
 <trkpt lat="62.114376341924071" lon="-7.436930676922202">
 <ele>134.25999999999999</ele>
 <time>2020-07-30T09:18:52Z</time>
 </trkpt>
 <trkpt lat="62.114473069086671" lon="-7.436915505677462">
 <ele>134.77000000000001</ele>
 <time>2020-07-30T09:19:00Z</time>
 </trkpt>
 <trkpt lat="62.114546410739422" lon="-7.436809223145247">
 <ele>133.94999999999999</ele>
 <time>2020-07-30T09:19:10Z</time>
 </trkpt>
 <trkpt lat="62.114637773483992" lon="-7.436733115464449">
 <ele>134.13999999999999</ele>
 <time>2020-07-30T09:19:20Z</time>
 </trkpt>
 <trkpt lat="62.114721424877644" lon="-7.436624905094504">
 <ele>134.59999999999999</ele>
 <time>2020-07-30T09:19:28Z</time>
 </trkpt>
 <trkpt lat="62.114804908633232" lon="-7.436536978930235">
 <ele>135.13</ele>
 <time>2020-07-30T09:19:37Z</time>
 </trkpt>
 <trkpt lat="62.114889733493328" lon="-7.436429690569639">
 <ele>134.78</ele>
 <time>2020-07-30T09:19:45Z</time>
 </trkpt>
 <trkpt lat="62.114988556131721" lon="-7.436354085803032">
 <ele>134.31999999999999</ele>
 <time>2020-07-30T09:20:01Z</time>
 </trkpt>
 <trkpt lat="62.115095928311348" lon="-7.436280827969313">
 <ele>135.03</ele>
 <time>2020-07-30T09:20:13Z</time>
 </trkpt>
 <trkpt lat="62.11519324220717" lon="-7.436241265386343">
 <ele>135.91</ele>
 <time>2020-07-30T09:20:22Z</time>
 </trkpt>
 <trkpt lat="62.115272535011172" lon="-7.436128277331591">
 <ele>136.94</ele>
 <time>2020-07-30T09:20:30Z</time>
 </trkpt>
 <trkpt lat="62.115351995453238" lon="-7.435972541570664">
 <ele>136.77000000000001</ele>
 <time>2020-07-30T09:20:38Z</time>
 </trkpt>
 <trkpt lat="62.115415781736374" lon="-7.435838682577014">
 <ele>137.72999999999999</ele>
 <time>2020-07-30T09:20:45Z</time>
 </trkpt>
 <trkpt lat="62.115474622696638" lon="-7.435681018978357">
 <ele>139.55000000000001</ele>
 <time>2020-07-30T09:20:54Z</time>
 </trkpt>
 <trkpt lat="62.115553915500641" lon="-7.435549590736628">
 <ele>140.06999999999999</ele>
 <time>2020-07-30T09:21:02Z</time>
 </trkpt>
 <trkpt lat="62.115630945190787" lon="-7.435437692329288">
 <ele>139.63999999999999</ele>
 <time>2020-07-30T09:21:09Z</time>
 </trkpt>
 <trkpt lat="62.115725073963404" lon="-7.435364685952663">
 <ele>138.25</ele>
 <time>2020-07-30T09:21:16Z</time>
 </trkpt>
 <trkpt lat="62.115804869681597" lon="-7.435246836394072">
 <ele>137.25</ele>
 <time>2020-07-30T09:21:23Z</time>
 </trkpt>
 <trkpt lat="62.115890448912978" lon="-7.435104679316282">
 <ele>137.53</ele>
 <time>2020-07-30T09:21:32Z</time>
 </trkpt>
 <trkpt lat="62.11597460322082" lon="-7.434985404834151">
 <ele>137.63999999999999</ele>
 <time>2020-07-30T09:21:39Z</time>
 </trkpt>
 <trkpt lat="62.1160620264709" lon="-7.43486906401813">
 <ele>137.52000000000001</ele>
 <time>2020-07-30T09:21:46Z</time>
 </trkpt>
 <trkpt lat="62.11614266037941" lon="-7.434745766222477">
 <ele>137.41</ele>
 <time>2020-07-30T09:21:53Z</time>
 </trkpt>
 <trkpt lat="62.116233101114631" lon="-7.434613667428494">
 <ele>137.56999999999999</ele>
 <time>2020-07-30T09:22:00Z</time>
 </trkpt>
 <trkpt lat="62.116303509101272" lon="-7.434461116790772">
 <ele>138.11000000000001</ele>
 <time>2020-07-30T09:22:08Z</time>
 </trkpt>
 <trkpt lat="62.116369139403105" lon="-7.4342748709023">
 <ele>138.75999999999999</ele>
 <time>2020-07-30T09:22:16Z</time>
 </trkpt>
 <trkpt lat="62.116434685885906" lon="-7.434108909219503">
 <ele>139.72999999999999</ele>
 <time>2020-07-30T09:22:23Z</time>
 </trkpt>
 <trkpt lat="62.116505261510611" lon="-7.433955604210496">
 <ele>140</ele>
 <time>2020-07-30T09:22:30Z</time>
 </trkpt>
 <trkpt lat="62.116546584293246" lon="-7.433860804885626">
 <ele>139.97999999999999</ele>
 <time>2020-07-30T09:22:51Z</time>
 </trkpt>
 <trkpt lat="62.116648927330971" lon="-7.43372661061585">
 <ele>140.06</ele>
 <time>2020-07-30T09:23:00Z</time>
 </trkpt>
 <trkpt lat="62.116748671978712" lon="-7.433578837662935">
 <ele>140.46000000000001</ele>
 <time>2020-07-30T09:23:08Z</time>
 </trkpt>
 <trkpt lat="62.11684581823647" lon="-7.433472890406847">
 <ele>140.30000000000001</ele>
 <time>2020-07-30T09:23:15Z</time>
 </trkpt>
 <trkpt lat="62.116937264800072" lon="-7.433388903737068">
 <ele>140.02000000000001</ele>
 <time>2020-07-30T09:23:21Z</time>
 </trkpt>
 <trkpt lat="62.11701974272728" lon="-7.433304917067289">
 <ele>140.31999999999999</ele>
 <time>2020-07-30T09:23:27Z</time>
 </trkpt>
 <trkpt lat="62.117100795730948" lon="-7.43322822265327">
 <ele>140.66999999999999</ele>
 <time>2020-07-30T09:23:33Z</time>
 </trkpt>
 <trkpt lat="62.117181848734617" lon="-7.43314616382122">
 <ele>140.44</ele>
 <time>2020-07-30T09:23:39Z</time>
 </trkpt>
 <trkpt lat="62.117271199822426" lon="-7.43305723182857">
 <ele>140.46000000000001</ele>
 <time>2020-07-30T09:23:46Z</time>
 </trkpt>
 <trkpt lat="62.117353845387697" lon="-7.432957403361797">
 <ele>140.21000000000001</ele>
 <time>2020-07-30T09:23:53Z</time>
 </trkpt>
 <trkpt lat="62.117425510659814" lon="-7.432848103344441">
 <ele>140.02000000000001</ele>
 <time>2020-07-30T09:23:59Z</time>
 </trkpt>
 <trkpt lat="62.117475382983685" lon="-7.432690523564816">
 <ele>139.90000000000001</ele>
 <time>2020-07-30T09:24:09Z</time>
 </trkpt>
 <trkpt lat="62.117562470957637" lon="-7.432661773636937">
 <ele>139.47999999999999</ele>
 <time>2020-07-30T09:24:16Z</time>
 </trkpt>
 <trkpt lat="62.117651151493192" lon="-7.432618271559477">
 <ele>139.30000000000001</ele>
 <time>2020-07-30T09:24:25Z</time>
 </trkpt>
 <trkpt lat="62.117734802886844" lon="-7.432523556053639">
 <ele>139.58000000000001</ele>
 <time>2020-07-30T09:24:34Z</time>
 </trkpt>
 <trkpt lat="62.117815352976322" lon="-7.432390619069338">
 <ele>140.55000000000001</ele>
 <time>2020-07-30T09:24:44Z</time>
 </trkpt>
 <trkpt lat="62.117902273312211" lon="-7.432253239676356">
 <ele>140.68000000000001</ele>
 <time>2020-07-30T09:24:53Z</time>
 </trkpt>
 <trkpt lat="62.11793789640069" lon="-7.432082500308752">
 <ele>140.77000000000001</ele>
 <time>2020-07-30T09:25:02Z</time>
 </trkpt>
 <trkpt lat="62.117993971332908" lon="-7.431913102045655">
 <ele>141.59999999999999</ele>
 <time>2020-07-30T09:25:10Z</time>
 </trkpt>
 <trkpt lat="62.118073515594006" lon="-7.431806232780218">
 <ele>142.03</ele>
 <time>2020-07-30T09:25:22Z</time>
 </trkpt>
 <trkpt lat="62.118144677951932" lon="-7.431684108451009">
 <ele>144.69</ele>
 <time>2020-07-30T09:25:42Z</time>
 </trkpt>
 <trkpt lat="62.118221959099174" lon="-7.431596936658025">
 <ele>144.84999999999999</ele>
 <time>2020-07-30T09:25:49Z</time>
 </trkpt>
 <trkpt lat="62.118294546380639" lon="-7.431453270837665">
 <ele>145.41</ele>
 <time>2020-07-30T09:25:59Z</time>
 </trkpt>
 <trkpt lat="62.118374342098832" lon="-7.431303067132831">
 <ele>146.81999999999999</ele>
 <time>2020-07-30T09:26:09Z</time>
 </trkpt>
 <trkpt lat="62.118451371788979" lon="-7.431181697174907">
 <ele>147.58000000000001</ele>
 <time>2020-07-30T09:26:16Z</time>
 </trkpt>
 <trkpt lat="62.118518427014351" lon="-7.431050352752209">
 <ele>147.72999999999999</ele>
 <time>2020-07-30T09:26:23Z</time>
 </trkpt>
 <trkpt lat="62.118582716211677" lon="-7.430911548435688">
 <ele>148.27000000000001</ele>
 <time>2020-07-30T09:26:31Z</time>
 </trkpt>
 <trkpt lat="62.118670810014009" lon="-7.430829321965575">
 <ele>149.69</ele>
 <time>2020-07-30T09:26:39Z</time>
 </trkpt>
 <trkpt lat="62.118765190243721" lon="-7.430738629773259">
 <ele>150.52000000000001</ele>
 <time>2020-07-30T09:26:47Z</time>
 </trkpt>
 <trkpt lat="62.118841130286455" lon="-7.430643495172262">
 <ele>151.37</ele>
 <time>2020-07-30T09:26:55Z</time>
 </trkpt>
 <trkpt lat="62.118922937661409" lon="-7.43055640719831">
 <ele>153.22</ele>
 <time>2020-07-30T09:27:04Z</time>
 </trkpt>
 <trkpt lat="62.119021089747548" lon="-7.430485496297479">
 <ele>154.61000000000001</ele>
 <time>2020-07-30T09:27:13Z</time>
 </trkpt>
 <trkpt lat="62.119112452492118" lon="-7.430426655337215">
 <ele>155.78999999999999</ele>
 <time>2020-07-30T09:27:21Z</time>
 </trkpt>
 <trkpt lat="62.119214963167906" lon="-7.430373849347234">
 <ele>156.28</ele>
 <time>2020-07-30T09:27:29Z</time>
 </trkpt>
 <trkpt lat="62.11930263787508" lon="-7.430323641747236">
 <ele>156.5</ele>
 <time>2020-07-30T09:27:35Z</time>
 </trkpt>
 <trkpt lat="62.119394084438682" lon="-7.430279050022364">
 <ele>156.94999999999999</ele>
 <time>2020-07-30T09:27:43Z</time>
 </trkpt>
 <trkpt lat="62.119487291201949" lon="-7.430200343951583">
 <ele>157.22999999999999</ele>
 <time>2020-07-30T09:27:52Z</time>
 </trkpt>
 <trkpt lat="62.119561806321144" lon="-7.430047877132893">
 <ele>155.78999999999999</ele>
 <time>2020-07-30T09:28:00Z</time>
 </trkpt>
 <trkpt lat="62.11964612826705" lon="-7.429949892684817">
 <ele>155.63999999999999</ele>
 <time>2020-07-30T09:28:14Z</time>
 </trkpt>
 <trkpt lat="62.119684936478734" lon="-7.429785607382655">
 <ele>156.44999999999999</ele>
 <time>2020-07-30T09:28:22Z</time>
 </trkpt>
 <trkpt lat="62.119771605357528" lon="-7.429676223546267">
 <ele>156.81</ele>
 <time>2020-07-30T09:28:29Z</time>
 </trkpt>
 <trkpt lat="62.11986355483532" lon="-7.429559463635087">
 <ele>157.63</ele>
 <time>2020-07-30T09:28:36Z</time>
 </trkpt>
 <trkpt lat="62.119942763820291" lon="-7.429434908553958">
 <ele>157.52000000000001</ele>
 <time>2020-07-30T09:28:44Z</time>
 </trkpt>
 <trkpt lat="62.120022643357515" lon="-7.429318651556969">
 <ele>158.03999999999999</ele>
 <time>2020-07-30T09:28:52Z</time>
 </trkpt>
 <trkpt lat="62.120107719674706" lon="-7.429170794785023">
 <ele>156.55000000000001</ele>
 <time>2020-07-30T09:29:00Z</time>
 </trkpt>
 <trkpt lat="62.120209308341146" lon="-7.429077923297882">
 <ele>156.18000000000001</ele>
 <time>2020-07-30T09:29:08Z</time>
 </trkpt>
 <trkpt lat="62.120302598923445" lon="-7.428970551118255">
 <ele>156.19</ele>
 <time>2020-07-30T09:29:15Z</time>
 </trkpt>
 <trkpt lat="62.120394883677363" lon="-7.428822107613087">
 <ele>156.46000000000001</ele>
 <time>2020-07-30T09:29:23Z</time>
 </trkpt>
 <trkpt lat="62.120466381311417" lon="-7.428655307739973">
 <ele>156.68000000000001</ele>
 <time>2020-07-30T09:29:34Z</time>
 </trkpt>
 <trkpt lat="62.120537124574184" lon="-7.428498147055507">
 <ele>156.91999999999999</ele>
 <time>2020-07-30T09:29:41Z</time>
 </trkpt>
 <trkpt lat="62.120585655793548" lon="-7.428305530920625">
 <ele>156.55000000000001</ele>
 <time>2020-07-30T09:29:49Z</time>
 </trkpt>
 <trkpt lat="62.120638210326433" lon="-7.428114507347345">
 <ele>156.78999999999999</ele>
 <time>2020-07-30T09:29:56Z</time>
 </trkpt>
 <trkpt lat="62.120703672990203" lon="-7.427965477108955">
 <ele>156.84999999999999</ele>
 <time>2020-07-30T09:30:03Z</time>
 </trkpt>
 <trkpt lat="62.120756395161152" lon="-7.427800102159381">
 <ele>156.97</ele>
 <time>2020-07-30T09:30:10Z</time>
 </trkpt>
 <trkpt lat="62.12075094692409" lon="-7.427608156576753">
 <ele>156.63</ele>
 <time>2020-07-30T09:30:19Z</time>
 </trkpt>
 <trkpt lat="62.120750192552805" lon="-7.427393328398466">
 <ele>156.88999999999999</ele>
 <time>2020-07-30T09:30:27Z</time>
 </trkpt>
 <trkpt lat="62.120813811197877" lon="-7.427256451919675">
 <ele>157.83000000000001</ele>
 <time>2020-07-30T09:30:35Z</time>
 </trkpt>
 <trkpt lat="62.120886063203216" lon="-7.427131813019514">
 <ele>158.33000000000001</ele>
 <time>2020-07-30T09:30:44Z</time>
 </trkpt>
 <trkpt lat="62.12096200324595" lon="-7.427012035623193">
 <ele>159.08000000000001</ele>
 <time>2020-07-30T09:30:51Z</time>
 </trkpt>
 <trkpt lat="62.121028890833259" lon="-7.426893515512347">
 <ele>160.25999999999999</ele>
 <time>2020-07-30T09:30:58Z</time>
 </trkpt>
 <trkpt lat="62.121082870289683" lon="-7.426707269623876">
 <ele>161.59999999999999</ele>
 <time>2020-07-30T09:31:06Z</time>
 </trkpt>
 <trkpt lat="62.121137185022235" lon="-7.426541391760111">
 <ele>162.11000000000001</ele>
 <time>2020-07-30T09:31:13Z</time>
 </trkpt>
 <trkpt lat="62.121176160871983" lon="-7.426346596330404">
 <ele>162.91999999999999</ele>
 <time>2020-07-30T09:31:21Z</time>
 </trkpt>
 <trkpt lat="62.12123173289001" lon="-7.426138808950782">
 <ele>163.87</ele>
 <time>2020-07-30T09:31:28Z</time>
 </trkpt>
 <trkpt lat="62.121300045400858" lon="-7.42597452364862">
 <ele>164.49000000000001</ele>
 <time>2020-07-30T09:31:35Z</time>
 </trkpt>
 <trkpt lat="62.121375650167465" lon="-7.425832198932767">
 <ele>164.56999999999999</ele>
 <time>2020-07-30T09:31:42Z</time>
 </trkpt>
 <trkpt lat="62.121441531926394" lon="-7.425688365474343">
 <ele>164.56</ele>
 <time>2020-07-30T09:31:49Z</time>
 </trkpt>
 <trkpt lat="62.121468856930733" lon="-7.42549273185432">
 <ele>165.99000000000001</ele>
 <time>2020-07-30T09:32:01Z</time>
 </trkpt>
 <trkpt lat="62.121520573273301" lon="-7.42528947070241">
 <ele>166.77000000000001</ele>
 <time>2020-07-30T09:32:09Z</time>
 </trkpt>
 <trkpt lat="62.121578827500343" lon="-7.425102973356843">
 <ele>168</ele>
 <time>2020-07-30T09:32:17Z</time>
 </trkpt>
 <trkpt lat="62.121602045372128" lon="-7.42490784265101">
 <ele>169.44999999999999</ele>
 <time>2020-07-30T09:32:25Z</time>
 </trkpt>
 <trkpt lat="62.121661137789488" lon="-7.424750765785575">
 <ele>169.53999999999999</ele>
 <time>2020-07-30T09:32:32Z</time>
 </trkpt>
 <trkpt lat="62.121724337339401" lon="-7.424594443291426">
 <ele>169.40000000000001</ele>
 <time>2020-07-30T09:32:40Z</time>
 </trkpt>
 <trkpt lat="62.121756942942739" lon="-7.424415573477745">
 <ele>170.46000000000001</ele>
 <time>2020-07-30T09:32:48Z</time>
 </trkpt>
 <trkpt lat="62.121824165806174" lon="-7.424260675907135">
 <ele>171.96000000000001</ele>
 <time>2020-07-30T09:32:55Z</time>
 </trkpt>
 <trkpt lat="62.121891304850578" lon="-7.424096893519163">
 <ele>172.27000000000001</ele>
 <time>2020-07-30T09:33:02Z</time>
 </trkpt>
 <trkpt lat="62.121959533542395" lon="-7.423965549096465">
 <ele>171.58000000000001</ele>
 <time>2020-07-30T09:33:08Z</time>
 </trkpt>
 <trkpt lat="62.122009573504329" lon="-7.423793468624353">
 <ele>171.28</ele>
 <time>2020-07-30T09:33:16Z</time>
 </trkpt>
 <trkpt lat="62.122099678963423" lon="-7.423777543008328">
 <ele>169.22999999999999</ele>
 <time>2020-07-30T09:33:24Z</time>
 </trkpt>
 <trkpt lat="62.122177798300982" lon="-7.423722976818681">
 <ele>169.36000000000001</ele>
 <time>2020-07-30T09:33:41Z</time>
 </trkpt>
 <trkpt lat="62.122173355892301" lon="-7.423498006537557">
 <ele>168.28999999999999</ele>
 <time>2020-07-30T09:33:51Z</time>
 </trkpt>
 <trkpt lat="62.122180396690965" lon="-7.423297511413693">
 <ele>167.16</ele>
 <time>2020-07-30T09:34:00Z</time>
 </trkpt>
 <trkpt lat="62.122210320085287" lon="-7.423090226948261">
 <ele>166.61000000000001</ele>
 <time>2020-07-30T09:34:08Z</time>
 </trkpt>
 <trkpt lat="62.122273603454232" lon="-7.422953769564629">
 <ele>168.55000000000001</ele>
 <time>2020-07-30T09:34:18Z</time>
 </trkpt>
 <trkpt lat="62.122331941500306" lon="-7.422809852287173">
 <ele>169.03999999999999</ele>
 <time>2020-07-30T09:34:32Z</time>
 </trkpt>
 <trkpt lat="62.122279303148389" lon="-7.422667527571321">
 <ele>167.34999999999999</ele>
 <time>2020-07-30T09:34:41Z</time>
 </trkpt>
 <trkpt lat="62.122303443029523" lon="-7.422549510374665">
 <ele>165.58000000000001</ele>
 <time>2020-07-30T09:34:56Z</time>
 </trkpt>
 <trkpt lat="62.12232381105423" lon="-7.422369215637445">
 <ele>165.28</ele>
 <time>2020-07-30T09:35:06Z</time>
 </trkpt>
 <trkpt lat="62.122337725013494" lon="-7.422179616987705">
 <ele>168.56999999999999</ele>
 <time>2020-07-30T09:35:17Z</time>
 </trkpt>
 <trkpt lat="62.122416095808148" lon="-7.422038968652487">
 <ele>172.06</ele>
 <time>2020-07-30T09:35:32Z</time>
 </trkpt>
 <trkpt lat="62.122510056942701" lon="-7.421954479068518">
 <ele>174.06999999999999</ele>
 <time>2020-07-30T09:35:42Z</time>
 </trkpt>
 <trkpt lat="62.122591948136687" lon="-7.421864708885551">
 <ele>175.47999999999999</ele>
 <time>2020-07-30T09:35:50Z</time>
 </trkpt>
 <trkpt lat="62.122677275910974" lon="-7.421802515164018">
 <ele>176.00999999999999</ele>
 <time>2020-07-30T09:35:57Z</time>
 </trkpt>
 <trkpt lat="62.12276360951364" lon="-7.42171760648489">
 <ele>177.77000000000001</ele>
 <time>2020-07-30T09:36:15Z</time>
 </trkpt>
 <trkpt lat="62.122853044420481" lon="-7.421628255397081">
 <ele>179.63999999999999</ele>
 <time>2020-07-30T09:36:25Z</time>
 </trkpt>
 <trkpt lat="62.122935187071562" lon="-7.421496324241161">
 <ele>179.19999999999999</ele>
 <time>2020-07-30T09:36:33Z</time>
 </trkpt>
 <trkpt lat="62.12295999750495" lon="-7.421306390315294">
 <ele>180.09</ele>
 <time>2020-07-30T09:36:47Z</time>
 </trkpt>
 <trkpt lat="62.122998805716634" lon="-7.421142859384418">
 <ele>181.75</ele>
 <time>2020-07-30T09:36:56Z</time>
 </trkpt>
 <trkpt lat="62.123063430190086" lon="-7.421000702306628">
 <ele>184.38</ele>
 <time>2020-07-30T09:37:05Z</time>
 </trkpt>
 <trkpt lat="62.123145572841167" lon="-7.420891653746367">
 <ele>185.47999999999999</ele>
 <time>2020-07-30T09:37:12Z</time>
 </trkpt>
 <trkpt lat="62.123225452378392" lon="-7.420770870521665">
 <ele>186.31999999999999</ele>
 <time>2020-07-30T09:37:20Z</time>
 </trkpt>
 <trkpt lat="62.12329669855535" lon="-7.420601388439536">
 <ele>187.13999999999999</ele>
 <time>2020-07-30T09:37:28Z</time>
 </trkpt>
 <trkpt lat="62.123348331078887" lon="-7.420429307967424">
 <ele>189.53</ele>
 <time>2020-07-30T09:37:37Z</time>
 </trkpt>
 <trkpt lat="62.123396107926965" lon="-7.420264100655913">
 <ele>191.31999999999999</ele>
 <time>2020-07-30T09:37:49Z</time>
 </trkpt>
 <trkpt lat="62.123440112918615" lon="-7.420082716271281">
 <ele>194.31999999999999</ele>
 <time>2020-07-30T09:38:00Z</time>
 </trkpt>
 <trkpt lat="62.123519657179713" lon="-7.420061677694321">
 <ele>195.5</ele>
 <time>2020-07-30T09:38:21Z</time>
 </trkpt>
 <trkpt lat="62.123574391007423" lon="-7.419899655506015">
 <ele>199.12</ele>
 <time>2020-07-30T09:38:33Z</time>
 </trkpt>
 <trkpt lat="62.123629376292229" lon="-7.419712068513036">
 <ele>200.47</ele>
 <time>2020-07-30T09:38:43Z</time>
 </trkpt>
 <trkpt lat="62.123717134818435" lon="-7.419609222561121">
 <ele>203.65000000000001</ele>
 <time>2020-07-30T09:38:55Z</time>
 </trkpt>
 <trkpt lat="62.123811850324273" lon="-7.419550297781825">
 <ele>207.37</ele>
 <time>2020-07-30T09:39:10Z</time>
 </trkpt>
 <trkpt lat="62.123820567503572" lon="-7.419344773516059">
 <ele>209.61000000000001</ele>
 <time>2020-07-30T09:39:23Z</time>
 </trkpt>
 <trkpt lat="62.123837834224105" lon="-7.419147966429591">
 <ele>210.21000000000001</ele>
 <time>2020-07-30T09:39:41Z</time>
 </trkpt>
 <trkpt lat="62.123816879466176" lon="-7.41901159286499">
 <ele>212.61000000000001</ele>
 <time>2020-07-30T09:42:28Z</time>
 </trkpt>
 <trkpt lat="62.123878570273519" lon="-7.418903214856982">
 <ele>214.56</ele>
 <time>2020-07-30T09:43:08Z</time>
 </trkpt>
 <trkpt lat="62.123954258859158" lon="-7.418783437460661">
 <ele>216.06999999999999</ele>
 <time>2020-07-30T09:43:17Z</time>
 </trkpt>
 <trkpt lat="62.124012680724263" lon="-7.418608590960503">
 <ele>217.66999999999999</ele>
 <time>2020-07-30T09:43:29Z</time>
 </trkpt>
 <trkpt lat="62.124065989628434" lon="-7.418425446376205">
 <ele>219.80000000000001</ele>
 <time>2020-07-30T09:43:54Z</time>
 </trkpt>
 <trkpt lat="62.124113598838449" lon="-7.418253114446998">
 <ele>223.11000000000001</ele>
 <time>2020-07-30T09:44:14Z</time>
 </trkpt>
 <trkpt lat="62.12413371540606" lon="-7.418045243248344">
 <ele>226.00999999999999</ele>
 <time>2020-07-30T09:44:27Z</time>
 </trkpt>
 <trkpt lat="62.124131117016077" lon="-7.417813567444682">
 <ele>230.16999999999999</ele>
 <time>2020-07-30T09:44:42Z</time>
 </trkpt>
 <trkpt lat="62.12411561049521" lon="-7.417597146704793">
 <ele>233.19</ele>
 <time>2020-07-30T09:44:57Z</time>
 </trkpt>
 <trkpt lat="62.124076299369335" lon="-7.417399752885103">
 <ele>235.44999999999999</ele>
 <time>2020-07-30T09:45:15Z</time>
 </trkpt>
 <trkpt lat="62.12403598241508" lon="-7.417220966890454">
 <ele>238.21000000000001</ele>
 <time>2020-07-30T09:45:29Z</time>
 </trkpt>
 <trkpt lat="62.124025756493211" lon="-7.41702918894589">
 <ele>243.09</ele>
 <time>2020-07-30T09:45:47Z</time>
 </trkpt>
 <trkpt lat="62.124013686552644" lon="-7.416815450415015">
 <ele>245.24000000000001</ele>
 <time>2020-07-30T09:46:01Z</time>
 </trkpt>
 <trkpt lat="62.124000526964664" lon="-7.416602466255426">
 <ele>249.00999999999999</ele>
 <time>2020-07-30T09:46:22Z</time>
 </trkpt>
 <trkpt lat="62.124013602733612" lon="-7.416399791836739">
 <ele>252.47999999999999</ele>
 <time>2020-07-30T09:46:41Z</time>
 </trkpt>
 <trkpt lat="62.124039335176349" lon="-7.416183287277818">
 <ele>257.52999999999997</ele>
 <time>2020-07-30T09:47:05Z</time>
 </trkpt>
 <trkpt lat="62.124042939394712" lon="-7.415972063317895">
 <ele>262.62</ele>
 <time>2020-07-30T09:47:22Z</time>
 </trkpt>
 <trkpt lat="62.124084429815412" lon="-7.415772490203381">
 <ele>266.91000000000003</ele>
 <time>2020-07-30T09:47:48Z</time>
 </trkpt>
 <trkpt lat="62.124099098145962" lon="-7.41563125513494">
 <ele>269.91000000000003</ele>
 <time>2020-07-30T09:48:28Z</time>
 </trkpt>
 <trkpt lat="62.124112173914909" lon="-7.415408212691546">
 <ele>272.93000000000001</ele>
 <time>2020-07-30T09:48:46Z</time>
 </trkpt>
 <trkpt lat="62.124090380966663" lon="-7.415196401998401">
 <ele>276.44</ele>
 <time>2020-07-30T09:49:02Z</time>
 </trkpt>
 <trkpt lat="62.124077975749969" lon="-7.41498869843781">
 <ele>282.38999999999999</ele>
 <time>2020-07-30T09:49:31Z</time>
 </trkpt>
 <trkpt lat="62.124115694314241" lon="-7.414794154465199">
 <ele>286.38</ele>
 <time>2020-07-30T09:49:50Z</time>
 </trkpt>
 <trkpt lat="62.124126004055142" lon="-7.414591815322638">
 <ele>289.20999999999998</ele>
 <time>2020-07-30T09:50:11Z</time>
 </trkpt>
 <trkpt lat="62.124150395393372" lon="-7.41437841206789">
 <ele>293.20999999999998</ele>
 <time>2020-07-30T09:50:32Z</time>
 </trkpt>
 <trkpt lat="62.124182749539614" lon="-7.414170624688268">
 <ele>295.80000000000001</ele>
 <time>2020-07-30T09:50:48Z</time>
 </trkpt>
 <trkpt lat="62.124167662113905" lon="-7.413953533396125">
 <ele>298.19999999999999</ele>
 <time>2020-07-30T09:51:04Z</time>
 </trkpt>
 <trkpt lat="62.124153329059482" lon="-7.413742979988456">
 <ele>299.85000000000002</ele>
 <time>2020-07-30T09:51:18Z</time>
 </trkpt>
 <trkpt lat="62.124127931892872" lon="-7.413536868989468">
 <ele>302.19</ele>
 <time>2020-07-30T09:51:28Z</time>
 </trkpt>
 <trkpt lat="62.124112173914909" lon="-7.413316005840898">
 <ele>305.18000000000001</ele>
 <time>2020-07-30T09:51:41Z</time>
 </trkpt>
 <trkpt lat="62.124106474220753" lon="-7.413097405806184">
 <ele>307.55000000000001</ele>
 <time>2020-07-30T09:51:54Z</time>
 </trkpt>
 <trkpt lat="62.124078227207065" lon="-7.412892384454608">
 <ele>309.55000000000001</ele>
 <time>2020-07-30T09:52:05Z</time>
 </trkpt>
 <trkpt lat="62.124028438702226" lon="-7.412714101374149">
 <ele>311.87</ele>
 <time>2020-07-30T09:52:16Z</time>
 </trkpt>
 <trkpt lat="62.124001700431108" lon="-7.412511175498366">
 <ele>314.27999999999997</ele>
 <time>2020-07-30T09:52:33Z</time>
 </trkpt>
 <trkpt lat="62.12395534850657" lon="-7.412309087812901">
 <ele>317.16000000000003</ele>
 <time>2020-07-30T09:52:47Z</time>
 </trkpt>
 <trkpt lat="62.123897094279528" lon="-7.412118902429938">
 <ele>320.19999999999999</ele>
 <time>2020-07-30T09:53:00Z</time>
 </trkpt>
 <trkpt lat="62.123853843659163" lon="-7.411924777552486">
 <ele>323.13</ele>
 <time>2020-07-30T09:53:20Z</time>
 </trkpt>
 <trkpt lat="62.123825177550316" lon="-7.411726880818605">
 <ele>326.49000000000001</ele>
 <time>2020-07-30T09:53:33Z</time>
 </trkpt>
 <trkpt lat="62.123811431229115" lon="-7.411503084003925">
 <ele>328.63</ele>
 <time>2020-07-30T09:53:59Z</time>
 </trkpt>
 <trkpt lat="62.123842108994722" lon="-7.411318011581898">
 <ele>331.02999999999997</ele>
 <time>2020-07-30T09:54:15Z</time>
 </trkpt>
 <trkpt lat="62.123853843659163" lon="-7.411097902804613">
 <ele>332.66000000000003</ele>
 <time>2020-07-30T09:54:25Z</time>
 </trkpt>
 <trkpt lat="62.123830122873187" lon="-7.410884751006961">
 <ele>333.82999999999998</ele>
 <time>2020-07-30T09:54:34Z</time>
 </trkpt>
 <trkpt lat="62.123816292732954" lon="-7.410676376894116">
 <ele>334.95999999999998</ele>
 <time>2020-07-30T09:54:42Z</time>
 </trkpt>
 <trkpt lat="62.123808162286878" lon="-7.410458447411656">
 <ele>336.38999999999999</ele>
 <time>2020-07-30T09:54:51Z</time>
 </trkpt>
 <trkpt lat="62.123765330761671" lon="-7.41027588956058">
 <ele>337.26999999999998</ele>
 <time>2020-07-30T09:54:59Z</time>
 </trkpt>
 <trkpt lat="62.123726941645145" lon="-7.410092493519187">
 <ele>338.55000000000001</ele>
 <time>2020-07-30T09:55:07Z</time>
 </trkpt>
 <trkpt lat="62.123697521165013" lon="-7.409886214882135">
 <ele>340.13999999999999</ele>
 <time>2020-07-30T09:55:26Z</time>
 </trkpt>
 <trkpt lat="62.123663825914264" lon="-7.40969049744308">
 <ele>342.75999999999999</ele>
 <time>2020-07-30T09:55:37Z</time>
 </trkpt>
 <trkpt lat="62.123643876984715" lon="-7.409478351473808">
 <ele>345.94999999999999</ele>
 <time>2020-07-30T09:56:06Z</time>
 </trkpt>
 <trkpt lat="62.123563913628459" lon="-7.409339211881161">
 <ele>347.16000000000003</ele>
 <time>2020-07-30T09:56:33Z</time>
 </trkpt>
 <trkpt lat="62.123479340225458" lon="-7.40921507589519">
 <ele>350.17000000000002</ele>
 <time>2020-07-30T09:56:52Z</time>
 </trkpt>
 <trkpt lat="62.123458553105593" lon="-7.409005276858807">
 <ele>353.69</ele>
 <time>2020-07-30T09:57:16Z</time>
 </trkpt>
 <trkpt lat="62.123432569205761" lon="-7.408787598833442">
 <ele>357.82999999999998</ele>
 <time>2020-07-30T09:57:36Z</time>
 </trkpt>
 <trkpt lat="62.123437765985727" lon="-7.408590205013752">
 <ele>361.50999999999999</ele>
 <time>2020-07-30T09:57:53Z</time>
 </trkpt>
 <trkpt lat="62.123401639983058" lon="-7.408385435119271">
 <ele>364.94999999999999</ele>
 <time>2020-07-30T09:58:18Z</time>
 </trkpt>
 <trkpt lat="62.123353695496917" lon="-7.408242020756006">
 <ele>367.56</ele>
 <time>2020-07-30T09:58:53Z</time>
 </trkpt>
 <trkpt lat="62.123292423784733" lon="-7.408092319965363">
 <ele>370.99000000000001</ele>
 <time>2020-07-30T09:59:09Z</time>
 </trkpt>
 <trkpt lat="62.123266272246838" lon="-7.407927699387074">
 <ele>374.44</ele>
 <time>2020-07-30T09:59:34Z</time>
 </trkpt>
 <trkpt lat="62.123292591422796" lon="-7.407773220911622">
 <ele>377.02999999999997</ele>
 <time>2020-07-30T09:59:49Z</time>
 </trkpt>
 <trkpt lat="62.123303236439824" lon="-7.407545736059547">
 <ele>379.63</ele>
 <time>2020-07-30T10:00:39Z</time>
 </trkpt>
 <trkpt lat="62.123306505382061" lon="-7.407343229278922">
 <ele>383.02999999999997</ele>
 <time>2020-07-30T10:01:09Z</time>
 </trkpt>
 <trkpt lat="62.123308349400759" lon="-7.407103506848216">
 <ele>387</ele>
 <time>2020-07-30T10:01:43Z</time>
 </trkpt>
 <trkpt lat="62.123290495947003" lon="-7.406940059736371">
 <ele>389.79000000000002</ele>
 <time>2020-07-30T10:03:57Z</time>
 </trkpt>
 <trkpt lat="62.123269205912948" lon="-7.406739564612508">
 <ele>394.44999999999999</ele>
 <time>2020-07-30T10:04:25Z</time>
 </trkpt>
 <trkpt lat="62.123313462361693" lon="-7.406584918498993">
 <ele>396.08999999999997</ele>
 <time>2020-07-30T10:05:04Z</time>
 </trkpt>
 <trkpt lat="62.123407842591405" lon="-7.406509313732386">
 <ele>397</ele>
 <time>2020-07-30T10:05:20Z</time>
 </trkpt>
 <trkpt lat="62.123483447358012" lon="-7.406381238251925">
 <ele>401.41000000000003</ele>
 <time>2020-07-30T10:05:44Z</time>
 </trkpt>
 <trkpt lat="62.123536923900247" lon="-7.406222485005856">
 <ele>405.27999999999997</ele>
 <time>2020-07-30T10:06:05Z</time>
 </trkpt>
 <trkpt lat="62.123569780960679" lon="-7.40607756190002">
 <ele>408.88</ele>
 <time>2020-07-30T10:06:33Z</time>
 </trkpt>
 <trkpt lat="62.123607834801078" lon="-7.405981672927737">
 <ele>411.57999999999998</ele>
 <time>2020-07-30T10:06:51Z</time>
 </trkpt>
 <trkpt lat="62.123610936105251" lon="-7.405848568305373">
 <ele>414.76999999999998</ele>
 <time>2020-07-30T10:07:07Z</time>
 </trkpt>
 <trkpt lat="62.123669860884547" lon="-7.405771873891354">
 <ele>417.77999999999997</ele>
 <time>2020-07-30T10:07:25Z</time>
 </trkpt>
 <trkpt lat="62.123695593327284" lon="-7.405687803402543">
 <ele>420.94999999999999</ele>
 <time>2020-07-30T10:07:46Z</time>
 </trkpt>
 <trkpt lat="62.123802714049816" lon="-7.40562510676682">
 <ele>424.76999999999998</ele>
 <time>2020-07-30T10:08:01Z</time>
 </trkpt>
 <trkpt lat="62.123908242210746" lon="-7.405537264421582">
 <ele>428.35000000000002</ele>
 <time>2020-07-30T10:08:19Z</time>
 </trkpt>
 <trkpt lat="62.123891646042466" lon="-7.405461659654975">
 <ele>430.25</ele>
 <time>2020-07-30T10:08:40Z</time>
 </trkpt>
 <trkpt lat="62.123901369050145" lon="-7.405371218919754">
 <ele>433.02999999999997</ele>
 <time>2020-07-30T10:09:01Z</time>
 </trkpt>
 <trkpt lat="62.123948056250811" lon="-7.405286310240626">
 <ele>435.89999999999998</ele>
 <time>2020-07-30T10:09:17Z</time>
 </trkpt>
 <trkpt lat="62.123871026560664" lon="-7.405152535066009">
 <ele>437.69</ele>
 <time>2020-07-30T10:09:53Z</time>
 </trkpt>
 <trkpt lat="62.123829200863838" lon="-7.405043989419937">
 <ele>441.87</ele>
 <time>2020-07-30T10:10:46Z</time>
 </trkpt>
 <trkpt lat="62.123922323808074" lon="-7.404955811798573">
 <ele>445.81999999999999</ele>
 <time>2020-07-30T10:11:06Z</time>
 </trkpt>
 <trkpt lat="62.123966161161661" lon="-7.404850870370865">
 <ele>448.35000000000002</ele>
 <time>2020-07-30T10:11:40Z</time>
 </trkpt>
 <trkpt lat="62.123877312988043" lon="-7.404769901186228">
 <ele>451.07999999999998</ele>
 <time>2020-07-30T10:12:01Z</time>
 </trkpt>
 <trkpt lat="62.12378729134798" lon="-7.404677197337151">
 <ele>454.54000000000002</ele>
 <time>2020-07-30T10:12:21Z</time>
 </trkpt>
 <trkpt lat="62.123701460659504" lon="-7.404573848471046">
 <ele>456.13999999999999</ele>
 <time>2020-07-30T10:12:48Z</time>
 </trkpt>
 <trkpt lat="62.123619485646486" lon="-7.404475025832653">
 <ele>458.50999999999999</ele>
 <time>2020-07-30T10:13:00Z</time>
 </trkpt>
 <trkpt lat="62.123540947213769" lon="-7.404351308941841">
 <ele>460.56999999999999</ele>
 <time>2020-07-30T10:13:18Z</time>
 </trkpt>
 <trkpt lat="62.123467186465859" lon="-7.404289450496435">
 <ele>462.79000000000002</ele>
 <time>2020-07-30T10:13:49Z</time>
 </trkpt>
 <trkpt lat="62.123445309698582" lon="-7.404104461893439">
 <ele>467.13999999999999</ele>
 <time>2020-07-30T10:14:21Z</time>
 </trkpt>
 <trkpt lat="62.123392168432474" lon="-7.403967082500458">
 <ele>470.49000000000001</ele>
 <time>2020-07-30T10:14:41Z</time>
 </trkpt>
 <trkpt lat="62.123422930017114" lon="-7.403795002028346">
 <ele>475.61000000000001</ele>
 <time>2020-07-30T10:15:07Z</time>
 </trkpt>
 <trkpt lat="62.123419074341655" lon="-7.403652844950557">
 <ele>479.58999999999997</ele>
 <time>2020-07-30T10:15:32Z</time>
 </trkpt>
 <trkpt lat="62.123339362442493" lon="-7.403517309576273">
 <ele>482.11000000000001</ele>
 <time>2020-07-30T10:15:48Z</time>
 </trkpt>
 <trkpt lat="62.12326442822814" lon="-7.403377247974277">
 <ele>485.49000000000001</ele>
 <time>2020-07-30T10:16:04Z</time>
 </trkpt>
 <trkpt lat="62.123196786269546" lon="-7.403261326253414">
 <ele>488.05000000000001</ele>
 <time>2020-07-30T10:16:21Z</time>
 </trkpt>
 <trkpt lat="62.123114392161369" lon="-7.403163593262434">
 <ele>491.08999999999997</ele>
 <time>2020-07-30T10:16:39Z</time>
 </trkpt>
 <trkpt lat="62.123054880648851" lon="-7.40303342230618">
 <ele>493.62</ele>
 <time>2020-07-30T10:16:54Z</time>
 </trkpt>
 <trkpt lat="62.12298103608191" lon="-7.402924876660109">
 <ele>495.49000000000001</ele>
 <time>2020-07-30T10:17:13Z</time>
 </trkpt>
 <trkpt lat="62.122980952262878" lon="-7.402770398184657">
 <ele>498.77999999999997</ele>
 <time>2020-07-30T10:18:05Z</time>
 </trkpt>
 <trkpt lat="62.122915741056204" lon="-7.402628408744931">
 <ele>502</ele>
 <time>2020-07-30T10:18:27Z</time>
 </trkpt>
 <trkpt lat="62.122853044420481" lon="-7.402479378506541">
 <ele>504.87</ele>
 <time>2020-07-30T10:18:44Z</time>
 </trkpt>
 <trkpt lat="62.122767465189099" lon="-7.402356248348951">
 <ele>506.92000000000002</ele>
 <time>2020-07-30T10:19:00Z</time>
 </trkpt>
 <trkpt lat="62.122683646157384" lon="-7.402251055464149">
 <ele>508.62</ele>
 <time>2020-07-30T10:19:13Z</time>
 </trkpt>
 <trkpt lat="62.122647184878588" lon="-7.402081321924925">
 <ele>510.58999999999997</ele>
 <time>2020-07-30T10:19:34Z</time>
 </trkpt>
 <trkpt lat="62.122608544304967" lon="-7.401913432404399">
 <ele>511.99000000000001</ele>
 <time>2020-07-30T10:19:58Z</time>
 </trkpt>
 <trkpt lat="62.122578034177423" lon="-7.40170824341476">
 <ele>513.91999999999996</ele>
 <time>2020-07-30T10:20:12Z</time>
 </trkpt>
 <trkpt lat="62.122565880417824" lon="-7.401499282568693">
 <ele>516.10000000000002</ele>
 <time>2020-07-30T10:20:23Z</time>
 </trkpt>
 <trkpt lat="62.12250754237175" lon="-7.401360226795077">
 <ele>516.15999999999997</ele>
 <time>2020-07-30T10:22:27Z</time>
 </trkpt>
 <trkpt lat="62.122541069984436" lon="-7.401311444118619">
 <ele>516.64999999999998</ele>
 <time>2020-07-30T10:22:57Z</time>
 </trkpt>
 <trkpt lat="62.122525982558727" lon="-7.401202479377389">
 <ele>516.40999999999997</ele>
 <time>2020-07-30T10:24:18Z</time>
 </trkpt>
 <trkpt lat="62.122474350035191" lon="-7.401047833263874">
 <ele>516.66999999999996</ele>
 <time>2020-07-30T10:24:30Z</time>
 </trkpt>
 <trkpt lat="62.122420202940702" lon="-7.400899473577738">
 <ele>516.62</ele>
 <time>2020-07-30T10:24:39Z</time>
 </trkpt>
 <trkpt lat="62.122404864057899" lon="-7.400704929605126">
 <ele>516.35000000000002</ele>
 <time>2020-07-30T10:24:50Z</time>
 </trkpt>
 <trkpt lat="62.122411737218499" lon="-7.400499153882265">
 <ele>515.72000000000003</ele>
 <time>2020-07-30T10:25:37Z</time>
 </trkpt>
 <trkpt lat="62.122427662834525" lon="-7.400312824174762">
 <ele>513.59000000000003</ele>
 <time>2020-07-30T10:25:51Z</time>
 </trkpt>
 <trkpt lat="62.122477870434523" lon="-7.400144683197141">
 <ele>511.16000000000003</ele>
 <time>2020-07-30T10:26:14Z</time>
 </trkpt>
 <trkpt lat="62.122464794665575" lon="-7.400066060945392">
 <ele>510.19999999999999</ele>
 <time>2020-07-30T10:27:04Z</time>
 </trkpt>
 <trkpt lat="62.122451467439532" lon="-7.399985594674945">
 <ele>507.92000000000002</ele>
 <time>2020-07-30T10:30:28Z</time>
 </trkpt>
 <trkpt lat="62.122463537380099" lon="-7.400070419535041">
 <ele>509.97000000000003</ele>
 <time>2020-07-30T10:31:47Z</time>
 </trkpt>
 <trkpt lat="62.122462783008814" lon="-7.400082405656576">
 <ele>510.07999999999998</ele>
 <time>2020-07-30T10:32:58Z</time>
 </trkpt>
 <trkpt lat="62.122333198785782" lon="-7.400064803659916">
 <ele>511.75999999999999</ele>
 <time>2020-07-30T10:37:05Z</time>
 </trkpt>
 <trkpt lat="62.122260192409158" lon="-7.400201177224517">
 <ele>513.88999999999999</ele>
 <time>2020-07-30T10:37:21Z</time>
 </trkpt>
 <trkpt lat="62.12216891348362" lon="-7.400168152526021">
 <ele>515.88</ele>
 <time>2020-07-30T10:37:33Z</time>
 </trkpt>
 <trkpt lat="62.122071096673608" lon="-7.400185167789459">
 <ele>518.71000000000004</ele>
 <time>2020-07-30T10:37:53Z</time>
 </trkpt>
 <trkpt lat="62.121994821354747" lon="-7.400141581892967">
 <ele>520.39999999999998</ele>
 <time>2020-07-30T10:38:19Z</time>
 </trkpt>
 <trkpt lat="62.121959533542395" lon="-7.399972099810839">
 <ele>521.52999999999997</ele>
 <time>2020-07-30T10:38:32Z</time>
 </trkpt>
 <trkpt lat="62.121862303465605" lon="-7.399877216666937">
 <ele>523.40999999999997</ele>
 <time>2020-07-30T10:38:55Z</time>
 </trkpt>
 <trkpt lat="62.121803043410182" lon="-7.399728773161769">
 <ele>525.39999999999998</ele>
 <time>2020-07-30T10:39:07Z</time>
 </trkpt>
 <trkpt lat="62.121770521625876" lon="-7.399544958025217">
 <ele>525.72000000000003</ele>
 <time>2020-07-30T10:39:24Z</time>
 </trkpt>
 <trkpt lat="62.121710423380136" lon="-7.399374386295676">
 <ele>527.72000000000003</ele>
 <time>2020-07-30T10:39:36Z</time>
 </trkpt>
 <trkpt lat="62.12166415527463" lon="-7.39917372353375">
 <ele>529.02999999999997</ele>
 <time>2020-07-30T10:39:53Z</time>
 </trkpt>
 <trkpt lat="62.121567260473967" lon="-7.39920062944293">
 <ele>532.51999999999998</ele>
 <time>2020-07-30T10:40:09Z</time>
 </trkpt>
 <trkpt lat="62.121503390371799" lon="-7.399086216464639">
 <ele>535.66999999999996</ele>
 <time>2020-07-30T10:40:27Z</time>
 </trkpt>
 <trkpt lat="62.121438346803188" lon="-7.398924864828587">
 <ele>537.94000000000005</ele>
 <time>2020-07-30T10:40:41Z</time>
 </trkpt>
 <trkpt lat="62.121376153081656" lon="-7.398741384968162">
 <ele>539.72000000000003</ele>
 <time>2020-07-30T10:41:02Z</time>
 </trkpt>
 <trkpt lat="62.121346313506365" lon="-7.398556647822261">
 <ele>540.94000000000005</ele>
 <time>2020-07-30T10:41:14Z</time>
 </trkpt>
 <trkpt lat="62.121316390112042" lon="-7.398366378620267">
 <ele>541.85000000000002</ele>
 <time>2020-07-30T10:41:24Z</time>
 </trkpt>
 <trkpt lat="62.121267272159457" lon="-7.398199494928122">
 <ele>543.61000000000001</ele>
 <time>2020-07-30T10:41:36Z</time>
 </trkpt>
 <trkpt lat="62.12122636847198" lon="-7.398012327030301">
 <ele>544.89999999999998</ele>
 <time>2020-07-30T10:41:48Z</time>
 </trkpt>
 <trkpt lat="62.121174987405539" lon="-7.397846532985568">
 <ele>545.99000000000001</ele>
 <time>2020-07-30T10:41:58Z</time>
 </trkpt>
 <trkpt lat="62.121124025434256" lon="-7.397648384794593">
 <ele>546.63999999999999</ele>
 <time>2020-07-30T10:42:08Z</time>
 </trkpt>
 <trkpt lat="62.121077505871654" lon="-7.397459708154202">
 <ele>548.07000000000005</ele>
 <time>2020-07-30T10:42:19Z</time>
 </trkpt>
 <trkpt lat="62.121040038764477" lon="-7.397258710116148">
 <ele>547.69000000000005</ele>
 <time>2020-07-30T10:42:37Z</time>
 </trkpt>
 <trkpt lat="62.120979186147451" lon="-7.39708486944437">
 <ele>547.48000000000002</ele>
 <time>2020-07-30T10:42:46Z</time>
 </trkpt>
 <trkpt lat="62.120967535302043" lon="-7.396892756223679">
 <ele>545.96000000000004</ele>
 <time>2020-07-30T10:43:00Z</time>
 </trkpt>
 <trkpt lat="62.120959153398871" lon="-7.396690584719181">
 <ele>544.24000000000001</ele>
 <time>2020-07-30T10:43:10Z</time>
 </trkpt>
 <trkpt lat="62.120948927477002" lon="-7.396522695198655">
 <ele>543.09000000000003</ele>
 <time>2020-07-30T10:44:10Z</time>
 </trkpt>
 <trkpt lat="62.120909113436937" lon="-7.39634114317596">
 <ele>542.34000000000003</ele>
 <time>2020-07-30T10:44:19Z</time>
 </trkpt>
 <trkpt lat="62.120860163122416" lon="-7.396144503727555">
 <ele>542.90999999999997</ele>
 <time>2020-07-30T10:44:28Z</time>
 </trkpt>
 <trkpt lat="62.120798388496041" lon="-7.395970160141587">
 <ele>545.30999999999995</ele>
 <time>2020-07-30T10:44:40Z</time>
 </trkpt>
 <trkpt lat="62.120764274150133" lon="-7.395780980587006">
 <ele>546.88999999999999</ele>
 <time>2020-07-30T10:44:52Z</time>
 </trkpt>
 <trkpt lat="62.120712054893374" lon="-7.395612252876163">
 <ele>548.96000000000004</ele>
 <time>2020-07-30T10:45:12Z</time>
 </trkpt>
 <trkpt lat="62.120645586401224" lon="-7.395448554307222">
 <ele>551.03999999999996</ele>
 <time>2020-07-30T10:45:23Z</time>
 </trkpt>
 <trkpt lat="62.120589930564165" lon="-7.395265577360988">
 <ele>552.77999999999997</ele>
 <time>2020-07-30T10:46:02Z</time>
 </trkpt>
 <trkpt lat="62.120525557547808" lon="-7.395095508545637">
 <ele>553.34000000000003</ele>
 <time>2020-07-30T10:46:55Z</time>
 </trkpt>
 <trkpt lat="62.120483228936791" lon="-7.394903227686882">
 <ele>553.19000000000005</ele>
 <time>2020-07-30T10:47:08Z</time>
 </trkpt>
 <trkpt lat="62.120436960831285" lon="-7.394697451964021">
 <ele>553.54999999999995</ele>
 <time>2020-07-30T10:47:20Z</time>
 </trkpt>
 <trkpt lat="62.120374096557498" lon="-7.394537022337318">
 <ele>554.33000000000004</ele>
 <time>2020-07-30T10:47:40Z</time>
 </trkpt>
 <trkpt lat="62.120366720482707" lon="-7.39432998932898">
 <ele>554.58000000000004</ele>
 <time>2020-07-30T10:47:51Z</time>
 </trkpt>
 <trkpt lat="62.12033461779356" lon="-7.394115328788757">
 <ele>555.25999999999999</ele>
 <time>2020-07-30T10:48:14Z</time>
 </trkpt>
 <trkpt lat="62.120306706055999" lon="-7.393910475075245">
 <ele>555.66999999999996</ele>
 <time>2020-07-30T10:48:24Z</time>
 </trkpt>
 <trkpt lat="62.120289858430624" lon="-7.393708638846874">
 <ele>557.48000000000002</ele>
 <time>2020-07-30T10:48:36Z</time>
 </trkpt>
 <trkpt lat="62.120295474305749" lon="-7.393516525626183">
 <ele>557.65999999999997</ele>
 <time>2020-07-30T10:48:51Z</time>
 </trkpt>
 <trkpt lat="62.120315507054329" lon="-7.393312258645892">
 <ele>560.38</ele>
 <time>2020-07-30T10:49:06Z</time>
 </trkpt>
 <trkpt lat="62.120335623621941" lon="-7.393121654167771">
 <ele>561.80999999999995</ele>
 <time>2020-07-30T10:49:23Z</time>
 </trkpt>
 <trkpt lat="62.120352135971189" lon="-7.392917890101671">
 <ele>563.98000000000002</ele>
 <time>2020-07-30T10:49:41Z</time>
 </trkpt>
 <trkpt lat="62.120371414348483" lon="-7.392710018903017">
 <ele>565.61000000000001</ele>
 <time>2020-07-30T10:50:04Z</time>
 </trkpt>
 <trkpt lat="62.120389519259334" lon="-7.392502399161458">
 <ele>568.28999999999996</ele>
 <time>2020-07-30T10:50:23Z</time>
 </trkpt>
 <trkpt lat="62.120421035215259" lon="-7.392312129959464">
 <ele>570.36000000000001</ele>
 <time>2020-07-30T10:50:42Z</time>
 </trkpt>
 <trkpt lat="62.120461016893387" lon="-7.392129823565483">
 <ele>571.16999999999996</ele>
 <time>2020-07-30T10:51:03Z</time>
 </trkpt>
 <trkpt lat="62.120486162602901" lon="-7.391911810263991">
 <ele>574.92999999999995</ele>
 <time>2020-07-30T10:51:21Z</time>
 </trkpt>
 <trkpt lat="62.120505105704069" lon="-7.391697317361832">
 <ele>579.57000000000005</ele>
 <time>2020-07-30T10:51:41Z</time>
 </trkpt>
 <trkpt lat="62.120502255856991" lon="-7.391467485576868">
 <ele>583.54999999999995</ele>
 <time>2020-07-30T10:52:04Z</time>
 </trkpt>
 <trkpt lat="62.120497729629278" lon="-7.391261542215943">
 <ele>585.91999999999996</ele>
 <time>2020-07-30T10:52:34Z</time>
 </trkpt>
 <trkpt lat="62.120430674403906" lon="-7.391238575801253">
 <ele>587.07000000000005</ele>
 <time>2020-07-30T10:54:38Z</time>
 </trkpt>
 <trkpt lat="62.12040888145566" lon="-7.391059789806604">
 <ele>587.58000000000004</ele>
 <time>2020-07-30T10:54:49Z</time>
 </trkpt>
 <trkpt lat="62.120353896170855" lon="-7.390910089015961">
 <ele>588.28999999999996</ele>
 <time>2020-07-30T10:55:45Z</time>
 </trkpt>
 <trkpt lat="62.120302431285381" lon="-7.390729207545519">
 <ele>588.72000000000003</ele>
 <time>2020-07-30T10:55:54Z</time>
 </trkpt>
 <trkpt lat="62.120236130431294" lon="-7.390577243641019">
 <ele>588.22000000000003</ele>
 <time>2020-07-30T10:56:08Z</time>
 </trkpt>
 <trkpt lat="62.120158178731799" lon="-7.390424190089107">
 <ele>587.54999999999995</ele>
 <time>2020-07-30T10:56:33Z</time>
 </trkpt>
 <trkpt lat="62.120068660005927" lon="-7.3903329949826">
 <ele>587.97000000000003</ele>
 <time>2020-07-30T10:56:41Z</time>
 </trkpt>
 <trkpt lat="62.119982074946165" lon="-7.390245487913489">
 <ele>587.83000000000004</ele>
 <time>2020-07-30T10:56:50Z</time>
 </trkpt>
 <trkpt lat="62.119882078841329" lon="-7.390242051333189">
 <ele>588.64999999999998</ele>
 <time>2020-07-30T10:57:00Z</time>
 </trkpt>
 <trkpt lat="62.11979859508574" lon="-7.390195783227682">
 <ele>588.52999999999997</ele>
 <time>2020-07-30T10:57:18Z</time>
 </trkpt>
 <trkpt lat="62.11971209384501" lon="-7.39015756174922">
 <ele>588.53999999999996</ele>
 <time>2020-07-30T10:57:29Z</time>
 </trkpt>
 <trkpt lat="62.119624000042677" lon="-7.390118585899472">
 <ele>587.42999999999995</ele>
 <time>2020-07-30T10:57:53Z</time>
 </trkpt>
 <trkpt lat="62.119540013372898" lon="-7.390045495703816">
 <ele>586.22000000000003</ele>
 <time>2020-07-30T10:58:06Z</time>
 </trkpt>
 <trkpt lat="62.11944923736155" lon="-7.389997383579612">
 <ele>585.38</ele>
 <time>2020-07-30T10:58:19Z</time>
 </trkpt>
 <trkpt lat="62.119359215721488" lon="-7.389949103817344">
 <ele>583.99000000000001</ele>
 <time>2020-07-30T10:58:30Z</time>
 </trkpt>
 <trkpt lat="62.119031650945544" lon="-7.389223733916879">
 <ele>568.60000000000002</ele>
 <time>2020-07-30T11:09:52Z</time>
 </trkpt>
 <trkpt lat="62.119068615138531" lon="-7.389039751142263">
 <ele>566.91999999999996</ele>
 <time>2020-07-30T11:10:07Z</time>
 </trkpt>
 <trkpt lat="62.11913893930614" lon="-7.388902371749282">
 <ele>565.90999999999997</ele>
 <time>2020-07-30T11:10:19Z</time>
 </trkpt>
 <trkpt lat="62.119140783324838" lon="-7.388674300163984">
 <ele>563.26999999999998</ele>
 <time>2020-07-30T11:11:13Z</time>
 </trkpt>
 <trkpt lat="62.119133155792952" lon="-7.388490149751306">
 <ele>561.57000000000005</ele>
 <time>2020-07-30T11:11:26Z</time>
 </trkpt>
 <trkpt lat="62.119059897959232" lon="-7.388283703476191">
 <ele>554.29999999999995</ele>
 <time>2020-07-30T11:12:16Z</time>
 </trkpt>
 <trkpt lat="62.119021927937865" lon="-7.388134589418769">
 <ele>550.77999999999997</ele>
 <time>2020-07-30T11:12:44Z</time>
 </trkpt>
 <trkpt lat="62.118964344263077" lon="-7.387952953577042">
 <ele>544.34000000000003</ele>
 <time>2020-07-30T11:13:14Z</time>
 </trkpt>
 <trkpt lat="62.118878932669759" lon="-7.387942643836141">
 <ele>541.48000000000002</ele>
 <time>2020-07-30T11:13:43Z</time>
 </trkpt>
 <trkpt lat="62.118857642635703" lon="-7.387812556698918">
 <ele>536.17999999999995</ele>
 <time>2020-07-30T11:14:48Z</time>
 </trkpt>
 <trkpt lat="62.118774242699146" lon="-7.38771004602313">
 <ele>530.12</ele>
 <time>2020-07-30T11:15:27Z</time>
 </trkpt>
 <trkpt lat="62.118718922138214" lon="-7.387675093486905">
 <ele>526.04999999999995</ele>
 <time>2020-07-30T11:15:54Z</time>
 </trkpt>
 <trkpt lat="62.118678772822022" lon="-7.387509718537331">
 <ele>527.01999999999998</ele>
 <time>2020-07-30T11:16:25Z</time>
 </trkpt>
 <trkpt lat="62.11863661184907" lon="-7.387333866208792">
 <ele>522.59000000000003</ele>
 <time>2020-07-30T11:17:04Z</time>
 </trkpt>
 <trkpt lat="62.118584560230374" lon="-7.387315845116973">
 <ele>518.13999999999999</ele>
 <time>2020-07-30T11:17:54Z</time>
 </trkpt>
 <trkpt lat="62.118516163900495" lon="-7.387186260893941">
 <ele>511.93000000000001</ele>
 <time>2020-07-30T11:18:26Z</time>
 </trkpt>
 <trkpt lat="62.118441062048078" lon="-7.387087857350707">
 <ele>507.67000000000002</ele>
 <time>2020-07-30T11:18:51Z</time>
 </trkpt>
 <trkpt lat="62.118389597162604" lon="-7.386953327804804">
 <ele>502.97000000000003</ele>
 <time>2020-07-30T11:19:13Z</time>
 </trkpt>
 <trkpt lat="62.118347100913525" lon="-7.38679675385356">
 <ele>499.25</ele>
 <time>2020-07-30T11:19:28Z</time>
 </trkpt>
 <trkpt lat="62.118268646299839" lon="-7.386702541261911">
 <ele>496.62</ele>
 <time>2020-07-30T11:19:40Z</time>
 </trkpt>
 <trkpt lat="62.118185246363282" lon="-7.386614447459579">
 <ele>494.70999999999998</ele>
 <time>2020-07-30T11:19:53Z</time>
 </trkpt>
 <trkpt lat="62.118140906095505" lon="-7.386442618444562">
 <ele>492.94999999999999</ele>
 <time>2020-07-30T11:20:03Z</time>
 </trkpt>
 <trkpt lat="62.118120873346925" lon="-7.386259809136391">
 <ele>491.25999999999999</ele>
 <time>2020-07-30T11:20:16Z</time>
 </trkpt>
 <trkpt lat="62.118067312985659" lon="-7.386121591553092">
 <ele>488.00999999999999</ele>
 <time>2020-07-30T11:20:30Z</time>
 </trkpt>
 <trkpt lat="62.118021128699183" lon="-7.385941129177809">
 <ele>484.86000000000001</ele>
 <time>2020-07-30T11:20:42Z</time>
 </trkpt>
 <trkpt lat="62.11796136572957" lon="-7.385771228000522">
 <ele>482.49000000000001</ele>
 <time>2020-07-30T11:20:52Z</time>
 </trkpt>
 <trkpt lat="62.117907973006368" lon="-7.385616162791848">
 <ele>479.81999999999999</ele>
 <time>2020-07-30T11:21:02Z</time>
 </trkpt>
 <trkpt lat="62.117848712950945" lon="-7.385447602719069">
 <ele>477.25</ele>
 <time>2020-07-30T11:21:15Z</time>
 </trkpt>
 <trkpt lat="62.117812000215054" lon="-7.385280802845955">
 <ele>475.24000000000001</ele>
 <time>2020-07-30T11:21:28Z</time>
 </trkpt>
 <trkpt lat="62.11777076125145" lon="-7.385156834498048">
 <ele>474</ele>
 <time>2020-07-30T11:22:03Z</time>
 </trkpt>
 <trkpt lat="62.11777176707983" lon="-7.384986262768507">
 <ele>468.97000000000003</ele>
 <time>2020-07-30T11:22:47Z</time>
 </trkpt>
 <trkpt lat="62.117760367691517" lon="-7.384891714900732">
 <ele>466.14999999999998</ele>
 <time>2020-07-30T11:23:27Z</time>
 </trkpt>
 <trkpt lat="62.117723738774657" lon="-7.38471083343029">
 <ele>461.82999999999998</ele>
 <time>2020-07-30T11:23:46Z</time>
 </trkpt>
 <trkpt lat="62.117657940834761" lon="-7.384704547002912">
 <ele>459.04000000000002</ele>
 <time>2020-07-30T11:24:21Z</time>
 </trkpt>
 <trkpt lat="62.117641847580671" lon="-7.384527185931802">
 <ele>455.97000000000003</ele>
 <time>2020-07-30T11:25:01Z</time>
 </trkpt>
 <trkpt lat="62.117663389071822" lon="-7.384367929771543">
 <ele>452.17000000000002</ele>
 <time>2020-07-30T11:25:28Z</time>
 </trkpt>
 <trkpt lat="62.117614187300205" lon="-7.384311938658357">
 <ele>447.31</ele>
 <time>2020-07-30T11:25:52Z</time>
 </trkpt>
 <trkpt lat="62.117591053247452" lon="-7.384138097986579">
 <ele>443.36000000000001</ele>
 <time>2020-07-30T11:26:09Z</time>
 </trkpt>
 <trkpt lat="62.117531625553966" lon="-7.383983284235001">
 <ele>439.06999999999999</ele>
 <time>2020-07-30T11:26:34Z</time>
 </trkpt>
 <trkpt lat="62.11744537577033" lon="-7.383906673640013">
 <ele>435.77999999999997</ele>
 <time>2020-07-30T11:26:50Z</time>
 </trkpt>
 <trkpt lat="62.117368262261152" lon="-7.383795781061053">
 <ele>434.19999999999999</ele>
 <time>2020-07-30T11:26:59Z</time>
 </trkpt>
 <trkpt lat="62.117352420464158" lon="-7.383606098592281">
 <ele>433.50999999999999</ele>
 <time>2020-07-30T11:27:07Z</time>
 </trkpt>
 <trkpt lat="62.117317384108901" lon="-7.383415661752224">
 <ele>431.35000000000002</ele>
 <time>2020-07-30T11:27:16Z</time>
 </trkpt>
 <trkpt lat="62.11731486953795" lon="-7.38318532705307">
 <ele>431.33999999999997</ele>
 <time>2020-07-30T11:27:24Z</time>
 </trkpt>
 <trkpt lat="62.117285868152976" lon="-7.38298935815692">
 <ele>431.61000000000001</ele>
 <time>2020-07-30T11:27:34Z</time>
 </trkpt>
 <trkpt lat="62.11725577712059" lon="-7.382829431444407">
 <ele>429.63</ele>
 <time>2020-07-30T11:27:55Z</time>
 </trkpt>
 <trkpt lat="62.117210431024432" lon="-7.382673947140575">
 <ele>424.44999999999999</ele>
 <time>2020-07-30T11:28:38Z</time>
 </trkpt>
 <trkpt lat="62.117223842069507" lon="-7.382497424259782">
 <ele>420.04000000000002</ele>
 <time>2020-07-30T11:29:09Z</time>
 </trkpt>
 <trkpt lat="62.117157457396388" lon="-7.382378820329905">
 <ele>416.22000000000003</ele>
 <time>2020-07-30T11:29:31Z</time>
 </trkpt>
 <trkpt lat="62.117107501253486" lon="-7.382223671302199">
 <ele>412.5</ele>
 <time>2020-07-30T11:30:14Z</time>
 </trkpt>
 <trkpt lat="62.117088222876191" lon="-7.382006999105215">
 <ele>406.76999999999998</ele>
 <time>2020-07-30T11:30:51Z</time>
 </trkpt>
 <trkpt lat="62.117097526788712" lon="-7.381810611113906">
 <ele>402.36000000000001</ele>
 <time>2020-07-30T11:31:14Z</time>
 </trkpt>
 <trkpt lat="62.117086462676525" lon="-7.381596788764">
 <ele>399.23000000000002</ele>
 <time>2020-07-30T11:31:29Z</time>
 </trkpt>
 <trkpt lat="62.117040446028113" lon="-7.38139009103179">
 <ele>395.38999999999999</ele>
 <time>2020-07-30T11:31:45Z</time>
 </trkpt>
 <trkpt lat="62.117037763819098" lon="-7.381196217611432">
 <ele>393.50999999999999</ele>
 <time>2020-07-30T11:31:57Z</time>
 </trkpt>
 <trkpt lat="62.117004152387381" lon="-7.381004523485899">
 <ele>390.73000000000002</ele>
 <time>2020-07-30T11:32:14Z</time>
 </trkpt>
 <trkpt lat="62.116975067183375" lon="-7.38081157207489">
 <ele>386.19</ele>
 <time>2020-07-30T11:32:32Z</time>
 </trkpt>
 <trkpt lat="62.116926703602076" lon="-7.380620548501611">
 <ele>383.20999999999998</ele>
 <time>2020-07-30T11:32:43Z</time>
 </trkpt>
 <trkpt lat="62.116875909268856" lon="-7.38045777194202">
 <ele>382.17000000000002</ele>
 <time>2020-07-30T11:32:53Z</time>
 </trkpt>
 <trkpt lat="62.116839196532965" lon="-7.380265826359391">
 <ele>378.93000000000001</ele>
 <time>2020-07-30T11:33:08Z</time>
 </trkpt>
 <trkpt lat="62.116843303665519" lon="-7.380113862454891">
 <ele>376.49000000000001</ele>
 <time>2020-07-30T11:33:52Z</time>
 </trkpt>
 <trkpt lat="62.116837268695235" lon="-7.380063571035862">
 <ele>377.01999999999998</ele>
 <time>2020-07-30T11:35:22Z</time>
 </trkpt>
 <trkpt lat="62.116846572607756" lon="-7.380057871341705">
 <ele>377.10000000000002</ele>
 <time>2020-07-30T11:37:01Z</time>
 </trkpt>
 <trkpt lat="62.116829222068191" lon="-7.379909176379442">
 <ele>373.38999999999999</ele>
 <time>2020-07-30T11:37:40Z</time>
 </trkpt>
 <trkpt lat="62.116818744689226" lon="-7.379708010703325">
 <ele>369.62</ele>
 <time>2020-07-30T11:38:04Z</time>
 </trkpt>
 <trkpt lat="62.116707433015108" lon="-7.37940626218915">
 <ele>369.50999999999999</ele>
 <time>2020-07-30T11:45:33Z</time>
 </trkpt>
 <trkpt lat="62.116715060546994" lon="-7.379175173118711">
 <ele>368.69999999999999</ele>
 <time>2020-07-30T11:45:46Z</time>
 </trkpt>
 <trkpt lat="62.116691758856177" lon="-7.378966296091676">
 <ele>366.56999999999999</ele>
 <time>2020-07-30T11:46:11Z</time>
 </trkpt>
 <trkpt lat="62.116698129102588" lon="-7.378775691613555">
 <ele>361.99000000000001</ele>
 <time>2020-07-30T11:46:34Z</time>
 </trkpt>
 <trkpt lat="62.116721598431468" lon="-7.378582991659641">
 <ele>360.70999999999998</ele>
 <time>2020-07-30T11:46:44Z</time>
 </trkpt>
 <trkpt lat="62.11670458316803" lon="-7.378368163481355">
 <ele>358.14999999999998</ele>
 <time>2020-07-30T11:46:59Z</time>
 </trkpt>
 <trkpt lat="62.116750096902251" lon="-7.37824528478086">
 <ele>356.22000000000003</ele>
 <time>2020-07-30T11:47:27Z</time>
 </trkpt>
 <trkpt lat="62.11678178049624" lon="-7.378057530149818">
 <ele>353.81</ele>
 <time>2020-07-30T11:47:39Z</time>
 </trkpt>
 <trkpt lat="62.116839280351996" lon="-7.37791302613914">
 <ele>351.95999999999998</ele>
 <time>2020-07-30T11:47:49Z</time>
 </trkpt>
 <trkpt lat="62.116889990866184" lon="-7.377747986465693">
 <ele>349.79000000000002</ele>
 <time>2020-07-30T11:48:02Z</time>
 </trkpt>
 <trkpt lat="62.116921925917268" lon="-7.37754656933248">
 <ele>348.12</ele>
 <time>2020-07-30T11:48:12Z</time>
 </trkpt>
 <trkpt lat="62.116952519863844" lon="-7.377369459718466">
 <ele>346.49000000000001</ele>
 <time>2020-07-30T11:48:23Z</time>
 </trkpt>
 <trkpt lat="62.116990406066179" lon="-7.377194948494434">
 <ele>345.44999999999999</ele>
 <time>2020-07-30T11:48:31Z</time>
 </trkpt>
 <trkpt lat="62.117007588967681" lon="-7.376984311267734">
 <ele>343.95999999999998</ele>
 <time>2020-07-30T11:48:49Z</time>
 </trkpt>
 <trkpt lat="62.117077829316258" lon="-7.376879872754216">
 <ele>340.18000000000001</ele>
 <time>2020-07-30T11:49:05Z</time>
 </trkpt>
 <trkpt lat="62.117147902026772" lon="-7.376779792830348">
 <ele>339.44999999999999</ele>
 <time>2020-07-30T11:49:30Z</time>
 </trkpt>
 <trkpt lat="62.117229290306568" lon="-7.376712653785944">
 <ele>339.55000000000001</ele>
 <time>2020-07-30T11:49:39Z</time>
 </trkpt>
 <trkpt lat="62.117304978892207" lon="-7.376600503921509">
 <ele>339.31</ele>
 <time>2020-07-30T11:49:47Z</time>
 </trkpt>
 <trkpt lat="62.117376644164324" lon="-7.376461867243052">
 <ele>338.00999999999999</ele>
 <time>2020-07-30T11:49:56Z</time>
 </trkpt>
 <trkpt lat="62.117461552843451" lon="-7.376384334638715">
 <ele>338.45999999999998</ele>
 <time>2020-07-30T11:50:05Z</time>
 </trkpt>
 <trkpt lat="62.117553167045116" lon="-7.376300850883126">
 <ele>339.26999999999998</ele>
 <time>2020-07-30T11:50:21Z</time>
 </trkpt>
 <trkpt lat="62.117647128179669" lon="-7.376233628019691">
 <ele>339.54000000000002</ele>
 <time>2020-07-30T11:50:29Z</time>
 </trkpt>
 <trkpt lat="62.117745950818062" lon="-7.37619255669415">
 <ele>338.17000000000002</ele>
 <time>2020-07-30T11:50:42Z</time>
 </trkpt>
 <trkpt lat="62.117832703515887" lon="-7.376104881986976">
 <ele>338.07999999999998</ele>
 <time>2020-07-30T11:50:50Z</time>
 </trkpt>
 <trkpt lat="62.117928341031075" lon="-7.376068169251084">
 <ele>337.32999999999998</ele>
 <time>2020-07-30T11:50:58Z</time>
 </trkpt>
 <trkpt lat="62.118010651320219" lon="-7.3759809974581">
 <ele>336.16000000000003</ele>
 <time>2020-07-30T11:51:06Z</time>
 </trkpt>
 <trkpt lat="62.118096901103854" lon="-7.375915786251426">
 <ele>335.51999999999998</ele>
 <time>2020-07-30T11:51:15Z</time>
 </trkpt>
 <trkpt lat="62.118177032098174" lon="-7.375796847045422">
 <ele>334.52999999999997</ele>
 <time>2020-07-30T11:51:25Z</time>
 </trkpt>
 <trkpt lat="62.118256743997335" lon="-7.37569022923708">
 <ele>332.94</ele>
 <time>2020-07-30T11:51:34Z</time>
 </trkpt>
 <trkpt lat="62.118323883041739" lon="-7.375551760196686">
 <ele>330.91000000000003</ele>
 <time>2020-07-30T11:51:44Z</time>
 </trkpt>
 <trkpt lat="62.118371073156595" lon="-7.375371716916561">
 <ele>329.13</ele>
 <time>2020-07-30T11:51:54Z</time>
 </trkpt>
 <trkpt lat="62.118441732600331" lon="-7.375272223725915">
 <ele>328.00999999999999</ele>
 <time>2020-07-30T11:52:05Z</time>
 </trkpt>
 <trkpt lat="62.118535274639726" lon="-7.375249844044447">
 <ele>326.16000000000003</ele>
 <time>2020-07-30T11:52:14Z</time>
 </trkpt>
 <trkpt lat="62.118624122813344" lon="-7.375232996419072">
 <ele>324.81</ele>
 <time>2020-07-30T11:52:23Z</time>
 </trkpt>
 <trkpt lat="62.118720514699817" lon="-7.375225704163313">
 <ele>322.70999999999998</ele>
 <time>2020-07-30T11:52:33Z</time>
 </trkpt>
 <trkpt lat="62.118812799453735" lon="-7.375264596194029">
 <ele>319.63</ele>
 <time>2020-07-30T11:52:46Z</time>
 </trkpt>
 <trkpt lat="62.118856552988291" lon="-7.375157810747623">
 <ele>318.22000000000003</ele>
 <time>2020-07-30T11:53:04Z</time>
 </trkpt>
 <trkpt lat="62.118873400613666" lon="-7.374968463554978">
 <ele>318.01999999999998</ele>
 <time>2020-07-30T11:53:13Z</time>
 </trkpt>
 <trkpt lat="62.11887214332819" lon="-7.374768722802401">
 <ele>318.20999999999998</ele>
 <time>2020-07-30T11:53:31Z</time>
 </trkpt>
 <trkpt lat="62.118874406442046" lon="-7.374585410580039">
 <ele>316.70999999999998</ele>
 <time>2020-07-30T11:54:06Z</time>
 </trkpt>
 <trkpt lat="62.118878681212664" lon="-7.374373516067863">
 <ele>313.94</ele>
 <time>2020-07-30T11:54:33Z</time>
 </trkpt>
 <trkpt lat="62.118856972083449" lon="-7.374200262129307">
 <ele>312.18000000000001</ele>
 <time>2020-07-30T11:54:44Z</time>
 </trkpt>
 <trkpt lat="62.118842806667089" lon="-7.373995492234826">
 <ele>309.72000000000003</ele>
 <time>2020-07-30T11:55:03Z</time>
 </trkpt>
 <trkpt lat="62.118819253519177" lon="-7.373790973797441">
 <ele>308.81</ele>
 <time>2020-07-30T11:55:14Z</time>
 </trkpt>
 <trkpt lat="62.11880567483604" lon="-7.373578744009137">
 <ele>307.77999999999997</ele>
 <time>2020-07-30T11:55:25Z</time>
 </trkpt>
 <trkpt lat="62.11878270842135" lon="-7.373388055711985">
 <ele>307.41000000000003</ele>
 <time>2020-07-30T11:55:36Z</time>
 </trkpt>
 <trkpt lat="62.118769213557243" lon="-7.373206336051226">
 <ele>305.87</ele>
 <time>2020-07-30T11:55:58Z</time>
 </trkpt>
 <trkpt lat="62.118759574368596" lon="-7.373035848140717">
 <ele>303.77999999999997</ele>
 <time>2020-07-30T11:56:19Z</time>
 </trkpt>
 <trkpt lat="62.118732500821352" lon="-7.372885225340724">
 <ele>303.13</ele>
 <time>2020-07-30T11:58:42Z</time>
 </trkpt>
 <trkpt lat="62.118717581033707" lon="-7.372677773237228">
 <ele>301.98000000000002</ele>
 <time>2020-07-30T11:58:49Z</time>
 </trkpt>
 <trkpt lat="62.118705175817013" lon="-7.372455568984151">
 <ele>301.27999999999997</ele>
 <time>2020-07-30T11:58:56Z</time>
 </trkpt>
 <trkpt lat="62.118678856641054" lon="-7.372269658371806">
 <ele>301.13</ele>
 <time>2020-07-30T11:59:04Z</time>
 </trkpt>
 <trkpt lat="62.118637869134545" lon="-7.372086765244603">
 <ele>301.31</ele>
 <time>2020-07-30T11:59:12Z</time>
 </trkpt>
 <trkpt lat="62.118591517210007" lon="-7.371898423880339">
 <ele>300.81999999999999</ele>
 <time>2020-07-30T11:59:20Z</time>
 </trkpt>
 <trkpt lat="62.118555726483464" lon="-7.371701365336776">
 <ele>300.95999999999998</ele>
 <time>2020-07-30T11:59:28Z</time>
 </trkpt>
 <trkpt lat="62.118519935756922" lon="-7.371507827192545">
 <ele>301.67000000000002</ele>
 <time>2020-07-30T11:59:36Z</time>
 </trkpt>
 <trkpt lat="62.118485821411014" lon="-7.371309930458665">
 <ele>302.18000000000001</ele>
 <time>2020-07-30T11:59:44Z</time>
 </trkpt>
 <trkpt lat="62.11843921802938" lon="-7.371122008189559">
 <ele>302.49000000000001</ele>
 <time>2020-07-30T11:59:51Z</time>
 </trkpt>
 <trkpt lat="62.118414742872119" lon="-7.370930146425962">
 <ele>302.83999999999997</ele>
 <time>2020-07-30T11:59:58Z</time>
 </trkpt>
 <trkpt lat="62.118404097855091" lon="-7.370736189186573">
 <ele>303.56</ele>
 <time>2020-07-30T12:00:05Z</time>
 </trkpt>
 <trkpt lat="62.11837274953723" lon="-7.370529323816299">
 <ele>305.08999999999997</ele>
 <time>2020-07-30T12:00:13Z</time>
 </trkpt>
 <trkpt lat="62.118352800607681" lon="-7.370332768186927">
 <ele>305.99000000000001</ele>
 <time>2020-07-30T12:00:23Z</time>
 </trkpt>
 <trkpt lat="62.118334611877799" lon="-7.3701286688447">
 <ele>306.11000000000001</ele>
 <time>2020-07-30T12:00:30Z</time>
 </trkpt>
 <trkpt lat="62.118295216932893" lon="-7.369936974719167">
 <ele>306.72000000000003</ele>
 <time>2020-07-30T12:00:38Z</time>
 </trkpt>
 <trkpt lat="62.11829605512321" lon="-7.369739497080445">
 <ele>308.00999999999999</ele>
 <time>2020-07-30T12:00:46Z</time>
 </trkpt>
 <trkpt lat="62.11831022053957" lon="-7.369519891217351">
 <ele>308.75999999999999</ele>
 <time>2020-07-30T12:00:54Z</time>
 </trkpt>
 <trkpt lat="62.118308711796999" lon="-7.369286203756928">
 <ele>309.56</ele>
 <time>2020-07-30T12:01:03Z</time>
 </trkpt>
 <trkpt lat="62.118321284651756" lon="-7.369074309244752">
 <ele>309.73000000000002</ele>
 <time>2020-07-30T12:01:11Z</time>
 </trkpt>
 <trkpt lat="62.11834542453289" lon="-7.368870712816715">
 <ele>310.72000000000003</ele>
 <time>2020-07-30T12:01:19Z</time>
 </trkpt>
 <trkpt lat="62.118367133662105" lon="-7.36864616163075">
 <ele>311.75</ele>
 <time>2020-07-30T12:01:29Z</time>
 </trkpt>
 <trkpt lat="62.118387753143907" lon="-7.36843217164278">
 <ele>313.06999999999999</ele>
 <time>2020-07-30T12:01:39Z</time>
 </trkpt>
 <trkpt lat="62.118414156138897" lon="-7.368228742852807">
 <ele>313.76999999999998</ele>
 <time>2020-07-30T12:01:50Z</time>
 </trkpt>
 <trkpt lat="62.118426058441401" lon="-7.368005197495222">
 <ele>315.86000000000001</ele>
 <time>2020-07-30T12:02:00Z</time>
 </trkpt>
 <trkpt lat="62.118464866653085" lon="-7.36780570819974">
 <ele>316.25</ele>
 <time>2020-07-30T12:02:09Z</time>
 </trkpt>
 <trkpt lat="62.118511637672782" lon="-7.367624407634139">
 <ele>316.52999999999997</ele>
 <time>2020-07-30T12:02:17Z</time>
 </trkpt>
 <trkpt lat="62.118569388985634" lon="-7.367432126775384">
 <ele>316.94999999999999</ele>
 <time>2020-07-30T12:02:25Z</time>
 </trkpt>
 <trkpt lat="62.118620937690139" lon="-7.367250910028815">
 <ele>317.04000000000002</ele>
 <time>2020-07-30T12:02:32Z</time>
 </trkpt>
 <trkpt lat="62.118701906874776" lon="-7.367111183702946">
 <ele>317.49000000000001</ele>
 <time>2020-07-30T12:02:40Z</time>
 </trkpt>
 <trkpt lat="62.118762172758579" lon="-7.366944132372737">
 <ele>317.98000000000002</ele>
 <time>2020-07-30T12:02:47Z</time>
 </trkpt>
 <trkpt lat="62.118801986798644" lon="-7.366756796836853">
 <ele>317.58999999999997</ele>
 <time>2020-07-30T12:02:54Z</time>
 </trkpt>
 <trkpt lat="62.118810871616006" lon="-7.366553200408816">
 <ele>317.93000000000001</ele>
 <time>2020-07-30T12:03:01Z</time>
 </trkpt>
 <trkpt lat="62.11879838258028" lon="-7.366357566788793">
 <ele>317.82999999999998</ele>
 <time>2020-07-30T12:03:08Z</time>
 </trkpt>
 <trkpt lat="62.118777679279447" lon="-7.366157658398151">
 <ele>318.06999999999999</ele>
 <time>2020-07-30T12:03:16Z</time>
 </trkpt>
 <trkpt lat="62.118766363710165" lon="-7.365949284285307">
 <ele>316.48000000000002</ele>
 <time>2020-07-30T12:03:25Z</time>
 </trkpt>
 <trkpt lat="62.118762088939548" lon="-7.36574174836278">
 <ele>315.94999999999999</ele>
 <time>2020-07-30T12:03:32Z</time>
 </trkpt>
 <trkpt lat="62.118761334568262" lon="-7.365538822486997">
 <ele>315.12</ele>
 <time>2020-07-30T12:03:40Z</time>
 </trkpt>
 <trkpt lat="62.118761837482452" lon="-7.365330951288343">
 <ele>313.98000000000002</ele>
 <time>2020-07-30T12:03:50Z</time>
 </trkpt>
 <trkpt lat="62.118745911866426" lon="-7.365113440901041">
 <ele>313.29000000000002</ele>
 <time>2020-07-30T12:04:04Z</time>
 </trkpt>
 <trkpt lat="62.118765525519848" lon="-7.364917891100049">
 <ele>310.95999999999998</ele>
 <time>2020-07-30T12:04:14Z</time>
 </trkpt>
 <trkpt lat="62.118776589632034" lon="-7.36473516561091">
 <ele>308.35000000000002</ele>
 <time>2020-07-30T12:05:01Z</time>
 </trkpt>
 <trkpt lat="62.118804082274437" lon="-7.364541124552488">
 <ele>307.50999999999999</ele>
 <time>2020-07-30T12:05:09Z</time>
 </trkpt>
 <trkpt lat="62.118819672614336" lon="-7.364351777359843">
 <ele>306.31</ele>
 <time>2020-07-30T12:05:22Z</time>
 </trkpt>
 <trkpt lat="62.118806010112166" lon="-7.364159831777215">
 <ele>304.32999999999998</ele>
 <time>2020-07-30T12:05:44Z</time>
 </trkpt>
 <trkpt lat="62.118845153599977" lon="-7.364007867872715">
 <ele>303.16000000000003</ele>
 <time>2020-07-30T12:06:06Z</time>
 </trkpt>
 <trkpt lat="62.118879267945886" lon="-7.36383612267673">
 <ele>303.13999999999999</ele>
 <time>2020-07-30T12:06:16Z</time>
 </trkpt>
 <trkpt lat="62.11882570758462" lon="-7.363765044137836">
 <ele>302.29000000000002</ele>
 <time>2020-07-30T12:11:39Z</time>
 </trkpt>
 <trkpt lat="62.118754796683788" lon="-7.363618863746524">
 <ele>300.23000000000002</ele>
 <time>2020-07-30T12:11:52Z</time>
 </trkpt>
 <trkpt lat="62.118727639317513" lon="-7.363448208197951">
 <ele>297.26999999999998</ele>
 <time>2020-07-30T12:12:06Z</time>
 </trkpt>
 <trkpt lat="62.118728309869766" lon="-7.363253580406308">
 <ele>293.57999999999998</ele>
 <time>2020-07-30T12:12:22Z</time>
 </trkpt>
 <trkpt lat="62.118775667622685" lon="-7.3630675021559">
 <ele>292.16000000000003</ele>
 <time>2020-07-30T12:12:32Z</time>
 </trkpt>
 <trkpt lat="62.118789497762918" lon="-7.362862313166261">
 <ele>292.08999999999997</ele>
 <time>2020-07-30T12:12:42Z</time>
 </trkpt>
 <trkpt lat="62.118832245469093" lon="-7.362682772800326">
 <ele>292.12</ele>
 <time>2020-07-30T12:12:51Z</time>
 </trkpt>
 <trkpt lat="62.118840962648392" lon="-7.362459730356932">
 <ele>292.02999999999997</ele>
 <time>2020-07-30T12:13:08Z</time>
 </trkpt>
 <trkpt lat="62.118830485269427" lon="-7.362254122272134">
 <ele>291.86000000000001</ele>
 <time>2020-07-30T12:13:19Z</time>
 </trkpt>
 <trkpt lat="62.118852948769927" lon="-7.362041724845767">
 <ele>292.00999999999999</ele>
 <time>2020-07-30T12:13:30Z</time>
 </trkpt>
 <trkpt lat="62.118872227147222" lon="-7.361836032941937">
 <ele>291.19999999999999</ele>
 <time>2020-07-30T12:13:39Z</time>
 </trkpt>
 <trkpt lat="62.11892050690949" lon="-7.361656241118908">
 <ele>292.43000000000001</ele>
 <time>2020-07-30T12:13:49Z</time>
 </trkpt>
 <trkpt lat="62.118971804156899" lon="-7.361473767086864">
 <ele>292.58999999999997</ele>
 <time>2020-07-30T12:13:57Z</time>
 </trkpt>
 <trkpt lat="62.119022095575929" lon="-7.361291209235787">
 <ele>291.58999999999997</ele>
 <time>2020-07-30T12:14:05Z</time>
 </trkpt>
 <trkpt lat="62.119076913222671" lon="-7.361115356907249">
 <ele>290.94</ele>
 <time>2020-07-30T12:14:14Z</time>
 </trkpt>
 <trkpt lat="62.119157379493117" lon="-7.360993232578039">
 <ele>291.23000000000002</ele>
 <time>2020-07-30T12:14:22Z</time>
 </trkpt>
 <trkpt lat="62.119220662862062" lon="-7.360835233703256">
 <ele>290.75</ele>
 <time>2020-07-30T12:14:30Z</time>
 </trkpt>
 <trkpt lat="62.11928503587842" lon="-7.360708583146334">
 <ele>290.24000000000001</ele>
 <time>2020-07-30T12:14:39Z</time>
 </trkpt>
 <trkpt lat="62.119366005063057" lon="-7.360609006136656">
 <ele>290.33999999999997</ele>
 <time>2020-07-30T12:14:47Z</time>
 </trkpt>
 <trkpt lat="62.119451919570565" lon="-7.360523426905274">
 <ele>289.45999999999998</ele>
 <time>2020-07-30T12:14:56Z</time>
 </trkpt>
 <trkpt lat="62.119541522115469" lon="-7.360461484640837">
 <ele>287.93000000000001</ele>
 <time>2020-07-30T12:15:05Z</time>
 </trkpt>
 <trkpt lat="62.119629783555865" lon="-7.360414629802108">
 <ele>287.49000000000001</ele>
 <time>2020-07-30T12:15:14Z</time>
 </trkpt>
 <trkpt lat="62.119693150743842" lon="-7.360287643969059">
 <ele>287.79000000000002</ele>
 <time>2020-07-30T12:15:26Z</time>
 </trkpt>
 <trkpt lat="62.11972332559526" lon="-7.360086897388101">
 <ele>288.23000000000002</ele>
 <time>2020-07-30T12:15:37Z</time>
 </trkpt>
 <trkpt lat="62.119746711105108" lon="-7.359893023967743">
 <ele>287.04000000000002</ele>
 <time>2020-07-30T12:15:48Z</time>
 </trkpt>
 <trkpt lat="62.119809072464705" lon="-7.359749441966415">
 <ele>286.56999999999999</ele>
 <time>2020-07-30T12:15:58Z</time>
 </trkpt>
 <trkpt lat="62.119858022779226" lon="-7.359564369544387">
 <ele>284.95999999999998</ele>
 <time>2020-07-30T12:16:09Z</time>
 </trkpt>
 <trkpt lat="62.119903452694416" lon="-7.359394384548068">
 <ele>282.29000000000002</ele>
 <time>2020-07-30T12:16:22Z</time>
 </trkpt>
 <trkpt lat="62.119938656687737" lon="-7.359215766191483">
 <ele>280.13999999999999</ele>
 <time>2020-07-30T12:16:39Z</time>
 </trkpt>
 <trkpt lat="62.119950139895082" lon="-7.359027424827218">
 <ele>276.76999999999998</ele>
 <time>2020-07-30T12:17:43Z</time>
 </trkpt>
 <trkpt lat="62.119966149330139" lon="-7.358857523649931">
 <ele>271.14999999999998</ele>
 <time>2020-07-30T12:18:11Z</time>
 </trkpt>
 <trkpt lat="62.119982661679387" lon="-7.358659878373146">
 <ele>267.70999999999998</ele>
 <time>2020-07-30T12:18:29Z</time>
 </trkpt>
 <trkpt lat="62.119970675557852" lon="-7.358500538393855">
 <ele>264.24000000000001</ele>
 <time>2020-07-30T12:18:49Z</time>
 </trkpt>
 <trkpt lat="62.119982829317451" lon="-7.358312699943781">
 <ele>260.48000000000002</ele>
 <time>2020-07-30T12:19:17Z</time>
 </trkpt>
 <trkpt lat="62.119933711364865" lon="-7.358136847615242">
 <ele>255.16</ele>
 <time>2020-07-30T12:19:57Z</time>
 </trkpt>
 <trkpt lat="62.119946870952845" lon="-7.357922438532114">
 <ele>251.24000000000001</ele>
 <time>2020-07-30T12:20:25Z</time>
 </trkpt>
 <trkpt lat="62.119997497648001" lon="-7.35777709633112">
 <ele>249.63</ele>
 <time>2020-07-30T12:20:43Z</time>
 </trkpt>
 <trkpt lat="62.120050638914108" lon="-7.357633598148823">
 <ele>246.97999999999999</ele>
 <time>2020-07-30T12:20:57Z</time>
 </trkpt>
 <trkpt lat="62.120099170133471" lon="-7.357460092753172">
 <ele>244.22</ele>
 <time>2020-07-30T12:21:11Z</time>
 </trkpt>
 <trkpt lat="62.120125154033303" lon="-7.357287844642997">
 <ele>243.21000000000001</ele>
 <time>2020-07-30T12:21:24Z</time>
 </trkpt>
 <trkpt lat="62.120136553421617" lon="-7.357089780271053">
 <ele>239.63999999999999</ele>
 <time>2020-07-30T12:21:40Z</time>
 </trkpt>
 <trkpt lat="62.12017728947103" lon="-7.356915604323149">
 <ele>238.09999999999999</ele>
 <time>2020-07-30T12:21:51Z</time>
 </trkpt>
 <trkpt lat="62.120191873982549" lon="-7.356721647083759">
 <ele>235.55000000000001</ele>
 <time>2020-07-30T12:22:03Z</time>
 </trkpt>
 <trkpt lat="62.120172595605254" lon="-7.356549147516489">
 <ele>232.78999999999999</ele>
 <time>2020-07-30T12:22:15Z</time>
 </trkpt>
 <trkpt lat="62.120150048285723" lon="-7.356366254389286">
 <ele>228.88999999999999</ele>
 <time>2020-07-30T12:22:30Z</time>
 </trkpt>
 <trkpt lat="62.120172427967191" lon="-7.356173554435372">
 <ele>226.36000000000001</ele>
 <time>2020-07-30T12:22:44Z</time>
 </trkpt>
 <trkpt lat="62.120188437402248" lon="-7.355968449264765">
 <ele>224.47999999999999</ele>
 <time>2020-07-30T12:22:57Z</time>
 </trkpt>
 <trkpt lat="62.120236968621612" lon="-7.355802906677127">
 <ele>223.41999999999999</ele>
 <time>2020-07-30T12:23:10Z</time>
 </trkpt>
 <trkpt lat="62.120292037725449" lon="-7.355642393231392">
 <ele>222.83000000000001</ele>
 <time>2020-07-30T12:23:20Z</time>
 </trkpt>
 <trkpt lat="62.12032682262361" lon="-7.355453381314874">
 <ele>221.80000000000001</ele>
 <time>2020-07-30T12:23:29Z</time>
 </trkpt>
 <trkpt lat="62.120361691340804" lon="-7.355264956131578">
 <ele>220.91999999999999</ele>
 <time>2020-07-30T12:23:38Z</time>
 </trkpt>
 <trkpt lat="62.120366636663675" lon="-7.355073010548949">
 <ele>219.59</ele>
 <time>2020-07-30T12:23:47Z</time>
 </trkpt>
 <trkpt lat="62.120363367721438" lon="-7.354880478233099">
 <ele>217.11000000000001</ele>
 <time>2020-07-30T12:23:58Z</time>
 </trkpt>
 <trkpt lat="62.120373174548149" lon="-7.35468652099371">
 <ele>215.19999999999999</ele>
 <time>2020-07-30T12:24:07Z</time>
 </trkpt>
 <trkpt lat="62.12038398720324" lon="-7.354482505470514">
 <ele>214.88</ele>
 <time>2020-07-30T12:24:15Z</time>
 </trkpt>
 <trkpt lat="62.12041181512177" lon="-7.354280920699239">
 <ele>213.78999999999999</ele>
 <time>2020-07-30T12:24:23Z</time>
 </trkpt>
 <trkpt lat="62.120439643040299" lon="-7.354104313999414">
 <ele>213.21000000000001</ele>
 <time>2020-07-30T12:24:30Z</time>
 </trkpt>
 <trkpt lat="62.120486246421933" lon="-7.353923851624131">
 <ele>212.86000000000001</ele>
 <time>2020-07-30T12:24:38Z</time>
 </trkpt>
 <trkpt lat="62.120517510920763" lon="-7.353734923526645">
 <ele>212.53</ele>
 <time>2020-07-30T12:24:45Z</time>
 </trkpt>
 <trkpt lat="62.120558163151145" lon="-7.35356267541647">
 <ele>212.00999999999999</ele>
 <time>2020-07-30T12:24:53Z</time>
 </trkpt>
 <trkpt lat="62.120593199506402" lon="-7.353360252454877">
 <ele>209.78</ele>
 <time>2020-07-30T12:25:02Z</time>
 </trkpt>
 <trkpt lat="62.12065807543695" lon="-7.353194877505302">
 <ele>209.74000000000001</ele>
 <time>2020-07-30T12:25:11Z</time>
 </trkpt>
 <trkpt lat="62.120706522837281" lon="-7.353024389594793">
 <ele>210.12</ele>
 <time>2020-07-30T12:25:19Z</time>
 </trkpt>
 <trkpt lat="62.120759161189198" lon="-7.352853985503316">
 <ele>210.03</ele>
 <time>2020-07-30T12:25:27Z</time>
 </trkpt>
 <trkpt lat="62.120828479528427" lon="-7.35272666439414">
 <ele>210.22999999999999</ele>
 <time>2020-07-30T12:25:35Z</time>
 </trkpt>
 <trkpt lat="62.120874160900712" lon="-7.352530276402831">
 <ele>210.44</ele>
 <time>2020-07-30T12:25:44Z</time>
 </trkpt>
 <trkpt lat="62.120923697948456" lon="-7.352384179830551">
 <ele>209.25999999999999</ele>
 <time>2020-07-30T12:25:56Z</time>
 </trkpt>
 <trkpt lat="62.120964266359806" lon="-7.35221503302455">
 <ele>209.50999999999999</ele>
 <time>2020-07-30T12:26:08Z</time>
 </trkpt>
 <trkpt lat="62.120965858921409" lon="-7.352074300870299">
 <ele>208.63999999999999</ele>
 <time>2020-07-30T12:28:15Z</time>
 </trkpt>
 <trkpt lat="62.120984299108386" lon="-7.352070864289999">
 <ele>208.06999999999999</ele>
 <time>2020-07-30T12:28:48Z</time>
 </trkpt>
 <trkpt lat="62.121003996580839" lon="-7.352073462679982">
 <ele>207.78</ele>
 <time>2020-07-30T12:31:35Z</time>
 </trkpt>
 <trkpt lat="62.121091252192855" lon="-7.352103972807527">
 <ele>208.90000000000001</ele>
 <time>2020-07-30T12:31:58Z</time>
 </trkpt>
 <trkpt lat="62.121176077052951" lon="-7.352083437144756">
 <ele>208.93000000000001</ele>
 <time>2020-07-30T12:32:08Z</time>
 </trkpt>
 <trkpt lat="62.121262829750776" lon="-7.35211243852973">
 <ele>210.09999999999999</ele>
 <time>2020-07-30T12:32:20Z</time>
 </trkpt>
 <trkpt lat="62.121367352083325" lon="-7.352171447128058">
 <ele>209.78999999999999</ele>
 <time>2020-07-30T12:32:33Z</time>
 </trkpt>
 <trkpt lat="62.121455445885658" lon="-7.352245794609189">
 <ele>208.28999999999999</ele>
 <time>2020-07-30T12:32:44Z</time>
 </trkpt>
 <trkpt lat="62.12155963294208" lon="-7.352265659719706">
 <ele>207.06999999999999</ele>
 <time>2020-07-30T12:32:55Z</time>
 </trkpt>
 <trkpt lat="62.121666083112359" lon="-7.352319220080972">
 <ele>206.74000000000001</ele>
 <time>2020-07-30T12:33:42Z</time>
 </trkpt>
 <trkpt lat="62.121758284047246" lon="-7.352405469864607">
 <ele>205.83000000000001</ele>
 <time>2020-07-30T12:34:09Z</time>
 </trkpt>
 <trkpt lat="62.121826680377126" lon="-7.352461125701666">
 <ele>201.91</ele>
 <time>2020-07-30T12:35:01Z</time>
 </trkpt>
 <trkpt lat="62.121970849111676" lon="-7.352453330531716">
 <ele>193.56</ele>
 <time>2020-07-30T12:36:29Z</time>
 </trkpt>
 <trkpt lat="62.122047794982791" lon="-7.352538155391812">
 <ele>189.90000000000001</ele>
 <time>2020-07-30T12:37:01Z</time>
 </trkpt>
 <trkpt lat="62.122134882956743" lon="-7.35265483148396">
 <ele>184.50999999999999</ele>
 <time>2020-07-30T12:38:02Z</time>
 </trkpt>
 <trkpt lat="62.1221630461514" lon="-7.352487612515688">
 <ele>180.31999999999999</ele>
 <time>2020-07-30T12:40:43Z</time>
 </trkpt>
 <trkpt lat="62.122218701988459" lon="-7.352370684966445">
 <ele>173.75999999999999</ele>
 <time>2020-07-30T12:41:35Z</time>
 </trkpt>
 <trkpt lat="62.122285841032863" lon="-7.352252751588821">
 <ele>168.31999999999999</ele>
 <time>2020-07-30T12:42:17Z</time>
 </trkpt>
 <trkpt lat="62.122340826317668" lon="-7.352131884545088">
 <ele>164.84</ele>
 <time>2020-07-30T12:42:43Z</time>
 </trkpt>
 <trkpt lat="62.122413832694292" lon="-7.352065332233906">
 <ele>160.08000000000001</ele>
 <time>2020-07-30T12:43:45Z</time>
 </trkpt>
 <trkpt lat="62.122493460774422" lon="-7.352021327242255">
 <ele>154.16999999999999</ele>
 <time>2020-07-30T12:44:12Z</time>
 </trkpt>
 <trkpt lat="62.122579710558057" lon="-7.352000288665295">
 <ele>147.69999999999999</ele>
 <time>2020-07-30T12:44:40Z</time>
 </trkpt>
 <trkpt lat="62.122638300061226" lon="-7.351893335580826">
 <ele>143.47</ele>
 <time>2020-07-30T12:44:58Z</time>
 </trkpt>
 <trkpt lat="62.122721783816814" lon="-7.3518324829638">
 <ele>137.28999999999999</ele>
 <time>2020-07-30T12:45:17Z</time>
 </trkpt>
 <trkpt lat="62.122791856527328" lon="-7.35175184905529">
 <ele>132.59999999999999</ele>
 <time>2020-07-30T12:45:39Z</time>
 </trkpt>
 <trkpt lat="62.122821109369397" lon="-7.351594436913729">
 <ele>128.86000000000001</ele>
 <time>2020-07-30T12:45:58Z</time>
 </trkpt>
 <trkpt lat="62.122879028320313" lon="-7.351481197401881">
 <ele>124.3</ele>
 <time>2020-07-30T12:46:16Z</time>
 </trkpt>
 <trkpt lat="62.12296930141747" lon="-7.351472731679678">
 <ele>120.31</ele>
 <time>2020-07-30T12:46:31Z</time>
 </trkpt>
 <trkpt lat="62.123051527887583" lon="-7.351397126913071">
 <ele>115.98</ele>
 <time>2020-07-30T12:46:52Z</time>
 </trkpt>
 <trkpt lat="62.123080277815461" lon="-7.351233344525099">
 <ele>112.43000000000001</ele>
 <time>2020-07-30T12:47:09Z</time>
 </trkpt>
 <trkpt lat="62.12310173548758" lon="-7.351045841351152">
 <ele>108.75</ele>
 <time>2020-07-30T12:47:25Z</time>
 </trkpt>
 <trkpt lat="62.123147333040833" lon="-7.350901253521442">
 <ele>106.92</ele>
 <time>2020-07-30T12:47:39Z</time>
 </trkpt>
 <trkpt lat="62.123176418244839" lon="-7.350755073130131">
 <ele>104.86</ele>
 <time>2020-07-30T12:48:18Z</time>
 </trkpt>
 <trkpt lat="62.123215310275555" lon="-7.350533371791244">
 <ele>101.34999999999999</ele>
 <time>2020-07-30T12:48:30Z</time>
 </trkpt>
 <trkpt lat="62.123303823173046" lon="-7.350448463112116">
 <ele>98.959999999999994</ele>
 <time>2020-07-30T12:48:46Z</time>
 </trkpt>
 <trkpt lat="62.123392168432474" lon="-7.350353663787246">
 <ele>98.730000000000004</ele>
 <time>2020-07-30T12:49:00Z</time>
 </trkpt>
 <trkpt lat="62.123470539227128" lon="-7.35025274567306">
 <ele>98.689999999999998</ele>
 <time>2020-07-30T12:49:09Z</time>
 </trkpt>
 <trkpt lat="62.12355712428689" lon="-7.350177643820643">
 <ele>98.329999999999998</ele>
 <time>2020-07-30T12:49:21Z</time>
 </trkpt>
 <trkpt lat="62.123639183118939" lon="-7.350076222792268">
 <ele>97.010000000000005</ele>
 <time>2020-07-30T12:49:33Z</time>
 </trkpt>
 <trkpt lat="62.123700957745314" lon="-7.349940435960889">
 <ele>96.099999999999994</ele>
 <time>2020-07-30T12:49:42Z</time>
 </trkpt>
 <trkpt lat="62.123767258599401" lon="-7.349800374358892">
 <ele>95.450000000000003</ele>
 <time>2020-07-30T12:49:55Z</time>
 </trkpt>
 <trkpt lat="62.12384445592761" lon="-7.349701216444373">
 <ele>94.650000000000006</ele>
 <time>2020-07-30T12:50:04Z</time>
 </trkpt>
 <trkpt lat="62.123922072350979" lon="-7.349599711596966">
 <ele>93.469999999999999</ele>
 <time>2020-07-30T12:50:14Z</time>
 </trkpt>
 <trkpt lat="62.123978482559323" lon="-7.349426541477442">
 <ele>90.680000000000007</ele>
 <time>2020-07-30T12:50:28Z</time>
 </trkpt>
 <trkpt lat="62.124023409560323" lon="-7.349254125729203">
 <ele>90.060000000000002</ele>
 <time>2020-07-30T12:50:37Z</time>
 </trkpt>
 <trkpt lat="62.124067582190037" lon="-7.349071819335222">
 <ele>89.219999999999999</ele>
 <time>2020-07-30T12:50:45Z</time>
 </trkpt>
 <trkpt lat="62.124117370694876" lon="-7.348911054432392">
 <ele>88.219999999999999</ele>
 <time>2020-07-30T12:50:53Z</time>
 </trkpt>
 <trkpt lat="62.124167578294873" lon="-7.348872246220708">
 <ele>87.579999999999998</ele>
 <time>2020-07-30T12:52:17Z</time>
 </trkpt>
 <trkpt lat="62.124215690419078" lon="-7.348695052787662">
 <ele>87.329999999999998</ele>
 <time>2020-07-30T12:52:57Z</time>
 </trkpt>
 <trkpt lat="62.124249218031764" lon="-7.348516518250108">
 <ele>87.200000000000003</ele>
 <time>2020-07-30T12:53:12Z</time>
 </trkpt>
 <trkpt lat="62.124219629913568" lon="-7.34833630733192">
 <ele>86.950000000000003</ele>
 <time>2020-07-30T12:53:23Z</time>
 </trkpt>
 <trkpt lat="62.124201189726591" lon="-7.348122065886855">
 <ele>87.25</ele>
 <time>2020-07-30T12:53:37Z</time>
 </trkpt>
 <trkpt lat="62.124178055673838" lon="-7.34794051386416">
 <ele>88.189999999999998</ele>
 <time>2020-07-30T12:53:46Z</time>
 </trkpt>
 <trkpt lat="62.124219546094537" lon="-7.347761727869511">
 <ele>89.439999999999998</ele>
 <time>2020-07-30T12:53:56Z</time>
 </trkpt>
 <trkpt lat="62.124231113120914" lon="-7.347566429525614">
 <ele>89.420000000000002</ele>
 <time>2020-07-30T12:54:04Z</time>
 </trkpt>
 <trkpt lat="62.124257013201714" lon="-7.347383536398411">
 <ele>89.620000000000005</ele>
 <time>2020-07-30T12:54:13Z</time>
 </trkpt>
 <trkpt lat="62.12429104372859" lon="-7.347199972718954">
 <ele>89.75</ele>
 <time>2020-07-30T12:54:22Z</time>
 </trkpt>
 <trkpt lat="62.124316608533263" lon="-7.347013978287578">
 <ele>89.709999999999994</ele>
 <time>2020-07-30T12:54:31Z</time>
 </trkpt>
 <trkpt lat="62.124359104782343" lon="-7.346847513690591">
 <ele>89.719999999999999</ele>
 <time>2020-07-30T12:54:39Z</time>
 </trkpt>
 <trkpt lat="62.124422388151288" lon="-7.346703596413136">
 <ele>89.269999999999996</ele>
 <time>2020-07-30T12:55:04Z</time>
 </trkpt>
 <trkpt lat="62.124481396749616" lon="-7.346524223685265">
 <ele>88.670000000000002</ele>
 <time>2020-07-30T12:55:37Z</time>
 </trkpt>
 <trkpt lat="62.124533951282501" lon="-7.346368907019496">
 <ele>88.540000000000006</ele>
 <time>2020-07-30T12:55:45Z</time>
 </trkpt>
 <trkpt lat="62.124559348449111" lon="-7.346193641424179">
 <ele>88.849999999999994</ele>
 <time>2020-07-30T12:55:56Z</time>
 </trkpt>
 <trkpt lat="62.124582398682833" lon="-7.346003204584122">
 <ele>86.959999999999994</ele>
 <time>2020-07-30T12:56:05Z</time>
 </trkpt>
 <trkpt lat="62.124610226601362" lon="-7.345830705016851">
 <ele>84.819999999999993</ele>
 <time>2020-07-30T12:56:15Z</time>
 </trkpt>
 <trkpt lat="62.124629504978657" lon="-7.345633059740067">
 <ele>86.709999999999994</ele>
 <time>2020-07-30T12:56:30Z</time>
 </trkpt>
 <trkpt lat="62.124653393402696" lon="-7.345429295673966">
 <ele>88.390000000000001</ele>
 <time>2020-07-30T12:56:39Z</time>
 </trkpt>
 <trkpt lat="62.124647023156285" lon="-7.345203906297684">
 <ele>88.189999999999998</ele>
 <time>2020-07-30T12:56:47Z</time>
 </trkpt>
 <trkpt lat="62.124677114188671" lon="-7.345008188858628">
 <ele>87.180000000000007</ele>
 <time>2020-07-30T12:56:55Z</time>
 </trkpt>
 <trkpt lat="62.124681305140257" lon="-7.344811968505383">
 <ele>87.030000000000001</ele>
 <time>2020-07-30T12:57:06Z</time>
 </trkpt>
 <trkpt lat="62.124708546325564" lon="-7.344646342098713">
 <ele>88.340000000000003</ele>
 <time>2020-07-30T12:57:15Z</time>
 </trkpt>
 <trkpt lat="62.124725896865129" lon="-7.344451043754816">
 <ele>88.079999999999998</ele>
 <time>2020-07-30T12:57:26Z</time>
 </trkpt>
 <trkpt lat="62.124771997332573" lon="-7.344275861978531">
 <ele>89.040000000000006</ele>
 <time>2020-07-30T12:57:35Z</time>
 </trkpt>
 <trkpt lat="62.124809799715877" lon="-7.344076624140143">
 <ele>89.340000000000003</ele>
 <time>2020-07-30T12:57:44Z</time>
 </trkpt>
 <trkpt lat="62.124853637069464" lon="-7.343913679942489">
 <ele>93.469999999999999</ele>
 <time>2020-07-30T12:58:02Z</time>
 </trkpt>
 <trkpt lat="62.124901078641415" lon="-7.34384486451745">
 <ele>95.569999999999993</ele>
 <time>2020-07-30T12:59:14Z</time>
 </trkpt>
 <trkpt lat="62.124923709779978" lon="-7.343818545341492">
 <ele>95.450000000000003</ele>
 <time>2020-07-30T13:00:43Z</time>
 </trkpt>
 <trkpt lat="62.124911807477474" lon="-7.343878811225295">
 <ele>95.760000000000005</ele>
 <time>2020-07-30T13:01:22Z</time>
 </trkpt>
 <trkpt lat="62.124924883246422" lon="-7.343803877010942">
 <ele>95.719999999999999</ele>
 <time>2020-07-30T13:01:57Z</time>
 </trkpt>
 <trkpt lat="62.124894708395004" lon="-7.343733049929142">
 <ele>95.930000000000007</ele>
 <time>2020-07-30T13:02:19Z</time>
 </trkpt>
 <trkpt lat="62.124932007864118" lon="-7.343525346368551">
 <ele>95.420000000000002</ele>
 <time>2020-07-30T13:02:26Z</time>
 </trkpt>
 <trkpt lat="62.124955896288157" lon="-7.343336334452033">
 <ele>95.480000000000004</ele>
 <time>2020-07-30T13:02:33Z</time>
 </trkpt>
 <trkpt lat="62.124977940693498" lon="-7.343143718317151">
 <ele>94.859999999999999</ele>
 <time>2020-07-30T13:02:40Z</time>
 </trkpt>
 <trkpt lat="62.124987244606018" lon="-7.342950599268079">
 <ele>94.810000000000002</ele>
 <time>2020-07-30T13:02:47Z</time>
 </trkpt>
 <trkpt lat="62.125010378658772" lon="-7.342758486047387">
 <ele>95.049999999999997</ele>
 <time>2020-07-30T13:02:54Z</time>
 </trkpt>
 <trkpt lat="62.12502739392221" lon="-7.342550363391638">
 <ele>95.120000000000005</ele>
 <time>2020-07-30T13:03:02Z</time>
 </trkpt>
 <trkpt lat="62.125039380043745" lon="-7.342360764741898">
 <ele>95.239999999999995</ele>
 <time>2020-07-30T13:03:09Z</time>
 </trkpt>
 <trkpt lat="62.125050025060773" lon="-7.342151720076799">
 <ele>95.870000000000005</ele>
 <time>2020-07-30T13:03:17Z</time>
 </trkpt>
 <trkpt lat="62.12504449300468" lon="-7.341943178325892">
 <ele>96.109999999999999</ele>
 <time>2020-07-30T13:03:26Z</time>
 </trkpt>
 <trkpt lat="62.125070560723543" lon="-7.341743772849441">
 <ele>95.890000000000001</ele>
 <time>2020-07-30T13:03:34Z</time>
 </trkpt>
 <trkpt lat="62.125091934576631" lon="-7.341540260240436">
 <ele>95.739999999999995</ele>
 <time>2020-07-30T13:03:42Z</time>
 </trkpt>
 <trkpt lat="62.125101070851088" lon="-7.341368934139609">
 <ele>94.170000000000002</ele>
 <time>2020-07-30T13:03:56Z</time>
 </trkpt>
 <trkpt lat="62.125103501603007" lon="-7.341171456500888">
 <ele>95.760000000000005</ele>
 <time>2020-07-30T13:04:05Z</time>
 </trkpt>
 <trkpt lat="62.125094030052423" lon="-7.340951012447476">
 <ele>95.799999999999997</ele>
 <time>2020-07-30T13:04:13Z</time>
 </trkpt>
 <trkpt lat="62.12510609999299" lon="-7.340744733810425">
 <ele>95.170000000000002</ele>
 <time>2020-07-30T13:04:22Z</time>
 </trkpt>
 <trkpt lat="62.125132167711854" lon="-7.340542059391737">
 <ele>94.700000000000003</ele>
 <time>2020-07-30T13:04:30Z</time>
 </trkpt>
 <trkpt lat="62.125165611505508" lon="-7.340336786583066">
 <ele>93.959999999999994</ele>
 <time>2020-07-30T13:04:39Z</time>
 </trkpt>
 <trkpt lat="62.125222105532885" lon="-7.340323626995087">
 <ele>93.670000000000002</ele>
 <time>2020-07-30T13:04:52Z</time>
 </trkpt>
 <trkpt lat="62.125290501862764" lon="-7.340169986709952">
 <ele>92.670000000000002</ele>
 <time>2020-07-30T13:05:01Z</time>
 </trkpt>
 <trkpt lat="62.125334590673447" lon="-7.339991200715303">
 <ele>92.260000000000005</ele>
 <time>2020-07-30T13:05:09Z</time>
 </trkpt>
 <trkpt lat="62.12539728730917" lon="-7.339844852685928">
 <ele>91.099999999999994</ele>
 <time>2020-07-30T13:05:17Z</time>
 </trkpt>
 <trkpt lat="62.125418158248067" lon="-7.339650560170412">
 <ele>90.829999999999998</ele>
 <time>2020-07-30T13:05:27Z</time>
 </trkpt>
 <trkpt lat="62.125428635627031" lon="-7.339458949863911">
 <ele>90.980000000000004</ele>
 <time>2020-07-30T13:05:35Z</time>
 </trkpt>
 <trkpt lat="62.12542419321835" lon="-7.339257281273603">
 <ele>91.939999999999998</ele>
 <time>2020-07-30T13:05:44Z</time>
 </trkpt>
 <trkpt lat="62.125432910397649" lon="-7.339053601026535">
 <ele>91.359999999999999</ele>
 <time>2020-07-30T13:05:52Z</time>
 </trkpt>
 <trkpt lat="62.125447075814009" lon="-7.33885545283556">
 <ele>90.840000000000003</ele>
 <time>2020-07-30T13:05:59Z</time>
 </trkpt>
 <trkpt lat="62.12546325288713" lon="-7.338650180026889">
 <ele>90.209999999999994</ele>
 <time>2020-07-30T13:06:06Z</time>
 </trkpt>
 <trkpt lat="62.125470796599984" lon="-7.33844012953341">
 <ele>89.920000000000002</ele>
 <time>2020-07-30T13:06:14Z</time>
 </trkpt>
 <trkpt lat="62.125479765236378" lon="-7.338225971907377">
 <ele>89.5</ele>
 <time>2020-07-30T13:06:22Z</time>
 </trkpt>
 <trkpt lat="62.125492338091135" lon="-7.338041150942445">
 <ele>89.25</ele>
 <time>2020-07-30T13:06:31Z</time>
 </trkpt>
 <trkpt lat="62.125470293685794" lon="-7.337847528979182">
 <ele>89.129999999999995</ele>
 <time>2020-07-30T13:06:38Z</time>
 </trkpt>
 <trkpt lat="62.125480519607663" lon="-7.337650218978524">
 <ele>88.670000000000002</ele>
 <time>2020-07-30T13:06:46Z</time>
 </trkpt>
 <trkpt lat="62.125524105504155" lon="-7.337550222873688">
 <ele>87.510000000000005</ele>
 <time>2020-07-30T13:06:57Z</time>
 </trkpt>
 <trkpt lat="62.125514466315508" lon="-7.33738468028605">
 <ele>87.650000000000006</ele>
 <time>2020-07-30T13:07:12Z</time>
 </trkpt>
 <trkpt lat="62.125580850988626" lon="-7.337258532643318">
 <ele>87.010000000000005</ele>
 <time>2020-07-30T13:07:20Z</time>
 </trkpt>
 <trkpt lat="62.125584790483117" lon="-7.337050912901759">
 <ele>86.659999999999997</ele>
 <time>2020-07-30T13:07:28Z</time>
 </trkpt>
 <trkpt lat="62.125571463257074" lon="-7.336835833266377">
 <ele>86.689999999999998</ele>
 <time>2020-07-30T13:07:36Z</time>
 </trkpt>
 <trkpt lat="62.125526536256075" lon="-7.336660148575902">
 <ele>86.689999999999998</ele>
 <time>2020-07-30T13:07:46Z</time>
 </trkpt>
 <trkpt lat="62.125496529042721" lon="-7.336444817483425">
 <ele>87.019999999999996</ele>
 <time>2020-07-30T13:07:55Z</time>
 </trkpt>
 <trkpt lat="62.125486973673105" lon="-7.336222361773253">
 <ele>87.579999999999998</ele>
 <time>2020-07-30T13:08:03Z</time>
 </trkpt>
 <trkpt lat="62.125490829348564" lon="-7.336005102843046">
 <ele>87.890000000000001</ele>
 <time>2020-07-30T13:08:11Z</time>
 </trkpt>
 <trkpt lat="62.125461660325527" lon="-7.335789604112506">
 <ele>88.099999999999994</ele>
 <time>2020-07-30T13:08:19Z</time>
 </trkpt>
 <trkpt lat="62.125472221523523" lon="-7.335597323253751">
 <ele>87.760000000000005</ele>
 <time>2020-07-30T13:08:26Z</time>
 </trkpt>
 <trkpt lat="62.125455792993307" lon="-7.335388446226716">
 <ele>87.680000000000007</ele>
 <time>2020-07-30T13:08:34Z</time>
 </trkpt>
 <trkpt lat="62.125432156026363" lon="-7.335195997729898">
 <ele>87.329999999999998</ele>
 <time>2020-07-30T13:08:41Z</time>
 </trkpt>
 <trkpt lat="62.125446069985628" lon="-7.335006901994348">
 <ele>86.620000000000005</ele>
 <time>2020-07-30T13:08:50Z</time>
 </trkpt>
 <trkpt lat="62.125450680032372" lon="-7.334813447669148">
 <ele>86.420000000000002</ele>
 <time>2020-07-30T13:08:58Z</time>
 </trkpt>
 <trkpt lat="62.125442465767264" lon="-7.334597110748291">
 <ele>86.829999999999998</ele>
 <time>2020-07-30T13:09:06Z</time>
 </trkpt>
 <trkpt lat="62.125438945367932" lon="-7.334384126588702">
 <ele>86.840000000000003</ele>
 <time>2020-07-30T13:09:14Z</time>
 </trkpt>
 <trkpt lat="62.12546912021935" lon="-7.334256805479527">
 <ele>87.060000000000002</ele>
 <time>2020-07-30T13:09:24Z</time>
 </trkpt>
 <trkpt lat="62.125458978116512" lon="-7.334058238193393">
 <ele>87.010000000000005</ele>
 <time>2020-07-30T13:09:32Z</time>
 </trkpt>
 <trkpt lat="62.125445734709501" lon="-7.333858665078878">
 <ele>87.150000000000006</ele>
 <time>2020-07-30T13:09:39Z</time>
 </trkpt>
 <trkpt lat="62.125425199046731" lon="-7.333644172176719">
 <ele>87.269999999999996</ele>
 <time>2020-07-30T13:09:47Z</time>
 </trkpt>
 <trkpt lat="62.125403322279453" lon="-7.33342875726521">
 <ele>87.510000000000005</ele>
 <time>2020-07-30T13:09:55Z</time>
 </trkpt>
 <trkpt lat="62.125387815758586" lon="-7.333222813904285">
 <ele>87.540000000000006</ele>
 <time>2020-07-30T13:10:03Z</time>
 </trkpt>
 <trkpt lat="62.125386809930205" lon="-7.333007231354713">
 <ele>87.150000000000006</ele>
 <time>2020-07-30T13:10:11Z</time>
 </trkpt>
 <trkpt lat="62.125369040295482" lon="-7.33280966989696">
 <ele>86.790000000000006</ele>
 <time>2020-07-30T13:10:20Z</time>
 </trkpt>
 <trkpt lat="62.125355964526534" lon="-7.332610096782446">
 <ele>87.180000000000007</ele>
 <time>2020-07-30T13:10:28Z</time>
 </trkpt>
 <trkpt lat="62.125348756089807" lon="-7.332400130107999">
 <ele>86.549999999999997</ele>
 <time>2020-07-30T13:10:36Z</time>
 </trkpt>
 <trkpt lat="62.125346157699823" lon="-7.332214722409844">
 <ele>86.159999999999997</ele>
 <time>2020-07-30T13:10:44Z</time>
 </trkpt>
 <trkpt lat="62.125399382784963" lon="-7.332081366330385">
 <ele>85.859999999999999</ele>
 <time>2020-07-30T13:10:55Z</time>
 </trkpt>
 <trkpt lat="62.125473227351904" lon="-7.331980196759105">
 <ele>86.030000000000001</ele>
 <time>2020-07-30T13:11:04Z</time>
 </trkpt>
 <trkpt lat="62.1254544518888" lon="-7.331776432693005">
 <ele>85.840000000000003</ele>
 <time>2020-07-30T13:11:13Z</time>
 </trkpt>
 <trkpt lat="62.125437688082457" lon="-7.331567723304033">
 <ele>85.849999999999994</ele>
 <time>2020-07-30T13:11:21Z</time>
 </trkpt>
 <trkpt lat="62.125428384169936" lon="-7.331384578719735">
 <ele>85.909999999999997</ele>
 <time>2020-07-30T13:11:28Z</time>
 </trkpt>
 <trkpt lat="62.125429138541222" lon="-7.331193555146456">
 <ele>85.579999999999998</ele>
 <time>2020-07-30T13:11:36Z</time>
 </trkpt>
 <trkpt lat="62.125411285087466" lon="-7.331003034487367">
 <ele>85.530000000000001</ele>
 <time>2020-07-30T13:11:46Z</time>
 </trkpt>
 <trkpt lat="62.12538898922503" lon="-7.330816704779863">
 <ele>86.180000000000007</ele>
 <time>2020-07-30T13:11:55Z</time>
 </trkpt>
 <trkpt lat="62.125340960919857" lon="-7.330681923776865">
 <ele>86.230000000000004</ele>
 <time>2020-07-30T13:12:18Z</time>
 </trkpt>
 <trkpt lat="62.125253789126873" lon="-7.330565247684717">
 <ele>85.780000000000001</ele>
 <time>2020-07-30T13:12:27Z</time>
 </trkpt>
 <trkpt lat="62.125166617333889" lon="-7.330463659018278">
 <ele>85.799999999999997</ele>
 <time>2020-07-30T13:12:35Z</time>
 </trkpt>
 <trkpt lat="62.125075589865446" lon="-7.330322340130806">
 <ele>85.049999999999997</ele>
 <time>2020-07-30T13:13:25Z</time>
 </trkpt>
 <trkpt lat="62.125007277354598" lon="-7.330175405368209">
 <ele>85.349999999999994</ele>
 <time>2020-07-30T13:13:32Z</time>
 </trkpt>
 <trkpt lat="62.124972324818373" lon="-7.329984633252025">
 <ele>85.579999999999998</ele>
 <time>2020-07-30T13:13:40Z</time>
 </trkpt>
 <trkpt lat="62.124915244057775" lon="-7.32979922555387">
 <ele>85.189999999999998</ele>
 <time>2020-07-30T13:13:48Z</time>
 </trkpt>
 <trkpt lat="62.124825222417712" lon="-7.329664193093777">
 <ele>85.950000000000003</ele>
 <time>2020-07-30T13:13:57Z</time>
 </trkpt>
 <trkpt lat="62.124759089201689" lon="-7.32953242957592">
 <ele>85.859999999999999</ele>
 <time>2020-07-30T13:14:05Z</time>
 </trkpt>
 <trkpt lat="62.124765878543258" lon="-7.329315505921841">
 <ele>86.090000000000003</ele>
 <time>2020-07-30T13:14:48Z</time>
 </trkpt>
 <trkpt lat="62.124732183292508" lon="-7.329148873686791">
 <ele>85.769999999999996</ele>
 <time>2020-07-30T13:14:58Z</time>
 </trkpt>
 <trkpt lat="62.124660350382328" lon="-7.328999424353242">
 <ele>85.5</ele>
 <time>2020-07-30T13:15:06Z</time>
 </trkpt>
 <trkpt lat="62.1245944686234" lon="-7.32884050346911">
 <ele>86.079999999999998</ele>
 <time>2020-07-30T13:15:15Z</time>
 </trkpt>
 <trkpt lat="62.124535627663136" lon="-7.328650988638401">
 <ele>86.670000000000002</ele>
 <time>2020-07-30T13:15:23Z</time>
 </trkpt>
 <trkpt lat="62.124504195526242" lon="-7.32845401391387">
 <ele>86.299999999999997</ele>
 <time>2020-07-30T13:15:31Z</time>
 </trkpt>
 <trkpt lat="62.124504866078496" lon="-7.32825418934226">
 <ele>86.379999999999995</ele>
 <time>2020-07-30T13:15:39Z</time>
 </trkpt>
 <trkpt lat="62.12451190687716" lon="-7.328075403347611">
 <ele>86.219999999999999</ele>
 <time>2020-07-30T13:15:47Z</time>
 </trkpt>
 <trkpt lat="62.124467566609383" lon="-7.327909609302878">
 <ele>86.590000000000003</ele>
 <time>2020-07-30T13:16:02Z</time>
 </trkpt>
 <trkpt lat="62.124383999034762" lon="-7.327829897403717">
 <ele>86.819999999999993</ele>
 <time>2020-07-30T13:16:12Z</time>
 </trkpt>
 <trkpt lat="62.124348292127252" lon="-7.327634179964662">
 <ele>86.769999999999996</ele>
 <time>2020-07-30T13:16:21Z</time>
 </trkpt>
 <trkpt lat="62.124265730381012" lon="-7.327489005401731">
 <ele>87</ele>
 <time>2020-07-30T13:16:29Z</time>
 </trkpt>
 <trkpt lat="62.124184928834438" lon="-7.327351458370686">
 <ele>87.200000000000003</ele>
 <time>2020-07-30T13:16:38Z</time>
 </trkpt>
 <trkpt lat="62.124104127287865" lon="-7.3272436670959">
 <ele>87.120000000000005</ele>
 <time>2020-07-30T13:16:46Z</time>
 </trkpt>
 <trkpt lat="62.124026007950306" lon="-7.32713034376502">
 <ele>87.459999999999994</ele>
 <time>2020-07-30T13:16:54Z</time>
 </trkpt>
 <trkpt lat="62.12394068017602" lon="-7.327049877494574">
 <ele>88.170000000000002</ele>
 <time>2020-07-30T13:17:03Z</time>
 </trkpt>
 <trkpt lat="62.12384738959372" lon="-7.326987516134977">
 <ele>88.189999999999998</ele>
 <time>2020-07-30T13:17:11Z</time>
 </trkpt>
 <trkpt lat="62.123788883909583" lon="-7.327005872502923">
 <ele>88.489999999999995</ele>
 <time>2020-07-30T13:17:23Z</time>
 </trkpt>
 <trkpt lat="62.123702550306916" lon="-7.326895063742995">
 <ele>89.219999999999999</ele>
 <time>2020-07-30T13:17:32Z</time>
 </trkpt>
 <trkpt lat="62.123613115400076" lon="-7.326775705441833">
 <ele>90.489999999999995</ele>
 <time>2020-07-30T13:17:42Z</time>
 </trkpt>
 <trkpt lat="62.123528374359012" lon="-7.32665685005486">
 <ele>90.849999999999994</ele>
 <time>2020-07-30T13:17:50Z</time>
 </trkpt>
 <trkpt lat="62.123438017442822" lon="-7.326542269438505">
 <ele>90.530000000000001</ele>
 <time>2020-07-30T13:17:58Z</time>
 </trkpt>
 <trkpt lat="62.123369453474879" lon="-7.326392149552703">
 <ele>90.719999999999999</ele>
 <time>2020-07-30T13:18:06Z</time>
 </trkpt>
 <trkpt lat="62.123300470411777" lon="-7.326247477903962">
 <ele>89.950000000000003</ele>
 <time>2020-07-30T13:18:15Z</time>
 </trkpt>
 <trkpt lat="62.12321656756103" lon="-7.326126527041197">
 <ele>90.810000000000002</ele>
 <time>2020-07-30T13:18:24Z</time>
 </trkpt>
 <trkpt lat="62.123145656660199" lon="-7.32595469802618">
 <ele>90.290000000000006</ele>
 <time>2020-07-30T13:18:35Z</time>
 </trkpt>
 <trkpt lat="62.123085977509618" lon="-7.325786808505654">
 <ele>91.469999999999999</ele>
 <time>2020-07-30T13:18:44Z</time>
 </trkpt>
 <trkpt lat="62.123020263388753" lon="-7.325635766610503">
 <ele>92.390000000000001</ele>
 <time>2020-07-30T13:18:53Z</time>
 </trkpt>
 <trkpt lat="62.122951447963715" lon="-7.325475504621863">
 <ele>92.799999999999997</ele>
 <time>2020-07-30T13:19:02Z</time>
 </trkpt>
 <trkpt lat="62.1228710655123" lon="-7.325346004217863">
 <ele>93.609999999999999</ele>
 <time>2020-07-30T13:19:15Z</time>
 </trkpt>
 <trkpt lat="62.122787414118648" lon="-7.325241733342409">
 <ele>94.170000000000002</ele>
 <time>2020-07-30T13:19:23Z</time>
 </trkpt>
 <trkpt lat="62.122708959504962" lon="-7.325124135240912">
 <ele>93.849999999999994</ele>
 <time>2020-07-30T13:19:31Z</time>
 </trkpt>
 <trkpt lat="62.122626816853881" lon="-7.325029922649264">
 <ele>94.25</ele>
 <time>2020-07-30T13:19:39Z</time>
 </trkpt>
 <trkpt lat="62.122585577890277" lon="-7.324850969016552">
 <ele>93.620000000000005</ele>
 <time>2020-07-30T13:19:55Z</time>
 </trkpt>
 <trkpt lat="62.122584404423833" lon="-7.324654078111053">
 <ele>93.040000000000006</ele>
 <time>2020-07-30T13:20:02Z</time>
 </trkpt>
 <trkpt lat="62.122596390545368" lon="-7.324450565502048">
 <ele>92.620000000000005</ele>
 <time>2020-07-30T13:20:10Z</time>
 </trkpt>
 <trkpt lat="62.122617345303297" lon="-7.324268678203225">
 <ele>92.200000000000003</ele>
 <time>2020-07-30T13:20:17Z</time>
 </trkpt>
 <trkpt lat="62.122603179886937" lon="-7.324088467285037">
 <ele>92.079999999999998</ele>
 <time>2020-07-30T13:20:28Z</time>
 </trkpt>
 <trkpt lat="62.122614160180092" lon="-7.32388780452311">
 <ele>91.700000000000003</ele>
 <time>2020-07-30T13:20:36Z</time>
 </trkpt>
 <trkpt lat="62.122671660035849" lon="-7.323756460100412">
 <ele>91.109999999999999</ele>
 <time>2020-07-30T13:20:46Z</time>
 </trkpt>
 <trkpt lat="62.122705774381757" lon="-7.323551438748837">
 <ele>90.620000000000005</ele>
 <time>2020-07-30T13:20:54Z</time>
 </trkpt>
 <trkpt lat="62.122717257589102" lon="-7.323372317478061">
 <ele>89.420000000000002</ele>
 <time>2020-07-30T13:21:02Z</time>
 </trkpt>
 <trkpt lat="62.122732261195779" lon="-7.323185401037335">
 <ele>89.379999999999995</ele>
 <time>2020-07-30T13:21:10Z</time>
 </trkpt>
 <trkpt lat="62.122747013345361" lon="-7.322998819872737">
 <ele>89.329999999999998</ele>
 <time>2020-07-30T13:21:19Z</time>
 </trkpt>
 <trkpt lat="62.122761178761721" lon="-7.322799498215318">
 <ele>89.180000000000007</ele>
 <time>2020-07-30T13:21:28Z</time>
 </trkpt>
 <trkpt lat="62.122761933133006" lon="-7.322599086910486">
 <ele>88.659999999999997</ele>
 <time>2020-07-30T13:21:37Z</time>
 </trkpt>
 <trkpt lat="62.122754557058215" lon="-7.322406722232699">
 <ele>88.810000000000002</ele>
 <time>2020-07-30T13:21:45Z</time>
 </trkpt>
 <trkpt lat="62.122765704989433" lon="-7.322213184088469">
 <ele>88.959999999999994</ele>
 <time>2020-07-30T13:21:53Z</time>
 </trkpt>
 <trkpt lat="62.12278950959444" lon="-7.322012772783637">
 <ele>88.450000000000003</ele>
 <time>2020-07-30T13:22:09Z</time>
 </trkpt>
 <trkpt lat="62.122814487665892" lon="-7.321804482489824">
 <ele>88.219999999999999</ele>
 <time>2020-07-30T13:22:17Z</time>
 </trkpt>
 <trkpt lat="62.122844997793436" lon="-7.32161614112556">
 <ele>87.760000000000005</ele>
 <time>2020-07-30T13:22:26Z</time>
 </trkpt>
 <trkpt lat="62.122915824875236" lon="-7.321493178606033">
 <ele>87.849999999999994</ele>
 <time>2020-07-30T13:22:33Z</time>
 </trkpt>
 <trkpt lat="62.122995955869555" lon="-7.321371892467141">
 <ele>87.730000000000004</ele>
 <time>2020-07-30T13:22:42Z</time>
 </trkpt>
 <trkpt lat="62.12306946516037" lon="-7.321265358477831">
 <ele>88.409999999999997</ele>
 <time>2020-07-30T13:22:58Z</time>
 </trkpt>
 <trkpt lat="62.123156553134322" lon="-7.321211714297533">
 <ele>88.209999999999994</ele>
 <time>2020-07-30T13:23:05Z</time>
 </trkpt>
 <trkpt lat="62.123256716877222" lon="-7.321187993511558">
 <ele>87.870000000000005</ele>
 <time>2020-07-30T13:23:14Z</time>
 </trkpt>
 <trkpt lat="62.123304158449173" lon="-7.321206433698535">
 <ele>88.849999999999994</ele>
 <time>2020-07-30T13:23:32Z</time>
 </trkpt>
 <trkpt lat="62.123392336070538" lon="-7.321118926629424">
 <ele>88.170000000000002</ele>
 <time>2020-07-30T13:23:39Z</time>
 </trkpt>
 <trkpt lat="62.123438939452171" lon="-7.320937374606729">
 <ele>89.689999999999998</ele>
 <time>2020-07-30T13:23:49Z</time>
 </trkpt>
 <trkpt lat="62.123432066291571" lon="-7.320752386003733">
 <ele>89.680000000000007</ele>
 <time>2020-07-30T13:23:56Z</time>
 </trkpt>
 <trkpt lat="62.123417984694242" lon="-7.320560608059168">
 <ele>89.819999999999993</ele>
 <time>2020-07-30T13:24:03Z</time>
 </trkpt>
 <trkpt lat="62.123384457081556" lon="-7.320374781265855">
 <ele>89.5</ele>
 <time>2020-07-30T13:24:19Z</time>
 </trkpt>
 <trkpt lat="62.123346654698253" lon="-7.320180488750339">
 <ele>89.120000000000005</ele>
 <time>2020-07-30T13:24:27Z</time>
 </trkpt>
 <trkpt lat="62.123319581151009" lon="-7.319972449913621">
 <ele>89.180000000000007</ele>
 <time>2020-07-30T13:24:35Z</time>
 </trkpt>
 <trkpt lat="62.123310696333647" lon="-7.31977254152298">
 <ele>88.890000000000001</ele>
 <time>2020-07-30T13:24:44Z</time>
 </trkpt>
 <trkpt lat="62.123307762667537" lon="-7.319554025307298">
 <ele>88.840000000000003</ele>
 <time>2020-07-30T13:24:53Z</time>
 </trkpt>
 <trkpt lat="62.123304074630141" lon="-7.319336766377091">
 <ele>88.480000000000004</ele>
 <time>2020-07-30T13:25:01Z</time>
 </trkpt>
 <trkpt lat="62.12330399081111" lon="-7.319155465811491">
 <ele>88.299999999999997</ele>
 <time>2020-07-30T13:25:09Z</time>
 </trkpt>
 <trkpt lat="62.123260824009776" lon="-7.318979362025857">
 <ele>88.209999999999994</ele>
 <time>2020-07-30T13:25:17Z</time>
 </trkpt>
 <trkpt lat="62.123264679685235" lon="-7.318772161379457">
 <ele>89.159999999999997</ele>
 <time>2020-07-30T13:25:26Z</time>
 </trkpt>
 <trkpt lat="62.123274318873882" lon="-7.31858273036778">
 <ele>88.609999999999999</ele>
 <time>2020-07-30T13:25:34Z</time>
 </trkpt>
 <trkpt lat="62.123322430998087" lon="-7.318416684865952">
 <ele>88.730000000000004</ele>
 <time>2020-07-30T13:25:50Z</time>
 </trkpt>
 <trkpt lat="62.123415386304259" lon="-7.318387683480978">
 <ele>88.189999999999998</ele>
 <time>2020-07-30T13:25:59Z</time>
 </trkpt>
 <trkpt lat="62.123491410166025" lon="-7.318244352936745">
 <ele>88.379999999999995</ele>
 <time>2020-07-30T13:26:15Z</time>
 </trkpt>
 <trkpt lat="62.123478082939982" lon="-7.318059280514717">
 <ele>86.739999999999995</ele>
 <time>2020-07-30T13:26:32Z</time>
 </trkpt>
 <trkpt lat="62.123463163152337" lon="-7.317892145365477">
 <ele>86.540000000000006</ele>
 <time>2020-07-30T13:27:40Z</time>
 </trkpt>
 <trkpt lat="62.123458636924624" lon="-7.317703887820244">
 <ele>86.159999999999997</ele>
 <time>2020-07-30T13:28:11Z</time>
 </trkpt>
 <trkpt lat="62.123421169817448" lon="-7.317529376596212">
 <ele>87.010000000000005</ele>
 <time>2020-07-30T13:28:29Z</time>
 </trkpt>
 <trkpt lat="62.123384289443493" lon="-7.317482689395547">
 <ele>86.829999999999998</ele>
 <time>2020-07-30T13:30:06Z</time>
 </trkpt>
 <trkpt lat="62.123375488445163" lon="-7.317448994144797">
 <ele>87.829999999999998</ele>
 <time>2020-07-30T13:31:36Z</time>
 </trkpt>
 <trkpt lat="62.123290076851845" lon="-7.317256378009915">
 <ele>87.569999999999993</ele>
 <time>2020-07-30T13:31:44Z</time>
 </trkpt>
 <trkpt lat="62.12323316372931" lon="-7.317122602835298">
 <ele>87.319999999999993</ele>
 <time>2020-07-30T13:31:52Z</time>
 </trkpt>
 <trkpt lat="62.12318429723382" lon="-7.316990336403251">
 <ele>87.319999999999993</ele>
 <time>2020-07-30T13:31:59Z</time>
 </trkpt>
 <trkpt lat="62.12314766831696" lon="-7.316805431619287">
 <ele>87.359999999999999</ele>
 <time>2020-07-30T13:32:06Z</time>
 </trkpt>
 <trkpt lat="62.123116739094257" lon="-7.316607786342502">
 <ele>87.239999999999995</ele>
 <time>2020-07-30T13:32:13Z</time>
 </trkpt>
 <trkpt lat="62.123093856498599" lon="-7.316400334239006">
 <ele>87.150000000000006</ele>
 <time>2020-07-30T13:32:20Z</time>
 </trkpt>
 <trkpt lat="62.123087905347347" lon="-7.316214926540852">
 <ele>87.269999999999996</ele>
 <time>2020-07-30T13:32:26Z</time>
 </trkpt>
 <trkpt lat="62.123089833185077" lon="-7.316001942381263">
 <ele>87.269999999999996</ele>
 <time>2020-07-30T13:32:33Z</time>
 </trkpt>
 <trkpt lat="62.123088575899601" lon="-7.315810080617666">
 <ele>87.670000000000002</ele>
 <time>2020-07-30T13:32:40Z</time>
 </trkpt>
 <trkpt lat="62.123091090470552" lon="-7.315615452826023">
 <ele>87.549999999999997</ele>
 <time>2020-07-30T13:32:46Z</time>
 </trkpt>
 <trkpt lat="62.123092599213123" lon="-7.315435828641057">
 <ele>87.920000000000002</ele>
 <time>2020-07-30T13:32:52Z</time>
 </trkpt>
 <trkpt lat="62.123090922832489" lon="-7.315245307981968">
 <ele>87.719999999999999</ele>
 <time>2020-07-30T13:32:58Z</time>
 </trkpt>
 <trkpt lat="62.123082960024476" lon="-7.315052524209023">
 <ele>87.609999999999999</ele>
 <time>2020-07-30T13:33:05Z</time>
 </trkpt>
 <trkpt lat="62.123058903962374" lon="-7.314845994114876">
 <ele>87.870000000000005</ele>
 <time>2020-07-30T13:33:13Z</time>
 </trkpt>
 <trkpt lat="62.12303576990962" lon="-7.314620604738593">
 <ele>87.840000000000003</ele>
 <time>2020-07-30T13:33:20Z</time>
 </trkpt>
 <trkpt lat="62.123035350814462" lon="-7.314405692741275">
 <ele>87.920000000000002</ele>
 <time>2020-07-30T13:33:27Z</time>
 </trkpt>
 <trkpt lat="62.123019760474563" lon="-7.314186841249466">
 <ele>87.930000000000007</ele>
 <time>2020-07-30T13:33:35Z</time>
 </trkpt>
 <trkpt lat="62.123001655563712" lon="-7.313966061919928">
 <ele>87.870000000000005</ele>
 <time>2020-07-30T13:33:42Z</time>
 </trkpt>
 <trkpt lat="62.12294340133667" lon="-7.313785599544644">
 <ele>88.090000000000003</ele>
 <time>2020-07-30T13:33:49Z</time>
 </trkpt>
 <trkpt lat="62.122918087989092" lon="-7.313578901812434">
 <ele>88.200000000000003</ele>
 <time>2020-07-30T13:33:57Z</time>
 </trkpt>
 <trkpt lat="62.122911969199777" lon="-7.313440181314945">
 <ele>87.650000000000006</ele>
 <time>2020-07-30T13:34:28Z</time>
 </trkpt>
 <trkpt lat="62.122850948944688" lon="-7.313284780830145">
 <ele>88.019999999999996</ele>
 <time>2020-07-30T13:34:49Z</time>
 </trkpt>
 <trkpt lat="62.122859498485923" lon="-7.313106581568718">
 <ele>88.400000000000006</ele>
 <time>2020-07-30T13:35:05Z</time>
 </trkpt>
 <trkpt lat="62.122884811833501" lon="-7.312929220497608">
 <ele>88.620000000000005</ele>
 <time>2020-07-30T13:35:20Z</time>
 </trkpt>
 <trkpt lat="62.122894451022148" lon="-7.312848754227161">
 <ele>88.480000000000004</ele>
 <time>2020-07-30T13:36:22Z</time>
 </trkpt>
 <trkpt lat="62.12282320484519" lon="-7.312686229124665">
 <ele>87.680000000000007</ele>
 <time>2020-07-30T13:36:30Z</time>
 </trkpt>
 <trkpt lat="62.122756903991103" lon="-7.312543401494622">
 <ele>87.489999999999995</ele>
 <time>2020-07-30T13:36:37Z</time>
 </trkpt>
 <trkpt lat="62.122695548459888" lon="-7.31240694411099">
 <ele>87.519999999999996</ele>
 <time>2020-07-30T13:36:45Z</time>
 </trkpt>
 <trkpt lat="62.122625224292278" lon="-7.312252465635538">
 <ele>87.219999999999999</ele>
 <time>2020-07-30T13:36:53Z</time>
 </trkpt>
 <trkpt lat="62.122553642839193" lon="-7.312083570286632">
 <ele>87.459999999999994</ele>
 <time>2020-07-30T13:37:01Z</time>
 </trkpt>
 <trkpt lat="62.122491616755724" lon="-7.311911070719361">
 <ele>87.469999999999999</ele>
 <time>2020-07-30T13:37:08Z</time>
 </trkpt>
 <trkpt lat="62.122420789673924" lon="-7.311766566708684">
 <ele>87.480000000000004</ele>
 <time>2020-07-30T13:37:15Z</time>
 </trkpt>
 <trkpt lat="62.122338898479939" lon="-7.311642346903682">
 <ele>87.590000000000003</ele>
 <time>2020-07-30T13:37:22Z</time>
 </trkpt>
 <trkpt lat="62.122251642867923" lon="-7.311524832621217">
 <ele>87.810000000000002</ele>
 <time>2020-07-30T13:37:30Z</time>
 </trkpt>
 <trkpt lat="62.122155586257577" lon="-7.31140916235745">
 <ele>87.379999999999995</ele>
 <time>2020-07-30T13:37:39Z</time>
 </trkpt>
 <trkpt lat="62.122060535475612" lon="-7.311334647238255">
 <ele>87.340000000000003</ele>
 <time>2020-07-30T13:37:47Z</time>
 </trkpt>
 <trkpt lat="62.121966406702995" lon="-7.311362056061626">
 <ele>87.409999999999997</ele>
 <time>2020-07-30T13:37:54Z</time>
 </trkpt>
 <trkpt lat="62.121883761137724" lon="-7.311423998326063">
 <ele>88.359999999999999</ele>
 <time>2020-07-30T13:38:02Z</time>
 </trkpt>
 <trkpt lat="62.121791979297996" lon="-7.311379490420222">
 <ele>89.469999999999999</ele>
 <time>2020-07-30T13:38:09Z</time>
 </trkpt>
 <trkpt lat="62.121712518855929" lon="-7.311262646690011">
 <ele>89.569999999999993</ele>
 <time>2020-07-30T13:38:16Z</time>
 </trkpt>
 <trkpt lat="62.121642446145415" lon="-7.311130715534091">
 <ele>89.969999999999999</ele>
 <time>2020-07-30T13:38:23Z</time>
 </trkpt>
 <trkpt lat="62.121597100049257" lon="-7.310948744416237">
 <ele>90.540000000000006</ele>
 <time>2020-07-30T13:38:32Z</time>
 </trkpt>
 <trkpt lat="62.121551586315036" lon="-7.310764845460653">
 <ele>89.799999999999997</ele>
 <time>2020-07-30T13:38:40Z</time>
 </trkpt>
 <trkpt lat="62.121489141136408" lon="-7.310586227104068">
 <ele>89.200000000000003</ele>
 <time>2020-07-30T13:38:51Z</time>
 </trkpt>
 <trkpt lat="62.1214359998703" lon="-7.310415068641305">
 <ele>90.420000000000002</ele>
 <time>2020-07-30T13:38:59Z</time>
 </trkpt>
 <trkpt lat="62.121380846947432" lon="-7.310245838016272">
 <ele>90.5</ele>
 <time>2020-07-30T13:39:06Z</time>
 </trkpt>
 <trkpt lat="62.121321000158787" lon="-7.310091527178884">
 <ele>90.260000000000005</ele>
 <time>2020-07-30T13:39:13Z</time>
 </trkpt>
 <trkpt lat="62.121248245239258" lon="-7.309969067573547">
 <ele>90.590000000000003</ele>
 <time>2020-07-30T13:39:21Z</time>
 </trkpt>
 <trkpt lat="62.121161743998528" lon="-7.309902599081397">
 <ele>90.25</ele>
 <time>2020-07-30T13:39:28Z</time>
 </trkpt>
 <trkpt lat="62.121082535013556" lon="-7.309777876362205">
 <ele>89.799999999999997</ele>
 <time>2020-07-30T13:39:35Z</time>
 </trkpt>
 <trkpt lat="62.120997961610556" lon="-7.309629349038005">
 <ele>89.489999999999995</ele>
 <time>2020-07-30T13:39:43Z</time>
 </trkpt>
 <trkpt lat="62.120915567502379" lon="-7.309483084827662">
 <ele>89.379999999999995</ele>
 <time>2020-07-30T13:39:50Z</time>
 </trkpt>
 <trkpt lat="62.120837699621916" lon="-7.309350064024329">
 <ele>89.159999999999997</ele>
 <time>2020-07-30T13:39:57Z</time>
 </trkpt>
 <trkpt lat="62.120796628296375" lon="-7.309179659932852">
 <ele>90.239999999999995</ele>
 <time>2020-07-30T13:40:09Z</time>
 </trkpt>
 <trkpt lat="62.120753461495042" lon="-7.309010764583945">
 <ele>91.329999999999998</ele>
 <time>2020-07-30T13:40:18Z</time>
 </trkpt>
 <trkpt lat="62.120692022144794" lon="-7.3088404443115">
 <ele>91.120000000000005</ele>
 <time>2020-07-30T13:40:30Z</time>
 </trkpt>
 <trkpt lat="62.120625302195549" lon="-7.308652186766267">
 <ele>90.969999999999999</ele>
 <time>2020-07-30T13:40:39Z</time>
 </trkpt>
 <trkpt lat="62.120542991906404" lon="-7.308529727160931">
 <ele>91.069999999999993</ele>
 <time>2020-07-30T13:40:54Z</time>
 </trkpt>
 <trkpt lat="62.120455652475357" lon="-7.308403747156262">
 <ele>89.790000000000006</ele>
 <time>2020-07-30T13:41:04Z</time>
 </trkpt>
 <trkpt lat="62.12038348428905" lon="-7.308238288387656">
 <ele>89.609999999999999</ele>
 <time>2020-07-30T13:41:11Z</time>
 </trkpt>
 <trkpt lat="62.120320117101073" lon="-7.308088336139917">
 <ele>89.519999999999996</ele>
 <time>2020-07-30T13:41:18Z</time>
 </trkpt>
 <trkpt lat="62.120228419080377" lon="-7.307976773008704">
 <ele>89.120000000000005</ele>
 <time>2020-07-30T13:41:27Z</time>
 </trkpt>
 <trkpt lat="62.120136301964521" lon="-7.307911226525903">
 <ele>89.120000000000005</ele>
 <time>2020-07-30T13:41:34Z</time>
 </trkpt>
 <trkpt lat="62.120049968361855" lon="-7.307825228199363">
 <ele>89.079999999999998</ele>
 <time>2020-07-30T13:41:41Z</time>
 </trkpt>
 <trkpt lat="62.119962796568871" lon="-7.307734955102205">
 <ele>89.329999999999998</ele>
 <time>2020-07-30T13:41:48Z</time>
 </trkpt>
 <trkpt lat="62.119885347783566" lon="-7.307605789974332">
 <ele>89.430000000000007</ele>
 <time>2020-07-30T13:41:57Z</time>
 </trkpt>
 <trkpt lat="62.119822986423969" lon="-7.307421304285526">
 <ele>90.299999999999997</ele>
 <time>2020-07-30T13:42:09Z</time>
 </trkpt>
 <trkpt lat="62.119746962562203" lon="-7.307262383401394">
 <ele>89.659999999999997</ele>
 <time>2020-07-30T13:42:17Z</time>
 </trkpt>
 <trkpt lat="62.119663143530488" lon="-7.307119891047478">
 <ele>90.629999999999995</ele>
 <time>2020-07-30T13:42:25Z</time>
 </trkpt>
 <trkpt lat="62.119596675038338" lon="-7.306945379823446">
 <ele>90.150000000000006</ele>
 <time>2020-07-30T13:42:36Z</time>
 </trkpt>
 <trkpt lat="62.119545293971896" lon="-7.306771203875542">
 <ele>89.760000000000005</ele>
 <time>2020-07-30T13:42:43Z</time>
 </trkpt>
 <trkpt lat="62.119495337828994" lon="-7.306596860289574">
 <ele>89.340000000000003</ele>
 <time>2020-07-30T13:42:50Z</time>
 </trkpt>
 <trkpt lat="62.119450327008963" lon="-7.3063899949193">
 <ele>89.069999999999993</ele>
 <time>2020-07-30T13:42:57Z</time>
 </trkpt>
 <trkpt lat="62.119402550160885" lon="-7.306224200874567">
 <ele>89.019999999999996</ele>
 <time>2020-07-30T13:43:04Z</time>
 </trkpt>
 <trkpt lat="62.119356701150537" lon="-7.306041307747364">
 <ele>89.019999999999996</ele>
 <time>2020-07-30T13:43:11Z</time>
 </trkpt>
 <trkpt lat="62.119303559884429" lon="-7.305880626663566">
 <ele>89.189999999999998</ele>
 <time>2020-07-30T13:43:18Z</time>
 </trkpt>
 <trkpt lat="62.11923616938293" lon="-7.305725729092956">
 <ele>89.530000000000001</ele>
 <time>2020-07-30T13:43:26Z</time>
 </trkpt>
 <trkpt lat="62.119198283180594" lon="-7.305525988340378">
 <ele>89.620000000000005</ele>
 <time>2020-07-30T13:43:34Z</time>
 </trkpt>
 <trkpt lat="62.119165174663067" lon="-7.305305292829871">
 <ele>89.659999999999997</ele>
 <time>2020-07-30T13:43:42Z</time>
 </trkpt>
 <trkpt lat="62.119130557402968" lon="-7.305096834897995">
 <ele>89.939999999999998</ele>
 <time>2020-07-30T13:43:51Z</time>
 </trkpt>
 <trkpt lat="62.11907104589045" lon="-7.304886784404516">
 <ele>89.620000000000005</ele>
 <time>2020-07-30T13:43:59Z</time>
 </trkpt>
 <trkpt lat="62.119033327326179" lon="-7.304685702547431">
 <ele>89.939999999999998</ele>
 <time>2020-07-30T13:44:07Z</time>
 </trkpt>
 <trkpt lat="62.11897624656558" lon="-7.30448679998517">
 <ele>89.799999999999997</ele>
 <time>2020-07-30T13:44:14Z</time>
 </trkpt>
 <trkpt lat="62.11890634149313" lon="-7.304319245740771">
 <ele>89.469999999999999</ele>
 <time>2020-07-30T13:44:22Z</time>
 </trkpt>
 <trkpt lat="62.118850015103817" lon="-7.304132245481014">
 <ele>89.430000000000007</ele>
 <time>2020-07-30T13:44:30Z</time>
 </trkpt>
 <trkpt lat="62.118794107809663" lon="-7.303931582719088">
 <ele>89.430000000000007</ele>
 <time>2020-07-30T13:44:38Z</time>
 </trkpt>
 <trkpt lat="62.118739541620016" lon="-7.303751287981868">
 <ele>89.560000000000002</ele>
 <time>2020-07-30T13:44:46Z</time>
 </trkpt>
 <trkpt lat="62.118675084784627" lon="-7.303588427603245">
 <ele>89.650000000000006</ele>
 <time>2020-07-30T13:44:53Z</time>
 </trkpt>
 <trkpt lat="62.118607359007001" lon="-7.303422633558512">
 <ele>89.950000000000003</ele>
 <time>2020-07-30T13:44:59Z</time>
 </trkpt>
 <trkpt lat="62.118549859151244" lon="-7.303249211981893">
 <ele>89.870000000000005</ele>
 <time>2020-07-30T13:45:05Z</time>
 </trkpt>
 <trkpt lat="62.118503507226706" lon="-7.303072940558195">
 <ele>89.859999999999999</ele>
 <time>2020-07-30T13:45:12Z</time>
 </trkpt>
 <trkpt lat="62.118442067876458" lon="-7.302879318594933">
 <ele>89.590000000000003</ele>
 <time>2020-07-30T13:45:21Z</time>
 </trkpt>
 <trkpt lat="62.118390016257763" lon="-7.302693659439683">
 <ele>89.780000000000001</ele>
 <time>2020-07-30T13:45:28Z</time>
 </trkpt>
 <trkpt lat="62.118366882205009" lon="-7.302483608946204">
 <ele>89.519999999999996</ele>
 <time>2020-07-30T13:45:35Z</time>
 </trkpt>
 <trkpt lat="62.118342993780971" lon="-7.30227816849947">
 <ele>89.560000000000002</ele>
 <time>2020-07-30T13:45:42Z</time>
 </trkpt>
 <trkpt lat="62.118307705968618" lon="-7.302045905962586">
 <ele>89.530000000000001</ele>
 <time>2020-07-30T13:45:50Z</time>
 </trkpt>
 <trkpt lat="62.118279123678803" lon="-7.301816996186972">
 <ele>89.689999999999998</ele>
 <time>2020-07-30T13:45:57Z</time>
 </trkpt>
 <trkpt lat="62.118230676278472" lon="-7.301612226292491">
 <ele>89.329999999999998</ele>
 <time>2020-07-30T13:46:04Z</time>
 </trkpt>
 <trkpt lat="62.118171835318208" lon="-7.3014304228127">
 <ele>88.950000000000003</ele>
 <time>2020-07-30T13:46:11Z</time>
 </trkpt>
 <trkpt lat="62.118091201409698" lon="-7.301311064511538">
 <ele>88.989999999999995</ele>
 <time>2020-07-30T13:46:18Z</time>
 </trkpt>
 <trkpt lat="62.117994138970971" lon="-7.301220623776317">
 <ele>88.969999999999999</ele>
 <time>2020-07-30T13:46:26Z</time>
 </trkpt>
 <trkpt lat="62.117896070703864" lon="-7.301178127527237">
 <ele>88.909999999999997</ele>
 <time>2020-07-30T13:46:34Z</time>
 </trkpt>
 <trkpt lat="62.117811245843768" lon="-7.301066480576992">
 <ele>89.549999999999997</ele>
 <time>2020-07-30T13:46:45Z</time>
 </trkpt>
 <trkpt lat="62.117711752653122" lon="-7.300964472815394">
 <ele>89.260000000000005</ele>
 <time>2020-07-30T13:46:54Z</time>
 </trkpt>
 <trkpt lat="62.1176075655967" lon="-7.300905799493194">
 <ele>88.840000000000003</ele>
 <time>2020-07-30T13:47:02Z</time>
 </trkpt>
 <trkpt lat="62.117494912818074" lon="-7.300913594663143">
 <ele>88.950000000000003</ele>
 <time>2020-07-30T13:47:09Z</time>
 </trkpt>
 <trkpt lat="62.117404220625758" lon="-7.3009451944381">
 <ele>88.849999999999994</ele>
 <time>2020-07-30T13:47:15Z</time>
 </trkpt>
 <trkpt lat="62.117303553968668" lon="-7.300943015143275">
 <ele>89.209999999999994</ele>
 <time>2020-07-30T13:47:22Z</time>
 </trkpt>
 <trkpt lat="62.117206659168005" lon="-7.300847629085183">
 <ele>89.129999999999995</ele>
 <time>2020-07-30T13:47:29Z</time>
 </trkpt>
 <trkpt lat="62.11712284013629" lon="-7.300718380138278">
 <ele>89.280000000000001</ele>
 <time>2020-07-30T13:47:36Z</time>
 </trkpt>
 <trkpt lat="62.117041284218431" lon="-7.300572786480188">
 <ele>89.730000000000004</ele>
 <time>2020-07-30T13:47:43Z</time>
 </trkpt>
 <trkpt lat="62.116962829604745" lon="-7.300420822575688">
 <ele>89.739999999999995</ele>
 <time>2020-07-30T13:47:50Z</time>
 </trkpt>
 <trkpt lat="62.116875573992729" lon="-7.300333483144641">
 <ele>89.629999999999995</ele>
 <time>2020-07-30T13:47:57Z</time>
 </trkpt>
 <trkpt lat="62.116786893457174" lon="-7.300247484818101">
 <ele>89.659999999999997</ele>
 <time>2020-07-30T13:48:04Z</time>
 </trkpt>
 <trkpt lat="62.116701062768698" lon="-7.300131982192397">
 <ele>90.040000000000006</ele>
 <time>2020-07-30T13:48:12Z</time>
 </trkpt>
 <trkpt lat="62.116609951481223" lon="-7.300017066299915">
 <ele>89.950000000000003</ele>
 <time>2020-07-30T13:48:19Z</time>
 </trkpt>
 <trkpt lat="62.11653308942914" lon="-7.299902234226465">
 <ele>90</ele>
 <time>2020-07-30T13:48:25Z</time>
 </trkpt>
 <trkpt lat="62.116492353379726" lon="-7.299717077985406">
 <ele>89.590000000000003</ele>
 <time>2020-07-30T13:48:32Z</time>
 </trkpt>
 <trkpt lat="62.116471147164702" lon="-7.299527479335666">
 <ele>89.739999999999995</ele>
 <time>2020-07-30T13:48:39Z</time>
 </trkpt>
 <trkpt lat="62.116451617330313" lon="-7.299338048323989">
 <ele>89.799999999999997</ele>
 <time>2020-07-30T13:48:46Z</time>
 </trkpt>
 <trkpt lat="62.116448516026139" lon="-7.299117017537355">
 <ele>89.670000000000002</ele>
 <time>2020-07-30T13:48:54Z</time>
 </trkpt>
 <trkpt lat="62.116450946778059" lon="-7.29891886934638">
 <ele>89.730000000000004</ele>
 <time>2020-07-30T13:49:01Z</time>
 </trkpt>
 <trkpt lat="62.116434518247843" lon="-7.298694904893637">
 <ele>89.790000000000006</ele>
 <time>2020-07-30T13:49:10Z</time>
 </trkpt>
 <trkpt lat="62.116411635652184" lon="-7.29847613722086">
 <ele>89.879999999999995</ele>
 <time>2020-07-30T13:49:17Z</time>
 </trkpt>
 <trkpt lat="62.116374000906944" lon="-7.298254016786814">
 <ele>89.890000000000001</ele>
 <time>2020-07-30T13:49:24Z</time>
 </trkpt>
 <trkpt lat="62.116334354504943" lon="-7.298076320439577">
 <ele>89.900000000000006</ele>
 <time>2020-07-30T13:49:30Z</time>
 </trkpt>
 <trkpt lat="62.116281213238835" lon="-7.297875490039587">
 <ele>90.019999999999996</ele>
 <time>2020-07-30T13:49:38Z</time>
 </trkpt>
 <trkpt lat="62.116258079186082" lon="-7.297663763165474">
 <ele>89.980000000000004</ele>
 <time>2020-07-30T13:49:45Z</time>
 </trkpt>
 <trkpt lat="62.116250954568386" lon="-7.297461340203881">
 <ele>89.859999999999999</ele>
 <time>2020-07-30T13:49:52Z</time>
 </trkpt>
 <trkpt lat="62.116211140528321" lon="-7.297268053516746">
 <ele>89.890000000000001</ele>
 <time>2020-07-30T13:50:00Z</time>
 </trkpt>
 <trkpt lat="62.116208793595433" lon="-7.297059679403901">
 <ele>89.950000000000003</ele>
 <time>2020-07-30T13:50:08Z</time>
 </trkpt>
 <trkpt lat="62.116154059767723" lon="-7.296826327219605">
 <ele>89.959999999999994</ele>
 <time>2020-07-30T13:50:17Z</time>
 </trkpt>
 <trkpt lat="62.11608499288559" lon="-7.296615354716778">
 <ele>90.010000000000005</ele>
 <time>2020-07-30T13:50:25Z</time>
 </trkpt>
 <trkpt lat="62.116001425310969" lon="-7.296443106606603">
 <ele>90.219999999999999</ele>
 <time>2020-07-30T13:50:33Z</time>
 </trkpt>
 <trkpt lat="62.115915343165398" lon="-7.296281084418297">
 <ele>89.930000000000007</ele>
 <time>2020-07-30T13:50:40Z</time>
 </trkpt>
 <trkpt lat="62.115841833874583" lon="-7.296121492981911">
 <ele>89.780000000000001</ele>
 <time>2020-07-30T13:50:48Z</time>
 </trkpt>
 <trkpt lat="62.115767151117325" lon="-7.295961482450366">
 <ele>90.109999999999999</ele>
 <time>2020-07-30T13:50:56Z</time>
 </trkpt>
 <trkpt lat="62.115718200802803" lon="-7.295763334259391">
 <ele>90.310000000000002</ele>
 <time>2020-07-30T13:51:03Z</time>
 </trkpt>
 <trkpt lat="62.115656090900302" lon="-7.295606089755893">
 <ele>90.269999999999996</ele>
 <time>2020-07-30T13:51:09Z</time>
 </trkpt>
 <trkpt lat="62.115568835288286" lon="-7.295474074780941">
 <ele>90.519999999999996</ele>
 <time>2020-07-30T13:51:16Z</time>
 </trkpt>
 <trkpt lat="62.115479065105319" lon="-7.295360583811998">
 <ele>90.75</ele>
 <time>2020-07-30T13:51:23Z</time>
 </trkpt>
 <trkpt lat="62.115426175296307" lon="-7.295202165842056">
 <ele>90.760000000000005</ele>
 <time>2020-07-30T13:51:30Z</time>
 </trkpt>
 <trkpt lat="62.115383930504322" lon="-7.295015752315521">
 <ele>90.400000000000006</ele>
 <time>2020-07-30T13:51:37Z</time>
 </trkpt>
 <trkpt lat="62.115335650742054" lon="-7.294827494770289">
 <ele>90.359999999999999</ele>
 <time>2020-07-30T13:51:44Z</time>
 </trkpt>
 <trkpt lat="62.115296926349401" lon="-7.294651558622718">
 <ele>90.439999999999998</ele>
 <time>2020-07-30T13:51:51Z</time>
 </trkpt>
 <trkpt lat="62.115250574424863" lon="-7.294455086812377">
 <ele>90.530000000000001</ele>
 <time>2020-07-30T13:51:59Z</time>
 </trkpt>
 <trkpt lat="62.115175472572446" lon="-7.29427881538868">
 <ele>90.689999999999998</ele>
 <time>2020-07-30T13:52:07Z</time>
 </trkpt>
 <trkpt lat="62.115088552236557" lon="-7.294144788756967">
 <ele>90.680000000000007</ele>
 <time>2020-07-30T13:52:14Z</time>
 </trkpt>
 <trkpt lat="62.114996099844575" lon="-7.294059041887522">
 <ele>90.829999999999998</ele>
 <time>2020-07-30T13:52:21Z</time>
 </trkpt>
 <trkpt lat="62.114949580281973" lon="-7.293844716623426">
 <ele>90.950000000000003</ele>
 <time>2020-07-30T13:52:30Z</time>
 </trkpt>
 <trkpt lat="62.114920746535063" lon="-7.293595271185041">
 <ele>90.709999999999994</ele>
 <time>2020-07-30T13:52:38Z</time>
 </trkpt>
 <trkpt lat="62.114854948595166" lon="-7.293391842395067">
 <ele>90.680000000000007</ele>
 <time>2020-07-30T13:52:46Z</time>
 </trkpt>
 <trkpt lat="62.114773141220212" lon="-7.293240549042821">
 <ele>90.769999999999996</ele>
 <time>2020-07-30T13:52:53Z</time>
 </trkpt>
 <trkpt lat="62.114685550332069" lon="-7.293085902929306">
 <ele>90.920000000000002</ele>
 <time>2020-07-30T13:53:01Z</time>
 </trkpt>
 <trkpt lat="62.114598378539085" lon="-7.292937291786075">
 <ele>91.099999999999994</ele>
 <time>2020-07-30T13:53:08Z</time>
 </trkpt>
 <trkpt lat="62.114522187039256" lon="-7.292761774733663">
 <ele>91.040000000000006</ele>
 <time>2020-07-30T13:53:15Z</time>
 </trkpt>
 <trkpt lat="62.114463932812214" lon="-7.2925647161901">
 <ele>90.829999999999998</ele>
 <time>2020-07-30T13:53:22Z</time>
 </trkpt>
 <trkpt lat="62.114392770454288" lon="-7.292374949902296">
 <ele>90.659999999999997</ele>
 <time>2020-07-30T13:53:31Z</time>
 </trkpt>
 <trkpt lat="62.114325715228915" lon="-7.292217202484608">
 <ele>90.590000000000003</ele>
 <time>2020-07-30T13:53:38Z</time>
 </trkpt>
 <trkpt lat="62.114266371354461" lon="-7.29202869348228">
 <ele>90.829999999999998</ele>
 <time>2020-07-30T13:53:44Z</time>
 </trkpt>
 <trkpt lat="62.114214319735765" lon="-7.291855020448566">
 <ele>90.670000000000002</ele>
 <time>2020-07-30T13:53:50Z</time>
 </trkpt>
 <trkpt lat="62.11415983736515" lon="-7.291671959683299">
 <ele>90.659999999999997</ele>
 <time>2020-07-30T13:53:57Z</time>
 </trkpt>
 <trkpt lat="62.114103762432933" lon="-7.291521923616529">
 <ele>90.689999999999998</ele>
 <time>2020-07-30T13:54:03Z</time>
 </trkpt>
 <trkpt lat="62.114034360274673" lon="-7.291373228654265">
 <ele>90.329999999999998</ele>
 <time>2020-07-30T13:54:10Z</time>
 </trkpt>
 <trkpt lat="62.113968562334776" lon="-7.291211877018213">
 <ele>90.530000000000001</ele>
 <time>2020-07-30T13:54:18Z</time>
 </trkpt>
 <trkpt lat="62.113898573443294" lon="-7.291073156520724">
 <ele>90.200000000000003</ele>
 <time>2020-07-30T13:54:25Z</time>
 </trkpt>
 <trkpt lat="62.11383881047368" lon="-7.290925802662969">
 <ele>90.159999999999997</ele>
 <time>2020-07-30T13:54:31Z</time>
 </trkpt>
 <trkpt lat="62.113778125494719" lon="-7.2907670494169">
 <ele>90.829999999999998</ele>
 <time>2020-07-30T13:54:40Z</time>
 </trkpt>
 <trkpt lat="62.113734371960163" lon="-7.29057845659554">
 <ele>92.549999999999997</ele>
 <time>2020-07-30T13:54:49Z</time>
 </trkpt>
 <trkpt lat="62.1136858407408" lon="-7.290391623973846">
 <ele>92.799999999999997</ele>
 <time>2020-07-30T13:55:01Z</time>
 </trkpt>
 <trkpt lat="62.113626413047314" lon="-7.2902178671211">
 <ele>91.269999999999996</ele>
 <time>2020-07-30T13:55:11Z</time>
 </trkpt>
 <trkpt lat="62.113537229597569" lon="-7.290106639266014">
 <ele>90.040000000000006</ele>
 <time>2020-07-30T13:55:18Z</time>
 </trkpt>
 <trkpt lat="62.11345030926168" lon="-7.289941934868693">
 <ele>90.200000000000003</ele>
 <time>2020-07-30T13:55:27Z</time>
 </trkpt>
 <trkpt lat="62.11339314468205" lon="-7.289756443351507">
 <ele>90.069999999999993</ele>
 <time>2020-07-30T13:55:34Z</time>
 </trkpt>
 <trkpt lat="62.113332627341151" lon="-7.289583021774888">
 <ele>90.189999999999998</ele>
 <time>2020-07-30T13:55:41Z</time>
 </trkpt>
 <trkpt lat="62.113260123878717" lon="-7.289439104497433">
 <ele>90.319999999999993</ele>
 <time>2020-07-30T13:55:48Z</time>
 </trkpt>
 <trkpt lat="62.113175131380558" lon="-7.289311531931162">
 <ele>90.319999999999993</ele>
 <time>2020-07-30T13:55:55Z</time>
 </trkpt>
 <trkpt lat="62.113108411431313" lon="-7.289189407601953">
 <ele>90.459999999999994</ele>
 <time>2020-07-30T13:56:03Z</time>
 </trkpt>
 <trkpt lat="62.113036746159196" lon="-7.289035012945533">
 <ele>90.519999999999996</ele>
 <time>2020-07-30T13:56:11Z</time>
 </trkpt>
 <trkpt lat="62.113017467781901" lon="-7.289020428434014">
 <ele>91.340000000000003</ele>
 <time>2020-07-30T13:58:44Z</time>
 </trkpt>
 <trkpt lat="62.112992741167545" lon="-7.288998803123832">
 <ele>91</ele>
 <time>2020-07-30T13:59:49Z</time>
 </trkpt>
 <trkpt lat="62.112922668457031" lon="-7.288826135918498">
 <ele>91.239999999999995</ele>
 <time>2020-07-30T13:59:57Z</time>
 </trkpt>
 <trkpt lat="62.112824684008956" lon="-7.288690516725183">
 <ele>91.349999999999994</ele>
 <time>2020-07-30T14:00:07Z</time>
 </trkpt>
 <trkpt lat="62.112718066200614" lon="-7.288625305518508">
 <ele>91.719999999999999</ele>
 <time>2020-07-30T14:00:15Z</time>
 </trkpt>
 <trkpt lat="62.112608933821321" lon="-7.288609547540546">
 <ele>92.109999999999999</ele>
 <time>2020-07-30T14:00:29Z</time>
 </trkpt>
 <trkpt lat="62.112507009878755" lon="-7.28854768909514">
 <ele>92.150000000000006</ele>
 <time>2020-07-30T14:00:37Z</time>
 </trkpt>
 <trkpt lat="62.112418999895453" lon="-7.288523968309164">
 <ele>91.870000000000005</ele>
 <time>2020-07-30T14:00:43Z</time>
 </trkpt>
 <trkpt lat="62.11232210509479" lon="-7.288516759872437">
 <ele>92.010000000000005</ele>
 <time>2020-07-30T14:00:49Z</time>
 </trkpt>
 <trkpt lat="62.112225629389286" lon="-7.288448363542557">
 <ele>91.629999999999995</ele>
 <time>2020-07-30T14:00:56Z</time>
 </trkpt>
 <trkpt lat="62.112132171168923" lon="-7.288371920585632">
 <ele>91.739999999999995</ele>
 <time>2020-07-30T14:01:03Z</time>
 </trkpt>
 <trkpt lat="62.112042820081115" lon="-7.288302183151245">
 <ele>92.090000000000003</ele>
 <time>2020-07-30T14:01:10Z</time>
 </trkpt>
 <trkpt lat="62.111970568075776" lon="-7.288169749081135">
 <ele>92.180000000000007</ele>
 <time>2020-07-30T14:01:18Z</time>
 </trkpt>
 <trkpt lat="62.111887000501156" lon="-7.288078218698502">
 <ele>92.239999999999995</ele>
 <time>2020-07-30T14:01:27Z</time>
 </trkpt>
 <trkpt lat="62.11178557947278" lon="-7.287966571748257">
 <ele>92.370000000000005</ele>
 <time>2020-07-30T14:01:35Z</time>
 </trkpt>
 <trkpt lat="62.111704191192985" lon="-7.287851823493838">
 <ele>92.120000000000005</ele>
 <time>2020-07-30T14:01:43Z</time>
 </trkpt>
 <trkpt lat="62.111646942794323" lon="-7.287671780213714">
 <ele>92.150000000000006</ele>
 <time>2020-07-30T14:01:54Z</time>
 </trkpt>
 <trkpt lat="62.111595226451755" lon="-7.287491904571652">
 <ele>92.310000000000002</ele>
 <time>2020-07-30T14:02:02Z</time>
 </trkpt>
 <trkpt lat="62.111509731039405" lon="-7.287333989515901">
 <ele>92.200000000000003</ele>
 <time>2020-07-30T14:02:20Z</time>
 </trkpt>
 <trkpt lat="62.111527416855097" lon="-7.28725578635931">
 <ele>92.019999999999996</ele>
 <time>2020-07-30T14:02:38Z</time>
 </trkpt>
 <trkpt lat="62.111453237012029" lon="-7.287095356732607">
 <ele>91.980000000000004</ele>
 <time>2020-07-30T14:03:00Z</time>
 </trkpt>
 <trkpt lat="62.111418284475803" lon="-7.286935178562999">
 <ele>93.030000000000001</ele>
 <time>2020-07-30T14:03:16Z</time>
 </trkpt>
 <trkpt lat="62.11145524866879" lon="-7.286754716187716">
 <ele>92.920000000000002</ele>
 <time>2020-07-30T14:03:26Z</time>
 </trkpt>
 <trkpt lat="62.111495230346918" lon="-7.286659413948655">
 <ele>93.209999999999994</ele>
 <time>2020-07-30T14:03:54Z</time>
 </trkpt>
 <trkpt lat="62.111490704119205" lon="-7.286630999296904">
 <ele>93.170000000000002</ele>
 <time>2020-07-30T14:04:12Z</time>
 </trkpt>
 <trkpt lat="62.11144988425076" lon="-7.28642069734633">
 <ele>92.799999999999997</ele>
 <time>2020-07-30T14:04:31Z</time>
 </trkpt>
 <trkpt lat="62.111351061612368" lon="-7.28631567209959">
 <ele>93.209999999999994</ele>
 <time>2020-07-30T14:04:42Z</time>
 </trkpt>
 <trkpt lat="62.111279647797346" lon="-7.286181394010782">
 <ele>93.109999999999999</ele>
 <time>2020-07-30T14:04:54Z</time>
 </trkpt>
 <trkpt lat="62.111282916739583" lon="-7.286025071516633">
 <ele>93.140000000000001</ele>
 <time>2020-07-30T14:05:06Z</time>
 </trkpt>
 <trkpt lat="62.111193649470806" lon="-7.285931529477239">
 <ele>93.599999999999994</ele>
 <time>2020-07-30T14:05:18Z</time>
 </trkpt>
 <trkpt lat="62.111089043319225" lon="-7.285844273865223">
 <ele>93.739999999999995</ele>
 <time>2020-07-30T14:05:29Z</time>
 </trkpt>
 <trkpt lat="62.11099348962307" lon="-7.285754084587097">
 <ele>93.790000000000006</ele>
 <time>2020-07-30T14:05:38Z</time>
 </trkpt>
 <trkpt lat="62.110895253717899" lon="-7.285670852288604">
 <ele>94</ele>
 <time>2020-07-30T14:05:48Z</time>
 </trkpt>
 <trkpt lat="62.110798107460141" lon="-7.285541268065572">
 <ele>94.120000000000005</ele>
 <time>2020-07-30T14:06:02Z</time>
 </trkpt>
 <trkpt lat="62.11071940138936" lon="-7.28542635217309">
 <ele>94.260000000000005</ele>
 <time>2020-07-30T14:06:11Z</time>
 </trkpt>
 <trkpt lat="62.11063340306282" lon="-7.285297019407153">
 <ele>94.310000000000002</ele>
 <time>2020-07-30T14:06:21Z</time>
 </trkpt>
 <trkpt lat="62.110548242926598" lon="-7.285168441012502">
 <ele>94.489999999999995</ele>
 <time>2020-07-30T14:06:32Z</time>
 </trkpt>
 <trkpt lat="62.110459394752979" lon="-7.285037431865931">
 <ele>94.560000000000002</ele>
 <time>2020-07-30T14:06:42Z</time>
 </trkpt>
 <trkpt lat="62.110379179939628" lon="-7.284929808229208">
 <ele>94.950000000000003</ele>
 <time>2020-07-30T14:06:54Z</time>
 </trkpt>
 <trkpt lat="62.110401056706905" lon="-7.284902315586805">
 <ele>95.230000000000004</ele>
 <time>2020-07-30T14:07:38Z</time>
 </trkpt>
 <trkpt lat="62.110354788601398" lon="-7.284892676398158">
 <ele>95.120000000000005</ele>
 <time>2020-07-30T14:08:15Z</time>
 </trkpt>
 <trkpt lat="62.110255714505911" lon="-7.284806929528713">
 <ele>95.469999999999999</ele>
 <time>2020-07-30T14:08:24Z</time>
 </trkpt>
 <trkpt lat="62.110159071162343" lon="-7.28471833281219">
 <ele>95.609999999999999</ele>
 <time>2020-07-30T14:08:32Z</time>
 </trkpt>
 <trkpt lat="62.110065780580044" lon="-7.284666867926717">
 <ele>95.849999999999994</ele>
 <time>2020-07-30T14:08:40Z</time>
 </trkpt>
 <trkpt lat="62.109971232712269" lon="-7.284638285636902">
 <ele>96.260000000000005</ele>
 <time>2020-07-30T14:08:48Z</time>
 </trkpt>
 <trkpt lat="62.109873248264194" lon="-7.284642895683646">
 <ele>96.489999999999995</ele>
 <time>2020-07-30T14:08:55Z</time>
 </trkpt>
 <trkpt lat="62.10978708229959" lon="-7.284641219303012">
 <ele>96.439999999999998</ele>
 <time>2020-07-30T14:09:03Z</time>
 </trkpt>
 <trkpt lat="62.109693288803101" lon="-7.284676004201174">
 <ele>96.819999999999993</ele>
 <time>2020-07-30T14:09:11Z</time>
 </trkpt>
 <trkpt lat="62.109598154202104" lon="-7.284700982272625">
 <ele>97.510000000000005</ele>
 <time>2020-07-30T14:09:19Z</time>
 </trkpt>
 <trkpt lat="62.109496314078569" lon="-7.284679273143411">
 <ele>97.989999999999995</ele>
 <time>2020-07-30T14:09:28Z</time>
 </trkpt>
 <trkpt lat="62.109408639371395" lon="-7.284696036949754">
 <ele>98.450000000000003</ele>
 <time>2020-07-30T14:09:36Z</time>
 </trkpt>
 <trkpt lat="62.109303781762719" lon="-7.284670891240239">
 <ele>98.989999999999995</ele>
 <time>2020-07-30T14:09:46Z</time>
 </trkpt>
 <trkpt lat="62.109196493402123" lon="-7.284670053049922">
 <ele>99.370000000000005</ele>
 <time>2020-07-30T14:09:55Z</time>
 </trkpt>
 <trkpt lat="62.109093563631177" lon="-7.284681536257267">
 <ele>99.709999999999994</ele>
 <time>2020-07-30T14:10:04Z</time>
 </trkpt>
 <trkpt lat="62.108977390453219" lon="-7.284661754965782">
 <ele>99.980000000000004</ele>
 <time>2020-07-30T14:10:15Z</time>
 </trkpt>
 <trkpt lat="62.108867168426514" lon="-7.284659910947084">
 <ele>101.06</ele>
 <time>2020-07-30T14:10:23Z</time>
 </trkpt>
 <trkpt lat="62.108773794025183" lon="-7.284602746367455">
 <ele>103.20999999999999</ele>
 <time>2020-07-30T14:10:31Z</time>
 </trkpt>
 <trkpt lat="62.108680419623852" lon="-7.284585982561112">
 <ele>103.41</ele>
 <time>2020-07-30T14:10:38Z</time>
 </trkpt>
 <trkpt lat="62.108569610863924" lon="-7.284553460776806">
 <ele>105.17</ele>
 <time>2020-07-30T14:10:49Z</time>
 </trkpt>
 <trkpt lat="62.108457293361425" lon="-7.2845399659127">
 <ele>106.14</ele>
 <time>2020-07-30T14:10:57Z</time>
 </trkpt>
 <trkpt lat="62.108357967808843" lon="-7.284432929009199">
 <ele>106.73</ele>
 <time>2020-07-30T14:11:08Z</time>
 </trkpt>
 <trkpt lat="62.108265683054924" lon="-7.284346846863627">
 <ele>106.95999999999999</ele>
 <time>2020-07-30T14:11:14Z</time>
 </trkpt>
 <trkpt lat="62.108174320310354" lon="-7.284265542402864">
 <ele>107.8</ele>
 <time>2020-07-30T14:11:22Z</time>
 </trkpt>
 <trkpt lat="62.108083795756102" lon="-7.28427124209702">
 <ele>108.81</ele>
 <time>2020-07-30T14:11:32Z</time>
 </trkpt>
 <trkpt lat="62.107999976724386" lon="-7.284360844641924">
 <ele>109.59999999999999</ele>
 <time>2020-07-30T14:11:40Z</time>
 </trkpt>
 <trkpt lat="62.107931077480316" lon="-7.28447986766696">
 <ele>110.45</ele>
 <time>2020-07-30T14:11:48Z</time>
 </trkpt>
 <trkpt lat="62.107836781069636" lon="-7.284476095810533">
 <ele>111.8</ele>
 <time>2020-07-30T14:11:56Z</time>
 </trkpt>
 <trkpt lat="62.107744999229908" lon="-7.284411136060953">
 <ele>110.97</ele>
 <time>2020-07-30T14:12:04Z</time>
 </trkpt>
 <trkpt lat="62.107639219611883" lon="-7.284389846026897">
 <ele>111.43000000000001</ele>
 <time>2020-07-30T14:12:13Z</time>
 </trkpt>
 <trkpt lat="62.107547270134091" lon="-7.284323293715715">
 <ele>112.09999999999999</ele>
 <time>2020-07-30T14:12:22Z</time>
 </trkpt>
 <trkpt lat="62.107453476637602" lon="-7.284232769161463">
 <ele>112.48</ele>
 <time>2020-07-30T14:12:30Z</time>
 </trkpt>
 <trkpt lat="62.107356078922749" lon="-7.284157248213887">
 <ele>113.29000000000001</ele>
 <time>2020-07-30T14:12:38Z</time>
 </trkpt>
 <trkpt lat="62.107250466942787" lon="-7.284170743077993">
 <ele>114.64</ele>
 <time>2020-07-30T14:12:50Z</time>
 </trkpt>
 <trkpt lat="62.107140747830272" lon="-7.284117182716727">
 <ele>114.56</ele>
 <time>2020-07-30T14:13:00Z</time>
 </trkpt>
 <trkpt lat="62.107034968212247" lon="-7.284133611246944">
 <ele>115.73</ele>
 <time>2020-07-30T14:13:09Z</time>
 </trkpt>
 <trkpt lat="62.106935642659664" lon="-7.284123972058296">
 <ele>116.37</ele>
 <time>2020-07-30T14:13:17Z</time>
 </trkpt>
 <trkpt lat="62.106832461431623" lon="-7.284039063379169">
 <ele>117.37</ele>
 <time>2020-07-30T14:13:26Z</time>
 </trkpt>
 <trkpt lat="62.106715952977538" lon="-7.283962955698371">
 <ele>117.76000000000001</ele>
 <time>2020-07-30T14:13:36Z</time>
 </trkpt>
 <trkpt lat="62.106606820598245" lon="-7.283930433914065">
 <ele>117.81</ele>
 <time>2020-07-30T14:13:45Z</time>
 </trkpt>
 <trkpt lat="62.106497352942824" lon="-7.283922052010894">
 <ele>117.61</ele>
 <time>2020-07-30T14:13:54Z</time>
 </trkpt>
 <trkpt lat="62.106379084289074" lon="-7.283931104466319">
 <ele>118.27</ele>
 <time>2020-07-30T14:14:05Z</time>
 </trkpt>
 <trkpt lat="62.106285626068711" lon="-7.283967062830925">
 <ele>119.05</ele>
 <time>2020-07-30T14:14:12Z</time>
 </trkpt>
 <trkpt lat="62.106188731268048" lon="-7.284012660384178">
 <ele>119.33</ele>
 <time>2020-07-30T14:14:19Z</time>
 </trkpt>
 <trkpt lat="62.106076581403613" lon="-7.284011403098702">
 <ele>119.36</ele>
 <time>2020-07-30T14:14:27Z</time>
 </trkpt>
 <trkpt lat="62.105984296649694" lon="-7.283946191892028">
 <ele>118.90000000000001</ele>
 <time>2020-07-30T14:14:38Z</time>
 </trkpt>
 <trkpt lat="62.105886815115809" lon="-7.283912664279342">
 <ele>119.37</ele>
 <time>2020-07-30T14:14:49Z</time>
 </trkpt>
 <trkpt lat="62.105790674686432" lon="-7.283940240740776">
 <ele>120.01000000000001</ele>
 <time>2020-07-30T14:14:58Z</time>
 </trkpt>
 <trkpt lat="62.105696126818657" lon="-7.284029759466648">
 <ele>118.56</ele>
 <time>2020-07-30T14:15:12Z</time>
 </trkpt>
 <trkpt lat="62.105579115450382" lon="-7.284075692296028">
 <ele>119.41</ele>
 <time>2020-07-30T14:15:24Z</time>
 </trkpt>
 <trkpt lat="62.105476353317499" lon="-7.284150710329413">
 <ele>119.59</ele>
 <time>2020-07-30T14:15:31Z</time>
 </trkpt>
 <trkpt lat="62.105368813499808" lon="-7.28415691293776">
 <ele>120.29000000000001</ele>
 <time>2020-07-30T14:15:38Z</time>
 </trkpt>
 <trkpt lat="62.105258507654071" lon="-7.2841324377805">
 <ele>120.39</ele>
 <time>2020-07-30T14:15:45Z</time>
 </trkpt>
 <trkpt lat="62.105162870138884" lon="-7.284192452207208">
 <ele>121.47</ele>
 <time>2020-07-30T14:15:53Z</time>
 </trkpt>
 <trkpt lat="62.105066142976284" lon="-7.284190524369478">
 <ele>121.34999999999999</ele>
 <time>2020-07-30T14:16:00Z</time>
 </trkpt>
 <trkpt lat="62.10496187210083" lon="-7.284183232113719">
 <ele>122.31</ele>
 <time>2020-07-30T14:16:09Z</time>
 </trkpt>
 <trkpt lat="62.104859948158264" lon="-7.284151213243604">
 <ele>123.66</ele>
 <time>2020-07-30T14:16:17Z</time>
 </trkpt>
 <trkpt lat="62.104762969538569" lon="-7.284121876582503">
 <ele>124.18000000000001</ele>
 <time>2020-07-30T14:16:24Z</time>
 </trkpt>
 <trkpt lat="62.104649981483817" lon="-7.284125899896026">
 <ele>125.34999999999999</ele>
 <time>2020-07-30T14:16:34Z</time>
 </trkpt>
 <trkpt lat="62.104545626789331" lon="-7.284172503277659">
 <ele>126.06999999999999</ele>
 <time>2020-07-30T14:16:43Z</time>
 </trkpt>
 <trkpt lat="62.104436410591006" lon="-7.284175772219896">
 <ele>126.43000000000001</ele>
 <time>2020-07-30T14:16:50Z</time>
 </trkpt>
 <trkpt lat="62.10432174615562" lon="-7.284197900444269">
 <ele>127.2</ele>
 <time>2020-07-30T14:16:58Z</time>
 </trkpt>
 <trkpt lat="62.104214122518897" lon="-7.284206533804536">
 <ele>127.72</ele>
 <time>2020-07-30T14:17:06Z</time>
 </trkpt>
 <trkpt lat="62.104111611843109" lon="-7.284247688949108">
 <ele>129.13</ele>
 <time>2020-07-30T14:17:13Z</time>
 </trkpt>
 <trkpt lat="62.104007424786687" lon="-7.284246766939759">
 <ele>130.34</ele>
 <time>2020-07-30T14:17:21Z</time>
 </trkpt>
 <trkpt lat="62.103907344862819" lon="-7.284240899607539">
 <ele>130.03</ele>
 <time>2020-07-30T14:17:28Z</time>
 </trkpt>
 <trkpt lat="62.103812210261822" lon="-7.284186165779829">
 <ele>130.40000000000001</ele>
 <time>2020-07-30T14:17:35Z</time>
 </trkpt>
 <trkpt lat="62.103724870830774" lon="-7.284125732257962">
 <ele>130.02000000000001</ele>
 <time>2020-07-30T14:17:42Z</time>
 </trkpt>
 <trkpt lat="62.103636357933283" lon="-7.284043841063976">
 <ele>129.53</ele>
 <time>2020-07-30T14:17:50Z</time>
 </trkpt>
 <trkpt lat="62.103552203625441" lon="-7.284102765843272">
 <ele>129.53</ele>
 <time>2020-07-30T14:17:57Z</time>
 </trkpt>
 <trkpt lat="62.103468552231789" lon="-7.284139143303037">
 <ele>129.08000000000001</ele>
 <time>2020-07-30T14:18:04Z</time>
 </trkpt>
 <trkpt lat="62.10336402989924" lon="-7.284169821068645">
 <ele>128.69</ele>
 <time>2020-07-30T14:18:23Z</time>
 </trkpt>
 <trkpt lat="62.103254897519946" lon="-7.284239223226905">
 <ele>128.97999999999999</ele>
 <time>2020-07-30T14:18:30Z</time>
 </trkpt>
 <trkpt lat="62.103150878101587" lon="-7.284275600686669">
 <ele>129.15000000000001</ele>
 <time>2020-07-30T14:18:37Z</time>
 </trkpt>
 <trkpt lat="62.103043841198087" lon="-7.284257495775819">
 <ele>129.13</ele>
 <time>2020-07-30T14:18:43Z</time>
 </trkpt>
 <trkpt lat="62.10294627584517" lon="-7.284240731969476">
 <ele>129.02000000000001</ele>
 <time>2020-07-30T14:18:49Z</time>
 </trkpt>
 <trkpt lat="62.1028549131006" lon="-7.284213742241263">
 <ele>129.52000000000001</ele>
 <time>2020-07-30T14:18:56Z</time>
 </trkpt>
 <trkpt lat="62.102763382717967" lon="-7.284154146909714">
 <ele>129.93000000000001</ele>
 <time>2020-07-30T14:19:04Z</time>
 </trkpt>
 <trkpt lat="62.102664643898606" lon="-7.284184657037258">
 <ele>130.12</ele>
 <time>2020-07-30T14:19:12Z</time>
 </trkpt>
 <trkpt lat="62.102562468498945" lon="-7.284172922372818">
 <ele>130.74000000000001</ele>
 <time>2020-07-30T14:19:19Z</time>
 </trkpt>
 <trkpt lat="62.10247278213501" lon="-7.28421307168901">
 <ele>130.46000000000001</ele>
 <time>2020-07-30T14:19:33Z</time>
 </trkpt>
 <trkpt lat="62.102434644475579" lon="-7.284174598753452">
 <ele>129.71000000000001</ele>
 <time>2020-07-30T14:20:01Z</time>
 </trkpt>
 <trkpt lat="62.102417377755046" lon="-7.284255903214216">
 <ele>129.5</ele>
 <time>2020-07-30T14:20:57Z</time>
 </trkpt>
 <trkpt lat="62.10231838747859" lon="-7.284266632050276">
 <ele>129.53999999999999</ele>
 <time>2020-07-30T14:22:48Z</time>
 </trkpt>
 <trkpt lat="62.102223923429847" lon="-7.284221621230245">
 <ele>129.49000000000001</ele>
 <time>2020-07-30T14:22:55Z</time>
 </trkpt>
 <trkpt lat="62.102127112448215" lon="-7.284212904050946">
 <ele>129.58000000000001</ele>
 <time>2020-07-30T14:23:02Z</time>
 </trkpt>
 <trkpt lat="62.102028457447886" lon="-7.284231847152114">
 <ele>130.56999999999999</ele>
 <time>2020-07-30T14:23:08Z</time>
 </trkpt>
 <trkpt lat="62.101933993399143" lon="-7.284231344237924">
 <ele>129.31</ele>
 <time>2020-07-30T14:23:14Z</time>
 </trkpt>
 <trkpt lat="62.101830309256911" lon="-7.284221285954118">
 <ele>129.72</ele>
 <time>2020-07-30T14:23:21Z</time>
 </trkpt>
 <trkpt lat="62.10173299536109" lon="-7.284184070304036">
 <ele>128.69999999999999</ele>
 <time>2020-07-30T14:23:28Z</time>
 </trkpt>
 <trkpt lat="62.101631239056587" lon="-7.284129168838263">
 <ele>129.02000000000001</ele>
 <time>2020-07-30T14:23:36Z</time>
 </trkpt>
 <trkpt lat="62.10152680054307" lon="-7.284103352576494">
 <ele>129.30000000000001</ele>
 <time>2020-07-30T14:23:43Z</time>
 </trkpt>
 <trkpt lat="62.101420098915696" lon="-7.284053564071655">
 <ele>128.13</ele>
 <time>2020-07-30T14:23:50Z</time>
 </trkpt>
 <trkpt lat="62.101314654573798" lon="-7.28402984328568">
 <ele>127.67</ele>
 <time>2020-07-30T14:23:57Z</time>
 </trkpt>
 <trkpt lat="62.101208120584488" lon="-7.284017102792859">
 <ele>127.91</ele>
 <time>2020-07-30T14:24:04Z</time>
 </trkpt>
 <trkpt lat="62.101104687899351" lon="-7.283941162750125">
 <ele>128.22999999999999</ele>
 <time>2020-07-30T14:24:12Z</time>
 </trkpt>
 <trkpt lat="62.101051714271307" lon="-7.283895900472999">
 <ele>128.33000000000001</ele>
 <time>2020-07-30T14:24:47Z</time>
 </trkpt>
 <trkpt lat="62.101040398702025" lon="-7.283930266276002">
 <ele>128.27000000000001</ele>
 <time>2020-07-30T14:25:49Z</time>
 </trkpt>
 <trkpt lat="62.101032603532076" lon="-7.283959519118071">
 <ele>127.75</ele>
 <time>2020-07-30T14:26:51Z</time>
 </trkpt>
 <trkpt lat="62.100945012643933" lon="-7.28381727822125">
 <ele>128.06</ele>
 <time>2020-07-30T14:27:12Z</time>
 </trkpt>
 <trkpt lat="62.100862534716725" lon="-7.283695405349135">
 <ele>128.44999999999999</ele>
 <time>2020-07-30T14:27:19Z</time>
 </trkpt>
 <trkpt lat="62.100774943828583" lon="-7.283574873581529">
 <ele>129.25999999999999</ele>
 <time>2020-07-30T14:27:26Z</time>
 </trkpt>
 <trkpt lat="62.100697327405214" lon="-7.28344445116818">
 <ele>128.78999999999999</ele>
 <time>2020-07-30T14:27:32Z</time>
 </trkpt>
 <trkpt lat="62.10063555277884" lon="-7.283295337110758">
 <ele>129.31999999999999</ele>
 <time>2020-07-30T14:27:38Z</time>
 </trkpt>
 <trkpt lat="62.100547207519412" lon="-7.283177571371198">
 <ele>130.03999999999999</ele>
 <time>2020-07-30T14:27:45Z</time>
 </trkpt>
 <trkpt lat="62.100449977442622" lon="-7.283117221668363">
 <ele>129.78</ele>
 <time>2020-07-30T14:27:51Z</time>
 </trkpt>
 <trkpt lat="62.100361716002226" lon="-7.283020662143827">
 <ele>129.66999999999999</ele>
 <time>2020-07-30T14:27:58Z</time>
 </trkpt>
 <trkpt lat="62.100277142599225" lon="-7.28288646787405">
 <ele>129.03999999999999</ele>
 <time>2020-07-30T14:28:05Z</time>
 </trkpt>
 <trkpt lat="62.100187791511416" lon="-7.282803906127811">
 <ele>128.19999999999999</ele>
 <time>2020-07-30T14:28:13Z</time>
 </trkpt>
 <trkpt lat="62.100090812891722" lon="-7.282762499526143">
 <ele>128.59</ele>
 <time>2020-07-30T14:28:19Z</time>
 </trkpt>
 <trkpt lat="62.100005820393562" lon="-7.282663006335497">
 <ele>128.44</ele>
 <time>2020-07-30T14:28:26Z</time>
 </trkpt>
 <trkpt lat="62.099931724369526" lon="-7.282547084614635">
 <ele>129.22</ele>
 <time>2020-07-30T14:28:34Z</time>
 </trkpt>
 <trkpt lat="62.09985519759357" lon="-7.282387241721153">
 <ele>130.69</ele>
 <time>2020-07-30T14:28:43Z</time>
 </trkpt>
 <trkpt lat="62.099772216752172" lon="-7.282240558415651">
 <ele>131.34</ele>
 <time>2020-07-30T14:28:51Z</time>
 </trkpt>
 <trkpt lat="62.099691582843661" lon="-7.282099071890116">
 <ele>131.31</ele>
 <time>2020-07-30T14:28:58Z</time>
 </trkpt>
 <trkpt lat="62.099626874551177" lon="-7.281955657526851">
 <ele>131.30000000000001</ele>
 <time>2020-07-30T14:29:05Z</time>
 </trkpt>
 <trkpt lat="62.09954246878624" lon="-7.281807130202651">
 <ele>131.83000000000001</ele>
 <time>2020-07-30T14:29:12Z</time>
 </trkpt>
 <trkpt lat="62.099472647532821" lon="-7.281647538766265">
 <ele>131.22999999999999</ele>
 <time>2020-07-30T14:29:19Z</time>
 </trkpt>
 <trkpt lat="62.099403915926814" lon="-7.281494149938226">
 <ele>131.59999999999999</ele>
 <time>2020-07-30T14:29:27Z</time>
 </trkpt>
 <trkpt lat="62.099338117986917" lon="-7.281343527138233">
 <ele>132.44</ele>
 <time>2020-07-30T14:29:35Z</time>
 </trkpt>
 <trkpt lat="62.099264021962881" lon="-7.281174715608358">
 <ele>132.66999999999999</ele>
 <time>2020-07-30T14:29:43Z</time>
 </trkpt>
 <trkpt lat="62.099183136597276" lon="-7.281017722561956">
 <ele>132.34</ele>
 <time>2020-07-30T14:29:52Z</time>
 </trkpt>
 <trkpt lat="62.099108202382922" lon="-7.280860394239426">
 <ele>133.18000000000001</ele>
 <time>2020-07-30T14:29:59Z</time>
 </trkpt>
 <trkpt lat="62.099026897922158" lon="-7.280708514153957">
 <ele>132.78</ele>
 <time>2020-07-30T14:30:06Z</time>
 </trkpt>
 <trkpt lat="62.098935199901462" lon="-7.280626287683845">
 <ele>132.34</ele>
 <time>2020-07-30T14:30:13Z</time>
 </trkpt>
 <trkpt lat="62.098856410011649" lon="-7.280491171404719">
 <ele>132.72999999999999</ele>
 <time>2020-07-30T14:30:20Z</time>
 </trkpt>
 <trkpt lat="62.098782397806644" lon="-7.280365442857146">
 <ele>131.44</ele>
 <time>2020-07-30T14:30:27Z</time>
 </trkpt>
 <trkpt lat="62.098691454157233" lon="-7.280246336013079">
 <ele>131.59999999999999</ele>
 <time>2020-07-30T14:30:33Z</time>
 </trkpt>
 <trkpt lat="62.098613502457738" lon="-7.280109291896224">
 <ele>131.69</ele>
 <time>2020-07-30T14:30:39Z</time>
 </trkpt>
 <trkpt lat="62.098532617092133" lon="-7.279978534206748">
 <ele>131</ele>
 <time>2020-07-30T14:30:46Z</time>
 </trkpt>
 <trkpt lat="62.098450474441051" lon="-7.279899576678872">
 <ele>130.22999999999999</ele>
 <time>2020-07-30T14:30:53Z</time>
 </trkpt>
 <trkpt lat="62.098361542448401" lon="-7.279829252511263">
 <ele>130.02000000000001</ele>
 <time>2020-07-30T14:31:01Z</time>
 </trkpt>
 <trkpt lat="62.098259534686804" lon="-7.279735123738647">
 <ele>129.21000000000001</ele>
 <time>2020-07-30T14:31:11Z</time>
 </trkpt>
 <trkpt lat="62.098182085901499" lon="-7.27962632663548">
 <ele>127.98999999999999</ele>
 <time>2020-07-30T14:31:20Z</time>
 </trkpt>
 <trkpt lat="62.098095584660769" lon="-7.279504705220461">
 <ele>126.91</ele>
 <time>2020-07-30T14:31:30Z</time>
 </trkpt>
 <trkpt lat="62.09801159799099" lon="-7.279484169557691">
 <ele>125.98999999999999</ele>
 <time>2020-07-30T14:31:38Z</time>
 </trkpt>
 <trkpt lat="62.097893580794334" lon="-7.279499508440495">
 <ele>124.06</ele>
 <time>2020-07-30T14:31:49Z</time>
 </trkpt>
 <trkpt lat="62.0977917406708" lon="-7.279441254213452">
 <ele>123.14</ele>
 <time>2020-07-30T14:31:56Z</time>
 </trkpt>
 <trkpt lat="62.097709430381656" lon="-7.279330529272556">
 <ele>123.31</ele>
 <time>2020-07-30T14:32:04Z</time>
 </trkpt>
 <trkpt lat="62.097635501995683" lon="-7.279190635308623">
 <ele>123.18000000000001</ele>
 <time>2020-07-30T14:32:11Z</time>
 </trkpt>
 <trkpt lat="62.097545731812716" lon="-7.279047975316644">
 <ele>122.73</ele>
 <time>2020-07-30T14:32:18Z</time>
 </trkpt>
 <trkpt lat="62.097469372674823" lon="-7.278898861259222">
 <ele>121.34999999999999</ele>
 <time>2020-07-30T14:32:25Z</time>
 </trkpt>
 <trkpt lat="62.097383039072156" lon="-7.278787968680263">
 <ele>122.31999999999999</ele>
 <time>2020-07-30T14:32:32Z</time>
 </trkpt>
 <trkpt lat="62.097291257232428" lon="-7.278681602329016">
 <ele>122.08</ele>
 <time>2020-07-30T14:32:39Z</time>
 </trkpt>
 <trkpt lat="62.097205678001046" lon="-7.278584372252226">
 <ele>121.01000000000001</ele>
 <time>2020-07-30T14:32:45Z</time>
 </trkpt>
 <trkpt lat="62.097115656360984" lon="-7.278480771929026">
 <ele>121.06</ele>
 <time>2020-07-30T14:32:52Z</time>
 </trkpt>
 <trkpt lat="62.097022281959653" lon="-7.27837641723454">
 <ele>120.31999999999999</ele>
 <time>2020-07-30T14:33:00Z</time>
 </trkpt>
 <trkpt lat="62.096951873973012" lon="-7.278252616524696">
 <ele>119.97</ele>
 <time>2020-07-30T14:33:07Z</time>
 </trkpt>
 <trkpt lat="62.096893787384033" lon="-7.278097718954086">
 <ele>119.26000000000001</ele>
 <time>2020-07-30T14:33:14Z</time>
 </trkpt>
 <trkpt lat="62.096841903403401" lon="-7.277922788634896">
 <ele>119.16</ele>
 <time>2020-07-30T14:33:21Z</time>
 </trkpt>
 <trkpt lat="62.09680762141943" lon="-7.277741655707359">
 <ele>118.91</ele>
 <time>2020-07-30T14:33:28Z</time>
 </trkpt>
 <trkpt lat="62.096756407991052" lon="-7.277554571628571">
 <ele>118.92</ele>
 <time>2020-07-30T14:33:35Z</time>
 </trkpt>
 <trkpt lat="62.096721120178699" lon="-7.277365643531084">
 <ele>119.23999999999999</ele>
 <time>2020-07-30T14:33:41Z</time>
 </trkpt>
 <trkpt lat="62.096672924235463" lon="-7.277187025174499">
 <ele>119.03</ele>
 <time>2020-07-30T14:33:47Z</time>
 </trkpt>
 <trkpt lat="62.096626739948988" lon="-7.277019051834941">
 <ele>119.25</ele>
 <time>2020-07-30T14:33:56Z</time>
 </trkpt>
 <trkpt lat="62.096614418551326" lon="-7.276829704642296">
 <ele>118.87</ele>
 <time>2020-07-30T14:34:04Z</time>
 </trkpt>
 <trkpt lat="62.096547950059175" lon="-7.276655780151486">
 <ele>118.61</ele>
 <time>2020-07-30T14:34:11Z</time>
 </trkpt>
 <trkpt lat="62.09650763310492" lon="-7.276457212865353">
 <ele>117.98</ele>
 <time>2020-07-30T14:34:19Z</time>
 </trkpt>
 <trkpt lat="62.096440745517612" lon="-7.276312038302422">
 <ele>117.95999999999999</ele>
 <time>2020-07-30T14:34:27Z</time>
 </trkpt>
 <trkpt lat="62.096357429400086" lon="-7.276248252019286">
 <ele>117.37</ele>
 <time>2020-07-30T14:34:34Z</time>
 </trkpt>
 <trkpt lat="62.096270760521293" lon="-7.276161164045334">
 <ele>116.8</ele>
 <time>2020-07-30T14:34:41Z</time>
 </trkpt>
 <trkpt lat="62.09620663896203" lon="-7.276005679741502">
 <ele>117.19</ele>
 <time>2020-07-30T14:34:50Z</time>
 </trkpt>
 <trkpt lat="62.096105134114623" lon="-7.2759591601789">
 <ele>116.98</ele>
 <time>2020-07-30T14:34:59Z</time>
 </trkpt>
 <trkpt lat="62.096009580418468" lon="-7.275840220972896">
 <ele>116.79000000000001</ele>
 <time>2020-07-30T14:35:07Z</time>
 </trkpt>
 <trkpt lat="62.095951912924647" lon="-7.275676103308797">
 <ele>116.18000000000001</ele>
 <time>2020-07-30T14:35:15Z</time>
 </trkpt>
 <trkpt lat="62.095883181318641" lon="-7.275520954281092">
 <ele>115.42</ele>
 <time>2020-07-30T14:35:22Z</time>
 </trkpt>
 <trkpt lat="62.095817970111966" lon="-7.275345772504807">
 <ele>115.01000000000001</ele>
 <time>2020-07-30T14:35:30Z</time>
 </trkpt>
 <trkpt lat="62.095729121938348" lon="-7.275295229628682">
 <ele>114.53</ele>
 <time>2020-07-30T14:35:38Z</time>
 </trkpt>
 <trkpt lat="62.095640525221825" lon="-7.275239070877433">
 <ele>113.38</ele>
 <time>2020-07-30T14:35:45Z</time>
 </trkpt>
 <trkpt lat="62.095553269609809" lon="-7.275157934054732">
 <ele>111.81999999999999</ele>
 <time>2020-07-30T14:35:52Z</time>
 </trkpt>
 <trkpt lat="62.095459140837193" lon="-7.275161873549223">
 <ele>112.62</ele>
 <time>2020-07-30T14:35:58Z</time>
 </trkpt>
 <trkpt lat="62.095374818891287" lon="-7.27508844807744">
 <ele>110.7</ele>
 <time>2020-07-30T14:36:05Z</time>
 </trkpt>
 <trkpt lat="62.095289491117001" lon="-7.274937657639384">
 <ele>109.52</ele>
 <time>2020-07-30T14:36:16Z</time>
 </trkpt>
 <trkpt lat="62.095221262425184" lon="-7.274773204699159">
 <ele>110.81999999999999</ele>
 <time>2020-07-30T14:36:23Z</time>
 </trkpt>
 <trkpt lat="62.095163008198142" lon="-7.274592155590653">
 <ele>109.7</ele>
 <time>2020-07-30T14:36:30Z</time>
 </trkpt>
 <trkpt lat="62.095127888023853" lon="-7.274397443979979">
 <ele>108.8</ele>
 <time>2020-07-30T14:36:37Z</time>
 </trkpt>
 <trkpt lat="62.09506711922586" lon="-7.274242211133242">
 <ele>109.48999999999999</ele>
 <time>2020-07-30T14:36:44Z</time>
 </trkpt>
 <trkpt lat="62.094997297972441" lon="-7.27411262691021">
 <ele>109.11</ele>
 <time>2020-07-30T14:36:51Z</time>
 </trkpt>
 <trkpt lat="62.094918424263597" lon="-7.274006009101868">
 <ele>108.83</ele>
 <time>2020-07-30T14:36:59Z</time>
 </trkpt>
 <trkpt lat="62.094831671565771" lon="-7.273892099037767">
 <ele>109.17</ele>
 <time>2020-07-30T14:37:06Z</time>
 </trkpt>
 <trkpt lat="62.094741482287645" lon="-7.273782966658473">
 <ele>108.78</ele>
 <time>2020-07-30T14:37:13Z</time>
 </trkpt>
 <trkpt lat="62.094656657427549" lon="-7.273678025230765">
 <ele>107.56999999999999</ele>
 <time>2020-07-30T14:37:20Z</time>
 </trkpt>
 <trkpt lat="62.0945780351758" lon="-7.273544920608401">
 <ele>106.5</ele>
 <time>2020-07-30T14:37:28Z</time>
 </trkpt>
 <trkpt lat="62.094498993828893" lon="-7.273404020816088">
 <ele>105.34999999999999</ele>
 <time>2020-07-30T14:37:39Z</time>
 </trkpt>
 <trkpt lat="62.094412492588162" lon="-7.27330687455833">
 <ele>103.73</ele>
 <time>2020-07-30T14:37:51Z</time>
 </trkpt>
 <trkpt lat="62.094332780689001" lon="-7.273176619783044">
 <ele>104.48</ele>
 <time>2020-07-30T14:38:00Z</time>
 </trkpt>
 <trkpt lat="62.094228677451611" lon="-7.273093638941646">
 <ele>104.56999999999999</ele>
 <time>2020-07-30T14:38:07Z</time>
 </trkpt>
 <trkpt lat="62.094139745458961" lon="-7.272947039455175">
 <ele>104.73</ele>
 <time>2020-07-30T14:38:14Z</time>
 </trkpt>
 <trkpt lat="62.094100099056959" lon="-7.272751657292247">
 <ele>105.13</ele>
 <time>2020-07-30T14:38:21Z</time>
 </trkpt>
 <trkpt lat="62.094062129035592" lon="-7.272546300664544">
 <ele>103.29000000000001</ele>
 <time>2020-07-30T14:38:29Z</time>
 </trkpt>
 <trkpt lat="62.094022398814559" lon="-7.272347314283252">
 <ele>102.28</ele>
 <time>2020-07-30T14:38:36Z</time>
 </trkpt>
 <trkpt lat="62.093951068818569" lon="-7.272209096699953">
 <ele>100.88</ele>
 <time>2020-07-30T14:38:45Z</time>
 </trkpt>
 <trkpt lat="62.093878565356135" lon="-7.272083116695285">
 <ele>99.890000000000001</ele>
 <time>2020-07-30T14:38:53Z</time>
 </trkpt>
 <trkpt lat="62.093873703852296" lon="-7.271882453933358">
 <ele>99.069999999999993</ele>
 <time>2020-07-30T14:39:03Z</time>
 </trkpt>
 <trkpt lat="62.093853838741779" lon="-7.271681539714336">
 <ele>98.180000000000007</ele>
 <time>2020-07-30T14:39:13Z</time>
 </trkpt>
 <trkpt lat="62.093820562586188" lon="-7.27148037403822">
 <ele>98.019999999999996</ele>
 <time>2020-07-30T14:39:24Z</time>
 </trkpt>
 <trkpt lat="62.093744622543454" lon="-7.271287338808179">
 <ele>97.709999999999994</ele>
 <time>2020-07-30T14:39:33Z</time>
 </trkpt>
 <trkpt lat="62.093673963099718" lon="-7.271144678816199">
 <ele>97.239999999999995</ele>
 <time>2020-07-30T14:39:40Z</time>
 </trkpt>
 <trkpt lat="62.093583857640624" lon="-7.271009646356106">
 <ele>97.280000000000001</ele>
 <time>2020-07-30T14:39:48Z</time>
 </trkpt>
 <trkpt lat="62.093512443825603" lon="-7.270866902545095">
 <ele>97.069999999999993</ele>
 <time>2020-07-30T14:39:59Z</time>
 </trkpt>
 <trkpt lat="62.093505905941129" lon="-7.270796075463295">
 <ele>97.099999999999994</ele>
 <time>2020-07-30T14:40:38Z</time>
 </trkpt>
 <trkpt lat="62.093528117984533" lon="-7.270756680518389">
 <ele>96.700000000000003</ele>
 <time>2020-07-30T14:41:28Z</time>
 </trkpt>
 <trkpt lat="62.093456871807575" lon="-7.270668251439929">
 <ele>95.950000000000003</ele>
 <time>2020-07-30T14:41:59Z</time>
 </trkpt>
 <trkpt lat="62.093372633680701" lon="-7.270474964752793">
 <ele>96.049999999999997</ele>
 <time>2020-07-30T14:42:06Z</time>
 </trkpt>
 <trkpt lat="62.093305243179202" lon="-7.270291317254305">
 <ele>95.090000000000003</ele>
 <time>2020-07-30T14:42:12Z</time>
 </trkpt>
 <trkpt lat="62.09323039278388" lon="-7.27010733447969">
 <ele>95.230000000000004</ele>
 <time>2020-07-30T14:42:19Z</time>
 </trkpt>
 <trkpt lat="62.093159649521112" lon="-7.269946401938796">
 <ele>94.909999999999997</ele>
 <time>2020-07-30T14:42:25Z</time>
 </trkpt>
 <trkpt lat="62.093100054189563" lon="-7.269787816330791">
 <ele>93.680000000000007</ele>
 <time>2020-07-30T14:42:30Z</time>
 </trkpt>
 <trkpt lat="62.093037441372871" lon="-7.26962068118155">
 <ele>93.909999999999997</ele>
 <time>2020-07-30T14:42:36Z</time>
 </trkpt>
 <trkpt lat="62.092970218509436" lon="-7.269446421414614">
 <ele>93.019999999999996</ele>
 <time>2020-07-30T14:42:42Z</time>
 </trkpt>
 <trkpt lat="62.092916574329138" lon="-7.26928255520761">
 <ele>92.319999999999993</ele>
 <time>2020-07-30T14:42:48Z</time>
 </trkpt>
 <trkpt lat="62.092862846329808" lon="-7.269106283783913">
 <ele>91.939999999999998</ele>
 <time>2020-07-30T14:42:54Z</time>
 </trkpt>
 <trkpt lat="62.092798054218292" lon="-7.268957756459713">
 <ele>91.209999999999994</ele>
 <time>2020-07-30T14:43:00Z</time>
 </trkpt>
 <trkpt lat="62.092728735879064" lon="-7.268824316561222">
 <ele>91.700000000000003</ele>
 <time>2020-07-30T14:43:06Z</time>
 </trkpt>
 <trkpt lat="62.092663608491421" lon="-7.268650056794286">
 <ele>90.670000000000002</ele>
 <time>2020-07-30T14:43:12Z</time>
 </trkpt>
 <trkpt lat="62.092592949047685" lon="-7.26851150393486">
 <ele>90.849999999999994</ele>
 <time>2020-07-30T14:43:18Z</time>
 </trkpt>
 <trkpt lat="62.092518098652363" lon="-7.268351912498474">
 <ele>91.090000000000003</ele>
 <time>2020-07-30T14:43:24Z</time>
 </trkpt>
 <trkpt lat="62.092445930466056" lon="-7.268188884481788">
 <ele>90.150000000000006</ele>
 <time>2020-07-30T14:43:30Z</time>
 </trkpt>
 <trkpt lat="62.092368397861719" lon="-7.268058964982629">
 <ele>90.549999999999997</ele>
 <time>2020-07-30T14:43:36Z</time>
 </trkpt>
 <trkpt lat="62.092289943248034" lon="-7.267910437658429">
 <ele>90.239999999999995</ele>
 <time>2020-07-30T14:43:42Z</time>
 </trkpt>
 <trkpt lat="62.092214254662395" lon="-7.267766771838069">
 <ele>90.129999999999995</ele>
 <time>2020-07-30T14:43:48Z</time>
 </trkpt>
 <trkpt lat="62.092136889696121" lon="-7.267634924501181">
 <ele>90.099999999999994</ele>
 <time>2020-07-30T14:43:55Z</time>
 </trkpt>
 <trkpt lat="62.092057596892118" lon="-7.267478266730905">
 <ele>90.159999999999997</ele>
 <time>2020-07-30T14:44:02Z</time>
 </trkpt>
 <trkpt lat="62.091986937448382" lon="-7.267316831275821">
 <ele>89.859999999999999</ele>
 <time>2020-07-30T14:44:08Z</time>
 </trkpt>
 <trkpt lat="62.091915858909488" lon="-7.26713796146214">
 <ele>89.780000000000001</ele>
 <time>2020-07-30T14:44:15Z</time>
 </trkpt>
 <trkpt lat="62.091852826997638" lon="-7.266985746100545">
 <ele>89.569999999999993</ele>
 <time>2020-07-30T14:44:21Z</time>
 </trkpt>
 <trkpt lat="62.091775629669428" lon="-7.266829507425427">
 <ele>89.319999999999993</ele>
 <time>2020-07-30T14:44:27Z</time>
 </trkpt>
 <trkpt lat="62.091713352128863" lon="-7.266674945130944">
 <ele>89.280000000000001</ele>
 <time>2020-07-30T14:44:33Z</time>
 </trkpt>
 <trkpt lat="62.091634394600987" lon="-7.266533710062504">
 <ele>88.859999999999999</ele>
 <time>2020-07-30T14:44:39Z</time>
 </trkpt>
 <trkpt lat="62.091568764299154" lon="-7.266392139717937">
 <ele>88.829999999999998</ele>
 <time>2020-07-30T14:44:45Z</time>
 </trkpt>
 <trkpt lat="62.091508163139224" lon="-7.266253083944321">
 <ele>89.170000000000002</ele>
 <time>2020-07-30T14:44:51Z</time>
 </trkpt>
 <trkpt lat="62.091455860063434" lon="-7.266086619347334">
 <ele>89.670000000000002</ele>
 <time>2020-07-30T14:44:57Z</time>
 </trkpt>
 <trkpt lat="62.091404730454087" lon="-7.265917891636491">
 <ele>88.310000000000002</ele>
 <time>2020-07-30T14:45:03Z</time>
 </trkpt>
 <trkpt lat="62.091357707977295" lon="-7.265740446746349">
 <ele>88.519999999999996</ele>
 <time>2020-07-30T14:45:09Z</time>
 </trkpt>
 <trkpt lat="62.091313283890486" lon="-7.26553182117641">
 <ele>88.930000000000007</ele>
 <time>2020-07-30T14:45:16Z</time>
 </trkpt>
 <trkpt lat="62.091271625831723" lon="-7.265346078202128">
 <ele>89.129999999999995</ele>
 <time>2020-07-30T14:45:22Z</time>
 </trkpt>
 <trkpt lat="62.091224938631058" lon="-7.265162346884608">
 <ele>89.159999999999997</ele>
 <time>2020-07-30T14:45:29Z</time>
 </trkpt>
 <trkpt lat="62.091176155954599" lon="-7.264971993863583">
 <ele>89.930000000000007</ele>
 <time>2020-07-30T14:45:36Z</time>
 </trkpt>
 <trkpt lat="62.091121254488826" lon="-7.264791196212173">
 <ele>88.879999999999995</ele>
 <time>2020-07-30T14:45:43Z</time>
 </trkpt>
 <trkpt lat="62.091053444892168" lon="-7.264625569805503">
 <ele>88.920000000000002</ele>
 <time>2020-07-30T14:45:49Z</time>
 </trkpt>
 <trkpt lat="62.090979516506195" lon="-7.264498416334391">
 <ele>89.129999999999995</ele>
 <time>2020-07-30T14:45:55Z</time>
 </trkpt>
 <trkpt lat="62.090904414653778" lon="-7.264347039163113">
 <ele>88.859999999999999</ele>
 <time>2020-07-30T14:46:01Z</time>
 </trkpt>
 <trkpt lat="62.09083367139101" lon="-7.264215359464288">
 <ele>88.989999999999995</ele>
 <time>2020-07-30T14:46:07Z</time>
 </trkpt>
 <trkpt lat="62.090765861794353" lon="-7.264045039191842">
 <ele>89.980000000000004</ele>
 <time>2020-07-30T14:46:15Z</time>
 </trkpt>
 <trkpt lat="62.090693358331919" lon="-7.263927524909377">
 <ele>90.409999999999997</ele>
 <time>2020-07-30T14:46:21Z</time>
 </trkpt>
 <trkpt lat="62.090631667524576" lon="-7.263777740299702">
 <ele>91.019999999999996</ele>
 <time>2020-07-30T14:46:27Z</time>
 </trkpt>
 <trkpt lat="62.090573413297534" lon="-7.263614209368825">
 <ele>89.810000000000002</ele>
 <time>2020-07-30T14:46:33Z</time>
 </trkpt>
 <trkpt lat="62.090528486296535" lon="-7.26344196125865">
 <ele>90.670000000000002</ele>
 <time>2020-07-30T14:46:39Z</time>
 </trkpt>
 <trkpt lat="62.090460760518909" lon="-7.263282286003232">
 <ele>90.340000000000003</ele>
 <time>2020-07-30T14:46:46Z</time>
 </trkpt>
 <trkpt lat="62.090389346703887" lon="-7.263142978772521">
 <ele>90.040000000000006</ele>
 <time>2020-07-30T14:46:52Z</time>
 </trkpt>
 <trkpt lat="62.090308042243123" lon="-7.263008449226618">
 <ele>88.989999999999995</ele>
 <time>2020-07-30T14:46:59Z</time>
 </trkpt>
 <trkpt lat="62.090233275666833" lon="-7.262871405109763">
 <ele>88.950000000000003</ele>
 <time>2020-07-30T14:47:08Z</time>
 </trkpt>
 <trkpt lat="62.090155072510242" lon="-7.262731930240989">
 <ele>86.849999999999994</ele>
 <time>2020-07-30T14:47:15Z</time>
 </trkpt>
 <trkpt lat="62.090082401409745" lon="-7.26261424832046">
 <ele>86.719999999999999</ele>
 <time>2020-07-30T14:47:21Z</time>
 </trkpt>
 <trkpt lat="62.090001851320267" lon="-7.26251944899559">
 <ele>86.299999999999997</ele>
 <time>2020-07-30T14:47:27Z</time>
 </trkpt>
 <trkpt lat="62.089911326766014" lon="-7.262395145371556">
 <ele>86.450000000000003</ele>
 <time>2020-07-30T14:47:34Z</time>
 </trkpt>
 <trkpt lat="62.089832369238138" lon="-7.262282576411963">
 <ele>86.590000000000003</ele>
 <time>2020-07-30T14:47:40Z</time>
 </trkpt>
 <trkpt lat="62.089742766693234" lon="-7.26214318536222">
 <ele>86.920000000000002</ele>
 <time>2020-07-30T14:47:47Z</time>
 </trkpt>
 <trkpt lat="62.089673196896911" lon="-7.26200345903635">
 <ele>86.569999999999993</ele>
 <time>2020-07-30T14:47:53Z</time>
 </trkpt>
 <trkpt lat="62.089602202177048" lon="-7.261842023581266">
 <ele>86.010000000000005</ele>
 <time>2020-07-30T14:48:00Z</time>
 </trkpt>
 <trkpt lat="62.089523328468204" lon="-7.261701878160238">
 <ele>85.450000000000003</ele>
 <time>2020-07-30T14:48:06Z</time>
 </trkpt>
 <trkpt lat="62.089460045099258" lon="-7.261539855971932">
 <ele>84.810000000000002</ele>
 <time>2020-07-30T14:48:12Z</time>
 </trkpt>
 <trkpt lat="62.089381171390414" lon="-7.261388646438718">
 <ele>84.379999999999995</ele>
 <time>2020-07-30T14:48:19Z</time>
 </trkpt>
 <trkpt lat="62.089292574673891" lon="-7.261300552636385">
 <ele>83.810000000000002</ele>
 <time>2020-07-30T14:48:26Z</time>
 </trkpt>
 <trkpt lat="62.089191991835833" lon="-7.261229055002332">
 <ele>83.230000000000004</ele>
 <time>2020-07-30T14:48:32Z</time>
 </trkpt>
 <trkpt lat="62.089096270501614" lon="-7.261115228757262">
 <ele>82.530000000000001</ele>
 <time>2020-07-30T14:48:38Z</time>
 </trkpt>
 <trkpt lat="62.089014127850533" lon="-7.260995283722878">
 <ele>82.189999999999998</ele>
 <time>2020-07-30T14:48:44Z</time>
 </trkpt>
 <trkpt lat="62.08894900046289" lon="-7.260843990370631">
 <ele>82.239999999999995</ele>
 <time>2020-07-30T14:48:51Z</time>
 </trkpt>
 <trkpt lat="62.088888147845864" lon="-7.260668808594346">
 <ele>81.730000000000004</ele>
 <time>2020-07-30T14:48:58Z</time>
 </trkpt>
 <trkpt lat="62.088855458423495" lon="-7.260463535785675">
 <ele>80.870000000000005</ele>
 <time>2020-07-30T14:49:05Z</time>
 </trkpt>
 <trkpt lat="62.088810447603464" lon="-7.260277206078172">
 <ele>80.299999999999997</ele>
 <time>2020-07-30T14:49:11Z</time>
 </trkpt>
 <trkpt lat="62.088781278580427" lon="-7.26007872261107">
 <ele>79.629999999999995</ele>
 <time>2020-07-30T14:49:18Z</time>
 </trkpt>
 <trkpt lat="62.08875747397542" lon="-7.259882837533951">
 <ele>78.719999999999999</ele>
 <time>2020-07-30T14:49:24Z</time>
 </trkpt>
 <trkpt lat="62.08872327581048" lon="-7.259686030447483">
 <ele>78.200000000000003</ele>
 <time>2020-07-30T14:49:30Z</time>
 </trkpt>
 <trkpt lat="62.088684551417828" lon="-7.259509256109595">
 <ele>76.680000000000007</ele>
 <time>2020-07-30T14:49:36Z</time>
 </trkpt>
 <trkpt lat="62.088620262220502" lon="-7.25935117341578">
 <ele>75.459999999999994</ele>
 <time>2020-07-30T14:49:42Z</time>
 </trkpt>
 <trkpt lat="62.0885478425771" lon="-7.259209603071213">
 <ele>74.579999999999998</ele>
 <time>2020-07-30T14:49:48Z</time>
 </trkpt>
 <trkpt lat="62.088472824543715" lon="-7.259069541469216">
 <ele>74.25</ele>
 <time>2020-07-30T14:49:54Z</time>
 </trkpt>
 <trkpt lat="62.088398560881615" lon="-7.258919253945351">
 <ele>73.060000000000002</ele>
 <time>2020-07-30T14:50:00Z</time>
 </trkpt>
 <trkpt lat="62.08832748234272" lon="-7.258779779076576">
 <ele>71.450000000000003</ele>
 <time>2020-07-30T14:50:06Z</time>
 </trkpt>
 <trkpt lat="62.088260678574443" lon="-7.258609039708972">
 <ele>70.280000000000001</ele>
 <time>2020-07-30T14:50:13Z</time>
 </trkpt>
 <trkpt lat="62.088189767673612" lon="-7.258474929258227">
 <ele>69.730000000000004</ele>
 <time>2020-07-30T14:50:19Z</time>
 </trkpt>
 <trkpt lat="62.088107960298657" lon="-7.25834115408361">
 <ele>69.269999999999996</ele>
 <time>2020-07-30T14:50:25Z</time>
 </trkpt>
 <trkpt lat="62.088040318340063" lon="-7.258204277604818">
 <ele>68.260000000000005</ele>
 <time>2020-07-30T14:50:31Z</time>
 </trkpt>
 <trkpt lat="62.087961696088314" lon="-7.258059522137046">
 <ele>67.170000000000002</ele>
 <time>2020-07-30T14:50:37Z</time>
 </trkpt>
 <trkpt lat="62.087885420769453" lon="-7.257956676185131">
 <ele>67.150000000000006</ele>
 <time>2020-07-30T14:50:43Z</time>
 </trkpt>
 <trkpt lat="62.087799590080976" lon="-7.257837150245905">
 <ele>66.75</ele>
 <time>2020-07-30T14:50:50Z</time>
 </trkpt>
 <trkpt lat="62.087714178487659" lon="-7.257744194939733">
 <ele>66.349999999999994</ele>
 <time>2020-07-30T14:50:56Z</time>
 </trkpt>
 <trkpt lat="62.087639076635242" lon="-7.257618131116033">
 <ele>65.069999999999993</ele>
 <time>2020-07-30T14:51:03Z</time>
 </trkpt>
 <trkpt lat="62.087558275088668" lon="-7.257490558549762">
 <ele>66.010000000000005</ele>
 <time>2020-07-30T14:51:10Z</time>
 </trkpt>
 <trkpt lat="62.087487699463964" lon="-7.257330296561122">
 <ele>65.379999999999995</ele>
 <time>2020-07-30T14:51:17Z</time>
 </trkpt>
 <trkpt lat="62.087412513792515" lon="-7.25720071233809">
 <ele>65.120000000000005</ele>
 <time>2020-07-30T14:51:23Z</time>
 </trkpt>
 <trkpt lat="62.087328443303704" lon="-7.25709174759686">
 <ele>64.560000000000002</ele>
 <time>2020-07-30T14:51:29Z</time>
 </trkpt>
 <trkpt lat="62.087243366986513" lon="-7.256972724571824">
 <ele>64.379999999999995</ele>
 <time>2020-07-30T14:51:36Z</time>
 </trkpt>
 <trkpt lat="62.087159128859639" lon="-7.256839703768492">
 <ele>63.789999999999999</ele>
 <time>2020-07-30T14:51:44Z</time>
 </trkpt>
 <trkpt lat="62.087066005915403" lon="-7.256745072081685">
 <ele>63.659999999999997</ele>
 <time>2020-07-30T14:51:51Z</time>
 </trkpt>
 <trkpt lat="62.086985288187861" lon="-7.256617248058319">
 <ele>64.609999999999999</ele>
 <time>2020-07-30T14:51:58Z</time>
 </trkpt>
 <trkpt lat="62.086914628744125" lon="-7.256455980241299">
 <ele>63.140000000000001</ele>
 <time>2020-07-30T14:52:05Z</time>
 </trkpt>
 <trkpt lat="62.086825529113412" lon="-7.256404766812921">
 <ele>62.719999999999999</ele>
 <time>2020-07-30T14:52:15Z</time>
 </trkpt>
 <trkpt lat="62.086718827486038" lon="-7.256444497033954">
 <ele>62.850000000000001</ele>
 <time>2020-07-30T14:52:23Z</time>
 </trkpt>
 <trkpt lat="62.086616232991219" lon="-7.256484478712082">
 <ele>62.170000000000002</ele>
 <time>2020-07-30T14:52:30Z</time>
 </trkpt>
 <trkpt lat="62.086520092561841" lon="-7.256510043516755">
 <ele>60.359999999999999</ele>
 <time>2020-07-30T14:52:36Z</time>
 </trkpt>
 <trkpt lat="62.086413810029626" lon="-7.256502080708742">
 <ele>60.789999999999999</ele>
 <time>2020-07-30T14:52:42Z</time>
 </trkpt>
 <trkpt lat="62.086307108402252" lon="-7.256456399336457">
 <ele>59.670000000000002</ele>
 <time>2020-07-30T14:52:48Z</time>
 </trkpt>
 <trkpt lat="62.086212392896414" lon="-7.256395965814591">
 <ele>60.170000000000002</ele>
 <time>2020-07-30T14:52:54Z</time>
 </trkpt>
 <trkpt lat="62.086119186133146" lon="-7.256365790963173">
 <ele>59.380000000000003</ele>
 <time>2020-07-30T14:53:01Z</time>
 </trkpt>
 <trkpt lat="62.08601089194417" lon="-7.256333520635963">
 <ele>59.560000000000002</ele>
 <time>2020-07-30T14:53:08Z</time>
 </trkpt>
 <trkpt lat="62.085900586098433" lon="-7.256326396018267">
 <ele>59.149999999999999</ele>
 <time>2020-07-30T14:53:14Z</time>
 </trkpt>
 <trkpt lat="62.085803188383579" lon="-7.256307872012258">
 <ele>59.07</ele>
 <time>2020-07-30T14:53:19Z</time>
 </trkpt>
 <trkpt lat="62.085717944428325" lon="-7.256257245317102">
 <ele>59.789999999999999</ele>
 <time>2020-07-30T14:53:25Z</time>
 </trkpt>
 <trkpt lat="62.085622642189264" lon="-7.256219778209925">
 <ele>59.799999999999997</ele>
 <time>2020-07-30T14:53:31Z</time>
 </trkpt>
 <trkpt lat="62.085539577528834" lon="-7.256127325817943">
 <ele>58.979999999999997</ele>
 <time>2020-07-30T14:53:38Z</time>
 </trkpt>
 <trkpt lat="62.085471097379923" lon="-7.256054067984223">
 <ele>58.200000000000003</ele>
 <time>2020-07-30T14:55:02Z</time>
 </trkpt>
 <trkpt lat="62.085388954728842" lon="-7.25597427226603">
 <ele>58.090000000000003</ele>
 <time>2020-07-30T14:55:08Z</time>
 </trkpt>
 <trkpt lat="62.085285857319832" lon="-7.255935296416283">
 <ele>57.799999999999997</ele>
 <time>2020-07-30T14:55:15Z</time>
 </trkpt>
 <trkpt lat="62.085182927548885" lon="-7.255900595337153">
 <ele>57.439999999999998</ele>
 <time>2020-07-30T14:55:22Z</time>
 </trkpt>
 <trkpt lat="62.085091648623347" lon="-7.255806801840663">
 <ele>56.689999999999998</ele>
 <time>2020-07-30T14:55:28Z</time>
 </trkpt>
 <trkpt lat="62.085029454901814" lon="-7.255634134635329">
 <ele>57.090000000000003</ele>
 <time>2020-07-30T14:55:35Z</time>
 </trkpt>
 <trkpt lat="62.084953682497144" lon="-7.255475800484419">
 <ele>57.350000000000001</ele>
 <time>2020-07-30T14:55:42Z</time>
 </trkpt>
 <trkpt lat="62.084887214004993" lon="-7.255324758589268">
 <ele>56.219999999999999</ele>
 <time>2020-07-30T14:55:48Z</time>
 </trkpt>
 <trkpt lat="62.084830636158586" lon="-7.255143290385604">
 <ele>56.119999999999997</ele>
 <time>2020-07-30T14:55:54Z</time>
 </trkpt>
 <trkpt lat="62.084751594811678" lon="-7.254989314824343">
 <ele>55.960000000000001</ele>
 <time>2020-07-30T14:56:00Z</time>
 </trkpt>
 <trkpt lat="62.084672385826707" lon="-7.254853444173932">
 <ele>56.530000000000001</ele>
 <time>2020-07-30T14:56:06Z</time>
 </trkpt>
 <trkpt lat="62.084583370015025" lon="-7.254767948761582">
 <ele>56.810000000000002</ele>
 <time>2020-07-30T14:56:12Z</time>
 </trkpt>
 <trkpt lat="62.08448295481503" lon="-7.254698714241386">
 <ele>56.409999999999997</ele>
 <time>2020-07-30T14:56:18Z</time>
 </trkpt>
 <trkpt lat="62.084392597898841" lon="-7.254652697592974">
 <ele>55.920000000000002</ele>
 <time>2020-07-30T14:56:24Z</time>
 </trkpt>
 <trkpt lat="62.084287740290165" lon="-7.254618164151907">
 <ele>55.229999999999997</ele>
 <time>2020-07-30T14:56:31Z</time>
 </trkpt>
 <trkpt lat="62.084206016734242" lon="-7.254537614062429">
 <ele>52.780000000000001</ele>
 <time>2020-07-30T14:56:37Z</time>
 </trkpt>
 <trkpt lat="62.084115240722895" lon="-7.25444340147078">
 <ele>52.299999999999997</ele>
 <time>2020-07-30T14:56:43Z</time>
 </trkpt>
 <trkpt lat="62.084017423912883" lon="-7.254379028454423">
 <ele>52.07</ele>
 <time>2020-07-30T14:56:49Z</time>
 </trkpt>
 <trkpt lat="62.083921618759632" lon="-7.25435153581202">
 <ele>51.030000000000001</ele>
 <time>2020-07-30T14:56:55Z</time>
 </trkpt>
 <trkpt lat="62.083815922960639" lon="-7.254314990714192">
 <ele>49.939999999999998</ele>
 <time>2020-07-30T14:57:02Z</time>
 </trkpt>
 <trkpt lat="62.083713244646788" lon="-7.254284899681807">
 <ele>49.270000000000003</ele>
 <time>2020-07-30T14:57:08Z</time>
 </trkpt>
 <trkpt lat="62.083621378988028" lon="-7.254225639626384">
 <ele>49.890000000000001</ele>
 <time>2020-07-30T14:57:14Z</time>
 </trkpt>
 <trkpt lat="62.083520796149969" lon="-7.254192363470793">
 <ele>48.740000000000002</ele>
 <time>2020-07-30T14:57:20Z</time>
 </trkpt>
 <trkpt lat="62.083427589386702" lon="-7.254197560250759">
 <ele>50.109999999999999</ele>
 <time>2020-07-30T14:57:26Z</time>
 </trkpt>
 <trkpt lat="62.083327928557992" lon="-7.254203008487821">
 <ele>50.039999999999999</ele>
 <time>2020-07-30T14:57:33Z</time>
 </trkpt>
 <trkpt lat="62.083223573863506" lon="-7.254236619919539">
 <ele>49.670000000000002</ele>
 <time>2020-07-30T14:57:40Z</time>
 </trkpt>
 <trkpt lat="62.083128355443478" lon="-7.254256652668119">
 <ele>49.100000000000001</ele>
 <time>2020-07-30T14:57:46Z</time>
 </trkpt>
 <trkpt lat="62.083026934415102" lon="-7.254288420081139">
 <ele>49.25</ele>
 <time>2020-07-30T14:57:53Z</time>
 </trkpt>
 <trkpt lat="62.082935152575374" lon="-7.254292443394661">
 <ele>49.840000000000003</ele>
 <time>2020-07-30T14:58:00Z</time>
 </trkpt>
 <trkpt lat="62.082836497575045" lon="-7.254285318776965">
 <ele>50.140000000000001</ele>
 <time>2020-07-30T14:58:07Z</time>
 </trkpt>
 <trkpt lat="62.08273365162313" lon="-7.254245840013027">
 <ele>50.32</ele>
 <time>2020-07-30T14:58:14Z</time>
 </trkpt>
 <trkpt lat="62.08263105712831" lon="-7.254183311015368">
 <ele>50.539999999999999</ele>
 <time>2020-07-30T14:58:21Z</time>
 </trkpt>
 <trkpt lat="62.082523098215461" lon="-7.254113992676139">
 <ele>49.789999999999999</ele>
 <time>2020-07-30T14:58:27Z</time>
 </trkpt>
 <trkpt lat="62.082431316375732" lon="-7.254025647416711">
 <ele>49.409999999999997</ele>
 <time>2020-07-30T14:58:33Z</time>
 </trkpt>
 <trkpt lat="62.082344144582748" lon="-7.253956077620387">
 <ele>48.850000000000001</ele>
 <time>2020-07-30T14:58:40Z</time>
 </trkpt>
 <trkpt lat="62.082246914505959" lon="-7.253934200853109">
 <ele>48.5</ele>
 <time>2020-07-30T14:58:46Z</time>
 </trkpt>
 <trkpt lat="62.082157982513309" lon="-7.253935961052775">
 <ele>48.259999999999998</ele>
 <time>2020-07-30T14:58:53Z</time>
 </trkpt>
 <trkpt lat="62.082159826532006" lon="-7.254035035148263">
 <ele>47.770000000000003</ele>
 <time>2020-07-30T15:02:01Z</time>
 </trkpt>
 <trkpt lat="62.082041976973414" lon="-7.253930512815714">
 <ele>47.490000000000002</ele>
 <time>2020-07-30T15:02:12Z</time>
 </trkpt>
 <trkpt lat="62.081946758553386" lon="-7.253842754289508">
 <ele>45.590000000000003</ele>
 <time>2020-07-30T15:02:19Z</time>
 </trkpt>
 <trkpt lat="62.081850785762072" lon="-7.25375390611589">
 <ele>44.5</ele>
 <time>2020-07-30T15:02:26Z</time>
 </trkpt>
 <trkpt lat="62.08175883628428" lon="-7.253683246672154">
 <ele>43.590000000000003</ele>
 <time>2020-07-30T15:02:32Z</time>
 </trkpt>
 <trkpt lat="62.081669736653566" lon="-7.253589117899537">
 <ele>42.630000000000003</ele>
 <time>2020-07-30T15:02:38Z</time>
 </trkpt>
 <trkpt lat="62.081587258726358" lon="-7.253475124016404">
 <ele>41.969999999999999</ele>
 <time>2020-07-30T15:02:44Z</time>
 </trkpt>
 <trkpt lat="62.081508720293641" lon="-7.253336235880852">
 <ele>40.200000000000003</ele>
 <time>2020-07-30T15:02:51Z</time>
 </trkpt>
 <trkpt lat="62.08142900839448" lon="-7.253204891458154">
 <ele>40.609999999999999</ele>
 <time>2020-07-30T15:02:57Z</time>
 </trkpt>
 <trkpt lat="62.081347536295652" lon="-7.253060722723603">
 <ele>40.270000000000003</ele>
 <time>2020-07-30T15:03:04Z</time>
 </trkpt>
 <trkpt lat="62.081264220178127" lon="-7.252925774082542">
 <ele>39.520000000000003</ele>
 <time>2020-07-30T15:03:11Z</time>
 </trkpt>
 <trkpt lat="62.081182580441236" lon="-7.252765512093902">
 <ele>38.5</ele>
 <time>2020-07-30T15:03:18Z</time>
 </trkpt>
 <trkpt lat="62.081098593771458" lon="-7.252628384158015">
 <ele>37.780000000000001</ele>
 <time>2020-07-30T15:03:25Z</time>
 </trkpt>
 <trkpt lat="62.081044195219874" lon="-7.252445574849844">
 <ele>37.759999999999998</ele>
 <time>2020-07-30T15:03:31Z</time>
 </trkpt>
 <trkpt lat="62.080998094752431" lon="-7.252259664237499">
 <ele>36.979999999999997</ele>
 <time>2020-07-30T15:03:37Z</time>
 </trkpt>
 <trkpt lat="62.080944199115038" lon="-7.252072244882584">
 <ele>37.149999999999999</ele>
 <time>2020-07-30T15:03:44Z</time>
 </trkpt>
 <trkpt lat="62.08088762126863" lon="-7.251882310956717">
 <ele>37.539999999999999</ele>
 <time>2020-07-30T15:03:51Z</time>
 </trkpt>
 <trkpt lat="62.080832803621888" lon="-7.251677205786109">
 <ele>37.799999999999997</ele>
 <time>2020-07-30T15:03:58Z</time>
 </trkpt>
 <trkpt lat="62.080764574930072" lon="-7.251505209133029">
 <ele>37.82</ele>
 <time>2020-07-30T15:04:06Z</time>
 </trkpt>
 <trkpt lat="62.080713780596852" lon="-7.251288369297981">
 <ele>37.799999999999997</ele>
 <time>2020-07-30T15:04:13Z</time>
 </trkpt>
 <trkpt lat="62.080662986263633" lon="-7.251106984913349">
 <ele>38.380000000000003</ele>
 <time>2020-07-30T15:04:20Z</time>
 </trkpt>
 <trkpt lat="62.08058369345963" lon="-7.250963402912021">
 <ele>37.869999999999997</ele>
 <time>2020-07-30T15:04:27Z</time>
 </trkpt>
 <trkpt lat="62.080475399270654" lon="-7.250947058200836">
 <ele>37.920000000000002</ele>
 <time>2020-07-30T15:04:34Z</time>
 </trkpt>
 <trkpt lat="62.080369787290692" lon="-7.250948902219534">
 <ele>37.710000000000001</ele>
 <time>2020-07-30T15:04:40Z</time>
 </trkpt>
 <trkpt lat="62.080281442031264" lon="-7.250950327143073">
 <ele>37.439999999999998</ele>
 <time>2020-07-30T15:04:46Z</time>
 </trkpt>
 <trkpt lat="62.080173483118415" lon="-7.250959547236562">
 <ele>37.259999999999998</ele>
 <time>2020-07-30T15:04:53Z</time>
 </trkpt>
 <trkpt lat="62.080068793147802" lon="-7.250950494781137">
 <ele>37.009999999999998</ele>
 <time>2020-07-30T15:05:00Z</time>
 </trkpt>
 <trkpt lat="62.079973993822932" lon="-7.250931384041905">
 <ele>36.530000000000001</ele>
 <time>2020-07-30T15:05:06Z</time>
 </trkpt>
 <trkpt lat="62.079872991889715" lon="-7.250911602750421">
 <ele>36.880000000000003</ele>
 <time>2020-07-30T15:05:13Z</time>
 </trkpt>
 <trkpt lat="62.079763188958168" lon="-7.250900119543076">
 <ele>37.060000000000002</ele>
 <time>2020-07-30T15:05:20Z</time>
 </trkpt>
 <trkpt lat="62.079659420996904" lon="-7.2508763987571">
 <ele>36.460000000000001</ele>
 <time>2020-07-30T15:05:27Z</time>
 </trkpt>
 <trkpt lat="62.079558502882719" lon="-7.25088126026094">
 <ele>36.409999999999997</ele>
 <time>2020-07-30T15:05:33Z</time>
 </trkpt>
 <trkpt lat="62.079459261149168" lon="-7.250871201977134">
 <ele>35.75</ele>
 <time>2020-07-30T15:05:39Z</time>
 </trkpt>
 <trkpt lat="62.079362282529473" lon="-7.250871285796166">
 <ele>35.490000000000002</ele>
 <time>2020-07-30T15:05:46Z</time>
 </trkpt>
 <trkpt lat="62.079258682206273" lon="-7.250858880579472">
 <ele>35.310000000000002</ele>
 <time>2020-07-30T15:05:53Z</time>
 </trkpt>
 <trkpt lat="62.07915592007339" lon="-7.250840188935399">
 <ele>35.299999999999997</ele>
 <time>2020-07-30T15:06:00Z</time>
 </trkpt>
 <trkpt lat="62.079041674733162" lon="-7.250860221683979">
 <ele>35.310000000000002</ele>
 <time>2020-07-30T15:06:07Z</time>
 </trkpt>
 <trkpt lat="62.078940002247691" lon="-7.250863490626216">
 <ele>34.899999999999999</ele>
 <time>2020-07-30T15:06:14Z</time>
 </trkpt>
 <trkpt lat="62.078832713887095" lon="-7.250874470919371">
 <ele>35.049999999999997</ele>
 <time>2020-07-30T15:06:20Z</time>
 </trkpt>
 <trkpt lat="62.078733807429671" lon="-7.250881511718035">
 <ele>34.299999999999997</ele>
 <time>2020-07-30T15:06:26Z</time>
 </trkpt>
 <trkpt lat="62.078630374744534" lon="-7.250863155350089">
 <ele>33.780000000000001</ele>
 <time>2020-07-30T15:06:33Z</time>
 </trkpt>
 <trkpt lat="62.078525768592954" lon="-7.2508504986763">
 <ele>34.079999999999998</ele>
 <time>2020-07-30T15:06:40Z</time>
 </trkpt>
 <trkpt lat="62.07841370254755" lon="-7.250843290239573">
 <ele>34.119999999999997</ele>
 <time>2020-07-30T15:06:47Z</time>
 </trkpt>
 <trkpt lat="62.078308761119843" lon="-7.250839769840241">
 <ele>33.710000000000001</ele>
 <time>2020-07-30T15:06:53Z</time>
 </trkpt>
 <trkpt lat="62.078206418082118" lon="-7.250850331038237">
 <ele>33.030000000000001</ele>
 <time>2020-07-30T15:06:59Z</time>
 </trkpt>
 <trkpt lat="62.07810583524406" lon="-7.250824263319373">
 <ele>33.460000000000001</ele>
 <time>2020-07-30T15:07:06Z</time>
 </trkpt>
 <trkpt lat="62.078011035919189" lon="-7.250791825354099">
 <ele>32.880000000000003</ele>
 <time>2020-07-30T15:07:13Z</time>
 </trkpt>
 <trkpt lat="62.077911039814353" lon="-7.250753184780479">
 <ele>33.899999999999999</ele>
 <time>2020-07-30T15:07:21Z</time>
 </trkpt>
 <trkpt lat="62.077812468633056" lon="-7.250703731551766">
 <ele>33.140000000000001</ele>
 <time>2020-07-30T15:07:27Z</time>
 </trkpt>
 <trkpt lat="62.077714065089822" lon="-7.250675735995174">
 <ele>33.240000000000002</ele>
 <time>2020-07-30T15:07:35Z</time>
 </trkpt>
 <trkpt lat="62.077607112005353" lon="-7.250650757923722">
 <ele>33.259999999999998</ele>
 <time>2020-07-30T15:07:44Z</time>
 </trkpt>
 <trkpt lat="62.07747844979167" lon="-7.250633910298348">
 <ele>33.450000000000003</ele>
 <time>2020-07-30T15:07:53Z</time>
 </trkpt>
 <trkpt lat="62.077383818104863" lon="-7.250656373798847">
 <ele>32.450000000000003</ele>
 <time>2020-07-30T15:08:08Z</time>
 </trkpt>
 <trkpt lat="62.077277116477489" lon="-7.25057439878583">
 <ele>32</ele>
 <time>2020-07-30T15:08:15Z</time>
 </trkpt>
 <trkpt lat="62.077186089009047" lon="-7.250533662736416">
 <ele>31.649999999999999</ele>
 <time>2020-07-30T15:08:21Z</time>
 </trkpt>
 <trkpt lat="62.07708508707583" lon="-7.250494603067637">
 <ele>31.59</ele>
 <time>2020-07-30T15:08:27Z</time>
 </trkpt>
 <trkpt lat="62.076984001323581" lon="-7.250449759885669">
 <ele>32.280000000000001</ele>
 <time>2020-07-30T15:08:34Z</time>
 </trkpt>
 <trkpt lat="62.0768759585917" lon="-7.250442635267973">
 <ele>31.73</ele>
 <time>2020-07-30T15:08:42Z</time>
 </trkpt>
 <trkpt lat="62.076773531734943" lon="-7.250411538407207">
 <ele>31.350000000000001</ele>
 <time>2020-07-30T15:08:49Z</time>
 </trkpt>
 <trkpt lat="62.076665908098221" lon="-7.250397289171815">
 <ele>31.469999999999999</ele>
 <time>2020-07-30T15:08:56Z</time>
 </trkpt>
 <trkpt lat="62.076568594202399" lon="-7.250397959724069">
 <ele>31.289999999999999</ele>
 <time>2020-07-30T15:09:02Z</time>
 </trkpt>
 <trkpt lat="62.076461054384708" lon="-7.250372059643269">
 <ele>31.329999999999998</ele>
 <time>2020-07-30T15:09:08Z</time>
 </trkpt>
 <trkpt lat="62.076367931440473" lon="-7.250342555344105">
 <ele>31.309999999999999</ele>
 <time>2020-07-30T15:09:14Z</time>
 </trkpt>
 <trkpt lat="62.076257625594735" lon="-7.250319756567478">
 <ele>31.399999999999999</ele>
 <time>2020-07-30T15:09:21Z</time>
 </trkpt>
 <trkpt lat="62.076157880946994" lon="-7.250313386321068">
 <ele>31.030000000000001</ele>
 <time>2020-07-30T15:09:27Z</time>
 </trkpt>
 <trkpt lat="62.076057214289904" lon="-7.250289581716061">
 <ele>30.98</ele>
 <time>2020-07-30T15:09:33Z</time>
 </trkpt>
 <trkpt lat="62.075961660593748" lon="-7.250258065760136">
 <ele>30.48</ele>
 <time>2020-07-30T15:09:39Z</time>
 </trkpt>
 <trkpt lat="62.07586501725018" lon="-7.250212803483009">
 <ele>30.719999999999999</ele>
 <time>2020-07-30T15:09:45Z</time>
 </trkpt>
 <trkpt lat="62.075758902356029" lon="-7.250171396881342">
 <ele>30.120000000000001</ele>
 <time>2020-07-30T15:09:52Z</time>
 </trkpt>
 <trkpt lat="62.075646836310625" lon="-7.250136863440275">
 <ele>30.41</ele>
 <time>2020-07-30T15:09:59Z</time>
 </trkpt>
 <trkpt lat="62.075545247644186" lon="-7.250109370797873">
 <ele>30.07</ele>
 <time>2020-07-30T15:10:05Z</time>
 </trkpt>
 <trkpt lat="62.0754408929497" lon="-7.250047847628593">
 <ele>30.5</ele>
 <time>2020-07-30T15:10:12Z</time>
 </trkpt>
 <trkpt lat="62.075345925986767" lon="-7.250026725232601">
 <ele>31.149999999999999</ele>
 <time>2020-07-30T15:10:18Z</time>
 </trkpt>
 <trkpt lat="62.075244421139359" lon="-7.250002166256309">
 <ele>31.379999999999999</ele>
 <time>2020-07-30T15:10:24Z</time>
 </trkpt>
 <trkpt lat="62.075147945433855" lon="-7.249949024990201">
 <ele>31.43</ele>
 <time>2020-07-30T15:10:30Z</time>
 </trkpt>
 <trkpt lat="62.075061025097966" lon="-7.249892363324761">
 <ele>31.920000000000002</ele>
 <time>2020-07-30T15:10:37Z</time>
 </trkpt>
 <trkpt lat="62.074953652918339" lon="-7.249810136854649">
 <ele>32.579999999999998</ele>
 <time>2020-07-30T15:10:45Z</time>
 </trkpt>
 <trkpt lat="62.074858183041215" lon="-7.249766048043966">
 <ele>32.539999999999999</ele>
 <time>2020-07-30T15:10:51Z</time>
 </trkpt>
 <trkpt lat="62.074753157794476" lon="-7.24972858093679">
 <ele>32.479999999999997</ele>
 <time>2020-07-30T15:10:58Z</time>
 </trkpt>
 <trkpt lat="62.074648467823863" lon="-7.249715756624937">
 <ele>32.119999999999997</ele>
 <time>2020-07-30T15:11:05Z</time>
 </trkpt>
 <trkpt lat="62.074548471719027" lon="-7.249689940363169">
 <ele>32.130000000000003</ele>
 <time>2020-07-30T15:11:12Z</time>
 </trkpt>
 <trkpt lat="62.074447637423873" lon="-7.249656831845641">
 <ele>31.579999999999998</ele>
 <time>2020-07-30T15:11:19Z</time>
 </trkpt>
 <trkpt lat="62.074341103434563" lon="-7.249622968956828">
 <ele>31.129999999999999</ele>
 <time>2020-07-30T15:11:26Z</time>
 </trkpt>
 <trkpt lat="62.074238173663616" lon="-7.249634703621268">
 <ele>30.91</ele>
 <time>2020-07-30T15:11:33Z</time>
 </trkpt>
 <trkpt lat="62.074134321883321" lon="-7.249614335596561">
 <ele>31.120000000000001</ele>
 <time>2020-07-30T15:11:40Z</time>
 </trkpt>
 <trkpt lat="62.074029631912708" lon="-7.24958105944097">
 <ele>30.66</ele>
 <time>2020-07-30T15:11:47Z</time>
 </trkpt>
 <trkpt lat="62.073932653293014" lon="-7.249566726386547">
 <ele>30.32</ele>
 <time>2020-07-30T15:11:53Z</time>
 </trkpt>
 <trkpt lat="62.073818910866976" lon="-7.249560942873359">
 <ele>30.300000000000001</ele>
 <time>2020-07-30T15:11:59Z</time>
 </trkpt>
 <trkpt lat="62.073720339685678" lon="-7.249545017257333">
 <ele>30.219999999999999</ele>
 <time>2020-07-30T15:12:06Z</time>
 </trkpt>
 <trkpt lat="62.073621014133096" lon="-7.249502772465348">
 <ele>30.43</ele>
 <time>2020-07-30T15:12:13Z</time>
 </trkpt>
 <trkpt lat="62.073512049391866" lon="-7.249496234580874">
 <ele>30.190000000000001</ele>
 <time>2020-07-30T15:12:20Z</time>
 </trkpt>
 <trkpt lat="62.073419513180852" lon="-7.249493217095733">
 <ele>29.710000000000001</ele>
 <time>2020-07-30T15:12:26Z</time>
 </trkpt>
 <trkpt lat="62.073311554268003" lon="-7.24946765229106">
 <ele>29.440000000000001</ele>
 <time>2020-07-30T15:12:32Z</time>
 </trkpt>
 <trkpt lat="62.073210971429944" lon="-7.249444518238306">
 <ele>29.469999999999999</ele>
 <time>2020-07-30T15:12:38Z</time>
 </trkpt>
 <trkpt lat="62.073114831000566" lon="-7.249416606500745">
 <ele>29.640000000000001</ele>
 <time>2020-07-30T15:12:44Z</time>
 </trkpt>
 <trkpt lat="62.073009973391891" lon="-7.249393053352833">
 <ele>29.690000000000001</ele>
 <time>2020-07-30T15:12:51Z</time>
 </trkpt>
 <trkpt lat="62.072910647839308" lon="-7.249388108029962">
 <ele>29.670000000000002</ele>
 <time>2020-07-30T15:12:57Z</time>
 </trkpt>
 <trkpt lat="62.072799587622285" lon="-7.249374529346824">
 <ele>30.190000000000001</ele>
 <time>2020-07-30T15:13:03Z</time>
 </trkpt>
 <trkpt lat="62.072710320353508" lon="-7.24934158846736">
 <ele>30.34</ele>
 <time>2020-07-30T15:13:08Z</time>
 </trkpt>
 <trkpt lat="62.072615018114448" lon="-7.24928149022162">
 <ele>30.010000000000002</ele>
 <time>2020-07-30T15:13:15Z</time>
 </trkpt>
 <trkpt lat="62.072521392256021" lon="-7.249216446653009">
 <ele>29.289999999999999</ele>
 <time>2020-07-30T15:13:27Z</time>
 </trkpt>
 </trkseg>
 </trk>

</gpx>