<?xml version="1.0" encoding="utf-8"?><gpx creator="Garmin Desktop App" version="1.1" xsi:schemaLocation="http://www.topografix.com/GPX/1/1 http://www.topografix.com/GPX/1/1/gpx.xsd http://www.garmin.com/xmlschemas/WaypointExtension/v1 http://www8.garmin.com/xmlschemas/WaypointExtensionv1.xsd http://www.garmin.com/xmlschemas/TrackPointExtension/v1 http://www.garmin.com/xmlschemas/TrackPointExtensionv1.xsd http://www.garmin.com/xmlschemas/GpxExtensions/v3 http://www8.garmin.com/xmlschemas/GpxExtensionsv3.xsd http://www.garmin.com/xmlschemas/ActivityExtension/v1 http://www8.garmin.com/xmlschemas/ActivityExtensionv1.xsd http://www.garmin.com/xmlschemas/AdventuresExtensions/v1 http://www8.garmin.com/xmlschemas/AdventuresExtensionv1.xsd http://www.garmin.com/xmlschemas/PressureExtension/v1 http://www.garmin.com/xmlschemas/PressureExtensionv1.xsd http://www.garmin.com/xmlschemas/TripExtensions/v1 http://www.garmin.com/xmlschemas/TripExtensionsv1.xsd http://www.garmin.com/xmlschemas/TripMetaDataExtensions/v1 http://www.garmin.com/xmlschemas/TripMetaDataExtensionsv1.xsd http://www.garmin.com/xmlschemas/ViaPointTransportationModeExtensions/v1 http://www.garmin.com/xmlschemas/ViaPointTransportationModeExtensionsv1.xsd http://www.garmin.com/xmlschemas/CreationTimeExtension/v1 http://www.garmin.com/xmlschemas/CreationTimeExtensionsv1.xsd http://www.garmin.com/xmlschemas/AccelerationExtension/v1 http://www.garmin.com/xmlschemas/AccelerationExtensionv1.xsd http://www.garmin.com/xmlschemas/PowerExtension/v1 http://www.garmin.com/xmlschemas/PowerExtensionv1.xsd http://www.garmin.com/xmlschemas/VideoExtension/v1 http://www.garmin.com/xmlschemas/VideoExtensionv1.xsd" xmlns="http://www.topografix.com/GPX/1/1" xmlns:xsi="http://www.w3.org/2001/XMLSchema-instance" xmlns:wptx1="http://www.garmin.com/xmlschemas/WaypointExtension/v1" xmlns:gpxtrx="http://www.garmin.com/xmlschemas/GpxExtensions/v3" xmlns:gpxtpx="http://www.garmin.com/xmlschemas/TrackPointExtension/v1" xmlns:gpxx="http://www.garmin.com/xmlschemas/GpxExtensions/v3" xmlns:trp="http://www.garmin.com/xmlschemas/TripExtensions/v1" xmlns:adv="http://www.garmin.com/xmlschemas/AdventuresExtensions/v1" xmlns:prs="http://www.garmin.com/xmlschemas/PressureExtension/v1" xmlns:tmd="http://www.garmin.com/xmlschemas/TripMetaDataExtensions/v1" xmlns:vptm="http://www.garmin.com/xmlschemas/ViaPointTransportationModeExtensions/v1" xmlns:ctx="http://www.garmin.com/xmlschemas/CreationTimeExtension/v1" xmlns:gpxacc="http://www.garmin.com/xmlschemas/AccelerationExtension/v1" xmlns:gpxpx="http://www.garmin.com/xmlschemas/PowerExtension/v1" xmlns:vidx1="http://www.garmin.com/xmlschemas/VideoExtension/v1">

  <metadata>
    <link href="http://www.garmin.com">
      <text>Garmin International</text>
    </link>
    <time>2021-02-02T12:58:01Z</time>
    <bounds maxlat="61.847687233239412" maxlon="-6.820398531854153" minlat="61.834814473986626" minlon="-6.894537303596735" />
  </metadata>

  <wpt lat="61.834900975227356" lon="-6.842963034287095">
    <ele>70.953491</ele>
    <time>2020-07-26T09:52:39Z</time>
    <name>WP1 04_SS</name>
    <sym>Flag, Blue</sym>
    <type>user</type>
    <extensions>
      <gpxx:WaypointExtension>
        <gpxx:DisplayMode>SymbolAndName</gpxx:DisplayMode>
      </gpxx:WaypointExtension>
      <wptx1:WaypointExtension>
        <wptx1:DisplayMode>SymbolAndName</wptx1:DisplayMode>
      </wptx1:WaypointExtension>
      <ctx:CreationTimeExtension>
        <ctx:CreationTime>2020-07-26T09:52:39Z</ctx:CreationTime>
      </ctx:CreationTimeExtension>
    </extensions>
  </wpt>

  <wpt lat="61.839448995888233" lon="-6.879102028906345">
    <ele>64.514847000000003</ele>
    <time>2020-07-26T10:11:17Z</time>
    <name>WP2 06_SS</name>
    <sym>Flag, Blue</sym>
    <type>user</type>
    <extensions>
      <gpxx:WaypointExtension>
        <gpxx:DisplayMode>SymbolAndName</gpxx:DisplayMode>
      </gpxx:WaypointExtension>
      <wptx1:WaypointExtension>
        <wptx1:DisplayMode>SymbolAndName</wptx1:DisplayMode>
      </wptx1:WaypointExtension>
      <ctx:CreationTimeExtension>
        <ctx:CreationTime>2020-07-26T10:11:17Z</ctx:CreationTime>
      </ctx:CreationTimeExtension>
    </extensions>
  </wpt>

  <wpt lat="61.845064032822847" lon="-6.892881039530039">
    <ele>9.388795</ele>
    <time>2020-07-26T10:25:28Z</time>
    <name>WP3 07_SS</name>
    <sym>Flag, Blue</sym>
    <type>user</type>
    <extensions>
      <gpxx:WaypointExtension>
        <gpxx:DisplayMode>SymbolAndName</gpxx:DisplayMode>
      </gpxx:WaypointExtension>
      <wptx1:WaypointExtension>
        <wptx1:DisplayMode>SymbolAndName</wptx1:DisplayMode>
      </wptx1:WaypointExtension>
      <ctx:CreationTimeExtension>
        <ctx:CreationTime>2020-07-26T10:25:28Z</ctx:CreationTime>
      </ctx:CreationTimeExtension>
    </extensions>
  </wpt>

  <trk>
    <name>21 Wanderung Sandur Sølturvik CS 001</name>
    <extensions>
      <gpxx:TrackExtension>
        <gpxx:DisplayColor>Blue</gpxx:DisplayColor>
      </gpxx:TrackExtension>
    </extensions>
    <trkseg>
      <trkpt lat="61.836741054430604" lon="-6.820398531854153">
        <ele>35.509999999999998</ele>
        <time>2020-07-26T09:34:36Z</time>
      </trkpt>
      <trkpt lat="61.836668802425265" lon="-6.82093245908618">
        <ele>37.439999999999998</ele>
        <time>2020-07-26T09:34:45Z</time>
      </trkpt>
      <trkpt lat="61.836603255942464" lon="-6.821084758266807">
        <ele>39.420000000000002</ele>
        <time>2020-07-26T09:34:54Z</time>
      </trkpt>
      <trkpt lat="61.836474006995559" lon="-6.821201518177986">
        <ele>40.149999999999999</ele>
        <time>2020-07-26T09:35:04Z</time>
      </trkpt>
      <trkpt lat="61.836363198235631" lon="-6.821304196491838">
        <ele>38.93</ele>
        <time>2020-07-26T09:35:11Z</time>
      </trkpt>
      <trkpt lat="61.83627569116652" lon="-6.82146898470819">
        <ele>42.789999999999999</ele>
        <time>2020-07-26T09:35:18Z</time>
      </trkpt>
      <trkpt lat="61.836200337857008" lon="-6.821591695770621">
        <ele>43.979999999999997</ele>
        <time>2020-07-26T09:35:25Z</time>
      </trkpt>
      <trkpt lat="61.836130600422621" lon="-6.821710299700499">
        <ele>44.32</ele>
        <time>2020-07-26T09:35:32Z</time>
      </trkpt>
      <trkpt lat="61.836034208536148" lon="-6.8218017462641">
        <ele>45.030000000000001</ele>
        <time>2020-07-26T09:35:39Z</time>
      </trkpt>
      <trkpt lat="61.835934799164534" lon="-6.82191071100533">
        <ele>44.520000000000003</ele>
        <time>2020-07-26T09:35:45Z</time>
      </trkpt>
      <trkpt lat="61.835834132507443" lon="-6.822019005194306">
        <ele>44.520000000000003</ele>
        <time>2020-07-26T09:35:51Z</time>
      </trkpt>
      <trkpt lat="61.835754169151187" lon="-6.822161246091127">
        <ele>44.420000000000002</ele>
        <time>2020-07-26T09:35:57Z</time>
      </trkpt>
      <trkpt lat="61.83569373562932" lon="-6.822354029864073">
        <ele>45.609999999999999</ele>
        <time>2020-07-26T09:36:04Z</time>
      </trkpt>
      <trkpt lat="61.835624668747187" lon="-6.822572713717818">
        <ele>44.719999999999999</ele>
        <time>2020-07-26T09:36:10Z</time>
      </trkpt>
      <trkpt lat="61.835582256317139" lon="-6.822775891050696">
        <ele>43.630000000000003</ele>
        <time>2020-07-26T09:36:17Z</time>
      </trkpt>
      <trkpt lat="61.835511345416307" lon="-6.823117369785905">
        <ele>43.979999999999997</ele>
        <time>2020-07-26T09:36:32Z</time>
      </trkpt>
      <trkpt lat="61.835361812263727" lon="-6.823633527383208">
        <ele>45.219999999999999</ele>
        <time>2020-07-26T09:40:33Z</time>
      </trkpt>
      <trkpt lat="61.835359213873744" lon="-6.82385791093111">
        <ele>44.170000000000002</ele>
        <time>2020-07-26T09:40:39Z</time>
      </trkpt>
      <trkpt lat="61.835369942709804" lon="-6.824093442410231">
        <ele>42.299999999999997</ele>
        <time>2020-07-26T09:40:46Z</time>
      </trkpt>
      <trkpt lat="61.83540053665638" lon="-6.824297541752458">
        <ele>39.539999999999999</ele>
        <time>2020-07-26T09:40:52Z</time>
      </trkpt>
      <trkpt lat="61.835444122552872" lon="-6.824517566710711">
        <ele>40.43</ele>
        <time>2020-07-26T09:40:58Z</time>
      </trkpt>
      <trkpt lat="61.835485529154539" lon="-6.824721833691001">
        <ele>41.950000000000003</ele>
        <time>2020-07-26T09:41:04Z</time>
      </trkpt>
      <trkpt lat="61.835518218576908" lon="-6.824931213632226">
        <ele>39.75</ele>
        <time>2020-07-26T09:41:10Z</time>
      </trkpt>
      <trkpt lat="61.835587034001946" lon="-6.825135229155421">
        <ele>42.039999999999999</ele>
        <time>2020-07-26T09:41:16Z</time>
      </trkpt>
      <trkpt lat="61.835628943517804" lon="-6.825360702350736">
        <ele>40.670000000000002</ele>
        <time>2020-07-26T09:41:22Z</time>
      </trkpt>
      <trkpt lat="61.835668254643679" lon="-6.825569411739707">
        <ele>38.700000000000003</ele>
        <time>2020-07-26T09:41:29Z</time>
      </trkpt>
      <trkpt lat="61.835716534405947" lon="-6.825777618214488">
        <ele>38.240000000000002</ele>
        <time>2020-07-26T09:41:35Z</time>
      </trkpt>
      <trkpt lat="61.835750816389918" lon="-6.826058495789766">
        <ele>36.560000000000002</ele>
        <time>2020-07-26T09:41:42Z</time>
      </trkpt>
      <trkpt lat="61.835720892995596" lon="-6.826282879337668">
        <ele>35.700000000000003</ele>
        <time>2020-07-26T09:41:48Z</time>
      </trkpt>
      <trkpt lat="61.835681581869721" lon="-6.826479602605104">
        <ele>34.990000000000002</ele>
        <time>2020-07-26T09:41:54Z</time>
      </trkpt>
      <trkpt lat="61.835648808628321" lon="-6.826674481853843">
        <ele>35.299999999999997</ele>
        <time>2020-07-26T09:42:00Z</time>
      </trkpt>
      <trkpt lat="61.835654675960541" lon="-6.82690205052495">
        <ele>32.670000000000002</ele>
        <time>2020-07-26T09:42:06Z</time>
      </trkpt>
      <trkpt lat="61.835664818063378" lon="-6.827090894803405">
        <ele>33.270000000000003</ele>
        <time>2020-07-26T09:42:12Z</time>
      </trkpt>
      <trkpt lat="61.835689544677734" lon="-6.827287198975682">
        <ele>30.800000000000001</ele>
        <time>2020-07-26T09:42:18Z</time>
      </trkpt>
      <trkpt lat="61.835720809176564" lon="-6.827521724626422">
        <ele>31.530000000000001</ele>
        <time>2020-07-26T09:42:24Z</time>
      </trkpt>
      <trkpt lat="61.835753750056028" lon="-6.827723141759634">
        <ele>31.32</ele>
        <time>2020-07-26T09:42:30Z</time>
      </trkpt>
      <trkpt lat="61.835803790017962" lon="-6.827891366556287">
        <ele>30.879999999999999</ele>
        <time>2020-07-26T09:42:36Z</time>
      </trkpt>
      <trkpt lat="61.835846118628979" lon="-6.828092113137245">
        <ele>28.600000000000001</ele>
        <time>2020-07-26T09:42:42Z</time>
      </trkpt>
      <trkpt lat="61.835873443633318" lon="-6.828269809484482">
        <ele>30.82</ele>
        <time>2020-07-26T09:42:48Z</time>
      </trkpt>
      <trkpt lat="61.835915520787239" lon="-6.828442141413689">
        <ele>27.07</ele>
        <time>2020-07-26T09:42:58Z</time>
      </trkpt>
      <trkpt lat="61.835984168574214" lon="-6.828607935458422">
        <ele>33.630000000000003</ele>
        <time>2020-07-26T09:43:11Z</time>
      </trkpt>
      <trkpt lat="61.836081482470036" lon="-6.828684881329536">
        <ele>30.390000000000001</ele>
        <time>2020-07-26T09:43:17Z</time>
      </trkpt>
      <trkpt lat="61.83618382550776" lon="-6.828731400892139">
        <ele>29.23</ele>
        <time>2020-07-26T09:43:23Z</time>
      </trkpt>
      <trkpt lat="61.836306788027287" lon="-6.828792002052069">
        <ele>27.239999999999998</ele>
        <time>2020-07-26T09:43:30Z</time>
      </trkpt>
      <trkpt lat="61.836400749161839" lon="-6.828827289864421">
        <ele>26.100000000000001</ele>
        <time>2020-07-26T09:43:35Z</time>
      </trkpt>
      <trkpt lat="61.8365185149014" lon="-6.8288629129529">
        <ele>25.620000000000001</ele>
        <time>2020-07-26T09:43:41Z</time>
      </trkpt>
      <trkpt lat="61.836612392216921" lon="-6.828893758356571">
        <ele>24.670000000000002</ele>
        <time>2020-07-26T09:43:46Z</time>
      </trkpt>
      <trkpt lat="61.836704593151808" lon="-6.828944971784949">
        <ele>24.32</ele>
        <time>2020-07-26T09:43:51Z</time>
      </trkpt>
      <trkpt lat="61.836785646155477" lon="-6.82906567119062">
        <ele>24.640000000000001</ele>
        <time>2020-07-26T09:43:57Z</time>
      </trkpt>
      <trkpt lat="61.836782125756145" lon="-6.829469930380583">
        <ele>20.379999999999999</ele>
        <time>2020-07-26T09:44:12Z</time>
      </trkpt>
      <trkpt lat="61.836671065539122" lon="-6.829481916502118">
        <ele>22.079999999999998</ele>
        <time>2020-07-26T09:44:18Z</time>
      </trkpt>
      <trkpt lat="61.836576601490378" lon="-6.829483844339848">
        <ele>21.23</ele>
        <time>2020-07-26T09:44:23Z</time>
      </trkpt>
      <trkpt lat="61.836472749710083" lon="-6.829536901786923">
        <ele>18.440000000000001</ele>
        <time>2020-07-26T09:44:29Z</time>
      </trkpt>
      <trkpt lat="61.836363868787885" lon="-6.829666653648019">
        <ele>19.09</ele>
        <time>2020-07-26T09:44:37Z</time>
      </trkpt>
      <trkpt lat="61.836300753057003" lon="-6.829806296154857">
        <ele>19.420000000000002</ele>
        <time>2020-07-26T09:44:43Z</time>
      </trkpt>
      <trkpt lat="61.836228081956506" lon="-6.830194629728794">
        <ele>19.780000000000001</ele>
        <time>2020-07-26T09:44:55Z</time>
      </trkpt>
      <trkpt lat="61.836243839934468" lon="-6.832603421062231">
        <ele>15.49</ele>
        <time>2020-07-26T09:46:03Z</time>
      </trkpt>
      <trkpt lat="61.836762009188533" lon="-6.833440102636814">
        <ele>25.030000000000001</ele>
        <time>2020-07-26T09:46:48Z</time>
      </trkpt>
      <trkpt lat="61.836781203746796" lon="-6.833752831444144">
        <ele>22.989999999999998</ele>
        <time>2020-07-26T09:47:05Z</time>
      </trkpt>
      <trkpt lat="61.836667126044631" lon="-6.833818377926946">
        <ele>25.309999999999999</ele>
        <time>2020-07-26T09:47:12Z</time>
      </trkpt>
      <trkpt lat="61.836561262607574" lon="-6.833859365433455">
        <ele>26.620000000000001</ele>
        <time>2020-07-26T09:47:18Z</time>
      </trkpt>
      <trkpt lat="61.836468391120434" lon="-6.833900352939963">
        <ele>26.879999999999999</ele>
        <time>2020-07-26T09:47:23Z</time>
      </trkpt>
      <trkpt lat="61.836373172700405" lon="-6.833939915522933">
        <ele>26.539999999999999</ele>
        <time>2020-07-26T09:47:28Z</time>
      </trkpt>
      <trkpt lat="61.836267979815602" lon="-6.833987357094884">
        <ele>30.579999999999998</ele>
        <time>2020-07-26T09:47:34Z</time>
      </trkpt>
      <trkpt lat="61.836167648434639" lon="-6.834070924669504">
        <ele>31.640000000000001</ele>
        <time>2020-07-26T09:47:40Z</time>
      </trkpt>
      <trkpt lat="61.836073268204927" lon="-6.834148960188031">
        <ele>31.760000000000002</ele>
        <time>2020-07-26T09:47:45Z</time>
      </trkpt>
      <trkpt lat="61.835977043956518" lon="-6.834232108667493">
        <ele>32.57</ele>
        <time>2020-07-26T09:47:51Z</time>
      </trkpt>
      <trkpt lat="61.835889117792249" lon="-6.834295559674501">
        <ele>33.82</ele>
        <time>2020-07-26T09:47:56Z</time>
      </trkpt>
      <trkpt lat="61.83579440228641" lon="-6.834382312372327">
        <ele>35.689999999999998</ele>
        <time>2020-07-26T09:48:01Z</time>
      </trkpt>
      <trkpt lat="61.835752408951521" lon="-6.834546849131584">
        <ele>37.75</ele>
        <time>2020-07-26T09:48:07Z</time>
      </trkpt>
      <trkpt lat="61.835836647078395" lon="-6.834637122228742">
        <ele>39.060000000000002</ele>
        <time>2020-07-26T09:48:14Z</time>
      </trkpt>
      <trkpt lat="61.83593119494617" lon="-6.83469663374126">
        <ele>36.359999999999999</ele>
        <time>2020-07-26T09:48:21Z</time>
      </trkpt>
      <trkpt lat="61.836030101403594" lon="-6.834754720330238">
        <ele>36.859999999999999</ele>
        <time>2020-07-26T09:48:28Z</time>
      </trkpt>
      <trkpt lat="61.836110986769199" lon="-6.834883717820048">
        <ele>38.939999999999998</ele>
        <time>2020-07-26T09:48:35Z</time>
      </trkpt>
      <trkpt lat="61.836045943200588" lon="-6.835025874897838">
        <ele>39.299999999999997</ele>
        <time>2020-07-26T09:48:42Z</time>
      </trkpt>
      <trkpt lat="61.83594586327672" lon="-6.835075747221708">
        <ele>43.039999999999999</ele>
        <time>2020-07-26T09:48:48Z</time>
      </trkpt>
      <trkpt lat="61.835876712575555" lon="-6.835246989503503">
        <ele>43.939999999999998</ele>
        <time>2020-07-26T09:48:54Z</time>
      </trkpt>
      <trkpt lat="61.835841676220298" lon="-6.835431223735213">
        <ele>44.380000000000003</ele>
        <time>2020-07-26T09:48:59Z</time>
      </trkpt>
      <trkpt lat="61.835807142779231" lon="-6.835649907588959">
        <ele>42.390000000000001</ele>
        <time>2020-07-26T09:49:05Z</time>
      </trkpt>
      <trkpt lat="61.835772441700101" lon="-6.835845792666078">
        <ele>43.979999999999997</ele>
        <time>2020-07-26T09:49:10Z</time>
      </trkpt>
      <trkpt lat="61.835744027048349" lon="-6.836055004969239">
        <ele>44.539999999999999</ele>
        <time>2020-07-26T09:49:16Z</time>
      </trkpt>
      <trkpt lat="61.835711672902107" lon="-6.836253572255373">
        <ele>45.609999999999999</ele>
        <time>2020-07-26T09:49:22Z</time>
      </trkpt>
      <trkpt lat="61.835682755336165" lon="-6.836462449282408">
        <ele>46.439999999999998</ele>
        <time>2020-07-26T09:49:28Z</time>
      </trkpt>
      <trkpt lat="61.835660375654697" lon="-6.836647940799594">
        <ele>45.57</ele>
        <time>2020-07-26T09:49:34Z</time>
      </trkpt>
      <trkpt lat="61.835628943517804" lon="-6.836837455630302">
        <ele>46.579999999999998</ele>
        <time>2020-07-26T09:49:40Z</time>
      </trkpt>
      <trkpt lat="61.83560186997056" lon="-6.837036274373531">
        <ele>47.899999999999999</ele>
        <time>2020-07-26T09:49:46Z</time>
      </trkpt>
      <trkpt lat="61.83557303622365" lon="-6.837223274633288">
        <ele>51.520000000000003</ele>
        <time>2020-07-26T09:49:52Z</time>
      </trkpt>
      <trkpt lat="61.835539089515805" lon="-6.837429720908403">
        <ele>51.520000000000003</ele>
        <time>2020-07-26T09:49:58Z</time>
      </trkpt>
      <trkpt lat="61.83550707064569" lon="-6.83764111250639">
        <ele>53.009999999999998</ele>
        <time>2020-07-26T09:50:04Z</time>
      </trkpt>
      <trkpt lat="61.835480583831668" lon="-6.837858790531755">
        <ele>53.18</ele>
        <time>2020-07-26T09:50:10Z</time>
      </trkpt>
      <trkpt lat="61.835449151694775" lon="-6.83806230314076">
        <ele>53.82</ele>
        <time>2020-07-26T09:50:16Z</time>
      </trkpt>
      <trkpt lat="61.835420820862055" lon="-6.838288698345423">
        <ele>53.350000000000001</ele>
        <time>2020-07-26T09:50:22Z</time>
      </trkpt>
      <trkpt lat="61.835386790335178" lon="-6.838506460189819">
        <ele>54.649999999999999</ele>
        <time>2020-07-26T09:50:28Z</time>
      </trkpt>
      <trkpt lat="61.835356531664729" lon="-6.838708212599158">
        <ele>56.770000000000003</ele>
        <time>2020-07-26T09:50:34Z</time>
      </trkpt>
      <trkpt lat="61.835326524451375" lon="-6.838925974443555">
        <ele>57.43</ele>
        <time>2020-07-26T09:50:40Z</time>
      </trkpt>
      <trkpt lat="61.835310095921159" lon="-6.839118339121342">
        <ele>58</ele>
        <time>2020-07-26T09:50:45Z</time>
      </trkpt>
      <trkpt lat="61.835293583571911" lon="-6.839337106794119">
        <ele>61.25</ele>
        <time>2020-07-26T09:50:51Z</time>
      </trkpt>
      <trkpt lat="61.835276652127504" lon="-6.8395418766886">
        <ele>62.969999999999999</ele>
        <time>2020-07-26T09:50:57Z</time>
      </trkpt>
      <trkpt lat="61.835254775360227" lon="-6.839761231094599">
        <ele>63.359999999999999</ele>
        <time>2020-07-26T09:51:03Z</time>
      </trkpt>
      <trkpt lat="61.835239352658391" lon="-6.839992990717292">
        <ele>63.5</ele>
        <time>2020-07-26T09:51:09Z</time>
      </trkpt>
      <trkpt lat="61.835228120908141" lon="-6.840224331244826">
        <ele>63.469999999999999</ele>
        <time>2020-07-26T09:51:15Z</time>
      </trkpt>
      <trkpt lat="61.835210686549544" lon="-6.840437483042479">
        <ele>62.119999999999997</ele>
        <time>2020-07-26T09:51:21Z</time>
      </trkpt>
      <trkpt lat="61.835201969370246" lon="-6.840659938752651">
        <ele>63.770000000000003</ele>
        <time>2020-07-26T09:51:27Z</time>
      </trkpt>
      <trkpt lat="61.835189983248711" lon="-6.84088951908052">
        <ele>68.120000000000005</ele>
        <time>2020-07-26T09:51:33Z</time>
      </trkpt>
      <trkpt lat="61.835177158936858" lon="-6.841125888749957">
        <ele>69.519999999999996</ele>
        <time>2020-07-26T09:51:39Z</time>
      </trkpt>
      <trkpt lat="61.835161987692118" lon="-6.841364940628409">
        <ele>66.209999999999994</ele>
        <time>2020-07-26T09:51:45Z</time>
      </trkpt>
      <trkpt lat="61.835138350725174" lon="-6.841601645573974">
        <ele>64.719999999999999</ele>
        <time>2020-07-26T09:51:51Z</time>
      </trkpt>
      <trkpt lat="61.835114462301135" lon="-6.841823766008019">
        <ele>67.530000000000001</ele>
        <time>2020-07-26T09:51:57Z</time>
      </trkpt>
      <trkpt lat="61.83509367518127" lon="-6.842038510367274">
        <ele>69.370000000000005</ele>
        <time>2020-07-26T09:52:03Z</time>
      </trkpt>
      <trkpt lat="61.835078084841371" lon="-6.842249231413007">
        <ele>72.969999999999999</ele>
        <time>2020-07-26T09:52:09Z</time>
      </trkpt>
      <trkpt lat="61.835045060142875" lon="-6.842459533363581">
        <ele>68.319999999999993</ele>
        <time>2020-07-26T09:52:15Z</time>
      </trkpt>
      <trkpt lat="61.834991918876767" lon="-6.842680312693119">
        <ele>67.519999999999996</ele>
        <time>2020-07-26T09:52:21Z</time>
      </trkpt>
      <trkpt lat="61.834947075694799" lon="-6.842860691249371">
        <ele>68.650000000000006</ele>
        <time>2020-07-26T09:52:27Z</time>
      </trkpt>
      <trkpt lat="61.834877254441381" lon="-6.843022294342518">
        <ele>70.650000000000006</ele>
        <time>2020-07-26T09:52:45Z</time>
      </trkpt>
      <trkpt lat="61.834857137873769" lon="-6.84323888272047">
        <ele>67.079999999999998</ele>
        <time>2020-07-26T09:52:52Z</time>
      </trkpt>
      <trkpt lat="61.834855461493134" lon="-6.84343820437789">
        <ele>66.780000000000001</ele>
        <time>2020-07-26T09:52:59Z</time>
      </trkpt>
      <trkpt lat="61.83483274653554" lon="-6.843650015071034">
        <ele>67.260000000000005</ele>
        <time>2020-07-26T09:53:06Z</time>
      </trkpt>
      <trkpt lat="61.834822185337543" lon="-6.84387506917119">
        <ele>67.870000000000005</ele>
        <time>2020-07-26T09:53:13Z</time>
      </trkpt>
      <trkpt lat="61.834818497300148" lon="-6.844189139083028">
        <ele>70.329999999999998</ele>
        <time>2020-07-26T09:53:24Z</time>
      </trkpt>
      <trkpt lat="61.834814473986626" lon="-6.844497341662645">
        <ele>69.700000000000003</ele>
        <time>2020-07-26T09:53:34Z</time>
      </trkpt>
      <trkpt lat="61.834823023527861" lon="-6.844828426837921">
        <ele>70.209999999999994</ele>
        <time>2020-07-26T09:53:45Z</time>
      </trkpt>
      <trkpt lat="61.834830148145556" lon="-6.845117853954434">
        <ele>72.060000000000002</ele>
        <time>2020-07-26T09:53:54Z</time>
      </trkpt>
      <trkpt lat="61.834851857274771" lon="-6.845391523092985">
        <ele>71.349999999999994</ele>
        <time>2020-07-26T09:54:02Z</time>
      </trkpt>
      <trkpt lat="61.834838781505823" lon="-6.845671478658915">
        <ele>71.469999999999999</ele>
        <time>2020-07-26T09:54:10Z</time>
      </trkpt>
      <trkpt lat="61.834858814254403" lon="-6.845930479466915">
        <ele>71.950000000000003</ele>
        <time>2020-07-26T09:54:19Z</time>
      </trkpt>
      <trkpt lat="61.834901310503483" lon="-6.846106247976422">
        <ele>69.680000000000007</ele>
        <time>2020-07-26T09:54:26Z</time>
      </trkpt>
      <trkpt lat="61.834981944411993" lon="-6.846324261277914">
        <ele>71.359999999999999</ele>
        <time>2020-07-26T09:54:34Z</time>
      </trkpt>
      <trkpt lat="61.834999043494463" lon="-6.846571275964379">
        <ele>70.799999999999997</ele>
        <time>2020-07-26T09:54:41Z</time>
      </trkpt>
      <trkpt lat="61.83498571626842" lon="-6.846845783293247">
        <ele>72.390000000000001</ele>
        <time>2020-07-26T09:54:48Z</time>
      </trkpt>
      <trkpt lat="61.835007090121508" lon="-6.847159266471863">
        <ele>71.269999999999996</ele>
        <time>2020-07-26T09:54:56Z</time>
      </trkpt>
      <trkpt lat="61.835038689896464" lon="-6.847398318350315">
        <ele>73.480000000000004</ele>
        <time>2020-07-26T09:55:03Z</time>
      </trkpt>
      <trkpt lat="61.835081940516829" lon="-6.847637370228767">
        <ele>72.019999999999996</ele>
        <time>2020-07-26T09:55:09Z</time>
      </trkpt>
      <trkpt lat="61.835144385695457" lon="-6.847832668572664">
        <ele>73.530000000000001</ele>
        <time>2020-07-26T09:55:15Z</time>
      </trkpt>
      <trkpt lat="61.835197024047375" lon="-6.84806065633893">
        <ele>73.019999999999996</ele>
        <time>2020-07-26T09:55:21Z</time>
      </trkpt>
      <trkpt lat="61.835248321294785" lon="-6.848266012966633">
        <ele>73.810000000000002</ele>
        <time>2020-07-26T09:55:27Z</time>
      </trkpt>
      <trkpt lat="61.835294337943196" lon="-6.848472626879811">
        <ele>74.879999999999995</ele>
        <time>2020-07-26T09:55:33Z</time>
      </trkpt>
      <trkpt lat="61.835334822535515" lon="-6.848665745928884">
        <ele>75</ele>
        <time>2020-07-26T09:55:39Z</time>
      </trkpt>
      <trkpt lat="61.835361393168569" lon="-6.848864061757922">
        <ele>74.849999999999994</ele>
        <time>2020-07-26T09:55:45Z</time>
      </trkpt>
      <trkpt lat="61.835383186116815" lon="-6.849062796682119">
        <ele>76.480000000000004</ele>
        <time>2020-07-26T09:55:51Z</time>
      </trkpt>
      <trkpt lat="61.83540933765471" lon="-6.849285755306482">
        <ele>75.409999999999997</ele>
        <time>2020-07-26T09:55:57Z</time>
      </trkpt>
      <trkpt lat="61.835436746478081" lon="-6.849525896832347">
        <ele>77.489999999999995</ele>
        <time>2020-07-26T09:56:03Z</time>
      </trkpt>
      <trkpt lat="61.835469687357545" lon="-6.849770061671734">
        <ele>78.709999999999994</ele>
        <time>2020-07-26T09:56:09Z</time>
      </trkpt>
      <trkpt lat="61.835520314052701" lon="-6.850028475746512">
        <ele>79.579999999999998</ele>
        <time>2020-07-26T09:56:16Z</time>
      </trkpt>
      <trkpt lat="61.835579322651029" lon="-6.850251518189907">
        <ele>80.890000000000001</ele>
        <time>2020-07-26T09:56:22Z</time>
      </trkpt>
      <trkpt lat="61.835643276572227" lon="-6.850457796826959">
        <ele>82.040000000000006</ele>
        <time>2020-07-26T09:56:28Z</time>
      </trkpt>
      <trkpt lat="61.835714438930154" lon="-6.850648652762175">
        <ele>80.540000000000006</ele>
        <time>2020-07-26T09:56:34Z</time>
      </trkpt>
      <trkpt lat="61.835784008726478" lon="-6.850885525345802">
        <ele>83.879999999999995</ele>
        <time>2020-07-26T09:56:41Z</time>
      </trkpt>
      <trkpt lat="61.835835389792919" lon="-6.851083589717746">
        <ele>83.030000000000001</ele>
        <time>2020-07-26T09:56:47Z</time>
      </trkpt>
      <trkpt lat="61.835886519402266" lon="-6.85127092525363">
        <ele>82.519999999999996</ele>
        <time>2020-07-26T09:56:53Z</time>
      </trkpt>
      <trkpt lat="61.835943683981895" lon="-6.851478461176157">
        <ele>80.480000000000004</ele>
        <time>2020-07-26T09:57:00Z</time>
      </trkpt>
      <trkpt lat="61.835977882146835" lon="-6.851665880531073">
        <ele>80.879999999999995</ele>
        <time>2020-07-26T09:57:06Z</time>
      </trkpt>
      <trkpt lat="61.836000932380557" lon="-6.851866375654936">
        <ele>81.140000000000001</ele>
        <time>2020-07-26T09:57:12Z</time>
      </trkpt>
      <trkpt lat="61.836032615974545" lon="-6.852066703140736">
        <ele>79.540000000000006</ele>
        <time>2020-07-26T09:57:18Z</time>
      </trkpt>
      <trkpt lat="61.836049715057015" lon="-6.852250685915351">
        <ele>79.840000000000003</ele>
        <time>2020-07-26T09:57:23Z</time>
      </trkpt>
      <trkpt lat="61.836064299568534" lon="-6.852538520470262">
        <ele>78.329999999999998</ele>
        <time>2020-07-26T09:57:31Z</time>
      </trkpt>
      <trkpt lat="61.836078548803926" lon="-6.852759048342705">
        <ele>77.75</ele>
        <time>2020-07-26T09:57:37Z</time>
      </trkpt>
      <trkpt lat="61.836107969284058" lon="-6.853029783815146">
        <ele>78.780000000000001</ele>
        <time>2020-07-26T09:57:44Z</time>
      </trkpt>
      <trkpt lat="61.836114590987563" lon="-6.853295909240842">
        <ele>78.069999999999993</ele>
        <time>2020-07-26T09:57:51Z</time>
      </trkpt>
      <trkpt lat="61.836101850494742" lon="-6.853523645550013">
        <ele>78.170000000000002</ele>
        <time>2020-07-26T09:57:57Z</time>
      </trkpt>
      <trkpt lat="61.836089361459017" lon="-6.853756159543991">
        <ele>78.180000000000007</ele>
        <time>2020-07-26T09:58:03Z</time>
      </trkpt>
      <trkpt lat="61.83608416467905" lon="-6.85401507653296">
        <ele>78.489999999999995</ele>
        <time>2020-07-26T09:58:10Z</time>
      </trkpt>
      <trkpt lat="61.836100174114108" lon="-6.854263432323933">
        <ele>78.810000000000002</ele>
        <time>2020-07-26T09:58:17Z</time>
      </trkpt>
      <trkpt lat="61.836131606251001" lon="-6.854473650455475">
        <ele>78.439999999999998</ele>
        <time>2020-07-26T09:58:23Z</time>
      </trkpt>
      <trkpt lat="61.836161445826292" lon="-6.854674899950624">
        <ele>78.359999999999999</ele>
        <time>2020-07-26T09:58:29Z</time>
      </trkpt>
      <trkpt lat="61.836193967610598" lon="-6.854862235486507">
        <ele>78.650000000000006</ele>
        <time>2020-07-26T09:58:35Z</time>
      </trkpt>
      <trkpt lat="61.836234368383884" lon="-6.855096090584993">
        <ele>80.180000000000007</ele>
        <time>2020-07-26T09:58:42Z</time>
      </trkpt>
      <trkpt lat="61.836295640096068" lon="-6.855404796078801">
        <ele>80.099999999999994</ele>
        <time>2020-07-26T09:58:51Z</time>
      </trkpt>
      <trkpt lat="61.836343752220273" lon="-6.855635633692145">
        <ele>80.450000000000003</ele>
        <time>2020-07-26T09:58:58Z</time>
      </trkpt>
      <trkpt lat="61.836392618715763" lon="-6.855820287019014">
        <ele>80.969999999999999</ele>
        <time>2020-07-26T09:59:04Z</time>
      </trkpt>
      <trkpt lat="61.836436875164509" lon="-6.855999073013663">
        <ele>80.930000000000007</ele>
        <time>2020-07-26T09:59:10Z</time>
      </trkpt>
      <trkpt lat="61.836471827700734" lon="-6.856203256174922">
        <ele>82.819999999999993</ele>
        <time>2020-07-26T09:59:16Z</time>
      </trkpt>
      <trkpt lat="61.836516000330448" lon="-6.856413055211306">
        <ele>83.829999999999998</ele>
        <time>2020-07-26T09:59:22Z</time>
      </trkpt>
      <trkpt lat="61.836560172960162" lon="-6.856623440980911">
        <ele>83.459999999999994</ele>
        <time>2020-07-26T09:59:28Z</time>
      </trkpt>
      <trkpt lat="61.836607530713081" lon="-6.856876658275724">
        <ele>83.840000000000003</ele>
        <time>2020-07-26T09:59:35Z</time>
      </trkpt>
      <trkpt lat="61.836648937314749" lon="-6.857052678242326">
        <ele>85.209999999999994</ele>
        <time>2020-07-26T09:59:41Z</time>
      </trkpt>
      <trkpt lat="61.836711885407567" lon="-6.857228195294738">
        <ele>84.590000000000003</ele>
        <time>2020-07-26T09:59:47Z</time>
      </trkpt>
      <trkpt lat="61.836765445768833" lon="-6.857407651841641">
        <ele>85.099999999999994</ele>
        <time>2020-07-26T09:59:53Z</time>
      </trkpt>
      <trkpt lat="61.836824286729097" lon="-6.857588030397892">
        <ele>85.430000000000007</ele>
        <time>2020-07-26T09:59:59Z</time>
      </trkpt>
      <trkpt lat="61.836883211508393" lon="-6.857762122526765">
        <ele>86.140000000000001</ele>
        <time>2020-07-26T10:00:05Z</time>
      </trkpt>
      <trkpt lat="61.836953368037939" lon="-6.857943339273334">
        <ele>85.930000000000007</ele>
        <time>2020-07-26T10:00:12Z</time>
      </trkpt>
      <trkpt lat="61.837002402171493" lon="-6.858131848275662">
        <ele>86.920000000000002</ele>
        <time>2020-07-26T10:00:18Z</time>
      </trkpt>
      <trkpt lat="61.837058309465647" lon="-6.858316082507372">
        <ele>86.239999999999995</ele>
        <time>2020-07-26T10:00:24Z</time>
      </trkpt>
      <trkpt lat="61.837106756865978" lon="-6.858489001169801">
        <ele>85.590000000000003</ele>
        <time>2020-07-26T10:00:29Z</time>
      </trkpt>
      <trkpt lat="61.837151013314724" lon="-6.858715396374464">
        <ele>86.140000000000001</ele>
        <time>2020-07-26T10:00:36Z</time>
      </trkpt>
      <trkpt lat="61.83719820342958" lon="-6.858944809064269">
        <ele>86.859999999999999</ele>
        <time>2020-07-26T10:00:43Z</time>
      </trkpt>
      <trkpt lat="61.837252685800195" lon="-6.859147483482957">
        <ele>87.739999999999995</ele>
        <time>2020-07-26T10:00:49Z</time>
      </trkpt>
      <trkpt lat="61.837314208969474" lon="-6.8593196477741">
        <ele>85.530000000000001</ele>
        <time>2020-07-26T10:00:55Z</time>
      </trkpt>
      <trkpt lat="61.837386460974813" lon="-6.859504217281938">
        <ele>84.340000000000003</ele>
        <time>2020-07-26T10:01:02Z</time>
      </trkpt>
      <trkpt lat="61.837440608069301" lon="-6.859674705192447">
        <ele>83.319999999999993</ele>
        <time>2020-07-26T10:01:08Z</time>
      </trkpt>
      <trkpt lat="61.837499281391501" lon="-6.859867824241519">
        <ele>82.530000000000001</ele>
        <time>2020-07-26T10:01:14Z</time>
      </trkpt>
      <trkpt lat="61.837565749883652" lon="-6.860057339072228">
        <ele>82.590000000000003</ele>
        <time>2020-07-26T10:01:20Z</time>
      </trkpt>
      <trkpt lat="61.837636325508356" lon="-6.860253559425473">
        <ele>81.890000000000001</ele>
        <time>2020-07-26T10:01:26Z</time>
      </trkpt>
      <trkpt lat="61.837694579735398" lon="-6.860483139753342">
        <ele>80.180000000000007</ele>
        <time>2020-07-26T10:01:33Z</time>
      </trkpt>
      <trkpt lat="61.837736070156097" lon="-6.860669804736972">
        <ele>80.829999999999998</ele>
        <time>2020-07-26T10:01:39Z</time>
      </trkpt>
      <trkpt lat="61.837780075147748" lon="-6.860903492197394">
        <ele>81.790000000000006</ele>
        <time>2020-07-26T10:01:46Z</time>
      </trkpt>
      <trkpt lat="61.837834138423204" lon="-6.861095605418086">
        <ele>80.530000000000001</ele>
        <time>2020-07-26T10:01:52Z</time>
      </trkpt>
      <trkpt lat="61.837874203920364" lon="-6.861295010894537">
        <ele>78.439999999999998</ele>
        <time>2020-07-26T10:01:58Z</time>
      </trkpt>
      <trkpt lat="61.837915275245905" lon="-6.86150087043643">
        <ele>78.870000000000005</ele>
        <time>2020-07-26T10:02:04Z</time>
      </trkpt>
      <trkpt lat="61.837953077629209" lon="-6.861719721928239">
        <ele>78.450000000000003</ele>
        <time>2020-07-26T10:02:10Z</time>
      </trkpt>
      <trkpt lat="61.83800345286727" lon="-6.861919714137912">
        <ele>77.700000000000003</ele>
        <time>2020-07-26T10:02:16Z</time>
      </trkpt>
      <trkpt lat="61.838045949116349" lon="-6.862129513174295">
        <ele>76.849999999999994</ele>
        <time>2020-07-26T10:02:22Z</time>
      </trkpt>
      <trkpt lat="61.838083751499653" lon="-6.86235012486577">
        <ele>75.819999999999993</ele>
        <time>2020-07-26T10:02:28Z</time>
      </trkpt>
      <trkpt lat="61.838113004341722" lon="-6.86256118118763">
        <ele>76.569999999999993</ele>
        <time>2020-07-26T10:02:34Z</time>
      </trkpt>
      <trkpt lat="61.838128846138716" lon="-6.862780954688788">
        <ele>75.870000000000005</ele>
        <time>2020-07-26T10:02:40Z</time>
      </trkpt>
      <trkpt lat="61.838137982413173" lon="-6.863024281337857">
        <ele>75.150000000000006</ele>
        <time>2020-07-26T10:02:46Z</time>
      </trkpt>
      <trkpt lat="61.838147370144725" lon="-6.863232403993607">
        <ele>75.129999999999995</ele>
        <time>2020-07-26T10:02:52Z</time>
      </trkpt>
      <trkpt lat="61.838165642693639" lon="-6.863447232171893">
        <ele>74.700000000000003</ele>
        <time>2020-07-26T10:02:58Z</time>
      </trkpt>
      <trkpt lat="61.838192967697978" lon="-6.863652421161532">
        <ele>75.040000000000006</ele>
        <time>2020-07-26T10:03:04Z</time>
      </trkpt>
      <trkpt lat="61.838217107579112" lon="-6.863868590444326">
        <ele>74.170000000000002</ele>
        <time>2020-07-26T10:03:10Z</time>
      </trkpt>
      <trkpt lat="61.838248539716005" lon="-6.864085262641311">
        <ele>73.129999999999995</ele>
        <time>2020-07-26T10:03:16Z</time>
      </trkpt>
      <trkpt lat="61.838269913569093" lon="-6.864317944273353">
        <ele>72.239999999999995</ele>
        <time>2020-07-26T10:03:22Z</time>
      </trkpt>
      <trkpt lat="61.838301345705986" lon="-6.864497987553477">
        <ele>70.049999999999997</ele>
        <time>2020-07-26T10:03:28Z</time>
      </trkpt>
      <trkpt lat="61.838322216644883" lon="-6.864711223170161">
        <ele>70.920000000000002</ele>
        <time>2020-07-26T10:03:34Z</time>
      </trkpt>
      <trkpt lat="61.838341746479273" lon="-6.864937618374825">
        <ele>73.75</ele>
        <time>2020-07-26T10:03:40Z</time>
      </trkpt>
      <trkpt lat="61.838356079533696" lon="-6.865235343575478">
        <ele>72.689999999999998</ele>
        <time>2020-07-26T10:03:48Z</time>
      </trkpt>
      <trkpt lat="61.838407879695296" lon="-6.865410022437573">
        <ele>71.140000000000001</ele>
        <time>2020-07-26T10:04:01Z</time>
      </trkpt>
      <trkpt lat="61.838485496118665" lon="-6.865580594167113">
        <ele>70.060000000000002</ele>
        <time>2020-07-26T10:04:07Z</time>
      </trkpt>
      <trkpt lat="61.838557245209813" lon="-6.865716548636556">
        <ele>69.129999999999995</ele>
        <time>2020-07-26T10:04:13Z</time>
      </trkpt>
      <trkpt lat="61.838621702045202" lon="-6.865879828110337">
        <ele>68.909999999999997</ele>
        <time>2020-07-26T10:04:19Z</time>
      </trkpt>
      <trkpt lat="61.838663695380092" lon="-6.866080071777105">
        <ele>68.829999999999998</ele>
        <time>2020-07-26T10:04:25Z</time>
      </trkpt>
      <trkpt lat="61.838703844696283" lon="-6.866279309615493">
        <ele>68.760000000000005</ele>
        <time>2020-07-26T10:04:31Z</time>
      </trkpt>
      <trkpt lat="61.838735779747367" lon="-6.86647460795939">
        <ele>67.599999999999994</ele>
        <time>2020-07-26T10:04:37Z</time>
      </trkpt>
      <trkpt lat="61.838770816102624" lon="-6.866677533835173">
        <ele>68.579999999999998</ele>
        <time>2020-07-26T10:04:43Z</time>
      </trkpt>
      <trkpt lat="61.838799649849534" lon="-6.866876101121306">
        <ele>68.180000000000007</ele>
        <time>2020-07-26T10:04:49Z</time>
      </trkpt>
      <trkpt lat="61.838835356757045" lon="-6.867072153836489">
        <ele>67.879999999999995</ele>
        <time>2020-07-26T10:04:55Z</time>
      </trkpt>
      <trkpt lat="61.838878858834505" lon="-6.867283880710602">
        <ele>67.989999999999995</ele>
        <time>2020-07-26T10:05:01Z</time>
      </trkpt>
      <trkpt lat="61.838922780007124" lon="-6.867494434118271">
        <ele>67.890000000000001</ele>
        <time>2020-07-26T10:05:07Z</time>
      </trkpt>
      <trkpt lat="61.838961588218808" lon="-6.867720494046807">
        <ele>67.900000000000006</ele>
        <time>2020-07-26T10:05:13Z</time>
      </trkpt>
      <trkpt lat="61.838993271812797" lon="-6.867940435186029">
        <ele>68.459999999999994</ele>
        <time>2020-07-26T10:05:19Z</time>
      </trkpt>
      <trkpt lat="61.839039120823145" lon="-6.868161214515567">
        <ele>68.780000000000001</ele>
        <time>2020-07-26T10:05:26Z</time>
      </trkpt>
      <trkpt lat="61.839076755568385" lon="-6.868368582800031">
        <ele>69.480000000000004</ele>
        <time>2020-07-26T10:05:32Z</time>
      </trkpt>
      <trkpt lat="61.839125789701939" lon="-6.868555163964629">
        <ele>69.599999999999994</ele>
        <time>2020-07-26T10:05:38Z</time>
      </trkpt>
      <trkpt lat="61.839178847149014" lon="-6.868739984929562">
        <ele>70.680000000000007</ele>
        <time>2020-07-26T10:05:44Z</time>
      </trkpt>
      <trkpt lat="61.839233413338661" lon="-6.86891432851553">
        <ele>70.810000000000002</ele>
        <time>2020-07-26T10:05:50Z</time>
      </trkpt>
      <trkpt lat="61.839287225157022" lon="-6.869100155308843">
        <ele>69.680000000000007</ele>
        <time>2020-07-26T10:05:56Z</time>
      </trkpt>
      <trkpt lat="61.839335421100259" lon="-6.869293358176947">
        <ele>69</ele>
        <time>2020-07-26T10:06:02Z</time>
      </trkpt>
      <trkpt lat="61.839380515739322" lon="-6.869484717026353">
        <ele>68.349999999999994</ele>
        <time>2020-07-26T10:06:08Z</time>
      </trkpt>
      <trkpt lat="61.839426532387733" lon="-6.869685128331184">
        <ele>68.629999999999995</ele>
        <time>2020-07-26T10:06:14Z</time>
      </trkpt>
      <trkpt lat="61.839481350034475" lon="-6.869893418624997">
        <ele>67.799999999999997</ele>
        <time>2020-07-26T10:06:20Z</time>
      </trkpt>
      <trkpt lat="61.839532144367695" lon="-6.870086118578911">
        <ele>69.579999999999998</ele>
        <time>2020-07-26T10:06:26Z</time>
      </trkpt>
      <trkpt lat="61.839582435786724" lon="-6.870276220142841">
        <ele>68.769999999999996</ele>
        <time>2020-07-26T10:06:32Z</time>
      </trkpt>
      <trkpt lat="61.839632811024785" lon="-6.870465064421296">
        <ele>68.299999999999997</ele>
        <time>2020-07-26T10:06:38Z</time>
      </trkpt>
      <trkpt lat="61.839684108272195" lon="-6.87065726146102">
        <ele>68.129999999999995</ele>
        <time>2020-07-26T10:06:44Z</time>
      </trkpt>
      <trkpt lat="61.839736746624112" lon="-6.870842166244984">
        <ele>67.810000000000002</ele>
        <time>2020-07-26T10:06:50Z</time>
      </trkpt>
      <trkpt lat="61.839776895940304" lon="-6.87102572992444">
        <ele>67.739999999999995</ele>
        <time>2020-07-26T10:06:56Z</time>
      </trkpt>
      <trkpt lat="61.839823164045811" lon="-6.871232008561492">
        <ele>67.5</ele>
        <time>2020-07-26T10:07:02Z</time>
      </trkpt>
      <trkpt lat="61.839857194572687" lon="-6.871436275541782">
        <ele>68.129999999999995</ele>
        <time>2020-07-26T10:07:08Z</time>
      </trkpt>
      <trkpt lat="61.839891728013754" lon="-6.871641213074327">
        <ele>69.709999999999994</ele>
        <time>2020-07-26T10:07:14Z</time>
      </trkpt>
      <trkpt lat="61.839927434921265" lon="-6.871855789795518">
        <ele>67.560000000000002</ele>
        <time>2020-07-26T10:07:20Z</time>
      </trkpt>
      <trkpt lat="61.839959118515253" lon="-6.872062236070633">
        <ele>67.459999999999994</ele>
        <time>2020-07-26T10:07:26Z</time>
      </trkpt>
      <trkpt lat="61.840001530945301" lon="-6.872281674295664">
        <ele>66.849999999999994</ele>
        <time>2020-07-26T10:07:32Z</time>
      </trkpt>
      <trkpt lat="61.840041512623429" lon="-6.872492982074618">
        <ele>66.689999999999998</ele>
        <time>2020-07-26T10:07:38Z</time>
      </trkpt>
      <trkpt lat="61.840084260329604" lon="-6.87270219437778">
        <ele>66.280000000000001</ele>
        <time>2020-07-26T10:07:44Z</time>
      </trkpt>
      <trkpt lat="61.840111250057817" lon="-6.872908975929022">
        <ele>65.810000000000002</ele>
        <time>2020-07-26T10:07:50Z</time>
      </trkpt>
      <trkpt lat="61.84010211378336" lon="-6.873132605105639">
        <ele>64.890000000000001</ele>
        <time>2020-07-26T10:07:56Z</time>
      </trkpt>
      <trkpt lat="61.840085182338953" lon="-6.873348522931337">
        <ele>65.280000000000001</ele>
        <time>2020-07-26T10:08:02Z</time>
      </trkpt>
      <trkpt lat="61.840070094913244" lon="-6.873557232320309">
        <ele>65.560000000000002</ele>
        <time>2020-07-26T10:08:08Z</time>
      </trkpt>
      <trkpt lat="61.840056180953979" lon="-6.873784381896257">
        <ele>65.75</ele>
        <time>2020-07-26T10:08:14Z</time>
      </trkpt>
      <trkpt lat="61.840038076043129" lon="-6.8740014731884">
        <ele>68.400000000000006</ele>
        <time>2020-07-26T10:08:20Z</time>
      </trkpt>
      <trkpt lat="61.84002541936934" lon="-6.874219235032797">
        <ele>66.079999999999998</ele>
        <time>2020-07-26T10:08:26Z</time>
      </trkpt>
      <trkpt lat="61.84000882320106" lon="-6.874430794268847">
        <ele>66.140000000000001</ele>
        <time>2020-07-26T10:08:32Z</time>
      </trkpt>
      <trkpt lat="61.839987952262163" lon="-6.874653249979019">
        <ele>66.329999999999998</ele>
        <time>2020-07-26T10:08:38Z</time>
      </trkpt>
      <trkpt lat="61.839966410771012" lon="-6.874871766194701">
        <ele>65.670000000000002</ele>
        <time>2020-07-26T10:08:44Z</time>
      </trkpt>
      <trkpt lat="61.839943192899227" lon="-6.87510235235095">
        <ele>66.140000000000001</ele>
        <time>2020-07-26T10:08:50Z</time>
      </trkpt>
      <trkpt lat="61.83993305079639" lon="-6.875325897708535">
        <ele>64.670000000000002</ele>
        <time>2020-07-26T10:08:56Z</time>
      </trkpt>
      <trkpt lat="61.839914359152317" lon="-6.875531589612365">
        <ele>66.450000000000003</ele>
        <time>2020-07-26T10:09:02Z</time>
      </trkpt>
      <trkpt lat="61.839914862066507" lon="-6.875753374770284">
        <ele>66.140000000000001</ele>
        <time>2020-07-26T10:09:08Z</time>
      </trkpt>
      <trkpt lat="61.839902875944972" lon="-6.875986307859421">
        <ele>67.519999999999996</ele>
        <time>2020-07-26T10:09:14Z</time>
      </trkpt>
      <trkpt lat="61.839873204007745" lon="-6.876238267868757">
        <ele>67.629999999999995</ele>
        <time>2020-07-26T10:09:21Z</time>
      </trkpt>
      <trkpt lat="61.839822828769684" lon="-6.876447647809982">
        <ele>66.379999999999995</ele>
        <time>2020-07-26T10:09:27Z</time>
      </trkpt>
      <trkpt lat="61.839761976152658" lon="-6.876654010266066">
        <ele>67.060000000000002</ele>
        <time>2020-07-26T10:09:33Z</time>
      </trkpt>
      <trkpt lat="61.839705230668187" lon="-6.87686825171113">
        <ele>66.159999999999997</ele>
        <time>2020-07-26T10:09:39Z</time>
      </trkpt>
      <trkpt lat="61.839648904278874" lon="-6.877060029655695">
        <ele>67.349999999999994</ele>
        <time>2020-07-26T10:09:45Z</time>
      </trkpt>
      <trkpt lat="61.83959249407053" lon="-6.877238983288407">
        <ele>67.120000000000005</ele>
        <time>2020-07-26T10:09:51Z</time>
      </trkpt>
      <trkpt lat="61.839542286470532" lon="-6.877445178106427">
        <ele>67.140000000000001</ele>
        <time>2020-07-26T10:09:59Z</time>
      </trkpt>
      <trkpt lat="61.839503981173038" lon="-6.877642404288054">
        <ele>67.430000000000007</ele>
        <time>2020-07-26T10:10:05Z</time>
      </trkpt>
      <trkpt lat="61.839473806321621" lon="-6.877836864441633">
        <ele>65.930000000000007</ele>
        <time>2020-07-26T10:10:11Z</time>
      </trkpt>
      <trkpt lat="61.839447654783726" lon="-6.878061750903726">
        <ele>66.670000000000002</ele>
        <time>2020-07-26T10:10:18Z</time>
      </trkpt>
      <trkpt lat="61.839436925947666" lon="-6.878269873559475">
        <ele>66.739999999999995</ele>
        <time>2020-07-26T10:10:24Z</time>
      </trkpt>
      <trkpt lat="61.839435836300254" lon="-6.878499705344439">
        <ele>65.900000000000006</ele>
        <time>2020-07-26T10:10:30Z</time>
      </trkpt>
      <trkpt lat="61.83944103308022" lon="-6.878706989809871">
        <ele>64.439999999999998</ele>
        <time>2020-07-26T10:10:36Z</time>
      </trkpt>
      <trkpt lat="61.83944690041244" lon="-6.878917291760445">
        <ele>64.799999999999997</ele>
        <time>2020-07-26T10:10:42Z</time>
      </trkpt>
      <trkpt lat="61.839453522115946" lon="-6.879119044169784">
        <ele>64.489999999999995</ele>
        <time>2020-07-26T10:11:20Z</time>
      </trkpt>
      <trkpt lat="61.839478248730302" lon="-6.879350803792477">
        <ele>64.849999999999994</ele>
        <time>2020-07-26T10:11:29Z</time>
      </trkpt>
      <trkpt lat="61.839478835463524" lon="-6.879548951983452">
        <ele>64.620000000000005</ele>
        <time>2020-07-26T10:11:35Z</time>
      </trkpt>
      <trkpt lat="61.839486882090569" lon="-6.879744585603476">
        <ele>64.709999999999994</ele>
        <time>2020-07-26T10:11:41Z</time>
      </trkpt>
      <trkpt lat="61.839490821585059" lon="-6.879970729351044">
        <ele>63.549999999999997</ele>
        <time>2020-07-26T10:11:47Z</time>
      </trkpt>
      <trkpt lat="61.839488474652171" lon="-6.880179606378079">
        <ele>62.780000000000001</ele>
        <time>2020-07-26T10:11:53Z</time>
      </trkpt>
      <trkpt lat="61.83949233032763" lon="-6.880394769832492">
        <ele>62.390000000000001</ele>
        <time>2020-07-26T10:11:59Z</time>
      </trkpt>
      <trkpt lat="61.839511021971703" lon="-6.880594175308943">
        <ele>61.270000000000003</ele>
        <time>2020-07-26T10:12:06Z</time>
      </trkpt>
      <trkpt lat="61.83952409774065" lon="-6.880806321278215">
        <ele>61.789999999999999</ele>
        <time>2020-07-26T10:12:12Z</time>
      </trkpt>
      <trkpt lat="61.839566510170698" lon="-6.881002876907587">
        <ele>62.32</ele>
        <time>2020-07-26T10:12:18Z</time>
      </trkpt>
      <trkpt lat="61.839644880965352" lon="-6.881145369261503">
        <ele>63.420000000000002</ele>
        <time>2020-07-26T10:12:24Z</time>
      </trkpt>
      <trkpt lat="61.83972685597837" lon="-6.881311079487205">
        <ele>62.740000000000002</ele>
        <time>2020-07-26T10:12:30Z</time>
      </trkpt>
      <trkpt lat="61.839797599241138" lon="-6.881433371454477">
        <ele>63.25</ele>
        <time>2020-07-26T10:12:36Z</time>
      </trkpt>
      <trkpt lat="61.839891392737627" lon="-6.88156932592392">
        <ele>63.030000000000001</ele>
        <time>2020-07-26T10:12:43Z</time>
      </trkpt>
      <trkpt lat="61.839980911463499" lon="-6.88168172724545">
        <ele>62.479999999999997</ele>
        <time>2020-07-26T10:12:49Z</time>
      </trkpt>
      <trkpt lat="61.840050062164664" lon="-6.881793960928917">
        <ele>62.340000000000003</ele>
        <time>2020-07-26T10:12:55Z</time>
      </trkpt>
      <trkpt lat="61.840116027742624" lon="-6.881892113015056">
        <ele>62.219999999999999</ele>
        <time>2020-07-26T10:13:01Z</time>
      </trkpt>
      <trkpt lat="61.840190542861819" lon="-6.882016584277153">
        <ele>62.649999999999999</ele>
        <time>2020-07-26T10:13:07Z</time>
      </trkpt>
      <trkpt lat="61.840285006910563" lon="-6.882143151015043">
        <ele>63.479999999999997</ele>
        <time>2020-07-26T10:13:13Z</time>
      </trkpt>
      <trkpt lat="61.840374693274498" lon="-6.882244236767292">
        <ele>62.18</ele>
        <time>2020-07-26T10:13:19Z</time>
      </trkpt>
      <trkpt lat="61.840483658015728" lon="-6.882341550663114">
        <ele>62.009999999999998</ele>
        <time>2020-07-26T10:13:25Z</time>
      </trkpt>
      <trkpt lat="61.840579211711884" lon="-6.882440792396665">
        <ele>61.890000000000001</ele>
        <time>2020-07-26T10:13:31Z</time>
      </trkpt>
      <trkpt lat="61.840683901682496" lon="-6.88253240659833">
        <ele>61.18</ele>
        <time>2020-07-26T10:13:37Z</time>
      </trkpt>
      <trkpt lat="61.840783562511206" lon="-6.882629971951246">
        <ele>60.670000000000002</ele>
        <time>2020-07-26T10:13:43Z</time>
      </trkpt>
      <trkpt lat="61.840883810073137" lon="-6.882751593366265">
        <ele>60.130000000000003</ele>
        <time>2020-07-26T10:13:49Z</time>
      </trkpt>
      <trkpt lat="61.840967042371631" lon="-6.882884195074439">
        <ele>59.710000000000001</ele>
        <time>2020-07-26T10:13:55Z</time>
      </trkpt>
      <trkpt lat="61.841047508642077" lon="-6.883027860894799">
        <ele>58.740000000000002</ele>
        <time>2020-07-26T10:14:01Z</time>
      </trkpt>
      <trkpt lat="61.841122275218368" lon="-6.883161384612322">
        <ele>60.43</ele>
        <time>2020-07-26T10:14:07Z</time>
      </trkpt>
      <trkpt lat="61.841191174462438" lon="-6.883320389315486">
        <ele>59.390000000000001</ele>
        <time>2020-07-26T10:14:13Z</time>
      </trkpt>
      <trkpt lat="61.841256385669112" lon="-6.883482914417982">
        <ele>60.780000000000001</ele>
        <time>2020-07-26T10:14:19Z</time>
      </trkpt>
      <trkpt lat="61.841328805312514" lon="-6.883651977404952">
        <ele>57.130000000000003</ele>
        <time>2020-07-26T10:14:25Z</time>
      </trkpt>
      <trkpt lat="61.841394435614347" lon="-6.883847024291754">
        <ele>56.259999999999998</ele>
        <time>2020-07-26T10:14:31Z</time>
      </trkpt>
      <trkpt lat="61.841460149735212" lon="-6.884033689275384">
        <ele>54.950000000000003</ele>
        <time>2020-07-26T10:14:37Z</time>
      </trkpt>
      <trkpt lat="61.841531060636044" lon="-6.884205937385559">
        <ele>56.25</ele>
        <time>2020-07-26T10:14:43Z</time>
      </trkpt>
      <trkpt lat="61.841603815555573" lon="-6.884350022301078">
        <ele>53.310000000000002</ele>
        <time>2020-07-26T10:14:49Z</time>
      </trkpt>
      <trkpt lat="61.841674474999309" lon="-6.884492347016931">
        <ele>55.130000000000003</ele>
        <time>2020-07-26T10:14:55Z</time>
      </trkpt>
      <trkpt lat="61.841752678155899" lon="-6.884649591520429">
        <ele>54.82</ele>
        <time>2020-07-26T10:15:01Z</time>
      </trkpt>
      <trkpt lat="61.841825684532523" lon="-6.884780433028936">
        <ele>53.509999999999998</ele>
        <time>2020-07-26T10:15:07Z</time>
      </trkpt>
      <trkpt lat="61.841897433623672" lon="-6.884943712502718">
        <ele>53.549999999999997</ele>
        <time>2020-07-26T10:15:13Z</time>
      </trkpt>
      <trkpt lat="61.841969769448042" lon="-6.885099364444614">
        <ele>52.539999999999999</ele>
        <time>2020-07-26T10:15:19Z</time>
      </trkpt>
      <trkpt lat="61.842038165777922" lon="-6.885265996679664">
        <ele>52.75</ele>
        <time>2020-07-26T10:15:25Z</time>
      </trkpt>
      <trkpt lat="61.84210404753685" lon="-6.885422486811876">
        <ele>51.75</ele>
        <time>2020-07-26T10:15:31Z</time>
      </trkpt>
      <trkpt lat="61.842187950387597" lon="-6.885550059378147">
        <ele>51.299999999999997</ele>
        <time>2020-07-26T10:15:37Z</time>
      </trkpt>
      <trkpt lat="61.842269338667393" lon="-6.885685930028558">
        <ele>51.859999999999999</ele>
        <time>2020-07-26T10:15:43Z</time>
      </trkpt>
      <trkpt lat="61.842340920120478" lon="-6.88581652007997">
        <ele>51.479999999999997</ele>
        <time>2020-07-26T10:15:49Z</time>
      </trkpt>
      <trkpt lat="61.842416105791926" lon="-6.885976111516357">
        <ele>51.109999999999999</ele>
        <time>2020-07-26T10:15:55Z</time>
      </trkpt>
      <trkpt lat="61.842502355575562" lon="-6.88612824305892">
        <ele>50.520000000000003</ele>
        <time>2020-07-26T10:16:01Z</time>
      </trkpt>
      <trkpt lat="61.842591036111116" lon="-6.886272998526692">
        <ele>50.009999999999998</ele>
        <time>2020-07-26T10:16:07Z</time>
      </trkpt>
      <trkpt lat="61.842672172933817" lon="-6.886378107592464">
        <ele>49.579999999999998</ele>
        <time>2020-07-26T10:16:12Z</time>
      </trkpt>
      <trkpt lat="61.842756662517786" lon="-6.886509200558066">
        <ele>48.810000000000002</ele>
        <time>2020-07-26T10:16:17Z</time>
      </trkpt>
      <trkpt lat="61.842844504863024" lon="-6.886592516675592">
        <ele>49.93</ele>
        <time>2020-07-26T10:16:23Z</time>
      </trkpt>
      <trkpt lat="61.842937292531133" lon="-6.886675246059895">
        <ele>49.07</ele>
        <time>2020-07-26T10:16:29Z</time>
      </trkpt>
      <trkpt lat="61.84301633387804" lon="-6.886759819462895">
        <ele>49.57</ele>
        <time>2020-07-26T10:16:35Z</time>
      </trkpt>
      <trkpt lat="61.843106439337134" lon="-6.886871634051204">
        <ele>48.280000000000001</ele>
        <time>2020-07-26T10:16:41Z</time>
      </trkpt>
      <trkpt lat="61.843215739354491" lon="-6.886958051472902">
        <ele>47.520000000000003</ele>
        <time>2020-07-26T10:16:47Z</time>
      </trkpt>
      <trkpt lat="61.843311376869678" lon="-6.887050000950694">
        <ele>48.759999999999998</ele>
        <time>2020-07-26T10:16:53Z</time>
      </trkpt>
      <trkpt lat="61.843413468450308" lon="-6.887130802497268">
        <ele>48.890000000000001</ele>
        <time>2020-07-26T10:16:59Z</time>
      </trkpt>
      <trkpt lat="61.843503238633275" lon="-6.887195678427815">
        <ele>47.719999999999999</ele>
        <time>2020-07-26T10:17:05Z</time>
      </trkpt>
      <trkpt lat="61.843604994937778" lon="-6.887273211032152">
        <ele>46.450000000000003</ele>
        <time>2020-07-26T10:17:11Z</time>
      </trkpt>
      <trkpt lat="61.843709517270327" lon="-6.88734688796103">
        <ele>48.789999999999999</ele>
        <time>2020-07-26T10:17:17Z</time>
      </trkpt>
      <trkpt lat="61.843808842822909" lon="-6.887433808296919">
        <ele>46.07</ele>
        <time>2020-07-26T10:17:23Z</time>
      </trkpt>
      <trkpt lat="61.843914287164807" lon="-6.887531876564026">
        <ele>45.969999999999999</ele>
        <time>2020-07-26T10:17:30Z</time>
      </trkpt>
      <trkpt lat="61.844003889709711" lon="-6.887624161317945">
        <ele>46.229999999999997</ele>
        <time>2020-07-26T10:17:36Z</time>
      </trkpt>
      <trkpt lat="61.844106065109372" lon="-6.887703370302916">
        <ele>44.960000000000001</ele>
        <time>2020-07-26T10:17:43Z</time>
      </trkpt>
      <trkpt lat="61.84422567486763" lon="-6.887814849615097">
        <ele>46.340000000000003</ele>
        <time>2020-07-26T10:17:53Z</time>
      </trkpt>
      <trkpt lat="61.844331622123718" lon="-6.887916689738631">
        <ele>42.289999999999999</ele>
        <time>2020-07-26T10:17:59Z</time>
      </trkpt>
      <trkpt lat="61.84442943893373" lon="-6.888016937300563">
        <ele>41.909999999999997</ele>
        <time>2020-07-26T10:18:05Z</time>
      </trkpt>
      <trkpt lat="61.844532703980803" lon="-6.888108383864164">
        <ele>44.100000000000001</ele>
        <time>2020-07-26T10:18:11Z</time>
      </trkpt>
      <trkpt lat="61.844633789733052" lon="-6.888190191239119">
        <ele>43.359999999999999</ele>
        <time>2020-07-26T10:18:17Z</time>
      </trkpt>
      <trkpt lat="61.84473236091435" lon="-6.888270154595375">
        <ele>44.439999999999998</ele>
        <time>2020-07-26T10:18:23Z</time>
      </trkpt>
      <trkpt lat="61.84482766315341" lon="-6.888355817645788">
        <ele>43</ele>
        <time>2020-07-26T10:18:29Z</time>
      </trkpt>
      <trkpt lat="61.844925647601485" lon="-6.888457322493196">
        <ele>43.689999999999998</ele>
        <time>2020-07-26T10:18:35Z</time>
      </trkpt>
      <trkpt lat="61.845029583200812" lon="-6.888565700501204">
        <ele>43.210000000000001</ele>
        <time>2020-07-26T10:18:41Z</time>
      </trkpt>
      <trkpt lat="61.845128070563078" lon="-6.888651782646775">
        <ele>44.43</ele>
        <time>2020-07-26T10:18:47Z</time>
      </trkpt>
      <trkpt lat="61.845212392508984" lon="-6.888731494545937">
        <ele>45.009999999999998</ele>
        <time>2020-07-26T10:18:53Z</time>
      </trkpt>
      <trkpt lat="61.845310209318995" lon="-6.888814978301525">
        <ele>45.640000000000001</ele>
        <time>2020-07-26T10:19:00Z</time>
      </trkpt>
      <trkpt lat="61.845409199595451" lon="-6.888911370187998">
        <ele>45.57</ele>
        <time>2020-07-26T10:19:07Z</time>
      </trkpt>
      <trkpt lat="61.845496790483594" lon="-6.888996111229062">
        <ele>45.729999999999997</ele>
        <time>2020-07-26T10:19:13Z</time>
      </trkpt>
      <trkpt lat="61.84559628367424" lon="-6.889074733480811">
        <ele>44.770000000000003</ele>
        <time>2020-07-26T10:19:20Z</time>
      </trkpt>
      <trkpt lat="61.845683539286256" lon="-6.889159642159939">
        <ele>45.789999999999999</ele>
        <time>2020-07-26T10:19:26Z</time>
      </trkpt>
      <trkpt lat="61.845786049962044" lon="-6.889249999076128">
        <ele>45.810000000000002</ele>
        <time>2020-07-26T10:19:32Z</time>
      </trkpt>
      <trkpt lat="61.845877664163709" lon="-6.889337589964271">
        <ele>45.960000000000001</ele>
        <time>2020-07-26T10:19:38Z</time>
      </trkpt>
      <trkpt lat="61.845970954746008" lon="-6.889409758150578">
        <ele>46.759999999999998</ele>
        <time>2020-07-26T10:19:44Z</time>
      </trkpt>
      <trkpt lat="61.84606877155602" lon="-6.889475220814347">
        <ele>47.170000000000002</ele>
        <time>2020-07-26T10:19:50Z</time>
      </trkpt>
      <trkpt lat="61.846162397414446" lon="-6.889563733711839">
        <ele>47.270000000000003</ele>
        <time>2020-07-26T10:19:56Z</time>
      </trkpt>
      <trkpt lat="61.846255268901587" lon="-6.889655767008662">
        <ele>47</ele>
        <time>2020-07-26T10:20:02Z</time>
      </trkpt>
      <trkpt lat="61.846351912245154" lon="-6.88976020552218">
        <ele>46.460000000000001</ele>
        <time>2020-07-26T10:20:08Z</time>
      </trkpt>
      <trkpt lat="61.846450651064515" lon="-6.889909990131855">
        <ele>47.280000000000001</ele>
        <time>2020-07-26T10:20:14Z</time>
      </trkpt>
      <trkpt lat="61.84652759693563" lon="-6.890076203271747">
        <ele>45.960000000000001</ele>
        <time>2020-07-26T10:20:20Z</time>
      </trkpt>
      <trkpt lat="61.846596244722605" lon="-6.890255408361554">
        <ele>46.439999999999998</ele>
        <time>2020-07-26T10:20:26Z</time>
      </trkpt>
      <trkpt lat="61.846665982156992" lon="-6.890435451641679">
        <ele>46.560000000000002</ele>
        <time>2020-07-26T10:20:32Z</time>
      </trkpt>
      <trkpt lat="61.846730271354318" lon="-6.890599820762873">
        <ele>46.07</ele>
        <time>2020-07-26T10:20:38Z</time>
      </trkpt>
      <trkpt lat="61.846802020445466" lon="-6.890767710283399">
        <ele>45.350000000000001</ele>
        <time>2020-07-26T10:20:44Z</time>
      </trkpt>
      <trkpt lat="61.846871841698885" lon="-6.890951357781887">
        <ele>45.57</ele>
        <time>2020-07-26T10:20:50Z</time>
      </trkpt>
      <trkpt lat="61.846932275220752" lon="-6.891131149604917">
        <ele>45.350000000000001</ele>
        <time>2020-07-26T10:20:56Z</time>
      </trkpt>
      <trkpt lat="61.846985500305891" lon="-6.891303732991219">
        <ele>44.759999999999998</ele>
        <time>2020-07-26T10:21:02Z</time>
      </trkpt>
      <trkpt lat="61.847049286589026" lon="-6.891514454036951">
        <ele>43.799999999999997</ele>
        <time>2020-07-26T10:21:09Z</time>
      </trkpt>
      <trkpt lat="61.847096225246787" lon="-6.891710506752133">
        <ele>43.039999999999999</ele>
        <time>2020-07-26T10:21:15Z</time>
      </trkpt>
      <trkpt lat="61.847149534150958" lon="-6.891895662993193">
        <ele>42.899999999999999</ele>
        <time>2020-07-26T10:21:21Z</time>
      </trkpt>
      <trkpt lat="61.847210135310888" lon="-6.892088949680328">
        <ele>41.299999999999997</ele>
        <time>2020-07-26T10:21:27Z</time>
      </trkpt>
      <trkpt lat="61.847261935472488" lon="-6.892273351550102">
        <ele>39.740000000000002</ele>
        <time>2020-07-26T10:21:33Z</time>
      </trkpt>
      <trkpt lat="61.847320273518562" lon="-6.892471583560109">
        <ele>38.609999999999999</ele>
        <time>2020-07-26T10:21:39Z</time>
      </trkpt>
      <trkpt lat="61.847373330965638" lon="-6.892676437273622">
        <ele>38.109999999999999</ele>
        <time>2020-07-26T10:21:45Z</time>
      </trkpt>
      <trkpt lat="61.847410127520561" lon="-6.89290794543922">
        <ele>36.130000000000003</ele>
        <time>2020-07-26T10:21:52Z</time>
      </trkpt>
      <trkpt lat="61.847437703981996" lon="-6.893182452768087">
        <ele>34.979999999999997</ele>
        <time>2020-07-26T10:21:59Z</time>
      </trkpt>
      <trkpt lat="61.847458574920893" lon="-6.893386133015156">
        <ele>34.049999999999997</ele>
        <time>2020-07-26T10:22:05Z</time>
      </trkpt>
      <trkpt lat="61.847495120018721" lon="-6.893577575683594">
        <ele>33.039999999999999</ele>
        <time>2020-07-26T10:22:12Z</time>
      </trkpt>
      <trkpt lat="61.847548177465796" lon="-6.893765917047858">
        <ele>33.649999999999999</ele>
        <time>2020-07-26T10:22:19Z</time>
      </trkpt>
      <trkpt lat="61.847596373409033" lon="-6.893950067460537">
        <ele>32.079999999999998</ele>
        <time>2020-07-26T10:22:26Z</time>
      </trkpt>
      <trkpt lat="61.847648676484823" lon="-6.894110748544335">
        <ele>30.98</ele>
        <time>2020-07-26T10:22:32Z</time>
      </trkpt>
      <trkpt lat="61.847687233239412" lon="-6.894456166774035">
        <ele>28.579999999999998</ele>
        <time>2020-07-26T10:22:39Z</time>
      </trkpt>
      <trkpt lat="61.847587237134576" lon="-6.894537303596735">
        <ele>26.989999999999998</ele>
        <time>2020-07-26T10:22:46Z</time>
      </trkpt>
      <trkpt lat="61.847484977915883" lon="-6.894482234492898">
        <ele>25.510000000000002</ele>
        <time>2020-07-26T10:22:52Z</time>
      </trkpt>
      <trkpt lat="61.847409792244434" lon="-6.894390117377043">
        <ele>23.539999999999999</ele>
        <time>2020-07-26T10:22:58Z</time>
      </trkpt>
      <trkpt lat="61.847332175821066" lon="-6.894288863986731">
        <ele>23.34</ele>
        <time>2020-07-26T10:23:04Z</time>
      </trkpt>
      <trkpt lat="61.847257325425744" lon="-6.894151065498591">
        <ele>23.170000000000002</ele>
        <time>2020-07-26T10:23:10Z</time>
      </trkpt>
      <trkpt lat="61.847162945196033" lon="-6.894048303365707">
        <ele>21.84</ele>
        <time>2020-07-26T10:23:16Z</time>
      </trkpt>
      <trkpt lat="61.847066972404718" lon="-6.893945373594761">
        <ele>20.710000000000001</ele>
        <time>2020-07-26T10:23:22Z</time>
      </trkpt>
      <trkpt lat="61.846970999613404" lon="-6.893857698887587">
        <ele>21.539999999999999</ele>
        <time>2020-07-26T10:23:28Z</time>
      </trkpt>
      <trkpt lat="61.846872344613075" lon="-6.893760887905955">
        <ele>21.030000000000001</ele>
        <time>2020-07-26T10:23:34Z</time>
      </trkpt>
      <trkpt lat="61.846773270517588" lon="-6.893679080531001">
        <ele>19.780000000000001</ele>
        <time>2020-07-26T10:23:40Z</time>
      </trkpt>
      <trkpt lat="61.846681069582701" lon="-6.893592244014144">
        <ele>18.27</ele>
        <time>2020-07-26T10:23:46Z</time>
      </trkpt>
      <trkpt lat="61.846589874476194" lon="-6.893501719459891">
        <ele>17.890000000000001</ele>
        <time>2020-07-26T10:23:52Z</time>
      </trkpt>
      <trkpt lat="61.846499852836132" lon="-6.893391832709312">
        <ele>16.960000000000001</ele>
        <time>2020-07-26T10:23:58Z</time>
      </trkpt>
      <trkpt lat="61.846402622759342" lon="-6.893317988142371">
        <ele>15.57</ele>
        <time>2020-07-26T10:24:04Z</time>
      </trkpt>
      <trkpt lat="61.846302961930633" lon="-6.893256297335029">
        <ele>15.18</ele>
        <time>2020-07-26T10:24:10Z</time>
      </trkpt>
      <trkpt lat="61.846197098493576" lon="-6.893221344798803">
        <ele>14.91</ele>
        <time>2020-07-26T10:24:16Z</time>
      </trkpt>
      <trkpt lat="61.846097186207771" lon="-6.89319477416575">
        <ele>14.35</ele>
        <time>2020-07-26T10:24:22Z</time>
      </trkpt>
      <trkpt lat="61.845987886190414" lon="-6.893170299008489">
        <ele>14.83</ele>
        <time>2020-07-26T10:24:28Z</time>
      </trkpt>
      <trkpt lat="61.845884118229151" lon="-6.893154876306653">
        <ele>12.619999999999999</ele>
        <time>2020-07-26T10:24:34Z</time>
      </trkpt>
      <trkpt lat="61.845794934779406" lon="-6.893111290410161">
        <ele>11.19</ele>
        <time>2020-07-26T10:24:40Z</time>
      </trkpt>
      <trkpt lat="61.845701141282916" lon="-6.893083043396473">
        <ele>10.5</ele>
        <time>2020-07-26T10:24:46Z</time>
      </trkpt>
      <trkpt lat="61.845603995025158" lon="-6.893031746149063">
        <ele>11.359999999999999</ele>
        <time>2020-07-26T10:24:52Z</time>
      </trkpt>
      <trkpt lat="61.845504334196448" lon="-6.892992435023189">
        <ele>9.630000000000001</ele>
        <time>2020-07-26T10:24:58Z</time>
      </trkpt>
      <trkpt lat="61.845406098291278" lon="-6.892961254343391">
        <ele>10.59</ele>
        <time>2020-07-26T10:25:04Z</time>
      </trkpt>
      <trkpt lat="61.845301743596792" lon="-6.892929822206497">
        <ele>9.880000000000001</ele>
        <time>2020-07-26T10:25:10Z</time>
      </trkpt>
      <trkpt lat="61.845205603167415" lon="-6.892885230481625">
        <ele>9.27</ele>
        <time>2020-07-26T10:25:16Z</time>
      </trkpt>
      <trkpt lat="61.845105607062578" lon="-6.892874082550407">
        <ele>9.289999999999999</ele>
        <time>2020-07-26T10:25:24Z</time>
      </trkpt>
      <trkpt lat="61.844983901828527" lon="-6.892934767529368">
        <ele>8.949999999999999</ele>
        <time>2020-07-26T10:25:44Z</time>
      </trkpt>
      <trkpt lat="61.844952134415507" lon="-6.892828652635217">
        <ele>9.960000000000001</ele>
        <time>2020-07-26T10:26:32Z</time>
      </trkpt>
      <trkpt lat="61.844932520762086" lon="-6.892862683162093">
        <ele>9.869999999999999</ele>
        <time>2020-07-26T10:27:24Z</time>
      </trkpt>
      <trkpt lat="61.844984153285623" lon="-6.892792442813516">
        <ele>9.16</ele>
        <time>2020-07-26T10:28:53Z</time>
      </trkpt>
      <trkpt lat="61.844984153285623" lon="-6.892792442813516">
        <ele>9.16</ele>
        <time>2020-07-26T10:28:53Z</time>
      </trkpt>
      <trkpt lat="61.844932520762086" lon="-6.892862683162093">
        <ele>9.869999999999999</ele>
        <time>2020-07-26T10:27:24Z</time>
      </trkpt>
      <trkpt lat="61.844952134415507" lon="-6.892828652635217">
        <ele>9.960000000000001</ele>
        <time>2020-07-26T10:26:32Z</time>
      </trkpt>
      <trkpt lat="61.844983901828527" lon="-6.892934767529368">
        <ele>8.949999999999999</ele>
        <time>2020-07-26T10:25:44Z</time>
      </trkpt>
      <trkpt lat="61.845105607062578" lon="-6.892874082550407">
        <ele>9.289999999999999</ele>
        <time>2020-07-26T10:25:24Z</time>
      </trkpt>
      <trkpt lat="61.845205603167415" lon="-6.892885230481625">
        <ele>9.27</ele>
        <time>2020-07-26T10:25:16Z</time>
      </trkpt>
      <trkpt lat="61.845301743596792" lon="-6.892929822206497">
        <ele>9.880000000000001</ele>
        <time>2020-07-26T10:25:10Z</time>
      </trkpt>
      <trkpt lat="61.845406098291278" lon="-6.892961254343391">
        <ele>10.59</ele>
        <time>2020-07-26T10:25:04Z</time>
      </trkpt>
      <trkpt lat="61.845504334196448" lon="-6.892992435023189">
        <ele>9.630000000000001</ele>
        <time>2020-07-26T10:24:58Z</time>
      </trkpt>
      <trkpt lat="61.845603995025158" lon="-6.893031746149063">
        <ele>11.359999999999999</ele>
        <time>2020-07-26T10:24:52Z</time>
      </trkpt>
      <trkpt lat="61.845701141282916" lon="-6.893083043396473">
        <ele>10.5</ele>
        <time>2020-07-26T10:24:46Z</time>
      </trkpt>
      <trkpt lat="61.845794934779406" lon="-6.893111290410161">
        <ele>11.19</ele>
        <time>2020-07-26T10:24:40Z</time>
      </trkpt>
      <trkpt lat="61.845884118229151" lon="-6.893154876306653">
        <ele>12.619999999999999</ele>
        <time>2020-07-26T10:24:34Z</time>
      </trkpt>
      <trkpt lat="61.845987886190414" lon="-6.893170299008489">
        <ele>14.83</ele>
        <time>2020-07-26T10:24:28Z</time>
      </trkpt>
      <trkpt lat="61.846097186207771" lon="-6.89319477416575">
        <ele>14.35</ele>
        <time>2020-07-26T10:24:22Z</time>
      </trkpt>
      <trkpt lat="61.846197098493576" lon="-6.893221344798803">
        <ele>14.91</ele>
        <time>2020-07-26T10:24:16Z</time>
      </trkpt>
      <trkpt lat="61.846302961930633" lon="-6.893256297335029">
        <ele>15.18</ele>
        <time>2020-07-26T10:24:10Z</time>
      </trkpt>
      <trkpt lat="61.846402622759342" lon="-6.893317988142371">
        <ele>15.57</ele>
        <time>2020-07-26T10:24:04Z</time>
      </trkpt>
      <trkpt lat="61.846499852836132" lon="-6.893391832709312">
        <ele>16.960000000000001</ele>
        <time>2020-07-26T10:23:58Z</time>
      </trkpt>
      <trkpt lat="61.846589874476194" lon="-6.893501719459891">
        <ele>17.890000000000001</ele>
        <time>2020-07-26T10:23:52Z</time>
      </trkpt>
      <trkpt lat="61.846681069582701" lon="-6.893592244014144">
        <ele>18.27</ele>
        <time>2020-07-26T10:23:46Z</time>
      </trkpt>
      <trkpt lat="61.846773270517588" lon="-6.893679080531001">
        <ele>19.780000000000001</ele>
        <time>2020-07-26T10:23:40Z</time>
      </trkpt>
      <trkpt lat="61.846872344613075" lon="-6.893760887905955">
        <ele>21.030000000000001</ele>
        <time>2020-07-26T10:23:34Z</time>
      </trkpt>
      <trkpt lat="61.846970999613404" lon="-6.893857698887587">
        <ele>21.539999999999999</ele>
        <time>2020-07-26T10:23:28Z</time>
      </trkpt>
      <trkpt lat="61.847066972404718" lon="-6.893945373594761">
        <ele>20.710000000000001</ele>
        <time>2020-07-26T10:23:22Z</time>
      </trkpt>
      <trkpt lat="61.847162945196033" lon="-6.894048303365707">
        <ele>21.84</ele>
        <time>2020-07-26T10:23:16Z</time>
      </trkpt>
      <trkpt lat="61.847257325425744" lon="-6.894151065498591">
        <ele>23.170000000000002</ele>
        <time>2020-07-26T10:23:10Z</time>
      </trkpt>
      <trkpt lat="61.847332175821066" lon="-6.894288863986731">
        <ele>23.34</ele>
        <time>2020-07-26T10:23:04Z</time>
      </trkpt>
      <trkpt lat="61.847409792244434" lon="-6.894390117377043">
        <ele>23.539999999999999</ele>
        <time>2020-07-26T10:22:58Z</time>
      </trkpt>
      <trkpt lat="61.847484977915883" lon="-6.894482234492898">
        <ele>25.510000000000002</ele>
        <time>2020-07-26T10:22:52Z</time>
      </trkpt>
      <trkpt lat="61.847587237134576" lon="-6.894537303596735">
        <ele>26.989999999999998</ele>
        <time>2020-07-26T10:22:46Z</time>
      </trkpt>
      <trkpt lat="61.847687233239412" lon="-6.894456166774035">
        <ele>28.579999999999998</ele>
        <time>2020-07-26T10:22:39Z</time>
      </trkpt>
      <trkpt lat="61.847648676484823" lon="-6.894110748544335">
        <ele>30.98</ele>
        <time>2020-07-26T10:22:32Z</time>
      </trkpt>
      <trkpt lat="61.847596373409033" lon="-6.893950067460537">
        <ele>32.079999999999998</ele>
        <time>2020-07-26T10:22:26Z</time>
      </trkpt>
      <trkpt lat="61.847548177465796" lon="-6.893765917047858">
        <ele>33.649999999999999</ele>
        <time>2020-07-26T10:22:19Z</time>
      </trkpt>
      <trkpt lat="61.847495120018721" lon="-6.893577575683594">
        <ele>33.039999999999999</ele>
        <time>2020-07-26T10:22:12Z</time>
      </trkpt>
      <trkpt lat="61.847458574920893" lon="-6.893386133015156">
        <ele>34.049999999999997</ele>
        <time>2020-07-26T10:22:05Z</time>
      </trkpt>
      <trkpt lat="61.847437703981996" lon="-6.893182452768087">
        <ele>34.979999999999997</ele>
        <time>2020-07-26T10:21:59Z</time>
      </trkpt>
      <trkpt lat="61.847410127520561" lon="-6.89290794543922">
        <ele>36.130000000000003</ele>
        <time>2020-07-26T10:21:52Z</time>
      </trkpt>
      <trkpt lat="61.847373330965638" lon="-6.892676437273622">
        <ele>38.109999999999999</ele>
        <time>2020-07-26T10:21:45Z</time>
      </trkpt>
      <trkpt lat="61.847320273518562" lon="-6.892471583560109">
        <ele>38.609999999999999</ele>
        <time>2020-07-26T10:21:39Z</time>
      </trkpt>
      <trkpt lat="61.847261935472488" lon="-6.892273351550102">
        <ele>39.740000000000002</ele>
        <time>2020-07-26T10:21:33Z</time>
      </trkpt>
      <trkpt lat="61.847210135310888" lon="-6.892088949680328">
        <ele>41.299999999999997</ele>
        <time>2020-07-26T10:21:27Z</time>
      </trkpt>
      <trkpt lat="61.847149534150958" lon="-6.891895662993193">
        <ele>42.899999999999999</ele>
        <time>2020-07-26T10:21:21Z</time>
      </trkpt>
      <trkpt lat="61.847096225246787" lon="-6.891710506752133">
        <ele>43.039999999999999</ele>
        <time>2020-07-26T10:21:15Z</time>
      </trkpt>
      <trkpt lat="61.847049286589026" lon="-6.891514454036951">
        <ele>43.799999999999997</ele>
        <time>2020-07-26T10:21:09Z</time>
      </trkpt>
      <trkpt lat="61.846985500305891" lon="-6.891303732991219">
        <ele>44.759999999999998</ele>
        <time>2020-07-26T10:21:02Z</time>
      </trkpt>
      <trkpt lat="61.846932275220752" lon="-6.891131149604917">
        <ele>45.350000000000001</ele>
        <time>2020-07-26T10:20:56Z</time>
      </trkpt>
      <trkpt lat="61.846871841698885" lon="-6.890951357781887">
        <ele>45.57</ele>
        <time>2020-07-26T10:20:50Z</time>
      </trkpt>
      <trkpt lat="61.846802020445466" lon="-6.890767710283399">
        <ele>45.350000000000001</ele>
        <time>2020-07-26T10:20:44Z</time>
      </trkpt>
      <trkpt lat="61.846730271354318" lon="-6.890599820762873">
        <ele>46.07</ele>
        <time>2020-07-26T10:20:38Z</time>
      </trkpt>
      <trkpt lat="61.846665982156992" lon="-6.890435451641679">
        <ele>46.560000000000002</ele>
        <time>2020-07-26T10:20:32Z</time>
      </trkpt>
      <trkpt lat="61.846596244722605" lon="-6.890255408361554">
        <ele>46.439999999999998</ele>
        <time>2020-07-26T10:20:26Z</time>
      </trkpt>
      <trkpt lat="61.84652759693563" lon="-6.890076203271747">
        <ele>45.960000000000001</ele>
        <time>2020-07-26T10:20:20Z</time>
      </trkpt>
      <trkpt lat="61.846450651064515" lon="-6.889909990131855">
        <ele>47.280000000000001</ele>
        <time>2020-07-26T10:20:14Z</time>
      </trkpt>
      <trkpt lat="61.846351912245154" lon="-6.88976020552218">
        <ele>46.460000000000001</ele>
        <time>2020-07-26T10:20:08Z</time>
      </trkpt>
      <trkpt lat="61.846255268901587" lon="-6.889655767008662">
        <ele>47</ele>
        <time>2020-07-26T10:20:02Z</time>
      </trkpt>
      <trkpt lat="61.846162397414446" lon="-6.889563733711839">
        <ele>47.270000000000003</ele>
        <time>2020-07-26T10:19:56Z</time>
      </trkpt>
      <trkpt lat="61.84606877155602" lon="-6.889475220814347">
        <ele>47.170000000000002</ele>
        <time>2020-07-26T10:19:50Z</time>
      </trkpt>
      <trkpt lat="61.845970954746008" lon="-6.889409758150578">
        <ele>46.759999999999998</ele>
        <time>2020-07-26T10:19:44Z</time>
      </trkpt>
      <trkpt lat="61.845877664163709" lon="-6.889337589964271">
        <ele>45.960000000000001</ele>
        <time>2020-07-26T10:19:38Z</time>
      </trkpt>
      <trkpt lat="61.845786049962044" lon="-6.889249999076128">
        <ele>45.810000000000002</ele>
        <time>2020-07-26T10:19:32Z</time>
      </trkpt>
      <trkpt lat="61.845683539286256" lon="-6.889159642159939">
        <ele>45.789999999999999</ele>
        <time>2020-07-26T10:19:26Z</time>
      </trkpt>
      <trkpt lat="61.84559628367424" lon="-6.889074733480811">
        <ele>44.770000000000003</ele>
        <time>2020-07-26T10:19:20Z</time>
      </trkpt>
      <trkpt lat="61.845496790483594" lon="-6.888996111229062">
        <ele>45.729999999999997</ele>
        <time>2020-07-26T10:19:13Z</time>
      </trkpt>
      <trkpt lat="61.845409199595451" lon="-6.888911370187998">
        <ele>45.57</ele>
        <time>2020-07-26T10:19:07Z</time>
      </trkpt>
      <trkpt lat="61.845310209318995" lon="-6.888814978301525">
        <ele>45.640000000000001</ele>
        <time>2020-07-26T10:19:00Z</time>
      </trkpt>
      <trkpt lat="61.845212392508984" lon="-6.888731494545937">
        <ele>45.009999999999998</ele>
        <time>2020-07-26T10:18:53Z</time>
      </trkpt>
      <trkpt lat="61.845128070563078" lon="-6.888651782646775">
        <ele>44.43</ele>
        <time>2020-07-26T10:18:47Z</time>
      </trkpt>
      <trkpt lat="61.845029583200812" lon="-6.888565700501204">
        <ele>43.210000000000001</ele>
        <time>2020-07-26T10:18:41Z</time>
      </trkpt>
      <trkpt lat="61.844925647601485" lon="-6.888457322493196">
        <ele>43.689999999999998</ele>
        <time>2020-07-26T10:18:35Z</time>
      </trkpt>
      <trkpt lat="61.84482766315341" lon="-6.888355817645788">
        <ele>43</ele>
        <time>2020-07-26T10:18:29Z</time>
      </trkpt>
      <trkpt lat="61.84473236091435" lon="-6.888270154595375">
        <ele>44.439999999999998</ele>
        <time>2020-07-26T10:18:23Z</time>
      </trkpt>
      <trkpt lat="61.844633789733052" lon="-6.888190191239119">
        <ele>43.359999999999999</ele>
        <time>2020-07-26T10:18:17Z</time>
      </trkpt>
      <trkpt lat="61.844532703980803" lon="-6.888108383864164">
        <ele>44.100000000000001</ele>
        <time>2020-07-26T10:18:11Z</time>
      </trkpt>
      <trkpt lat="61.84442943893373" lon="-6.888016937300563">
        <ele>41.909999999999997</ele>
        <time>2020-07-26T10:18:05Z</time>
      </trkpt>
      <trkpt lat="61.844331622123718" lon="-6.887916689738631">
        <ele>42.289999999999999</ele>
        <time>2020-07-26T10:17:59Z</time>
      </trkpt>
      <trkpt lat="61.84422567486763" lon="-6.887814849615097">
        <ele>46.340000000000003</ele>
        <time>2020-07-26T10:17:53Z</time>
      </trkpt>
      <trkpt lat="61.844106065109372" lon="-6.887703370302916">
        <ele>44.960000000000001</ele>
        <time>2020-07-26T10:17:43Z</time>
      </trkpt>
      <trkpt lat="61.844003889709711" lon="-6.887624161317945">
        <ele>46.229999999999997</ele>
        <time>2020-07-26T10:17:36Z</time>
      </trkpt>
      <trkpt lat="61.843914287164807" lon="-6.887531876564026">
        <ele>45.969999999999999</ele>
        <time>2020-07-26T10:17:30Z</time>
      </trkpt>
      <trkpt lat="61.843808842822909" lon="-6.887433808296919">
        <ele>46.07</ele>
        <time>2020-07-26T10:17:23Z</time>
      </trkpt>
      <trkpt lat="61.843709517270327" lon="-6.88734688796103">
        <ele>48.789999999999999</ele>
        <time>2020-07-26T10:17:17Z</time>
      </trkpt>
      <trkpt lat="61.843604994937778" lon="-6.887273211032152">
        <ele>46.450000000000003</ele>
        <time>2020-07-26T10:17:11Z</time>
      </trkpt>
      <trkpt lat="61.843503238633275" lon="-6.887195678427815">
        <ele>47.719999999999999</ele>
        <time>2020-07-26T10:17:05Z</time>
      </trkpt>
      <trkpt lat="61.843413468450308" lon="-6.887130802497268">
        <ele>48.890000000000001</ele>
        <time>2020-07-26T10:16:59Z</time>
      </trkpt>
      <trkpt lat="61.843311376869678" lon="-6.887050000950694">
        <ele>48.759999999999998</ele>
        <time>2020-07-26T10:16:53Z</time>
      </trkpt>
      <trkpt lat="61.843215739354491" lon="-6.886958051472902">
        <ele>47.520000000000003</ele>
        <time>2020-07-26T10:16:47Z</time>
      </trkpt>
      <trkpt lat="61.843106439337134" lon="-6.886871634051204">
        <ele>48.280000000000001</ele>
        <time>2020-07-26T10:16:41Z</time>
      </trkpt>
      <trkpt lat="61.84301633387804" lon="-6.886759819462895">
        <ele>49.57</ele>
        <time>2020-07-26T10:16:35Z</time>
      </trkpt>
      <trkpt lat="61.842937292531133" lon="-6.886675246059895">
        <ele>49.07</ele>
        <time>2020-07-26T10:16:29Z</time>
      </trkpt>
      <trkpt lat="61.842844504863024" lon="-6.886592516675592">
        <ele>49.93</ele>
        <time>2020-07-26T10:16:23Z</time>
      </trkpt>
      <trkpt lat="61.842756662517786" lon="-6.886509200558066">
        <ele>48.810000000000002</ele>
        <time>2020-07-26T10:16:17Z</time>
      </trkpt>
      <trkpt lat="61.842672172933817" lon="-6.886378107592464">
        <ele>49.579999999999998</ele>
        <time>2020-07-26T10:16:12Z</time>
      </trkpt>
      <trkpt lat="61.842591036111116" lon="-6.886272998526692">
        <ele>50.009999999999998</ele>
        <time>2020-07-26T10:16:07Z</time>
      </trkpt>
      <trkpt lat="61.842502355575562" lon="-6.88612824305892">
        <ele>50.520000000000003</ele>
        <time>2020-07-26T10:16:01Z</time>
      </trkpt>
      <trkpt lat="61.842416105791926" lon="-6.885976111516357">
        <ele>51.109999999999999</ele>
        <time>2020-07-26T10:15:55Z</time>
      </trkpt>
      <trkpt lat="61.842340920120478" lon="-6.88581652007997">
        <ele>51.479999999999997</ele>
        <time>2020-07-26T10:15:49Z</time>
      </trkpt>
      <trkpt lat="61.842269338667393" lon="-6.885685930028558">
        <ele>51.859999999999999</ele>
        <time>2020-07-26T10:15:43Z</time>
      </trkpt>
      <trkpt lat="61.842187950387597" lon="-6.885550059378147">
        <ele>51.299999999999997</ele>
        <time>2020-07-26T10:15:37Z</time>
      </trkpt>
      <trkpt lat="61.84210404753685" lon="-6.885422486811876">
        <ele>51.75</ele>
        <time>2020-07-26T10:15:31Z</time>
      </trkpt>
      <trkpt lat="61.842038165777922" lon="-6.885265996679664">
        <ele>52.75</ele>
        <time>2020-07-26T10:15:25Z</time>
      </trkpt>
      <trkpt lat="61.841969769448042" lon="-6.885099364444614">
        <ele>52.539999999999999</ele>
        <time>2020-07-26T10:15:19Z</time>
      </trkpt>
      <trkpt lat="61.841897433623672" lon="-6.884943712502718">
        <ele>53.549999999999997</ele>
        <time>2020-07-26T10:15:13Z</time>
      </trkpt>
      <trkpt lat="61.841825684532523" lon="-6.884780433028936">
        <ele>53.509999999999998</ele>
        <time>2020-07-26T10:15:07Z</time>
      </trkpt>
      <trkpt lat="61.841752678155899" lon="-6.884649591520429">
        <ele>54.82</ele>
        <time>2020-07-26T10:15:01Z</time>
      </trkpt>
      <trkpt lat="61.841674474999309" lon="-6.884492347016931">
        <ele>55.130000000000003</ele>
        <time>2020-07-26T10:14:55Z</time>
      </trkpt>
      <trkpt lat="61.841603815555573" lon="-6.884350022301078">
        <ele>53.310000000000002</ele>
        <time>2020-07-26T10:14:49Z</time>
      </trkpt>
      <trkpt lat="61.841531060636044" lon="-6.884205937385559">
        <ele>56.25</ele>
        <time>2020-07-26T10:14:43Z</time>
      </trkpt>
      <trkpt lat="61.841460149735212" lon="-6.884033689275384">
        <ele>54.950000000000003</ele>
        <time>2020-07-26T10:14:37Z</time>
      </trkpt>
      <trkpt lat="61.841394435614347" lon="-6.883847024291754">
        <ele>56.259999999999998</ele>
        <time>2020-07-26T10:14:31Z</time>
      </trkpt>
      <trkpt lat="61.841328805312514" lon="-6.883651977404952">
        <ele>57.130000000000003</ele>
        <time>2020-07-26T10:14:25Z</time>
      </trkpt>
      <trkpt lat="61.841256385669112" lon="-6.883482914417982">
        <ele>60.780000000000001</ele>
        <time>2020-07-26T10:14:19Z</time>
      </trkpt>
      <trkpt lat="61.841191174462438" lon="-6.883320389315486">
        <ele>59.390000000000001</ele>
        <time>2020-07-26T10:14:13Z</time>
      </trkpt>
      <trkpt lat="61.841122275218368" lon="-6.883161384612322">
        <ele>60.43</ele>
        <time>2020-07-26T10:14:07Z</time>
      </trkpt>
      <trkpt lat="61.841047508642077" lon="-6.883027860894799">
        <ele>58.740000000000002</ele>
        <time>2020-07-26T10:14:01Z</time>
      </trkpt>
      <trkpt lat="61.840967042371631" lon="-6.882884195074439">
        <ele>59.710000000000001</ele>
        <time>2020-07-26T10:13:55Z</time>
      </trkpt>
      <trkpt lat="61.840883810073137" lon="-6.882751593366265">
        <ele>60.130000000000003</ele>
        <time>2020-07-26T10:13:49Z</time>
      </trkpt>
      <trkpt lat="61.840783562511206" lon="-6.882629971951246">
        <ele>60.670000000000002</ele>
        <time>2020-07-26T10:13:43Z</time>
      </trkpt>
      <trkpt lat="61.840683901682496" lon="-6.88253240659833">
        <ele>61.18</ele>
        <time>2020-07-26T10:13:37Z</time>
      </trkpt>
      <trkpt lat="61.840579211711884" lon="-6.882440792396665">
        <ele>61.890000000000001</ele>
        <time>2020-07-26T10:13:31Z</time>
      </trkpt>
      <trkpt lat="61.840483658015728" lon="-6.882341550663114">
        <ele>62.009999999999998</ele>
        <time>2020-07-26T10:13:25Z</time>
      </trkpt>
      <trkpt lat="61.840374693274498" lon="-6.882244236767292">
        <ele>62.18</ele>
        <time>2020-07-26T10:13:19Z</time>
      </trkpt>
      <trkpt lat="61.840285006910563" lon="-6.882143151015043">
        <ele>63.479999999999997</ele>
        <time>2020-07-26T10:13:13Z</time>
      </trkpt>
      <trkpt lat="61.840190542861819" lon="-6.882016584277153">
        <ele>62.649999999999999</ele>
        <time>2020-07-26T10:13:07Z</time>
      </trkpt>
      <trkpt lat="61.840116027742624" lon="-6.881892113015056">
        <ele>62.219999999999999</ele>
        <time>2020-07-26T10:13:01Z</time>
      </trkpt>
      <trkpt lat="61.840050062164664" lon="-6.881793960928917">
        <ele>62.340000000000003</ele>
        <time>2020-07-26T10:12:55Z</time>
      </trkpt>
      <trkpt lat="61.839980911463499" lon="-6.88168172724545">
        <ele>62.479999999999997</ele>
        <time>2020-07-26T10:12:49Z</time>
      </trkpt>
      <trkpt lat="61.839891392737627" lon="-6.88156932592392">
        <ele>63.030000000000001</ele>
        <time>2020-07-26T10:12:43Z</time>
      </trkpt>
      <trkpt lat="61.839797599241138" lon="-6.881433371454477">
        <ele>63.25</ele>
        <time>2020-07-26T10:12:36Z</time>
      </trkpt>
      <trkpt lat="61.83972685597837" lon="-6.881311079487205">
        <ele>62.740000000000002</ele>
        <time>2020-07-26T10:12:30Z</time>
      </trkpt>
      <trkpt lat="61.839644880965352" lon="-6.881145369261503">
        <ele>63.420000000000002</ele>
        <time>2020-07-26T10:12:24Z</time>
      </trkpt>
      <trkpt lat="61.839566510170698" lon="-6.881002876907587">
        <ele>62.32</ele>
        <time>2020-07-26T10:12:18Z</time>
      </trkpt>
      <trkpt lat="61.83952409774065" lon="-6.880806321278215">
        <ele>61.789999999999999</ele>
        <time>2020-07-26T10:12:12Z</time>
      </trkpt>
      <trkpt lat="61.839511021971703" lon="-6.880594175308943">
        <ele>61.270000000000003</ele>
        <time>2020-07-26T10:12:06Z</time>
      </trkpt>
      <trkpt lat="61.83949233032763" lon="-6.880394769832492">
        <ele>62.390000000000001</ele>
        <time>2020-07-26T10:11:59Z</time>
      </trkpt>
      <trkpt lat="61.839488474652171" lon="-6.880179606378079">
        <ele>62.780000000000001</ele>
        <time>2020-07-26T10:11:53Z</time>
      </trkpt>
      <trkpt lat="61.839490821585059" lon="-6.879970729351044">
        <ele>63.549999999999997</ele>
        <time>2020-07-26T10:11:47Z</time>
      </trkpt>
      <trkpt lat="61.839486882090569" lon="-6.879744585603476">
        <ele>64.709999999999994</ele>
        <time>2020-07-26T10:11:41Z</time>
      </trkpt>
      <trkpt lat="61.839478835463524" lon="-6.879548951983452">
        <ele>64.620000000000005</ele>
        <time>2020-07-26T10:11:35Z</time>
      </trkpt>
      <trkpt lat="61.839478248730302" lon="-6.879350803792477">
        <ele>64.849999999999994</ele>
        <time>2020-07-26T10:11:29Z</time>
      </trkpt>
      <trkpt lat="61.839453522115946" lon="-6.879119044169784">
        <ele>64.489999999999995</ele>
        <time>2020-07-26T10:11:20Z</time>
      </trkpt>
      <trkpt lat="61.83944690041244" lon="-6.878917291760445">
        <ele>64.799999999999997</ele>
        <time>2020-07-26T10:10:42Z</time>
      </trkpt>
      <trkpt lat="61.83944103308022" lon="-6.878706989809871">
        <ele>64.439999999999998</ele>
        <time>2020-07-26T10:10:36Z</time>
      </trkpt>
      <trkpt lat="61.839435836300254" lon="-6.878499705344439">
        <ele>65.900000000000006</ele>
        <time>2020-07-26T10:10:30Z</time>
      </trkpt>
      <trkpt lat="61.839436925947666" lon="-6.878269873559475">
        <ele>66.739999999999995</ele>
        <time>2020-07-26T10:10:24Z</time>
      </trkpt>
      <trkpt lat="61.839447654783726" lon="-6.878061750903726">
        <ele>66.670000000000002</ele>
        <time>2020-07-26T10:10:18Z</time>
      </trkpt>
      <trkpt lat="61.839473806321621" lon="-6.877836864441633">
        <ele>65.930000000000007</ele>
        <time>2020-07-26T10:10:11Z</time>
      </trkpt>
      <trkpt lat="61.839503981173038" lon="-6.877642404288054">
        <ele>67.430000000000007</ele>
        <time>2020-07-26T10:10:05Z</time>
      </trkpt>
      <trkpt lat="61.839542286470532" lon="-6.877445178106427">
        <ele>67.140000000000001</ele>
        <time>2020-07-26T10:09:59Z</time>
      </trkpt>
      <trkpt lat="61.83959249407053" lon="-6.877238983288407">
        <ele>67.120000000000005</ele>
        <time>2020-07-26T10:09:51Z</time>
      </trkpt>
      <trkpt lat="61.839648904278874" lon="-6.877060029655695">
        <ele>67.349999999999994</ele>
        <time>2020-07-26T10:09:45Z</time>
      </trkpt>
      <trkpt lat="61.839705230668187" lon="-6.87686825171113">
        <ele>66.159999999999997</ele>
        <time>2020-07-26T10:09:39Z</time>
      </trkpt>
      <trkpt lat="61.839761976152658" lon="-6.876654010266066">
        <ele>67.060000000000002</ele>
        <time>2020-07-26T10:09:33Z</time>
      </trkpt>
      <trkpt lat="61.839822828769684" lon="-6.876447647809982">
        <ele>66.379999999999995</ele>
        <time>2020-07-26T10:09:27Z</time>
      </trkpt>
      <trkpt lat="61.839873204007745" lon="-6.876238267868757">
        <ele>67.629999999999995</ele>
        <time>2020-07-26T10:09:21Z</time>
      </trkpt>
      <trkpt lat="61.839902875944972" lon="-6.875986307859421">
        <ele>67.519999999999996</ele>
        <time>2020-07-26T10:09:14Z</time>
      </trkpt>
      <trkpt lat="61.839914862066507" lon="-6.875753374770284">
        <ele>66.140000000000001</ele>
        <time>2020-07-26T10:09:08Z</time>
      </trkpt>
      <trkpt lat="61.839914359152317" lon="-6.875531589612365">
        <ele>66.450000000000003</ele>
        <time>2020-07-26T10:09:02Z</time>
      </trkpt>
      <trkpt lat="61.83993305079639" lon="-6.875325897708535">
        <ele>64.670000000000002</ele>
        <time>2020-07-26T10:08:56Z</time>
      </trkpt>
      <trkpt lat="61.839943192899227" lon="-6.87510235235095">
        <ele>66.140000000000001</ele>
        <time>2020-07-26T10:08:50Z</time>
      </trkpt>
      <trkpt lat="61.839966410771012" lon="-6.874871766194701">
        <ele>65.670000000000002</ele>
        <time>2020-07-26T10:08:44Z</time>
      </trkpt>
      <trkpt lat="61.839987952262163" lon="-6.874653249979019">
        <ele>66.329999999999998</ele>
        <time>2020-07-26T10:08:38Z</time>
      </trkpt>
      <trkpt lat="61.84000882320106" lon="-6.874430794268847">
        <ele>66.140000000000001</ele>
        <time>2020-07-26T10:08:32Z</time>
      </trkpt>
      <trkpt lat="61.84002541936934" lon="-6.874219235032797">
        <ele>66.079999999999998</ele>
        <time>2020-07-26T10:08:26Z</time>
      </trkpt>
      <trkpt lat="61.840038076043129" lon="-6.8740014731884">
        <ele>68.400000000000006</ele>
        <time>2020-07-26T10:08:20Z</time>
      </trkpt>
      <trkpt lat="61.840056180953979" lon="-6.873784381896257">
        <ele>65.75</ele>
        <time>2020-07-26T10:08:14Z</time>
      </trkpt>
      <trkpt lat="61.840070094913244" lon="-6.873557232320309">
        <ele>65.560000000000002</ele>
        <time>2020-07-26T10:08:08Z</time>
      </trkpt>
      <trkpt lat="61.840085182338953" lon="-6.873348522931337">
        <ele>65.280000000000001</ele>
        <time>2020-07-26T10:08:02Z</time>
      </trkpt>
      <trkpt lat="61.84010211378336" lon="-6.873132605105639">
        <ele>64.890000000000001</ele>
        <time>2020-07-26T10:07:56Z</time>
      </trkpt>
      <trkpt lat="61.840111250057817" lon="-6.872908975929022">
        <ele>65.810000000000002</ele>
        <time>2020-07-26T10:07:50Z</time>
      </trkpt>
      <trkpt lat="61.840084260329604" lon="-6.87270219437778">
        <ele>66.280000000000001</ele>
        <time>2020-07-26T10:07:44Z</time>
      </trkpt>
      <trkpt lat="61.840041512623429" lon="-6.872492982074618">
        <ele>66.689999999999998</ele>
        <time>2020-07-26T10:07:38Z</time>
      </trkpt>
      <trkpt lat="61.840001530945301" lon="-6.872281674295664">
        <ele>66.849999999999994</ele>
        <time>2020-07-26T10:07:32Z</time>
      </trkpt>
      <trkpt lat="61.839959118515253" lon="-6.872062236070633">
        <ele>67.459999999999994</ele>
        <time>2020-07-26T10:07:26Z</time>
      </trkpt>
      <trkpt lat="61.839927434921265" lon="-6.871855789795518">
        <ele>67.560000000000002</ele>
        <time>2020-07-26T10:07:20Z</time>
      </trkpt>
      <trkpt lat="61.839891728013754" lon="-6.871641213074327">
        <ele>69.709999999999994</ele>
        <time>2020-07-26T10:07:14Z</time>
      </trkpt>
      <trkpt lat="61.839857194572687" lon="-6.871436275541782">
        <ele>68.129999999999995</ele>
        <time>2020-07-26T10:07:08Z</time>
      </trkpt>
      <trkpt lat="61.839823164045811" lon="-6.871232008561492">
        <ele>67.5</ele>
        <time>2020-07-26T10:07:02Z</time>
      </trkpt>
      <trkpt lat="61.839776895940304" lon="-6.87102572992444">
        <ele>67.739999999999995</ele>
        <time>2020-07-26T10:06:56Z</time>
      </trkpt>
      <trkpt lat="61.839736746624112" lon="-6.870842166244984">
        <ele>67.810000000000002</ele>
        <time>2020-07-26T10:06:50Z</time>
      </trkpt>
      <trkpt lat="61.839684108272195" lon="-6.87065726146102">
        <ele>68.129999999999995</ele>
        <time>2020-07-26T10:06:44Z</time>
      </trkpt>
      <trkpt lat="61.839632811024785" lon="-6.870465064421296">
        <ele>68.299999999999997</ele>
        <time>2020-07-26T10:06:38Z</time>
      </trkpt>
      <trkpt lat="61.839582435786724" lon="-6.870276220142841">
        <ele>68.769999999999996</ele>
        <time>2020-07-26T10:06:32Z</time>
      </trkpt>
      <trkpt lat="61.839532144367695" lon="-6.870086118578911">
        <ele>69.579999999999998</ele>
        <time>2020-07-26T10:06:26Z</time>
      </trkpt>
      <trkpt lat="61.839481350034475" lon="-6.869893418624997">
        <ele>67.799999999999997</ele>
        <time>2020-07-26T10:06:20Z</time>
      </trkpt>
      <trkpt lat="61.839426532387733" lon="-6.869685128331184">
        <ele>68.629999999999995</ele>
        <time>2020-07-26T10:06:14Z</time>
      </trkpt>
      <trkpt lat="61.839380515739322" lon="-6.869484717026353">
        <ele>68.349999999999994</ele>
        <time>2020-07-26T10:06:08Z</time>
      </trkpt>
      <trkpt lat="61.839335421100259" lon="-6.869293358176947">
        <ele>69</ele>
        <time>2020-07-26T10:06:02Z</time>
      </trkpt>
      <trkpt lat="61.839287225157022" lon="-6.869100155308843">
        <ele>69.680000000000007</ele>
        <time>2020-07-26T10:05:56Z</time>
      </trkpt>
      <trkpt lat="61.839233413338661" lon="-6.86891432851553">
        <ele>70.810000000000002</ele>
        <time>2020-07-26T10:05:50Z</time>
      </trkpt>
      <trkpt lat="61.839178847149014" lon="-6.868739984929562">
        <ele>70.680000000000007</ele>
        <time>2020-07-26T10:05:44Z</time>
      </trkpt>
      <trkpt lat="61.839125789701939" lon="-6.868555163964629">
        <ele>69.599999999999994</ele>
        <time>2020-07-26T10:05:38Z</time>
      </trkpt>
      <trkpt lat="61.839076755568385" lon="-6.868368582800031">
        <ele>69.480000000000004</ele>
        <time>2020-07-26T10:05:32Z</time>
      </trkpt>
      <trkpt lat="61.839039120823145" lon="-6.868161214515567">
        <ele>68.780000000000001</ele>
        <time>2020-07-26T10:05:26Z</time>
      </trkpt>
      <trkpt lat="61.838993271812797" lon="-6.867940435186029">
        <ele>68.459999999999994</ele>
        <time>2020-07-26T10:05:19Z</time>
      </trkpt>
      <trkpt lat="61.838961588218808" lon="-6.867720494046807">
        <ele>67.900000000000006</ele>
        <time>2020-07-26T10:05:13Z</time>
      </trkpt>
      <trkpt lat="61.838922780007124" lon="-6.867494434118271">
        <ele>67.890000000000001</ele>
        <time>2020-07-26T10:05:07Z</time>
      </trkpt>
      <trkpt lat="61.838878858834505" lon="-6.867283880710602">
        <ele>67.989999999999995</ele>
        <time>2020-07-26T10:05:01Z</time>
      </trkpt>
      <trkpt lat="61.838835356757045" lon="-6.867072153836489">
        <ele>67.879999999999995</ele>
        <time>2020-07-26T10:04:55Z</time>
      </trkpt>
      <trkpt lat="61.838799649849534" lon="-6.866876101121306">
        <ele>68.180000000000007</ele>
        <time>2020-07-26T10:04:49Z</time>
      </trkpt>
      <trkpt lat="61.838770816102624" lon="-6.866677533835173">
        <ele>68.579999999999998</ele>
        <time>2020-07-26T10:04:43Z</time>
      </trkpt>
      <trkpt lat="61.838735779747367" lon="-6.86647460795939">
        <ele>67.599999999999994</ele>
        <time>2020-07-26T10:04:37Z</time>
      </trkpt>
      <trkpt lat="61.838703844696283" lon="-6.866279309615493">
        <ele>68.760000000000005</ele>
        <time>2020-07-26T10:04:31Z</time>
      </trkpt>
      <trkpt lat="61.838663695380092" lon="-6.866080071777105">
        <ele>68.829999999999998</ele>
        <time>2020-07-26T10:04:25Z</time>
      </trkpt>
      <trkpt lat="61.838621702045202" lon="-6.865879828110337">
        <ele>68.909999999999997</ele>
        <time>2020-07-26T10:04:19Z</time>
      </trkpt>
      <trkpt lat="61.838557245209813" lon="-6.865716548636556">
        <ele>69.129999999999995</ele>
        <time>2020-07-26T10:04:13Z</time>
      </trkpt>
      <trkpt lat="61.838485496118665" lon="-6.865580594167113">
        <ele>70.060000000000002</ele>
        <time>2020-07-26T10:04:07Z</time>
      </trkpt>
      <trkpt lat="61.838407879695296" lon="-6.865410022437573">
        <ele>71.140000000000001</ele>
        <time>2020-07-26T10:04:01Z</time>
      </trkpt>
      <trkpt lat="61.838356079533696" lon="-6.865235343575478">
        <ele>72.689999999999998</ele>
        <time>2020-07-26T10:03:48Z</time>
      </trkpt>
      <trkpt lat="61.838341746479273" lon="-6.864937618374825">
        <ele>73.75</ele>
        <time>2020-07-26T10:03:40Z</time>
      </trkpt>
      <trkpt lat="61.838322216644883" lon="-6.864711223170161">
        <ele>70.920000000000002</ele>
        <time>2020-07-26T10:03:34Z</time>
      </trkpt>
      <trkpt lat="61.838301345705986" lon="-6.864497987553477">
        <ele>70.049999999999997</ele>
        <time>2020-07-26T10:03:28Z</time>
      </trkpt>
      <trkpt lat="61.838269913569093" lon="-6.864317944273353">
        <ele>72.239999999999995</ele>
        <time>2020-07-26T10:03:22Z</time>
      </trkpt>
      <trkpt lat="61.838248539716005" lon="-6.864085262641311">
        <ele>73.129999999999995</ele>
        <time>2020-07-26T10:03:16Z</time>
      </trkpt>
      <trkpt lat="61.838217107579112" lon="-6.863868590444326">
        <ele>74.170000000000002</ele>
        <time>2020-07-26T10:03:10Z</time>
      </trkpt>
      <trkpt lat="61.838192967697978" lon="-6.863652421161532">
        <ele>75.040000000000006</ele>
        <time>2020-07-26T10:03:04Z</time>
      </trkpt>
      <trkpt lat="61.838165642693639" lon="-6.863447232171893">
        <ele>74.700000000000003</ele>
        <time>2020-07-26T10:02:58Z</time>
      </trkpt>
      <trkpt lat="61.838147370144725" lon="-6.863232403993607">
        <ele>75.129999999999995</ele>
        <time>2020-07-26T10:02:52Z</time>
      </trkpt>
      <trkpt lat="61.838137982413173" lon="-6.863024281337857">
        <ele>75.150000000000006</ele>
        <time>2020-07-26T10:02:46Z</time>
      </trkpt>
      <trkpt lat="61.838128846138716" lon="-6.862780954688788">
        <ele>75.870000000000005</ele>
        <time>2020-07-26T10:02:40Z</time>
      </trkpt>
      <trkpt lat="61.838113004341722" lon="-6.86256118118763">
        <ele>76.569999999999993</ele>
        <time>2020-07-26T10:02:34Z</time>
      </trkpt>
      <trkpt lat="61.838083751499653" lon="-6.86235012486577">
        <ele>75.819999999999993</ele>
        <time>2020-07-26T10:02:28Z</time>
      </trkpt>
      <trkpt lat="61.838045949116349" lon="-6.862129513174295">
        <ele>76.849999999999994</ele>
        <time>2020-07-26T10:02:22Z</time>
      </trkpt>
      <trkpt lat="61.83800345286727" lon="-6.861919714137912">
        <ele>77.700000000000003</ele>
        <time>2020-07-26T10:02:16Z</time>
      </trkpt>
      <trkpt lat="61.837953077629209" lon="-6.861719721928239">
        <ele>78.450000000000003</ele>
        <time>2020-07-26T10:02:10Z</time>
      </trkpt>
      <trkpt lat="61.837915275245905" lon="-6.86150087043643">
        <ele>78.870000000000005</ele>
        <time>2020-07-26T10:02:04Z</time>
      </trkpt>
      <trkpt lat="61.837874203920364" lon="-6.861295010894537">
        <ele>78.439999999999998</ele>
        <time>2020-07-26T10:01:58Z</time>
      </trkpt>
      <trkpt lat="61.837834138423204" lon="-6.861095605418086">
        <ele>80.530000000000001</ele>
        <time>2020-07-26T10:01:52Z</time>
      </trkpt>
      <trkpt lat="61.837780075147748" lon="-6.860903492197394">
        <ele>81.790000000000006</ele>
        <time>2020-07-26T10:01:46Z</time>
      </trkpt>
      <trkpt lat="61.837736070156097" lon="-6.860669804736972">
        <ele>80.829999999999998</ele>
        <time>2020-07-26T10:01:39Z</time>
      </trkpt>
      <trkpt lat="61.837694579735398" lon="-6.860483139753342">
        <ele>80.180000000000007</ele>
        <time>2020-07-26T10:01:33Z</time>
      </trkpt>
      <trkpt lat="61.837636325508356" lon="-6.860253559425473">
        <ele>81.890000000000001</ele>
        <time>2020-07-26T10:01:26Z</time>
      </trkpt>
      <trkpt lat="61.837565749883652" lon="-6.860057339072228">
        <ele>82.590000000000003</ele>
        <time>2020-07-26T10:01:20Z</time>
      </trkpt>
      <trkpt lat="61.837499281391501" lon="-6.859867824241519">
        <ele>82.530000000000001</ele>
        <time>2020-07-26T10:01:14Z</time>
      </trkpt>
      <trkpt lat="61.837440608069301" lon="-6.859674705192447">
        <ele>83.319999999999993</ele>
        <time>2020-07-26T10:01:08Z</time>
      </trkpt>
      <trkpt lat="61.837386460974813" lon="-6.859504217281938">
        <ele>84.340000000000003</ele>
        <time>2020-07-26T10:01:02Z</time>
      </trkpt>
      <trkpt lat="61.837314208969474" lon="-6.8593196477741">
        <ele>85.530000000000001</ele>
        <time>2020-07-26T10:00:55Z</time>
      </trkpt>
      <trkpt lat="61.837252685800195" lon="-6.859147483482957">
        <ele>87.739999999999995</ele>
        <time>2020-07-26T10:00:49Z</time>
      </trkpt>
      <trkpt lat="61.83719820342958" lon="-6.858944809064269">
        <ele>86.859999999999999</ele>
        <time>2020-07-26T10:00:43Z</time>
      </trkpt>
      <trkpt lat="61.837151013314724" lon="-6.858715396374464">
        <ele>86.140000000000001</ele>
        <time>2020-07-26T10:00:36Z</time>
      </trkpt>
      <trkpt lat="61.837106756865978" lon="-6.858489001169801">
        <ele>85.590000000000003</ele>
        <time>2020-07-26T10:00:29Z</time>
      </trkpt>
      <trkpt lat="61.837058309465647" lon="-6.858316082507372">
        <ele>86.239999999999995</ele>
        <time>2020-07-26T10:00:24Z</time>
      </trkpt>
      <trkpt lat="61.837002402171493" lon="-6.858131848275662">
        <ele>86.920000000000002</ele>
        <time>2020-07-26T10:00:18Z</time>
      </trkpt>
      <trkpt lat="61.836953368037939" lon="-6.857943339273334">
        <ele>85.930000000000007</ele>
        <time>2020-07-26T10:00:12Z</time>
      </trkpt>
      <trkpt lat="61.836883211508393" lon="-6.857762122526765">
        <ele>86.140000000000001</ele>
        <time>2020-07-26T10:00:05Z</time>
      </trkpt>
      <trkpt lat="61.836824286729097" lon="-6.857588030397892">
        <ele>85.430000000000007</ele>
        <time>2020-07-26T09:59:59Z</time>
      </trkpt>
      <trkpt lat="61.836765445768833" lon="-6.857407651841641">
        <ele>85.099999999999994</ele>
        <time>2020-07-26T09:59:53Z</time>
      </trkpt>
      <trkpt lat="61.836711885407567" lon="-6.857228195294738">
        <ele>84.590000000000003</ele>
        <time>2020-07-26T09:59:47Z</time>
      </trkpt>
      <trkpt lat="61.836648937314749" lon="-6.857052678242326">
        <ele>85.209999999999994</ele>
        <time>2020-07-26T09:59:41Z</time>
      </trkpt>
      <trkpt lat="61.836607530713081" lon="-6.856876658275724">
        <ele>83.840000000000003</ele>
        <time>2020-07-26T09:59:35Z</time>
      </trkpt>
      <trkpt lat="61.836560172960162" lon="-6.856623440980911">
        <ele>83.459999999999994</ele>
        <time>2020-07-26T09:59:28Z</time>
      </trkpt>
      <trkpt lat="61.836516000330448" lon="-6.856413055211306">
        <ele>83.829999999999998</ele>
        <time>2020-07-26T09:59:22Z</time>
      </trkpt>
      <trkpt lat="61.836471827700734" lon="-6.856203256174922">
        <ele>82.819999999999993</ele>
        <time>2020-07-26T09:59:16Z</time>
      </trkpt>
      <trkpt lat="61.836436875164509" lon="-6.855999073013663">
        <ele>80.930000000000007</ele>
        <time>2020-07-26T09:59:10Z</time>
      </trkpt>
      <trkpt lat="61.836392618715763" lon="-6.855820287019014">
        <ele>80.969999999999999</ele>
        <time>2020-07-26T09:59:04Z</time>
      </trkpt>
      <trkpt lat="61.836343752220273" lon="-6.855635633692145">
        <ele>80.450000000000003</ele>
        <time>2020-07-26T09:58:58Z</time>
      </trkpt>
      <trkpt lat="61.836295640096068" lon="-6.855404796078801">
        <ele>80.099999999999994</ele>
        <time>2020-07-26T09:58:51Z</time>
      </trkpt>
      <trkpt lat="61.836234368383884" lon="-6.855096090584993">
        <ele>80.180000000000007</ele>
        <time>2020-07-26T09:58:42Z</time>
      </trkpt>
      <trkpt lat="61.836193967610598" lon="-6.854862235486507">
        <ele>78.650000000000006</ele>
        <time>2020-07-26T09:58:35Z</time>
      </trkpt>
      <trkpt lat="61.836161445826292" lon="-6.854674899950624">
        <ele>78.359999999999999</ele>
        <time>2020-07-26T09:58:29Z</time>
      </trkpt>
      <trkpt lat="61.836131606251001" lon="-6.854473650455475">
        <ele>78.439999999999998</ele>
        <time>2020-07-26T09:58:23Z</time>
      </trkpt>
      <trkpt lat="61.836100174114108" lon="-6.854263432323933">
        <ele>78.810000000000002</ele>
        <time>2020-07-26T09:58:17Z</time>
      </trkpt>
      <trkpt lat="61.83608416467905" lon="-6.85401507653296">
        <ele>78.489999999999995</ele>
        <time>2020-07-26T09:58:10Z</time>
      </trkpt>
      <trkpt lat="61.836089361459017" lon="-6.853756159543991">
        <ele>78.180000000000007</ele>
        <time>2020-07-26T09:58:03Z</time>
      </trkpt>
      <trkpt lat="61.836101850494742" lon="-6.853523645550013">
        <ele>78.170000000000002</ele>
        <time>2020-07-26T09:57:57Z</time>
      </trkpt>
      <trkpt lat="61.836114590987563" lon="-6.853295909240842">
        <ele>78.069999999999993</ele>
        <time>2020-07-26T09:57:51Z</time>
      </trkpt>
      <trkpt lat="61.836107969284058" lon="-6.853029783815146">
        <ele>78.780000000000001</ele>
        <time>2020-07-26T09:57:44Z</time>
      </trkpt>
      <trkpt lat="61.836078548803926" lon="-6.852759048342705">
        <ele>77.75</ele>
        <time>2020-07-26T09:57:37Z</time>
      </trkpt>
      <trkpt lat="61.836064299568534" lon="-6.852538520470262">
        <ele>78.329999999999998</ele>
        <time>2020-07-26T09:57:31Z</time>
      </trkpt>
      <trkpt lat="61.836049715057015" lon="-6.852250685915351">
        <ele>79.840000000000003</ele>
        <time>2020-07-26T09:57:23Z</time>
      </trkpt>
      <trkpt lat="61.836032615974545" lon="-6.852066703140736">
        <ele>79.540000000000006</ele>
        <time>2020-07-26T09:57:18Z</time>
      </trkpt>
      <trkpt lat="61.836000932380557" lon="-6.851866375654936">
        <ele>81.140000000000001</ele>
        <time>2020-07-26T09:57:12Z</time>
      </trkpt>
      <trkpt lat="61.835977882146835" lon="-6.851665880531073">
        <ele>80.879999999999995</ele>
        <time>2020-07-26T09:57:06Z</time>
      </trkpt>
      <trkpt lat="61.835943683981895" lon="-6.851478461176157">
        <ele>80.480000000000004</ele>
        <time>2020-07-26T09:57:00Z</time>
      </trkpt>
      <trkpt lat="61.835886519402266" lon="-6.85127092525363">
        <ele>82.519999999999996</ele>
        <time>2020-07-26T09:56:53Z</time>
      </trkpt>
      <trkpt lat="61.835835389792919" lon="-6.851083589717746">
        <ele>83.030000000000001</ele>
        <time>2020-07-26T09:56:47Z</time>
      </trkpt>
      <trkpt lat="61.835784008726478" lon="-6.850885525345802">
        <ele>83.879999999999995</ele>
        <time>2020-07-26T09:56:41Z</time>
      </trkpt>
      <trkpt lat="61.835714438930154" lon="-6.850648652762175">
        <ele>80.540000000000006</ele>
        <time>2020-07-26T09:56:34Z</time>
      </trkpt>
      <trkpt lat="61.835643276572227" lon="-6.850457796826959">
        <ele>82.040000000000006</ele>
        <time>2020-07-26T09:56:28Z</time>
      </trkpt>
      <trkpt lat="61.835579322651029" lon="-6.850251518189907">
        <ele>80.890000000000001</ele>
        <time>2020-07-26T09:56:22Z</time>
      </trkpt>
      <trkpt lat="61.835520314052701" lon="-6.850028475746512">
        <ele>79.579999999999998</ele>
        <time>2020-07-26T09:56:16Z</time>
      </trkpt>
      <trkpt lat="61.835469687357545" lon="-6.849770061671734">
        <ele>78.709999999999994</ele>
        <time>2020-07-26T09:56:09Z</time>
      </trkpt>
      <trkpt lat="61.835436746478081" lon="-6.849525896832347">
        <ele>77.489999999999995</ele>
        <time>2020-07-26T09:56:03Z</time>
      </trkpt>
      <trkpt lat="61.83540933765471" lon="-6.849285755306482">
        <ele>75.409999999999997</ele>
        <time>2020-07-26T09:55:57Z</time>
      </trkpt>
      <trkpt lat="61.835383186116815" lon="-6.849062796682119">
        <ele>76.480000000000004</ele>
        <time>2020-07-26T09:55:51Z</time>
      </trkpt>
      <trkpt lat="61.835361393168569" lon="-6.848864061757922">
        <ele>74.849999999999994</ele>
        <time>2020-07-26T09:55:45Z</time>
      </trkpt>
      <trkpt lat="61.835334822535515" lon="-6.848665745928884">
        <ele>75</ele>
        <time>2020-07-26T09:55:39Z</time>
      </trkpt>
      <trkpt lat="61.835294337943196" lon="-6.848472626879811">
        <ele>74.879999999999995</ele>
        <time>2020-07-26T09:55:33Z</time>
      </trkpt>
      <trkpt lat="61.835248321294785" lon="-6.848266012966633">
        <ele>73.810000000000002</ele>
        <time>2020-07-26T09:55:27Z</time>
      </trkpt>
      <trkpt lat="61.835197024047375" lon="-6.84806065633893">
        <ele>73.019999999999996</ele>
        <time>2020-07-26T09:55:21Z</time>
      </trkpt>
      <trkpt lat="61.835144385695457" lon="-6.847832668572664">
        <ele>73.530000000000001</ele>
        <time>2020-07-26T09:55:15Z</time>
      </trkpt>
      <trkpt lat="61.835081940516829" lon="-6.847637370228767">
        <ele>72.019999999999996</ele>
        <time>2020-07-26T09:55:09Z</time>
      </trkpt>
      <trkpt lat="61.835038689896464" lon="-6.847398318350315">
        <ele>73.480000000000004</ele>
        <time>2020-07-26T09:55:03Z</time>
      </trkpt>
      <trkpt lat="61.835007090121508" lon="-6.847159266471863">
        <ele>71.269999999999996</ele>
        <time>2020-07-26T09:54:56Z</time>
      </trkpt>
      <trkpt lat="61.83498571626842" lon="-6.846845783293247">
        <ele>72.390000000000001</ele>
        <time>2020-07-26T09:54:48Z</time>
      </trkpt>
      <trkpt lat="61.834999043494463" lon="-6.846571275964379">
        <ele>70.799999999999997</ele>
        <time>2020-07-26T09:54:41Z</time>
      </trkpt>
      <trkpt lat="61.834981944411993" lon="-6.846324261277914">
        <ele>71.359999999999999</ele>
        <time>2020-07-26T09:54:34Z</time>
      </trkpt>
      <trkpt lat="61.834901310503483" lon="-6.846106247976422">
        <ele>69.680000000000007</ele>
        <time>2020-07-26T09:54:26Z</time>
      </trkpt>
      <trkpt lat="61.834858814254403" lon="-6.845930479466915">
        <ele>71.950000000000003</ele>
        <time>2020-07-26T09:54:19Z</time>
      </trkpt>
      <trkpt lat="61.834838781505823" lon="-6.845671478658915">
        <ele>71.469999999999999</ele>
        <time>2020-07-26T09:54:10Z</time>
      </trkpt>
      <trkpt lat="61.834851857274771" lon="-6.845391523092985">
        <ele>71.349999999999994</ele>
        <time>2020-07-26T09:54:02Z</time>
      </trkpt>
      <trkpt lat="61.834830148145556" lon="-6.845117853954434">
        <ele>72.060000000000002</ele>
        <time>2020-07-26T09:53:54Z</time>
      </trkpt>
      <trkpt lat="61.834823023527861" lon="-6.844828426837921">
        <ele>70.209999999999994</ele>
        <time>2020-07-26T09:53:45Z</time>
      </trkpt>
      <trkpt lat="61.834814473986626" lon="-6.844497341662645">
        <ele>69.700000000000003</ele>
        <time>2020-07-26T09:53:34Z</time>
      </trkpt>
      <trkpt lat="61.834818497300148" lon="-6.844189139083028">
        <ele>70.329999999999998</ele>
        <time>2020-07-26T09:53:24Z</time>
      </trkpt>
      <trkpt lat="61.834822185337543" lon="-6.84387506917119">
        <ele>67.870000000000005</ele>
        <time>2020-07-26T09:53:13Z</time>
      </trkpt>
      <trkpt lat="61.83483274653554" lon="-6.843650015071034">
        <ele>67.260000000000005</ele>
        <time>2020-07-26T09:53:06Z</time>
      </trkpt>
      <trkpt lat="61.834855461493134" lon="-6.84343820437789">
        <ele>66.780000000000001</ele>
        <time>2020-07-26T09:52:59Z</time>
      </trkpt>
      <trkpt lat="61.834857137873769" lon="-6.84323888272047">
        <ele>67.079999999999998</ele>
        <time>2020-07-26T09:52:52Z</time>
      </trkpt>
      <trkpt lat="61.834877254441381" lon="-6.843022294342518">
        <ele>70.650000000000006</ele>
        <time>2020-07-26T09:52:45Z</time>
      </trkpt>
      <trkpt lat="61.834947075694799" lon="-6.842860691249371">
        <ele>68.650000000000006</ele>
        <time>2020-07-26T09:52:27Z</time>
      </trkpt>
      <trkpt lat="61.834991918876767" lon="-6.842680312693119">
        <ele>67.519999999999996</ele>
        <time>2020-07-26T09:52:21Z</time>
      </trkpt>
      <trkpt lat="61.835045060142875" lon="-6.842459533363581">
        <ele>68.319999999999993</ele>
        <time>2020-07-26T09:52:15Z</time>
      </trkpt>
      <trkpt lat="61.835078084841371" lon="-6.842249231413007">
        <ele>72.969999999999999</ele>
        <time>2020-07-26T09:52:09Z</time>
      </trkpt>
      <trkpt lat="61.83509367518127" lon="-6.842038510367274">
        <ele>69.370000000000005</ele>
        <time>2020-07-26T09:52:03Z</time>
      </trkpt>
      <trkpt lat="61.835114462301135" lon="-6.841823766008019">
        <ele>67.530000000000001</ele>
        <time>2020-07-26T09:51:57Z</time>
      </trkpt>
      <trkpt lat="61.835138350725174" lon="-6.841601645573974">
        <ele>64.719999999999999</ele>
        <time>2020-07-26T09:51:51Z</time>
      </trkpt>
      <trkpt lat="61.835161987692118" lon="-6.841364940628409">
        <ele>66.209999999999994</ele>
        <time>2020-07-26T09:51:45Z</time>
      </trkpt>
      <trkpt lat="61.835177158936858" lon="-6.841125888749957">
        <ele>69.519999999999996</ele>
        <time>2020-07-26T09:51:39Z</time>
      </trkpt>
      <trkpt lat="61.835189983248711" lon="-6.84088951908052">
        <ele>68.120000000000005</ele>
        <time>2020-07-26T09:51:33Z</time>
      </trkpt>
      <trkpt lat="61.835201969370246" lon="-6.840659938752651">
        <ele>63.770000000000003</ele>
        <time>2020-07-26T09:51:27Z</time>
      </trkpt>
      <trkpt lat="61.835210686549544" lon="-6.840437483042479">
        <ele>62.119999999999997</ele>
        <time>2020-07-26T09:51:21Z</time>
      </trkpt>
      <trkpt lat="61.835228120908141" lon="-6.840224331244826">
        <ele>63.469999999999999</ele>
        <time>2020-07-26T09:51:15Z</time>
      </trkpt>
      <trkpt lat="61.835239352658391" lon="-6.839992990717292">
        <ele>63.5</ele>
        <time>2020-07-26T09:51:09Z</time>
      </trkpt>
      <trkpt lat="61.835254775360227" lon="-6.839761231094599">
        <ele>63.359999999999999</ele>
        <time>2020-07-26T09:51:03Z</time>
      </trkpt>
      <trkpt lat="61.835276652127504" lon="-6.8395418766886">
        <ele>62.969999999999999</ele>
        <time>2020-07-26T09:50:57Z</time>
      </trkpt>
      <trkpt lat="61.835293583571911" lon="-6.839337106794119">
        <ele>61.25</ele>
        <time>2020-07-26T09:50:51Z</time>
      </trkpt>
      <trkpt lat="61.835310095921159" lon="-6.839118339121342">
        <ele>58</ele>
        <time>2020-07-26T09:50:45Z</time>
      </trkpt>
      <trkpt lat="61.835326524451375" lon="-6.838925974443555">
        <ele>57.43</ele>
        <time>2020-07-26T09:50:40Z</time>
      </trkpt>
      <trkpt lat="61.835356531664729" lon="-6.838708212599158">
        <ele>56.770000000000003</ele>
        <time>2020-07-26T09:50:34Z</time>
      </trkpt>
      <trkpt lat="61.835386790335178" lon="-6.838506460189819">
        <ele>54.649999999999999</ele>
        <time>2020-07-26T09:50:28Z</time>
      </trkpt>
      <trkpt lat="61.835420820862055" lon="-6.838288698345423">
        <ele>53.350000000000001</ele>
        <time>2020-07-26T09:50:22Z</time>
      </trkpt>
      <trkpt lat="61.835449151694775" lon="-6.83806230314076">
        <ele>53.82</ele>
        <time>2020-07-26T09:50:16Z</time>
      </trkpt>
      <trkpt lat="61.835480583831668" lon="-6.837858790531755">
        <ele>53.18</ele>
        <time>2020-07-26T09:50:10Z</time>
      </trkpt>
      <trkpt lat="61.83550707064569" lon="-6.83764111250639">
        <ele>53.009999999999998</ele>
        <time>2020-07-26T09:50:04Z</time>
      </trkpt>
      <trkpt lat="61.835539089515805" lon="-6.837429720908403">
        <ele>51.520000000000003</ele>
        <time>2020-07-26T09:49:58Z</time>
      </trkpt>
      <trkpt lat="61.83557303622365" lon="-6.837223274633288">
        <ele>51.520000000000003</ele>
        <time>2020-07-26T09:49:52Z</time>
      </trkpt>
      <trkpt lat="61.83560186997056" lon="-6.837036274373531">
        <ele>47.899999999999999</ele>
        <time>2020-07-26T09:49:46Z</time>
      </trkpt>
      <trkpt lat="61.835628943517804" lon="-6.836837455630302">
        <ele>46.579999999999998</ele>
        <time>2020-07-26T09:49:40Z</time>
      </trkpt>
      <trkpt lat="61.835660375654697" lon="-6.836647940799594">
        <ele>45.57</ele>
        <time>2020-07-26T09:49:34Z</time>
      </trkpt>
      <trkpt lat="61.835682755336165" lon="-6.836462449282408">
        <ele>46.439999999999998</ele>
        <time>2020-07-26T09:49:28Z</time>
      </trkpt>
      <trkpt lat="61.835711672902107" lon="-6.836253572255373">
        <ele>45.609999999999999</ele>
        <time>2020-07-26T09:49:22Z</time>
      </trkpt>
      <trkpt lat="61.835744027048349" lon="-6.836055004969239">
        <ele>44.539999999999999</ele>
        <time>2020-07-26T09:49:16Z</time>
      </trkpt>
      <trkpt lat="61.835772441700101" lon="-6.835845792666078">
        <ele>43.979999999999997</ele>
        <time>2020-07-26T09:49:10Z</time>
      </trkpt>
      <trkpt lat="61.835807142779231" lon="-6.835649907588959">
        <ele>42.390000000000001</ele>
        <time>2020-07-26T09:49:05Z</time>
      </trkpt>
      <trkpt lat="61.835841676220298" lon="-6.835431223735213">
        <ele>44.380000000000003</ele>
        <time>2020-07-26T09:48:59Z</time>
      </trkpt>
      <trkpt lat="61.835876712575555" lon="-6.835246989503503">
        <ele>43.939999999999998</ele>
        <time>2020-07-26T09:48:54Z</time>
      </trkpt>
      <trkpt lat="61.83594586327672" lon="-6.835075747221708">
        <ele>43.039999999999999</ele>
        <time>2020-07-26T09:48:48Z</time>
      </trkpt>
      <trkpt lat="61.836045943200588" lon="-6.835025874897838">
        <ele>39.299999999999997</ele>
        <time>2020-07-26T09:48:42Z</time>
      </trkpt>
      <trkpt lat="61.836110986769199" lon="-6.834883717820048">
        <ele>38.939999999999998</ele>
        <time>2020-07-26T09:48:35Z</time>
      </trkpt>
      <trkpt lat="61.836030101403594" lon="-6.834754720330238">
        <ele>36.859999999999999</ele>
        <time>2020-07-26T09:48:28Z</time>
      </trkpt>
      <trkpt lat="61.83593119494617" lon="-6.83469663374126">
        <ele>36.359999999999999</ele>
        <time>2020-07-26T09:48:21Z</time>
      </trkpt>
      <trkpt lat="61.835836647078395" lon="-6.834637122228742">
        <ele>39.060000000000002</ele>
        <time>2020-07-26T09:48:14Z</time>
      </trkpt>
      <trkpt lat="61.835752408951521" lon="-6.834546849131584">
        <ele>37.75</ele>
        <time>2020-07-26T09:48:07Z</time>
      </trkpt>
      <trkpt lat="61.83579440228641" lon="-6.834382312372327">
        <ele>35.689999999999998</ele>
        <time>2020-07-26T09:48:01Z</time>
      </trkpt>
      <trkpt lat="61.835889117792249" lon="-6.834295559674501">
        <ele>33.82</ele>
        <time>2020-07-26T09:47:56Z</time>
      </trkpt>
      <trkpt lat="61.835977043956518" lon="-6.834232108667493">
        <ele>32.57</ele>
        <time>2020-07-26T09:47:51Z</time>
      </trkpt>
      <trkpt lat="61.836073268204927" lon="-6.834148960188031">
        <ele>31.760000000000002</ele>
        <time>2020-07-26T09:47:45Z</time>
      </trkpt>
      <trkpt lat="61.836167648434639" lon="-6.834070924669504">
        <ele>31.640000000000001</ele>
        <time>2020-07-26T09:47:40Z</time>
      </trkpt>
      <trkpt lat="61.836267979815602" lon="-6.833987357094884">
        <ele>30.579999999999998</ele>
        <time>2020-07-26T09:47:34Z</time>
      </trkpt>
      <trkpt lat="61.836373172700405" lon="-6.833939915522933">
        <ele>26.539999999999999</ele>
        <time>2020-07-26T09:47:28Z</time>
      </trkpt>
      <trkpt lat="61.836468391120434" lon="-6.833900352939963">
        <ele>26.879999999999999</ele>
        <time>2020-07-26T09:47:23Z</time>
      </trkpt>
      <trkpt lat="61.836561262607574" lon="-6.833859365433455">
        <ele>26.620000000000001</ele>
        <time>2020-07-26T09:47:18Z</time>
      </trkpt>
      <trkpt lat="61.836667126044631" lon="-6.833818377926946">
        <ele>25.309999999999999</ele>
        <time>2020-07-26T09:47:12Z</time>
      </trkpt>
      <trkpt lat="61.836781203746796" lon="-6.833752831444144">
        <ele>22.989999999999998</ele>
        <time>2020-07-26T09:47:05Z</time>
      </trkpt>
      <trkpt lat="61.836762009188533" lon="-6.833440102636814">
        <ele>25.030000000000001</ele>
        <time>2020-07-26T09:46:48Z</time>
      </trkpt>
      <trkpt lat="61.836243839934468" lon="-6.832603421062231">
        <ele>15.49</ele>
        <time>2020-07-26T09:46:03Z</time>
      </trkpt>
      <trkpt lat="61.836228081956506" lon="-6.830194629728794">
        <ele>19.780000000000001</ele>
        <time>2020-07-26T09:44:55Z</time>
      </trkpt>
      <trkpt lat="61.836300753057003" lon="-6.829806296154857">
        <ele>19.420000000000002</ele>
        <time>2020-07-26T09:44:43Z</time>
      </trkpt>
      <trkpt lat="61.836363868787885" lon="-6.829666653648019">
        <ele>19.09</ele>
        <time>2020-07-26T09:44:37Z</time>
      </trkpt>
      <trkpt lat="61.836472749710083" lon="-6.829536901786923">
        <ele>18.440000000000001</ele>
        <time>2020-07-26T09:44:29Z</time>
      </trkpt>
      <trkpt lat="61.836576601490378" lon="-6.829483844339848">
        <ele>21.23</ele>
        <time>2020-07-26T09:44:23Z</time>
      </trkpt>
      <trkpt lat="61.836671065539122" lon="-6.829481916502118">
        <ele>22.079999999999998</ele>
        <time>2020-07-26T09:44:18Z</time>
      </trkpt>
      <trkpt lat="61.836782125756145" lon="-6.829469930380583">
        <ele>20.379999999999999</ele>
        <time>2020-07-26T09:44:12Z</time>
      </trkpt>
      <trkpt lat="61.836785646155477" lon="-6.82906567119062">
        <ele>24.640000000000001</ele>
        <time>2020-07-26T09:43:57Z</time>
      </trkpt>
      <trkpt lat="61.836704593151808" lon="-6.828944971784949">
        <ele>24.32</ele>
        <time>2020-07-26T09:43:51Z</time>
      </trkpt>
      <trkpt lat="61.836612392216921" lon="-6.828893758356571">
        <ele>24.670000000000002</ele>
        <time>2020-07-26T09:43:46Z</time>
      </trkpt>
      <trkpt lat="61.8365185149014" lon="-6.8288629129529">
        <ele>25.620000000000001</ele>
        <time>2020-07-26T09:43:41Z</time>
      </trkpt>
      <trkpt lat="61.836400749161839" lon="-6.828827289864421">
        <ele>26.100000000000001</ele>
        <time>2020-07-26T09:43:35Z</time>
      </trkpt>
      <trkpt lat="61.836306788027287" lon="-6.828792002052069">
        <ele>27.239999999999998</ele>
        <time>2020-07-26T09:43:30Z</time>
      </trkpt>
      <trkpt lat="61.83618382550776" lon="-6.828731400892139">
        <ele>29.23</ele>
        <time>2020-07-26T09:43:23Z</time>
      </trkpt>
      <trkpt lat="61.836081482470036" lon="-6.828684881329536">
        <ele>30.390000000000001</ele>
        <time>2020-07-26T09:43:17Z</time>
      </trkpt>
      <trkpt lat="61.835984168574214" lon="-6.828607935458422">
        <ele>33.630000000000003</ele>
        <time>2020-07-26T09:43:11Z</time>
      </trkpt>
      <trkpt lat="61.835915520787239" lon="-6.828442141413689">
        <ele>27.07</ele>
        <time>2020-07-26T09:42:58Z</time>
      </trkpt>
      <trkpt lat="61.835873443633318" lon="-6.828269809484482">
        <ele>30.82</ele>
        <time>2020-07-26T09:42:48Z</time>
      </trkpt>
      <trkpt lat="61.835846118628979" lon="-6.828092113137245">
        <ele>28.600000000000001</ele>
        <time>2020-07-26T09:42:42Z</time>
      </trkpt>
      <trkpt lat="61.835803790017962" lon="-6.827891366556287">
        <ele>30.879999999999999</ele>
        <time>2020-07-26T09:42:36Z</time>
      </trkpt>
      <trkpt lat="61.835753750056028" lon="-6.827723141759634">
        <ele>31.32</ele>
        <time>2020-07-26T09:42:30Z</time>
      </trkpt>
      <trkpt lat="61.835720809176564" lon="-6.827521724626422">
        <ele>31.530000000000001</ele>
        <time>2020-07-26T09:42:24Z</time>
      </trkpt>
      <trkpt lat="61.835689544677734" lon="-6.827287198975682">
        <ele>30.800000000000001</ele>
        <time>2020-07-26T09:42:18Z</time>
      </trkpt>
      <trkpt lat="61.835664818063378" lon="-6.827090894803405">
        <ele>33.270000000000003</ele>
        <time>2020-07-26T09:42:12Z</time>
      </trkpt>
      <trkpt lat="61.835654675960541" lon="-6.82690205052495">
        <ele>32.670000000000002</ele>
        <time>2020-07-26T09:42:06Z</time>
      </trkpt>
      <trkpt lat="61.835648808628321" lon="-6.826674481853843">
        <ele>35.299999999999997</ele>
        <time>2020-07-26T09:42:00Z</time>
      </trkpt>
      <trkpt lat="61.835681581869721" lon="-6.826479602605104">
        <ele>34.990000000000002</ele>
        <time>2020-07-26T09:41:54Z</time>
      </trkpt>
      <trkpt lat="61.835720892995596" lon="-6.826282879337668">
        <ele>35.700000000000003</ele>
        <time>2020-07-26T09:41:48Z</time>
      </trkpt>
      <trkpt lat="61.835750816389918" lon="-6.826058495789766">
        <ele>36.560000000000002</ele>
        <time>2020-07-26T09:41:42Z</time>
      </trkpt>
      <trkpt lat="61.835716534405947" lon="-6.825777618214488">
        <ele>38.240000000000002</ele>
        <time>2020-07-26T09:41:35Z</time>
      </trkpt>
      <trkpt lat="61.835668254643679" lon="-6.825569411739707">
        <ele>38.700000000000003</ele>
        <time>2020-07-26T09:41:29Z</time>
      </trkpt>
      <trkpt lat="61.835628943517804" lon="-6.825360702350736">
        <ele>40.670000000000002</ele>
        <time>2020-07-26T09:41:22Z</time>
      </trkpt>
      <trkpt lat="61.835587034001946" lon="-6.825135229155421">
        <ele>42.039999999999999</ele>
        <time>2020-07-26T09:41:16Z</time>
      </trkpt>
      <trkpt lat="61.835518218576908" lon="-6.824931213632226">
        <ele>39.75</ele>
        <time>2020-07-26T09:41:10Z</time>
      </trkpt>
      <trkpt lat="61.835485529154539" lon="-6.824721833691001">
        <ele>41.950000000000003</ele>
        <time>2020-07-26T09:41:04Z</time>
      </trkpt>
      <trkpt lat="61.835444122552872" lon="-6.824517566710711">
        <ele>40.43</ele>
        <time>2020-07-26T09:40:58Z</time>
      </trkpt>
      <trkpt lat="61.83540053665638" lon="-6.824297541752458">
        <ele>39.539999999999999</ele>
        <time>2020-07-26T09:40:52Z</time>
      </trkpt>
      <trkpt lat="61.835369942709804" lon="-6.824093442410231">
        <ele>42.299999999999997</ele>
        <time>2020-07-26T09:40:46Z</time>
      </trkpt>
      <trkpt lat="61.835359213873744" lon="-6.82385791093111">
        <ele>44.170000000000002</ele>
        <time>2020-07-26T09:40:39Z</time>
      </trkpt>
      <trkpt lat="61.835361812263727" lon="-6.823633527383208">
        <ele>45.219999999999999</ele>
        <time>2020-07-26T09:40:33Z</time>
      </trkpt>
      <trkpt lat="61.835511345416307" lon="-6.823117369785905">
        <ele>43.979999999999997</ele>
        <time>2020-07-26T09:36:32Z</time>
      </trkpt>
      <trkpt lat="61.835582256317139" lon="-6.822775891050696">
        <ele>43.630000000000003</ele>
        <time>2020-07-26T09:36:17Z</time>
      </trkpt>
      <trkpt lat="61.835624668747187" lon="-6.822572713717818">
        <ele>44.719999999999999</ele>
        <time>2020-07-26T09:36:10Z</time>
      </trkpt>
      <trkpt lat="61.83569373562932" lon="-6.822354029864073">
        <ele>45.609999999999999</ele>
        <time>2020-07-26T09:36:04Z</time>
      </trkpt>
      <trkpt lat="61.835754169151187" lon="-6.822161246091127">
        <ele>44.420000000000002</ele>
        <time>2020-07-26T09:35:57Z</time>
      </trkpt>
      <trkpt lat="61.835834132507443" lon="-6.822019005194306">
        <ele>44.520000000000003</ele>
        <time>2020-07-26T09:35:51Z</time>
      </trkpt>
      <trkpt lat="61.835934799164534" lon="-6.82191071100533">
        <ele>44.520000000000003</ele>
        <time>2020-07-26T09:35:45Z</time>
      </trkpt>
      <trkpt lat="61.836034208536148" lon="-6.8218017462641">
        <ele>45.030000000000001</ele>
        <time>2020-07-26T09:35:39Z</time>
      </trkpt>
      <trkpt lat="61.836130600422621" lon="-6.821710299700499">
        <ele>44.32</ele>
        <time>2020-07-26T09:35:32Z</time>
      </trkpt>
      <trkpt lat="61.836200337857008" lon="-6.821591695770621">
        <ele>43.979999999999997</ele>
        <time>2020-07-26T09:35:25Z</time>
      </trkpt>
      <trkpt lat="61.83627569116652" lon="-6.82146898470819">
        <ele>42.789999999999999</ele>
        <time>2020-07-26T09:35:18Z</time>
      </trkpt>
      <trkpt lat="61.836363198235631" lon="-6.821304196491838">
        <ele>38.93</ele>
        <time>2020-07-26T09:35:11Z</time>
      </trkpt>
      <trkpt lat="61.836474006995559" lon="-6.821201518177986">
        <ele>40.149999999999999</ele>
        <time>2020-07-26T09:35:04Z</time>
      </trkpt>
      <trkpt lat="61.836603255942464" lon="-6.821084758266807">
        <ele>39.420000000000002</ele>
        <time>2020-07-26T09:34:54Z</time>
      </trkpt>
      <trkpt lat="61.836668802425265" lon="-6.82093245908618">
        <ele>37.439999999999998</ele>
        <time>2020-07-26T09:34:45Z</time>
      </trkpt>
      <trkpt lat="61.836741054430604" lon="-6.820398531854153">
        <ele>35.509999999999998</ele>
        <time>2020-07-26T09:34:36Z</time>
      </trkpt>
    </trkseg>
  </trk>

</gpx>