<?xml version="1.0" encoding="utf-8"?> <gpx creator="Garmin Desktop App" version="1.1" xsi:schemaLocation="http://www.topografix.com/GPX/1/1 http://www.topografix.com/GPX/1/1/gpx.xsd http://www.garmin.com/xmlschemas/WaypointExtension/v1 http://www8.garmin.com/xmlschemas/WaypointExtensionv1.xsd http://www.garmin.com/xmlschemas/TrackPointExtension/v1 http://www.garmin.com/xmlschemas/TrackPointExtensionv1.xsd http://www.garmin.com/xmlschemas/GpxExtensions/v3 http://www8.garmin.com/xmlschemas/GpxExtensionsv3.xsd http://www.garmin.com/xmlschemas/ActivityExtension/v1 http://www8.garmin.com/xmlschemas/ActivityExtensionv1.xsd http://www.garmin.com/xmlschemas/AdventuresExtensions/v1 http://www8.garmin.com/xmlschemas/AdventuresExtensionv1.xsd http://www.garmin.com/xmlschemas/PressureExtension/v1 http://www.garmin.com/xmlschemas/PressureExtensionv1.xsd http://www.garmin.com/xmlschemas/TripExtensions/v1 http://www.garmin.com/xmlschemas/TripExtensionsv1.xsd http://www.garmin.com/xmlschemas/TripMetaDataExtensions/v1 http://www.garmin.com/xmlschemas/TripMetaDataExtensionsv1.xsd http://www.garmin.com/xmlschemas/ViaPointTransportationModeExtensions/v1 http://www.garmin.com/xmlschemas/ViaPointTransportationModeExtensionsv1.xsd http://www.garmin.com/xmlschemas/CreationTimeExtension/v1 http://www.garmin.com/xmlschemas/CreationTimeExtensionsv1.xsd http://www.garmin.com/xmlschemas/AccelerationExtension/v1 http://www.garmin.com/xmlschemas/AccelerationExtensionv1.xsd http://www.garmin.com/xmlschemas/PowerExtension/v1 http://www.garmin.com/xmlschemas/PowerExtensionv1.xsd http://www.garmin.com/xmlschemas/VideoExtension/v1 http://www.garmin.com/xmlschemas/VideoExtensionv1.xsd" xmlns="http://www.topografix.com/GPX/1/1" xmlns:xsi="http://www.w3.org/2001/XMLSchema-instance" xmlns:wptx1="http://www.garmin.com/xmlschemas/WaypointExtension/v1" xmlns:gpxtrx="http://www.garmin.com/xmlschemas/GpxExtensions/v3" xmlns:gpxtpx="http://www.garmin.com/xmlschemas/TrackPointExtension/v1" xmlns:gpxx="http://www.garmin.com/xmlschemas/GpxExtensions/v3" xmlns:trp="http://www.garmin.com/xmlschemas/TripExtensions/v1" xmlns:adv="http://www.garmin.com/xmlschemas/AdventuresExtensions/v1" xmlns:prs="http://www.garmin.com/xmlschemas/PressureExtension/v1" xmlns:tmd="http://www.garmin.com/xmlschemas/TripMetaDataExtensions/v1" xmlns:vptm="http://www.garmin.com/xmlschemas/ViaPointTransportationModeExtensions/v1" xmlns:ctx="http://www.garmin.com/xmlschemas/CreationTimeExtension/v1" xmlns:gpxacc="http://www.garmin.com/xmlschemas/AccelerationExtension/v1" xmlns:gpxpx="http://www.garmin.com/xmlschemas/PowerExtension/v1" xmlns:vidx1="http://www.garmin.com/xmlschemas/VideoExtension/v1">

 <metadata>
 <link href="http://www.garmin.com">
 <text>Garmin International</text>
 </link>
 <time>2021-01-27T13:53:12Z</time>
 <bounds maxlat="61.818543020635843" maxlon="-6.656210878863931" minlat="61.782895205542445" minlon="-6.747891213744879" />
 </metadata>

 <wpt lat="61.807199958711863" lon="-6.742123961448669">
 <ele>192.21264600000001</ele>
 <time>2020-07-29T10:06:15Z</time>
 <name>WP1 06_SD</name>
 <sym>Flag, Blue</sym>
 <type>user</type>
 <extensions>
 <gpxx:WaypointExtension>
 <gpxx:DisplayMode>SymbolAndName</gpxx:DisplayMode>
 </gpxx:WaypointExtension>
 <wptx1:WaypointExtension>
 <wptx1:DisplayMode>SymbolAndName</wptx1:DisplayMode>
 </wptx1:WaypointExtension>
 <ctx:CreationTimeExtension>
 <ctx:CreationTime>2020-07-29T10:06:15Z</ctx:CreationTime>
 </ctx:CreationTimeExtension>
 </extensions>
 </wpt>

 <wpt lat="61.794110024347901" lon="-6.747470023110509">
 <ele>18.558823</ele>
 <time>2020-07-29T10:47:35Z</time>
 <name>WP2 11_SD</name>
 <sym>Flag, Blue</sym>
 <type>user</type>
 <extensions>
 <gpxx:WaypointExtension>
 <gpxx:DisplayMode>SymbolAndName</gpxx:DisplayMode>
 </gpxx:WaypointExtension>
 <wptx1:WaypointExtension>
 <wptx1:DisplayMode>SymbolAndName</wptx1:DisplayMode>
 </wptx1:WaypointExtension>
 <ctx:CreationTimeExtension>
 <ctx:CreationTime>2020-07-29T10:47:35Z</ctx:CreationTime>
 </ctx:CreationTimeExtension>
 </extensions>
 </wpt>

 <wpt lat="61.787008037790656" lon="-6.717194002121687">
 <ele>288.975281</ele>
 <time>2020-07-29T11:34:42Z</time>
 <name>WP3 16_SD</name>
 <sym>Flag, Blue</sym>
 <type>user</type>
 <extensions>
 <gpxx:WaypointExtension>
 <gpxx:DisplayMode>SymbolAndName</gpxx:DisplayMode>
 </gpxx:WaypointExtension>
 <wptx1:WaypointExtension>
 <wptx1:DisplayMode>SymbolAndName</wptx1:DisplayMode>
 </wptx1:WaypointExtension>
 <ctx:CreationTimeExtension>
 <ctx:CreationTime>2020-07-29T11:34:42Z</ctx:CreationTime>
 </ctx:CreationTimeExtension>
 </extensions>
 </wpt>

 <wpt lat="61.784253995865583" lon="-6.690707020461559">
 <ele>122.118263</ele>
 <time>2020-07-29T12:01:46Z</time>
 <name>WP4 20_SD</name>
 <sym>Flag, Blue</sym>
 <type>user</type>
 <extensions>
 <gpxx:WaypointExtension>
 <gpxx:DisplayMode>SymbolAndName</gpxx:DisplayMode>
 </gpxx:WaypointExtension>
 <wptx1:WaypointExtension>
 <wptx1:DisplayMode>SymbolAndName</wptx1:DisplayMode>
 </wptx1:WaypointExtension>
 <ctx:CreationTimeExtension>
 <ctx:CreationTime>2020-07-29T12:01:46Z</ctx:CreationTime>
 </ctx:CreationTimeExtension>
 </extensions>
 </wpt>

 <wpt lat="61.784619027748704" lon="-6.676439009606838">
 <ele>1.800445</ele>
 <time>2020-07-29T12:23:27Z</time>
 <name>WP5 23_SD</name>
 <sym>Flag, Blue</sym>
 <type>user</type>
 <extensions>
 <gpxx:WaypointExtension>
 <gpxx:DisplayMode>SymbolAndName</gpxx:DisplayMode>
 </gpxx:WaypointExtension>
 <wptx1:WaypointExtension>
 <wptx1:DisplayMode>SymbolAndName</wptx1:DisplayMode>
 </wptx1:WaypointExtension>
 <ctx:CreationTimeExtension>
 <ctx:CreationTime>2020-07-29T12:23:27Z</ctx:CreationTime>
 </ctx:CreationTimeExtension>
 </extensions>
 </wpt>

 <wpt lat="61.796743031591177" lon="-6.658113989979029">
 <ele>76.492278999999996</ele>
 <time>2020-07-29T12:56:10Z</time>
 <name>WP6 25_SD</name>
 <sym>Flag, Blue</sym>
 <type>user</type>
 <extensions>
 <gpxx:WaypointExtension>
 <gpxx:DisplayMode>SymbolAndName</gpxx:DisplayMode>
 </gpxx:WaypointExtension>
 <wptx1:WaypointExtension>
 <wptx1:DisplayMode>SymbolAndName</wptx1:DisplayMode>
 </wptx1:WaypointExtension>
 <ctx:CreationTimeExtension>
 <ctx:CreationTime>2020-07-29T12:56:10Z</ctx:CreationTime>
 </ctx:CreationTimeExtension>
 </extensions>
 </wpt>

 <wpt lat="61.809135004878044" lon="-6.678651999682188">
 <ele>0.301124</ele>
 <time>2020-07-29T13:21:32Z</time>
 <name>WP7 27_SD</name>
 <sym>Flag, Blue</sym>
 <type>user</type>
 <extensions>
 <gpxx:WaypointExtension>
 <gpxx:DisplayMode>SymbolAndName</gpxx:DisplayMode>
 </gpxx:WaypointExtension>
 <wptx1:WaypointExtension>
 <wptx1:DisplayMode>SymbolAndName</wptx1:DisplayMode>
 </wptx1:WaypointExtension>
 <ctx:CreationTimeExtension>
 <ctx:CreationTime>2020-07-29T13:21:32Z</ctx:CreationTime>
 </ctx:CreationTimeExtension>
 </extensions>
 </wpt>

 <trk>
 <name>22 Wanderung Gudrunarløkur Skarvanes Dalur CS</name>
 <extensions>
 <gpxx:TrackExtension>
 <gpxx:DisplayColor>Blue</gpxx:DisplayColor>
 </gpxx:TrackExtension>
 </extensions>
 <trkseg>
 <trkpt lat="61.818530615419149" lon="-6.718450114130974">
 <ele>55.219999999999999</ele>
 <time>2020-07-29T09:38:13Z</time>
 </trkpt>
 <trkpt lat="61.818424416705966" lon="-6.718479115515947">
 <ele>54.479999999999997</ele>
 <time>2020-07-29T09:38:46Z</time>
 </trkpt>
 <trkpt lat="61.818332551047206" lon="-6.718509122729302">
 <ele>54.270000000000003</ele>
 <time>2020-07-29T09:38:52Z</time>
 </trkpt>
 <trkpt lat="61.818242277950048" lon="-6.71853250823915">
 <ele>54.149999999999999</ele>
 <time>2020-07-29T09:38:59Z</time>
 </trkpt>
 <trkpt lat="61.818158542737365" lon="-6.718576261773706">
 <ele>54.780000000000001</ele>
 <time>2020-07-29T09:39:51Z</time>
 </trkpt>
 <trkpt lat="61.81805913336575" lon="-6.718542901799083">
 <ele>55.619999999999997</ele>
 <time>2020-07-29T09:40:00Z</time>
 </trkpt>
 <trkpt lat="61.817941954359412" lon="-6.71851004473865">
 <ele>56</ele>
 <time>2020-07-29T09:40:08Z</time>
 </trkpt>
 <trkpt lat="61.817854782566428" lon="-6.718507446348667">
 <ele>54.780000000000001</ele>
 <time>2020-07-29T09:40:15Z</time>
 </trkpt>
 <trkpt lat="61.817772807553411" lon="-6.718647088855505">
 <ele>54.939999999999998</ele>
 <time>2020-07-29T09:40:24Z</time>
 </trkpt>
 <trkpt lat="61.817680187523365" lon="-6.718687154352665">
 <ele>55.780000000000001</ele>
 <time>2020-07-29T09:40:32Z</time>
 </trkpt>
 <trkpt lat="61.817606510594487" lon="-6.718807183206081">
 <ele>55.710000000000001</ele>
 <time>2020-07-29T09:40:40Z</time>
 </trkpt>
 <trkpt lat="61.817543897777796" lon="-6.718956213444471">
 <ele>57.090000000000003</ele>
 <time>2020-07-29T09:40:49Z</time>
 </trkpt>
 <trkpt lat="61.817467035725713" lon="-6.719090407714248">
 <ele>57.289999999999999</ele>
 <time>2020-07-29T09:40:57Z</time>
 </trkpt>
 <trkpt lat="61.817391933873296" lon="-6.719222338870168">
 <ele>57.710000000000001</ele>
 <time>2020-07-29T09:41:05Z</time>
 </trkpt>
 <trkpt lat="61.817303504794836" lon="-6.719267936423421">
 <ele>58.210000000000001</ele>
 <time>2020-07-29T09:41:12Z</time>
 </trkpt>
 <trkpt lat="61.817212225869298" lon="-6.719339936971664">
 <ele>60.310000000000002</ele>
 <time>2020-07-29T09:41:21Z</time>
 </trkpt>
 <trkpt lat="61.817120611667633" lon="-6.719428114593029">
 <ele>59.689999999999998</ele>
 <time>2020-07-29T09:41:35Z</time>
 </trkpt>
 <trkpt lat="61.817035367712379" lon="-6.719552921131253">
 <ele>61.329999999999998</ele>
 <time>2020-07-29T09:41:44Z</time>
 </trkpt>
 <trkpt lat="61.816952051594853" lon="-6.719625173136592">
 <ele>60.530000000000001</ele>
 <time>2020-07-29T09:41:53Z</time>
 </trkpt>
 <trkpt lat="61.816876698285341" lon="-6.719758445397019">
 <ele>62.119999999999997</ele>
 <time>2020-07-29T09:42:01Z</time>
 </trkpt>
 <trkpt lat="61.816820371896029" lon="-6.719916025176644">
 <ele>63.740000000000002</ele>
 <time>2020-07-29T09:42:09Z</time>
 </trkpt>
 <trkpt lat="61.816766895353794" lon="-6.720081400126219">
 <ele>63.549999999999997</ele>
 <time>2020-07-29T09:42:16Z</time>
 </trkpt>
 <trkpt lat="61.816718783229589" lon="-6.720261108130217">
 <ele>64.739999999999995</ele>
 <time>2020-07-29T09:42:24Z</time>
 </trkpt>
 <trkpt lat="61.816649967804551" lon="-6.72039270401001">
 <ele>65.530000000000001</ele>
 <time>2020-07-29T09:42:31Z</time>
 </trkpt>
 <trkpt lat="61.816594060510397" lon="-6.720547685399652">
 <ele>66.260000000000005</ele>
 <time>2020-07-29T09:42:39Z</time>
 </trkpt>
 <trkpt lat="61.816528178751469" lon="-6.720707528293133">
 <ele>66.269999999999996</ele>
 <time>2020-07-29T09:42:50Z</time>
 </trkpt>
 <trkpt lat="61.816459111869335" lon="-6.720836693421006">
 <ele>67.299999999999997</ele>
 <time>2020-07-29T09:42:57Z</time>
 </trkpt>
 <trkpt lat="61.8163953255862" lon="-6.721000391989946">
 <ele>67.659999999999997</ele>
 <time>2020-07-29T09:43:06Z</time>
 </trkpt>
 <trkpt lat="61.816324833780527" lon="-6.721127210184932">
 <ele>68.409999999999997</ele>
 <time>2020-07-29T09:43:13Z</time>
 </trkpt>
 <trkpt lat="61.816250151023269" lon="-6.721289232373238">
 <ele>70.980000000000004</ele>
 <time>2020-07-29T09:43:22Z</time>
 </trkpt>
 <trkpt lat="61.816180162131786" lon="-6.721441866829991">
 <ele>72.569999999999993</ele>
 <time>2020-07-29T09:43:32Z</time>
 </trkpt>
 <trkpt lat="61.816097181290388" lon="-6.721523674204946">
 <ele>72.560000000000002</ele>
 <time>2020-07-29T09:43:40Z</time>
 </trkpt>
 <trkpt lat="61.816014284268022" lon="-6.721623167395592">
 <ele>73.189999999999998</ele>
 <time>2020-07-29T09:43:48Z</time>
 </trkpt>
 <trkpt lat="61.815966842696071" lon="-6.721787452697754">
 <ele>74.079999999999998</ele>
 <time>2020-07-29T09:43:58Z</time>
 </trkpt>
 <trkpt lat="61.815909594297409" lon="-6.721974452957511">
 <ele>76.069999999999993</ele>
 <time>2020-07-29T09:44:07Z</time>
 </trkpt>
 <trkpt lat="61.815870031714439" lon="-6.722175199538469">
 <ele>77.709999999999994</ele>
 <time>2020-07-29T09:44:16Z</time>
 </trkpt>
 <trkpt lat="61.815810017287731" lon="-6.722366809844971">
 <ele>78.140000000000001</ele>
 <time>2020-07-29T09:44:24Z</time>
 </trkpt>
 <trkpt lat="61.815740447491407" lon="-6.72250360250473">
 <ele>80</ele>
 <time>2020-07-29T09:44:36Z</time>
 </trkpt>
 <trkpt lat="61.815712954849005" lon="-6.722711222246289">
 <ele>80.890000000000001</ele>
 <time>2020-07-29T09:44:44Z</time>
 </trkpt>
 <trkpt lat="61.815675236284733" lon="-6.722892774268985">
 <ele>81.400000000000006</ele>
 <time>2020-07-29T09:44:52Z</time>
 </trkpt>
 <trkpt lat="61.815618742257357" lon="-6.723076673224568">
 <ele>82.439999999999998</ele>
 <time>2020-07-29T09:44:59Z</time>
 </trkpt>
 <trkpt lat="61.815568031743169" lon="-6.723231486976147">
 <ele>82.930000000000007</ele>
 <time>2020-07-29T09:45:06Z</time>
 </trkpt>
 <trkpt lat="61.815516231581569" lon="-6.723389821127057">
 <ele>82.989999999999995</ele>
 <time>2020-07-29T09:45:13Z</time>
 </trkpt>
 <trkpt lat="61.81547524407506" lon="-6.723557710647583">
 <ele>84.680000000000007</ele>
 <time>2020-07-29T09:45:20Z</time>
 </trkpt>
 <trkpt lat="61.815427634865046" lon="-6.723736999556422">
 <ele>84.239999999999995</ele>
 <time>2020-07-29T09:45:27Z</time>
 </trkpt>
 <trkpt lat="61.815346414223313" lon="-6.723793912678957">
 <ele>83.849999999999994</ele>
 <time>2020-07-29T09:45:35Z</time>
 </trkpt>
 <trkpt lat="61.815292937681079" lon="-6.723958617076278">
 <ele>84.859999999999999</ele>
 <time>2020-07-29T09:45:42Z</time>
 </trkpt>
 <trkpt lat="61.815232168883085" lon="-6.724105384200811">
 <ele>85.030000000000001</ele>
 <time>2020-07-29T09:45:50Z</time>
 </trkpt>
 <trkpt lat="61.815149439498782" lon="-6.724149556830525">
 <ele>85.469999999999999</ele>
 <time>2020-07-29T09:45:59Z</time>
 </trkpt>
 <trkpt lat="61.815097304061055" lon="-6.724308645352721">
 <ele>86.079999999999998</ele>
 <time>2020-07-29T09:46:08Z</time>
 </trkpt>
 <trkpt lat="61.815066374838352" lon="-6.724489778280258">
 <ele>87.170000000000002</ele>
 <time>2020-07-29T09:46:16Z</time>
 </trkpt>
 <trkpt lat="61.815040642395616" lon="-6.724700331687927">
 <ele>87.939999999999998</ele>
 <time>2020-07-29T09:46:24Z</time>
 </trkpt>
 <trkpt lat="61.814983645454049" lon="-6.724854810163379">
 <ele>88.609999999999999</ele>
 <time>2020-07-29T09:46:33Z</time>
 </trkpt>
 <trkpt lat="61.814930671826005" lon="-6.725020604208112">
 <ele>88.829999999999998</ele>
 <time>2020-07-29T09:46:39Z</time>
 </trkpt>
 <trkpt lat="61.814873088151217" lon="-6.725198468193412">
 <ele>89.879999999999995</ele>
 <time>2020-07-29T09:46:46Z</time>
 </trkpt>
 <trkpt lat="61.814810810610652" lon="-6.725355125963688">
 <ele>90.780000000000001</ele>
 <time>2020-07-29T09:46:54Z</time>
 </trkpt>
 <trkpt lat="61.8147530592978" lon="-6.725549921393395">
 <ele>91.959999999999994</ele>
 <time>2020-07-29T09:47:02Z</time>
 </trkpt>
 <trkpt lat="61.814709473401308" lon="-6.725729377940297">
 <ele>91.829999999999998</ele>
 <time>2020-07-29T09:47:10Z</time>
 </trkpt>
 <trkpt lat="61.81465582922101" lon="-6.725900787860155">
 <ele>93.280000000000001</ele>
 <time>2020-07-29T09:47:18Z</time>
 </trkpt>
 <trkpt lat="61.81461039930582" lon="-6.726076556369662">
 <ele>94.810000000000002</ele>
 <time>2020-07-29T09:47:25Z</time>
 </trkpt>
 <trkpt lat="61.814553821459413" lon="-6.726251486688852">
 <ele>96.650000000000006</ele>
 <time>2020-07-29T09:47:33Z</time>
 </trkpt>
 <trkpt lat="61.814499842002988" lon="-6.726417951285839">
 <ele>97.260000000000005</ele>
 <time>2020-07-29T09:47:41Z</time>
 </trkpt>
 <trkpt lat="61.814429853111506" lon="-6.72655675560236">
 <ele>99.099999999999994</ele>
 <time>2020-07-29T09:47:50Z</time>
 </trkpt>
 <trkpt lat="61.814354751259089" lon="-6.726705534383655">
 <ele>100.88</ele>
 <time>2020-07-29T09:47:58Z</time>
 </trkpt>
 <trkpt lat="61.814290378242731" lon="-6.726861102506518">
 <ele>101.88</ele>
 <time>2020-07-29T09:48:06Z</time>
 </trkpt>
 <trkpt lat="61.814243355765939" lon="-6.727051371708512">
 <ele>102.93000000000001</ele>
 <time>2020-07-29T09:48:14Z</time>
 </trkpt>
 <trkpt lat="61.81417646817863" lon="-6.727193612605333">
 <ele>103.31</ele>
 <time>2020-07-29T09:48:22Z</time>
 </trkpt>
 <trkpt lat="61.814105892553926" lon="-6.727320598438382">
 <ele>103.27</ele>
 <time>2020-07-29T09:48:31Z</time>
 </trkpt>
 <trkpt lat="61.814018804579973" lon="-6.727402824908495">
 <ele>103.95999999999999</ele>
 <time>2020-07-29T09:48:38Z</time>
 </trkpt>
 <trkpt lat="61.813961807638407" lon="-6.727532325312495">
 <ele>105.83</ele>
 <time>2020-07-29T09:48:49Z</time>
 </trkpt>
 <trkpt lat="61.813905145972967" lon="-6.72768646851182">
 <ele>105.79000000000001</ele>
 <time>2020-07-29T09:48:58Z</time>
 </trkpt>
 <trkpt lat="61.81383348070085" lon="-6.727819740772247">
 <ele>107.16</ele>
 <time>2020-07-29T09:49:06Z</time>
 </trkpt>
 <trkpt lat="61.813785787671804" lon="-6.727983523160219">
 <ele>107.81999999999999</ele>
 <time>2020-07-29T09:49:14Z</time>
 </trkpt>
 <trkpt lat="61.813704064115882" lon="-6.728134900331497">
 <ele>107.29000000000001</ele>
 <time>2020-07-29T09:49:24Z</time>
 </trkpt>
 <trkpt lat="61.813628459349275" lon="-6.728293234482408">
 <ele>108</ele>
 <time>2020-07-29T09:49:34Z</time>
 </trkpt>
 <trkpt lat="61.813554698601365" lon="-6.728464476764202">
 <ele>110.13</ele>
 <time>2020-07-29T09:49:44Z</time>
 </trkpt>
 <trkpt lat="61.813512369990349" lon="-6.728659607470036">
 <ele>110.73999999999999</ele>
 <time>2020-07-29T09:49:53Z</time>
 </trkpt>
 <trkpt lat="61.813474902883172" lon="-6.728839483112097">
 <ele>110.98999999999999</ele>
 <time>2020-07-29T09:50:02Z</time>
 </trkpt>
 <trkpt lat="61.813421510159969" lon="-6.729009971022606">
 <ele>111.87</ele>
 <time>2020-07-29T09:50:11Z</time>
 </trkpt>
 <trkpt lat="61.813359903171659" lon="-6.729178782552481">
 <ele>113.29000000000001</ele>
 <time>2020-07-29T09:50:21Z</time>
 </trkpt>
 <trkpt lat="61.813308019191027" lon="-6.729354048147798">
 <ele>114.88</ele>
 <time>2020-07-29T09:50:30Z</time>
 </trkpt>
 <trkpt lat="61.813239706680179" lon="-6.729491343721747">
 <ele>115.56</ele>
 <time>2020-07-29T09:50:38Z</time>
 </trkpt>
 <trkpt lat="61.813179608434439" lon="-6.729663172736764">
 <ele>116.98</ele>
 <time>2020-07-29T09:50:48Z</time>
 </trkpt>
 <trkpt lat="61.81311515159905" lon="-6.729840533807874">
 <ele>118.64</ele>
 <time>2020-07-29T09:50:58Z</time>
 </trkpt>
 <trkpt lat="61.81306192651391" lon="-6.730026695877314">
 <ele>119.65000000000001</ele>
 <time>2020-07-29T09:51:07Z</time>
 </trkpt>
 <trkpt lat="61.812997302040458" lon="-6.730198273435235">
 <ele>121.09</ele>
 <time>2020-07-29T09:51:16Z</time>
 </trkpt>
 <trkpt lat="61.812956565991044" lon="-6.730369683355093">
 <ele>122.45</ele>
 <time>2020-07-29T09:51:25Z</time>
 </trkpt>
 <trkpt lat="61.812908789142966" lon="-6.730546625331044">
 <ele>123.09</ele>
 <time>2020-07-29T09:51:34Z</time>
 </trkpt>
 <trkpt lat="61.812897892668843" lon="-6.730657601729035">
 <ele>124.92</ele>
 <time>2020-07-29T09:52:14Z</time>
 </trkpt>
 <trkpt lat="61.81284399703145" lon="-6.73081124201417">
 <ele>125.3</ele>
 <time>2020-07-29T09:52:34Z</time>
 </trkpt>
 <trkpt lat="61.812769481912255" lon="-6.730945436283946">
 <ele>126.41</ele>
 <time>2020-07-29T09:52:42Z</time>
 </trkpt>
 <trkpt lat="61.812715586274862" lon="-6.731133945286274">
 <ele>127.23999999999999</ele>
 <time>2020-07-29T09:52:50Z</time>
 </trkpt>
 <trkpt lat="61.812679041177034" lon="-6.731314323842526">
 <ele>128.24000000000001</ele>
 <time>2020-07-29T09:52:58Z</time>
 </trkpt>
 <trkpt lat="61.812613243237138" lon="-6.731473160907626">
 <ele>128.97</ele>
 <time>2020-07-29T09:53:06Z</time>
 </trkpt>
 <trkpt lat="61.812570663169026" lon="-6.731662508100271">
 <ele>130.69</ele>
 <time>2020-07-29T09:53:14Z</time>
 </trkpt>
 <trkpt lat="61.812517940998077" lon="-6.731828972697258">
 <ele>130.94</ele>
 <time>2020-07-29T09:53:22Z</time>
 </trkpt>
 <trkpt lat="61.8124511372298" lon="-6.732001975178719">
 <ele>131.38</ele>
 <time>2020-07-29T09:53:29Z</time>
 </trkpt>
 <trkpt lat="61.812414424493909" lon="-6.732189562171698">
 <ele>132.28</ele>
 <time>2020-07-29T09:53:37Z</time>
 </trkpt>
 <trkpt lat="61.812365641817451" lon="-6.732350662350655">
 <ele>133.25999999999999</ele>
 <time>2020-07-29T09:53:44Z</time>
 </trkpt>
 <trkpt lat="61.812307219952345" lon="-6.732514444738627">
 <ele>134.43000000000001</ele>
 <time>2020-07-29T09:53:53Z</time>
 </trkpt>
 <trkpt lat="61.812260448932648" lon="-6.732700606808066">
 <ele>135.81</ele>
 <time>2020-07-29T09:54:01Z</time>
 </trkpt>
 <trkpt lat="61.81221904233098" lon="-6.732879895716906">
 <ele>137.16</ele>
 <time>2020-07-29T09:54:08Z</time>
 </trkpt>
 <trkpt lat="61.812167409807444" lon="-6.733031691983342">
 <ele>136.28</ele>
 <time>2020-07-29T09:54:15Z</time>
 </trkpt>
 <trkpt lat="61.812132876366377" lon="-6.733216512948275">
 <ele>137.34</ele>
 <time>2020-07-29T09:54:23Z</time>
 </trkpt>
 <trkpt lat="61.812088284641504" lon="-6.73339856788516">
 <ele>138.05000000000001</ele>
 <time>2020-07-29T09:54:31Z</time>
 </trkpt>
 <trkpt lat="61.812043692916632" lon="-6.733552878722549">
 <ele>138.58000000000001</ele>
 <time>2020-07-29T09:54:37Z</time>
 </trkpt>
 <trkpt lat="61.812002453953028" lon="-6.73372252844274">
 <ele>137.49000000000001</ele>
 <time>2020-07-29T09:54:45Z</time>
 </trkpt>
 <trkpt lat="61.811934895813465" lon="-6.733880192041397">
 <ele>137.86000000000001</ele>
 <time>2020-07-29T09:54:53Z</time>
 </trkpt>
 <trkpt lat="61.811905140057206" lon="-6.734055541455746">
 <ele>137.68000000000001</ele>
 <time>2020-07-29T09:55:01Z</time>
 </trkpt>
 <trkpt lat="61.811864739283919" lon="-6.734242541715503">
 <ele>138.28999999999999</ele>
 <time>2020-07-29T09:55:10Z</time>
 </trkpt>
 <trkpt lat="61.811829702928662" lon="-6.734438762068749">
 <ele>139.28999999999999</ele>
 <time>2020-07-29T09:55:19Z</time>
 </trkpt>
 <trkpt lat="61.811759043484926" lon="-6.734557030722499">
 <ele>140.90000000000001</ele>
 <time>2020-07-29T09:55:28Z</time>
 </trkpt>
 <trkpt lat="61.811689641326666" lon="-6.734689800068736">
 <ele>144.15000000000001</ele>
 <time>2020-07-29T09:55:39Z</time>
 </trkpt>
 <trkpt lat="61.811649492010474" lon="-6.734872525557876">
 <ele>146.37</ele>
 <time>2020-07-29T09:55:48Z</time>
 </trkpt>
 <trkpt lat="61.811635410413146" lon="-6.735066566616297">
 <ele>147.61000000000001</ele>
 <time>2020-07-29T09:55:57Z</time>
 </trkpt>
 <trkpt lat="61.811691066250205" lon="-6.735239317640662">
 <ele>148.71000000000001</ele>
 <time>2020-07-29T09:56:05Z</time>
 </trkpt>
 <trkpt lat="61.811699699610472" lon="-6.735391952097416">
 <ele>148.22999999999999</ele>
 <time>2020-07-29T09:56:28Z</time>
 </trkpt>
 <trkpt lat="61.811640104278922" lon="-6.735551711171866">
 <ele>148.71000000000001</ele>
 <time>2020-07-29T09:56:36Z</time>
 </trkpt>
 <trkpt lat="61.81159065105021" lon="-6.735744327306747">
 <ele>148.78999999999999</ele>
 <time>2020-07-29T09:56:45Z</time>
 </trkpt>
 <trkpt lat="61.811526278033853" lon="-6.735898554325104">
 <ele>148.31</ele>
 <time>2020-07-29T09:56:58Z</time>
 </trkpt>
 <trkpt lat="61.811506329104304" lon="-6.736098797991872">
 <ele>147.09999999999999</ele>
 <time>2020-07-29T09:57:09Z</time>
 </trkpt>
 <trkpt lat="61.811436424031854" lon="-6.736221676692367">
 <ele>146.55000000000001</ele>
 <time>2020-07-29T09:57:18Z</time>
 </trkpt>
 <trkpt lat="61.811358304694295" lon="-6.736345561221242">
 <ele>147.03</ele>
 <time>2020-07-29T09:57:27Z</time>
 </trkpt>
 <trkpt lat="61.811262750998139" lon="-6.736341621726751">
 <ele>148.58000000000001</ele>
 <time>2020-07-29T09:57:36Z</time>
 </trkpt>
 <trkpt lat="61.811174908652902" lon="-6.73632251098752">
 <ele>150.08000000000001</ele>
 <time>2020-07-29T09:57:53Z</time>
 </trkpt>
 <trkpt lat="61.811116822063923" lon="-6.736452765762806">
 <ele>151.97</ele>
 <time>2020-07-29T09:58:04Z</time>
 </trkpt>
 <trkpt lat="61.811069045215845" lon="-6.736610848456621">
 <ele>152.65000000000001</ele>
 <time>2020-07-29T09:58:14Z</time>
 </trkpt>
 <trkpt lat="61.811015317216516" lon="-6.736772619187832">
 <ele>153.12</ele>
 <time>2020-07-29T09:58:23Z</time>
 </trkpt>
 <trkpt lat="61.810979694128036" lon="-6.736955009400845">
 <ele>153.02000000000001</ele>
 <time>2020-07-29T09:58:31Z</time>
 </trkpt>
 <trkpt lat="61.810920601710677" lon="-6.737112756818533">
 <ele>154.02000000000001</ele>
 <time>2020-07-29T09:58:40Z</time>
 </trkpt>
 <trkpt lat="61.810862431302667" lon="-6.737281987443566">
 <ele>154.72</ele>
 <time>2020-07-29T09:58:48Z</time>
 </trkpt>
 <trkpt lat="61.81081859394908" lon="-6.737453062087297">
 <ele>155.97999999999999</ele>
 <time>2020-07-29T09:58:57Z</time>
 </trkpt>
 <trkpt lat="61.810751622542739" lon="-6.73760075122118">
 <ele>156.81999999999999</ele>
 <time>2020-07-29T09:59:06Z</time>
 </trkpt>
 <trkpt lat="61.810702923685312" lon="-6.737803425639868">
 <ele>157.27000000000001</ele>
 <time>2020-07-29T09:59:15Z</time>
 </trkpt>
 <trkpt lat="61.810653302818537" lon="-6.737989671528339">
 <ele>157.61000000000001</ele>
 <time>2020-07-29T09:59:23Z</time>
 </trkpt>
 <trkpt lat="61.810594210401177" lon="-6.738134091719985">
 <ele>157.86000000000001</ele>
 <time>2020-07-29T09:59:31Z</time>
 </trkpt>
 <trkpt lat="61.810559425503016" lon="-6.738327210769057">
 <ele>159.15000000000001</ele>
 <time>2020-07-29T09:59:39Z</time>
 </trkpt>
 <trkpt lat="61.810515252873302" lon="-6.738502979278565">
 <ele>160.18000000000001</ele>
 <time>2020-07-29T09:59:46Z</time>
 </trkpt>
 <trkpt lat="61.810460016131401" lon="-6.738655446097255">
 <ele>160.75</ele>
 <time>2020-07-29T09:59:53Z</time>
 </trkpt>
 <trkpt lat="61.810412406921387" lon="-6.738822581246495">
 <ele>161.86000000000001</ele>
 <time>2020-07-29T10:00:01Z</time>
 </trkpt>
 <trkpt lat="61.810361947864294" lon="-6.738984519615769">
 <ele>163.03</ele>
 <time>2020-07-29T10:00:09Z</time>
 </trkpt>
 <trkpt lat="61.810327498242259" lon="-6.739167245104909">
 <ele>163.65000000000001</ele>
 <time>2020-07-29T10:00:17Z</time>
 </trkpt>
 <trkpt lat="61.810262789949775" lon="-6.739336811006069">
 <ele>164.72999999999999</ele>
 <time>2020-07-29T10:00:26Z</time>
 </trkpt>
 <trkpt lat="61.810195734724402" lon="-6.739463964477181">
 <ele>166.13</ele>
 <time>2020-07-29T10:00:35Z</time>
 </trkpt>
 <trkpt lat="61.810124823823571" lon="-6.739601008594036">
 <ele>166.96000000000001</ele>
 <time>2020-07-29T10:00:43Z</time>
 </trkpt>
 <trkpt lat="61.810064557939768" lon="-6.739757666364312">
 <ele>168.25999999999999</ele>
 <time>2020-07-29T10:00:51Z</time>
 </trkpt>
 <trkpt lat="61.810008063912392" lon="-6.739925220608711">
 <ele>169.28999999999999</ele>
 <time>2020-07-29T10:00:59Z</time>
 </trkpt>
 <trkpt lat="61.80993958376348" lon="-6.740068634971976">
 <ele>170.03</ele>
 <time>2020-07-29T10:01:06Z</time>
 </trkpt>
 <trkpt lat="61.809893734753132" lon="-6.740257395431399">
 <ele>170.58000000000001</ele>
 <time>2020-07-29T10:01:14Z</time>
 </trkpt>
 <trkpt lat="61.809843024238944" lon="-6.740396618843079">
 <ele>170.91999999999999</ele>
 <time>2020-07-29T10:01:21Z</time>
 </trkpt>
 <trkpt lat="61.809771107509732" lon="-6.740472810342908">
 <ele>171.22</ele>
 <time>2020-07-29T10:01:29Z</time>
 </trkpt>
 <trkpt lat="61.809680918231606" lon="-6.740543385967612">
 <ele>172.63</ele>
 <time>2020-07-29T10:01:38Z</time>
 </trkpt>
 <trkpt lat="61.809599529951811" lon="-6.740663666278124">
 <ele>173.31999999999999</ele>
 <time>2020-07-29T10:01:46Z</time>
 </trkpt>
 <trkpt lat="61.809513783082366" lon="-6.740764835849404">
 <ele>174.50999999999999</ele>
 <time>2020-07-29T10:01:54Z</time>
 </trkpt>
 <trkpt lat="61.809432562440634" lon="-6.740851756185293">
 <ele>175.91</ele>
 <time>2020-07-29T10:02:01Z</time>
 </trkpt>
 <trkpt lat="61.809336170554161" lon="-6.740872710943222">
 <ele>176.66</ele>
 <time>2020-07-29T10:02:09Z</time>
 </trkpt>
 <trkpt lat="61.809236845001578" lon="-6.740946136415005">
 <ele>177.40000000000001</ele>
 <time>2020-07-29T10:02:16Z</time>
 </trkpt>
 <trkpt lat="61.809141291305423" lon="-6.741025596857071">
 <ele>178.16999999999999</ele>
 <time>2020-07-29T10:02:24Z</time>
 </trkpt>
 <trkpt lat="61.809048419818282" lon="-6.741085862740874">
 <ele>178.46000000000001</ele>
 <time>2020-07-29T10:02:32Z</time>
 </trkpt>
 <trkpt lat="61.808951944112778" lon="-6.741130957379937">
 <ele>178.41999999999999</ele>
 <time>2020-07-29T10:02:40Z</time>
 </trkpt>
 <trkpt lat="61.808850774541497" lon="-6.741156941279769">
 <ele>179.84</ele>
 <time>2020-07-29T10:02:48Z</time>
 </trkpt>
 <trkpt lat="61.808766704052687" lon="-6.741255009546876">
 <ele>180.13999999999999</ele>
 <time>2020-07-29T10:02:55Z</time>
 </trkpt>
 <trkpt lat="61.808668887242675" lon="-6.741307228803635">
 <ele>180.94</ele>
 <time>2020-07-29T10:03:03Z</time>
 </trkpt>
 <trkpt lat="61.808577105402946" lon="-6.741358609870076">
 <ele>181.47</ele>
 <time>2020-07-29T10:03:11Z</time>
 </trkpt>
 <trkpt lat="61.80848297663033" lon="-6.741418959572911">
 <ele>181.81</ele>
 <time>2020-07-29T10:03:18Z</time>
 </trkpt>
 <trkpt lat="61.808383567258716" lon="-6.741464557126164">
 <ele>182.80000000000001</ele>
 <time>2020-07-29T10:03:25Z</time>
 </trkpt>
 <trkpt lat="61.808288432657719" lon="-6.741505796089768">
 <ele>183.59999999999999</ele>
 <time>2020-07-29T10:03:34Z</time>
 </trkpt>
 <trkpt lat="61.808198159560561" lon="-6.741547705605626">
 <ele>183.63</ele>
 <time>2020-07-29T10:03:41Z</time>
 </trkpt>
 <trkpt lat="61.808114759624004" lon="-6.741583747789264">
 <ele>183.46000000000001</ele>
 <time>2020-07-29T10:03:50Z</time>
 </trkpt>
 <trkpt lat="61.808013254776597" lon="-6.741642169654369">
 <ele>183.78999999999999</ele>
 <time>2020-07-29T10:03:59Z</time>
 </trkpt>
 <trkpt lat="61.807922143489122" lon="-6.741712996736169">
 <ele>184.84999999999999</ele>
 <time>2020-07-29T10:04:07Z</time>
 </trkpt>
 <trkpt lat="61.807833714410663" lon="-6.741824811324477">
 <ele>184.72999999999999</ele>
 <time>2020-07-29T10:04:14Z</time>
 </trkpt>
 <trkpt lat="61.807755762711167" lon="-6.741885580122471">
 <ele>184.88</ele>
 <time>2020-07-29T10:04:23Z</time>
 </trkpt>
 <trkpt lat="61.807705890387297" lon="-6.742028743028641">
 <ele>185.41999999999999</ele>
 <time>2020-07-29T10:04:32Z</time>
 </trkpt>
 <trkpt lat="61.807625340297818" lon="-6.742174420505762">
 <ele>186.40000000000001</ele>
 <time>2020-07-29T10:04:41Z</time>
 </trkpt>
 <trkpt lat="61.807540096342564" lon="-6.742260167375207">
 <ele>185.96000000000001</ele>
 <time>2020-07-29T10:04:50Z</time>
 </trkpt>
 <trkpt lat="61.8074622284621" lon="-6.742313476279378">
 <ele>186.25</ele>
 <time>2020-07-29T10:05:15Z</time>
 </trkpt>
 <trkpt lat="61.807368686422706" lon="-6.74232479184866">
 <ele>188.06</ele>
 <time>2020-07-29T10:05:24Z</time>
 </trkpt>
 <trkpt lat="61.807276988402009" lon="-6.742277517914772">
 <ele>189.22999999999999</ele>
 <time>2020-07-29T10:05:33Z</time>
 </trkpt>
 <trkpt lat="61.807210771366954" lon="-6.742138545960188">
 <ele>192.22</ele>
 <time>2020-07-29T10:05:45Z</time>
 </trkpt>
 <trkpt lat="61.807192834094167" lon="-6.742055397480726">
 <ele>192.50999999999999</ele>
 <time>2020-07-29T10:08:49Z</time>
 </trkpt>
 <trkpt lat="61.807153355330229" lon="-6.742206690832973">
 <ele>190.38999999999999</ele>
 <time>2020-07-29T10:10:06Z</time>
 </trkpt>
 <trkpt lat="61.807053610682487" lon="-6.742239883169532">
 <ele>189.88</ele>
 <time>2020-07-29T10:10:14Z</time>
 </trkpt>
 <trkpt lat="61.806956380605698" lon="-6.742328647524118">
 <ele>190.09</ele>
 <time>2020-07-29T10:10:22Z</time>
 </trkpt>
 <trkpt lat="61.806856384500861" lon="-6.742416908964515">
 <ele>189.34</ele>
 <time>2020-07-29T10:10:29Z</time>
 </trkpt>
 <trkpt lat="61.806761249899864" lon="-6.742458567023277">
 <ele>189.09999999999999</ele>
 <time>2020-07-29T10:10:37Z</time>
 </trkpt>
 <trkpt lat="61.80666578002274" lon="-6.742537440732122">
 <ele>188.65000000000001</ele>
 <time>2020-07-29T10:10:45Z</time>
 </trkpt>
 <trkpt lat="61.806569388136268" lon="-6.742631569504738">
 <ele>188.94999999999999</ele>
 <time>2020-07-29T10:10:53Z</time>
 </trkpt>
 <trkpt lat="61.806465033441782" lon="-6.74268638715148">
 <ele>189.38</ele>
 <time>2020-07-29T10:11:01Z</time>
 </trkpt>
 <trkpt lat="61.806368893012404" lon="-6.742771547287703">
 <ele>190.09999999999999</ele>
 <time>2020-07-29T10:11:08Z</time>
 </trkpt>
 <trkpt lat="61.806266466155648" lon="-6.742791328579187">
 <ele>190.72999999999999</ele>
 <time>2020-07-29T10:11:16Z</time>
 </trkpt>
 <trkpt lat="61.806183233857155" lon="-6.742862993851304">
 <ele>190.68000000000001</ele>
 <time>2020-07-29T10:11:23Z</time>
 </trkpt>
 <trkpt lat="61.806089524179697" lon="-6.74294488504529">
 <ele>191.5</ele>
 <time>2020-07-29T10:11:31Z</time>
 </trkpt>
 <trkpt lat="61.805994808673859" lon="-6.743023339658976">
 <ele>191.25999999999999</ele>
 <time>2020-07-29T10:11:40Z</time>
 </trkpt>
 <trkpt lat="61.805901769548655" lon="-6.743051670491695">
 <ele>191.41</ele>
 <time>2020-07-29T10:11:48Z</time>
 </trkpt>
 <trkpt lat="61.805813256651163" lon="-6.743063405156136">
 <ele>191.97</ele>
 <time>2020-07-29T10:11:55Z</time>
 </trkpt>
 <trkpt lat="61.805707309395075" lon="-6.743075726553798">
 <ele>192.25</ele>
 <time>2020-07-29T10:12:03Z</time>
 </trkpt>
 <trkpt lat="61.805610498413444" lon="-6.743129035457969">
 <ele>192.68000000000001</ele>
 <time>2020-07-29T10:12:11Z</time>
 </trkpt>
 <trkpt lat="61.805519973859191" lon="-6.743175722658634">
 <ele>194.06999999999999</ele>
 <time>2020-07-29T10:12:19Z</time>
 </trkpt>
 <trkpt lat="61.80541779845953" lon="-6.743187122046948">
 <ele>194.59</ele>
 <time>2020-07-29T10:12:27Z</time>
 </trkpt>
 <trkpt lat="61.805314533412457" lon="-6.743179494515061">
 <ele>195.06</ele>
 <time>2020-07-29T10:12:36Z</time>
 </trkpt>
 <trkpt lat="61.805221075192094" lon="-6.74319114536047">
 <ele>195.28999999999999</ele>
 <time>2020-07-29T10:12:43Z</time>
 </trkpt>
 <trkpt lat="61.805123509839177" lon="-6.743213860318065">
 <ele>195.97</ele>
 <time>2020-07-29T10:12:52Z</time>
 </trkpt>
 <trkpt lat="61.805022927001119" lon="-6.743221571668983">
 <ele>196.93000000000001</ele>
 <time>2020-07-29T10:13:00Z</time>
 </trkpt>
 <trkpt lat="61.804932486265898" lon="-6.743207909166813">
 <ele>198</ele>
 <time>2020-07-29T10:13:08Z</time>
 </trkpt>
 <trkpt lat="61.804846152663231" lon="-6.743149235844612">
 <ele>198.12</ele>
 <time>2020-07-29T10:13:17Z</time>
 </trkpt>
 <trkpt lat="61.804771721363068" lon="-6.743109757080674">
 <ele>199.90000000000001</ele>
 <time>2020-07-29T10:13:41Z</time>
 </trkpt>
 <trkpt lat="61.804683627560735" lon="-6.743109673261643">
 <ele>199.44</ele>
 <time>2020-07-29T10:14:18Z</time>
 </trkpt>
 <trkpt lat="61.804588912054896" lon="-6.743074050173163">
 <ele>198.88</ele>
 <time>2020-07-29T10:14:26Z</time>
 </trkpt>
 <trkpt lat="61.804490257054567" lon="-6.743058627471328">
 <ele>199.53999999999999</ele>
 <time>2020-07-29T10:14:34Z</time>
 </trkpt>
 <trkpt lat="61.804397301748395" lon="-6.743043623864651">
 <ele>198.94</ele>
 <time>2020-07-29T10:14:41Z</time>
 </trkpt>
 <trkpt lat="61.804297640919685" lon="-6.743020070716739">
 <ele>198.81999999999999</ele>
 <time>2020-07-29T10:14:49Z</time>
 </trkpt>
 <trkpt lat="61.804207703098655" lon="-6.743093160912395">
 <ele>197.61000000000001</ele>
 <time>2020-07-29T10:14:59Z</time>
 </trkpt>
 <trkpt lat="61.804117010906339" lon="-6.74309098161757">
 <ele>196.91</ele>
 <time>2020-07-29T10:15:07Z</time>
 </trkpt>
 <trkpt lat="61.804027073085308" lon="-6.743158288300037">
 <ele>196.56999999999999</ele>
 <time>2020-07-29T10:15:14Z</time>
 </trkpt>
 <trkpt lat="61.803938644006848" lon="-6.743235904723406">
 <ele>195.28</ele>
 <time>2020-07-29T10:15:24Z</time>
 </trkpt>
 <trkpt lat="61.803853819146752" lon="-6.743269683793187">
 <ele>195.59999999999999</ele>
 <time>2020-07-29T10:15:39Z</time>
 </trkpt>
 <trkpt lat="61.803753739222884" lon="-6.743307402357459">
 <ele>195.46000000000001</ele>
 <time>2020-07-29T10:15:47Z</time>
 </trkpt>
 <trkpt lat="61.803650306537747" lon="-6.743276473134756">
 <ele>194.78</ele>
 <time>2020-07-29T10:15:54Z</time>
 </trkpt>
 <trkpt lat="61.803557854145765" lon="-6.743252836167812">
 <ele>194.25</ele>
 <time>2020-07-29T10:16:04Z</time>
 </trkpt>
 <trkpt lat="61.803504209965467" lon="-6.743152001872659">
 <ele>194.56999999999999</ele>
 <time>2020-07-29T10:16:20Z</time>
 </trkpt>
 <trkpt lat="61.803417708724737" lon="-6.743060471490026">
 <ele>194.37</ele>
 <time>2020-07-29T10:16:29Z</time>
 </trkpt>
 <trkpt lat="61.803316455334425" lon="-6.743037588894367">
 <ele>194.62</ele>
 <time>2020-07-29T10:16:39Z</time>
 </trkpt>
 <trkpt lat="61.803242526948452" lon="-6.742920661345124">
 <ele>194.66</ele>
 <time>2020-07-29T10:16:49Z</time>
 </trkpt>
 <trkpt lat="61.803152756765485" lon="-6.742905741557479">
 <ele>194.81999999999999</ele>
 <time>2020-07-29T10:16:59Z</time>
 </trkpt>
 <trkpt lat="61.803117804229259" lon="-6.742727207019925">
 <ele>194.78</ele>
 <time>2020-07-29T10:17:10Z</time>
 </trkpt>
 <trkpt lat="61.803076397627592" lon="-6.742549678310752">
 <ele>194.81999999999999</ele>
 <time>2020-07-29T10:17:18Z</time>
 </trkpt>
 <trkpt lat="61.803038595244288" lon="-6.742377346381545">
 <ele>195.97999999999999</ele>
 <time>2020-07-29T10:17:26Z</time>
 </trkpt>
 <trkpt lat="61.802959470078349" lon="-6.742384387180209">
 <ele>194.41</ele>
 <time>2020-07-29T10:17:58Z</time>
 </trkpt>
 <trkpt lat="61.802857546135783" lon="-6.742418585345149">
 <ele>194.21000000000001</ele>
 <time>2020-07-29T10:18:06Z</time>
 </trkpt>
 <trkpt lat="61.802760735154152" lon="-6.742434930056334">
 <ele>196.16</ele>
 <time>2020-07-29T10:18:14Z</time>
 </trkpt>
 <trkpt lat="61.802675826475024" lon="-6.74245529808104">
 <ele>194.15000000000001</ele>
 <time>2020-07-29T10:18:23Z</time>
 </trkpt>
 <trkpt lat="61.802569543942809" lon="-6.742488238960505">
 <ele>193.96000000000001</ele>
 <time>2020-07-29T10:18:31Z</time>
 </trkpt>
 <trkpt lat="61.802477762103081" lon="-6.742541966959834">
 <ele>193.78999999999999</ele>
 <time>2020-07-29T10:18:39Z</time>
 </trkpt>
 <trkpt lat="61.802373994141817" lon="-6.742587815970182">
 <ele>193.81</ele>
 <time>2020-07-29T10:18:48Z</time>
 </trkpt>
 <trkpt lat="61.802270896732807" lon="-6.742661325260997">
 <ele>194.40000000000001</ele>
 <time>2020-07-29T10:18:56Z</time>
 </trkpt>
 <trkpt lat="61.802175343036652" lon="-6.742728883400559">
 <ele>193.61000000000001</ele>
 <time>2020-07-29T10:19:03Z</time>
 </trkpt>
 <trkpt lat="61.80208045989275" lon="-6.742782611399889">
 <ele>193.46000000000001</ele>
 <time>2020-07-29T10:19:11Z</time>
 </trkpt>
 <trkpt lat="61.801976356655359" lon="-6.742837848141789">
 <ele>194.66999999999999</ele>
 <time>2020-07-29T10:19:19Z</time>
 </trkpt>
 <trkpt lat="61.801887089386582" lon="-6.742869783192873">
 <ele>194.31999999999999</ele>
 <time>2020-07-29T10:19:38Z</time>
 </trkpt>
 <trkpt lat="61.801784913986921" lon="-6.74293071962893">
 <ele>193.05000000000001</ele>
 <time>2020-07-29T10:19:49Z</time>
 </trkpt>
 <trkpt lat="61.801699167117476" lon="-6.743036666885018">
 <ele>193.88</ele>
 <time>2020-07-29T10:19:57Z</time>
 </trkpt>
 <trkpt lat="61.801599254831672" lon="-6.743044964969158">
 <ele>194.06999999999999</ele>
 <time>2020-07-29T10:20:05Z</time>
 </trkpt>
 <trkpt lat="61.801491463556886" lon="-6.743048988282681">
 <ele>194.21000000000001</ele>
 <time>2020-07-29T10:20:13Z</time>
 </trkpt>
 <trkpt lat="61.801382247358561" lon="-6.743045970797539">
 <ele>193.27000000000001</ele>
 <time>2020-07-29T10:20:21Z</time>
 </trkpt>
 <trkpt lat="61.801286106929183" lon="-6.742973886430264">
 <ele>192.34999999999999</ele>
 <time>2020-07-29T10:20:29Z</time>
 </trkpt>
 <trkpt lat="61.801188038662076" lon="-6.742868274450302">
 <ele>191.86000000000001</ele>
 <time>2020-07-29T10:20:37Z</time>
 </trkpt>
 <trkpt lat="61.801087288185954" lon="-6.742844386026263">
 <ele>191.03999999999999</ele>
 <time>2020-07-29T10:20:44Z</time>
 </trkpt>
 <trkpt lat="61.800992488861084" lon="-6.742806416004896">
 <ele>190.30000000000001</ele>
 <time>2020-07-29T10:20:51Z</time>
 </trkpt>
 <trkpt lat="61.800890481099486" lon="-6.742765512317419">
 <ele>189.59</ele>
 <time>2020-07-29T10:20:58Z</time>
 </trkpt>
 <trkpt lat="61.800795514136553" lon="-6.742697115987539">
 <ele>187.53999999999999</ele>
 <time>2020-07-29T10:21:07Z</time>
 </trkpt>
 <trkpt lat="61.80070691742003" lon="-6.742636766284704">
 <ele>186.75999999999999</ele>
 <time>2020-07-29T10:21:16Z</time>
 </trkpt>
 <trkpt lat="61.800618907436728" lon="-6.742548337206245">
 <ele>185.80000000000001</ele>
 <time>2020-07-29T10:21:25Z</time>
 </trkpt>
 <trkpt lat="61.80051296018064" lon="-6.742513468489051">
 <ele>185.13</ele>
 <time>2020-07-29T10:21:42Z</time>
 </trkpt>
 <trkpt lat="61.800420256331563" lon="-6.742484634742141">
 <ele>184.88999999999999</ele>
 <time>2020-07-29T10:21:49Z</time>
 </trkpt>
 <trkpt lat="61.800317326560616" lon="-6.742436941713095">
 <ele>184.22999999999999</ele>
 <time>2020-07-29T10:21:58Z</time>
 </trkpt>
 <trkpt lat="61.800217749550939" lon="-6.742418166249991">
 <ele>184.47999999999999</ele>
 <time>2020-07-29T10:22:05Z</time>
 </trkpt>
 <trkpt lat="61.800120435655117" lon="-6.742385309189558">
 <ele>183.96000000000001</ele>
 <time>2020-07-29T10:22:12Z</time>
 </trkpt>
 <trkpt lat="61.800015661865473" lon="-6.742352368310094">
 <ele>184.46000000000001</ele>
 <time>2020-07-29T10:22:20Z</time>
 </trkpt>
 <trkpt lat="61.799914324656129" lon="-6.742318253964186">
 <ele>185.13</ele>
 <time>2020-07-29T10:22:29Z</time>
 </trkpt>
 <trkpt lat="61.799821788445115" lon="-6.742336945608258">
 <ele>184.34999999999999</ele>
 <time>2020-07-29T10:22:45Z</time>
 </trkpt>
 <trkpt lat="61.799730258062482" lon="-6.742305178195238">
 <ele>184.5</ele>
 <time>2020-07-29T10:22:52Z</time>
 </trkpt>
 <trkpt lat="61.799657084047794" lon="-6.74216989427805">
 <ele>184.93000000000001</ele>
 <time>2020-07-29T10:23:02Z</time>
 </trkpt>
 <trkpt lat="61.799559183418751" lon="-6.742160758003593">
 <ele>183.25999999999999</ele>
 <time>2020-07-29T10:23:27Z</time>
 </trkpt>
 <trkpt lat="61.799459019675851" lon="-6.742099737748504">
 <ele>184.27000000000001</ele>
 <time>2020-07-29T10:23:35Z</time>
 </trkpt>
 <trkpt lat="61.799362124875188" lon="-6.742088673636317">
 <ele>182.93000000000001</ele>
 <time>2020-07-29T10:23:43Z</time>
 </trkpt>
 <trkpt lat="61.799258524551988" lon="-6.742098815739155">
 <ele>182.41999999999999</ele>
 <time>2020-07-29T10:23:52Z</time>
 </trkpt>
 <trkpt lat="61.799152912572026" lon="-6.742091523483396">
 <ele>181.55000000000001</ele>
 <time>2020-07-29T10:24:00Z</time>
 </trkpt>
 <trkpt lat="61.799045205116272" lon="-6.742069479078054">
 <ele>181.71000000000001</ele>
 <time>2020-07-29T10:24:07Z</time>
 </trkpt>
 <trkpt lat="61.798955099657178" lon="-6.741997143253684">
 <ele>181.05000000000001</ele>
 <time>2020-07-29T10:24:14Z</time>
 </trkpt>
 <trkpt lat="61.798848062753677" lon="-6.741970237344503">
 <ele>179.80000000000001</ele>
 <time>2020-07-29T10:24:22Z</time>
 </trkpt>
 <trkpt lat="61.79875292815268" lon="-6.741977697238326">
 <ele>179.59</ele>
 <time>2020-07-29T10:24:30Z</time>
 </trkpt>
 <trkpt lat="61.79864932782948" lon="-6.741988677531481">
 <ele>180.28</ele>
 <time>2020-07-29T10:24:37Z</time>
 </trkpt>
 <trkpt lat="61.798549080267549" lon="-6.74196470528841">
 <ele>179.84</ele>
 <time>2020-07-29T10:24:45Z</time>
 </trkpt>
 <trkpt lat="61.79844019934535" lon="-6.741981049999595">
 <ele>178.66999999999999</ele>
 <time>2020-07-29T10:25:02Z</time>
 </trkpt>
 <trkpt lat="61.798340873792768" lon="-6.742020780220628">
 <ele>178.44999999999999</ele>
 <time>2020-07-29T10:25:14Z</time>
 </trkpt>
 <trkpt lat="61.798249594867229" lon="-6.742059253156185">
 <ele>176.19999999999999</ele>
 <time>2020-07-29T10:25:22Z</time>
 </trkpt>
 <trkpt lat="61.798143228515983" lon="-6.742075430229306">
 <ele>175.12</ele>
 <time>2020-07-29T10:25:31Z</time>
 </trkpt>
 <trkpt lat="61.798040550202131" lon="-6.742082303389907">
 <ele>174.34999999999999</ele>
 <time>2020-07-29T10:25:39Z</time>
 </trkpt>
 <trkpt lat="61.797933597117662" lon="-6.742129912599921">
 <ele>172.12</ele>
 <time>2020-07-29T10:25:47Z</time>
 </trkpt>
 <trkpt lat="61.797838630154729" lon="-6.742205265909433">
 <ele>170.66</ele>
 <time>2020-07-29T10:25:55Z</time>
 </trkpt>
 <trkpt lat="61.797737963497639" lon="-6.742234686389566">
 <ele>169.33000000000001</ele>
 <time>2020-07-29T10:26:03Z</time>
 </trkpt>
 <trkpt lat="61.79764517582953" lon="-6.742304507642984">
 <ele>168.22999999999999</ele>
 <time>2020-07-29T10:26:11Z</time>
 </trkpt>
 <trkpt lat="61.797558171674609" lon="-6.742359409108758">
 <ele>167.27000000000001</ele>
 <time>2020-07-29T10:26:19Z</time>
 </trkpt>
 <trkpt lat="61.797463791444898" lon="-6.742409700527787">
 <ele>166.37</ele>
 <time>2020-07-29T10:26:27Z</time>
 </trkpt>
 <trkpt lat="61.797366226091981" lon="-6.742502236738801">
 <ele>163.80000000000001</ele>
 <time>2020-07-29T10:26:36Z</time>
 </trkpt>
 <trkpt lat="61.797261033207178" lon="-6.742523778229952">
 <ele>162.21000000000001</ele>
 <time>2020-07-29T10:26:47Z</time>
 </trkpt>
 <trkpt lat="61.7971804831177" lon="-6.742647495120764">
 <ele>159.87</ele>
 <time>2020-07-29T10:26:57Z</time>
 </trkpt>
 <trkpt lat="61.797083336859941" lon="-6.742726871743798">
 <ele>158.31999999999999</ele>
 <time>2020-07-29T10:27:06Z</time>
 </trkpt>
 <trkpt lat="61.796984681859612" lon="-6.742795435711741">
 <ele>157.49000000000001</ele>
 <time>2020-07-29T10:27:14Z</time>
 </trkpt>
 <trkpt lat="61.796896923333406" lon="-6.742872716858983">
 <ele>155.43000000000001</ele>
 <time>2020-07-29T10:27:23Z</time>
 </trkpt>
 <trkpt lat="61.796798352152109" lon="-6.742914877831936">
 <ele>153.97</ele>
 <time>2020-07-29T10:27:33Z</time>
 </trkpt>
 <trkpt lat="61.796709252521396" lon="-6.743002133443952">
 <ele>153.25</ele>
 <time>2020-07-29T10:27:41Z</time>
 </trkpt>
 <trkpt lat="61.796605903655291" lon="-6.743058040738106">
 <ele>151.81999999999999</ele>
 <time>2020-07-29T10:27:50Z</time>
 </trkpt>
 <trkpt lat="61.796517642214894" lon="-6.743135321885347">
 <ele>149.13999999999999</ele>
 <time>2020-07-29T10:27:59Z</time>
 </trkpt>
 <trkpt lat="61.796419406309724" lon="-6.743189049884677">
 <ele>148.24000000000001</ele>
 <time>2020-07-29T10:28:10Z</time>
 </trkpt>
 <trkpt lat="61.796350171789527" lon="-6.743325004354119">
 <ele>146.40000000000001</ele>
 <time>2020-07-29T10:30:28Z</time>
 </trkpt>
 <trkpt lat="61.796269956976175" lon="-6.743418797850609">
 <ele>144.43000000000001</ele>
 <time>2020-07-29T10:30:38Z</time>
 </trkpt>
 <trkpt lat="61.796176750212908" lon="-6.743464814499021">
 <ele>143.81999999999999</ele>
 <time>2020-07-29T10:30:48Z</time>
 </trkpt>
 <trkpt lat="61.796089578419924" lon="-6.743497587740421">
 <ele>143.27000000000001</ele>
 <time>2020-07-29T10:31:00Z</time>
 </trkpt>
 <trkpt lat="61.796107850968838" lon="-6.743670674040914">
 <ele>139.50999999999999</ele>
 <time>2020-07-29T10:31:17Z</time>
 </trkpt>
 <trkpt lat="61.796102235093713" lon="-6.743863122537732">
 <ele>137.38</ele>
 <time>2020-07-29T10:31:30Z</time>
 </trkpt>
 <trkpt lat="61.796046663075686" lon="-6.743994886055589">
 <ele>134.52000000000001</ele>
 <time>2020-07-29T10:31:52Z</time>
 </trkpt>
 <trkpt lat="61.795974327251315" lon="-6.74412589520216">
 <ele>130.72999999999999</ele>
 <time>2020-07-29T10:32:04Z</time>
 </trkpt>
 <trkpt lat="61.795923365280032" lon="-6.744305016472936">
 <ele>128.78999999999999</ele>
 <time>2020-07-29T10:32:14Z</time>
 </trkpt>
 <trkpt lat="61.795860920101404" lon="-6.744452202692628">
 <ele>128.08000000000001</ele>
 <time>2020-07-29T10:34:18Z</time>
 </trkpt>
 <trkpt lat="61.795867374166846" lon="-6.744560329243541">
 <ele>126.61</ele>
 <time>2020-07-29T10:34:39Z</time>
 </trkpt>
 <trkpt lat="61.795934177935123" lon="-6.744658397510648">
 <ele>125.41</ele>
 <time>2020-07-29T10:34:55Z</time>
 </trkpt>
 <trkpt lat="61.795912552624941" lon="-6.744804074987769">
 <ele>119.66</ele>
 <time>2020-07-29T10:35:35Z</time>
 </trkpt>
 <trkpt lat="61.795833678916097" lon="-6.744848163798451">
 <ele>114.64</ele>
 <time>2020-07-29T10:36:09Z</time>
 </trkpt>
 <trkpt lat="61.795741645619273" lon="-6.744823185727">
 <ele>112.42</ele>
 <time>2020-07-29T10:36:45Z</time>
 </trkpt>
 <trkpt lat="61.795650282874703" lon="-6.744801979511976">
 <ele>107.54000000000001</ele>
 <time>2020-07-29T10:36:59Z</time>
 </trkpt>
 <trkpt lat="61.795556992292404" lon="-6.744772307574749">
 <ele>107.59</ele>
 <time>2020-07-29T10:37:17Z</time>
 </trkpt>
 <trkpt lat="61.795466970652342" lon="-6.744725117459893">
 <ele>103.98</ele>
 <time>2020-07-29T10:37:55Z</time>
 </trkpt>
 <trkpt lat="61.795373260974884" lon="-6.744761746376753">
 <ele>100.81</ele>
 <time>2020-07-29T10:38:13Z</time>
 </trkpt>
 <trkpt lat="61.795274270698428" lon="-6.744810109958053">
 <ele>98.280000000000001</ele>
 <time>2020-07-29T10:38:24Z</time>
 </trkpt>
 <trkpt lat="61.795178214088082" lon="-6.744832070544362">
 <ele>95.319999999999993</ele>
 <time>2020-07-29T10:38:35Z</time>
 </trkpt>
 <trkpt lat="61.795161617919803" lon="-6.744921505451202">
 <ele>92.310000000000002</ele>
 <time>2020-07-29T10:38:48Z</time>
 </trkpt>
 <trkpt lat="61.795231522992253" lon="-6.745051257312298">
 <ele>91.069999999999993</ele>
 <time>2020-07-29T10:39:00Z</time>
 </trkpt>
 <trkpt lat="61.795252729207277" lon="-6.745233479887247">
 <ele>86.459999999999994</ele>
 <time>2020-07-29T10:39:10Z</time>
 </trkpt>
 <trkpt lat="61.795194391161203" lon="-6.745375972241163">
 <ele>82.340000000000003</ele>
 <time>2020-07-29T10:39:25Z</time>
 </trkpt>
 <trkpt lat="61.795207215473056" lon="-6.745534893125296">
 <ele>79.650000000000006</ele>
 <time>2020-07-29T10:39:36Z</time>
 </trkpt>
 <trkpt lat="61.795124402269721" lon="-6.745596583932638">
 <ele>78.849999999999994</ele>
 <time>2020-07-29T10:39:48Z</time>
 </trkpt>
 <trkpt lat="61.795104369521141" lon="-6.745747625827789">
 <ele>76</ele>
 <time>2020-07-29T10:40:01Z</time>
 </trkpt>
 <trkpt lat="61.795070506632328" lon="-6.745913336053491">
 <ele>70.640000000000001</ele>
 <time>2020-07-29T10:40:14Z</time>
 </trkpt>
 <trkpt lat="61.795041589066386" lon="-6.746077286079526">
 <ele>67.969999999999999</ele>
 <time>2020-07-29T10:40:28Z</time>
 </trkpt>
 <trkpt lat="61.795044858008623" lon="-6.746245427057147">
 <ele>62.109999999999999</ele>
 <time>2020-07-29T10:40:46Z</time>
 </trkpt>
 <trkpt lat="61.795003367587924" lon="-6.746414992958307">
 <ele>59.799999999999997</ele>
 <time>2020-07-29T10:41:25Z</time>
 </trkpt>
 <trkpt lat="61.794939832761884" lon="-6.746541224420071">
 <ele>56.829999999999998</ele>
 <time>2020-07-29T10:41:45Z</time>
 </trkpt>
 <trkpt lat="61.794860037043691" lon="-6.746646752581">
 <ele>54.149999999999999</ele>
 <time>2020-07-29T10:42:01Z</time>
 </trkpt>
 <trkpt lat="61.794776720926166" lon="-6.74675714224577">
 <ele>50.229999999999997</ele>
 <time>2020-07-29T10:42:18Z</time>
 </trkpt>
 <trkpt lat="61.794689884409308" lon="-6.746834171935916">
 <ele>47.299999999999997</ele>
 <time>2020-07-29T10:42:34Z</time>
 </trkpt>
 <trkpt lat="61.794596929103136" lon="-6.746895527467132">
 <ele>44.729999999999997</ele>
 <time>2020-07-29T10:42:50Z</time>
 </trkpt>
 <trkpt lat="61.794505231082439" lon="-6.746899131685495">
 <ele>42.509999999999998</ele>
 <time>2020-07-29T10:43:09Z</time>
 </trkpt>
 <trkpt lat="61.794411353766918" lon="-6.746934000402689">
 <ele>38.969999999999999</ele>
 <time>2020-07-29T10:43:29Z</time>
 </trkpt>
 <trkpt lat="61.794349243864417" lon="-6.747058052569628">
 <ele>34.609999999999999</ele>
 <time>2020-07-29T10:44:27Z</time>
 </trkpt>
 <trkpt lat="61.794301802292466" lon="-6.747241783887148">
 <ele>30.59</ele>
 <time>2020-07-29T10:44:42Z</time>
 </trkpt>
 <trkpt lat="61.794242542237043" lon="-6.747357370331883">
 <ele>26.960000000000001</ele>
 <time>2020-07-29T10:45:35Z</time>
 </trkpt>
 <trkpt lat="61.794184204190969" lon="-6.747395675629377">
 <ele>24.32</ele>
 <time>2020-07-29T10:46:09Z</time>
 </trkpt>
 <trkpt lat="61.794203566387296" lon="-6.747527690604329">
 <ele>21.91</ele>
 <time>2020-07-29T10:46:40Z</time>
 </trkpt>
 <trkpt lat="61.794126788154244" lon="-6.747498521581292">
 <ele>18.309999999999999</ele>
 <time>2020-07-29T10:47:33Z</time>
 </trkpt>
 <trkpt lat="61.794107342138886" lon="-6.747521320357919">
 <ele>17.600000000000001</ele>
 <time>2020-07-29T10:53:21Z</time>
 </trkpt>
 <trkpt lat="61.794162662699819" lon="-6.747709913179278">
 <ele>16.809999999999999</ele>
 <time>2020-07-29T10:53:27Z</time>
 </trkpt>
 <trkpt lat="61.794200548902154" lon="-6.747891213744879">
 <ele>16.399999999999999</ele>
 <time>2020-07-29T10:53:33Z</time>
 </trkpt>
 <trkpt lat="61.794175570830703" lon="-6.747793816030026">
 <ele>16.140000000000001</ele>
 <time>2020-07-29T10:53:52Z</time>
 </trkpt>
 <trkpt lat="61.794137181714177" lon="-6.747592147439718">
 <ele>16.52</ele>
 <time>2020-07-29T10:53:59Z</time>
 </trkpt>
 <trkpt lat="61.794070126488805" lon="-6.747468430548906">
 <ele>17.390000000000001</ele>
 <time>2020-07-29T10:54:56Z</time>
 </trkpt>
 <trkpt lat="61.79399318061769" lon="-6.747327530756593">
 <ele>16.66</ele>
 <time>2020-07-29T10:55:05Z</time>
 </trkpt>
 <trkpt lat="61.793903661891818" lon="-6.747233988717198">
 <ele>18.699999999999999</ele>
 <time>2020-07-29T10:55:12Z</time>
 </trkpt>
 <trkpt lat="61.793808778747916" lon="-6.747136255726218">
 <ele>19.530000000000001</ele>
 <time>2020-07-29T10:55:19Z</time>
 </trkpt>
 <trkpt lat="61.793729905039072" lon="-6.747006000950933">
 <ele>20.530000000000001</ele>
 <time>2020-07-29T10:55:26Z</time>
 </trkpt>
 <trkpt lat="61.793663688004017" lon="-6.746869292110205">
 <ele>21.149999999999999</ele>
 <time>2020-07-29T10:55:34Z</time>
 </trkpt>
 <trkpt lat="61.793619599193335" lon="-6.746680112555623">
 <ele>22.800000000000001</ele>
 <time>2020-07-29T10:55:44Z</time>
 </trkpt>
 <trkpt lat="61.79358028806746" lon="-6.746486490592361">
 <ele>24.27</ele>
 <time>2020-07-29T10:56:01Z</time>
 </trkpt>
 <trkpt lat="61.793498480692506" lon="-6.746387500315905">
 <ele>24.199999999999999</ele>
 <time>2020-07-29T10:56:18Z</time>
 </trkpt>
 <trkpt lat="61.793431509286165" lon="-6.746246013790369">
 <ele>25.309999999999999</ele>
 <time>2020-07-29T10:56:30Z</time>
 </trkpt>
 <trkpt lat="61.793361101299524" lon="-6.746124727651477">
 <ele>27.719999999999999</ele>
 <time>2020-07-29T10:56:39Z</time>
 </trkpt>
 <trkpt lat="61.793292034417391" lon="-6.745964633300901">
 <ele>29.579999999999998</ele>
 <time>2020-07-29T10:56:50Z</time>
 </trkpt>
 <trkpt lat="61.793234534561634" lon="-6.745830941945314">
 <ele>30.32</ele>
 <time>2020-07-29T10:57:14Z</time>
 </trkpt>
 <trkpt lat="61.793154235929251" lon="-6.745719630271196">
 <ele>31.120000000000001</ele>
 <time>2020-07-29T10:57:40Z</time>
 </trkpt>
 <trkpt lat="61.793103609234095" lon="-6.745563978329301">
 <ele>33.829999999999998</ele>
 <time>2020-07-29T10:58:00Z</time>
 </trkpt>
 <trkpt lat="61.793036134913564" lon="-6.745400615036488">
 <ele>34.759999999999998</ele>
 <time>2020-07-29T10:58:12Z</time>
 </trkpt>
 <trkpt lat="61.792963966727257" lon="-6.745255440473557">
 <ele>36.810000000000002</ele>
 <time>2020-07-29T10:58:24Z</time>
 </trkpt>
 <trkpt lat="61.792879225686193" lon="-6.745159300044179">
 <ele>37.25</ele>
 <time>2020-07-29T10:58:32Z</time>
 </trkpt>
 <trkpt lat="61.792801357805729" lon="-6.74503424204886">
 <ele>38.619999999999997</ele>
 <time>2020-07-29T10:58:40Z</time>
 </trkpt>
 <trkpt lat="61.792736817151308" lon="-6.744897784665227">
 <ele>39.479999999999997</ele>
 <time>2020-07-29T10:58:49Z</time>
 </trkpt>
 <trkpt lat="61.792652662843466" lon="-6.744811199605465">
 <ele>40.490000000000002</ele>
 <time>2020-07-29T10:58:56Z</time>
 </trkpt>
 <trkpt lat="61.792590888217092" lon="-6.744655715301633">
 <ele>41.549999999999997</ele>
 <time>2020-07-29T10:59:06Z</time>
 </trkpt>
 <trkpt lat="61.792523832991719" lon="-6.744506768882275">
 <ele>42.649999999999999</ele>
 <time>2020-07-29T10:59:16Z</time>
 </trkpt>
 <trkpt lat="61.792438002303243" lon="-6.744379615411162">
 <ele>44.350000000000001</ele>
 <time>2020-07-29T10:59:25Z</time>
 </trkpt>
 <trkpt lat="61.792371617630124" lon="-6.744219269603491">
 <ele>46.039999999999999</ele>
 <time>2020-07-29T10:59:36Z</time>
 </trkpt>
 <trkpt lat="61.792317135259509" lon="-6.744065545499325">
 <ele>48.149999999999999</ele>
 <time>2020-07-29T10:59:44Z</time>
 </trkpt>
 <trkpt lat="61.792256617918611" lon="-6.74389086663723">
 <ele>49.409999999999997</ele>
 <time>2020-07-29T10:59:53Z</time>
 </trkpt>
 <trkpt lat="61.792201548814774" lon="-6.743725910782814">
 <ele>51.5</ele>
 <time>2020-07-29T11:00:02Z</time>
 </trkpt>
 <trkpt lat="61.792147569358349" lon="-6.743566235527396">
 <ele>54.310000000000002</ele>
 <time>2020-07-29T11:00:12Z</time>
 </trkpt>
 <trkpt lat="61.79214178584516" lon="-6.74337144009769">
 <ele>54.759999999999998</ele>
 <time>2020-07-29T11:00:22Z</time>
 </trkpt>
 <trkpt lat="61.792166596278548" lon="-6.74315745010972">
 <ele>55.719999999999999</ele>
 <time>2020-07-29T11:00:46Z</time>
 </trkpt>
 <trkpt lat="61.792162489145994" lon="-6.742954608052969">
 <ele>55.899999999999999</ele>
 <time>2020-07-29T11:00:54Z</time>
 </trkpt>
 <trkpt lat="61.792194005101919" lon="-6.74276408739388">
 <ele>57.119999999999997</ele>
 <time>2020-07-29T11:01:04Z</time>
 </trkpt>
 <trkpt lat="61.792106498032808" lon="-6.74263458698988">
 <ele>56.810000000000002</ele>
 <time>2020-07-29T11:01:21Z</time>
 </trkpt>
 <trkpt lat="61.792018823325634" lon="-6.742537608370185">
 <ele>61.590000000000003</ele>
 <time>2020-07-29T11:01:36Z</time>
 </trkpt>
 <trkpt lat="61.791935423389077" lon="-6.742444820702076">
 <ele>63.409999999999997</ele>
 <time>2020-07-29T11:01:47Z</time>
 </trkpt>
 <trkpt lat="61.791859986260533" lon="-6.742347506806254">
 <ele>64.200000000000003</ele>
 <time>2020-07-29T11:01:56Z</time>
 </trkpt>
 <trkpt lat="61.791768372058868" lon="-6.742247091606259">
 <ele>67.569999999999993</ele>
 <time>2020-07-29T11:02:07Z</time>
 </trkpt>
 <trkpt lat="61.791676422581077" lon="-6.742152962833643">
 <ele>69.340000000000003</ele>
 <time>2020-07-29T11:02:18Z</time>
 </trkpt>
 <trkpt lat="61.791595621034503" lon="-6.742034275084734">
 <ele>71.510000000000005</ele>
 <time>2020-07-29T11:02:29Z</time>
 </trkpt>
 <trkpt lat="61.791540132835507" lon="-6.741882897913456">
 <ele>72.650000000000006</ele>
 <time>2020-07-29T11:02:41Z</time>
 </trkpt>
 <trkpt lat="61.791483471170068" lon="-6.741716014221311">
 <ele>76.640000000000001</ele>
 <time>2020-07-29T11:02:54Z</time>
 </trkpt>
 <trkpt lat="61.79142739623785" lon="-6.741564217954874">
 <ele>78.189999999999998</ele>
 <time>2020-07-29T11:03:06Z</time>
 </trkpt>
 <trkpt lat="61.791379116475582" lon="-6.741383420303464">
 <ele>81.640000000000001</ele>
 <time>2020-07-29T11:03:21Z</time>
 </trkpt>
 <trkpt lat="61.79132329300046" lon="-6.741188708692789">
 <ele>83.870000000000005</ele>
 <time>2020-07-29T11:03:41Z</time>
 </trkpt>
 <trkpt lat="61.791260428726673" lon="-6.741014029830694">
 <ele>87.189999999999998</ele>
 <time>2020-07-29T11:03:59Z</time>
 </trkpt>
 <trkpt lat="61.791181806474924" lon="-6.740847984328866">
 <ele>89.379999999999995</ele>
 <time>2020-07-29T11:04:17Z</time>
 </trkpt>
 <trkpt lat="61.791098238900304" lon="-6.740725189447403">
 <ele>91.560000000000002</ele>
 <time>2020-07-29T11:04:27Z</time>
 </trkpt>
 <trkpt lat="61.791019784286618" lon="-6.740594767034054">
 <ele>93.260000000000005</ele>
 <time>2020-07-29T11:04:40Z</time>
 </trkpt>
 <trkpt lat="61.790939150378108" lon="-6.74046266824007">
 <ele>95.810000000000002</ele>
 <time>2020-07-29T11:04:52Z</time>
 </trkpt>
 <trkpt lat="61.790844686329365" lon="-6.740345740690827">
 <ele>98.359999999999999</ele>
 <time>2020-07-29T11:05:02Z</time>
 </trkpt>
 <trkpt lat="61.790766315534711" lon="-6.740236021578312">
 <ele>101.44</ele>
 <time>2020-07-29T11:05:12Z</time>
 </trkpt>
 <trkpt lat="61.790685849264264" lon="-6.740099564194679">
 <ele>99.459999999999994</ele>
 <time>2020-07-29T11:05:23Z</time>
 </trkpt>
 <trkpt lat="61.790637485682964" lon="-6.739941481500864">
 <ele>101.91</ele>
 <time>2020-07-29T11:05:35Z</time>
 </trkpt>
 <trkpt lat="61.790605131536722" lon="-6.739778621122241">
 <ele>104.59999999999999</ele>
 <time>2020-07-29T11:05:49Z</time>
 </trkpt>
 <trkpt lat="61.79058643989265" lon="-6.739619951695204">
 <ele>108.11</ele>
 <time>2020-07-29T11:06:17Z</time>
 </trkpt>
 <trkpt lat="61.790592642500997" lon="-6.739408224821091">
 <ele>111.08</ele>
 <time>2020-07-29T11:06:42Z</time>
 </trkpt>
 <trkpt lat="61.79057763889432" lon="-6.739196414127946">
 <ele>112.34999999999999</ele>
 <time>2020-07-29T11:06:53Z</time>
 </trkpt>
 <trkpt lat="61.790533466264606" lon="-6.7389967571944">
 <ele>112.5</ele>
 <time>2020-07-29T11:07:04Z</time>
 </trkpt>
 <trkpt lat="61.790521983057261" lon="-6.738783605396748">
 <ele>115.92</ele>
 <time>2020-07-29T11:07:15Z</time>
 </trkpt>
 <trkpt lat="61.790495412424207" lon="-6.738603729754686">
 <ele>117.31999999999999</ele>
 <time>2020-07-29T11:07:29Z</time>
 </trkpt>
 <trkpt lat="61.790496585890651" lon="-6.738408347591758">
 <ele>118.23999999999999</ele>
 <time>2020-07-29T11:08:13Z</time>
 </trkpt>
 <trkpt lat="61.790485605597496" lon="-6.738190921023488">
 <ele>118.62</ele>
 <time>2020-07-29T11:08:22Z</time>
 </trkpt>
 <trkpt lat="61.790457023307681" lon="-6.737969638779759">
 <ele>120.53</ele>
 <time>2020-07-29T11:08:32Z</time>
 </trkpt>
 <trkpt lat="61.79043204523623" lon="-6.737764533609152">
 <ele>120.53</ele>
 <time>2020-07-29T11:08:41Z</time>
 </trkpt>
 <trkpt lat="61.790401954203844" lon="-6.737560601904988">
 <ele>123.08</ele>
 <time>2020-07-29T11:08:53Z</time>
 </trkpt>
 <trkpt lat="61.790367588400841" lon="-6.73735055141151">
 <ele>125.84</ele>
 <time>2020-07-29T11:09:05Z</time>
 </trkpt>
 <trkpt lat="61.790342358872294" lon="-6.73716832883656">
 <ele>128.49000000000001</ele>
 <time>2020-07-29T11:09:18Z</time>
 </trkpt>
 <trkpt lat="61.790323164314032" lon="-6.736955931410193">
 <ele>130.41999999999999</ele>
 <time>2020-07-29T11:09:29Z</time>
 </trkpt>
 <trkpt lat="61.790307993069291" lon="-6.736736409366131">
 <ele>133.33000000000001</ele>
 <time>2020-07-29T11:09:40Z</time>
 </trkpt>
 <trkpt lat="61.790283601731062" lon="-6.73652627505362">
 <ele>134.66</ele>
 <time>2020-07-29T11:11:35Z</time>
 </trkpt>
 <trkpt lat="61.79028108716011" lon="-6.73632837831974">
 <ele>134.47999999999999</ele>
 <time>2020-07-29T11:11:43Z</time>
 </trkpt>
 <trkpt lat="61.790266502648592" lon="-6.73612947575748">
 <ele>133.56</ele>
 <time>2020-07-29T11:11:51Z</time>
 </trkpt>
 <trkpt lat="61.790244625881314" lon="-6.735921688377857">
 <ele>134.30000000000001</ele>
 <time>2020-07-29T11:11:59Z</time>
 </trkpt>
 <trkpt lat="61.790222246199846" lon="-6.735742064192891">
 <ele>135.44</ele>
 <time>2020-07-29T11:12:07Z</time>
 </trkpt>
 <trkpt lat="61.790201375260949" lon="-6.735551962628961">
 <ele>137.61000000000001</ele>
 <time>2020-07-29T11:12:17Z</time>
 </trkpt>
 <trkpt lat="61.790172038599849" lon="-6.735343253239989">
 <ele>139.15000000000001</ele>
 <time>2020-07-29T11:12:26Z</time>
 </trkpt>
 <trkpt lat="61.790134152397513" lon="-6.735147535800934">
 <ele>140.66999999999999</ele>
 <time>2020-07-29T11:12:35Z</time>
 </trkpt>
 <trkpt lat="61.790138762444258" lon="-6.734952740371227">
 <ele>141.78999999999999</ele>
 <time>2020-07-29T11:12:44Z</time>
 </trkpt>
 <trkpt lat="61.790110096335411" lon="-6.734757609665394">
 <ele>142.16</ele>
 <time>2020-07-29T11:12:54Z</time>
 </trkpt>
 <trkpt lat="61.790093164891005" lon="-6.734553761780262">
 <ele>143.71000000000001</ele>
 <time>2020-07-29T11:13:04Z</time>
 </trkpt>
 <trkpt lat="61.790064750239253" lon="-6.734347231686115">
 <ele>143.55000000000001</ele>
 <time>2020-07-29T11:13:12Z</time>
 </trkpt>
 <trkpt lat="61.790072880685329" lon="-6.734155286103487">
 <ele>145.55000000000001</ele>
 <time>2020-07-29T11:13:20Z</time>
 </trkpt>
 <trkpt lat="61.79008511826396" lon="-6.73395118676126">
 <ele>146.47</ele>
 <time>2020-07-29T11:13:29Z</time>
 </trkpt>
 <trkpt lat="61.790053183212876" lon="-6.733746081590653">
 <ele>148.06</ele>
 <time>2020-07-29T11:13:38Z</time>
 </trkpt>
 <trkpt lat="61.790007753297687" lon="-6.733558159321547">
 <ele>149.25999999999999</ele>
 <time>2020-07-29T11:13:46Z</time>
 </trkpt>
 <trkpt lat="61.789993923157454" lon="-6.73336680047214">
 <ele>150.59</ele>
 <time>2020-07-29T11:13:54Z</time>
 </trkpt>
 <trkpt lat="61.789962910115719" lon="-6.733168233186007">
 <ele>152.30000000000001</ele>
 <time>2020-07-29T11:14:02Z</time>
 </trkpt>
 <trkpt lat="61.789928460493684" lon="-6.732982574030757">
 <ele>154.66</ele>
 <time>2020-07-29T11:14:10Z</time>
 </trkpt>
 <trkpt lat="61.789893172681332" lon="-6.732782414183021">
 <ele>154.65000000000001</ele>
 <time>2020-07-29T11:14:19Z</time>
 </trkpt>
 <trkpt lat="61.789874648675323" lon="-6.73258988186717">
 <ele>155.36000000000001</ele>
 <time>2020-07-29T11:14:27Z</time>
 </trkpt>
 <trkpt lat="61.789868613705039" lon="-6.732379160821438">
 <ele>155.94999999999999</ele>
 <time>2020-07-29T11:14:37Z</time>
 </trkpt>
 <trkpt lat="61.789837935939431" lon="-6.732145389541984">
 <ele>156.06</ele>
 <time>2020-07-29T11:14:45Z</time>
 </trkpt>
 <trkpt lat="61.789812622591853" lon="-6.73194782808423">
 <ele>156.83000000000001</ele>
 <time>2020-07-29T11:14:52Z</time>
 </trkpt>
 <trkpt lat="61.789800971746445" lon="-6.731734592467547">
 <ele>158.38</ele>
 <time>2020-07-29T11:15:01Z</time>
 </trkpt>
 <trkpt lat="61.789768366143107" lon="-6.731521273031831">
 <ele>160.27000000000001</ele>
 <time>2020-07-29T11:15:12Z</time>
 </trkpt>
 <trkpt lat="61.789739364758134" lon="-6.731319688260555">
 <ele>162.69</ele>
 <time>2020-07-29T11:15:21Z</time>
 </trkpt>
 <trkpt lat="61.789728468284011" lon="-6.731111565604806">
 <ele>167.06999999999999</ele>
 <time>2020-07-29T11:15:38Z</time>
 </trkpt>
 <trkpt lat="61.789720924571157" lon="-6.730893552303314">
 <ele>165.94</ele>
 <time>2020-07-29T11:15:49Z</time>
 </trkpt>
 <trkpt lat="61.789662670344114" lon="-6.730708396062255">
 <ele>167.12</ele>
 <time>2020-07-29T11:15:58Z</time>
 </trkpt>
 <trkpt lat="61.789631070569158" lon="-6.730524748563767">
 <ele>169.47999999999999</ele>
 <time>2020-07-29T11:16:07Z</time>
 </trkpt>
 <trkpt lat="61.789631238207221" lon="-6.730318553745747">
 <ele>172.47</ele>
 <time>2020-07-29T11:16:17Z</time>
 </trkpt>
 <trkpt lat="61.789638781920075" lon="-6.730113113299012">
 <ele>175.90000000000001</ele>
 <time>2020-07-29T11:16:28Z</time>
 </trkpt>
 <trkpt lat="61.789645571261644" lon="-6.730003226548433">
 <ele>176.50999999999999</ele>
 <time>2020-07-29T11:16:53Z</time>
 </trkpt>
 <trkpt lat="61.789619922637939" lon="-6.729886131361127">
 <ele>177.43000000000001</ele>
 <time>2020-07-29T11:17:10Z</time>
 </trkpt>
 <trkpt lat="61.789639284834266" lon="-6.729703908786178">
 <ele>179.12</ele>
 <time>2020-07-29T11:17:20Z</time>
 </trkpt>
 <trkpt lat="61.789685972034931" lon="-6.729530235752463">
 <ele>178.75</ele>
 <time>2020-07-29T11:18:01Z</time>
 </trkpt>
 <trkpt lat="61.789703825488687" lon="-6.729352623224258">
 <ele>179.47</ele>
 <time>2020-07-29T11:18:15Z</time>
 </trkpt>
 <trkpt lat="61.789700975641608" lon="-6.729133855551481">
 <ele>179</ele>
 <time>2020-07-29T11:18:27Z</time>
 </trkpt>
 <trkpt lat="61.789639955386519" lon="-6.728940065950155">
 <ele>179.99000000000001</ele>
 <time>2020-07-29T11:18:47Z</time>
 </trkpt>
 <trkpt lat="61.789587568491697" lon="-6.728768236935139">
 <ele>181.66999999999999</ele>
 <time>2020-07-29T11:18:55Z</time>
 </trkpt>
 <trkpt lat="61.789526883512735" lon="-6.728614764288068">
 <ele>183.38</ele>
 <time>2020-07-29T11:19:04Z</time>
 </trkpt>
 <trkpt lat="61.789458990097046" lon="-6.728473529219627">
 <ele>184.84</ele>
 <time>2020-07-29T11:19:14Z</time>
 </trkpt>
 <trkpt lat="61.789398305118084" lon="-6.728302706032991">
 <ele>186.58000000000001</ele>
 <time>2020-07-29T11:19:24Z</time>
 </trkpt>
 <trkpt lat="61.789336111396551" lon="-6.728107742965221">
 <ele>189.58000000000001</ele>
 <time>2020-07-29T11:19:36Z</time>
 </trkpt>
 <trkpt lat="61.789279030635953" lon="-6.727923508733511">
 <ele>192.77000000000001</ele>
 <time>2020-07-29T11:19:46Z</time>
 </trkpt>
 <trkpt lat="61.789251118898392" lon="-6.727740615606308">
 <ele>196.5</ele>
 <time>2020-07-29T11:19:55Z</time>
 </trkpt>
 <trkpt lat="61.789285484701395" lon="-6.727567110210657">
 <ele>197.28999999999999</ele>
 <time>2020-07-29T11:20:05Z</time>
 </trkpt>
 <trkpt lat="61.789281293749809" lon="-6.727358903735876">
 <ele>198.96000000000001</ele>
 <time>2020-07-29T11:20:16Z</time>
 </trkpt>
 <trkpt lat="61.789301410317421" lon="-6.72714114189148">
 <ele>198.86000000000001</ele>
 <time>2020-07-29T11:20:30Z</time>
 </trkpt>
 <trkpt lat="61.789302164688706" lon="-6.726931175217032">
 <ele>200.18000000000001</ele>
 <time>2020-07-29T11:20:40Z</time>
 </trkpt>
 <trkpt lat="61.789319179952145" lon="-6.726731518283486">
 <ele>201.84999999999999</ele>
 <time>2020-07-29T11:20:51Z</time>
 </trkpt>
 <trkpt lat="61.789302080869675" lon="-6.726478300988674">
 <ele>204.06999999999999</ele>
 <time>2020-07-29T11:22:15Z</time>
 </trkpt>
 <trkpt lat="61.789260925725102" lon="-6.726302616298199">
 <ele>206.03999999999999</ele>
 <time>2020-07-29T11:22:24Z</time>
 </trkpt>
 <trkpt lat="61.789222117513418" lon="-6.726097762584686">
 <ele>207.78999999999999</ele>
 <time>2020-07-29T11:22:35Z</time>
 </trkpt>
 <trkpt lat="61.789179788902402" lon="-6.725924341008067">
 <ele>208.46000000000001</ele>
 <time>2020-07-29T11:22:43Z</time>
 </trkpt>
 <trkpt lat="61.789147602394223" lon="-6.725731724873185">
 <ele>209.53999999999999</ele>
 <time>2020-07-29T11:22:52Z</time>
 </trkpt>
 <trkpt lat="61.789110973477364" lon="-6.725537097081542">
 <ele>212</ele>
 <time>2020-07-29T11:23:01Z</time>
 </trkpt>
 <trkpt lat="61.789072919636965" lon="-6.725349090993404">
 <ele>212.96000000000001</ele>
 <time>2020-07-29T11:23:09Z</time>
 </trkpt>
 <trkpt lat="61.789040230214596" lon="-6.725153122097254">
 <ele>214.71000000000001</ele>
 <time>2020-07-29T11:23:20Z</time>
 </trkpt>
 <trkpt lat="61.789006451144814" lon="-6.724931336939335">
 <ele>215.81999999999999</ele>
 <time>2020-07-29T11:23:31Z</time>
 </trkpt>
 <trkpt lat="61.78899304009974" lon="-6.724746432155371">
 <ele>217.08000000000001</ele>
 <time>2020-07-29T11:23:41Z</time>
 </trkpt>
 <trkpt lat="61.789002595469356" lon="-6.724528754130006">
 <ele>218.03999999999999</ele>
 <time>2020-07-29T11:23:51Z</time>
 </trkpt>
 <trkpt lat="61.788994045928121" lon="-6.72430856153369">
 <ele>219.44999999999999</ele>
 <time>2020-07-29T11:24:01Z</time>
 </trkpt>
 <trkpt lat="61.788990693166852" lon="-6.724094990640879">
 <ele>220.66999999999999</ele>
 <time>2020-07-29T11:24:10Z</time>
 </trkpt>
 <trkpt lat="61.788995554670691" lon="-6.723874295130372">
 <ele>222.28999999999999</ele>
 <time>2020-07-29T11:24:26Z</time>
 </trkpt>
 <trkpt lat="61.788993878290057" lon="-6.723662568256259">
 <ele>223.50999999999999</ele>
 <time>2020-07-29T11:24:39Z</time>
 </trkpt>
 <trkpt lat="61.788972252979875" lon="-6.723458049818873">
 <ele>224.21000000000001</ele>
 <time>2020-07-29T11:24:52Z</time>
 </trkpt>
 <trkpt lat="61.788975857198238" lon="-6.723221261054277">
 <ele>224.78</ele>
 <time>2020-07-29T11:25:03Z</time>
 </trkpt>
 <trkpt lat="61.788958506658673" lon="-6.723025208339095">
 <ele>225.34999999999999</ele>
 <time>2020-07-29T11:25:17Z</time>
 </trkpt>
 <trkpt lat="61.788928918540478" lon="-6.722813230007887">
 <ele>225.00999999999999</ele>
 <time>2020-07-29T11:25:26Z</time>
 </trkpt>
 <trkpt lat="61.788880806416273" lon="-6.722638802602887">
 <ele>225.72</ele>
 <time>2020-07-29T11:25:35Z</time>
 </trkpt>
 <trkpt lat="61.788838310167193" lon="-6.722470745444298">
 <ele>226.30000000000001</ele>
 <time>2020-07-29T11:25:44Z</time>
 </trkpt>
 <trkpt lat="61.788793383166194" lon="-6.722273100167513">
 <ele>227.19999999999999</ele>
 <time>2020-07-29T11:25:53Z</time>
 </trkpt>
 <trkpt lat="61.788773182779551" lon="-6.722136558964849">
 <ele>227.13999999999999</ele>
 <time>2020-07-29T11:26:04Z</time>
 </trkpt>
 <trkpt lat="61.788746612146497" lon="-6.721936818212271">
 <ele>228.24000000000001</ele>
 <time>2020-07-29T11:26:13Z</time>
 </trkpt>
 <trkpt lat="61.788655081763864" lon="-6.721813268959522">
 <ele>229.41999999999999</ele>
 <time>2020-07-29T11:26:23Z</time>
 </trkpt>
 <trkpt lat="61.788586685433984" lon="-6.721683517098427">
 <ele>232.62</ele>
 <time>2020-07-29T11:26:41Z</time>
 </trkpt>
 <trkpt lat="61.788534298539162" lon="-6.721502132713795">
 <ele>235.47</ele>
 <time>2020-07-29T11:26:57Z</time>
 </trkpt>
 <trkpt lat="61.788488198071718" lon="-6.721305912360549">
 <ele>238.83000000000001</ele>
 <time>2020-07-29T11:27:13Z</time>
 </trkpt>
 <trkpt lat="61.788435894995928" lon="-6.721118157729507">
 <ele>242.52000000000001</ele>
 <time>2020-07-29T11:27:29Z</time>
 </trkpt>
 <trkpt lat="61.788453413173556" lon="-6.720923781394959">
 <ele>248.78999999999999</ele>
 <time>2020-07-29T11:27:54Z</time>
 </trkpt>
 <trkpt lat="61.788419298827648" lon="-6.720717418938875">
 <ele>251.34999999999999</ele>
 <time>2020-07-29T11:28:17Z</time>
 </trkpt>
 <trkpt lat="61.788403708487749" lon="-6.720511643216014">
 <ele>255.43000000000001</ele>
 <time>2020-07-29T11:28:34Z</time>
 </trkpt>
 <trkpt lat="61.788313267752528" lon="-6.7204122338444">
 <ele>257.74000000000001</ele>
 <time>2020-07-29T11:31:10Z</time>
 </trkpt>
 <trkpt lat="61.788226347416639" lon="-6.720354231074452">
 <ele>256.94999999999999</ele>
 <time>2020-07-29T11:31:18Z</time>
 </trkpt>
 <trkpt lat="61.788139175623655" lon="-6.720297234132886">
 <ele>256.5</ele>
 <time>2020-07-29T11:31:25Z</time>
 </trkpt>
 <trkpt lat="61.788057368248701" lon="-6.720262449234724">
 <ele>257.45999999999998</ele>
 <time>2020-07-29T11:31:33Z</time>
 </trkpt>
 <trkpt lat="61.787961982190609" lon="-6.720253312960267">
 <ele>258.01999999999998</ele>
 <time>2020-07-29T11:31:40Z</time>
 </trkpt>
 <trkpt lat="61.787871122360229" lon="-6.720235459506512">
 <ele>255.31</ele>
 <time>2020-07-29T11:31:47Z</time>
 </trkpt>
 <trkpt lat="61.787776574492455" lon="-6.720160860568285">
 <ele>256.63</ele>
 <time>2020-07-29T11:31:55Z</time>
 </trkpt>
 <trkpt lat="61.787695437669754" lon="-6.720078466460109">
 <ele>256.98000000000002</ele>
 <time>2020-07-29T11:32:03Z</time>
 </trkpt>
 <trkpt lat="61.78766249679029" lon="-6.719894567504525">
 <ele>260.88999999999999</ele>
 <time>2020-07-29T11:32:14Z</time>
 </trkpt>
 <trkpt lat="61.787610109895468" lon="-6.71973112039268">
 <ele>261.44999999999999</ele>
 <time>2020-07-29T11:32:25Z</time>
 </trkpt>
 <trkpt lat="61.787529643625021" lon="-6.719602877274156">
 <ele>263.55000000000001</ele>
 <time>2020-07-29T11:32:35Z</time>
 </trkpt>
 <trkpt lat="61.787460660561919" lon="-6.719453511759639">
 <ele>266.44</ele>
 <time>2020-07-29T11:32:45Z</time>
 </trkpt>
 <trkpt lat="61.787385391071439" lon="-6.719311522319913">
 <ele>268.07999999999998</ele>
 <time>2020-07-29T11:32:54Z</time>
 </trkpt>
 <trkpt lat="61.787329483777285" lon="-6.719156457111239">
 <ele>268.20999999999998</ele>
 <time>2020-07-29T11:33:01Z</time>
 </trkpt>
 <trkpt lat="61.787255136296153" lon="-6.71900843270123">
 <ele>269.01999999999998</ele>
 <time>2020-07-29T11:33:08Z</time>
 </trkpt>
 <trkpt lat="61.78718120791018" lon="-6.718886224552989">
 <ele>272.55000000000001</ele>
 <time>2020-07-29T11:33:17Z</time>
 </trkpt>
 <trkpt lat="61.787141058593988" lon="-6.718703163787723">
 <ele>275.25999999999999</ele>
 <time>2020-07-29T11:33:27Z</time>
 </trkpt>
 <trkpt lat="61.787081463262439" lon="-6.718512056395412">
 <ele>275.83999999999997</ele>
 <time>2020-07-29T11:33:37Z</time>
 </trkpt>
 <trkpt lat="61.787058413028717" lon="-6.718316003680229">
 <ele>278.20999999999998</ele>
 <time>2020-07-29T11:33:47Z</time>
 </trkpt>
 <trkpt lat="61.787044163793325" lon="-6.718102684244514">
 <ele>282.19</ele>
 <time>2020-07-29T11:33:58Z</time>
 </trkpt>
 <trkpt lat="61.787007953971624" lon="-6.717908391728997">
 <ele>281.35000000000002</ele>
 <time>2020-07-29T11:34:09Z</time>
 </trkpt>
 <trkpt lat="61.786999655887485" lon="-6.717709070071578">
 <ele>284.51999999999998</ele>
 <time>2020-07-29T11:34:18Z</time>
 </trkpt>
 <trkpt lat="61.787003763020039" lon="-6.717498265206814">
 <ele>289.88999999999999</ele>
 <time>2020-07-29T11:34:28Z</time>
 </trkpt>
 <trkpt lat="61.787006445229053" lon="-6.71729726716876">
 <ele>291.86000000000001</ele>
 <time>2020-07-29T11:34:36Z</time>
 </trkpt>
 <trkpt lat="61.787019353359938" lon="-6.717101968824863">
 <ele>287.99000000000001</ele>
 <time>2020-07-29T11:34:48Z</time>
 </trkpt>
 <trkpt lat="61.787043577060103" lon="-6.716883284971118">
 <ele>288.48000000000002</ele>
 <time>2020-07-29T11:34:55Z</time>
 </trkpt>
 <trkpt lat="61.787045001983643" lon="-6.716669797897339">
 <ele>289.13999999999999</ele>
 <time>2020-07-29T11:35:03Z</time>
 </trkpt>
 <trkpt lat="61.787040308117867" lon="-6.716471901163459">
 <ele>288.88</ele>
 <time>2020-07-29T11:35:10Z</time>
 </trkpt>
 <trkpt lat="61.787056988105178" lon="-6.716275848448277">
 <ele>290.20999999999998</ele>
 <time>2020-07-29T11:35:16Z</time>
 </trkpt>
 <trkpt lat="61.787091102451086" lon="-6.716066636145115">
 <ele>290.00999999999999</ele>
 <time>2020-07-29T11:35:23Z</time>
 </trkpt>
 <trkpt lat="61.787120774388313" lon="-6.715859519317746">
 <ele>290.25999999999999</ele>
 <time>2020-07-29T11:35:30Z</time>
 </trkpt>
 <trkpt lat="61.787125300616026" lon="-6.715648965910077">
 <ele>290.68000000000001</ele>
 <time>2020-07-29T11:35:37Z</time>
 </trkpt>
 <trkpt lat="61.787123875692487" lon="-6.715460624545813">
 <ele>291.58999999999997</ele>
 <time>2020-07-29T11:35:44Z</time>
 </trkpt>
 <trkpt lat="61.787118511274457" lon="-6.715254345908761">
 <ele>292.63</ele>
 <time>2020-07-29T11:35:51Z</time>
 </trkpt>
 <trkpt lat="61.787122115492821" lon="-6.715035159140825">
 <ele>293.25999999999999</ele>
 <time>2020-07-29T11:35:58Z</time>
 </trkpt>
 <trkpt lat="61.787129240110517" lon="-6.714824521914125">
 <ele>291.61000000000001</ele>
 <time>2020-07-29T11:36:04Z</time>
 </trkpt>
 <trkpt lat="61.787106273695827" lon="-6.714615980163217">
 <ele>290.56</ele>
 <time>2020-07-29T11:36:11Z</time>
 </trkpt>
 <trkpt lat="61.787097221240401" lon="-6.714426130056381">
 <ele>290.24000000000001</ele>
 <time>2020-07-29T11:36:18Z</time>
 </trkpt>
 <trkpt lat="61.787092192098498" lon="-6.714212810620666">
 <ele>289.92000000000002</ele>
 <time>2020-07-29T11:36:25Z</time>
 </trkpt>
 <trkpt lat="61.787089258432388" lon="-6.714021870866418">
 <ele>290.23000000000002</ele>
 <time>2020-07-29T11:36:32Z</time>
 </trkpt>
 <trkpt lat="61.787075428292155" lon="-6.713822800666094">
 <ele>289.01999999999998</ele>
 <time>2020-07-29T11:36:39Z</time>
 </trkpt>
 <trkpt lat="61.787069728597999" lon="-6.713632782921195">
 <ele>289.14999999999998</ele>
 <time>2020-07-29T11:36:47Z</time>
 </trkpt>
 <trkpt lat="61.787065286189318" lon="-6.713415188714862">
 <ele>289.72000000000003</ele>
 <time>2020-07-29T11:36:54Z</time>
 </trkpt>
 <trkpt lat="61.787065789103508" lon="-6.713197510689497">
 <ele>289.86000000000001</ele>
 <time>2020-07-29T11:37:01Z</time>
 </trkpt>
 <trkpt lat="61.787069728597999" lon="-6.712990310043097">
 <ele>289.48000000000002</ele>
 <time>2020-07-29T11:37:08Z</time>
 </trkpt>
 <trkpt lat="61.787032512947917" lon="-6.712820073589683">
 <ele>288.64999999999998</ele>
 <time>2020-07-29T11:37:55Z</time>
 </trkpt>
 <trkpt lat="61.787035446614027" lon="-6.712829042226076">
 <ele>287.35000000000002</ele>
 <time>2020-07-29T11:39:44Z</time>
 </trkpt>
 <trkpt lat="61.787042235955596" lon="-6.712629972025752">
 <ele>288.64999999999998</ele>
 <time>2020-07-29T11:40:02Z</time>
 </trkpt>
 <trkpt lat="61.787024131044745" lon="-6.712429309263825">
 <ele>289.91000000000003</ele>
 <time>2020-07-29T11:40:11Z</time>
 </trkpt>
 <trkpt lat="61.787039721384645" lon="-6.712226634845138">
 <ele>290.25999999999999</ele>
 <time>2020-07-29T11:40:20Z</time>
 </trkpt>
 <trkpt lat="61.787047851830721" lon="-6.711999401450157">
 <ele>290.68000000000001</ele>
 <time>2020-07-29T11:40:39Z</time>
 </trkpt>
 <trkpt lat="61.78700627759099" lon="-6.711794128641486">
 <ele>289.75999999999999</ele>
 <time>2020-07-29T11:40:46Z</time>
 </trkpt>
 <trkpt lat="61.786975264549255" lon="-6.711578294634819">
 <ele>290.93000000000001</ele>
 <time>2020-07-29T11:40:53Z</time>
 </trkpt>
 <trkpt lat="61.786937294527888" lon="-6.711374949663878">
 <ele>292.76999999999998</ele>
 <time>2020-07-29T11:41:01Z</time>
 </trkpt>
 <trkpt lat="61.786901587620378" lon="-6.711156349629164">
 <ele>290.69</ele>
 <time>2020-07-29T11:41:10Z</time>
 </trkpt>
 <trkpt lat="61.786851547658443" lon="-6.710931211709976">
 <ele>291.66000000000003</ele>
 <time>2020-07-29T11:41:18Z</time>
 </trkpt>
 <trkpt lat="61.786838890984654" lon="-6.710704062134028">
 <ele>291</ele>
 <time>2020-07-29T11:41:25Z</time>
 </trkpt>
 <trkpt lat="61.786784408614039" lon="-6.710530975833535">
 <ele>291.37</ele>
 <time>2020-07-29T11:41:31Z</time>
 </trkpt>
 <trkpt lat="61.786775775253773" lon="-6.710349256172776">
 <ele>291.25</ele>
 <time>2020-07-29T11:41:38Z</time>
 </trkpt>
 <trkpt lat="61.786741828545928" lon="-6.710175750777125">
 <ele>289.55000000000001</ele>
 <time>2020-07-29T11:41:45Z</time>
 </trkpt>
 <trkpt lat="61.78671458736062" lon="-6.709982799366117">
 <ele>289.32999999999998</ele>
 <time>2020-07-29T11:41:52Z</time>
 </trkpt>
 <trkpt lat="61.7867052834481" lon="-6.709774928167462">
 <ele>288.74000000000001</ele>
 <time>2020-07-29T11:41:59Z</time>
 </trkpt>
 <trkpt lat="61.786680473014712" lon="-6.709571750834584">
 <ele>288.47000000000003</ele>
 <time>2020-07-29T11:42:07Z</time>
 </trkpt>
 <trkpt lat="61.786655243486166" lon="-6.709338901564479">
 <ele>287.58999999999997</ele>
 <time>2020-07-29T11:42:15Z</time>
 </trkpt>
 <trkpt lat="61.786582069471478" lon="-6.709154918789864">
 <ele>286.82999999999998</ele>
 <time>2020-07-29T11:42:32Z</time>
 </trkpt>
 <trkpt lat="61.786532532423735" lon="-6.708977054804564">
 <ele>286.47000000000003</ele>
 <time>2020-07-29T11:42:39Z</time>
 </trkpt>
 <trkpt lat="61.786508560180664" lon="-6.708770357072353">
 <ele>285.81</ele>
 <time>2020-07-29T11:42:46Z</time>
 </trkpt>
 <trkpt lat="61.786496574059129" lon="-6.708536753430963">
 <ele>284.37</ele>
 <time>2020-07-29T11:42:53Z</time>
 </trkpt>
 <trkpt lat="61.786484587937593" lon="-6.708340365439653">
 <ele>283.63999999999999</ele>
 <time>2020-07-29T11:42:59Z</time>
 </trkpt>
 <trkpt lat="61.786461789160967" lon="-6.708140792325139">
 <ele>282.63</ele>
 <time>2020-07-29T11:43:07Z</time>
 </trkpt>
 <trkpt lat="61.786413844674826" lon="-6.707948176190257">
 <ele>282.73000000000002</ele>
 <time>2020-07-29T11:43:15Z</time>
 </trkpt>
 <trkpt lat="61.786389788612723" lon="-6.707742065191269">
 <ele>280.45999999999998</ele>
 <time>2020-07-29T11:43:23Z</time>
 </trkpt>
 <trkpt lat="61.786392806097865" lon="-6.707513825967908">
 <ele>280.75</ele>
 <time>2020-07-29T11:43:31Z</time>
 </trkpt>
 <trkpt lat="61.786377718672156" lon="-6.707310900092125">
 <ele>278.19999999999999</ele>
 <time>2020-07-29T11:43:38Z</time>
 </trkpt>
 <trkpt lat="61.786369672045112" lon="-6.707114512100816">
 <ele>278.51999999999998</ele>
 <time>2020-07-29T11:43:44Z</time>
 </trkpt>
 <trkpt lat="61.786370510235429" lon="-6.706918124109507">
 <ele>276.37</ele>
 <time>2020-07-29T11:43:52Z</time>
 </trkpt>
 <trkpt lat="61.786362463608384" lon="-6.706707067787647">
 <ele>275.20999999999998</ele>
 <time>2020-07-29T11:43:59Z</time>
 </trkpt>
 <trkpt lat="61.786336982622743" lon="-6.706503052264452">
 <ele>274.31</ele>
 <time>2020-07-29T11:44:05Z</time>
 </trkpt>
 <trkpt lat="61.786322817206383" lon="-6.706289816647768">
 <ele>272.99000000000001</ele>
 <time>2020-07-29T11:44:12Z</time>
 </trkpt>
 <trkpt lat="61.786310831084847" lon="-6.706087980419397">
 <ele>271.38999999999999</ele>
 <time>2020-07-29T11:44:19Z</time>
 </trkpt>
 <trkpt lat="61.786307562142611" lon="-6.705884551629424">
 <ele>269.38</ele>
 <time>2020-07-29T11:44:32Z</time>
 </trkpt>
 <trkpt lat="61.786285685375333" lon="-6.705691013485193">
 <ele>268.56999999999999</ele>
 <time>2020-07-29T11:44:39Z</time>
 </trkpt>
 <trkpt lat="61.786271771416068" lon="-6.705495044589043">
 <ele>267.44</ele>
 <time>2020-07-29T11:44:47Z</time>
 </trkpt>
 <trkpt lat="61.786241931840777" lon="-6.705328579992056">
 <ele>267.23000000000002</ele>
 <time>2020-07-29T11:45:05Z</time>
 </trkpt>
 <trkpt lat="61.786243775859475" lon="-6.705110901966691">
 <ele>266.22000000000003</ele>
 <time>2020-07-29T11:45:13Z</time>
 </trkpt>
 <trkpt lat="61.786214523017406" lon="-6.704890877008438">
 <ele>262.54000000000002</ele>
 <time>2020-07-29T11:45:22Z</time>
 </trkpt>
 <trkpt lat="61.786193400621414" lon="-6.704686861485243">
 <ele>258.88999999999999</ele>
 <time>2020-07-29T11:45:31Z</time>
 </trkpt>
 <trkpt lat="61.786194322630763" lon="-6.704459125176072">
 <ele>258.88</ele>
 <time>2020-07-29T11:45:40Z</time>
 </trkpt>
 <trkpt lat="61.786211924627423" lon="-6.704265838488936">
 <ele>258.36000000000001</ele>
 <time>2020-07-29T11:45:47Z</time>
 </trkpt>
 <trkpt lat="61.786201279610395" lon="-6.704058134928346">
 <ele>256.19999999999999</ele>
 <time>2020-07-29T11:45:54Z</time>
 </trkpt>
 <trkpt lat="61.786228604614735" lon="-6.703848671168089">
 <ele>254.94</ele>
 <time>2020-07-29T11:46:01Z</time>
 </trkpt>
 <trkpt lat="61.786228688433766" lon="-6.703648678958416">
 <ele>253.56999999999999</ele>
 <time>2020-07-29T11:46:08Z</time>
 </trkpt>
 <trkpt lat="61.786229610443115" lon="-6.703440053388476">
 <ele>250.84</ele>
 <time>2020-07-29T11:46:16Z</time>
 </trkpt>
 <trkpt lat="61.786218630149961" lon="-6.703197313472629">
 <ele>250.12</ele>
 <time>2020-07-29T11:46:23Z</time>
 </trkpt>
 <trkpt lat="61.786217205226421" lon="-6.702989945188165">
 <ele>249.11000000000001</ele>
 <time>2020-07-29T11:46:30Z</time>
 </trkpt>
 <trkpt lat="61.786226592957973" lon="-6.702783750370145">
 <ele>248.97999999999999</ele>
 <time>2020-07-29T11:46:37Z</time>
 </trkpt>
 <trkpt lat="61.78622298873961" lon="-6.70257093384862">
 <ele>246.71000000000001</ele>
 <time>2020-07-29T11:46:44Z</time>
 </trkpt>
 <trkpt lat="61.786210080608726" lon="-6.702368343248963">
 <ele>246.18000000000001</ele>
 <time>2020-07-29T11:46:51Z</time>
 </trkpt>
 <trkpt lat="61.786179486662149" lon="-6.70214680954814">
 <ele>245.31999999999999</ele>
 <time>2020-07-29T11:47:01Z</time>
 </trkpt>
 <trkpt lat="61.786181414499879" lon="-6.701917145401239">
 <ele>244.69</ele>
 <time>2020-07-29T11:47:10Z</time>
 </trkpt>
 <trkpt lat="61.786177977919579" lon="-6.701699886471033">
 <ele>243.56999999999999</ele>
 <time>2020-07-29T11:47:21Z</time>
 </trkpt>
 <trkpt lat="61.786162555217743" lon="-6.701470892876387">
 <ele>239.34</ele>
 <time>2020-07-29T11:47:33Z</time>
 </trkpt>
 <trkpt lat="61.786144785583019" lon="-6.70125849545002">
 <ele>236.72</ele>
 <time>2020-07-29T11:47:42Z</time>
 </trkpt>
 <trkpt lat="61.786133889108896" lon="-6.701076105237007">
 <ele>235.30000000000001</ele>
 <time>2020-07-29T11:47:48Z</time>
 </trkpt>
 <trkpt lat="61.786131290718913" lon="-6.700880723074079">
 <ele>234.86000000000001</ele>
 <time>2020-07-29T11:47:55Z</time>
 </trkpt>
 <trkpt lat="61.786138666793704" lon="-6.700660279020667">
 <ele>233.97999999999999</ele>
 <time>2020-07-29T11:48:03Z</time>
 </trkpt>
 <trkpt lat="61.786124752834439" lon="-6.7004669085145">
 <ele>233.40000000000001</ele>
 <time>2020-07-29T11:48:09Z</time>
 </trkpt>
 <trkpt lat="61.786102205514908" lon="-6.700283847749233">
 <ele>232.66</ele>
 <time>2020-07-29T11:48:15Z</time>
 </trkpt>
 <trkpt lat="61.786102121695876" lon="-6.700098188593984">
 <ele>230.11000000000001</ele>
 <time>2020-07-29T11:48:24Z</time>
 </trkpt>
 <trkpt lat="61.786114862188697" lon="-6.69990842230618">
 <ele>229.05000000000001</ele>
 <time>2020-07-29T11:48:32Z</time>
 </trkpt>
 <trkpt lat="61.78610522300005" lon="-6.69971982948482">
 <ele>227.77000000000001</ele>
 <time>2020-07-29T11:48:40Z</time>
 </trkpt>
 <trkpt lat="61.786092314869165" lon="-6.699497038498521">
 <ele>228.24000000000001</ele>
 <time>2020-07-29T11:48:50Z</time>
 </trkpt>
 <trkpt lat="61.786082340404391" lon="-6.699304841458798">
 <ele>226.78999999999999</ele>
 <time>2020-07-29T11:48:58Z</time>
 </trkpt>
 <trkpt lat="61.786042610183358" lon="-6.699128402397037">
 <ele>224.69999999999999</ele>
 <time>2020-07-29T11:49:08Z</time>
 </trkpt>
 <trkpt lat="61.786035653203726" lon="-6.698922542855144">
 <ele>224.53</ele>
 <time>2020-07-29T11:49:29Z</time>
 </trkpt>
 <trkpt lat="61.786043532192707" lon="-6.698728920891881">
 <ele>224.71000000000001</ele>
 <time>2020-07-29T11:49:52Z</time>
 </trkpt>
 <trkpt lat="61.785968597978354" lon="-6.698737302795053">
 <ele>220.97999999999999</ele>
 <time>2020-07-29T11:52:19Z</time>
 </trkpt>
 <trkpt lat="61.785891652107239" lon="-6.698625572025776">
 <ele>216.21000000000001</ele>
 <time>2020-07-29T11:52:41Z</time>
 </trkpt>
 <trkpt lat="61.785822752863169" lon="-6.69850017875433">
 <ele>214.87</ele>
 <time>2020-07-29T11:52:51Z</time>
 </trkpt>
 <trkpt lat="61.785765504464507" lon="-6.698355004191399">
 <ele>212.37</ele>
 <time>2020-07-29T11:53:00Z</time>
 </trkpt>
 <trkpt lat="61.785711860284209" lon="-6.698197927325964">
 <ele>210.25999999999999</ele>
 <time>2020-07-29T11:53:08Z</time>
 </trkpt>
 <trkpt lat="61.785661401227117" lon="-6.698011849075556">
 <ele>209.56</ele>
 <time>2020-07-29T11:53:16Z</time>
 </trkpt>
 <trkpt lat="61.785613289102912" lon="-6.697842534631491">
 <ele>208.94999999999999</ele>
 <time>2020-07-29T11:53:25Z</time>
 </trkpt>
 <trkpt lat="61.785556459799409" lon="-6.697667017579079">
 <ele>206.84</ele>
 <time>2020-07-29T11:53:33Z</time>
 </trkpt>
 <trkpt lat="61.785512873902917" lon="-6.697483621537685">
 <ele>204.65000000000001</ele>
 <time>2020-07-29T11:53:40Z</time>
 </trkpt>
 <trkpt lat="61.785454954952002" lon="-6.697394018992782">
 <ele>203.87</ele>
 <time>2020-07-29T11:53:51Z</time>
 </trkpt>
 <trkpt lat="61.785451602190733" lon="-6.697221770882607">
 <ele>202.47999999999999</ele>
 <time>2020-07-29T11:54:03Z</time>
 </trkpt>
 <trkpt lat="61.785434000194073" lon="-6.697010630741715">
 <ele>199.88</ele>
 <time>2020-07-29T11:54:48Z</time>
 </trkpt>
 <trkpt lat="61.785416482016444" lon="-6.696861181408167">
 <ele>199.55000000000001</ele>
 <time>2020-07-29T11:55:17Z</time>
 </trkpt>
 <trkpt lat="61.785384882241488" lon="-6.696715839207172">
 <ele>194.31999999999999</ele>
 <time>2020-07-29T11:55:50Z</time>
 </trkpt>
 <trkpt lat="61.785408770665526" lon="-6.696546692401171">
 <ele>187.61000000000001</ele>
 <time>2020-07-29T11:56:12Z</time>
 </trkpt>
 <trkpt lat="61.785497115924954" lon="-6.696536717936397">
 <ele>183.15000000000001</ele>
 <time>2020-07-29T11:56:24Z</time>
 </trkpt>
 <trkpt lat="61.785495020449162" lon="-6.69636245816946">
 <ele>178.80000000000001</ele>
 <time>2020-07-29T11:56:39Z</time>
 </trkpt>
 <trkpt lat="61.785439113155007" lon="-6.696204962208867">
 <ele>177.27000000000001</ele>
 <time>2020-07-29T11:56:49Z</time>
 </trkpt>
 <trkpt lat="61.785387229174376" lon="-6.696030618622899">
 <ele>175.13999999999999</ele>
 <time>2020-07-29T11:57:02Z</time>
 </trkpt>
 <trkpt lat="61.785335596650839" lon="-6.695852000266314">
 <ele>172.13999999999999</ele>
 <time>2020-07-29T11:57:14Z</time>
 </trkpt>
 <trkpt lat="61.785284467041492" lon="-6.695670448243618">
 <ele>169.68000000000001</ele>
 <time>2020-07-29T11:57:24Z</time>
 </trkpt>
 <trkpt lat="61.785228978842497" lon="-6.695500714704394">
 <ele>167.72999999999999</ele>
 <time>2020-07-29T11:57:33Z</time>
 </trkpt>
 <trkpt lat="61.785226380452514" lon="-6.69532461091876">
 <ele>164.88999999999999</ele>
 <time>2020-07-29T11:57:43Z</time>
 </trkpt>
 <trkpt lat="61.785207772627473" lon="-6.695138951763511">
 <ele>162.38</ele>
 <time>2020-07-29T11:57:53Z</time>
 </trkpt>
 <trkpt lat="61.785147339105606" lon="-6.694969721138477">
 <ele>160.97</ele>
 <time>2020-07-29T11:58:01Z</time>
 </trkpt>
 <trkpt lat="61.785083301365376" lon="-6.694825636222959">
 <ele>159.52000000000001</ele>
 <time>2020-07-29T11:58:09Z</time>
 </trkpt>
 <trkpt lat="61.785019682720304" lon="-6.694661602377892">
 <ele>159.31</ele>
 <time>2020-07-29T11:58:16Z</time>
 </trkpt>
 <trkpt lat="61.784954220056534" lon="-6.694529335945845">
 <ele>158.13999999999999</ele>
 <time>2020-07-29T11:58:23Z</time>
 </trkpt>
 <trkpt lat="61.78489102050662" lon="-6.694389441981912">
 <ele>156.43000000000001</ele>
 <time>2020-07-29T11:58:31Z</time>
 </trkpt>
 <trkpt lat="61.784848775714636" lon="-6.694231694564223">
 <ele>155.88</ele>
 <time>2020-07-29T11:58:38Z</time>
 </trkpt>
 <trkpt lat="61.784830503165722" lon="-6.694026757031679">
 <ele>153.77000000000001</ele>
 <time>2020-07-29T11:58:47Z</time>
 </trkpt>
 <trkpt lat="61.784773422405124" lon="-6.693847719579935">
 <ele>153.08000000000001</ele>
 <time>2020-07-29T11:58:55Z</time>
 </trkpt>
 <trkpt lat="61.784728746861219" lon="-6.693659042939544">
 <ele>152.25</ele>
 <time>2020-07-29T11:59:04Z</time>
 </trkpt>
 <trkpt lat="61.784706367179751" lon="-6.693440526723862">
 <ele>148.63</ele>
 <time>2020-07-29T11:59:14Z</time>
 </trkpt>
 <trkpt lat="61.784679042175412" lon="-6.693244054913521">
 <ele>147.09999999999999</ele>
 <time>2020-07-29T11:59:23Z</time>
 </trkpt>
 <trkpt lat="61.784665044397116" lon="-6.69304272159934">
 <ele>144.24000000000001</ele>
 <time>2020-07-29T11:59:32Z</time>
 </trkpt>
 <trkpt lat="61.78468038327992" lon="-6.692891009151936">
 <ele>144.44999999999999</ele>
 <time>2020-07-29T12:00:03Z</time>
 </trkpt>
 <trkpt lat="61.784609304741025" lon="-6.692749690264463">
 <ele>142.61000000000001</ele>
 <time>2020-07-29T12:00:13Z</time>
 </trkpt>
 <trkpt lat="61.784568736329675" lon="-6.692571742460132">
 <ele>138.63</ele>
 <time>2020-07-29T12:00:25Z</time>
 </trkpt>
 <trkpt lat="61.784517019987106" lon="-6.692395554855466">
 <ele>136.09</ele>
 <time>2020-07-29T12:00:34Z</time>
 </trkpt>
 <trkpt lat="61.784460358321667" lon="-6.692228000611067">
 <ele>133.5</ele>
 <time>2020-07-29T12:00:42Z</time>
 </trkpt>
 <trkpt lat="61.784417778253555" lon="-6.692058937624097">
 <ele>132.18000000000001</ele>
 <time>2020-07-29T12:00:49Z</time>
 </trkpt>
 <trkpt lat="61.784388441592455" lon="-6.691873278468847">
 <ele>129.28999999999999</ele>
 <time>2020-07-29T12:00:58Z</time>
 </trkpt>
 <trkpt lat="61.784341251477599" lon="-6.691680327057838">
 <ele>128.11000000000001</ele>
 <time>2020-07-29T12:01:06Z</time>
 </trkpt>
 <trkpt lat="61.784319207072258" lon="-6.691480670124292">
 <ele>127.17</ele>
 <time>2020-07-29T12:01:13Z</time>
 </trkpt>
 <trkpt lat="61.784302778542042" lon="-6.69128654524684">
 <ele>125.69</ele>
 <time>2020-07-29T12:01:20Z</time>
 </trkpt>
 <trkpt lat="61.784270508214831" lon="-6.691094264388084">
 <ele>124.09</ele>
 <time>2020-07-29T12:01:27Z</time>
 </trkpt>
 <trkpt lat="61.78423865698278" lon="-6.690907767042518">
 <ele>123.54000000000001</ele>
 <time>2020-07-29T12:01:33Z</time>
 </trkpt>
 <trkpt lat="61.784225162118673" lon="-6.690715318545699">
 <ele>123.5</ele>
 <time>2020-07-29T12:01:41Z</time>
 </trkpt>
 <trkpt lat="61.784238405525684" lon="-6.690681120380759">
 <ele>123.56999999999999</ele>
 <time>2020-07-29T12:03:25Z</time>
 </trkpt>
 <trkpt lat="61.784327002242208" lon="-6.690664188936353">
 <ele>124.25</ele>
 <time>2020-07-29T12:03:37Z</time>
 </trkpt>
 <trkpt lat="61.78442046046257" lon="-6.690653208643198">
 <ele>123.51000000000001</ele>
 <time>2020-07-29T12:03:44Z</time>
 </trkpt>
 <trkpt lat="61.784516433253884" lon="-6.690679108723998">
 <ele>122.02</ele>
 <time>2020-07-29T12:03:50Z</time>
 </trkpt>
 <trkpt lat="61.78461735136807" lon="-6.690741386264563">
 <ele>119.84</ele>
 <time>2020-07-29T12:03:56Z</time>
 </trkpt>
 <trkpt lat="61.784702176228166" lon="-6.690836856141686">
 <ele>121.44</ele>
 <time>2020-07-29T12:04:01Z</time>
 </trkpt>
 <trkpt lat="61.784774763509631" lon="-6.690950179472566">
 <ele>120.78</ele>
 <time>2020-07-29T12:04:07Z</time>
 </trkpt>
 <trkpt lat="61.78485824726522" lon="-6.691075405105948">
 <ele>119.77</ele>
 <time>2020-07-29T12:04:14Z</time>
 </trkpt>
 <trkpt lat="61.784926643595099" lon="-6.691212700679898">
 <ele>119.73</ele>
 <time>2020-07-29T12:04:20Z</time>
 </trkpt>
 <trkpt lat="61.784996883943677" lon="-6.691380841657519">
 <ele>118.84999999999999</ele>
 <time>2020-07-29T12:04:26Z</time>
 </trkpt>
 <trkpt lat="61.785066956654191" lon="-6.691521238535643">
 <ele>119.39</ele>
 <time>2020-07-29T12:04:32Z</time>
 </trkpt>
 <trkpt lat="61.785151110962033" lon="-6.691626934334636">
 <ele>119.02</ele>
 <time>2020-07-29T12:04:38Z</time>
 </trkpt>
 <trkpt lat="61.785237360745668" lon="-6.691722236573696">
 <ele>118.18000000000001</ele>
 <time>2020-07-29T12:04:44Z</time>
 </trkpt>
 <trkpt lat="61.785321431234479" lon="-6.691834386438131">
 <ele>116.53</ele>
 <time>2020-07-29T12:04:50Z</time>
 </trkpt>
 <trkpt lat="61.785385385155678" lon="-6.691796500235796">
 <ele>116.02</ele>
 <time>2020-07-29T12:04:57Z</time>
 </trkpt>
 <trkpt lat="61.7853410448879" lon="-6.691616624593735">
 <ele>115.06999999999999</ele>
 <time>2020-07-29T12:05:10Z</time>
 </trkpt>
 <trkpt lat="61.785291591659188" lon="-6.691447393968701">
 <ele>114.69</ele>
 <time>2020-07-29T12:05:16Z</time>
 </trkpt>
 <trkpt lat="61.785236187279224" lon="-6.691254274919629">
 <ele>113.63</ele>
 <time>2020-07-29T12:05:23Z</time>
 </trkpt>
 <trkpt lat="61.785183465108275" lon="-6.691069537773728">
 <ele>112.40000000000001</ele>
 <time>2020-07-29T12:05:29Z</time>
 </trkpt>
 <trkpt lat="61.785147171467543" lon="-6.69086292386055">
 <ele>112.59999999999999</ele>
 <time>2020-07-29T12:05:35Z</time>
 </trkpt>
 <trkpt lat="61.785117080435157" lon="-6.690687574446201">
 <ele>110.84</ele>
 <time>2020-07-29T12:05:41Z</time>
 </trkpt>
 <trkpt lat="61.785085313022137" lon="-6.690500658005476">
 <ele>110.05</ele>
 <time>2020-07-29T12:05:47Z</time>
 </trkpt>
 <trkpt lat="61.785058993846178" lon="-6.690311143174768">
 <ele>108.90000000000001</ele>
 <time>2020-07-29T12:05:53Z</time>
 </trkpt>
 <trkpt lat="61.785024208948016" lon="-6.690128836780787">
 <ele>107</ele>
 <time>2020-07-29T12:05:59Z</time>
 </trkpt>
 <trkpt lat="61.784989507868886" lon="-6.689937729388475">
 <ele>106.28</ele>
 <time>2020-07-29T12:06:05Z</time>
 </trkpt>
 <trkpt lat="61.784962685778737" lon="-6.689716279506683">
 <ele>104.88</ele>
 <time>2020-07-29T12:06:12Z</time>
 </trkpt>
 <trkpt lat="61.784933349117637" lon="-6.689515449106693">
 <ele>104.38</ele>
 <time>2020-07-29T12:06:18Z</time>
 </trkpt>
 <trkpt lat="61.784904766827822" lon="-6.689334064722061">
 <ele>103.88</ele>
 <time>2020-07-29T12:06:24Z</time>
 </trkpt>
 <trkpt lat="61.784863444045186" lon="-6.689161313697696">
 <ele>103.05</ele>
 <time>2020-07-29T12:06:40Z</time>
 </trkpt>
 <trkpt lat="61.784814409911633" lon="-6.688982108607888">
 <ele>102.06999999999999</ele>
 <time>2020-07-29T12:06:46Z</time>
 </trkpt>
 <trkpt lat="61.784752551466227" lon="-6.688782870769501">
 <ele>100.42</ele>
 <time>2020-07-29T12:06:53Z</time>
 </trkpt>
 <trkpt lat="61.784683987498283" lon="-6.688610203564167">
 <ele>100.03</ele>
 <time>2020-07-29T12:06:59Z</time>
 </trkpt>
 <trkpt lat="61.78461592644453" lon="-6.688443319872022">
 <ele>97.569999999999993</ele>
 <time>2020-07-29T12:07:05Z</time>
 </trkpt>
 <trkpt lat="61.784555492922664" lon="-6.688271323218942">
 <ele>97.780000000000001</ele>
 <time>2020-07-29T12:07:12Z</time>
 </trkpt>
 <trkpt lat="61.784487096592784" lon="-6.688120951876044">
 <ele>97.439999999999998</ele>
 <time>2020-07-29T12:07:18Z</time>
 </trkpt>
 <trkpt lat="61.784429177641869" lon="-6.687984159216285">
 <ele>95.959999999999994</ele>
 <time>2020-07-29T12:07:31Z</time>
 </trkpt>
 <trkpt lat="61.784349884837866" lon="-6.687808306887746">
 <ele>94.989999999999995</ele>
 <time>2020-07-29T12:07:39Z</time>
 </trkpt>
 <trkpt lat="61.784263802692294" lon="-6.687665143981576">
 <ele>93.689999999999998</ele>
 <time>2020-07-29T12:07:45Z</time>
 </trkpt>
 <trkpt lat="61.784194484353065" lon="-6.687540002167225">
 <ele>93.420000000000002</ele>
 <time>2020-07-29T12:07:55Z</time>
 </trkpt>
 <trkpt lat="61.784110246226192" lon="-6.68745425529778">
 <ele>91.75</ele>
 <time>2020-07-29T12:08:23Z</time>
 </trkpt>
 <trkpt lat="61.784036485478282" lon="-6.687327604740858">
 <ele>90.280000000000001</ele>
 <time>2020-07-29T12:08:29Z</time>
 </trkpt>
 <trkpt lat="61.783952079713345" lon="-6.687194248661399">
 <ele>90.010000000000005</ele>
 <time>2020-07-29T12:08:36Z</time>
 </trkpt>
 <trkpt lat="61.783876474946737" lon="-6.687101125717163">
 <ele>89.980000000000004</ele>
 <time>2020-07-29T12:08:54Z</time>
 </trkpt>
 <trkpt lat="61.783789806067944" lon="-6.6870042309165">
 <ele>89.200000000000003</ele>
 <time>2020-07-29T12:09:00Z</time>
 </trkpt>
 <trkpt lat="61.783705651760101" lon="-6.686941953375936">
 <ele>88.209999999999994</ele>
 <time>2020-07-29T12:09:05Z</time>
 </trkpt>
 <trkpt lat="61.783610600978136" lon="-6.686947988346219">
 <ele>86.959999999999994</ele>
 <time>2020-07-29T12:09:11Z</time>
 </trkpt>
 <trkpt lat="61.783522926270962" lon="-6.686889650300145">
 <ele>85.920000000000002</ele>
 <time>2020-07-29T12:09:18Z</time>
 </trkpt>
 <trkpt lat="61.783464504405856" lon="-6.686782194301486">
 <ele>84.829999999999998</ele>
 <time>2020-07-29T12:09:45Z</time>
 </trkpt>
 <trkpt lat="61.783437933772802" lon="-6.686549428850412">
 <ele>84.040000000000006</ele>
 <time>2020-07-29T12:09:52Z</time>
 </trkpt>
 <trkpt lat="61.783411782234907" lon="-6.686345497146249">
 <ele>83.310000000000002</ele>
 <time>2020-07-29T12:09:58Z</time>
 </trkpt>
 <trkpt lat="61.783380769193172" lon="-6.686148187145591">
 <ele>82.239999999999995</ele>
 <time>2020-07-29T12:10:04Z</time>
 </trkpt>
 <trkpt lat="61.783340200781822" lon="-6.685948027297854">
 <ele>81.780000000000001</ele>
 <time>2020-07-29T12:10:11Z</time>
 </trkpt>
 <trkpt lat="61.783283790573478" lon="-6.685761110857129">
 <ele>80.969999999999999</ele>
 <time>2020-07-29T12:10:18Z</time>
 </trkpt>
 <trkpt lat="61.783217573538423" lon="-6.685553239658475">
 <ele>79.640000000000001</ele>
 <time>2020-07-29T12:10:25Z</time>
 </trkpt>
 <trkpt lat="61.783154290169477" lon="-6.685388535261154">
 <ele>78.469999999999999</ele>
 <time>2020-07-29T12:10:31Z</time>
 </trkpt>
 <trkpt lat="61.783098634332418" lon="-6.685223830863833">
 <ele>77.340000000000003</ele>
 <time>2020-07-29T12:10:37Z</time>
 </trkpt>
 <trkpt lat="61.783031662926078" lon="-6.685041859745979">
 <ele>77.090000000000003</ele>
 <time>2020-07-29T12:11:03Z</time>
 </trkpt>
 <trkpt lat="61.782973073422909" lon="-6.68487430550158">
 <ele>75.819999999999993</ele>
 <time>2020-07-29T12:11:10Z</time>
 </trkpt>
 <trkpt lat="61.782901743426919" lon="-6.684764167293906">
 <ele>74.019999999999996</ele>
 <time>2020-07-29T12:11:16Z</time>
 </trkpt>
 <trkpt lat="61.782895205542445" lon="-6.684595104306936">
 <ele>72.510000000000005</ele>
 <time>2020-07-29T12:11:23Z</time>
 </trkpt>
 <trkpt lat="61.782994950190187" lon="-6.684581944718957">
 <ele>71.359999999999999</ele>
 <time>2020-07-29T12:11:31Z</time>
 </trkpt>
 <trkpt lat="61.783078769221902" lon="-6.684669032692909">
 <ele>70.379999999999995</ele>
 <time>2020-07-29T12:11:37Z</time>
 </trkpt>
 <trkpt lat="61.783152529969811" lon="-6.684803059324622">
 <ele>69.060000000000002</ele>
 <time>2020-07-29T12:11:43Z</time>
 </trkpt>
 <trkpt lat="61.783226961269975" lon="-6.684903390705586">
 <ele>67.930000000000007</ele>
 <time>2020-07-29T12:11:49Z</time>
 </trkpt>
 <trkpt lat="61.783320251852274" lon="-6.684989221394062">
 <ele>67.170000000000002</ele>
 <time>2020-07-29T12:11:55Z</time>
 </trkpt>
 <trkpt lat="61.783409267663956" lon="-6.685064407065511">
 <ele>66.459999999999994</ele>
 <time>2020-07-29T12:12:02Z</time>
 </trkpt>
 <trkpt lat="61.783489231020212" lon="-6.685164738446474">
 <ele>65.739999999999995</ele>
 <time>2020-07-29T12:12:08Z</time>
 </trkpt>
 <trkpt lat="61.783574223518372" lon="-6.685285773128271">
 <ele>65.480000000000004</ele>
 <time>2020-07-29T12:12:14Z</time>
 </trkpt>
 <trkpt lat="61.783652426674962" lon="-6.685451148077846">
 <ele>64.689999999999998</ele>
 <time>2020-07-29T12:12:21Z</time>
 </trkpt>
 <trkpt lat="61.783715039491653" lon="-6.685606213286519">
 <ele>62.640000000000001</ele>
 <time>2020-07-29T12:12:27Z</time>
 </trkpt>
 <trkpt lat="61.783800786361098" lon="-6.685749376192689">
 <ele>62.479999999999997</ele>
 <time>2020-07-29T12:12:34Z</time>
 </trkpt>
 <trkpt lat="61.783893741667271" lon="-6.68570788577199">
 <ele>60.880000000000003</ele>
 <time>2020-07-29T12:12:42Z</time>
 </trkpt>
 <trkpt lat="61.783936489373446" lon="-6.685524070635438">
 <ele>60.280000000000001</ele>
 <time>2020-07-29T12:12:49Z</time>
 </trkpt>
 <trkpt lat="61.783978650346398" lon="-6.685332376509905">
 <ele>58.549999999999997</ele>
 <time>2020-07-29T12:12:57Z</time>
 </trkpt>
 <trkpt lat="61.784027265384793" lon="-6.685189548879862">
 <ele>57.789999999999999</ele>
 <time>2020-07-29T12:13:26Z</time>
 </trkpt>
 <trkpt lat="61.784123657271266" lon="-6.685215784236789">
 <ele>55.93</ele>
 <time>2020-07-29T12:13:36Z</time>
 </trkpt>
 <trkpt lat="61.784223569557071" lon="-6.685250988230109">
 <ele>55.030000000000001</ele>
 <time>2020-07-29T12:13:44Z</time>
 </trkpt>
 <trkpt lat="61.784329265356064" lon="-6.685243612155318">
 <ele>54.399999999999999</ele>
 <time>2020-07-29T12:13:51Z</time>
 </trkpt>
 <trkpt lat="61.78442825563252" lon="-6.685268590226769">
 <ele>52.799999999999997</ele>
 <time>2020-07-29T12:14:08Z</time>
 </trkpt>
 <trkpt lat="61.784512158483267" lon="-6.685330616310239">
 <ele>53.439999999999998</ele>
 <time>2020-07-29T12:14:14Z</time>
 </trkpt>
 <trkpt lat="61.784588685259223" lon="-6.685465145856142">
 <ele>51.619999999999997</ele>
 <time>2020-07-29T12:14:21Z</time>
 </trkpt>
 <trkpt lat="61.78467258810997" lon="-6.685613756999373">
 <ele>50.189999999999998</ele>
 <time>2020-07-29T12:14:28Z</time>
 </trkpt>
 <trkpt lat="61.784739978611469" lon="-6.685762200504541">
 <ele>49.210000000000001</ele>
 <time>2020-07-29T12:14:34Z</time>
 </trkpt>
 <trkpt lat="61.784810302779078" lon="-6.685892622917891">
 <ele>47.670000000000002</ele>
 <time>2020-07-29T12:14:40Z</time>
 </trkpt>
 <trkpt lat="61.784899653866887" lon="-6.685992199927568">
 <ele>47.93</ele>
 <time>2020-07-29T12:14:47Z</time>
 </trkpt>
 <trkpt lat="61.784974671900272" lon="-6.68607434257865">
 <ele>47.369999999999997</ele>
 <time>2020-07-29T12:14:53Z</time>
 </trkpt>
 <trkpt lat="61.785034267231822" lon="-6.686210967600346">
 <ele>46.75</ele>
 <time>2020-07-29T12:14:59Z</time>
 </trkpt>
 <trkpt lat="61.785092521458864" lon="-6.686361255124211">
 <ele>46.130000000000003</ele>
 <time>2020-07-29T12:15:04Z</time>
 </trkpt>
 <trkpt lat="61.785154547542334" lon="-6.686356225982308">
 <ele>44.32</ele>
 <time>2020-07-29T12:15:11Z</time>
 </trkpt>
 <trkpt lat="61.785135939717293" lon="-6.686145756393671">
 <ele>42.890000000000001</ele>
 <time>2020-07-29T12:15:18Z</time>
 </trkpt>
 <trkpt lat="61.785141723230481" lon="-6.685956912115216">
 <ele>41.57</ele>
 <time>2020-07-29T12:15:25Z</time>
 </trkpt>
 <trkpt lat="61.785130742937326" lon="-6.685743005946279">
 <ele>40.100000000000001</ele>
 <time>2020-07-29T12:15:33Z</time>
 </trkpt>
 <trkpt lat="61.785100987181067" lon="-6.685539074242115">
 <ele>38.969999999999999</ele>
 <time>2020-07-29T12:15:40Z</time>
 </trkpt>
 <trkpt lat="61.785062178969383" lon="-6.685322653502226">
 <ele>38.369999999999997</ele>
 <time>2020-07-29T12:15:48Z</time>
 </trkpt>
 <trkpt lat="61.784995626658201" lon="-6.685158619657159">
 <ele>36.689999999999998</ele>
 <time>2020-07-29T12:16:04Z</time>
 </trkpt>
 <trkpt lat="61.784935528412461" lon="-6.6849993634969">
 <ele>35.530000000000001</ele>
 <time>2020-07-29T12:16:10Z</time>
 </trkpt>
 <trkpt lat="61.784866712987423" lon="-6.684820158407092">
 <ele>33.920000000000002</ele>
 <time>2020-07-29T12:16:17Z</time>
 </trkpt>
 <trkpt lat="61.784812398254871" lon="-6.684650257229805">
 <ele>32.630000000000003</ele>
 <time>2020-07-29T12:16:23Z</time>
 </trkpt>
 <trkpt lat="61.784761855378747" lon="-6.684471555054188">
 <ele>31.670000000000002</ele>
 <time>2020-07-29T12:16:29Z</time>
 </trkpt>
 <trkpt lat="61.784714329987764" lon="-6.684308610856533">
 <ele>30.870000000000001</ele>
 <time>2020-07-29T12:16:35Z</time>
 </trkpt>
 <trkpt lat="61.784666888415813" lon="-6.684116665273905">
 <ele>29.98</ele>
 <time>2020-07-29T12:16:43Z</time>
 </trkpt>
 <trkpt lat="61.784622883424163" lon="-6.683884151279926">
 <ele>28.170000000000002</ele>
 <time>2020-07-29T12:17:15Z</time>
 </trkpt>
 <trkpt lat="61.784588852897286" lon="-6.683693546801806">
 <ele>27.5</ele>
 <time>2020-07-29T12:17:21Z</time>
 </trkpt>
 <trkpt lat="61.784558007493615" lon="-6.683517610654235">
 <ele>26.399999999999999</ele>
 <time>2020-07-29T12:17:27Z</time>
 </trkpt>
 <trkpt lat="61.784535041078925" lon="-6.683309823274612">
 <ele>25.550000000000001</ele>
 <time>2020-07-29T12:17:34Z</time>
 </trkpt>
 <trkpt lat="61.784485755488276" lon="-6.683114692568779">
 <ele>24.550000000000001</ele>
 <time>2020-07-29T12:17:41Z</time>
 </trkpt>
 <trkpt lat="61.784423897042871" lon="-6.682939510792494">
 <ele>23.68</ele>
 <time>2020-07-29T12:17:48Z</time>
 </trkpt>
 <trkpt lat="61.784366061910987" lon="-6.682771956548095">
 <ele>22.649999999999999</ele>
 <time>2020-07-29T12:17:54Z</time>
 </trkpt>
 <trkpt lat="61.784316943958402" lon="-6.682598534971476">
 <ele>22.260000000000002</ele>
 <time>2020-07-29T12:18:00Z</time>
 </trkpt>
 <trkpt lat="61.784258438274264" lon="-6.682409355416894">
 <ele>21.09</ele>
 <time>2020-07-29T12:18:07Z</time>
 </trkpt>
 <trkpt lat="61.784221641719341" lon="-6.682180697098374">
 <ele>20.489999999999998</ele>
 <time>2020-07-29T12:18:14Z</time>
 </trkpt>
 <trkpt lat="61.784212337806821" lon="-6.681984225288034">
 <ele>19.41</ele>
 <time>2020-07-29T12:18:20Z</time>
 </trkpt>
 <trkpt lat="61.784216025844216" lon="-6.681774845346808">
 <ele>17.98</ele>
 <time>2020-07-29T12:18:27Z</time>
 </trkpt>
 <trkpt lat="61.784240333363414" lon="-6.681534200906754">
 <ele>16.739999999999998</ele>
 <time>2020-07-29T12:18:34Z</time>
 </trkpt>
 <trkpt lat="61.784266401082277" lon="-6.681298585608602">
 <ele>16.289999999999999</ele>
 <time>2020-07-29T12:18:41Z</time>
 </trkpt>
 <trkpt lat="61.784300850704312" lon="-6.681088451296091">
 <ele>15.449999999999999</ele>
 <time>2020-07-29T12:18:48Z</time>
 </trkpt>
 <trkpt lat="61.7843515612185" lon="-6.680917795747519">
 <ele>13.699999999999999</ele>
 <time>2020-07-29T12:18:58Z</time>
 </trkpt>
 <trkpt lat="61.784415850415826" lon="-6.680775890126824">
 <ele>12.24</ele>
 <time>2020-07-29T12:19:04Z</time>
 </trkpt>
 <trkpt lat="61.784483073279262" lon="-6.68062711134553">
 <ele>11.890000000000001</ele>
 <time>2020-07-29T12:19:10Z</time>
 </trkpt>
 <trkpt lat="61.784518444910645" lon="-6.680418234318495">
 <ele>10.359999999999999</ele>
 <time>2020-07-29T12:19:17Z</time>
 </trkpt>
 <trkpt lat="61.784529760479927" lon="-6.680210866034031">
 <ele>9.539999999999999</ele>
 <time>2020-07-29T12:19:23Z</time>
 </trkpt>
 <trkpt lat="61.784558175131679" lon="-6.680007521063089">
 <ele>8.640000000000001</ele>
 <time>2020-07-29T12:19:30Z</time>
 </trkpt>
 <trkpt lat="61.784599414095283" lon="-6.679992852732539">
 <ele>8.310000000000001</ele>
 <time>2020-07-29T12:21:10Z</time>
 </trkpt>
 <trkpt lat="61.784607460722327" lon="-6.6797652002424">
 <ele>7.97</ele>
 <time>2020-07-29T12:21:19Z</time>
 </trkpt>
 <trkpt lat="61.784637467935681" lon="-6.679524471983314">
 <ele>7.16</ele>
 <time>2020-07-29T12:21:27Z</time>
 </trkpt>
 <trkpt lat="61.784646436572075" lon="-6.679306710138917">
 <ele>6.59</ele>
 <time>2020-07-29T12:21:33Z</time>
 </trkpt>
 <trkpt lat="61.78467208519578" lon="-6.679097162559629">
 <ele>5.21</ele>
 <time>2020-07-29T12:21:39Z</time>
 </trkpt>
 <trkpt lat="61.784696392714977" lon="-6.678905552253127">
 <ele>5.77</ele>
 <time>2020-07-29T12:21:45Z</time>
 </trkpt>
 <trkpt lat="61.78469211794436" lon="-6.678662477061153">
 <ele>5.28</ele>
 <time>2020-07-29T12:21:52Z</time>
 </trkpt>
 <trkpt lat="61.784690441563725" lon="-6.678412947803736">
 <ele>5.12</ele>
 <time>2020-07-29T12:21:59Z</time>
 </trkpt>
 <trkpt lat="61.784676359966397" lon="-6.678179511800408">
 <ele>4.42</ele>
 <time>2020-07-29T12:22:06Z</time>
 </trkpt>
 <trkpt lat="61.784666134044528" lon="-6.677975915372372">
 <ele>4.92</ele>
 <time>2020-07-29T12:22:12Z</time>
 </trkpt>
 <trkpt lat="61.784656578674912" lon="-6.677758824080229">
 <ele>4.46</ele>
 <time>2020-07-29T12:22:19Z</time>
 </trkpt>
 <trkpt lat="61.784650795161724" lon="-6.677547264844179">
 <ele>3.54</ele>
 <time>2020-07-29T12:22:26Z</time>
 </trkpt>
 <trkpt lat="61.784634785726666" lon="-6.677339561283588">
 <ele>3.14</ele>
 <time>2020-07-29T12:22:33Z</time>
 </trkpt>
 <trkpt lat="61.784629840403795" lon="-6.677124314010143">
 <ele>2.16</ele>
 <time>2020-07-29T12:22:40Z</time>
 </trkpt>
 <trkpt lat="61.784630008041859" lon="-6.676904372870922">
 <ele>2.15</ele>
 <time>2020-07-29T12:22:47Z</time>
 </trkpt>
 <trkpt lat="61.784631349146366" lon="-6.676683258265257">
 <ele>1.92</ele>
 <time>2020-07-29T12:22:54Z</time>
 </trkpt>
 <trkpt lat="61.784679628908634" lon="-6.676528863608837">
 <ele>1.86</ele>
 <time>2020-07-29T12:23:03Z</time>
 </trkpt>
 <trkpt lat="61.784623805433512" lon="-6.676414031535387">
 <ele>1.79</ele>
 <time>2020-07-29T12:23:14Z</time>
 </trkpt>
 <trkpt lat="61.784622045233846" lon="-6.676297942176461">
 <ele>1.69</ele>
 <time>2020-07-29T12:23:37Z</time>
 </trkpt>
 <trkpt lat="61.784527078270912" lon="-6.676290649920702">
 <ele>1.7</ele>
 <time>2020-07-29T12:23:44Z</time>
 </trkpt>
 <trkpt lat="61.784439571201801" lon="-6.676318477839232">
 <ele>2.59</ele>
 <time>2020-07-29T12:23:50Z</time>
 </trkpt>
 <trkpt lat="61.784344185143709" lon="-6.67635552585125">
 <ele>1.63</ele>
 <time>2020-07-29T12:23:58Z</time>
 </trkpt>
 <trkpt lat="61.78425433114171" lon="-6.676368098706007">
 <ele>2.2</ele>
 <time>2020-07-29T12:24:03Z</time>
 </trkpt>
 <trkpt lat="61.784156933426857" lon="-6.676371451467276">
 <ele>2.29</ele>
 <time>2020-07-29T12:24:10Z</time>
 </trkpt>
 <trkpt lat="61.784059535712004" lon="-6.676365165039897">
 <ele>1.97</ele>
 <time>2020-07-29T12:24:17Z</time>
 </trkpt>
 <trkpt lat="61.783959120512009" lon="-6.676403302699328">
 <ele>1.44</ele>
 <time>2020-07-29T12:24:25Z</time>
 </trkpt>
 <trkpt lat="61.783966328948736" lon="-6.676421239972115">
 <ele>4.02</ele>
 <time>2020-07-29T12:24:43Z</time>
 </trkpt>
 <trkpt lat="61.784064816311002" lon="-6.676402799785137">
 <ele>3.27</ele>
 <time>2020-07-29T12:24:50Z</time>
 </trkpt>
 <trkpt lat="61.7841736972332" lon="-6.676404476165772">
 <ele>3.12</ele>
 <time>2020-07-29T12:24:57Z</time>
 </trkpt>
 <trkpt lat="61.784224743023515" lon="-6.676578903570771">
 <ele>1.6</ele>
 <time>2020-07-29T12:25:04Z</time>
 </trkpt>
 <trkpt lat="61.784251062199473" lon="-6.676777889952064">
 <ele>2.61</ele>
 <time>2020-07-29T12:25:11Z</time>
 </trkpt>
 <trkpt lat="61.784284422174096" lon="-6.676977882161737">
 <ele>3.02</ele>
 <time>2020-07-29T12:25:18Z</time>
 </trkpt>
 <trkpt lat="61.784316441044211" lon="-6.677195224910975">
 <ele>1.63</ele>
 <time>2020-07-29T12:25:25Z</time>
 </trkpt>
 <trkpt lat="61.78435935638845" lon="-6.677406448870897">
 <ele>-0.44</ele>
 <time>2020-07-29T12:25:32Z</time>
 </trkpt>
 <trkpt lat="61.784411575645208" lon="-6.677598981186748">
 <ele>1.25</ele>
 <time>2020-07-29T12:25:40Z</time>
 </trkpt>
 <trkpt lat="61.784455580636859" lon="-6.67777843773365">
 <ele>0.96</ele>
 <time>2020-07-29T12:25:47Z</time>
 </trkpt>
 <trkpt lat="61.784489443525672" lon="-6.677987650036812">
 <ele>2.83</ele>
 <time>2020-07-29T12:26:05Z</time>
 </trkpt>
 <trkpt lat="61.784562366083264" lon="-6.678163502365351">
 <ele>1.98</ele>
 <time>2020-07-29T12:26:18Z</time>
 </trkpt>
 <trkpt lat="61.784636629745364" lon="-6.678310437127948">
 <ele>4.28</ele>
 <time>2020-07-29T12:26:25Z</time>
 </trkpt>
 <trkpt lat="61.78466672077775" lon="-6.678495509549975">
 <ele>5.35</ele>
 <time>2020-07-29T12:26:32Z</time>
 </trkpt>
 <trkpt lat="61.784696644172072" lon="-6.67868678458035">
 <ele>5.04</ele>
 <time>2020-07-29T12:30:15Z</time>
 </trkpt>
 <trkpt lat="61.78469211794436" lon="-6.67891644872725">
 <ele>5.8</ele>
 <time>2020-07-29T12:30:25Z</time>
 </trkpt>
 <trkpt lat="61.784669067710638" lon="-6.679127253592014">
 <ele>5.89</ele>
 <time>2020-07-29T12:30:32Z</time>
 </trkpt>
 <trkpt lat="61.784646352753043" lon="-6.679325737059116">
 <ele>5.65</ele>
 <time>2020-07-29T12:30:39Z</time>
 </trkpt>
 <trkpt lat="61.784612406045198" lon="-6.679556155577302">
 <ele>7.08</ele>
 <time>2020-07-29T12:30:56Z</time>
 </trkpt>
 <trkpt lat="61.784608634188771" lon="-6.679761009290814">
 <ele>7.61</ele>
 <time>2020-07-29T12:31:03Z</time>
 </trkpt>
 <trkpt lat="61.784610645845532" lon="-6.679978352040052">
 <ele>7.62</ele>
 <time>2020-07-29T12:31:09Z</time>
 </trkpt>
 <trkpt lat="61.784640233963728" lon="-6.680165687575936">
 <ele>6.6</ele>
 <time>2020-07-29T12:31:15Z</time>
 </trkpt>
 <trkpt lat="61.784688849002123" lon="-6.680336426943541">
 <ele>8.32</ele>
 <time>2020-07-29T12:31:21Z</time>
 </trkpt>
 <trkpt lat="61.784742828458548" lon="-6.680491575971246">
 <ele>8.390000000000001</ele>
 <time>2020-07-29T12:31:27Z</time>
 </trkpt>
 <trkpt lat="61.784807536751032" lon="-6.680631805211306">
 <ele>8.57</ele>
 <time>2020-07-29T12:31:33Z</time>
 </trkpt>
 <trkpt lat="61.784880710765719" lon="-6.680753929540515">
 <ele>9.529999999999999</ele>
 <time>2020-07-29T12:31:39Z</time>
 </trkpt>
 <trkpt lat="61.784967044368386" lon="-6.680846381932497">
 <ele>11.69</ele>
 <time>2020-07-29T12:31:45Z</time>
 </trkpt>
 <trkpt lat="61.785057317465544" lon="-6.680886866524816">
 <ele>11.69</ele>
 <time>2020-07-29T12:31:51Z</time>
 </trkpt>
 <trkpt lat="61.78515094332397" lon="-6.680881753563881">
 <ele>12.4</ele>
 <time>2020-07-29T12:31:58Z</time>
 </trkpt>
 <trkpt lat="61.785235935822129" lon="-6.680813357234001">
 <ele>13.77</ele>
 <time>2020-07-29T12:32:05Z</time>
 </trkpt>
 <trkpt lat="61.785321179777384" lon="-6.680688299238682">
 <ele>14.210000000000001</ele>
 <time>2020-07-29T12:32:12Z</time>
 </trkpt>
 <trkpt lat="61.785388486459851" lon="-6.680500041693449">
 <ele>15.75</ele>
 <time>2020-07-29T12:32:19Z</time>
 </trkpt>
 <trkpt lat="61.785427713766694" lon="-6.680316058918834">
 <ele>17.25</ele>
 <time>2020-07-29T12:32:26Z</time>
 </trkpt>
 <trkpt lat="61.785460235551" lon="-6.680106176063418">
 <ele>17.07</ele>
 <time>2020-07-29T12:32:39Z</time>
 </trkpt>
 <trkpt lat="61.785485716536641" lon="-6.679891012609005">
 <ele>17.699999999999999</ele>
 <time>2020-07-29T12:32:46Z</time>
 </trkpt>
 <trkpt lat="61.785508599132299" lon="-6.679682973772287">
 <ele>18.059999999999999</ele>
 <time>2020-07-29T12:32:52Z</time>
 </trkpt>
 <trkpt lat="61.785546066239476" lon="-6.679479964077473">
 <ele>18.23</ele>
 <time>2020-07-29T12:32:58Z</time>
 </trkpt>
 <trkpt lat="61.785568278282881" lon="-6.679270416498184">
 <ele>19.039999999999999</ele>
 <time>2020-07-29T12:33:05Z</time>
 </trkpt>
 <trkpt lat="61.78558923304081" lon="-6.679035471752286">
 <ele>19.52</ele>
 <time>2020-07-29T12:33:12Z</time>
 </trkpt>
 <trkpt lat="61.785615719854832" lon="-6.678838497027755">
 <ele>20.5</ele>
 <time>2020-07-29T12:33:18Z</time>
 </trkpt>
 <trkpt lat="61.785645810887218" lon="-6.678636744618416">
 <ele>20.98</ele>
 <time>2020-07-29T12:33:24Z</time>
 </trkpt>
 <trkpt lat="61.785657880827785" lon="-6.6784234251827">
 <ele>19.649999999999999</ele>
 <time>2020-07-29T12:33:30Z</time>
 </trkpt>
 <trkpt lat="61.785673974081874" lon="-6.678187223151326">
 <ele>20.699999999999999</ele>
 <time>2020-07-29T12:33:37Z</time>
 </trkpt>
 <trkpt lat="61.785697862505913" lon="-6.677980022504926">
 <ele>21.559999999999999</ele>
 <time>2020-07-29T12:33:43Z</time>
 </trkpt>
 <trkpt lat="61.785724014043808" lon="-6.677761422470212">
 <ele>22</ele>
 <time>2020-07-29T12:33:50Z</time>
 </trkpt>
 <trkpt lat="61.785739185288548" lon="-6.67754290625453">
 <ele>22.530000000000001</ele>
 <time>2020-07-29T12:33:57Z</time>
 </trkpt>
 <trkpt lat="61.785742873325944" lon="-6.677328329533339">
 <ele>23.350000000000001</ele>
 <time>2020-07-29T12:34:04Z</time>
 </trkpt>
 <trkpt lat="61.785744465887547" lon="-6.677128840237856">
 <ele>24.329999999999998</ele>
 <time>2020-07-29T12:34:11Z</time>
 </trkpt>
 <trkpt lat="61.78575980477035" lon="-6.676912419497967">
 <ele>25.390000000000001</ele>
 <time>2020-07-29T12:34:18Z</time>
 </trkpt>
 <trkpt lat="61.785769863054156" lon="-6.676687197759748">
 <ele>26.649999999999999</ele>
 <time>2020-07-29T12:34:25Z</time>
 </trkpt>
 <trkpt lat="61.785772126168013" lon="-6.676459880545735">
 <ele>27.699999999999999</ele>
 <time>2020-07-29T12:34:32Z</time>
 </trkpt>
 <trkpt lat="61.785779418423772" lon="-6.676229629665613">
 <ele>27.960000000000001</ele>
 <time>2020-07-29T12:34:39Z</time>
 </trkpt>
 <trkpt lat="61.785794673487544" lon="-6.67600667104125">
 <ele>28.960000000000001</ele>
 <time>2020-07-29T12:34:46Z</time>
 </trkpt>
 <trkpt lat="61.785807078704238" lon="-6.675792261958122">
 <ele>30.079999999999998</ele>
 <time>2020-07-29T12:34:53Z</time>
 </trkpt>
 <trkpt lat="61.78582577034831" lon="-6.675589503720403">
 <ele>30.390000000000001</ele>
 <time>2020-07-29T12:35:00Z</time>
 </trkpt>
 <trkpt lat="61.785833314061165" lon="-6.675385739654303">
 <ele>31.460000000000001</ele>
 <time>2020-07-29T12:35:07Z</time>
 </trkpt>
 <trkpt lat="61.785844378173351" lon="-6.675158925354481">
 <ele>32.780000000000001</ele>
 <time>2020-07-29T12:35:14Z</time>
 </trkpt>
 <trkpt lat="61.785860806703568" lon="-6.674949713051319">
 <ele>33.799999999999997</ele>
 <time>2020-07-29T12:35:20Z</time>
 </trkpt>
 <trkpt lat="61.785873547196388" lon="-6.674723485484719">
 <ele>34.460000000000001</ele>
 <time>2020-07-29T12:35:27Z</time>
 </trkpt>
 <trkpt lat="61.785883521661162" lon="-6.674508824944496">
 <ele>35.170000000000002</ele>
 <time>2020-07-29T12:35:34Z</time>
 </trkpt>
 <trkpt lat="61.785900536924601" lon="-6.674303133040667">
 <ele>35.719999999999999</ele>
 <time>2020-07-29T12:35:41Z</time>
 </trkpt>
 <trkpt lat="61.785921156406403" lon="-6.674095932394266">
 <ele>36.420000000000002</ele>
 <time>2020-07-29T12:35:47Z</time>
 </trkpt>
 <trkpt lat="61.78592492826283" lon="-6.673905579373241">
 <ele>36.659999999999997</ele>
 <time>2020-07-29T12:35:53Z</time>
 </trkpt>
 <trkpt lat="61.78592492826283" lon="-6.673722183331847">
 <ele>37.43</ele>
 <time>2020-07-29T12:35:59Z</time>
 </trkpt>
 <trkpt lat="61.785920737311244" lon="-6.673506936058402">
 <ele>38.25</ele>
 <time>2020-07-29T12:36:06Z</time>
 </trkpt>
 <trkpt lat="61.78591319359839" lon="-6.673292107880116">
 <ele>38.869999999999997</ele>
 <time>2020-07-29T12:36:13Z</time>
 </trkpt>
 <trkpt lat="61.785907242447138" lon="-6.673092450946569">
 <ele>40.25</ele>
 <time>2020-07-29T12:36:20Z</time>
 </trkpt>
 <trkpt lat="61.785903135314584" lon="-6.672900756821036">
 <ele>40.219999999999999</ele>
 <time>2020-07-29T12:36:26Z</time>
 </trkpt>
 <trkpt lat="61.785884695127606" lon="-6.672717779874802">
 <ele>41.43</ele>
 <time>2020-07-29T12:36:32Z</time>
 </trkpt>
 <trkpt lat="61.785869440063834" lon="-6.672532120719552">
 <ele>40.890000000000001</ele>
 <time>2020-07-29T12:36:38Z</time>
 </trkpt>
 <trkpt lat="61.785859884694219" lon="-6.672343527898192">
 <ele>42.390000000000001</ele>
 <time>2020-07-29T12:37:00Z</time>
 </trkpt>
 <trkpt lat="61.785842198878527" lon="-6.672161892056465">
 <ele>43.640000000000001</ele>
 <time>2020-07-29T12:37:07Z</time>
 </trkpt>
 <trkpt lat="61.785825854167342" lon="-6.671965923160315">
 <ele>43.369999999999997</ele>
 <time>2020-07-29T12:37:14Z</time>
 </trkpt>
 <trkpt lat="61.785818813368678" lon="-6.671773642301559">
 <ele>45.020000000000003</ele>
 <time>2020-07-29T12:37:21Z</time>
 </trkpt>
 <trkpt lat="61.785809844732285" lon="-6.671571303158999">
 <ele>45.420000000000002</ele>
 <time>2020-07-29T12:37:28Z</time>
 </trkpt>
 <trkpt lat="61.785792745649815" lon="-6.671378100290895">
 <ele>46.75</ele>
 <time>2020-07-29T12:37:34Z</time>
 </trkpt>
 <trkpt lat="61.785778412595391" lon="-6.671167882159352">
 <ele>47.219999999999999</ele>
 <time>2020-07-29T12:37:41Z</time>
 </trkpt>
 <trkpt lat="61.785757457837462" lon="-6.67093955911696">
 <ele>47.789999999999999</ele>
 <time>2020-07-29T12:37:48Z</time>
 </trkpt>
 <trkpt lat="61.785733150318265" lon="-6.670721964910626">
 <ele>48.530000000000001</ele>
 <time>2020-07-29T12:37:55Z</time>
 </trkpt>
 <trkpt lat="61.785711608827114" lon="-6.670510992407799">
 <ele>49.409999999999997</ele>
 <time>2020-07-29T12:38:02Z</time>
 </trkpt>
 <trkpt lat="61.785700041800737" lon="-6.670316113159061">
 <ele>50.829999999999998</ele>
 <time>2020-07-29T12:38:09Z</time>
 </trkpt>
 <trkpt lat="61.78569283336401" lon="-6.67011477984488">
 <ele>51.719999999999999</ele>
 <time>2020-07-29T12:38:16Z</time>
 </trkpt>
 <trkpt lat="61.785687804222107" lon="-6.669920235872269">
 <ele>53.159999999999997</ele>
 <time>2020-07-29T12:38:22Z</time>
 </trkpt>
 <trkpt lat="61.785682775080204" lon="-6.669710353016853">
 <ele>53.659999999999997</ele>
 <time>2020-07-29T12:38:29Z</time>
 </trkpt>
 <trkpt lat="61.785664837807417" lon="-6.669507091864944">
 <ele>54.68</ele>
 <time>2020-07-29T12:38:36Z</time>
 </trkpt>
 <trkpt lat="61.785654025152326" lon="-6.669292598962784">
 <ele>55.82</ele>
 <time>2020-07-29T12:38:43Z</time>
 </trkpt>
 <trkpt lat="61.785623682662845" lon="-6.669077603146434">
 <ele>56.149999999999999</ele>
 <time>2020-07-29T12:38:50Z</time>
 </trkpt>
 <trkpt lat="61.785604571923614" lon="-6.668914491310716">
 <ele>56.57</ele>
 <time>2020-07-29T12:39:06Z</time>
 </trkpt>
 <trkpt lat="61.785647319629788" lon="-6.668718354776502">
 <ele>57.060000000000002</ele>
 <time>2020-07-29T12:39:13Z</time>
 </trkpt>
 <trkpt lat="61.78571387194097" lon="-6.66855457238853">
 <ele>56.520000000000003</ele>
 <time>2020-07-29T12:39:21Z</time>
 </trkpt>
 <trkpt lat="61.785792242735624" lon="-6.668379977345467">
 <ele>56.159999999999997</ele>
 <time>2020-07-29T12:39:28Z</time>
 </trkpt>
 <trkpt lat="61.785879079252481" lon="-6.668223403394222">
 <ele>56.920000000000002</ele>
 <time>2020-07-29T12:39:35Z</time>
 </trkpt>
 <trkpt lat="61.785952420905232" lon="-6.668091807514429">
 <ele>57.259999999999998</ele>
 <time>2020-07-29T12:39:41Z</time>
 </trkpt>
 <trkpt lat="61.786024169996381" lon="-6.667963899672031">
 <ele>56.869999999999997</ele>
 <time>2020-07-29T12:39:47Z</time>
 </trkpt>
 <trkpt lat="61.786104803904891" lon="-6.667847475036979">
 <ele>56.289999999999999</ele>
 <time>2020-07-29T12:39:59Z</time>
 </trkpt>
 <trkpt lat="61.786194490268826" lon="-6.667718812823296">
 <ele>56.859999999999999</ele>
 <time>2020-07-29T12:40:06Z</time>
 </trkpt>
 <trkpt lat="61.786282416433096" lon="-6.667608423158526">
 <ele>56.109999999999999</ele>
 <time>2020-07-29T12:40:12Z</time>
 </trkpt>
 <trkpt lat="61.78636958822608" lon="-6.667506834492087">
 <ele>54.670000000000002</ele>
 <time>2020-07-29T12:40:18Z</time>
 </trkpt>
 <trkpt lat="61.786463633179665" lon="-6.667426284402609">
 <ele>55.969999999999999</ele>
 <time>2020-07-29T12:40:24Z</time>
 </trkpt>
 <trkpt lat="61.786551056429744" lon="-6.667318325489759">
 <ele>56.159999999999997</ele>
 <time>2020-07-29T12:40:31Z</time>
 </trkpt>
 <trkpt lat="61.786646861582994" lon="-6.667194943875074">
 <ele>54.380000000000003</ele>
 <time>2020-07-29T12:40:38Z</time>
 </trkpt>
 <trkpt lat="61.786727914586663" lon="-6.667083129286766">
 <ele>54.140000000000001</ele>
 <time>2020-07-29T12:40:44Z</time>
 </trkpt>
 <trkpt lat="61.786823887377977" lon="-6.666971147060394">
 <ele>54.130000000000003</ele>
 <time>2020-07-29T12:40:50Z</time>
 </trkpt>
 <trkpt lat="61.786899575963616" lon="-6.66682630777359">
 <ele>54.07</ele>
 <time>2020-07-29T12:40:56Z</time>
 </trkpt>
 <trkpt lat="61.786987250670791" lon="-6.666698399931192">
 <ele>55.170000000000002</ele>
 <time>2020-07-29T12:41:03Z</time>
 </trkpt>
 <trkpt lat="61.787072326987982" lon="-6.666592955589294">
 <ele>55.420000000000002</ele>
 <time>2020-07-29T12:41:09Z</time>
 </trkpt>
 <trkpt lat="61.787145417183638" lon="-6.666476698592305">
 <ele>55.369999999999997</ele>
 <time>2020-07-29T12:41:15Z</time>
 </trkpt>
 <trkpt lat="61.787216244265437" lon="-6.666352143511176">
 <ele>56.68</ele>
 <time>2020-07-29T12:41:21Z</time>
 </trkpt>
 <trkpt lat="61.787289250642061" lon="-6.666225744411349">
 <ele>57.420000000000002</ele>
 <time>2020-07-29T12:41:27Z</time>
 </trkpt>
 <trkpt lat="61.787375919520855" lon="-6.666128681972623">
 <ele>57.799999999999997</ele>
 <time>2020-07-29T12:41:34Z</time>
 </trkpt>
 <trkpt lat="61.7874616663903" lon="-6.666062129661441">
 <ele>58.149999999999999</ele>
 <time>2020-07-29T12:41:41Z</time>
 </trkpt>
 <trkpt lat="61.787555878981948" lon="-6.665995242074132">
 <ele>58.649999999999999</ele>
 <time>2020-07-29T12:41:48Z</time>
 </trkpt>
 <trkpt lat="61.78764346987009" lon="-6.665905890986323">
 <ele>59.770000000000003</ele>
 <time>2020-07-29T12:41:55Z</time>
 </trkpt>
 <trkpt lat="61.787715638056397" lon="-6.665776977315545">
 <ele>61.799999999999997</ele>
 <time>2020-07-29T12:42:02Z</time>
 </trkpt>
 <trkpt lat="61.787797110155225" lon="-6.665658289566636">
 <ele>62.380000000000003</ele>
 <time>2020-07-29T12:42:09Z</time>
 </trkpt>
 <trkpt lat="61.787886712700129" lon="-6.665569441393018">
 <ele>63.579999999999998</ele>
 <time>2020-07-29T12:42:16Z</time>
 </trkpt>
 <trkpt lat="61.787966676056385" lon="-6.66542929597199">
 <ele>64.569999999999993</ele>
 <time>2020-07-29T12:42:23Z</time>
 </trkpt>
 <trkpt lat="61.788041777908802" lon="-6.665290910750628">
 <ele>65.890000000000001</ele>
 <time>2020-07-29T12:42:30Z</time>
 </trkpt>
 <trkpt lat="61.788105228915811" lon="-6.665153782814741">
 <ele>66.540000000000006</ele>
 <time>2020-07-29T12:42:36Z</time>
 </trkpt>
 <trkpt lat="61.788179744035006" lon="-6.665015732869506">
 <ele>67.840000000000003</ele>
 <time>2020-07-29T12:42:43Z</time>
 </trkpt>
 <trkpt lat="61.788260713219643" lon="-6.66489377617836">
 <ele>68.609999999999999</ele>
 <time>2020-07-29T12:42:50Z</time>
 </trkpt>
 <trkpt lat="61.788334222510457" lon="-6.664770394563675">
 <ele>69.390000000000001</ele>
 <time>2020-07-29T12:42:57Z</time>
 </trkpt>
 <trkpt lat="61.788406893610954" lon="-6.664614491164684">
 <ele>69.890000000000001</ele>
 <time>2020-07-29T12:43:04Z</time>
 </trkpt>
 <trkpt lat="61.788470344617963" lon="-6.664482643827796">
 <ele>71.159999999999997</ele>
 <time>2020-07-29T12:43:10Z</time>
 </trkpt>
 <trkpt lat="61.788530359044671" lon="-6.664317101240158">
 <ele>72.150000000000006</ele>
 <time>2020-07-29T12:43:17Z</time>
 </trkpt>
 <trkpt lat="61.788584170863032" lon="-6.664160108193755">
 <ele>73.310000000000002</ele>
 <time>2020-07-29T12:43:24Z</time>
 </trkpt>
 <trkpt lat="61.78862264379859" lon="-6.663984004408121">
 <ele>73.879999999999995</ele>
 <time>2020-07-29T12:43:48Z</time>
 </trkpt>
 <trkpt lat="61.788676958531141" lon="-6.663805721327663">
 <ele>74.480000000000004</ele>
 <time>2020-07-29T12:43:54Z</time>
 </trkpt>
 <trkpt lat="61.788730435073376" lon="-6.663642190396786">
 <ele>74.75</ele>
 <time>2020-07-29T12:44:00Z</time>
 </trkpt>
 <trkpt lat="61.788784749805927" lon="-6.663478324189782">
 <ele>74.810000000000002</ele>
 <time>2020-07-29T12:44:06Z</time>
 </trkpt>
 <trkpt lat="61.788840657100081" lon="-6.663302555680275">
 <ele>75.310000000000002</ele>
 <time>2020-07-29T12:44:13Z</time>
 </trkpt>
 <trkpt lat="61.788888266310096" lon="-6.663146400824189">
 <ele>75.930000000000007</ele>
 <time>2020-07-29T12:44:19Z</time>
 </trkpt>
 <trkpt lat="61.788942329585552" lon="-6.662987731397152">
 <ele>76.310000000000002</ele>
 <time>2020-07-29T12:44:25Z</time>
 </trkpt>
 <trkpt lat="61.788982646539807" lon="-6.662815483286977">
 <ele>76.209999999999994</ele>
 <time>2020-07-29T12:44:31Z</time>
 </trkpt>
 <trkpt lat="61.789019694551826" lon="-6.662634015083313">
 <ele>76.450000000000003</ele>
 <time>2020-07-29T12:44:37Z</time>
 </trkpt>
 <trkpt lat="61.789048025384545" lon="-6.662427065894008">
 <ele>76.450000000000003</ele>
 <time>2020-07-29T12:44:44Z</time>
 </trkpt>
 <trkpt lat="61.789067387580872" lon="-6.662226989865303">
 <ele>76.590000000000003</ele>
 <time>2020-07-29T12:44:50Z</time>
 </trkpt>
 <trkpt lat="61.789092533290386" lon="-6.662033116444945">
 <ele>76.430000000000007</ele>
 <time>2020-07-29T12:44:56Z</time>
 </trkpt>
 <trkpt lat="61.789116254076362" lon="-6.661845445632935">
 <ele>76.790000000000006</ele>
 <time>2020-07-29T12:45:14Z</time>
 </trkpt>
 <trkpt lat="61.789157325401902" lon="-6.661634473130107">
 <ele>77.060000000000002</ele>
 <time>2020-07-29T12:45:44Z</time>
 </trkpt>
 <trkpt lat="61.789195463061333" lon="-6.661434732377529">
 <ele>77.159999999999997</ele>
 <time>2020-07-29T12:45:51Z</time>
 </trkpt>
 <trkpt lat="61.789232594892383" lon="-6.661227364093065">
 <ele>77.239999999999995</ele>
 <time>2020-07-29T12:45:57Z</time>
 </trkpt>
 <trkpt lat="61.789277689531446" lon="-6.661044051870704">
 <ele>77.049999999999997</ele>
 <time>2020-07-29T12:46:03Z</time>
 </trkpt>
 <trkpt lat="61.789296800270677" lon="-6.660859398543835">
 <ele>77.010000000000005</ele>
 <time>2020-07-29T12:46:09Z</time>
 </trkpt>
 <trkpt lat="61.789333010092378" lon="-6.660662675276399">
 <ele>76.890000000000001</ele>
 <time>2020-07-29T12:46:15Z</time>
 </trkpt>
 <trkpt lat="61.78937223739922" lon="-6.660459833219647">
 <ele>76.900000000000006</ele>
 <time>2020-07-29T12:46:21Z</time>
 </trkpt>
 <trkpt lat="61.789412554353476" lon="-6.660259757190943">
 <ele>76.890000000000001</ele>
 <time>2020-07-29T12:46:27Z</time>
 </trkpt>
 <trkpt lat="61.789448177441955" lon="-6.660081474110484">
 <ele>76.959999999999994</ele>
 <time>2020-07-29T12:46:33Z</time>
 </trkpt>
 <trkpt lat="61.789470054209232" lon="-6.659880476072431">
 <ele>77.159999999999997</ele>
 <time>2020-07-29T12:46:39Z</time>
 </trkpt>
 <trkpt lat="61.789496960118413" lon="-6.65966740809381">
 <ele>76.909999999999997</ele>
 <time>2020-07-29T12:46:45Z</time>
 </trkpt>
 <trkpt lat="61.789539875462651" lon="-6.659469762817025">
 <ele>77.620000000000005</ele>
 <time>2020-07-29T12:46:51Z</time>
 </trkpt>
 <trkpt lat="61.789595112204552" lon="-6.659299861639738">
 <ele>77.840000000000003</ele>
 <time>2020-07-29T12:46:57Z</time>
 </trkpt>
 <trkpt lat="61.789650684222579" lon="-6.659147311002016">
 <ele>78.829999999999998</ele>
 <time>2020-07-29T12:47:03Z</time>
 </trkpt>
 <trkpt lat="61.789699383080006" lon="-6.658980343490839">
 <ele>79.140000000000001</ele>
 <time>2020-07-29T12:47:09Z</time>
 </trkpt>
 <trkpt lat="61.789734167978168" lon="-6.658787224441767">
 <ele>80.689999999999998</ele>
 <time>2020-07-29T12:47:16Z</time>
 </trkpt>
 <trkpt lat="61.789774987846613" lon="-6.658590333536267">
 <ele>81.189999999999998</ele>
 <time>2020-07-29T12:47:23Z</time>
 </trkpt>
 <trkpt lat="61.789832068607211" lon="-6.658401489257813">
 <ele>81.859999999999999</ele>
 <time>2020-07-29T12:47:30Z</time>
 </trkpt>
 <trkpt lat="61.789911277592182" lon="-6.658272659406066">
 <ele>81.870000000000005</ele>
 <time>2020-07-29T12:47:38Z</time>
 </trkpt>
 <trkpt lat="61.7900001257658" lon="-6.658177776262164">
 <ele>82.329999999999998</ele>
 <time>2020-07-29T12:47:44Z</time>
 </trkpt>
 <trkpt lat="61.790086375549436" lon="-6.658091694116592">
 <ele>82.269999999999996</ele>
 <time>2020-07-29T12:47:50Z</time>
 </trkpt>
 <trkpt lat="61.79016575217247" lon="-6.657976694405079">
 <ele>82.349999999999994</ele>
 <time>2020-07-29T12:48:01Z</time>
 </trkpt>
 <trkpt lat="61.790258288383484" lon="-6.657874686643481">
 <ele>81.829999999999998</ele>
 <time>2020-07-29T12:48:08Z</time>
 </trkpt>
 <trkpt lat="61.790358787402511" lon="-6.657801009714603">
 <ele>80.420000000000002</ele>
 <time>2020-07-29T12:48:15Z</time>
 </trkpt>
 <trkpt lat="61.790450569242239" lon="-6.657746024429798">
 <ele>79.930000000000007</ele>
 <time>2020-07-29T12:48:20Z</time>
 </trkpt>
 <trkpt lat="61.790547464042902" lon="-6.657686429098249">
 <ele>80.569999999999993</ele>
 <time>2020-07-29T12:48:26Z</time>
 </trkpt>
 <trkpt lat="61.790652489289641" lon="-6.657584253698587">
 <ele>80.349999999999994</ele>
 <time>2020-07-29T12:48:33Z</time>
 </trkpt>
 <trkpt lat="61.790740583091974" lon="-6.657507978379726">
 <ele>79.909999999999997</ele>
 <time>2020-07-29T12:48:39Z</time>
 </trkpt>
 <trkpt lat="61.790842339396477" lon="-6.657445449382067">
 <ele>80.019999999999996</ele>
 <time>2020-07-29T12:48:45Z</time>
 </trkpt>
 <trkpt lat="61.790938731282949" lon="-6.657382836565375">
 <ele>79.060000000000002</ele>
 <time>2020-07-29T12:48:51Z</time>
 </trkpt>
 <trkpt lat="61.79102229885757" lon="-6.657295664772391">
 <ele>78.939999999999998</ele>
 <time>2020-07-29T12:48:57Z</time>
 </trkpt>
 <trkpt lat="61.791107710450888" lon="-6.657221987843514">
 <ele>78.219999999999999</ele>
 <time>2020-07-29T12:49:03Z</time>
 </trkpt>
 <trkpt lat="61.791195468977094" lon="-6.657185442745686">
 <ele>78.469999999999999</ele>
 <time>2020-07-29T12:49:08Z</time>
 </trkpt>
 <trkpt lat="61.791287418454885" lon="-6.657151076942682">
 <ele>78.930000000000007</ele>
 <time>2020-07-29T12:49:13Z</time>
 </trkpt>
 <trkpt lat="61.79138196632266" lon="-6.657120818272233">
 <ele>78.870000000000005</ele>
 <time>2020-07-29T12:49:19Z</time>
 </trkpt>
 <trkpt lat="61.791474502533674" lon="-6.657061390578747">
 <ele>77.739999999999995</ele>
 <time>2020-07-29T12:49:25Z</time>
 </trkpt>
 <trkpt lat="61.791574414819479" lon="-6.656996430829167">
 <ele>77.430000000000007</ele>
 <time>2020-07-29T12:49:32Z</time>
 </trkpt>
 <trkpt lat="61.791679942980409" lon="-6.65696625597775">
 <ele>76.480000000000004</ele>
 <time>2020-07-29T12:49:38Z</time>
 </trkpt>
 <trkpt lat="61.791782034561038" lon="-6.656926944851875">
 <ele>77.060000000000002</ele>
 <time>2020-07-29T12:49:44Z</time>
 </trkpt>
 <trkpt lat="61.791875660419464" lon="-6.656845640391111">
 <ele>76.590000000000003</ele>
 <time>2020-07-29T12:49:51Z</time>
 </trkpt>
 <trkpt lat="61.79196098819375" lon="-6.65674639865756">
 <ele>76.019999999999996</ele>
 <time>2020-07-29T12:49:57Z</time>
 </trkpt>
 <trkpt lat="61.792057631537318" lon="-6.656667608767748">
 <ele>75.209999999999994</ele>
 <time>2020-07-29T12:50:04Z</time>
 </trkpt>
 <trkpt lat="61.792140193283558" lon="-6.656595189124346">
 <ele>75.150000000000006</ele>
 <time>2020-07-29T12:50:09Z</time>
 </trkpt>
 <trkpt lat="61.792241279035807" lon="-6.656532660126686">
 <ele>74.760000000000005</ele>
 <time>2020-07-29T12:50:15Z</time>
 </trkpt>
 <trkpt lat="61.792330043390393" lon="-6.656482368707657">
 <ele>74.269999999999996</ele>
 <time>2020-07-29T12:50:22Z</time>
 </trkpt>
 <trkpt lat="61.792425261810422" lon="-6.656425455585122">
 <ele>75</ele>
 <time>2020-07-29T12:50:28Z</time>
 </trkpt>
 <trkpt lat="61.792521569877863" lon="-6.65635596960783">
 <ele>74.189999999999998</ele>
 <time>2020-07-29T12:50:35Z</time>
 </trkpt>
 <trkpt lat="61.792624164372683" lon="-6.656280364841223">
 <ele>74.370000000000005</ele>
 <time>2020-07-29T12:50:42Z</time>
 </trkpt>
 <trkpt lat="61.792712844908237" lon="-6.656245831400156">
 <ele>74.640000000000001</ele>
 <time>2020-07-29T12:50:47Z</time>
 </trkpt>
 <trkpt lat="61.792804794386029" lon="-6.656210878863931">
 <ele>75.189999999999998</ele>
 <time>2020-07-29T12:50:53Z</time>
 </trkpt>
 <trkpt lat="61.792908310890198" lon="-6.656223954632878">
 <ele>74.319999999999993</ele>
 <time>2020-07-29T12:51:00Z</time>
 </trkpt>
 <trkpt lat="61.793005624786019" lon="-6.656230743974447">
 <ele>72.420000000000002</ele>
 <time>2020-07-29T12:51:06Z</time>
 </trkpt>
 <trkpt lat="61.793094305321574" lon="-6.656265025958419">
 <ele>72.709999999999994</ele>
 <time>2020-07-29T12:51:44Z</time>
 </trkpt>
 <trkpt lat="61.793186590075493" lon="-6.656305007636547">
 <ele>72.799999999999997</ele>
 <time>2020-07-29T12:51:50Z</time>
 </trkpt>
 <trkpt lat="61.793276444077492" lon="-6.656341636553407">
 <ele>71.299999999999997</ele>
 <time>2020-07-29T12:51:55Z</time>
 </trkpt>
 <trkpt lat="61.79336822591722" lon="-6.656392095610499">
 <ele>70.650000000000006</ele>
 <time>2020-07-29T12:52:01Z</time>
 </trkpt>
 <trkpt lat="61.793457744643092" lon="-6.656442973762751">
 <ele>70.359999999999999</ele>
 <time>2020-07-29T12:52:07Z</time>
 </trkpt>
 <trkpt lat="61.793556902557611" lon="-6.656510531902313">
 <ele>70.760000000000005</ele>
 <time>2020-07-29T12:52:13Z</time>
 </trkpt>
 <trkpt lat="61.79365262389183" lon="-6.656571300700307">
 <ele>70.890000000000001</ele>
 <time>2020-07-29T12:52:19Z</time>
 </trkpt>
 <trkpt lat="61.793748931959271" lon="-6.656611114740372">
 <ele>69.879999999999995</ele>
 <time>2020-07-29T12:52:25Z</time>
 </trkpt>
 <trkpt lat="61.793827470391989" lon="-6.656654868274927">
 <ele>70.590000000000003</ele>
 <time>2020-07-29T12:52:34Z</time>
 </trkpt>
 <trkpt lat="61.793916989117861" lon="-6.656744470819831">
 <ele>71.370000000000005</ele>
 <time>2020-07-29T12:52:55Z</time>
 </trkpt>
 <trkpt lat="61.794010112062097" lon="-6.656811526045203">
 <ele>71.540000000000006</ele>
 <time>2020-07-29T12:53:02Z</time>
 </trkpt>
 <trkpt lat="61.794123854488134" lon="-6.656878581270576">
 <ele>72.75</ele>
 <time>2020-07-29T12:53:09Z</time>
 </trkpt>
 <trkpt lat="61.794219240546227" lon="-6.656943876296282">
 <ele>72.969999999999999</ele>
 <time>2020-07-29T12:53:15Z</time>
 </trkpt>
 <trkpt lat="61.794303813949227" lon="-6.657031299546361">
 <ele>73.930000000000007</ele>
 <time>2020-07-29T12:53:21Z</time>
 </trkpt>
 <trkpt lat="61.794396098703146" lon="-6.657103300094605">
 <ele>71.969999999999999</ele>
 <time>2020-07-29T12:53:29Z</time>
 </trkpt>
 <trkpt lat="61.794492239132524" lon="-6.657185610383749">
 <ele>74.090000000000003</ele>
 <time>2020-07-29T12:53:43Z</time>
 </trkpt>
 <trkpt lat="61.794579410925508" lon="-6.65726674720645">
 <ele>74.890000000000001</ele>
 <time>2020-07-29T12:53:50Z</time>
 </trkpt>
 <trkpt lat="61.794682759791613" lon="-6.657353332266212">
 <ele>75.140000000000001</ele>
 <time>2020-07-29T12:53:58Z</time>
 </trkpt>
 <trkpt lat="61.794784683734179" lon="-6.657422985881567">
 <ele>76.200000000000003</ele>
 <time>2020-07-29T12:54:05Z</time>
 </trkpt>
 <trkpt lat="61.794886440038681" lon="-6.657487694174051">
 <ele>75.709999999999994</ele>
 <time>2020-07-29T12:54:12Z</time>
 </trkpt>
 <trkpt lat="61.794983670115471" lon="-6.657535051926971">
 <ele>76.859999999999999</ele>
 <time>2020-07-29T12:54:18Z</time>
 </trkpt>
 <trkpt lat="61.795074697583914" lon="-6.657607136294246">
 <ele>77.370000000000005</ele>
 <time>2020-07-29T12:54:24Z</time>
 </trkpt>
 <trkpt lat="61.795169580727816" lon="-6.657667402178049">
 <ele>78.879999999999995</ele>
 <time>2020-07-29T12:54:31Z</time>
 </trkpt>
 <trkpt lat="61.795270750299096" lon="-6.657719034701586">
 <ele>79.129999999999995</ele>
 <time>2020-07-29T12:54:37Z</time>
 </trkpt>
 <trkpt lat="61.795372925698757" lon="-6.657750383019447">
 <ele>80.209999999999994</ele>
 <time>2020-07-29T12:54:43Z</time>
 </trkpt>
 <trkpt lat="61.795469569042325" lon="-6.657777288928628">
 <ele>78.890000000000001</ele>
 <time>2020-07-29T12:54:49Z</time>
 </trkpt>
 <trkpt lat="61.79555774666369" lon="-6.657808301970363">
 <ele>79.650000000000006</ele>
 <time>2020-07-29T12:54:55Z</time>
 </trkpt>
 <trkpt lat="61.795659083873034" lon="-6.657851384952664">
 <ele>79.640000000000001</ele>
 <time>2020-07-29T12:55:02Z</time>
 </trkpt>
 <trkpt lat="61.795772239565849" lon="-6.657874938100576">
 <ele>79.090000000000003</ele>
 <time>2020-07-29T12:55:09Z</time>
 </trkpt>
 <trkpt lat="61.795877851545811" lon="-6.657918440178037">
 <ele>78.480000000000004</ele>
 <time>2020-07-29T12:55:15Z</time>
 </trkpt>
 <trkpt lat="61.795976087450981" lon="-6.657984238117933">
 <ele>78.680000000000007</ele>
 <time>2020-07-29T12:55:22Z</time>
 </trkpt>
 <trkpt lat="61.796070216223598" lon="-6.658030338585377">
 <ele>78.040000000000006</ele>
 <time>2020-07-29T12:55:28Z</time>
 </trkpt>
 <trkpt lat="61.796169793233275" lon="-6.658091610297561">
 <ele>77.390000000000001</ele>
 <time>2020-07-29T12:55:34Z</time>
 </trkpt>
 <trkpt lat="61.796272723004222" lon="-6.658132346346974">
 <ele>77.269999999999996</ele>
 <time>2020-07-29T12:55:40Z</time>
 </trkpt>
 <trkpt lat="61.796365929767489" lon="-6.65815849788487">
 <ele>77.489999999999995</ele>
 <time>2020-07-29T12:55:46Z</time>
 </trkpt>
 <trkpt lat="61.79646810516715" lon="-6.658153971657157">
 <ele>77.040000000000006</ele>
 <time>2020-07-29T12:55:52Z</time>
 </trkpt>
 <trkpt lat="61.796563155949116" lon="-6.658131675794721">
 <ele>77.670000000000002</ele>
 <time>2020-07-29T12:55:57Z</time>
 </trkpt>
 <trkpt lat="61.796666840091348" lon="-6.658113235607743">
 <ele>78.079999999999998</ele>
 <time>2020-07-29T12:56:03Z</time>
 </trkpt>
 <trkpt lat="61.79675635881722" lon="-6.658120946958661">
 <ele>76.5</ele>
 <time>2020-07-29T12:56:13Z</time>
 </trkpt>
 <trkpt lat="61.796846715733409" lon="-6.658090017735958">
 <ele>76.909999999999997</ele>
 <time>2020-07-29T12:56:19Z</time>
 </trkpt>
 <trkpt lat="61.79694252088666" lon="-6.658059926703572">
 <ele>76.280000000000001</ele>
 <time>2020-07-29T12:56:25Z</time>
 </trkpt>
 <trkpt lat="61.797051234170794" lon="-6.658041151240468">
 <ele>76.219999999999999</ele>
 <time>2020-07-29T12:56:31Z</time>
 </trkpt>
 <trkpt lat="61.797150308266282" lon="-6.658001504838467">
 <ele>76.25</ele>
 <time>2020-07-29T12:56:37Z</time>
 </trkpt>
 <trkpt lat="61.797245526686311" lon="-6.657976862043142">
 <ele>76.329999999999998</ele>
 <time>2020-07-29T12:56:43Z</time>
 </trkpt>
 <trkpt lat="61.797347953543067" lon="-6.657950878143311">
 <ele>75.769999999999996</ele>
 <time>2020-07-29T12:56:49Z</time>
 </trkpt>
 <trkpt lat="61.797441663220525" lon="-6.657924056053162">
 <ele>75.510000000000005</ele>
 <time>2020-07-29T12:56:54Z</time>
 </trkpt>
 <trkpt lat="61.797528164461255" lon="-6.657908549532294">
 <ele>74.900000000000006</ele>
 <time>2020-07-29T12:57:00Z</time>
 </trkpt>
 <trkpt lat="61.797621287405491" lon="-6.657908381894231">
 <ele>74.840000000000003</ele>
 <time>2020-07-29T12:57:06Z</time>
 </trkpt>
 <trkpt lat="61.797731090337038" lon="-6.657921792939305">
 <ele>75.150000000000006</ele>
 <time>2020-07-29T12:57:12Z</time>
 </trkpt>
 <trkpt lat="61.79783184081316" lon="-6.657930258661509">
 <ele>74.379999999999995</ele>
 <time>2020-07-29T12:57:18Z</time>
 </trkpt>
 <trkpt lat="61.797914486378431" lon="-6.657935623079538">
 <ele>75.159999999999997</ele>
 <time>2020-07-29T12:57:36Z</time>
 </trkpt>
 <trkpt lat="61.798007022589445" lon="-6.657940819859505">
 <ele>74.609999999999999</ele>
 <time>2020-07-29T12:57:42Z</time>
 </trkpt>
 <trkpt lat="61.798097211867571" lon="-6.657953895628452">
 <ele>74.739999999999995</ele>
 <time>2020-07-29T12:57:48Z</time>
 </trkpt>
 <trkpt lat="61.798194022849202" lon="-6.657982980832458">
 <ele>74.030000000000001</ele>
 <time>2020-07-29T12:57:54Z</time>
 </trkpt>
 <trkpt lat="61.798279015347362" lon="-6.658048275858164">
 <ele>74.480000000000004</ele>
 <time>2020-07-29T12:58:00Z</time>
 </trkpt>
 <trkpt lat="61.798377921804786" lon="-6.658091275021434">
 <ele>74.430000000000007</ele>
 <time>2020-07-29T12:58:06Z</time>
 </trkpt>
 <trkpt lat="61.798466937616467" lon="-6.658138297498226">
 <ele>75.159999999999997</ele>
 <time>2020-07-29T12:58:11Z</time>
 </trkpt>
 <trkpt lat="61.798554277047515" lon="-6.658218093216419">
 <ele>75.480000000000004</ele>
 <time>2020-07-29T12:58:17Z</time>
 </trkpt>
 <trkpt lat="61.798640694469213" lon="-6.658293446525931">
 <ele>72.140000000000001</ele>
 <time>2020-07-29T12:58:23Z</time>
 </trkpt>
 <trkpt lat="61.798729710280895" lon="-6.658374415710568">
 <ele>72.609999999999999</ele>
 <time>2020-07-29T12:58:29Z</time>
 </trkpt>
 <trkpt lat="61.798825263977051" lon="-6.658452199772">
 <ele>71.790000000000006</ele>
 <time>2020-07-29T12:58:35Z</time>
 </trkpt>
 <trkpt lat="61.798911178484559" lon="-6.658518081530929">
 <ele>71.180000000000007</ele>
 <time>2020-07-29T12:58:41Z</time>
 </trkpt>
 <trkpt lat="61.799005558714271" lon="-6.658564433455467">
 <ele>71.280000000000001</ele>
 <time>2020-07-29T12:58:47Z</time>
 </trkpt>
 <trkpt lat="61.799106895923615" lon="-6.658622771501541">
 <ele>70.170000000000002</ele>
 <time>2020-07-29T12:58:53Z</time>
 </trkpt>
 <trkpt lat="61.799205215647817" lon="-6.658680606633425">
 <ele>69.879999999999995</ele>
 <time>2020-07-29T12:58:59Z</time>
 </trkpt>
 <trkpt lat="61.799302864819765" lon="-6.658749924972653">
 <ele>69.829999999999998</ele>
 <time>2020-07-29T12:59:05Z</time>
 </trkpt>
 <trkpt lat="61.799398167058825" lon="-6.658809604123235">
 <ele>64.079999999999998</ele>
 <time>2020-07-29T12:59:11Z</time>
 </trkpt>
 <trkpt lat="61.799496486783028" lon="-6.658858470618725">
 <ele>62.030000000000001</ele>
 <time>2020-07-29T12:59:18Z</time>
 </trkpt>
 <trkpt lat="61.799589609727263" lon="-6.658879928290844">
 <ele>63.960000000000001</ele>
 <time>2020-07-29T12:59:24Z</time>
 </trkpt>
 <trkpt lat="61.799699580296874" lon="-6.65889585390687">
 <ele>64.349999999999994</ele>
 <time>2020-07-29T12:59:30Z</time>
 </trkpt>
 <trkpt lat="61.799803432077169" lon="-6.65892468765378">
 <ele>61.509999999999998</ele>
 <time>2020-07-29T12:59:36Z</time>
 </trkpt>
 <trkpt lat="61.799908373504877" lon="-6.658942122012377">
 <ele>63.68</ele>
 <time>2020-07-29T12:59:42Z</time>
 </trkpt>
 <trkpt lat="61.800009543076158" lon="-6.658973302692175">
 <ele>62.020000000000003</ele>
 <time>2020-07-29T12:59:48Z</time>
 </trkpt>
 <trkpt lat="61.800110545009375" lon="-6.659001549705863">
 <ele>61.420000000000002</ele>
 <time>2020-07-29T12:59:54Z</time>
 </trkpt>
 <trkpt lat="61.800213726237416" lon="-6.659036837518215">
 <ele>61.030000000000001</ele>
 <time>2020-07-29T13:00:00Z</time>
 </trkpt>
 <trkpt lat="61.800303161144257" lon="-6.65908151306212">
 <ele>60.280000000000001</ele>
 <time>2020-07-29T13:00:06Z</time>
 </trkpt>
 <trkpt lat="61.800395278260112" lon="-6.659125937148929">
 <ele>60.43</ele>
 <time>2020-07-29T13:00:12Z</time>
 </trkpt>
 <trkpt lat="61.800494017079473" lon="-6.659178240224719">
 <ele>58.130000000000003</ele>
 <time>2020-07-29T13:00:18Z</time>
 </trkpt>
 <trkpt lat="61.800591414794326" lon="-6.65922517888248">
 <ele>58.310000000000002</ele>
 <time>2020-07-29T13:00:24Z</time>
 </trkpt>
 <trkpt lat="61.800692668184638" lon="-6.659250743687153">
 <ele>59.549999999999997</ele>
 <time>2020-07-29T13:00:30Z</time>
 </trkpt>
 <trkpt lat="61.800797944888473" lon="-6.659265998750925">
 <ele>59.380000000000003</ele>
 <time>2020-07-29T13:00:36Z</time>
 </trkpt>
 <trkpt lat="61.800905233249068" lon="-6.659269100055099">
 <ele>58.710000000000001</ele>
 <time>2020-07-29T13:00:42Z</time>
 </trkpt>
 <trkpt lat="61.801007324829698" lon="-6.659266417846084">
 <ele>59.289999999999999</ele>
 <time>2020-07-29T13:00:48Z</time>
 </trkpt>
 <trkpt lat="61.801114194095135" lon="-6.659298269078136">
 <ele>58.57</ele>
 <time>2020-07-29T13:00:56Z</time>
 </trkpt>
 <trkpt lat="61.80122441612184" lon="-6.659339005127549">
 <ele>59.210000000000001</ele>
 <time>2020-07-29T13:01:03Z</time>
 </trkpt>
 <trkpt lat="61.801317203789949" lon="-6.659379741176963">
 <ele>58.259999999999998</ele>
 <time>2020-07-29T13:01:09Z</time>
 </trkpt>
 <trkpt lat="61.801421474665403" lon="-6.659400947391987">
 <ele>58.68</ele>
 <time>2020-07-29T13:01:16Z</time>
 </trkpt>
 <trkpt lat="61.801534043624997" lon="-6.659418465569615">
 <ele>59.590000000000003</ele>
 <time>2020-07-29T13:01:23Z</time>
 </trkpt>
 <trkpt lat="61.801624484360218" lon="-6.659458614885807">
 <ele>63.109999999999999</ele>
 <time>2020-07-29T13:01:29Z</time>
 </trkpt>
 <trkpt lat="61.801714757457376" lon="-6.659522233530879">
 <ele>58.990000000000002</ele>
 <time>2020-07-29T13:01:35Z</time>
 </trkpt>
 <trkpt lat="61.801808550953865" lon="-6.659564478322864">
 <ele>57.259999999999998</ele>
 <time>2020-07-29T13:01:41Z</time>
 </trkpt>
 <trkpt lat="61.801892202347517" lon="-6.659617619588971">
 <ele>55.840000000000003</ele>
 <time>2020-07-29T13:01:47Z</time>
 </trkpt>
 <trkpt lat="61.80198373273015" lon="-6.659674281254411">
 <ele>54.07</ele>
 <time>2020-07-29T13:01:53Z</time>
 </trkpt>
 <trkpt lat="61.802077190950513" lon="-6.659723985940218">
 <ele>54.789999999999999</ele>
 <time>2020-07-29T13:01:59Z</time>
 </trkpt>
 <trkpt lat="61.80218112654984" lon="-6.659774528816342">
 <ele>53.289999999999999</ele>
 <time>2020-07-29T13:02:05Z</time>
 </trkpt>
 <trkpt lat="61.802281206473708" lon="-6.659816354513168">
 <ele>55.810000000000002</ele>
 <time>2020-07-29T13:02:11Z</time>
 </trkpt>
 <trkpt lat="61.802376173436642" lon="-6.659881817176938">
 <ele>50.030000000000001</ele>
 <time>2020-07-29T13:02:17Z</time>
 </trkpt>
 <trkpt lat="61.802471056580544" lon="-6.659970413893461">
 <ele>50.439999999999998</ele>
 <time>2020-07-29T13:02:23Z</time>
 </trkpt>
 <trkpt lat="61.80256619118154" lon="-6.660053730010986">
 <ele>50.159999999999997</ele>
 <time>2020-07-29T13:02:29Z</time>
 </trkpt>
 <trkpt lat="61.80266534909606" lon="-6.660107122734189">
 <ele>49.719999999999999</ele>
 <time>2020-07-29T13:02:35Z</time>
 </trkpt>
 <trkpt lat="61.802762914448977" lon="-6.660131933167577">
 <ele>49.32</ele>
 <time>2020-07-29T13:02:41Z</time>
 </trkpt>
 <trkpt lat="61.802863078191876" lon="-6.660160766914487">
 <ele>48.979999999999997</ele>
 <time>2020-07-29T13:02:47Z</time>
 </trkpt>
 <trkpt lat="61.802960895001888" lon="-6.660198653116822">
 <ele>50.32</ele>
 <time>2020-07-29T13:02:53Z</time>
 </trkpt>
 <trkpt lat="61.803061813116074" lon="-6.660228408873081">
 <ele>49.93</ele>
 <time>2020-07-29T13:02:59Z</time>
 </trkpt>
 <trkpt lat="61.803155271336436" lon="-6.660247771069408">
 <ele>49.390000000000001</ele>
 <time>2020-07-29T13:03:05Z</time>
 </trkpt>
 <trkpt lat="61.803272450342774" lon="-6.660255650058389">
 <ele>49.490000000000002</ele>
 <time>2020-07-29T13:03:12Z</time>
 </trkpt>
 <trkpt lat="61.803378397598863" lon="-6.660269815474749">
 <ele>49.359999999999999</ele>
 <time>2020-07-29T13:03:18Z</time>
 </trkpt>
 <trkpt lat="61.803475962951779" lon="-6.660304935649037">
 <ele>49.759999999999998</ele>
 <time>2020-07-29T13:03:24Z</time>
 </trkpt>
 <trkpt lat="61.803581574931741" lon="-6.660316754132509">
 <ele>48.93</ele>
 <time>2020-07-29T13:03:30Z</time>
 </trkpt>
 <trkpt lat="61.803686013445258" lon="-6.660323711112142">
 <ele>50.479999999999997</ele>
 <time>2020-07-29T13:03:36Z</time>
 </trkpt>
 <trkpt lat="61.803788943216205" lon="-6.660349778831005">
 <ele>50.479999999999997</ele>
 <time>2020-07-29T13:03:43Z</time>
 </trkpt>
 <trkpt lat="61.803894555196166" lon="-6.660384396091104">
 <ele>52.340000000000003</ele>
 <time>2020-07-29T13:03:50Z</time>
 </trkpt>
 <trkpt lat="61.8039963953197" lon="-6.660401076078415">
 <ele>50.859999999999999</ele>
 <time>2020-07-29T13:03:56Z</time>
 </trkpt>
 <trkpt lat="61.804088931530714" lon="-6.660450529307127">
 <ele>50.359999999999999</ele>
 <time>2020-07-29T13:04:02Z</time>
 </trkpt>
 <trkpt lat="61.804182892665267" lon="-6.660508532077074">
 <ele>51.369999999999997</ele>
 <time>2020-07-29T13:04:08Z</time>
 </trkpt>
 <trkpt lat="61.80426905862987" lon="-6.660581873729825">
 <ele>52.509999999999998</ele>
 <time>2020-07-29T13:04:14Z</time>
 </trkpt>
 <trkpt lat="61.804364025592804" lon="-6.660686228424311">
 <ele>51.18</ele>
 <time>2020-07-29T13:04:21Z</time>
 </trkpt>
 <trkpt lat="61.804455136880279" lon="-6.660800557583571">
 <ele>52.350000000000001</ele>
 <time>2020-07-29T13:04:28Z</time>
 </trkpt>
 <trkpt lat="61.804531328380108" lon="-6.660909438505769">
 <ele>55.649999999999999</ele>
 <time>2020-07-29T13:04:34Z</time>
 </trkpt>
 <trkpt lat="61.80459595285356" lon="-6.661064755171537">
 <ele>52.049999999999997</ele>
 <time>2020-07-29T13:04:41Z</time>
 </trkpt>
 <trkpt lat="61.804660577327013" lon="-6.66122417896986">
 <ele>52.399999999999999</ele>
 <time>2020-07-29T13:04:48Z</time>
 </trkpt>
 <trkpt lat="61.804715311154723" lon="-6.661394834518433">
 <ele>53.509999999999998</ele>
 <time>2020-07-29T13:04:55Z</time>
 </trkpt>
 <trkpt lat="61.804768787696958" lon="-6.661572027951479">
 <ele>52.93</ele>
 <time>2020-07-29T13:05:02Z</time>
 </trkpt>
 <trkpt lat="61.804823605343699" lon="-6.661743270233274">
 <ele>51.950000000000003</ele>
 <time>2020-07-29T13:05:09Z</time>
 </trkpt>
 <trkpt lat="61.804869119077921" lon="-6.661907304078341">
 <ele>53.950000000000003</ele>
 <time>2020-07-29T13:05:15Z</time>
 </trkpt>
 <trkpt lat="61.80490524508059" lon="-6.662110229954124">
 <ele>52.659999999999997</ele>
 <time>2020-07-29T13:05:22Z</time>
 </trkpt>
 <trkpt lat="61.804941287264228" lon="-6.662311144173145">
 <ele>53.469999999999999</ele>
 <time>2020-07-29T13:05:29Z</time>
 </trkpt>
 <trkpt lat="61.80497364141047" lon="-6.662514992058277">
 <ele>53.659999999999997</ele>
 <time>2020-07-29T13:05:36Z</time>
 </trkpt>
 <trkpt lat="61.804970037192106" lon="-6.662668799981475">
 <ele>49.950000000000003</ele>
 <time>2020-07-29T13:06:29Z</time>
 </trkpt>
 <trkpt lat="61.804967606440187" lon="-6.662760330364108">
 <ele>48.340000000000003</ele>
 <time>2020-07-29T13:07:41Z</time>
 </trkpt>
 <trkpt lat="61.804959224537015" lon="-6.662970716133714">
 <ele>46.399999999999999</ele>
 <time>2020-07-29T13:07:48Z</time>
 </trkpt>
 <trkpt lat="61.804956123232841" lon="-6.663162326440215">
 <ele>47.909999999999997</ele>
 <time>2020-07-29T13:07:54Z</time>
 </trkpt>
 <trkpt lat="61.804961571469903" lon="-6.663362821564078">
 <ele>47.899999999999999</ele>
 <time>2020-07-29T13:08:00Z</time>
 </trkpt>
 <trkpt lat="61.804946819320321" lon="-6.663571782410145">
 <ele>45.829999999999998</ele>
 <time>2020-07-29T13:08:06Z</time>
 </trkpt>
 <trkpt lat="61.804940532892942" lon="-6.663787784054875">
 <ele>43.350000000000001</ele>
 <time>2020-07-29T13:08:12Z</time>
 </trkpt>
 <trkpt lat="61.804938018321991" lon="-6.664005964994431">
 <ele>43.399999999999999</ele>
 <time>2020-07-29T13:08:18Z</time>
 </trkpt>
 <trkpt lat="61.804942628368735" lon="-6.664206124842167">
 <ele>40.789999999999999</ele>
 <time>2020-07-29T13:08:24Z</time>
 </trkpt>
 <trkpt lat="61.80495067499578" lon="-6.664416845887899">
 <ele>42.07</ele>
 <time>2020-07-29T13:08:30Z</time>
 </trkpt>
 <trkpt lat="61.804991494864225" lon="-6.664613485336304">
 <ele>40.18</ele>
 <time>2020-07-29T13:08:36Z</time>
 </trkpt>
 <trkpt lat="61.805052598938346" lon="-6.664772238582373">
 <ele>40.68</ele>
 <time>2020-07-29T13:08:42Z</time>
 </trkpt>
 <trkpt lat="61.805124096572399" lon="-6.664942391216755">
 <ele>39.43</ele>
 <time>2020-07-29T13:08:48Z</time>
 </trkpt>
 <trkpt lat="61.805172711610794" lon="-6.665121847763658">
 <ele>39.840000000000003</ele>
 <time>2020-07-29T13:08:54Z</time>
 </trkpt>
 <trkpt lat="61.805211352184415" lon="-6.665304740890861">
 <ele>40.18</ele>
 <time>2020-07-29T13:09:00Z</time>
 </trkpt>
 <trkpt lat="61.805229624733329" lon="-6.665513115003705">
 <ele>40.689999999999998</ele>
 <time>2020-07-29T13:09:07Z</time>
 </trkpt>
 <trkpt lat="61.805209927260876" lon="-6.665752166882157">
 <ele>40.189999999999998</ele>
 <time>2020-07-29T13:09:29Z</time>
 </trkpt>
 <trkpt lat="61.805180087685585" lon="-6.665979316458106">
 <ele>35.609999999999999</ele>
 <time>2020-07-29T13:09:36Z</time>
 </trkpt>
 <trkpt lat="61.805127700790763" lon="-6.666182912886143">
 <ele>36.920000000000002</ele>
 <time>2020-07-29T13:09:42Z</time>
 </trkpt>
 <trkpt lat="61.805069865658879" lon="-6.666357843205333">
 <ele>36.18</ele>
 <time>2020-07-29T13:09:48Z</time>
 </trkpt>
 <trkpt lat="61.805014545097947" lon="-6.666513998061419">
 <ele>32.479999999999997</ele>
 <time>2020-07-29T13:09:54Z</time>
 </trkpt>
 <trkpt lat="61.804957380518317" lon="-6.666702004149556">
 <ele>34.479999999999997</ele>
 <time>2020-07-29T13:10:00Z</time>
 </trkpt>
 <trkpt lat="61.804906670004129" lon="-6.666865535080433">
 <ele>32.810000000000002</ele>
 <time>2020-07-29T13:10:06Z</time>
 </trkpt>
 <trkpt lat="61.804845230653882" lon="-6.667058570310473">
 <ele>31.670000000000002</ele>
 <time>2020-07-29T13:10:14Z</time>
 </trkpt>
 <trkpt lat="61.804787563160062" lon="-6.66724213398993">
 <ele>31.129999999999999</ele>
 <time>2020-07-29T13:10:43Z</time>
 </trkpt>
 <trkpt lat="61.804734840989113" lon="-6.667415890842676">
 <ele>30.489999999999998</ele>
 <time>2020-07-29T13:10:49Z</time>
 </trkpt>
 <trkpt lat="61.804691171273589" lon="-6.667603813111782">
 <ele>30.129999999999999</ele>
 <time>2020-07-29T13:10:55Z</time>
 </trkpt>
 <trkpt lat="61.804659487679601" lon="-6.667795591056347">
 <ele>29.579999999999998</ele>
 <time>2020-07-29T13:11:01Z</time>
 </trkpt>
 <trkpt lat="61.804641801863909" lon="-6.66801611892879">
 <ele>28.100000000000001</ele>
 <time>2020-07-29T13:11:07Z</time>
 </trkpt>
 <trkpt lat="61.804612716659904" lon="-6.668228516355157">
 <ele>28.469999999999999</ele>
 <time>2020-07-29T13:11:13Z</time>
 </trkpt>
 <trkpt lat="61.804587738588452" lon="-6.668443595990539">
 <ele>27.690000000000001</ele>
 <time>2020-07-29T13:11:19Z</time>
 </trkpt>
 <trkpt lat="61.804569633677602" lon="-6.668666638433933">
 <ele>26.670000000000002</ele>
 <time>2020-07-29T13:11:25Z</time>
 </trkpt>
 <trkpt lat="61.804560832679272" lon="-6.668869480490685">
 <ele>26.699999999999999</ele>
 <time>2020-07-29T13:11:31Z</time>
 </trkpt>
 <trkpt lat="61.80456854403019" lon="-6.669099060818553">
 <ele>25.559999999999999</ele>
 <time>2020-07-29T13:11:37Z</time>
 </trkpt>
 <trkpt lat="61.804565275087953" lon="-6.669310284778476">
 <ele>26.890000000000001</ele>
 <time>2020-07-29T13:11:43Z</time>
 </trkpt>
 <trkpt lat="61.804565778002143" lon="-6.669531399384141">
 <ele>26</ele>
 <time>2020-07-29T13:11:49Z</time>
 </trkpt>
 <trkpt lat="61.804564436897635" lon="-6.66974144987762">
 <ele>25.07</ele>
 <time>2020-07-29T13:11:55Z</time>
 </trkpt>
 <trkpt lat="61.804573237895966" lon="-6.669941693544388">
 <ele>24.140000000000001</ele>
 <time>2020-07-29T13:12:01Z</time>
 </trkpt>
 <trkpt lat="61.80458027869463" lon="-6.670165993273258">
 <ele>24.530000000000001</ele>
 <time>2020-07-29T13:12:07Z</time>
 </trkpt>
 <trkpt lat="61.804578602313995" lon="-6.67038694024086">
 <ele>21.420000000000002</ele>
 <time>2020-07-29T13:12:13Z</time>
 </trkpt>
 <trkpt lat="61.80458371527493" lon="-6.670608725398779">
 <ele>21.870000000000001</ele>
 <time>2020-07-29T13:12:19Z</time>
 </trkpt>
 <trkpt lat="61.804581368342042" lon="-6.670829923823476">
 <ele>20.48</ele>
 <time>2020-07-29T13:12:25Z</time>
 </trkpt>
 <trkpt lat="61.804586565122008" lon="-6.671038968488574">
 <ele>20.41</ele>
 <time>2020-07-29T13:12:31Z</time>
 </trkpt>
 <trkpt lat="61.804584637284279" lon="-6.671245163306594">
 <ele>20.16</ele>
 <time>2020-07-29T13:12:37Z</time>
 </trkpt>
 <trkpt lat="61.804585559293628" lon="-6.671457896009088">
 <ele>18.699999999999999</ele>
 <time>2020-07-29T13:12:43Z</time>
 </trkpt>
 <trkpt lat="61.804586397483945" lon="-6.671667862683535">
 <ele>18.25</ele>
 <time>2020-07-29T13:12:49Z</time>
 </trkpt>
 <trkpt lat="61.804591175168753" lon="-6.671896856278181">
 <ele>17.32</ele>
 <time>2020-07-29T13:12:55Z</time>
 </trkpt>
 <trkpt lat="61.804594192653894" lon="-6.672116126865149">
 <ele>16.68</ele>
 <time>2020-07-29T13:13:01Z</time>
 </trkpt>
 <trkpt lat="61.804599305614829" lon="-6.672309916466475">
 <ele>15.83</ele>
 <time>2020-07-29T13:13:06Z</time>
 </trkpt>
 <trkpt lat="61.804600898176432" lon="-6.672517117112875">
 <ele>14.640000000000001</ele>
 <time>2020-07-29T13:13:12Z</time>
 </trkpt>
 <trkpt lat="61.804614895954728" lon="-6.672732448205352">
 <ele>13.99</ele>
 <time>2020-07-29T13:13:18Z</time>
 </trkpt>
 <trkpt lat="61.80463207885623" lon="-6.672943755984306">
 <ele>11.76</ele>
 <time>2020-07-29T13:13:24Z</time>
 </trkpt>
 <trkpt lat="61.80465211160481" lon="-6.673158332705498">
 <ele>13.33</ele>
 <time>2020-07-29T13:13:30Z</time>
 </trkpt>
 <trkpt lat="61.804670551791787" lon="-6.673348182812333">
 <ele>11.32</ele>
 <time>2020-07-29T13:13:35Z</time>
 </trkpt>
 <trkpt lat="61.804688321426511" lon="-6.673552449792624">
 <ele>10.58</ele>
 <time>2020-07-29T13:13:41Z</time>
 </trkpt>
 <trkpt lat="61.804707599803805" lon="-6.673749005421996">
 <ele>9.619999999999999</ele>
 <time>2020-07-29T13:13:47Z</time>
 </trkpt>
 <trkpt lat="61.804732494056225" lon="-6.673974981531501">
 <ele>10.27</ele>
 <time>2020-07-29T13:13:53Z</time>
 </trkpt>
 <trkpt lat="61.80475328117609" lon="-6.674172291532159">
 <ele>8.74</ele>
 <time>2020-07-29T13:13:59Z</time>
 </trkpt>
 <trkpt lat="61.804770799353719" lon="-6.674372283741832">
 <ele>8.970000000000001</ele>
 <time>2020-07-29T13:14:05Z</time>
 </trkpt>
 <trkpt lat="61.804804494604468" lon="-6.674579484388232">
 <ele>9.470000000000001</ele>
 <time>2020-07-29T13:14:11Z</time>
 </trkpt>
 <trkpt lat="61.804827963933349" lon="-6.674774447456002">
 <ele>9.84</ele>
 <time>2020-07-29T13:14:30Z</time>
 </trkpt>
 <trkpt lat="61.804862832650542" lon="-6.674983156844974">
 <ele>9.289999999999999</ele>
 <time>2020-07-29T13:14:36Z</time>
 </trkpt>
 <trkpt lat="61.804914884269238" lon="-6.675162361934781">
 <ele>9.130000000000001</ele>
 <time>2020-07-29T13:14:42Z</time>
 </trkpt>
 <trkpt lat="61.80499954149127" lon="-6.675166971981525">
 <ele>8.060000000000001</ele>
 <time>2020-07-29T13:14:47Z</time>
 </trkpt>
 <trkpt lat="61.805051174014807" lon="-6.674976954236627">
 <ele>7.01</ele>
 <time>2020-07-29T13:14:53Z</time>
 </trkpt>
 <trkpt lat="61.805090652778745" lon="-6.674776878207922">
 <ele>6.75</ele>
 <time>2020-07-29T13:14:59Z</time>
 </trkpt>
 <trkpt lat="61.805145051330328" lon="-6.67457839474082">
 <ele>5.67</ele>
 <time>2020-07-29T13:15:05Z</time>
 </trkpt>
 <trkpt lat="61.805191403254867" lon="-6.674398351460695">
 <ele>4.56</ele>
 <time>2020-07-29T13:15:11Z</time>
 </trkpt>
 <trkpt lat="61.805236581712961" lon="-6.674300953745842">
 <ele>4.44</ele>
 <time>2020-07-29T13:15:30Z</time>
 </trkpt>
 <trkpt lat="61.805287962779403" lon="-6.674161730334163">
 <ele>3.67</ele>
 <time>2020-07-29T13:15:46Z</time>
 </trkpt>
 <trkpt lat="61.805361388251185" lon="-6.674027536064386">
 <ele>3.12</ele>
 <time>2020-07-29T13:15:52Z</time>
 </trkpt>
 <trkpt lat="61.805431293323636" lon="-6.67387624271214">
 <ele>2.56</ele>
 <time>2020-07-29T13:15:58Z</time>
 </trkpt>
 <trkpt lat="61.805499941110611" lon="-6.673717070370913">
 <ele>1.45</ele>
 <time>2020-07-29T13:16:04Z</time>
 </trkpt>
 <trkpt lat="61.805566493421793" lon="-6.673586061224341">
 <ele>0.75</ele>
 <time>2020-07-29T13:16:09Z</time>
 </trkpt>
 <trkpt lat="61.805635476484895" lon="-6.673438204452395">
 <ele>-0.01</ele>
 <time>2020-07-29T13:16:15Z</time>
 </trkpt>
 <trkpt lat="61.805705549195409" lon="-6.673267967998982">
 <ele>-0.45</ele>
 <time>2020-07-29T13:16:21Z</time>
 </trkpt>
 <trkpt lat="61.805778136476874" lon="-6.673136036843061">
 <ele>-0.24</ele>
 <time>2020-07-29T13:16:26Z</time>
 </trkpt>
 <trkpt lat="61.805840581655502" lon="-6.672991197556257">
 <ele>-0.01</ele>
 <time>2020-07-29T13:16:31Z</time>
 </trkpt>
 <trkpt lat="61.805918952450156" lon="-6.672841161489487">
 <ele>-1.71</ele>
 <time>2020-07-29T13:16:37Z</time>
 </trkpt>
 <trkpt lat="61.805992294102907" lon="-6.67267419397831">
 <ele>-2.51</ele>
 <time>2020-07-29T13:16:44Z</time>
 </trkpt>
 <trkpt lat="61.806074939668179" lon="-6.672520721331239">
 <ele>-2.83</ele>
 <time>2020-07-29T13:16:50Z</time>
 </trkpt>
 <trkpt lat="61.80616831406951" lon="-6.672475459054112">
 <ele>-1.41</ele>
 <time>2020-07-29T13:16:56Z</time>
 </trkpt>
 <trkpt lat="61.806254647672176" lon="-6.67256916873157">
 <ele>-0.72</ele>
 <time>2020-07-29T13:17:02Z</time>
 </trkpt>
 <trkpt lat="61.80633595213294" lon="-6.672701602801681">
 <ele>-0.92</ele>
 <time>2020-07-29T13:17:08Z</time>
 </trkpt>
 <trkpt lat="61.806404432281852" lon="-6.672823894768953">
 <ele>-1.2</ele>
 <time>2020-07-29T13:17:14Z</time>
 </trkpt>
 <trkpt lat="61.806477941572666" lon="-6.672952640801668">
 <ele>0.47</ele>
 <time>2020-07-29T13:17:20Z</time>
 </trkpt>
 <trkpt lat="61.806568382307887" lon="-6.673085493966937">
 <ele>2.75</ele>
 <time>2020-07-29T13:17:27Z</time>
 </trkpt>
 <trkpt lat="61.806645160540938" lon="-6.673236200585961">
 <ele>0.86</ele>
 <time>2020-07-29T13:17:33Z</time>
 </trkpt>
 <trkpt lat="61.806710120290518" lon="-6.673375675454736">
 <ele>-0.97</ele>
 <time>2020-07-29T13:17:39Z</time>
 </trkpt>
 <trkpt lat="61.806772314012051" lon="-6.673528226092458">
 <ele>-2.59</ele>
 <time>2020-07-29T13:17:46Z</time>
 </trkpt>
 <trkpt lat="61.806846829131246" lon="-6.673691673204303">
 <ele>-1.07</ele>
 <time>2020-07-29T13:17:53Z</time>
 </trkpt>
 <trkpt lat="61.806924613192677" lon="-6.673821844160557">
 <ele>-1.47</ele>
 <time>2020-07-29T13:17:59Z</time>
 </trkpt>
 <trkpt lat="61.806987393647432" lon="-6.673993337899447">
 <ele>-2.91</ele>
 <time>2020-07-29T13:18:05Z</time>
 </trkpt>
 <trkpt lat="61.807048246264458" lon="-6.674136500805616">
 <ele>-0.76</ele>
 <time>2020-07-29T13:18:11Z</time>
 </trkpt>
 <trkpt lat="61.807124353945255" lon="-6.674276310950518">
 <ele>-1.45</ele>
 <time>2020-07-29T13:18:17Z</time>
 </trkpt>
 <trkpt lat="61.807206245139241" lon="-6.674443865194917">
 <ele>-1.94</ele>
 <time>2020-07-29T13:18:24Z</time>
 </trkpt>
 <trkpt lat="61.807292075827718" lon="-6.674550734460354">
 <ele>-2.21</ele>
 <time>2020-07-29T13:18:30Z</time>
 </trkpt>
 <trkpt lat="61.807397939264774" lon="-6.674587279558182">
 <ele>-1.84</ele>
 <time>2020-07-29T13:18:36Z</time>
 </trkpt>
 <trkpt lat="61.807527607306838" lon="-6.674618879333139">
 <ele>-1.76</ele>
 <time>2020-07-29T13:18:43Z</time>
 </trkpt>
 <trkpt lat="61.807617209851742" lon="-6.674691298976541">
 <ele>-2.09</ele>
 <time>2020-07-29T13:18:49Z</time>
 </trkpt>
 <trkpt lat="61.807711087167263" lon="-6.674785343930125">
 <ele>-2.02</ele>
 <time>2020-07-29T13:18:55Z</time>
 </trkpt>
 <trkpt lat="61.807786775752902" lon="-6.674875868484378">
 <ele>-1.6</ele>
 <time>2020-07-29T13:19:00Z</time>
 </trkpt>
 <trkpt lat="61.807857183739543" lon="-6.675026072189212">
 <ele>-2</ele>
 <time>2020-07-29T13:19:06Z</time>
 </trkpt>
 <trkpt lat="61.807907810434699" lon="-6.675189016386867">
 <ele>-1.1</ele>
 <time>2020-07-29T13:19:12Z</time>
 </trkpt>
 <trkpt lat="61.807959526777267" lon="-6.675371155142784">
 <ele>-2.02</ele>
 <time>2020-07-29T13:19:19Z</time>
 </trkpt>
 <trkpt lat="61.808016272261739" lon="-6.675522699952126">
 <ele>-1.54</ele>
 <time>2020-07-29T13:19:25Z</time>
 </trkpt>
 <trkpt lat="61.808077292516828" lon="-6.67569394223392">
 <ele>-2.09</ele>
 <time>2020-07-29T13:19:31Z</time>
 </trkpt>
 <trkpt lat="61.808146946132183" lon="-6.67585764080286">
 <ele>-1.24</ele>
 <time>2020-07-29T13:19:38Z</time>
 </trkpt>
 <trkpt lat="61.808226406574249" lon="-6.675980184227228">
 <ele>-2.93</ele>
 <time>2020-07-29T13:19:44Z</time>
 </trkpt>
 <trkpt lat="61.80828801356256" lon="-6.676136171445251">
 <ele>-0.95</ele>
 <time>2020-07-29T13:19:50Z</time>
 </trkpt>
 <trkpt lat="61.808329252526164" lon="-6.676319735124707">
 <ele>-2.56</ele>
 <time>2020-07-29T13:19:56Z</time>
 </trkpt>
 <trkpt lat="61.808385411277413" lon="-6.676484607160091">
 <ele>-1.43</ele>
 <time>2020-07-29T13:20:02Z</time>
 </trkpt>
 <trkpt lat="61.80844928137958" lon="-6.676663476973772">
 <ele>-1.66</ele>
 <time>2020-07-29T13:20:09Z</time>
 </trkpt>
 <trkpt lat="61.808524718508124" lon="-6.67684611864388">
 <ele>-2.06</ele>
 <time>2020-07-29T13:20:16Z</time>
 </trkpt>
 <trkpt lat="61.808580625802279" lon="-6.677031107246876">
 <ele>-0.89</ele>
 <time>2020-07-29T13:20:22Z</time>
 </trkpt>
 <trkpt lat="61.808636952191591" lon="-6.677186256274581">
 <ele>-0.97</ele>
 <time>2020-07-29T13:20:28Z</time>
 </trkpt>
 <trkpt lat="61.808701576665044" lon="-6.677364874631167">
 <ele>-0.4</ele>
 <time>2020-07-29T13:20:35Z</time>
 </trkpt>
 <trkpt lat="61.808770056813955" lon="-6.677515916526318">
 <ele>-0.54</ele>
 <time>2020-07-29T13:20:41Z</time>
 </trkpt>
 <trkpt lat="61.808834262192249" lon="-6.677674753591418">
 <ele>-0.07</ele>
 <time>2020-07-29T13:20:47Z</time>
 </trkpt>
 <trkpt lat="61.808893103152514" lon="-6.677835518494248">
 <ele>0.46</ele>
 <time>2020-07-29T13:20:53Z</time>
 </trkpt>
 <trkpt lat="61.80893886834383" lon="-6.67802176438272">
 <ele>-0.85</ele>
 <time>2020-07-29T13:21:00Z</time>
 </trkpt>
 <trkpt lat="61.808992931619287" lon="-6.678196443244815">
 <ele>-0.18</ele>
 <time>2020-07-29T13:21:07Z</time>
 </trkpt>
 <trkpt lat="61.809048671275377" lon="-6.678363243117929">
 <ele>-0.95</ele>
 <time>2020-07-29T13:21:15Z</time>
 </trkpt>
 <trkpt lat="61.809093095362186" lon="-6.67854848317802">
 <ele>-0.43</ele>
 <time>2020-07-29T13:21:27Z</time>
 </trkpt>
 <trkpt lat="61.809164090082049" lon="-6.678647473454475">
 <ele>-0.57</ele>
 <time>2020-07-29T13:21:41Z</time>
 </trkpt>
 <trkpt lat="61.809203317388892" lon="-6.67882701382041">
 <ele>-1.37</ele>
 <time>2020-07-29T13:24:09Z</time>
 </trkpt>
 <trkpt lat="61.80916752666235" lon="-6.67901904322207">
 <ele>-0.7</ele>
 <time>2020-07-29T13:24:16Z</time>
 </trkpt>
 <trkpt lat="61.809164006263018" lon="-6.679220795631409">
 <ele>0.94</ele>
 <time>2020-07-29T13:24:22Z</time>
 </trkpt>
 <trkpt lat="61.809170879423618" lon="-6.679431516677141">
 <ele>0.5</ele>
 <time>2020-07-29T13:24:29Z</time>
 </trkpt>
 <trkpt lat="61.80919929407537" lon="-6.679645590484142">
 <ele>-0.06</ele>
 <time>2020-07-29T13:24:36Z</time>
 </trkpt>
 <trkpt lat="61.809226451441646" lon="-6.67988196015358">
 <ele>-0.47</ele>
 <time>2020-07-29T13:24:43Z</time>
 </trkpt>
 <trkpt lat="61.809262409806252" lon="-6.680090669542551">
 <ele>1.08</ele>
 <time>2020-07-29T13:24:50Z</time>
 </trkpt>
 <trkpt lat="61.809323513880372" lon="-6.680236682295799">
 <ele>1.16</ele>
 <time>2020-07-29T13:24:58Z</time>
 </trkpt>
 <trkpt lat="61.809439267963171" lon="-6.680221427232027">
 <ele>0.68</ele>
 <time>2020-07-29T13:25:06Z</time>
 </trkpt>
 <trkpt lat="61.809533396735787" lon="-6.68017708696425">
 <ele>1.28</ele>
 <time>2020-07-29T13:25:12Z</time>
 </trkpt>
 <trkpt lat="61.809624591842294" lon="-6.680108942091465">
 <ele>1.85</ele>
 <time>2020-07-29T13:25:19Z</time>
 </trkpt>
 <trkpt lat="61.809660131111741" lon="-6.680007269605994">
 <ele>2</ele>
 <time>2020-07-29T13:27:54Z</time>
 </trkpt>
 <trkpt lat="61.809699526056647" lon="-6.680142553523183">
 <ele>2.38</ele>
 <time>2020-07-29T13:28:24Z</time>
 </trkpt>
 <trkpt lat="61.809723498299718" lon="-6.680356794968247">
 <ele>3.08</ele>
 <time>2020-07-29T13:28:31Z</time>
 </trkpt>
 <trkpt lat="61.809766413643956" lon="-6.680571874603629">
 <ele>3.55</ele>
 <time>2020-07-29T13:28:38Z</time>
 </trkpt>
 <trkpt lat="61.809800695627928" lon="-6.680782092735171">
 <ele>4.07</ele>
 <time>2020-07-29T13:28:45Z</time>
 </trkpt>
 <trkpt lat="61.8098418507725" lon="-6.681010331958532">
 <ele>5.22</ele>
 <time>2020-07-29T13:28:53Z</time>
 </trkpt>
 <trkpt lat="61.809869091957808" lon="-6.681237230077386">
 <ele>6.29</ele>
 <time>2020-07-29T13:29:00Z</time>
 </trkpt>
 <trkpt lat="61.809868086129427" lon="-6.681440239772201">
 <ele>6.52</ele>
 <time>2020-07-29T13:29:06Z</time>
 </trkpt>
 <trkpt lat="61.809837995097041" lon="-6.681609973311424">
 <ele>5.28</ele>
 <time>2020-07-29T13:29:33Z</time>
 </trkpt>
 <trkpt lat="61.80977345444262" lon="-6.681773336604238">
 <ele>4.14</ele>
 <time>2020-07-29T13:29:40Z</time>
 </trkpt>
 <trkpt lat="61.809692233800888" lon="-6.681913314387202">
 <ele>2.23</ele>
 <time>2020-07-29T13:29:46Z</time>
 </trkpt>
 <trkpt lat="61.809629537165165" lon="-6.682073744013906">
 <ele>2.36</ele>
 <time>2020-07-29T13:29:52Z</time>
 </trkpt>
 <trkpt lat="61.809550831094384" lon="-6.682225791737437">
 <ele>0.99</ele>
 <time>2020-07-29T13:29:58Z</time>
 </trkpt>
 <trkpt lat="61.80950665846467" lon="-6.682431567460299">
 <ele>1.29</ele>
 <time>2020-07-29T13:30:04Z</time>
 </trkpt>
 <trkpt lat="61.809521745890379" lon="-6.682626949623227">
 <ele>1.33</ele>
 <time>2020-07-29T13:30:10Z</time>
 </trkpt>
 <trkpt lat="61.8095638230443" lon="-6.682807495817542">
 <ele>1.58</ele>
 <time>2020-07-29T13:30:16Z</time>
 </trkpt>
 <trkpt lat="61.809605397284031" lon="-6.682984605431557">
 <ele>0.65</ele>
 <time>2020-07-29T13:30:22Z</time>
 </trkpt>
 <trkpt lat="61.809644037857652" lon="-6.683173449710012">
 <ele>1.1</ele>
 <time>2020-07-29T13:30:28Z</time>
 </trkpt>
 <trkpt lat="61.809699777513742" lon="-6.683344524353743">
 <ele>1.84</ele>
 <time>2020-07-29T13:30:34Z</time>
 </trkpt>
 <trkpt lat="61.809733724221587" lon="-6.683541163802147">
 <ele>2.29</ele>
 <time>2020-07-29T13:30:40Z</time>
 </trkpt>
 <trkpt lat="61.809780830517411" lon="-6.683713579550386">
 <ele>2.09</ele>
 <time>2020-07-29T13:30:46Z</time>
 </trkpt>
 <trkpt lat="61.809803964570165" lon="-6.683917930349708">
 <ele>2.08</ele>
 <time>2020-07-29T13:30:53Z</time>
 </trkpt>
 <trkpt lat="61.809842102229595" lon="-6.684115659445524">
 <ele>3.02</ele>
 <time>2020-07-29T13:31:00Z</time>
 </trkpt>
 <trkpt lat="61.809879234060645" lon="-6.684297127649188">
 <ele>3.61</ele>
 <time>2020-07-29T13:31:06Z</time>
 </trkpt>
 <trkpt lat="61.80993027985096" lon="-6.684482702985406">
 <ele>5.89</ele>
 <time>2020-07-29T13:31:13Z</time>
 </trkpt>
 <trkpt lat="61.809972859919071" lon="-6.684682695195079">
 <ele>6.13</ele>
 <time>2020-07-29T13:31:20Z</time>
 </trkpt>
 <trkpt lat="61.810013176873326" lon="-6.68485133908689">
 <ele>5.62</ele>
 <time>2020-07-29T13:31:26Z</time>
 </trkpt>
 <trkpt lat="61.810074867680669" lon="-6.685015540570021">
 <ele>7.74</ele>
 <time>2020-07-29T13:31:32Z</time>
 </trkpt>
 <trkpt lat="61.810137899592519" lon="-6.685165911912918">
 <ele>5.45</ele>
 <time>2020-07-29T13:31:39Z</time>
 </trkpt>
 <trkpt lat="61.810203865170479" lon="-6.685311673209071">
 <ele>7.6</ele>
 <time>2020-07-29T13:31:45Z</time>
 </trkpt>
 <trkpt lat="61.810268070548773" lon="-6.685485262423754">
 <ele>7.13</ele>
 <time>2020-07-29T13:31:52Z</time>
 </trkpt>
 <trkpt lat="61.810328923165798" lon="-6.685661366209388">
 <ele>8.73</ele>
 <time>2020-07-29T13:31:59Z</time>
 </trkpt>
 <trkpt lat="61.810386339202523" lon="-6.685846690088511">
 <ele>10.08</ele>
 <time>2020-07-29T13:32:06Z</time>
 </trkpt>
 <trkpt lat="61.810430008918047" lon="-6.686022961512208">
 <ele>8.109999999999999</ele>
 <time>2020-07-29T13:32:12Z</time>
 </trkpt>
 <trkpt lat="61.810467056930065" lon="-6.686204681172967">
 <ele>10.17</ele>
 <time>2020-07-29T13:32:18Z</time>
 </trkpt>
 <trkpt lat="61.810486586764455" lon="-6.686410373076797">
 <ele>9.59</ele>
 <time>2020-07-29T13:32:25Z</time>
 </trkpt>
 <trkpt lat="61.810488430783153" lon="-6.686628554016352">
 <ele>11.029999999999999</ele>
 <time>2020-07-29T13:32:32Z</time>
 </trkpt>
 <trkpt lat="61.810507038608193" lon="-6.686854865401983">
 <ele>10.65</ele>
 <time>2020-07-29T13:32:45Z</time>
 </trkpt>
 <trkpt lat="61.810531765222549" lon="-6.687041446566582">
 <ele>10.98</ele>
 <time>2020-07-29T13:32:51Z</time>
 </trkpt>
 <trkpt lat="61.810568813234568" lon="-6.687224423512816">
 <ele>11.06</ele>
 <time>2020-07-29T13:32:57Z</time>
 </trkpt>
 <trkpt lat="61.810635449364781" lon="-6.687396420165896">
 <ele>12.16</ele>
 <time>2020-07-29T13:33:04Z</time>
 </trkpt>
 <trkpt lat="61.810716334730387" lon="-6.687530614435673">
 <ele>12.640000000000001</ele>
 <time>2020-07-29T13:33:11Z</time>
 </trkpt>
 <trkpt lat="61.810789927840233" lon="-6.687675537541509">
 <ele>12.880000000000001</ele>
 <time>2020-07-29T13:33:18Z</time>
 </trkpt>
 <trkpt lat="61.810864610597491" lon="-6.687790369614959">
 <ele>13.57</ele>
 <time>2020-07-29T13:33:24Z</time>
 </trkpt>
 <trkpt lat="61.810935689136386" lon="-6.68790721334517">
 <ele>12.67</ele>
 <time>2020-07-29T13:33:30Z</time>
 </trkpt>
 <trkpt lat="61.811007102951407" lon="-6.688041742891073">
 <ele>15.52</ele>
 <time>2020-07-29T13:33:37Z</time>
 </trkpt>
 <trkpt lat="61.81107172742486" lon="-6.688192617148161">
 <ele>15.4</ele>
 <time>2020-07-29T13:33:44Z</time>
 </trkpt>
 <trkpt lat="61.811129143461585" lon="-6.688339971005917">
 <ele>17.199999999999999</ele>
 <time>2020-07-29T13:33:50Z</time>
 </trkpt>
 <trkpt lat="61.811191001906991" lon="-6.688492856919766">
 <ele>16.300000000000001</ele>
 <time>2020-07-29T13:33:56Z</time>
 </trkpt>
 <trkpt lat="61.811254369094968" lon="-6.688624704256654">
 <ele>18.52</ele>
 <time>2020-07-29T13:34:02Z</time>
 </trkpt>
 <trkpt lat="61.811307677999139" lon="-6.688774656504393">
 <ele>17.73</ele>
 <time>2020-07-29T13:34:08Z</time>
 </trkpt>
 <trkpt lat="61.811355873942375" lon="-6.688940869644284">
 <ele>18.199999999999999</ele>
 <time>2020-07-29T13:34:15Z</time>
 </trkpt>
 <trkpt lat="61.811417732387781" lon="-6.689085206016898">
 <ele>18.289999999999999</ele>
 <time>2020-07-29T13:34:21Z</time>
 </trkpt>
 <trkpt lat="61.811487637460232" lon="-6.689223423600197">
 <ele>18.07</ele>
 <time>2020-07-29T13:34:27Z</time>
 </trkpt>
 <trkpt lat="61.811544550582767" lon="-6.689381087198854">
 <ele>17.789999999999999</ele>
 <time>2020-07-29T13:34:33Z</time>
 </trkpt>
 <trkpt lat="61.811612863093615" lon="-6.689512934535742">
 <ele>18.52</ele>
 <time>2020-07-29T13:34:39Z</time>
 </trkpt>
 <trkpt lat="61.811671536415815" lon="-6.689662635326386">
 <ele>18.140000000000001</ele>
 <time>2020-07-29T13:34:45Z</time>
 </trkpt>
 <trkpt lat="61.811741609126329" lon="-6.689813258126378">
 <ele>20.23</ele>
 <time>2020-07-29T13:34:51Z</time>
 </trkpt>
 <trkpt lat="61.811800533905625" lon="-6.689973101019859">
 <ele>19.739999999999998</ele>
 <time>2020-07-29T13:34:58Z</time>
 </trkpt>
 <trkpt lat="61.811864906921983" lon="-6.690139481797814">
 <ele>18.620000000000001</ele>
 <time>2020-07-29T13:35:05Z</time>
 </trkpt>
 <trkpt lat="61.811922742053866" lon="-6.690315753221512">
 <ele>19.559999999999999</ele>
 <time>2020-07-29T13:35:12Z</time>
 </trkpt>
 <trkpt lat="61.811977224424481" lon="-6.690485570579767">
 <ele>20.850000000000001</ele>
 <time>2020-07-29T13:35:19Z</time>
 </trkpt>
 <trkpt lat="61.812028605490923" lon="-6.690684054046869">
 <ele>21.289999999999999</ele>
 <time>2020-07-29T13:35:26Z</time>
 </trkpt>
 <trkpt lat="61.812079986557364" lon="-6.690888907760382">
 <ele>22.329999999999998</ele>
 <time>2020-07-29T13:35:34Z</time>
 </trkpt>
 <trkpt lat="61.812131702899933" lon="-6.691083535552025">
 <ele>21.77</ele>
 <time>2020-07-29T13:35:41Z</time>
 </trkpt>
 <trkpt lat="61.81218484416604" lon="-6.691275062039495">
 <ele>22.309999999999999</ele>
 <time>2020-07-29T13:35:48Z</time>
 </trkpt>
 <trkpt lat="61.812245696783066" lon="-6.69147714972496">
 <ele>24.219999999999999</ele>
 <time>2020-07-29T13:35:55Z</time>
 </trkpt>
 <trkpt lat="61.812297916039824" lon="-6.691665574908257">
 <ele>24.629999999999999</ele>
 <time>2020-07-29T13:36:01Z</time>
 </trkpt>
 <trkpt lat="61.812337813898921" lon="-6.691859364509583">
 <ele>22.510000000000002</ele>
 <time>2020-07-29T13:36:07Z</time>
 </trkpt>
 <trkpt lat="61.812393134459853" lon="-6.692052483558655">
 <ele>23.52</ele>
 <time>2020-07-29T13:36:14Z</time>
 </trkpt>
 <trkpt lat="61.812436552718282" lon="-6.692260270938277">
 <ele>24.399999999999999</ele>
 <time>2020-07-29T13:36:21Z</time>
 </trkpt>
 <trkpt lat="61.812474522739649" lon="-6.692461185157299">
 <ele>24.780000000000001</ele>
 <time>2020-07-29T13:36:28Z</time>
 </trkpt>
 <trkpt lat="61.812511151656508" lon="-6.692652376368642">
 <ele>25.780000000000001</ele>
 <time>2020-07-29T13:36:42Z</time>
 </trkpt>
 <trkpt lat="61.812547612935305" lon="-6.692840717732906">
 <ele>26.550000000000001</ele>
 <time>2020-07-29T13:36:49Z</time>
 </trkpt>
 <trkpt lat="61.81258893571794" lon="-6.693028975278139">
 <ele>26.640000000000001</ele>
 <time>2020-07-29T13:36:55Z</time>
 </trkpt>
 <trkpt lat="61.812640484422445" lon="-6.693203570321202">
 <ele>25.98</ele>
 <time>2020-07-29T13:37:01Z</time>
 </trkpt>
 <trkpt lat="61.812699744477868" lon="-6.693377327173948">
 <ele>27.780000000000001</ele>
 <time>2020-07-29T13:37:08Z</time>
 </trkpt>
 <trkpt lat="61.812753137201071" lon="-6.693529542535543">
 <ele>28.120000000000001</ele>
 <time>2020-07-29T13:37:14Z</time>
 </trkpt>
 <trkpt lat="61.812802003696561" lon="-6.693719392642379">
 <ele>28.850000000000001</ele>
 <time>2020-07-29T13:37:21Z</time>
 </trkpt>
 <trkpt lat="61.812849780544639" lon="-6.693895161151886">
 <ele>29.140000000000001</ele>
 <time>2020-07-29T13:37:28Z</time>
 </trkpt>
 <trkpt lat="61.812913818284869" lon="-6.694038575515151">
 <ele>30.789999999999999</ele>
 <time>2020-07-29T13:37:34Z</time>
 </trkpt>
 <trkpt lat="61.812971821054816" lon="-6.694213254377246">
 <ele>29.699999999999999</ele>
 <time>2020-07-29T13:37:41Z</time>
 </trkpt>
 <trkpt lat="61.813032003119588" lon="-6.694379132241011">
 <ele>31.140000000000001</ele>
 <time>2020-07-29T13:37:49Z</time>
 </trkpt>
 <trkpt lat="61.813067877665162" lon="-6.694578621536493">
 <ele>32.270000000000003</ele>
 <time>2020-07-29T13:37:57Z</time>
 </trkpt>
 <trkpt lat="61.813123449683189" lon="-6.69476461596787">
 <ele>33.939999999999998</ele>
 <time>2020-07-29T13:38:04Z</time>
 </trkpt>
 <trkpt lat="61.813189163804054" lon="-6.694940468296409">
 <ele>34.479999999999997</ele>
 <time>2020-07-29T13:38:11Z</time>
 </trkpt>
 <trkpt lat="61.813246160745621" lon="-6.695118751376867">
 <ele>34.060000000000002</ele>
 <time>2020-07-29T13:38:18Z</time>
 </trkpt>
 <trkpt lat="61.813301481306553" lon="-6.695302650332451">
 <ele>33.299999999999997</ele>
 <time>2020-07-29T13:38:25Z</time>
 </trkpt>
 <trkpt lat="61.813361747190356" lon="-6.695450339466333">
 <ele>34.399999999999999</ele>
 <time>2020-07-29T13:38:31Z</time>
 </trkpt>
 <trkpt lat="61.813418911769986" lon="-6.695623928681016">
 <ele>35.789999999999999</ele>
 <time>2020-07-29T13:38:38Z</time>
 </trkpt>
 <trkpt lat="61.813467862084508" lon="-6.695781257003546">
 <ele>36.140000000000001</ele>
 <time>2020-07-29T13:38:45Z</time>
 </trkpt>
 <trkpt lat="61.813522092998028" lon="-6.695978650823236">
 <ele>37.030000000000001</ele>
 <time>2020-07-29T13:38:56Z</time>
 </trkpt>
 <trkpt lat="61.813569031655788" lon="-6.696167998015881">
 <ele>37.130000000000003</ele>
 <time>2020-07-29T13:39:03Z</time>
 </trkpt>
 <trkpt lat="61.813626615330577" lon="-6.696351896971464">
 <ele>37.659999999999997</ele>
 <time>2020-07-29T13:39:10Z</time>
 </trkpt>
 <trkpt lat="61.813682019710541" lon="-6.696534287184477">
 <ele>38.310000000000002</ele>
 <time>2020-07-29T13:39:17Z</time>
 </trkpt>
 <trkpt lat="61.813742034137249" lon="-6.696711564436555">
 <ele>39.049999999999997</ele>
 <time>2020-07-29T13:39:24Z</time>
 </trkpt>
 <trkpt lat="61.813811101019382" lon="-6.696851709857583">
 <ele>40.369999999999997</ele>
 <time>2020-07-29T13:39:31Z</time>
 </trkpt>
 <trkpt lat="61.813896093517542" lon="-6.697009121999145">
 <ele>44.259999999999998</ele>
 <time>2020-07-29T13:39:39Z</time>
 </trkpt>
 <trkpt lat="61.813966920599341" lon="-6.697205761447549">
 <ele>43.850000000000001</ele>
 <time>2020-07-29T13:39:47Z</time>
 </trkpt>
 <trkpt lat="61.814044704660773" lon="-6.697375075891614">
 <ele>43.560000000000002</ele>
 <time>2020-07-29T13:39:54Z</time>
 </trkpt>
 <trkpt lat="61.814120979979634" lon="-6.697564506903291">
 <ele>44.200000000000003</ele>
 <time>2020-07-29T13:40:01Z</time>
 </trkpt>
 <trkpt lat="61.814175797626376" lon="-6.697779083624482">
 <ele>43.200000000000003</ele>
 <time>2020-07-29T13:40:08Z</time>
 </trkpt>
 <trkpt lat="61.814231537282467" lon="-6.697944710031152">
 <ele>43.259999999999998</ele>
 <time>2020-07-29T13:40:14Z</time>
 </trkpt>
 <trkpt lat="61.814287696033716" lon="-6.6980941593647">
 <ele>43.600000000000001</ele>
 <time>2020-07-29T13:40:20Z</time>
 </trkpt>
 <trkpt lat="61.814341088756919" lon="-6.698243524879217">
 <ele>45.270000000000003</ele>
 <time>2020-07-29T13:40:27Z</time>
 </trkpt>
 <trkpt lat="61.814398085698485" lon="-6.698411498218775">
 <ele>45</ele>
 <time>2020-07-29T13:40:34Z</time>
 </trkpt>
 <trkpt lat="61.814458686858416" lon="-6.698557091876864">
 <ele>45.619999999999997</ele>
 <time>2020-07-29T13:40:40Z</time>
 </trkpt>
 <trkpt lat="61.814516521990299" lon="-6.698727328330278">
 <ele>46.219999999999999</ele>
 <time>2020-07-29T13:40:47Z</time>
 </trkpt>
 <trkpt lat="61.814576871693134" lon="-6.698889937251806">
 <ele>47.609999999999999</ele>
 <time>2020-07-29T13:40:55Z</time>
 </trkpt>
 <trkpt lat="61.814610566943884" lon="-6.69907383620739">
 <ele>48.359999999999999</ele>
 <time>2020-07-29T13:41:02Z</time>
 </trkpt>
 <trkpt lat="61.81468172930181" lon="-6.699260417371988">
 <ele>49.030000000000001</ele>
 <time>2020-07-29T13:41:09Z</time>
 </trkpt>
 <trkpt lat="61.814737217500806" lon="-6.699436521157622">
 <ele>50.82</ele>
 <time>2020-07-29T13:41:16Z</time>
 </trkpt>
 <trkpt lat="61.814781306311488" lon="-6.699628047645092">
 <ele>51.25</ele>
 <time>2020-07-29T13:41:23Z</time>
 </trkpt>
 <trkpt lat="61.814821371808648" lon="-6.699817394837737">
 <ele>50.549999999999997</ele>
 <time>2020-07-29T13:41:29Z</time>
 </trkpt>
 <trkpt lat="61.814856743440032" lon="-6.700003892183304">
 <ele>51.420000000000002</ele>
 <time>2020-07-29T13:41:35Z</time>
 </trkpt>
 <trkpt lat="61.814895132556558" lon="-6.700170524418354">
 <ele>49.890000000000001</ele>
 <time>2020-07-29T13:41:41Z</time>
 </trkpt>
 <trkpt lat="61.814919859170914" lon="-6.700349478051066">
 <ele>50.75</ele>
 <time>2020-07-29T13:41:47Z</time>
 </trkpt>
 <trkpt lat="61.814956739544868" lon="-6.700543938204646">
 <ele>51.950000000000003</ele>
 <time>2020-07-29T13:41:54Z</time>
 </trkpt>
 <trkpt lat="61.814987836405635" lon="-6.700721550732851">
 <ele>51.079999999999998</ele>
 <time>2020-07-29T13:42:00Z</time>
 </trkpt>
 <trkpt lat="61.815018095076084" lon="-6.700921626761556">
 <ele>52.670000000000002</ele>
 <time>2020-07-29T13:42:07Z</time>
 </trkpt>
 <trkpt lat="61.815058747306466" lon="-6.701099993661046">
 <ele>51.960000000000001</ele>
 <time>2020-07-29T13:42:14Z</time>
 </trkpt>
 <trkpt lat="61.815111134201288" lon="-6.701286071911454">
 <ele>55.119999999999997</ele>
 <time>2020-07-29T13:42:21Z</time>
 </trkpt>
 <trkpt lat="61.815143739804626" lon="-6.701477263122797">
 <ele>50.899999999999999</ele>
 <time>2020-07-29T13:42:27Z</time>
 </trkpt>
 <trkpt lat="61.815158743411303" lon="-6.701675662770867">
 <ele>51.579999999999998</ele>
 <time>2020-07-29T13:42:33Z</time>
 </trkpt>
 <trkpt lat="61.815192522481084" lon="-6.701850676909089">
 <ele>50.590000000000003</ele>
 <time>2020-07-29T13:42:39Z</time>
 </trkpt>
 <trkpt lat="61.815229319036007" lon="-6.702036084607244">
 <ele>51.310000000000002</ele>
 <time>2020-07-29T13:42:45Z</time>
 </trkpt>
 <trkpt lat="61.815259829163551" lon="-6.702230712398887">
 <ele>51.119999999999997</ele>
 <time>2020-07-29T13:42:51Z</time>
 </trkpt>
 <trkpt lat="61.815303498879075" lon="-6.702416706830263">
 <ele>50.310000000000002</ele>
 <time>2020-07-29T13:42:57Z</time>
 </trkpt>
 <trkpt lat="61.815343145281076" lon="-6.702613849192858">
 <ele>50.32</ele>
 <time>2020-07-29T13:43:03Z</time>
 </trkpt>
 <trkpt lat="61.815379941835999" lon="-6.702815601602197">
 <ele>49.729999999999997</ele>
 <time>2020-07-29T13:43:09Z</time>
 </trkpt>
 <trkpt lat="61.815409194678068" lon="-6.703014671802521">
 <ele>49.689999999999998</ele>
 <time>2020-07-29T13:43:16Z</time>
 </trkpt>
 <trkpt lat="61.815432580187917" lon="-6.703205611556768">
 <ele>49.93</ele>
 <time>2020-07-29T13:43:22Z</time>
 </trkpt>
 <trkpt lat="61.815469963476062" lon="-6.70339236035943">
 <ele>49.18</ele>
 <time>2020-07-29T13:43:28Z</time>
 </trkpt>
 <trkpt lat="61.815509023144841" lon="-6.70358874835074">
 <ele>49.399999999999999</ele>
 <time>2020-07-29T13:43:34Z</time>
 </trkpt>
 <trkpt lat="61.815551770851016" lon="-6.703771641477943">
 <ele>50.009999999999998</ele>
 <time>2020-07-29T13:43:40Z</time>
 </trkpt>
 <trkpt lat="61.815589824691415" lon="-6.703970292583108">
 <ele>49.909999999999997</ele>
 <time>2020-07-29T13:43:47Z</time>
 </trkpt>
 <trkpt lat="61.815615892410278" lon="-6.704158382490277">
 <ele>50.299999999999997</ele>
 <time>2020-07-29T13:43:53Z</time>
 </trkpt>
 <trkpt lat="61.815644977614284" lon="-6.704375892877579">
 <ele>49.600000000000001</ele>
 <time>2020-07-29T13:44:00Z</time>
 </trkpt>
 <trkpt lat="61.815686887130141" lon="-6.704587368294597">
 <ele>50.920000000000002</ele>
 <time>2020-07-29T13:44:07Z</time>
 </trkpt>
 <trkpt lat="61.815713960677385" lon="-6.704819463193417">
 <ele>54.18</ele>
 <time>2020-07-29T13:44:15Z</time>
 </trkpt>
 <trkpt lat="61.815738016739488" lon="-6.705041667446494">
 <ele>52.240000000000002</ele>
 <time>2020-07-29T13:44:22Z</time>
 </trkpt>
 <trkpt lat="61.815765677019954" lon="-6.705235373228788">
 <ele>52.399999999999999</ele>
 <time>2020-07-29T13:44:29Z</time>
 </trkpt>
 <trkpt lat="61.815806413069367" lon="-6.705435700714588">
 <ele>52.780000000000001</ele>
 <time>2020-07-29T13:44:36Z</time>
 </trkpt>
 <trkpt lat="61.815841868519783" lon="-6.705641811713576">
 <ele>52.770000000000003</ele>
 <time>2020-07-29T13:44:43Z</time>
 </trkpt>
 <trkpt lat="61.815870618447661" lon="-6.705833841115236">
 <ele>53.079999999999998</ele>
 <time>2020-07-29T13:44:49Z</time>
 </trkpt>
 <trkpt lat="61.815911773592234" lon="-6.706023355945945">
 <ele>52.630000000000003</ele>
 <time>2020-07-29T13:44:55Z</time>
 </trkpt>
 <trkpt lat="61.815952258184552" lon="-6.706207673996687">
 <ele>54</ele>
 <time>2020-07-29T13:45:01Z</time>
 </trkpt>
 <trkpt lat="61.816005986183882" lon="-6.706392578780651">
 <ele>54.369999999999997</ele>
 <time>2020-07-29T13:45:07Z</time>
 </trkpt>
 <trkpt lat="61.816036161035299" lon="-6.70657622627914">
 <ele>53.920000000000002</ele>
 <time>2020-07-29T13:45:13Z</time>
 </trkpt>
 <trkpt lat="61.816066587343812" lon="-6.706766076385975">
 <ele>53.100000000000001</ele>
 <time>2020-07-29T13:45:19Z</time>
 </trkpt>
 <trkpt lat="61.816103886812925" lon="-6.706937402486801">
 <ele>55.140000000000001</ele>
 <time>2020-07-29T13:45:25Z</time>
 </trkpt>
 <trkpt lat="61.81612953543663" lon="-6.707126665860415">
 <ele>57.75</ele>
 <time>2020-07-29T13:45:31Z</time>
 </trkpt>
 <trkpt lat="61.816161386668682" lon="-6.707309139892459">
 <ele>56.149999999999999</ele>
 <time>2020-07-29T13:45:37Z</time>
 </trkpt>
 <trkpt lat="61.816196087747812" lon="-6.707511059939861">
 <ele>56.259999999999998</ele>
 <time>2020-07-29T13:45:44Z</time>
 </trkpt>
 <trkpt lat="61.816219808533788" lon="-6.707694036886096">
 <ele>56.270000000000003</ele>
 <time>2020-07-29T13:45:50Z</time>
 </trkpt>
 <trkpt lat="61.816261969506741" lon="-6.707902746275067">
 <ele>56.520000000000003</ele>
 <time>2020-07-29T13:45:57Z</time>
 </trkpt>
 <trkpt lat="61.816292814910412" lon="-6.708115311339498">
 <ele>55.969999999999999</ele>
 <time>2020-07-29T13:46:04Z</time>
 </trkpt>
 <trkpt lat="61.816330282017589" lon="-6.708327205851674">
 <ele>54.490000000000002</ele>
 <time>2020-07-29T13:46:10Z</time>
 </trkpt>
 <trkpt lat="61.816370096057653" lon="-6.708515882492065">
 <ele>55.689999999999998</ele>
 <time>2020-07-29T13:46:16Z</time>
 </trkpt>
 <trkpt lat="61.81640069000423" lon="-6.708686035126448">
 <ele>56.259999999999998</ele>
 <time>2020-07-29T13:46:22Z</time>
 </trkpt>
 <trkpt lat="61.816431116312742" lon="-6.708864653483033">
 <ele>55.950000000000003</ele>
 <time>2020-07-29T13:46:29Z</time>
 </trkpt>
 <trkpt lat="61.816460033878684" lon="-6.709072357043624">
 <ele>53.229999999999997</ele>
 <time>2020-07-29T13:46:35Z</time>
 </trkpt>
 <trkpt lat="61.81649649515748" lon="-6.709263129159808">
 <ele>55.390000000000001</ele>
 <time>2020-07-29T13:46:41Z</time>
 </trkpt>
 <trkpt lat="61.816529855132103" lon="-6.709474939852953">
 <ele>54.909999999999997</ele>
 <time>2020-07-29T13:46:47Z</time>
 </trkpt>
 <trkpt lat="61.816558018326759" lon="-6.709672752767801">
 <ele>55.18</ele>
 <time>2020-07-29T13:46:53Z</time>
 </trkpt>
 <trkpt lat="61.816578051075339" lon="-6.709857741370797">
 <ele>54.289999999999999</ele>
 <time>2020-07-29T13:46:59Z</time>
 </trkpt>
 <trkpt lat="61.816613674163818" lon="-6.710050273686647">
 <ele>54.450000000000003</ele>
 <time>2020-07-29T13:47:05Z</time>
 </trkpt>
 <trkpt lat="61.816648542881012" lon="-6.710247751325369">
 <ele>54.060000000000002</ele>
 <time>2020-07-29T13:47:11Z</time>
 </trkpt>
 <trkpt lat="61.816691625863314" lon="-6.710456209257245">
 <ele>53.479999999999997</ele>
 <time>2020-07-29T13:47:17Z</time>
 </trkpt>
 <trkpt lat="61.816724147647619" lon="-6.710629463195801">
 <ele>53.82</ele>
 <time>2020-07-29T13:47:23Z</time>
 </trkpt>
 <trkpt lat="61.816762704402208" lon="-6.710840770974755">
 <ele>52.82</ele>
 <time>2020-07-29T13:47:30Z</time>
 </trkpt>
 <trkpt lat="61.816790532320738" lon="-6.711025172844529">
 <ele>56.07</ele>
 <time>2020-07-29T13:47:36Z</time>
 </trkpt>
 <trkpt lat="61.816827747970819" lon="-6.711200522258878">
 <ele>55.32</ele>
 <time>2020-07-29T13:47:42Z</time>
 </trkpt>
 <trkpt lat="61.816875524818897" lon="-6.711395652964711">
 <ele>53.57</ele>
 <time>2020-07-29T13:47:49Z</time>
 </trkpt>
 <trkpt lat="61.816907208412886" lon="-6.711570080369711">
 <ele>54.520000000000003</ele>
 <time>2020-07-29T13:47:55Z</time>
 </trkpt>
 <trkpt lat="61.816933276131749" lon="-6.711784740909934">
 <ele>54.119999999999997</ele>
 <time>2020-07-29T13:48:02Z</time>
 </trkpt>
 <trkpt lat="61.816965295001864" lon="-6.711986241862178">
 <ele>55.159999999999997</ele>
 <time>2020-07-29T13:48:09Z</time>
 </trkpt>
 <trkpt lat="61.81698365136981" lon="-6.712183970957995">
 <ele>53.200000000000003</ele>
 <time>2020-07-29T13:48:15Z</time>
 </trkpt>
 <trkpt lat="61.817004606127739" lon="-6.712376922369003">
 <ele>53.719999999999999</ele>
 <time>2020-07-29T13:48:21Z</time>
 </trkpt>
 <trkpt lat="61.817019023001194" lon="-6.71257171779871">
 <ele>51.609999999999999</ele>
 <time>2020-07-29T13:48:27Z</time>
 </trkpt>
 <trkpt lat="61.817032853141427" lon="-6.712772967293859">
 <ele>50.759999999999998</ele>
 <time>2020-07-29T13:48:33Z</time>
 </trkpt>
 <trkpt lat="61.817051712423563" lon="-6.712963152676821">
 <ele>51.509999999999998</ele>
 <time>2020-07-29T13:48:39Z</time>
 </trkpt>
 <trkpt lat="61.817078366875648" lon="-6.713172700256109">
 <ele>52.549999999999997</ele>
 <time>2020-07-29T13:48:46Z</time>
 </trkpt>
 <trkpt lat="61.817118683829904" lon="-6.713363556191325">
 <ele>52.619999999999997</ele>
 <time>2020-07-29T13:48:52Z</time>
 </trkpt>
 <trkpt lat="61.817157324403524" lon="-6.713563380762935">
 <ele>50.590000000000003</ele>
 <time>2020-07-29T13:48:58Z</time>
 </trkpt>
 <trkpt lat="61.817195964977145" lon="-6.713755829259753">
 <ele>51.689999999999998</ele>
 <time>2020-07-29T13:49:04Z</time>
 </trkpt>
 <trkpt lat="61.817229324951768" lon="-6.713938638567925">
 <ele>51.25</ele>
 <time>2020-07-29T13:49:10Z</time>
 </trkpt>
 <trkpt lat="61.817255560308695" lon="-6.714133769273758">
 <ele>50.299999999999997</ele>
 <time>2020-07-29T13:49:16Z</time>
 </trkpt>
 <trkpt lat="61.817305851727724" lon="-6.714312136173248">
 <ele>50.229999999999997</ele>
 <time>2020-07-29T13:49:22Z</time>
 </trkpt>
 <trkpt lat="61.817341139540076" lon="-6.714494442567229">
 <ele>50.310000000000002</ele>
 <time>2020-07-29T13:49:28Z</time>
 </trkpt>
 <trkpt lat="61.81737701408565" lon="-6.714676497504115">
 <ele>52.329999999999998</ele>
 <time>2020-07-29T13:49:34Z</time>
 </trkpt>
 <trkpt lat="61.817415319383144" lon="-6.714851595461369">
 <ele>52.740000000000002</ele>
 <time>2020-07-29T13:49:40Z</time>
 </trkpt>
 <trkpt lat="61.817454798147082" lon="-6.715028705075383">
 <ele>50.280000000000001</ele>
 <time>2020-07-29T13:49:46Z</time>
 </trkpt>
 <trkpt lat="61.817491007968783" lon="-6.715233810245991">
 <ele>50.590000000000003</ele>
 <time>2020-07-29T13:49:53Z</time>
 </trkpt>
 <trkpt lat="61.81752847507596" lon="-6.715423157438636">
 <ele>50.789999999999999</ele>
 <time>2020-07-29T13:50:00Z</time>
 </trkpt>
 <trkpt lat="61.817573653534055" lon="-6.715599093586206">
 <ele>50.960000000000001</ele>
 <time>2020-07-29T13:50:07Z</time>
 </trkpt>
 <trkpt lat="61.817625453695655" lon="-6.7157565895468">
 <ele>50.909999999999997</ele>
 <time>2020-07-29T13:50:13Z</time>
 </trkpt>
 <trkpt lat="61.81768286973238" lon="-6.715932441875339">
 <ele>50.950000000000003</ele>
 <time>2020-07-29T13:50:20Z</time>
 </trkpt>
 <trkpt lat="61.817745566368103" lon="-6.716101421043277">
 <ele>50.649999999999999</ele>
 <time>2020-07-29T13:50:27Z</time>
 </trkpt>
 <trkpt lat="61.817792505025864" lon="-6.716294540092349">
 <ele>52.579999999999998</ele>
 <time>2020-07-29T13:50:33Z</time>
 </trkpt>
 <trkpt lat="61.81785536929965" lon="-6.716462010517716">
 <ele>52.049999999999997</ele>
 <time>2020-07-29T13:50:39Z</time>
 </trkpt>
 <trkpt lat="61.817921167239547" lon="-6.716617327183485">
 <ele>54.990000000000002</ele>
 <time>2020-07-29T13:50:45Z</time>
 </trkpt>
 <trkpt lat="61.817976990714669" lon="-6.716785971075296">
 <ele>56.07</ele>
 <time>2020-07-29T13:50:51Z</time>
 </trkpt>
 <trkpt lat="61.818037759512663" lon="-6.716957213357091">
 <ele>54.710000000000001</ele>
 <time>2020-07-29T13:50:58Z</time>
 </trkpt>
 <trkpt lat="61.818093582987785" lon="-6.717111356556416">
 <ele>54.420000000000002</ele>
 <time>2020-07-29T13:51:04Z</time>
 </trkpt>
 <trkpt lat="61.818155189976096" lon="-6.717248065397143">
 <ele>56.079999999999998</ele>
 <time>2020-07-29T13:51:10Z</time>
 </trkpt>
 <trkpt lat="61.818219730630517" lon="-6.717402040958405">
 <ele>56.969999999999999</ele>
 <time>2020-07-29T13:51:17Z</time>
 </trkpt>
 <trkpt lat="61.818287540227175" lon="-6.717566912993789">
 <ele>57.770000000000003</ele>
 <time>2020-07-29T13:51:25Z</time>
 </trkpt>
 <trkpt lat="61.818334562703967" lon="-6.717762714251876">
 <ele>58.770000000000003</ele>
 <time>2020-07-29T13:51:33Z</time>
 </trkpt>
 <trkpt lat="61.818401534110308" lon="-6.717949295416474">
 <ele>56.520000000000003</ele>
 <time>2020-07-29T13:51:41Z</time>
 </trkpt>
 <trkpt lat="61.818477725610137" lon="-6.718112574890256">
 <ele>57.57</ele>
 <time>2020-07-29T13:51:48Z</time>
 </trkpt>
 <trkpt lat="61.818543020635843" lon="-6.71825204975903">
 <ele>59.130000000000003</ele>
 <time>2020-07-29T13:51:56Z</time>
 </trkpt>
 <trkpt lat="61.818494154140353" lon="-6.718223383650184">
 <ele>58.380000000000003</ele>
 <time>2020-07-29T13:52:09Z</time>
 </trkpt>
 </trkseg>
 </trk>

</gpx>