<?xml version="1.0" encoding="utf-8"?><gpx creator="Garmin Desktop App" version="1.1" xsi:schemaLocation="http://www.topografix.com/GPX/1/1 http://www.topografix.com/GPX/1/1/gpx.xsd http://www.garmin.com/xmlschemas/WaypointExtension/v1 http://www8.garmin.com/xmlschemas/WaypointExtensionv1.xsd http://www.garmin.com/xmlschemas/TrackPointExtension/v1 http://www.garmin.com/xmlschemas/TrackPointExtensionv1.xsd http://www.garmin.com/xmlschemas/GpxExtensions/v3 http://www8.garmin.com/xmlschemas/GpxExtensionsv3.xsd http://www.garmin.com/xmlschemas/ActivityExtension/v1 http://www8.garmin.com/xmlschemas/ActivityExtensionv1.xsd http://www.garmin.com/xmlschemas/AdventuresExtensions/v1 http://www8.garmin.com/xmlschemas/AdventuresExtensionv1.xsd http://www.garmin.com/xmlschemas/PressureExtension/v1 http://www.garmin.com/xmlschemas/PressureExtensionv1.xsd http://www.garmin.com/xmlschemas/TripExtensions/v1 http://www.garmin.com/xmlschemas/TripExtensionsv1.xsd http://www.garmin.com/xmlschemas/TripMetaDataExtensions/v1 http://www.garmin.com/xmlschemas/TripMetaDataExtensionsv1.xsd http://www.garmin.com/xmlschemas/ViaPointTransportationModeExtensions/v1 http://www.garmin.com/xmlschemas/ViaPointTransportationModeExtensionsv1.xsd http://www.garmin.com/xmlschemas/CreationTimeExtension/v1 http://www.garmin.com/xmlschemas/CreationTimeExtensionsv1.xsd http://www.garmin.com/xmlschemas/AccelerationExtension/v1 http://www.garmin.com/xmlschemas/AccelerationExtensionv1.xsd http://www.garmin.com/xmlschemas/PowerExtension/v1 http://www.garmin.com/xmlschemas/PowerExtensionv1.xsd http://www.garmin.com/xmlschemas/VideoExtension/v1 http://www.garmin.com/xmlschemas/VideoExtensionv1.xsd" xmlns="http://www.topografix.com/GPX/1/1" xmlns:xsi="http://www.w3.org/2001/XMLSchema-instance" xmlns:wptx1="http://www.garmin.com/xmlschemas/WaypointExtension/v1" xmlns:gpxtrx="http://www.garmin.com/xmlschemas/GpxExtensions/v3" xmlns:gpxtpx="http://www.garmin.com/xmlschemas/TrackPointExtension/v1" xmlns:gpxx="http://www.garmin.com/xmlschemas/GpxExtensions/v3" xmlns:trp="http://www.garmin.com/xmlschemas/TripExtensions/v1" xmlns:adv="http://www.garmin.com/xmlschemas/AdventuresExtensions/v1" xmlns:prs="http://www.garmin.com/xmlschemas/PressureExtension/v1" xmlns:tmd="http://www.garmin.com/xmlschemas/TripMetaDataExtensions/v1" xmlns:vptm="http://www.garmin.com/xmlschemas/ViaPointTransportationModeExtensions/v1" xmlns:ctx="http://www.garmin.com/xmlschemas/CreationTimeExtension/v1" xmlns:gpxacc="http://www.garmin.com/xmlschemas/AccelerationExtension/v1" xmlns:gpxpx="http://www.garmin.com/xmlschemas/PowerExtension/v1" xmlns:vidx1="http://www.garmin.com/xmlschemas/VideoExtension/v1">

  <metadata>
    <link href="http://www.garmin.com">
      <text>Garmin International</text>
    </link>
    <time>2021-01-27T13:53:35Z</time>
    <bounds maxlat="61.578577095642686" maxlon="-6.807199632748961" minlat="61.554818255826831" minlon="-6.835156967863441" />
  </metadata>

  <wpt lat="61.565969036892056" lon="-6.828325968235731">
    <ele>117.267014</ele>
    <time>2020-07-18T09:22:09Z</time>
    <name>WP1 03_HV</name>
    <sym>Flag, Blue</sym>
    <type>user</type>
    <extensions>
      <gpxx:WaypointExtension>
        <gpxx:DisplayMode>SymbolAndName</gpxx:DisplayMode>
      </gpxx:WaypointExtension>
      <wptx1:WaypointExtension>
        <wptx1:DisplayMode>SymbolAndName</wptx1:DisplayMode>
      </wptx1:WaypointExtension>
      <ctx:CreationTimeExtension>
        <ctx:CreationTime>2020-07-18T09:22:09Z</ctx:CreationTime>
      </ctx:CreationTimeExtension>
    </extensions>
  </wpt>

  <wpt lat="61.575213018804789" lon="-6.824065027758479">
    <ele>172.28353899999999</ele>
    <time>2020-07-18T09:45:10Z</time>
    <name>WP2 06_HV</name>
    <sym>Flag, Blue</sym>
    <type>user</type>
    <extensions>
      <gpxx:WaypointExtension>
        <gpxx:DisplayMode>SymbolAndName</gpxx:DisplayMode>
      </gpxx:WaypointExtension>
      <wptx1:WaypointExtension>
        <wptx1:DisplayMode>SymbolAndName</wptx1:DisplayMode>
      </wptx1:WaypointExtension>
      <ctx:CreationTimeExtension>
        <ctx:CreationTime>2020-07-18T09:45:10Z</ctx:CreationTime>
      </ctx:CreationTimeExtension>
    </extensions>
  </wpt>

  <wpt lat="61.578559996560216" lon="-6.835136013105512">
    <ele>88.125786000000005</ele>
    <time>2020-07-18T10:04:53Z</time>
    <name>WP3 10_HV</name>
    <sym>Flag, Blue</sym>
    <type>user</type>
    <extensions>
      <gpxx:WaypointExtension>
        <gpxx:DisplayMode>SymbolAndName</gpxx:DisplayMode>
      </gpxx:WaypointExtension>
      <wptx1:WaypointExtension>
        <wptx1:DisplayMode>SymbolAndName</wptx1:DisplayMode>
      </wptx1:WaypointExtension>
      <ctx:CreationTimeExtension>
        <ctx:CreationTime>2020-07-18T10:04:53Z</ctx:CreationTime>
      </ctx:CreationTimeExtension>
    </extensions>
  </wpt>

  <trk>
    <name>25 Wanderung Tvøroyri Hvannhagi CS 001</name>
    <extensions>
      <gpxx:TrackExtension>
        <gpxx:DisplayColor>Blue</gpxx:DisplayColor>
      </gpxx:TrackExtension>
      <gpxtrkx:TrackStatsExtension xmlns:gpxtrkx="http://www.garmin.com/xmlschemas/TrackStatsExtension/v1">
        <gpxtrkx:Distance>8106</gpxtrkx:Distance>
        <gpxtrkx:TotalElapsedTime>7916</gpxtrkx:TotalElapsedTime>
        <gpxtrkx:MovingTime>6987</gpxtrkx:MovingTime>
        <gpxtrkx:StoppedTime>924</gpxtrkx:StoppedTime>
        <gpxtrkx:MovingSpeed>1</gpxtrkx:MovingSpeed>
        <gpxtrkx:MaxSpeed>2</gpxtrkx:MaxSpeed>
        <gpxtrkx:MaxElevation>212</gpxtrkx:MaxElevation>
        <gpxtrkx:MinElevation>-18</gpxtrkx:MinElevation>
        <gpxtrkx:Ascent>384</gpxtrkx:Ascent>
        <gpxtrkx:Descent>396</gpxtrkx:Descent>
        <gpxtrkx:AvgAscentRate>0</gpxtrkx:AvgAscentRate>
        <gpxtrkx:MaxAscentRate>1</gpxtrkx:MaxAscentRate>
        <gpxtrkx:AvgDescentRate>0</gpxtrkx:AvgDescentRate>
        <gpxtrkx:MaxDescentRate>-1</gpxtrkx:MaxDescentRate>
      </gpxtrkx:TrackStatsExtension>
    </extensions>
    <trkseg>
      <trkpt lat="61.554818255826831" lon="-6.807213127613068">
        <ele>-17.879999999999999</ele>
        <time>2020-07-18T09:01:46Z</time>
      </trkpt>
      <trkpt lat="61.554862847551703" lon="-6.807437678799033">
        <ele>17.829999999999998</ele>
        <time>2020-07-18T09:02:05Z</time>
      </trkpt>
      <trkpt lat="61.554899727925658" lon="-6.807630630210042">
        <ele>18.02</ele>
        <time>2020-07-18T09:02:12Z</time>
      </trkpt>
      <trkpt lat="61.554938703775406" lon="-6.807804722338915">
        <ele>17.670000000000002</ele>
        <time>2020-07-18T09:02:19Z</time>
      </trkpt>
      <trkpt lat="61.555001484230161" lon="-6.807971019297838">
        <ele>17.449999999999999</ele>
        <time>2020-07-18T09:02:27Z</time>
      </trkpt>
      <trkpt lat="61.555032078176737" lon="-6.808160031214356">
        <ele>17.190000000000001</ele>
        <time>2020-07-18T09:02:34Z</time>
      </trkpt>
      <trkpt lat="61.55507524497807" lon="-6.808361196890473">
        <ele>17.809999999999999</ele>
        <time>2020-07-18T09:02:42Z</time>
      </trkpt>
      <trkpt lat="61.555183790624142" lon="-6.808390617370606">
        <ele>18.77</ele>
        <time>2020-07-18T09:02:55Z</time>
      </trkpt>
      <trkpt lat="61.555298119783401" lon="-6.808383828029037">
        <ele>19.43</ele>
        <time>2020-07-18T09:03:02Z</time>
      </trkpt>
      <trkpt lat="61.555405994877219" lon="-6.808371841907501">
        <ele>20.940000000000001</ele>
        <time>2020-07-18T09:03:10Z</time>
      </trkpt>
      <trkpt lat="61.55551940202713" lon="-6.808341583237052">
        <ele>22.879999999999999</ele>
        <time>2020-07-18T09:03:18Z</time>
      </trkpt>
      <trkpt lat="61.555640185251832" lon="-6.808483153581619">
        <ele>23.93</ele>
        <time>2020-07-18T09:03:29Z</time>
      </trkpt>
      <trkpt lat="61.555694499984384" lon="-6.808672584593296">
        <ele>24.719999999999999</ele>
        <time>2020-07-18T09:03:36Z</time>
      </trkpt>
      <trkpt lat="61.555774128064513" lon="-6.808862518519163">
        <ele>26.82</ele>
        <time>2020-07-18T09:03:47Z</time>
      </trkpt>
      <trkpt lat="61.555826431140304" lon="-6.809064019471407">
        <ele>27.149999999999999</ele>
        <time>2020-07-18T09:03:55Z</time>
      </trkpt>
      <trkpt lat="61.555876806378365" lon="-6.809347411617637">
        <ele>28.420000000000002</ele>
        <time>2020-07-18T09:04:05Z</time>
      </trkpt>
      <trkpt lat="61.555912597104907" lon="-6.809573471546173">
        <ele>29.16</ele>
        <time>2020-07-18T09:04:13Z</time>
      </trkpt>
      <trkpt lat="61.555962385609746" lon="-6.809792574495077">
        <ele>29.25</ele>
        <time>2020-07-18T09:04:21Z</time>
      </trkpt>
      <trkpt lat="61.55603438615799" lon="-6.810081247240305">
        <ele>29.5</ele>
        <time>2020-07-18T09:04:30Z</time>
      </trkpt>
      <trkpt lat="61.556147709488869" lon="-6.810283921658993">
        <ele>31.289999999999999</ele>
        <time>2020-07-18T09:04:44Z</time>
      </trkpt>
      <trkpt lat="61.556268241256475" lon="-6.810278138145804">
        <ele>33.979999999999997</ele>
        <time>2020-07-18T09:04:53Z</time>
      </trkpt>
      <trkpt lat="61.556381732225418" lon="-6.810271181166172">
        <ele>36.079999999999998</ele>
        <time>2020-07-18T09:05:02Z</time>
      </trkpt>
      <trkpt lat="61.556518273428082" lon="-6.810223907232285">
        <ele>38.579999999999998</ele>
        <time>2020-07-18T09:05:14Z</time>
      </trkpt>
      <trkpt lat="61.556634195148945" lon="-6.810145955532789">
        <ele>41.380000000000003</ele>
        <time>2020-07-18T09:05:25Z</time>
      </trkpt>
      <trkpt lat="61.556724887341261" lon="-6.810054844245315">
        <ele>43.399999999999999</ele>
        <time>2020-07-18T09:05:34Z</time>
      </trkpt>
      <trkpt lat="61.556813400238752" lon="-6.80994713678956">
        <ele>45.189999999999998</ele>
        <time>2020-07-18T09:05:42Z</time>
      </trkpt>
      <trkpt lat="61.556875593960285" lon="-6.809777989983559">
        <ele>46.880000000000003</ele>
        <time>2020-07-18T09:05:51Z</time>
      </trkpt>
      <trkpt lat="61.556946923956275" lon="-6.809720322489739">
        <ele>48.840000000000003</ele>
        <time>2020-07-18T09:06:02Z</time>
      </trkpt>
      <trkpt lat="61.557045662775636" lon="-6.809775223955512">
        <ele>51.640000000000001</ele>
        <time>2020-07-18T09:06:13Z</time>
      </trkpt>
      <trkpt lat="61.557177677750587" lon="-6.809898186475039">
        <ele>54.170000000000002</ele>
        <time>2020-07-18T09:06:26Z</time>
      </trkpt>
      <trkpt lat="61.557289324700832" lon="-6.810090048238635">
        <ele>57.530000000000001</ele>
        <time>2020-07-18T09:06:38Z</time>
      </trkpt>
      <trkpt lat="61.557443048804998" lon="-6.810221392661333">
        <ele>60.960000000000001</ele>
        <time>2020-07-18T09:06:54Z</time>
      </trkpt>
      <trkpt lat="61.557626277208328" lon="-6.810194905847311">
        <ele>63.93</ele>
        <time>2020-07-18T09:07:10Z</time>
      </trkpt>
      <trkpt lat="61.557751167565584" lon="-6.810174537822604">
        <ele>67.5</ele>
        <time>2020-07-18T09:07:25Z</time>
      </trkpt>
      <trkpt lat="61.557774636894464" lon="-6.810309486463666">
        <ele>67.299999999999997</ele>
        <time>2020-07-18T09:07:37Z</time>
      </trkpt>
      <trkpt lat="61.557774385437369" lon="-6.810492463409901">
        <ele>68.049999999999997</ele>
        <time>2020-07-18T09:07:45Z</time>
      </trkpt>
      <trkpt lat="61.55775535851717" lon="-6.810718942433596">
        <ele>68.760000000000005</ele>
        <time>2020-07-18T09:07:53Z</time>
      </trkpt>
      <trkpt lat="61.557733817026019" lon="-6.810949444770813">
        <ele>69.5</ele>
        <time>2020-07-18T09:08:02Z</time>
      </trkpt>
      <trkpt lat="61.557718561962247" lon="-6.811151448637247">
        <ele>71.069999999999993</ele>
        <time>2020-07-18T09:08:09Z</time>
      </trkpt>
      <trkpt lat="61.557707246392965" lon="-6.811377592384815">
        <ele>72.090000000000003</ele>
        <time>2020-07-18T09:08:19Z</time>
      </trkpt>
      <trkpt lat="61.557704312726855" lon="-6.81160013191402">
        <ele>73.170000000000002</ele>
        <time>2020-07-18T09:08:27Z</time>
      </trkpt>
      <trkpt lat="61.557716801762581" lon="-6.811814876273274">
        <ele>74.329999999999998</ele>
        <time>2020-07-18T09:08:34Z</time>
      </trkpt>
      <trkpt lat="61.557734990492463" lon="-6.812043366953731">
        <ele>74.760000000000005</ele>
        <time>2020-07-18T09:08:41Z</time>
      </trkpt>
      <trkpt lat="61.557758208364248" lon="-6.812281832098961">
        <ele>75.980000000000004</ele>
        <time>2020-07-18T09:08:48Z</time>
      </trkpt>
      <trkpt lat="61.55779592692852" lon="-6.812503868713975">
        <ele>75.980000000000004</ele>
        <time>2020-07-18T09:08:55Z</time>
      </trkpt>
      <trkpt lat="61.55782182700932" lon="-6.812729006633163">
        <ele>75.010000000000005</ele>
        <time>2020-07-18T09:09:02Z</time>
      </trkpt>
      <trkpt lat="61.557858539745212" lon="-6.812958000227809">
        <ele>75.609999999999999</ele>
        <time>2020-07-18T09:09:09Z</time>
      </trkpt>
      <trkpt lat="61.557889636605978" lon="-6.813209624961019">
        <ele>74.680000000000007</ele>
        <time>2020-07-18T09:09:15Z</time>
      </trkpt>
      <trkpt lat="61.557864658534527" lon="-6.813427554443479">
        <ele>75.280000000000001</ele>
        <time>2020-07-18T09:09:21Z</time>
      </trkpt>
      <trkpt lat="61.557887624949217" lon="-6.813688734546304">
        <ele>76.109999999999999</ele>
        <time>2020-07-18T09:09:28Z</time>
      </trkpt>
      <trkpt lat="61.55793372541666" lon="-6.813881266862154">
        <ele>74.519999999999996</ele>
        <time>2020-07-18T09:09:34Z</time>
      </trkpt>
      <trkpt lat="61.557978233322501" lon="-6.814097100868821">
        <ele>74.950000000000003</ele>
        <time>2020-07-18T09:09:41Z</time>
      </trkpt>
      <trkpt lat="61.558005390688777" lon="-6.814325507730246">
        <ele>75.709999999999994</ele>
        <time>2020-07-18T09:09:48Z</time>
      </trkpt>
      <trkpt lat="61.558066327124834" lon="-6.814543521031737">
        <ele>75.060000000000002</ele>
        <time>2020-07-18T09:09:55Z</time>
      </trkpt>
      <trkpt lat="61.558109913021326" lon="-6.814769916236401">
        <ele>75.290000000000006</ele>
        <time>2020-07-18T09:10:02Z</time>
      </trkpt>
      <trkpt lat="61.558167496696115" lon="-6.814995808526874">
        <ele>75.689999999999998</ele>
        <time>2020-07-18T09:10:08Z</time>
      </trkpt>
      <trkpt lat="61.558215944096446" lon="-6.815193369984627">
        <ele>76.609999999999999</ele>
        <time>2020-07-18T09:10:14Z</time>
      </trkpt>
      <trkpt lat="61.558236060664058" lon="-6.815392607823014">
        <ele>77.640000000000001</ele>
        <time>2020-07-18T09:10:20Z</time>
      </trkpt>
      <trkpt lat="61.558275371789932" lon="-6.815598383545876">
        <ele>77.769999999999996</ele>
        <time>2020-07-18T09:10:26Z</time>
      </trkpt>
      <trkpt lat="61.558321975171566" lon="-6.815779935568571">
        <ele>78</ele>
        <time>2020-07-18T09:10:34Z</time>
      </trkpt>
      <trkpt lat="61.558376960456371" lon="-6.815977748483419">
        <ele>78.120000000000005</ele>
        <time>2020-07-18T09:10:41Z</time>
      </trkpt>
      <trkpt lat="61.558437226340175" lon="-6.81619031354785">
        <ele>79.060000000000002</ele>
        <time>2020-07-18T09:10:49Z</time>
      </trkpt>
      <trkpt lat="61.558509059250355" lon="-6.816354431211948">
        <ele>78.340000000000003</ele>
        <time>2020-07-18T09:10:56Z</time>
      </trkpt>
      <trkpt lat="61.558583909645677" lon="-6.816536486148834">
        <ele>78.620000000000005</ele>
        <time>2020-07-18T09:11:03Z</time>
      </trkpt>
      <trkpt lat="61.558651132509112" lon="-6.816696245223284">
        <ele>78.859999999999999</ele>
        <time>2020-07-18T09:11:10Z</time>
      </trkpt>
      <trkpt lat="61.558712152764201" lon="-6.816868912428618">
        <ele>78.620000000000005</ele>
        <time>2020-07-18T09:11:17Z</time>
      </trkpt>
      <trkpt lat="61.558799743652344" lon="-6.817038562148809">
        <ele>79.739999999999995</ele>
        <time>2020-07-18T09:11:25Z</time>
      </trkpt>
      <trkpt lat="61.558867804706097" lon="-6.817228244617581">
        <ele>79.659999999999997</ele>
        <time>2020-07-18T09:11:31Z</time>
      </trkpt>
      <trkpt lat="61.558962604030967" lon="-6.817352464422584">
        <ele>80.049999999999997</ele>
        <time>2020-07-18T09:11:38Z</time>
      </trkpt>
      <trkpt lat="61.559052122756839" lon="-6.817491604015231">
        <ele>79.810000000000002</ele>
        <time>2020-07-18T09:11:45Z</time>
      </trkpt>
      <trkpt lat="61.559133175760508" lon="-6.817635772749782">
        <ele>79.510000000000005</ele>
        <time>2020-07-18T09:11:52Z</time>
      </trkpt>
      <trkpt lat="61.559245157986879" lon="-6.817749934270978">
        <ele>79.769999999999996</ele>
        <time>2020-07-18T09:11:58Z</time>
      </trkpt>
      <trkpt lat="61.559331826865673" lon="-6.817868622019887">
        <ele>79.409999999999997</ele>
        <time>2020-07-18T09:12:04Z</time>
      </trkpt>
      <trkpt lat="61.559406509622931" lon="-6.818005833774805">
        <ele>79.030000000000001</ele>
        <time>2020-07-18T09:12:11Z</time>
      </trkpt>
      <trkpt lat="61.559510864317417" lon="-6.818152517080307">
        <ele>78.650000000000006</ele>
        <time>2020-07-18T09:12:18Z</time>
      </trkpt>
      <trkpt lat="61.559590240940452" lon="-6.818279251456261">
        <ele>78.459999999999994</ele>
        <time>2020-07-18T09:12:24Z</time>
      </trkpt>
      <trkpt lat="61.559667689725757" lon="-6.818415122106671">
        <ele>77.799999999999997</ele>
        <time>2020-07-18T09:12:31Z</time>
      </trkpt>
      <trkpt lat="61.559758801013231" lon="-6.818557363003492">
        <ele>77.099999999999994</ele>
        <time>2020-07-18T09:12:38Z</time>
      </trkpt>
      <trkpt lat="61.559841111302376" lon="-6.81867353618145">
        <ele>76.719999999999999</ele>
        <time>2020-07-18T09:12:44Z</time>
      </trkpt>
      <trkpt lat="61.55992291867733" lon="-6.818798761814833">
        <ele>75.870000000000005</ele>
        <time>2020-07-18T09:12:51Z</time>
      </trkpt>
      <trkpt lat="61.560008497908711" lon="-6.818933710455895">
        <ele>75.489999999999995</ele>
        <time>2020-07-18T09:12:58Z</time>
      </trkpt>
      <trkpt lat="61.560111176222563" lon="-6.819078717380762">
        <ele>75.709999999999994</ele>
        <time>2020-07-18T09:13:06Z</time>
      </trkpt>
      <trkpt lat="61.560216872021556" lon="-6.81921006180346">
        <ele>75.700000000000003</ele>
        <time>2020-07-18T09:13:13Z</time>
      </trkpt>
      <trkpt lat="61.560311671346426" lon="-6.819299412891269">
        <ele>76.060000000000002</ele>
        <time>2020-07-18T09:13:20Z</time>
      </trkpt>
      <trkpt lat="61.560420468449593" lon="-6.819367976859212">
        <ele>76.590000000000003</ele>
        <time>2020-07-18T09:13:27Z</time>
      </trkpt>
      <trkpt lat="61.560522308573127" lon="-6.819438803941011">
        <ele>76.989999999999995</ele>
        <time>2020-07-18T09:13:33Z</time>
      </trkpt>
      <trkpt lat="61.560625154525042" lon="-6.819526227191091">
        <ele>77.409999999999997</ele>
        <time>2020-07-18T09:13:40Z</time>
      </trkpt>
      <trkpt lat="61.560712158679962" lon="-6.819613398984075">
        <ele>77.879999999999995</ele>
        <time>2020-07-18T09:13:47Z</time>
      </trkpt>
      <trkpt lat="61.560794804245234" lon="-6.819731499999762">
        <ele>79.219999999999999</ele>
        <time>2020-07-18T09:13:54Z</time>
      </trkpt>
      <trkpt lat="61.560887591913342" lon="-6.819885727018118">
        <ele>79.329999999999998</ele>
        <time>2020-07-18T09:14:02Z</time>
      </trkpt>
      <trkpt lat="61.560985324904323" lon="-6.820037858560681">
        <ele>80.209999999999994</ele>
        <time>2020-07-18T09:14:10Z</time>
      </trkpt>
      <trkpt lat="61.561077022925019" lon="-6.820181608200073">
        <ele>79.870000000000005</ele>
        <time>2020-07-18T09:14:17Z</time>
      </trkpt>
      <trkpt lat="61.561170313507318" lon="-6.820341870188713">
        <ele>79.540000000000006</ele>
        <time>2020-07-18T09:14:24Z</time>
      </trkpt>
      <trkpt lat="61.561253210529685" lon="-6.820493331179023">
        <ele>79.140000000000001</ele>
        <time>2020-07-18T09:14:31Z</time>
      </trkpt>
      <trkpt lat="61.561349015682936" lon="-6.820620400831103">
        <ele>78.840000000000003</ele>
        <time>2020-07-18T09:14:38Z</time>
      </trkpt>
      <trkpt lat="61.561438702046871" lon="-6.820717882364988">
        <ele>78.859999999999999</ele>
        <time>2020-07-18T09:14:44Z</time>
      </trkpt>
      <trkpt lat="61.561536518856883" lon="-6.820771275088191">
        <ele>79.599999999999994</ele>
        <time>2020-07-18T09:14:51Z</time>
      </trkpt>
      <trkpt lat="61.561644477769732" lon="-6.820839503780007">
        <ele>79.689999999999998</ele>
        <time>2020-07-18T09:14:58Z</time>
      </trkpt>
      <trkpt lat="61.561733661219478" lon="-6.820908403024077">
        <ele>79.790000000000006</ele>
        <time>2020-07-18T09:15:05Z</time>
      </trkpt>
      <trkpt lat="61.561834160238504" lon="-6.821004878729582">
        <ele>80.640000000000001</ele>
        <time>2020-07-18T09:15:13Z</time>
      </trkpt>
      <trkpt lat="61.5619380120188" lon="-6.82107562199235">
        <ele>81.760000000000005</ele>
        <time>2020-07-18T09:15:21Z</time>
      </trkpt>
      <trkpt lat="61.562047647312284" lon="-6.821155082434416">
        <ele>83.209999999999994</ele>
        <time>2020-07-18T09:15:29Z</time>
      </trkpt>
      <trkpt lat="61.56215007416904" lon="-6.821230603381991">
        <ele>83.930000000000007</ele>
        <time>2020-07-18T09:15:37Z</time>
      </trkpt>
      <trkpt lat="61.562246046960354" lon="-6.821316936984658">
        <ele>83.900000000000006</ele>
        <time>2020-07-18T09:15:44Z</time>
      </trkpt>
      <trkpt lat="61.562331961467862" lon="-6.821412071585655">
        <ele>84.950000000000003</ele>
        <time>2020-07-18T09:15:51Z</time>
      </trkpt>
      <trkpt lat="61.562438160181046" lon="-6.821504691615701">
        <ele>85.739999999999995</ele>
        <time>2020-07-18T09:15:58Z</time>
      </trkpt>
      <trkpt lat="61.562533546239138" lon="-6.821609381586313">
        <ele>86.209999999999994</ele>
        <time>2020-07-18T09:16:05Z</time>
      </trkpt>
      <trkpt lat="61.56261820346117" lon="-6.821732679381967">
        <ele>87.310000000000002</ele>
        <time>2020-07-18T09:16:12Z</time>
      </trkpt>
      <trkpt lat="61.562723899260163" lon="-6.821855390444398">
        <ele>88.609999999999999</ele>
        <time>2020-07-18T09:16:21Z</time>
      </trkpt>
      <trkpt lat="61.562799671664834" lon="-6.821932001039386">
        <ele>87.170000000000002</ele>
        <time>2020-07-18T09:16:47Z</time>
      </trkpt>
      <trkpt lat="61.562909726053476" lon="-6.822006683796644">
        <ele>88.5</ele>
        <time>2020-07-18T09:16:59Z</time>
      </trkpt>
      <trkpt lat="61.563009889796376" lon="-6.82210760191083">
        <ele>89.450000000000003</ele>
        <time>2020-07-18T09:17:07Z</time>
      </trkpt>
      <trkpt lat="61.563099827617407" lon="-6.822240371257067">
        <ele>90.609999999999999</ele>
        <time>2020-07-18T09:17:15Z</time>
      </trkpt>
      <trkpt lat="61.56319378875196" lon="-6.822363417595625">
        <ele>91.049999999999997</ele>
        <time>2020-07-18T09:17:23Z</time>
      </trkpt>
      <trkpt lat="61.563287833705544" lon="-6.822456205263734">
        <ele>91.709999999999994</ele>
        <time>2020-07-18T09:17:37Z</time>
      </trkpt>
      <trkpt lat="61.56337165273726" lon="-6.822583107277751">
        <ele>93.040000000000006</ele>
        <time>2020-07-18T09:17:45Z</time>
      </trkpt>
      <trkpt lat="61.563445245847106" lon="-6.822726354002953">
        <ele>94.829999999999998</ele>
        <time>2020-07-18T09:17:53Z</time>
      </trkpt>
      <trkpt lat="61.563538368791342" lon="-6.822803635150194">
        <ele>94.510000000000005</ele>
        <time>2020-07-18T09:17:59Z</time>
      </trkpt>
      <trkpt lat="61.563633335754275" lon="-6.822891309857369">
        <ele>94.890000000000001</ele>
        <time>2020-07-18T09:18:06Z</time>
      </trkpt>
      <trkpt lat="61.563731739297509" lon="-6.822972530499101">
        <ele>94.790000000000006</ele>
        <time>2020-07-18T09:18:13Z</time>
      </trkpt>
      <trkpt lat="61.563826454803348" lon="-6.823058109730482">
        <ele>95.439999999999998</ele>
        <time>2020-07-18T09:18:20Z</time>
      </trkpt>
      <trkpt lat="61.563926618546247" lon="-6.823139498010278">
        <ele>97.159999999999997</ele>
        <time>2020-07-18T09:18:28Z</time>
      </trkpt>
      <trkpt lat="61.564013874158263" lon="-6.823250725865364">
        <ele>99.640000000000001</ele>
        <time>2020-07-18T09:18:36Z</time>
      </trkpt>
      <trkpt lat="61.564082354307175" lon="-6.823429008945823">
        <ele>101.12</ele>
        <time>2020-07-18T09:18:43Z</time>
      </trkpt>
      <trkpt lat="61.564196180552244" lon="-6.823739223182201">
        <ele>102.34999999999999</ele>
        <time>2020-07-18T09:18:55Z</time>
      </trkpt>
      <trkpt lat="61.564268264919519" lon="-6.823914404958487">
        <ele>102.59999999999999</ele>
        <time>2020-07-18T09:19:02Z</time>
      </trkpt>
      <trkpt lat="61.564337583258748" lon="-6.824120683595538">
        <ele>102.34</ele>
        <time>2020-07-18T09:19:10Z</time>
      </trkpt>
      <trkpt lat="61.564414445310831" lon="-6.824278011918068">
        <ele>102.56999999999999</ele>
        <time>2020-07-18T09:19:16Z</time>
      </trkpt>
      <trkpt lat="61.56450136564672" lon="-6.824425365775824">
        <ele>102.84999999999999</ele>
        <time>2020-07-18T09:19:23Z</time>
      </trkpt>
      <trkpt lat="61.564580323174596" lon="-6.824572971090674">
        <ele>103.87</ele>
        <time>2020-07-18T09:19:30Z</time>
      </trkpt>
      <trkpt lat="61.564662214368582" lon="-6.824741363525391">
        <ele>104.45</ele>
        <time>2020-07-18T09:19:38Z</time>
      </trkpt>
      <trkpt lat="61.56471686437726" lon="-6.824910761788487">
        <ele>105.18000000000001</ele>
        <time>2020-07-18T09:19:45Z</time>
      </trkpt>
      <trkpt lat="61.564798168838024" lon="-6.825047638267279">
        <ele>106.01000000000001</ele>
        <time>2020-07-18T09:19:53Z</time>
      </trkpt>
      <trkpt lat="61.564853321760893" lon="-6.825209660455585">
        <ele>107.81</ele>
        <time>2020-07-18T09:20:00Z</time>
      </trkpt>
      <trkpt lat="61.564918784424663" lon="-6.825372772291303">
        <ele>108.56999999999999</ele>
        <time>2020-07-18T09:20:07Z</time>
      </trkpt>
      <trkpt lat="61.564987851306796" lon="-6.825527586042881">
        <ele>107.7</ele>
        <time>2020-07-18T09:20:14Z</time>
      </trkpt>
      <trkpt lat="61.56503202393651" lon="-6.825706791132689">
        <ele>108.73</ele>
        <time>2020-07-18T09:20:21Z</time>
      </trkpt>
      <trkpt lat="61.565085332840681" lon="-6.825889768078923">
        <ele>109.2</ele>
        <time>2020-07-18T09:20:28Z</time>
      </trkpt>
      <trkpt lat="61.565141743049026" lon="-6.826073583215475">
        <ele>109.73</ele>
        <time>2020-07-18T09:20:35Z</time>
      </trkpt>
      <trkpt lat="61.565213911235332" lon="-6.826259577646852">
        <ele>110.42</ele>
        <time>2020-07-18T09:20:42Z</time>
      </trkpt>
      <trkpt lat="61.56527929008007" lon="-6.826432915404439">
        <ele>110.97</ele>
        <time>2020-07-18T09:20:49Z</time>
      </trkpt>
      <trkpt lat="61.565352380275726" lon="-6.826601140201092">
        <ele>110.09</ele>
        <time>2020-07-18T09:20:56Z</time>
      </trkpt>
      <trkpt lat="61.565420022234321" lon="-6.826796187087894">
        <ele>110.87</ele>
        <time>2020-07-18T09:21:04Z</time>
      </trkpt>
      <trkpt lat="61.565492274239659" lon="-6.826969105750322">
        <ele>110.06999999999999</ele>
        <time>2020-07-18T09:21:11Z</time>
      </trkpt>
      <trkpt lat="61.565544242039323" lon="-6.827159626409411">
        <ele>110.97</ele>
        <time>2020-07-18T09:21:17Z</time>
      </trkpt>
      <trkpt lat="61.565599562600255" lon="-6.827340759336948">
        <ele>111.51000000000001</ele>
        <time>2020-07-18T09:21:24Z</time>
      </trkpt>
      <trkpt lat="61.565655553713441" lon="-6.827493645250797">
        <ele>112.06999999999999</ele>
        <time>2020-07-18T09:21:30Z</time>
      </trkpt>
      <trkpt lat="61.565705677494407" lon="-6.82767947204411">
        <ele>114.05</ele>
        <time>2020-07-18T09:21:38Z</time>
      </trkpt>
      <trkpt lat="61.565772900357842" lon="-6.827872591093183">
        <ele>113.55</ele>
        <time>2020-07-18T09:21:46Z</time>
      </trkpt>
      <trkpt lat="61.56582847237587" lon="-6.828035702928901">
        <ele>114.8</ele>
        <time>2020-07-18T09:21:53Z</time>
      </trkpt>
      <trkpt lat="61.565888905897737" lon="-6.828210884705186">
        <ele>116.39</ele>
        <time>2020-07-18T09:22:00Z</time>
      </trkpt>
      <trkpt lat="61.565981945022941" lon="-6.828336277976632">
        <ele>117.20999999999999</ele>
        <time>2020-07-18T09:22:12Z</time>
      </trkpt>
      <trkpt lat="61.566035086289048" lon="-6.828536437824369">
        <ele>119.36</ele>
        <time>2020-07-18T09:22:24Z</time>
      </trkpt>
      <trkpt lat="61.566117228940129" lon="-6.828678594902158">
        <ele>119.95</ele>
        <time>2020-07-18T09:22:32Z</time>
      </trkpt>
      <trkpt lat="61.566173639148474" lon="-6.828855788335204">
        <ele>119.31</ele>
        <time>2020-07-18T09:22:41Z</time>
      </trkpt>
      <trkpt lat="61.566247148439288" lon="-6.828996520489454">
        <ele>117.78</ele>
        <time>2020-07-18T09:22:49Z</time>
      </trkpt>
      <trkpt lat="61.566312611103058" lon="-6.829143287613988">
        <ele>119.27</ele>
        <time>2020-07-18T09:23:18Z</time>
      </trkpt>
      <trkpt lat="61.566349323838949" lon="-6.829214114695787">
        <ele>122.2</ele>
        <time>2020-07-18T09:25:23Z</time>
      </trkpt>
      <trkpt lat="61.566403387114406" lon="-6.829221993684769">
        <ele>125.45</ele>
        <time>2020-07-18T09:25:37Z</time>
      </trkpt>
      <trkpt lat="61.566448817029595" lon="-6.829142533242703">
        <ele>128.40000000000001</ele>
        <time>2020-07-18T09:25:50Z</time>
      </trkpt>
      <trkpt lat="61.5664934925735" lon="-6.829175474122167">
        <ele>129.52000000000001</ele>
        <time>2020-07-18T09:26:02Z</time>
      </trkpt>
      <trkpt lat="61.566642019897699" lon="-6.829130044206977">
        <ele>131.84</ele>
        <time>2020-07-18T09:26:19Z</time>
      </trkpt>
      <trkpt lat="61.566780488938093" lon="-6.829269099980593">
        <ele>134.78</ele>
        <time>2020-07-18T09:26:39Z</time>
      </trkpt>
      <trkpt lat="61.566855926066637" lon="-6.829422991722822">
        <ele>140.93000000000001</ele>
        <time>2020-07-18T09:27:01Z</time>
      </trkpt>
      <trkpt lat="61.566922729834914" lon="-6.829466074705124">
        <ele>144.28</ele>
        <time>2020-07-18T09:27:20Z</time>
      </trkpt>
      <trkpt lat="61.566985342651606" lon="-6.829562215134502">
        <ele>146.52000000000001</ele>
        <time>2020-07-18T09:27:40Z</time>
      </trkpt>
      <trkpt lat="61.567050386220217" lon="-6.829705545678735">
        <ele>148</ele>
        <time>2020-07-18T09:27:52Z</time>
      </trkpt>
      <trkpt lat="61.567134540528059" lon="-6.829817276448011">
        <ele>149.59999999999999</ele>
        <time>2020-07-18T09:28:02Z</time>
      </trkpt>
      <trkpt lat="61.567208385095" lon="-6.829944932833314">
        <ele>150.91</ele>
        <time>2020-07-18T09:28:10Z</time>
      </trkpt>
      <trkpt lat="61.567277619615197" lon="-6.83009329251945">
        <ele>153.28</ele>
        <time>2020-07-18T09:28:23Z</time>
      </trkpt>
      <trkpt lat="61.567383985966444" lon="-6.830202173441649">
        <ele>154.24000000000001</ele>
        <time>2020-07-18T09:28:33Z</time>
      </trkpt>
      <trkpt lat="61.567495968192816" lon="-6.830319855362177">
        <ele>151.72</ele>
        <time>2020-07-18T09:28:44Z</time>
      </trkpt>
      <trkpt lat="61.567553216591477" lon="-6.830518590286374">
        <ele>152.49000000000001</ele>
        <time>2020-07-18T09:28:55Z</time>
      </trkpt>
      <trkpt lat="61.567624127492309" lon="-6.830691760405898">
        <ele>153.71000000000001</ele>
        <time>2020-07-18T09:29:03Z</time>
      </trkpt>
      <trkpt lat="61.567698391154408" lon="-6.830836599692702">
        <ele>154.22999999999999</ele>
        <time>2020-07-18T09:29:11Z</time>
      </trkpt>
      <trkpt lat="61.567764775827527" lon="-6.830988731235266">
        <ele>156.31999999999999</ele>
        <time>2020-07-18T09:29:19Z</time>
      </trkpt>
      <trkpt lat="61.567853707820177" lon="-6.831127284094691">
        <ele>158.25</ele>
        <time>2020-07-18T09:29:28Z</time>
      </trkpt>
      <trkpt lat="61.567930318415165" lon="-6.83130213059485">
        <ele>160.25</ele>
        <time>2020-07-18T09:29:38Z</time>
      </trkpt>
      <trkpt lat="61.568043138831854" lon="-6.831455267965794">
        <ele>161.65000000000001</ele>
        <time>2020-07-18T09:29:49Z</time>
      </trkpt>
      <trkpt lat="61.568152606487274" lon="-6.831578565761447">
        <ele>161.22999999999999</ele>
        <time>2020-07-18T09:29:57Z</time>
      </trkpt>
      <trkpt lat="61.568246651440859" lon="-6.831712005659938">
        <ele>163.47</ele>
        <time>2020-07-18T09:30:06Z</time>
      </trkpt>
      <trkpt lat="61.568346563726664" lon="-6.831820551306009">
        <ele>164.28999999999999</ele>
        <time>2020-07-18T09:30:13Z</time>
      </trkpt>
      <trkpt lat="61.568427197635174" lon="-6.831938736140728">
        <ele>165.05000000000001</ele>
        <time>2020-07-18T09:30:21Z</time>
      </trkpt>
      <trkpt lat="61.568516967818141" lon="-6.832044934853911">
        <ele>166.93000000000001</ele>
        <time>2020-07-18T09:30:29Z</time>
      </trkpt>
      <trkpt lat="61.56860631890595" lon="-6.832148870453239">
        <ele>168.16</ele>
        <time>2020-07-18T09:30:37Z</time>
      </trkpt>
      <trkpt lat="61.568707739934325" lon="-6.832199664786458">
        <ele>168.62</ele>
        <time>2020-07-18T09:30:44Z</time>
      </trkpt>
      <trkpt lat="61.568822907283902" lon="-6.832227911800146">
        <ele>168.80000000000001</ele>
        <time>2020-07-18T09:30:53Z</time>
      </trkpt>
      <trkpt lat="61.56895031221211" lon="-6.832294631749392">
        <ele>170.41</ele>
        <time>2020-07-18T09:31:04Z</time>
      </trkpt>
      <trkpt lat="61.56905684620142" lon="-6.83235858567059">
        <ele>170.63999999999999</ele>
        <time>2020-07-18T09:31:11Z</time>
      </trkpt>
      <trkpt lat="61.569152902811766" lon="-6.832448523491621">
        <ele>171.25</ele>
        <time>2020-07-18T09:31:18Z</time>
      </trkpt>
      <trkpt lat="61.569254156202078" lon="-6.832467634230852">
        <ele>170.31999999999999</ele>
        <time>2020-07-18T09:31:28Z</time>
      </trkpt>
      <trkpt lat="61.569358427077532" lon="-6.832569809630513">
        <ele>169.06999999999999</ele>
        <time>2020-07-18T09:31:39Z</time>
      </trkpt>
      <trkpt lat="61.569476192817092" lon="-6.832634350284934">
        <ele>169.59</ele>
        <time>2020-07-18T09:31:47Z</time>
      </trkpt>
      <trkpt lat="61.569591276347637" lon="-6.832625968381763">
        <ele>168.72999999999999</ele>
        <time>2020-07-18T09:31:55Z</time>
      </trkpt>
      <trkpt lat="61.569705940783024" lon="-6.832665363326669">
        <ele>170.13</ele>
        <time>2020-07-18T09:32:02Z</time>
      </trkpt>
      <trkpt lat="61.569804763421416" lon="-6.832706015557051">
        <ele>172.12</ele>
        <time>2020-07-18T09:32:08Z</time>
      </trkpt>
      <trkpt lat="61.569906938821077" lon="-6.832704758271575">
        <ele>172.13</ele>
        <time>2020-07-18T09:32:14Z</time>
      </trkpt>
      <trkpt lat="61.570018669590354" lon="-6.832697885110974">
        <ele>172.88</ele>
        <time>2020-07-18T09:32:21Z</time>
      </trkpt>
      <trkpt lat="61.570112127810717" lon="-6.832648096606135">
        <ele>170.62</ele>
        <time>2020-07-18T09:32:27Z</time>
      </trkpt>
      <trkpt lat="61.570196198299527" lon="-6.832534437999129">
        <ele>172.52000000000001</ele>
        <time>2020-07-18T09:32:36Z</time>
      </trkpt>
      <trkpt lat="61.570275323465466" lon="-6.83238985016942">
        <ele>174.19999999999999</ele>
        <time>2020-07-18T09:32:47Z</time>
      </trkpt>
      <trkpt lat="61.570351850241423" lon="-6.832257080823183">
        <ele>176.43000000000001</ele>
        <time>2020-07-18T09:32:59Z</time>
      </trkpt>
      <trkpt lat="61.570413121953607" lon="-6.832062201574445">
        <ele>178.66999999999999</ele>
        <time>2020-07-18T09:33:16Z</time>
      </trkpt>
      <trkpt lat="61.570451762527227" lon="-6.831856928765774">
        <ele>182.49000000000001</ele>
        <time>2020-07-18T09:33:32Z</time>
      </trkpt>
      <trkpt lat="61.570546478033066" lon="-6.831771517172456">
        <ele>186.97</ele>
        <time>2020-07-18T09:33:47Z</time>
      </trkpt>
      <trkpt lat="61.570643791928887" lon="-6.831679735332727">
        <ele>187.86000000000001</ele>
        <time>2020-07-18T09:33:56Z</time>
      </trkpt>
      <trkpt lat="61.570713613182306" lon="-6.831563981249929">
        <ele>190.06999999999999</ele>
        <time>2020-07-18T09:34:06Z</time>
      </trkpt>
      <trkpt lat="61.570791397243738" lon="-6.831444874405861">
        <ele>192.91999999999999</ele>
        <time>2020-07-18T09:34:19Z</time>
      </trkpt>
      <trkpt lat="61.570859961211681" lon="-6.831258963793516">
        <ele>197.13</ele>
        <time>2020-07-18T09:34:29Z</time>
      </trkpt>
      <trkpt lat="61.570922238752246" lon="-6.831099539995194">
        <ele>197.13999999999999</ele>
        <time>2020-07-18T09:34:36Z</time>
      </trkpt>
      <trkpt lat="61.570963645353913" lon="-6.830919245257974">
        <ele>197.84</ele>
        <time>2020-07-18T09:34:43Z</time>
      </trkpt>
      <trkpt lat="61.570991557091475" lon="-6.830730820074678">
        <ele>198.38999999999999</ele>
        <time>2020-07-18T09:34:52Z</time>
      </trkpt>
      <trkpt lat="61.571035142987967" lon="-6.830560667440295">
        <ele>197.21000000000001</ele>
        <time>2020-07-18T09:34:59Z</time>
      </trkpt>
      <trkpt lat="61.571105467155576" lon="-6.8304084520787">
        <ele>197.12</ele>
        <time>2020-07-18T09:35:07Z</time>
      </trkpt>
      <trkpt lat="61.571174114942551" lon="-6.830250872299075">
        <ele>199.25999999999999</ele>
        <time>2020-07-18T09:35:15Z</time>
      </trkpt>
      <trkpt lat="61.571246450766921" lon="-6.83010402135551">
        <ele>198.88</ele>
        <time>2020-07-18T09:35:23Z</time>
      </trkpt>
      <trkpt lat="61.571333035826683" lon="-6.829996649175882">
        <ele>201.77000000000001</ele>
        <time>2020-07-18T09:35:30Z</time>
      </trkpt>
      <trkpt lat="61.571423392742872" lon="-6.829943340271711">
        <ele>202.88999999999999</ele>
        <time>2020-07-18T09:35:38Z</time>
      </trkpt>
      <trkpt lat="61.571504361927509" lon="-6.829865304753184">
        <ele>204.96000000000001</ele>
        <time>2020-07-18T09:35:47Z</time>
      </trkpt>
      <trkpt lat="61.57159136608243" lon="-6.829737145453692">
        <ele>207.15000000000001</ele>
        <time>2020-07-18T09:35:58Z</time>
      </trkpt>
      <trkpt lat="61.571631347760558" lon="-6.829558610916138">
        <ele>204.13999999999999</ele>
        <time>2020-07-18T09:36:06Z</time>
      </trkpt>
      <trkpt lat="61.571712484583259" lon="-6.829436486586928">
        <ele>203.75</ele>
        <time>2020-07-18T09:36:14Z</time>
      </trkpt>
      <trkpt lat="61.571778617799282" lon="-6.829228531569243">
        <ele>203.61000000000001</ele>
        <time>2020-07-18T09:36:22Z</time>
      </trkpt>
      <trkpt lat="61.571851372718811" lon="-6.829075142741203">
        <ele>203.78999999999999</ele>
        <time>2020-07-18T09:36:30Z</time>
      </trkpt>
      <trkpt lat="61.57195782288909" lon="-6.828949833288789">
        <ele>205.15000000000001</ele>
        <time>2020-07-18T09:36:39Z</time>
      </trkpt>
      <trkpt lat="61.572043485939503" lon="-6.828801473602653">
        <ele>207.33000000000001</ele>
        <time>2020-07-18T09:36:47Z</time>
      </trkpt>
      <trkpt lat="61.572132669389248" lon="-6.828649677336216">
        <ele>210.12</ele>
        <time>2020-07-18T09:36:54Z</time>
      </trkpt>
      <trkpt lat="61.572213973850012" lon="-6.828488325700164">
        <ele>208.34</ele>
        <time>2020-07-18T09:37:01Z</time>
      </trkpt>
      <trkpt lat="61.572286058217287" lon="-6.828314820304513">
        <ele>206.62</ele>
        <time>2020-07-18T09:37:08Z</time>
      </trkpt>
      <trkpt lat="61.572351939976215" lon="-6.828129747882485">
        <ele>206.41999999999999</ele>
        <time>2020-07-18T09:37:15Z</time>
      </trkpt>
      <trkpt lat="61.572427377104759" lon="-6.827996391803026">
        <ele>207.52000000000001</ele>
        <time>2020-07-18T09:37:22Z</time>
      </trkpt>
      <trkpt lat="61.572502311319113" lon="-6.82784166187048">
        <ele>207.88</ele>
        <time>2020-07-18T09:37:30Z</time>
      </trkpt>
      <trkpt lat="61.572583448141813" lon="-6.82768433354795">
        <ele>207.33000000000001</ele>
        <time>2020-07-18T09:37:37Z</time>
      </trkpt>
      <trkpt lat="61.572670117020607" lon="-6.8276213016361">
        <ele>208.15000000000001</ele>
        <time>2020-07-18T09:37:44Z</time>
      </trkpt>
      <trkpt lat="61.572749326005578" lon="-6.827518120408058">
        <ele>208.75999999999999</ele>
        <time>2020-07-18T09:37:51Z</time>
      </trkpt>
      <trkpt lat="61.572825685143471" lon="-6.827366156503558">
        <ele>210.58000000000001</ele>
        <time>2020-07-18T09:38:00Z</time>
      </trkpt>
      <trkpt lat="61.572880754247308" lon="-6.827189549803734">
        <ele>211.18000000000001</ele>
        <time>2020-07-18T09:38:21Z</time>
      </trkpt>
      <trkpt lat="61.572963064536452" lon="-6.827094834297895">
        <ele>210.72999999999999</ele>
        <time>2020-07-18T09:40:05Z</time>
      </trkpt>
      <trkpt lat="61.57303866930306" lon="-6.82695141993463">
        <ele>211.08000000000001</ele>
        <time>2020-07-18T09:40:13Z</time>
      </trkpt>
      <trkpt lat="61.573113100603223" lon="-6.826839856803417">
        <ele>208.27000000000001</ele>
        <time>2020-07-18T09:40:21Z</time>
      </trkpt>
      <trkpt lat="61.573161128908396" lon="-6.826676409691572">
        <ele>206.74000000000001</ele>
        <time>2020-07-18T09:40:30Z</time>
      </trkpt>
      <trkpt lat="61.573236901313066" lon="-6.826544813811779">
        <ele>208.30000000000001</ele>
        <time>2020-07-18T09:40:38Z</time>
      </trkpt>
      <trkpt lat="61.573295155540109" lon="-6.826395029202104">
        <ele>207.15000000000001</ele>
        <time>2020-07-18T09:40:46Z</time>
      </trkpt>
      <trkpt lat="61.573359193280339" lon="-6.826254548504949">
        <ele>206.25999999999999</ele>
        <time>2020-07-18T09:40:54Z</time>
      </trkpt>
      <trkpt lat="61.573437312617898" lon="-6.826126640662551">
        <ele>207.09999999999999</ele>
        <time>2020-07-18T09:41:02Z</time>
      </trkpt>
      <trkpt lat="61.573527166619897" lon="-6.82603276334703">
        <ele>203.15000000000001</ele>
        <time>2020-07-18T09:41:09Z</time>
      </trkpt>
      <trkpt lat="61.57362112775445" lon="-6.825943328440189">
        <ele>201.44</ele>
        <time>2020-07-18T09:41:17Z</time>
      </trkpt>
      <trkpt lat="61.573697067797184" lon="-6.825840398669243">
        <ele>200.19999999999999</ele>
        <time>2020-07-18T09:41:24Z</time>
      </trkpt>
      <trkpt lat="61.573762195184827" lon="-6.825710143893957">
        <ele>198.33000000000001</ele>
        <time>2020-07-18T09:41:31Z</time>
      </trkpt>
      <trkpt lat="61.573833273723722" lon="-6.825551725924015">
        <ele>197.43000000000001</ele>
        <time>2020-07-18T09:41:41Z</time>
      </trkpt>
      <trkpt lat="61.573915164917707" lon="-6.825435217469931">
        <ele>196.56</ele>
        <time>2020-07-18T09:41:51Z</time>
      </trkpt>
      <trkpt lat="61.573995128273964" lon="-6.825326504185796">
        <ele>194.96000000000001</ele>
        <time>2020-07-18T09:41:59Z</time>
      </trkpt>
      <trkpt lat="61.574087161570787" lon="-6.825249223038554">
        <ele>192.63999999999999</ele>
        <time>2020-07-18T09:42:07Z</time>
      </trkpt>
      <trkpt lat="61.574179194867611" lon="-6.825147718191147">
        <ele>190.72999999999999</ele>
        <time>2020-07-18T09:42:16Z</time>
      </trkpt>
      <trkpt lat="61.574282543733716" lon="-6.825136905536056">
        <ele>189.83000000000001</ele>
        <time>2020-07-18T09:42:25Z</time>
      </trkpt>
      <trkpt lat="61.574381534010172" lon="-6.825091056525707">
        <ele>188.56999999999999</ele>
        <time>2020-07-18T09:42:34Z</time>
      </trkpt>
      <trkpt lat="61.574472645297647" lon="-6.825048225000501">
        <ele>186.31999999999999</ele>
        <time>2020-07-18T09:42:42Z</time>
      </trkpt>
      <trkpt lat="61.57456518150866" lon="-6.824960298836231">
        <ele>183.38</ele>
        <time>2020-07-18T09:42:55Z</time>
      </trkpt>
      <trkpt lat="61.574655706062913" lon="-6.824885196983814">
        <ele>181.72</ele>
        <time>2020-07-18T09:43:03Z</time>
      </trkpt>
      <trkpt lat="61.574746482074261" lon="-6.824811436235905">
        <ele>180.5</ele>
        <time>2020-07-18T09:43:10Z</time>
      </trkpt>
      <trkpt lat="61.57482611015439" lon="-6.824701214209199">
        <ele>179.91</ele>
        <time>2020-07-18T09:43:17Z</time>
      </trkpt>
      <trkpt lat="61.574906995519996" lon="-6.824626531451941">
        <ele>178.77000000000001</ele>
        <time>2020-07-18T09:43:25Z</time>
      </trkpt>
      <trkpt lat="61.574968183413148" lon="-6.824471801519394">
        <ele>177.18000000000001</ele>
        <time>2020-07-18T09:43:33Z</time>
      </trkpt>
      <trkpt lat="61.575022581964731" lon="-6.824273150414228">
        <ele>175.38</ele>
        <time>2020-07-18T09:43:41Z</time>
      </trkpt>
      <trkpt lat="61.575099444016814" lon="-6.824128227308393">
        <ele>173.87</ele>
        <time>2020-07-18T09:43:50Z</time>
      </trkpt>
      <trkpt lat="61.575198099017143" lon="-6.82407533749938">
        <ele>172.27000000000001</ele>
        <time>2020-07-18T09:44:25Z</time>
      </trkpt>
      <trkpt lat="61.575270351022482" lon="-6.824065446853638">
        <ele>171.28</ele>
        <time>2020-07-18T09:45:29Z</time>
      </trkpt>
      <trkpt lat="61.57534939236939" lon="-6.82417893782258">
        <ele>166.46000000000001</ele>
        <time>2020-07-18T09:45:55Z</time>
      </trkpt>
      <trkpt lat="61.575432792305946" lon="-6.824209867045283">
        <ele>160.66999999999999</ele>
        <time>2020-07-18T09:46:31Z</time>
      </trkpt>
      <trkpt lat="61.575500350445509" lon="-6.824279855936766">
        <ele>155.69</ele>
        <time>2020-07-18T09:47:04Z</time>
      </trkpt>
      <trkpt lat="61.575582409277558" lon="-6.82437926530838">
        <ele>152.25999999999999</ele>
        <time>2020-07-18T09:47:27Z</time>
      </trkpt>
      <trkpt lat="61.575641836971045" lon="-6.824492421001196">
        <ele>149.49000000000001</ele>
        <time>2020-07-18T09:47:50Z</time>
      </trkpt>
      <trkpt lat="61.575698163360357" lon="-6.824539359658957">
        <ele>146.11000000000001</ele>
        <time>2020-07-18T09:48:18Z</time>
      </trkpt>
      <trkpt lat="61.575751304626465" lon="-6.824636086821556">
        <ele>142.41</ele>
        <time>2020-07-18T09:48:44Z</time>
      </trkpt>
      <trkpt lat="61.575867561623454" lon="-6.824693670496345">
        <ele>138.77000000000001</ele>
        <time>2020-07-18T09:48:57Z</time>
      </trkpt>
      <trkpt lat="61.575981890782714" lon="-6.824738010764122">
        <ele>137.34</ele>
        <time>2020-07-18T09:49:06Z</time>
      </trkpt>
      <trkpt lat="61.57605598680675" lon="-6.824830798432231">
        <ele>135.75999999999999</ele>
        <time>2020-07-18T09:49:18Z</time>
      </trkpt>
      <trkpt lat="61.576097644865513" lon="-6.824957951903343">
        <ele>134.43000000000001</ele>
        <time>2020-07-18T09:50:04Z</time>
      </trkpt>
      <trkpt lat="61.576134441420436" lon="-6.825123662129045">
        <ele>131.78999999999999</ele>
        <time>2020-07-18T09:50:15Z</time>
      </trkpt>
      <trkpt lat="61.576180038973689" lon="-6.825277889147401">
        <ele>129.28999999999999</ele>
        <time>2020-07-18T09:50:30Z</time>
      </trkpt>
      <trkpt lat="61.576218511909246" lon="-6.825451981276274">
        <ele>128.34999999999999</ele>
        <time>2020-07-18T09:50:43Z</time>
      </trkpt>
      <trkpt lat="61.576295960694551" lon="-6.825577793642879">
        <ele>127.66</ele>
        <time>2020-07-18T09:50:59Z</time>
      </trkpt>
      <trkpt lat="61.576366201043129" lon="-6.825703354552388">
        <ele>127.45999999999999</ele>
        <time>2020-07-18T09:51:11Z</time>
      </trkpt>
      <trkpt lat="61.57646250911057" lon="-6.825782312080264">
        <ele>128.38999999999999</ele>
        <time>2020-07-18T09:51:26Z</time>
      </trkpt>
      <trkpt lat="61.576535934582353" lon="-6.825822545215488">
        <ele>126.97</ele>
        <time>2020-07-18T09:51:49Z</time>
      </trkpt>
      <trkpt lat="61.576608689501882" lon="-6.826003678143024">
        <ele>124.61</ele>
        <time>2020-07-18T09:52:05Z</time>
      </trkpt>
      <trkpt lat="61.576653616502881" lon="-6.826218254864216">
        <ele>124.61</ele>
        <time>2020-07-18T09:52:14Z</time>
      </trkpt>
      <trkpt lat="61.576716480776668" lon="-6.826357897371054">
        <ele>122.93000000000001</ele>
        <time>2020-07-18T09:52:28Z</time>
      </trkpt>
      <trkpt lat="61.576776830479503" lon="-6.826493851840496">
        <ele>121.12</ele>
        <time>2020-07-18T09:52:42Z</time>
      </trkpt>
      <trkpt lat="61.576858218759298" lon="-6.826604828238487">
        <ele>119.84999999999999</ele>
        <time>2020-07-18T09:52:55Z</time>
      </trkpt>
      <trkpt lat="61.576915802434087" lon="-6.826783362776041">
        <ele>120.05</ele>
        <time>2020-07-18T09:53:31Z</time>
      </trkpt>
      <trkpt lat="61.576966261491179" lon="-6.826952174305916">
        <ele>120.16</ele>
        <time>2020-07-18T09:53:43Z</time>
      </trkpt>
      <trkpt lat="61.577027197927237" lon="-6.827121572569013">
        <ele>120.22</ele>
        <time>2020-07-18T09:53:59Z</time>
      </trkpt>
      <trkpt lat="61.577088134363294" lon="-6.827275464311242">
        <ele>120.08</ele>
        <time>2020-07-18T09:54:13Z</time>
      </trkpt>
      <trkpt lat="61.577116129919887" lon="-6.827452909201384">
        <ele>119.45999999999999</ele>
        <time>2020-07-18T09:54:23Z</time>
      </trkpt>
      <trkpt lat="61.577130379155278" lon="-6.827643932774663">
        <ele>119.72</ele>
        <time>2020-07-18T09:54:38Z</time>
      </trkpt>
      <trkpt lat="61.577130211517215" lon="-6.827899245545268">
        <ele>121.59999999999999</ele>
        <time>2020-07-18T09:54:50Z</time>
      </trkpt>
      <trkpt lat="61.577162146568298" lon="-6.828070990741253">
        <ele>121.98</ele>
        <time>2020-07-18T09:54:59Z</time>
      </trkpt>
      <trkpt lat="61.577160218730569" lon="-6.82830099016428">
        <ele>121.65000000000001</ele>
        <time>2020-07-18T09:55:09Z</time>
      </trkpt>
      <trkpt lat="61.577176814898849" lon="-6.828510453924537">
        <ele>121.76000000000001</ele>
        <time>2020-07-18T09:55:22Z</time>
      </trkpt>
      <trkpt lat="61.577245211228728" lon="-6.828661914914846">
        <ele>121.40000000000001</ele>
        <time>2020-07-18T09:55:36Z</time>
      </trkpt>
      <trkpt lat="61.577316541224718" lon="-6.828859811648727">
        <ele>120.37</ele>
        <time>2020-07-18T09:55:49Z</time>
      </trkpt>
      <trkpt lat="61.577345374971628" lon="-6.829042453318834">
        <ele>120.23</ele>
        <time>2020-07-18T09:55:58Z</time>
      </trkpt>
      <trkpt lat="61.577413268387318" lon="-6.829202966764569">
        <ele>120.02</ele>
        <time>2020-07-18T09:56:08Z</time>
      </trkpt>
      <trkpt lat="61.577484179288149" lon="-6.829339424148202">
        <ele>119.97</ele>
        <time>2020-07-18T09:56:18Z</time>
      </trkpt>
      <trkpt lat="61.577552994713187" lon="-6.829473366960883">
        <ele>118.48</ele>
        <time>2020-07-18T09:56:32Z</time>
      </trkpt>
      <trkpt lat="61.577606722712517" lon="-6.829624241217971">
        <ele>116.31999999999999</ele>
        <time>2020-07-18T09:56:47Z</time>
      </trkpt>
      <trkpt lat="61.577630024403334" lon="-6.829815432429314">
        <ele>114.16</ele>
        <time>2020-07-18T09:57:00Z</time>
      </trkpt>
      <trkpt lat="61.577651062980294" lon="-6.829902771860361">
        <ele>112.94</ele>
        <time>2020-07-18T09:58:39Z</time>
      </trkpt>
      <trkpt lat="61.577686937525868" lon="-6.830080132931471">
        <ele>112.26000000000001</ele>
        <time>2020-07-18T09:58:48Z</time>
      </trkpt>
      <trkpt lat="61.577796153724194" lon="-6.830129083245993">
        <ele>113.63</ele>
        <time>2020-07-18T09:59:01Z</time>
      </trkpt>
      <trkpt lat="61.577873770147562" lon="-6.830227486789227">
        <ele>113.2</ele>
        <time>2020-07-18T09:59:17Z</time>
      </trkpt>
      <trkpt lat="61.577920457348228" lon="-6.830422030761838">
        <ele>113.02</ele>
        <time>2020-07-18T09:59:38Z</time>
      </trkpt>
      <trkpt lat="61.577920876443386" lon="-6.830704165622592">
        <ele>111.98999999999999</ele>
        <time>2020-07-18T09:59:53Z</time>
      </trkpt>
      <trkpt lat="61.577947111800313" lon="-6.830946570262313">
        <ele>110.48</ele>
        <time>2020-07-18T10:00:06Z</time>
      </trkpt>
      <trkpt lat="61.577988434582949" lon="-6.831132816150785">
        <ele>110.37</ele>
        <time>2020-07-18T10:00:20Z</time>
      </trkpt>
      <trkpt lat="61.578021124005318" lon="-6.831321995705366">
        <ele>110.86</ele>
        <time>2020-07-18T10:00:31Z</time>
      </trkpt>
      <trkpt lat="61.578063117340207" lon="-6.831516791135073">
        <ele>109.37</ele>
        <time>2020-07-18T10:00:44Z</time>
      </trkpt>
      <trkpt lat="61.578102512285113" lon="-6.831687279045582">
        <ele>108.84</ele>
        <time>2020-07-18T10:00:54Z</time>
      </trkpt>
      <trkpt lat="61.578153558075428" lon="-6.831857347860932">
        <ele>107.65000000000001</ele>
        <time>2020-07-18T10:01:07Z</time>
      </trkpt>
      <trkpt lat="61.578177949413657" lon="-6.832037391141057">
        <ele>107.12</ele>
        <time>2020-07-18T10:01:17Z</time>
      </trkpt>
      <trkpt lat="61.578202927485108" lon="-6.832241658121347">
        <ele>106.81999999999999</ele>
        <time>2020-07-18T10:01:28Z</time>
      </trkpt>
      <trkpt lat="61.578226396813989" lon="-6.832428406924009">
        <ele>104.28</ele>
        <time>2020-07-18T10:01:39Z</time>
      </trkpt>
      <trkpt lat="61.578248273581266" lon="-6.832617670297623">
        <ele>104.95999999999999</ele>
        <time>2020-07-18T10:01:50Z</time>
      </trkpt>
      <trkpt lat="61.5782465133816" lon="-6.832814309746027">
        <ele>104.44</ele>
        <time>2020-07-18T10:02:01Z</time>
      </trkpt>
      <trkpt lat="61.57824601046741" lon="-6.833008853718638">
        <ele>105.59999999999999</ele>
        <time>2020-07-18T10:02:11Z</time>
      </trkpt>
      <trkpt lat="61.578277945518494" lon="-6.83318629860878">
        <ele>105.16</ele>
        <time>2020-07-18T10:02:22Z</time>
      </trkpt>
      <trkpt lat="61.578274508938193" lon="-6.833375729620457">
        <ele>105.56</ele>
        <time>2020-07-18T10:02:38Z</time>
      </trkpt>
      <trkpt lat="61.578289428725839" lon="-6.833581421524286">
        <ele>104.8</ele>
        <time>2020-07-18T10:02:53Z</time>
      </trkpt>
      <trkpt lat="61.578281046822667" lon="-6.833780743181706">
        <ele>106.93000000000001</ele>
        <time>2020-07-18T10:03:05Z</time>
      </trkpt>
      <trkpt lat="61.578320106491446" lon="-6.833936898037791">
        <ele>106.41</ele>
        <time>2020-07-18T10:03:18Z</time>
      </trkpt>
      <trkpt lat="61.578385485336185" lon="-6.83406874537468">
        <ele>106.2</ele>
        <time>2020-07-18T10:03:28Z</time>
      </trkpt>
      <trkpt lat="61.578471316024661" lon="-6.834159940481186">
        <ele>105.95999999999999</ele>
        <time>2020-07-18T10:03:38Z</time>
      </trkpt>
      <trkpt lat="61.578498976305127" lon="-6.834318106994033">
        <ele>102.59</ele>
        <time>2020-07-18T10:03:56Z</time>
      </trkpt>
      <trkpt lat="61.578498473390937" lon="-6.834514075890183">
        <ele>100.01000000000001</ele>
        <time>2020-07-18T10:04:08Z</time>
      </trkpt>
      <trkpt lat="61.578537281602621" lon="-6.83472303673625">
        <ele>94.019999999999996</ele>
        <time>2020-07-18T10:04:21Z</time>
      </trkpt>
      <trkpt lat="61.578565696254373" lon="-6.834899475798011">
        <ele>91.150000000000006</ele>
        <time>2020-07-18T10:04:34Z</time>
      </trkpt>
      <trkpt lat="61.578565360978246" lon="-6.835068287327886">
        <ele>86.849999999999994</ele>
        <time>2020-07-18T10:04:49Z</time>
      </trkpt>
      <trkpt lat="61.578574497252703" lon="-6.835156967863441">
        <ele>88.040000000000006</ele>
        <time>2020-07-18T10:05:28Z</time>
      </trkpt>
      <trkpt lat="61.578577095642686" lon="-6.835090247914195">
        <ele>88.140000000000001</ele>
        <time>2020-07-18T10:06:36Z</time>
      </trkpt>
      <trkpt lat="61.578561002388597" lon="-6.834963764995337">
        <ele>91.879999999999995</ele>
        <time>2020-07-18T10:06:53Z</time>
      </trkpt>
      <trkpt lat="61.578554715961218" lon="-6.834757486358285">
        <ele>96.760000000000005</ele>
        <time>2020-07-18T10:07:08Z</time>
      </trkpt>
      <trkpt lat="61.578549686819315" lon="-6.834545088931918">
        <ele>100.19</ele>
        <time>2020-07-18T10:07:23Z</time>
      </trkpt>
      <trkpt lat="61.578531917184591" lon="-6.834320537745953">
        <ele>107.95999999999999</ele>
        <time>2020-07-18T10:07:41Z</time>
      </trkpt>
      <trkpt lat="61.578535689041018" lon="-6.834089029580355">
        <ele>110.34</ele>
        <time>2020-07-18T10:07:54Z</time>
      </trkpt>
      <trkpt lat="61.578462179750204" lon="-6.833960451185703">
        <ele>110.62</ele>
        <time>2020-07-18T10:08:02Z</time>
      </trkpt>
      <trkpt lat="61.578388335183263" lon="-6.83385768905282">
        <ele>109.13</ele>
        <time>2020-07-18T10:08:10Z</time>
      </trkpt>
      <trkpt lat="61.578377690166235" lon="-6.833659624680877">
        <ele>104.44</ele>
        <time>2020-07-18T10:08:20Z</time>
      </trkpt>
      <trkpt lat="61.578362016007304" lon="-6.833468517288566">
        <ele>104.37</ele>
        <time>2020-07-18T10:08:31Z</time>
      </trkpt>
      <trkpt lat="61.57832614146173" lon="-6.833350248634815">
        <ele>105.09</ele>
        <time>2020-07-18T10:08:44Z</time>
      </trkpt>
      <trkpt lat="61.57823184505105" lon="-6.833359468728304">
        <ele>108.47</ele>
        <time>2020-07-18T10:08:59Z</time>
      </trkpt>
      <trkpt lat="61.578210638836026" lon="-6.833144640550017">
        <ele>109.75</ele>
        <time>2020-07-18T10:09:13Z</time>
      </trkpt>
      <trkpt lat="61.57818641513586" lon="-6.832908689975739">
        <ele>107.52</ele>
        <time>2020-07-18T10:09:25Z</time>
      </trkpt>
      <trkpt lat="61.578189181163907" lon="-6.832716492936015">
        <ele>107.97</ele>
        <time>2020-07-18T10:09:37Z</time>
      </trkpt>
      <trkpt lat="61.578188594430685" lon="-6.832497138530016">
        <ele>107.95999999999999</ele>
        <time>2020-07-18T10:09:49Z</time>
      </trkpt>
      <trkpt lat="61.57816587947309" lon="-6.832279544323683">
        <ele>108.53</ele>
        <time>2020-07-18T10:10:02Z</time>
      </trkpt>
      <trkpt lat="61.57813461497426" lon="-6.83209321461618">
        <ele>108.98</ele>
        <time>2020-07-18T10:10:12Z</time>
      </trkpt>
      <trkpt lat="61.578124556690454" lon="-6.831897161900997">
        <ele>110.13</ele>
        <time>2020-07-18T10:10:23Z</time>
      </trkpt>
      <trkpt lat="61.578072169795632" lon="-6.831698594614863">
        <ele>108.23</ele>
        <time>2020-07-18T10:10:35Z</time>
      </trkpt>
      <trkpt lat="61.57802221365273" lon="-6.831528525799513">
        <ele>109.94</ele>
        <time>2020-07-18T10:10:47Z</time>
      </trkpt>
      <trkpt lat="61.577990781515837" lon="-6.831333478912711">
        <ele>111.73</ele>
        <time>2020-07-18T10:11:02Z</time>
      </trkpt>
      <trkpt lat="61.57797577790916" lon="-6.831150585785508">
        <ele>111.23</ele>
        <time>2020-07-18T10:11:17Z</time>
      </trkpt>
      <trkpt lat="61.57793277874589" lon="-6.830952102318406">
        <ele>111.56</ele>
        <time>2020-07-18T10:11:36Z</time>
      </trkpt>
      <trkpt lat="61.577911237254739" lon="-6.830740626901388">
        <ele>114.06</ele>
        <time>2020-07-18T10:11:55Z</time>
      </trkpt>
      <trkpt lat="61.577889360487461" lon="-6.830545412376523">
        <ele>113.92</ele>
        <time>2020-07-18T10:12:08Z</time>
      </trkpt>
      <trkpt lat="61.577880391851068" lon="-6.830352880060673">
        <ele>114.45</ele>
        <time>2020-07-18T10:12:24Z</time>
      </trkpt>
      <trkpt lat="61.577823227271438" lon="-6.830149032175541">
        <ele>115.09</ele>
        <time>2020-07-18T10:12:38Z</time>
      </trkpt>
      <trkpt lat="61.57775835134089" lon="-6.829988937824965">
        <ele>113.47</ele>
        <time>2020-07-18T10:12:52Z</time>
      </trkpt>
      <trkpt lat="61.577678555622697" lon="-6.829884499311447">
        <ele>114.90000000000001</ele>
        <time>2020-07-18T10:13:05Z</time>
      </trkpt>
      <trkpt lat="61.577625749632716" lon="-6.829766482114792">
        <ele>113.29000000000001</ele>
        <time>2020-07-18T10:13:25Z</time>
      </trkpt>
      <trkpt lat="61.577604291960597" lon="-6.829589875414968">
        <ele>115.98999999999999</ele>
        <time>2020-07-18T10:13:37Z</time>
      </trkpt>
      <trkpt lat="61.577553581446409" lon="-6.829426847398281">
        <ele>118.93000000000001</ele>
        <time>2020-07-18T10:13:52Z</time>
      </trkpt>
      <trkpt lat="61.577491220086813" lon="-6.829272201284766">
        <ele>119.76000000000001</ele>
        <time>2020-07-18T10:14:09Z</time>
      </trkpt>
      <trkpt lat="61.577421398833394" lon="-6.82912090793252">
        <ele>120.58</ele>
        <time>2020-07-18T10:14:22Z</time>
      </trkpt>
      <trkpt lat="61.577397007495165" lon="-6.828914796933532">
        <ele>119.55</ele>
        <time>2020-07-18T10:14:35Z</time>
      </trkpt>
      <trkpt lat="61.577376471832395" lon="-6.828710697591305">
        <ele>119.92</ele>
        <time>2020-07-18T10:14:48Z</time>
      </trkpt>
      <trkpt lat="61.577339004725218" lon="-6.82852478697896">
        <ele>120.70999999999999</ele>
        <time>2020-07-18T10:15:00Z</time>
      </trkpt>
      <trkpt lat="61.577311679720879" lon="-6.828349940478802">
        <ele>120.87</ele>
        <time>2020-07-18T10:15:08Z</time>
      </trkpt>
      <trkpt lat="61.577311512082815" lon="-6.828172244131565">
        <ele>121.54000000000001</ele>
        <time>2020-07-18T10:15:20Z</time>
      </trkpt>
      <trkpt lat="61.577269518747926" lon="-6.828004270792007">
        <ele>120.98999999999999</ele>
        <time>2020-07-18T10:15:31Z</time>
      </trkpt>
      <trkpt lat="61.577219646424055" lon="-6.827820120379329">
        <ele>120.34999999999999</ele>
        <time>2020-07-18T10:15:42Z</time>
      </trkpt>
      <trkpt lat="61.577175054699183" lon="-6.827651979401708">
        <ele>118.93000000000001</ele>
        <time>2020-07-18T10:15:55Z</time>
      </trkpt>
      <trkpt lat="61.577145382761955" lon="-6.827455507591367">
        <ele>118.44</ele>
        <time>2020-07-18T10:16:14Z</time>
      </trkpt>
      <trkpt lat="61.577109256759286" lon="-6.827264735475183">
        <ele>118.3</ele>
        <time>2020-07-18T10:16:29Z</time>
      </trkpt>
      <trkpt lat="61.57704739831388" lon="-6.827115789055824">
        <ele>118.37</ele>
        <time>2020-07-18T10:16:42Z</time>
      </trkpt>
      <trkpt lat="61.576974559575319" lon="-6.827037921175361">
        <ele>117.66</ele>
        <time>2020-07-18T10:16:59Z</time>
      </trkpt>
      <trkpt lat="61.576928710564971" lon="-6.826872210949659">
        <ele>118.14</ele>
        <time>2020-07-18T10:17:13Z</time>
      </trkpt>
      <trkpt lat="61.576873138546944" lon="-6.826696526259184">
        <ele>118.39</ele>
        <time>2020-07-18T10:17:26Z</time>
      </trkpt>
      <trkpt lat="61.576812621206045" lon="-6.826536180451512">
        <ele>119.7</ele>
        <time>2020-07-18T10:17:40Z</time>
      </trkpt>
      <trkpt lat="61.576741207391024" lon="-6.826421851292253">
        <ele>119.75</ele>
        <time>2020-07-18T10:17:51Z</time>
      </trkpt>
      <trkpt lat="61.576675660908222" lon="-6.826272066682577">
        <ele>121.18000000000001</ele>
        <time>2020-07-18T10:18:04Z</time>
      </trkpt>
      <trkpt lat="61.576621849089861" lon="-6.826133178547025">
        <ele>122.25</ele>
        <time>2020-07-18T10:18:15Z</time>
      </trkpt>
      <trkpt lat="61.576561080291867" lon="-6.825982304289937">
        <ele>122.81999999999999</ele>
        <time>2020-07-18T10:18:24Z</time>
      </trkpt>
      <trkpt lat="61.576495785266161" lon="-6.82583486661315">
        <ele>125.17</ele>
        <time>2020-07-18T10:18:38Z</time>
      </trkpt>
      <trkpt lat="61.576417246833444" lon="-6.825689943507314">
        <ele>124.98999999999999</ele>
        <time>2020-07-18T10:18:50Z</time>
      </trkpt>
      <trkpt lat="61.576333846896887" lon="-6.82556513696909">
        <ele>125.58</ele>
        <time>2020-07-18T10:19:05Z</time>
      </trkpt>
      <trkpt lat="61.576258577406406" lon="-6.825443347916007">
        <ele>125.43000000000001</ele>
        <time>2020-07-18T10:19:17Z</time>
      </trkpt>
      <trkpt lat="61.576206022873521" lon="-6.825285516679287">
        <ele>125.56999999999999</ele>
        <time>2020-07-18T10:19:31Z</time>
      </trkpt>
      <trkpt lat="61.576134441420436" lon="-6.825174791738391">
        <ele>127.40000000000001</ele>
        <time>2020-07-18T10:19:43Z</time>
      </trkpt>
      <trkpt lat="61.576094124466181" lon="-6.825029533356428">
        <ele>130.34</ele>
        <time>2020-07-18T10:19:55Z</time>
      </trkpt>
      <trkpt lat="61.576040480285883" lon="-6.824923837557435">
        <ele>131.44</ele>
        <time>2020-07-18T10:20:33Z</time>
      </trkpt>
      <trkpt lat="61.575960097834468" lon="-6.824778746813536">
        <ele>134.28999999999999</ele>
        <time>2020-07-18T10:20:46Z</time>
      </trkpt>
      <trkpt lat="61.575877284631133" lon="-6.824690233916044">
        <ele>135.59</ele>
        <time>2020-07-18T10:20:57Z</time>
      </trkpt>
      <trkpt lat="61.575794890522957" lon="-6.824644133448601">
        <ele>138.56999999999999</ele>
        <time>2020-07-18T10:21:18Z</time>
      </trkpt>
      <trkpt lat="61.575716268271208" lon="-6.824636086821556">
        <ele>142.46000000000001</ele>
        <time>2020-07-18T10:21:43Z</time>
      </trkpt>
      <trkpt lat="61.575634209439158" lon="-6.82460498996079">
        <ele>147.28999999999999</ele>
        <time>2020-07-18T10:22:07Z</time>
      </trkpt>
      <trkpt lat="61.575589114800096" lon="-6.824470041319728">
        <ele>150.33000000000001</ele>
        <time>2020-07-18T10:22:30Z</time>
      </trkpt>
      <trkpt lat="61.575514348223805" lon="-6.824396783486009">
        <ele>153.78</ele>
        <time>2020-07-18T10:22:54Z</time>
      </trkpt>
      <trkpt lat="61.575416531413794" lon="-6.824297457933426">
        <ele>160.77000000000001</ele>
        <time>2020-07-18T10:23:33Z</time>
      </trkpt>
      <trkpt lat="61.575338495895267" lon="-6.824213555082679">
        <ele>164.47</ele>
        <time>2020-07-18T10:23:59Z</time>
      </trkpt>
      <trkpt lat="61.575239254161716" lon="-6.824078857898712">
        <ele>167.22</ele>
        <time>2020-07-18T10:24:22Z</time>
      </trkpt>
      <trkpt lat="61.575175551697612" lon="-6.824097381904721">
        <ele>166.13</ele>
        <time>2020-07-18T10:25:22Z</time>
      </trkpt>
      <trkpt lat="61.575099276378751" lon="-6.82417499832809">
        <ele>167.75</ele>
        <time>2020-07-18T10:26:35Z</time>
      </trkpt>
      <trkpt lat="61.575046889483929" lon="-6.824315646663308">
        <ele>169.25999999999999</ele>
        <time>2020-07-18T10:26:43Z</time>
      </trkpt>
      <trkpt lat="61.574998525902629" lon="-6.824484625831246">
        <ele>171.46000000000001</ele>
        <time>2020-07-18T10:26:52Z</time>
      </trkpt>
      <trkpt lat="61.574908504262567" lon="-6.824567271396518">
        <ele>173.80000000000001</ele>
        <time>2020-07-18T10:27:30Z</time>
      </trkpt>
      <trkpt lat="61.574823427945375" lon="-6.824657963588834">
        <ele>175.15000000000001</ele>
        <time>2020-07-18T10:27:38Z</time>
      </trkpt>
      <trkpt lat="61.57473030500114" lon="-6.824756199494004">
        <ele>175.46000000000001</ele>
        <time>2020-07-18T10:27:47Z</time>
      </trkpt>
      <trkpt lat="61.574637936428189" lon="-6.824865248054266">
        <ele>177.68000000000001</ele>
        <time>2020-07-18T10:27:55Z</time>
      </trkpt>
      <trkpt lat="61.574536096304655" lon="-6.824966333806515">
        <ele>180.44</ele>
        <time>2020-07-18T10:28:08Z</time>
      </trkpt>
      <trkpt lat="61.574451355263591" lon="-6.825066078454256">
        <ele>182.71000000000001</ele>
        <time>2020-07-18T10:28:18Z</time>
      </trkpt>
      <trkpt lat="61.574342390522361" lon="-6.825123494490981">
        <ele>183.65000000000001</ele>
        <time>2020-07-18T10:28:27Z</time>
      </trkpt>
      <trkpt lat="61.574238790199161" lon="-6.825140845030546">
        <ele>184.96000000000001</ele>
        <time>2020-07-18T10:28:37Z</time>
      </trkpt>
      <trkpt lat="61.574145751073956" lon="-6.825182670727372">
        <ele>186.36000000000001</ele>
        <time>2020-07-18T10:28:45Z</time>
      </trkpt>
      <trkpt lat="61.57406335696578" lon="-6.825253497809172">
        <ele>187.65000000000001</ele>
        <time>2020-07-18T10:29:19Z</time>
      </trkpt>
      <trkpt lat="61.57397735863924" lon="-6.825380232185125">
        <ele>188.56</ele>
        <time>2020-07-18T10:29:31Z</time>
      </trkpt>
      <trkpt lat="61.57388155348599" lon="-6.825513923540711">
        <ele>190.38999999999999</ele>
        <time>2020-07-18T10:29:41Z</time>
      </trkpt>
      <trkpt lat="61.573792872950435" lon="-6.825625989586115">
        <ele>191.09</ele>
        <time>2020-07-18T10:29:50Z</time>
      </trkpt>
      <trkpt lat="61.573717268183827" lon="-6.825765045359731">
        <ele>195.00999999999999</ele>
        <time>2020-07-18T10:29:59Z</time>
      </trkpt>
      <trkpt lat="61.573625151067972" lon="-6.825882392004132">
        <ele>195.18000000000001</ele>
        <time>2020-07-18T10:30:08Z</time>
      </trkpt>
      <trkpt lat="61.573525741696358" lon="-6.825989345088601">
        <ele>197.44999999999999</ele>
        <time>2020-07-18T10:30:18Z</time>
      </trkpt>
      <trkpt lat="61.573440665379167" lon="-6.826107362285256">
        <ele>199.09999999999999</ele>
        <time>2020-07-18T10:30:26Z</time>
      </trkpt>
      <trkpt lat="61.573358019813895" lon="-6.826269468292594">
        <ele>198.47</ele>
        <time>2020-07-18T10:30:36Z</time>
      </trkpt>
      <trkpt lat="61.573288617655635" lon="-6.8264280539006">
        <ele>201.65000000000001</ele>
        <time>2020-07-18T10:30:45Z</time>
      </trkpt>
      <trkpt lat="61.573219550773501" lon="-6.82658982463181">
        <ele>199.55000000000001</ele>
        <time>2020-07-18T10:30:55Z</time>
      </trkpt>
      <trkpt lat="61.57315107062459" lon="-6.826743129640818">
        <ele>201.31999999999999</ele>
        <time>2020-07-18T10:31:05Z</time>
      </trkpt>
      <trkpt lat="61.573076974600554" lon="-6.826873468235135">
        <ele>201.59999999999999</ele>
        <time>2020-07-18T10:31:14Z</time>
      </trkpt>
      <trkpt lat="61.57299374230206" lon="-6.827045883983374">
        <ele>205.96000000000001</ele>
        <time>2020-07-18T10:31:26Z</time>
      </trkpt>
      <trkpt lat="61.572897685691714" lon="-6.827173456549645">
        <ele>204.88</ele>
        <time>2020-07-18T10:31:36Z</time>
      </trkpt>
      <trkpt lat="61.572805568575859" lon="-6.827309746295214">
        <ele>204.19</ele>
        <time>2020-07-18T10:31:44Z</time>
      </trkpt>
      <trkpt lat="61.572709092870355" lon="-6.827416783198714">
        <ele>200.28</ele>
        <time>2020-07-18T10:31:52Z</time>
      </trkpt>
      <trkpt lat="61.572628794237971" lon="-6.827549384906888">
        <ele>202.31</ele>
        <time>2020-07-18T10:32:00Z</time>
      </trkpt>
      <trkpt lat="61.572568779811263" lon="-6.827714927494526">
        <ele>202.06</ele>
        <time>2020-07-18T10:32:07Z</time>
      </trkpt>
      <trkpt lat="61.572484290227294" lon="-6.827849959954619">
        <ele>200.77000000000001</ele>
        <time>2020-07-18T10:32:16Z</time>
      </trkpt>
      <trkpt lat="61.572414804250002" lon="-6.827994966879487">
        <ele>199.96000000000001</ele>
        <time>2020-07-18T10:32:23Z</time>
      </trkpt>
      <trkpt lat="61.572342216968536" lon="-6.82813972234726">
        <ele>199.44999999999999</ele>
        <time>2020-07-18T10:32:30Z</time>
      </trkpt>
      <trkpt lat="61.572278011590242" lon="-6.828276682645083">
        <ele>200.38999999999999</ele>
        <time>2020-07-18T10:32:38Z</time>
      </trkpt>
      <trkpt lat="61.572212381288409" lon="-6.828441973775625">
        <ele>200.08000000000001</ele>
        <time>2020-07-18T10:32:46Z</time>
      </trkpt>
      <trkpt lat="61.572144823148847" lon="-6.828604750335217">
        <ele>200.84999999999999</ele>
        <time>2020-07-18T10:32:53Z</time>
      </trkpt>
      <trkpt lat="61.572063183411956" lon="-6.828728886321187">
        <ele>200.50999999999999</ele>
        <time>2020-07-18T10:33:00Z</time>
      </trkpt>
      <trkpt lat="61.571993110701442" lon="-6.828844221308827">
        <ele>198.41999999999999</ele>
        <time>2020-07-18T10:33:07Z</time>
      </trkpt>
      <trkpt lat="61.571917003020644" lon="-6.828953102231026">
        <ele>198.09999999999999</ele>
        <time>2020-07-18T10:33:14Z</time>
      </trkpt>
      <trkpt lat="61.571841817349195" lon="-6.829057205468416">
        <ele>195.03</ele>
        <time>2020-07-18T10:33:22Z</time>
      </trkpt>
      <trkpt lat="61.5717828925699" lon="-6.829222580417991">
        <ele>194.66</ele>
        <time>2020-07-18T10:33:31Z</time>
      </trkpt>
      <trkpt lat="61.571709048002958" lon="-6.829360378906131">
        <ele>196.12</ele>
        <time>2020-07-18T10:33:39Z</time>
      </trkpt>
      <trkpt lat="61.571646267548203" lon="-6.829512426629663">
        <ele>195.68000000000001</ele>
        <time>2020-07-18T10:33:47Z</time>
      </trkpt>
      <trkpt lat="61.571587007492781" lon="-6.829697582870722">
        <ele>197.63999999999999</ele>
        <time>2020-07-18T10:33:56Z</time>
      </trkpt>
      <trkpt lat="61.571508133783937" lon="-6.829811660572887">
        <ele>196.53</ele>
        <time>2020-07-18T10:34:04Z</time>
      </trkpt>
      <trkpt lat="61.571430936455727" lon="-6.829917104914784">
        <ele>194.40000000000001</ele>
        <time>2020-07-18T10:34:12Z</time>
      </trkpt>
      <trkpt lat="61.571330688893795" lon="-6.829986674711108">
        <ele>191.37</ele>
        <time>2020-07-18T10:34:20Z</time>
      </trkpt>
      <trkpt lat="61.57123320735991" lon="-6.830079378560185">
        <ele>190.06</ele>
        <time>2020-07-18T10:34:28Z</time>
      </trkpt>
      <trkpt lat="61.571176210418344" lon="-6.830238299444318">
        <ele>189.09</ele>
        <time>2020-07-18T10:34:36Z</time>
      </trkpt>
      <trkpt lat="61.571109993383288" lon="-6.8303859885782">
        <ele>189.28</ele>
        <time>2020-07-18T10:34:44Z</time>
      </trkpt>
      <trkpt lat="61.571046458557248" lon="-6.830552956089377">
        <ele>189.91</ele>
        <time>2020-07-18T10:34:54Z</time>
      </trkpt>
      <trkpt lat="61.571009578183293" lon="-6.830761330202222">
        <ele>189.77000000000001</ele>
        <time>2020-07-18T10:35:02Z</time>
      </trkpt>
      <trkpt lat="61.570975547656417" lon="-6.830947576090694">
        <ele>188.36000000000001</ele>
        <time>2020-07-18T10:35:09Z</time>
      </trkpt>
      <trkpt lat="61.570934727787971" lon="-6.831133486703038">
        <ele>187.97999999999999</ele>
        <time>2020-07-18T10:35:16Z</time>
      </trkpt>
      <trkpt lat="61.570872282609344" lon="-6.831275308504701">
        <ele>185.06999999999999</ele>
        <time>2020-07-18T10:35:23Z</time>
      </trkpt>
      <trkpt lat="61.570808412507176" lon="-6.831415705382824">
        <ele>183.90000000000001</ele>
        <time>2020-07-18T10:35:31Z</time>
      </trkpt>
      <trkpt lat="61.570725766941905" lon="-6.831530872732401">
        <ele>182.46000000000001</ele>
        <time>2020-07-18T10:35:40Z</time>
      </trkpt>
      <trkpt lat="61.570662567391992" lon="-6.83170479722321">
        <ele>179.5</ele>
        <time>2020-07-18T10:35:51Z</time>
      </trkpt>
      <trkpt lat="61.570586627349257" lon="-6.831804122775793">
        <ele>177.03</ele>
        <time>2020-07-18T10:36:01Z</time>
      </trkpt>
      <trkpt lat="61.570499623194337" lon="-6.831868328154087">
        <ele>176.16999999999999</ele>
        <time>2020-07-18T10:36:11Z</time>
      </trkpt>
      <trkpt lat="61.570438351482153" lon="-6.832010820508003">
        <ele>171.94999999999999</ele>
        <time>2020-07-18T10:36:25Z</time>
      </trkpt>
      <trkpt lat="61.570376576855779" lon="-6.832171585410833">
        <ele>170.31</ele>
        <time>2020-07-18T10:36:37Z</time>
      </trkpt>
      <trkpt lat="61.57029309310019" lon="-6.832279209047556">
        <ele>168.44999999999999</ele>
        <time>2020-07-18T10:36:49Z</time>
      </trkpt>
      <trkpt lat="61.570220505818725" lon="-6.83242061175406">
        <ele>164.16</ele>
        <time>2020-07-18T10:37:03Z</time>
      </trkpt>
      <trkpt lat="61.57012595795095" lon="-6.832483811303973">
        <ele>163.40000000000001</ele>
        <time>2020-07-18T10:37:13Z</time>
      </trkpt>
      <trkpt lat="61.570031912997365" lon="-6.832522368058562">
        <ele>163.66999999999999</ele>
        <time>2020-07-18T10:37:20Z</time>
      </trkpt>
      <trkpt lat="61.569935353472829" lon="-6.832519853487611">
        <ele>164.88999999999999</ele>
        <time>2020-07-18T10:37:28Z</time>
      </trkpt>
      <trkpt lat="61.569829406216741" lon="-6.832492360845208">
        <ele>162.81999999999999</ele>
        <time>2020-07-18T10:37:36Z</time>
      </trkpt>
      <trkpt lat="61.569728655740619" lon="-6.832468304783106">
        <ele>160.22999999999999</ele>
        <time>2020-07-18T10:37:44Z</time>
      </trkpt>
      <trkpt lat="61.569622289389372" lon="-6.832473501563072">
        <ele>161.94999999999999</ele>
        <time>2020-07-18T10:37:52Z</time>
      </trkpt>
      <trkpt lat="61.569510307163" lon="-6.832476099953055">
        <ele>163.69999999999999</ele>
        <time>2020-07-18T10:38:00Z</time>
      </trkpt>
      <trkpt lat="61.569411233067513" lon="-6.832418013364077">
        <ele>163.11000000000001</ele>
        <time>2020-07-18T10:38:08Z</time>
      </trkpt>
      <trkpt lat="61.569295059889555" lon="-6.832384318113327">
        <ele>163.16999999999999</ele>
        <time>2020-07-18T10:38:17Z</time>
      </trkpt>
      <trkpt lat="61.569197997450829" lon="-6.8323062825948">
        <ele>163.81</ele>
        <time>2020-07-18T10:38:25Z</time>
      </trkpt>
      <trkpt lat="61.569116273894906" lon="-6.832212824374437">
        <ele>163.69999999999999</ele>
        <time>2020-07-18T10:38:33Z</time>
      </trkpt>
      <trkpt lat="61.569013930857182" lon="-6.832164796069264">
        <ele>164.33000000000001</ele>
        <time>2020-07-18T10:38:41Z</time>
      </trkpt>
      <trkpt lat="61.568905301392078" lon="-6.832134202122688">
        <ele>162.78</ele>
        <time>2020-07-18T10:38:50Z</time>
      </trkpt>
      <trkpt lat="61.568804550915956" lon="-6.832130681723356">
        <ele>161.19</ele>
        <time>2020-07-18T10:38:58Z</time>
      </trkpt>
      <trkpt lat="61.568701537325978" lon="-6.832109726965427">
        <ele>160.78</ele>
        <time>2020-07-18T10:39:06Z</time>
      </trkpt>
      <trkpt lat="61.568609420210123" lon="-6.832025907933712">
        <ele>160.38999999999999</ele>
        <time>2020-07-18T10:39:14Z</time>
      </trkpt>
      <trkpt lat="61.568524595350027" lon="-6.83193345554173">
        <ele>159.61000000000001</ele>
        <time>2020-07-18T10:39:21Z</time>
      </trkpt>
      <trkpt lat="61.568446895107627" lon="-6.831818539649248">
        <ele>159.33000000000001</ele>
        <time>2020-07-18T10:39:30Z</time>
      </trkpt>
      <trkpt lat="61.56835712492466" lon="-6.831726673990488">
        <ele>160.5</ele>
        <time>2020-07-18T10:39:37Z</time>
      </trkpt>
      <trkpt lat="61.56825746409595" lon="-6.831617373973131">
        <ele>157.69</ele>
        <time>2020-07-18T10:39:47Z</time>
      </trkpt>
      <trkpt lat="61.568185798823833" lon="-6.831481838598847">
        <ele>157.84</ele>
        <time>2020-07-18T10:39:54Z</time>
      </trkpt>
      <trkpt lat="61.56809669919312" lon="-6.831362647935748">
        <ele>156.08000000000001</ele>
        <time>2020-07-18T10:40:04Z</time>
      </trkpt>
      <trkpt lat="61.568009695038199" lon="-6.83125670067966">
        <ele>154.66999999999999</ele>
        <time>2020-07-18T10:40:12Z</time>
      </trkpt>
      <trkpt lat="61.567928474396467" lon="-6.831131391227245">
        <ele>153.84</ele>
        <time>2020-07-18T10:40:20Z</time>
      </trkpt>
      <trkpt lat="61.567845325917006" lon="-6.830988312140107">
        <ele>152.90000000000001</ele>
        <time>2020-07-18T10:40:29Z</time>
      </trkpt>
      <trkpt lat="61.567788999527693" lon="-6.83082913979888">
        <ele>152.81</ele>
        <time>2020-07-18T10:40:37Z</time>
      </trkpt>
      <trkpt lat="61.567719345912337" lon="-6.830679019913077">
        <ele>152.62</ele>
        <time>2020-07-18T10:40:45Z</time>
      </trkpt>
      <trkpt lat="61.56765497289598" lon="-6.830520015209913">
        <ele>152.96000000000001</ele>
        <time>2020-07-18T10:40:53Z</time>
      </trkpt>
      <trkpt lat="61.567592024803162" lon="-6.830371906980872">
        <ele>152.09999999999999</ele>
        <time>2020-07-18T10:41:01Z</time>
      </trkpt>
      <trkpt lat="61.567520024254918" lon="-6.830237628892064">
        <ele>150.44999999999999</ele>
        <time>2020-07-18T10:41:10Z</time>
      </trkpt>
      <trkpt lat="61.567435199394822" lon="-6.830168813467026">
        <ele>149.91999999999999</ele>
        <time>2020-07-18T10:41:19Z</time>
      </trkpt>
      <trkpt lat="61.567349620163441" lon="-6.830082396045327">
        <ele>152.71000000000001</ele>
        <time>2020-07-18T10:41:28Z</time>
      </trkpt>
      <trkpt lat="61.567270159721375" lon="-6.829955074936152">
        <ele>150.40000000000001</ele>
        <time>2020-07-18T10:41:39Z</time>
      </trkpt>
      <trkpt lat="61.567180892452598" lon="-6.829834962263703">
        <ele>147.90000000000001</ele>
        <time>2020-07-18T10:41:48Z</time>
      </trkpt>
      <trkpt lat="61.567119620740414" lon="-6.829719627276063">
        <ele>146.81999999999999</ele>
        <time>2020-07-18T10:42:01Z</time>
      </trkpt>
      <trkpt lat="61.567039238288999" lon="-6.829591132700443">
        <ele>144.13999999999999</ele>
        <time>2020-07-18T10:42:14Z</time>
      </trkpt>
      <trkpt lat="61.566960113123059" lon="-6.829473450779915">
        <ele>142.50999999999999</ele>
        <time>2020-07-18T10:42:27Z</time>
      </trkpt>
      <trkpt lat="61.566872857511044" lon="-6.829381752759218">
        <ele>144.25999999999999</ele>
        <time>2020-07-18T10:42:38Z</time>
      </trkpt>
      <trkpt lat="61.566789960488677" lon="-6.829292485490441">
        <ele>143.77000000000001</ele>
        <time>2020-07-18T10:42:48Z</time>
      </trkpt>
      <trkpt lat="61.566719384863973" lon="-6.829191735014319">
        <ele>141.02000000000001</ele>
        <time>2020-07-18T10:43:03Z</time>
      </trkpt>
      <trkpt lat="61.566655011847615" lon="-6.829106071963906">
        <ele>135.99000000000001</ele>
        <time>2020-07-18T10:43:26Z</time>
      </trkpt>
      <trkpt lat="61.566554429009557" lon="-6.829110765829682">
        <ele>130.25999999999999</ele>
        <time>2020-07-18T10:43:51Z</time>
      </trkpt>
      <trkpt lat="61.56646616756916" lon="-6.829134905710816">
        <ele>123.70999999999999</ele>
        <time>2020-07-18T10:44:16Z</time>
      </trkpt>
      <trkpt lat="61.566369775682688" lon="-6.829157285392284">
        <ele>118.81999999999999</ele>
        <time>2020-07-18T10:44:46Z</time>
      </trkpt>
      <trkpt lat="61.566298445686698" lon="-6.82910037226975">
        <ele>116.84999999999999</ele>
        <time>2020-07-18T10:47:31Z</time>
      </trkpt>
      <trkpt lat="61.566229714080691" lon="-6.828930722549558">
        <ele>116.23999999999999</ele>
        <time>2020-07-18T10:47:41Z</time>
      </trkpt>
      <trkpt lat="61.566158970817924" lon="-6.828800048679113">
        <ele>116.93000000000001</ele>
        <time>2020-07-18T10:47:50Z</time>
      </trkpt>
      <trkpt lat="61.566105829551816" lon="-6.828639283776283">
        <ele>116.55</ele>
        <time>2020-07-18T10:47:59Z</time>
      </trkpt>
      <trkpt lat="61.566051179543138" lon="-6.828468712046742">
        <ele>115.23</ele>
        <time>2020-07-18T10:48:07Z</time>
      </trkpt>
      <trkpt lat="61.565980352461338" lon="-6.828312892466784">
        <ele>114.06</ele>
        <time>2020-07-18T10:48:14Z</time>
      </trkpt>
      <trkpt lat="61.56590860337019" lon="-6.828140560537577">
        <ele>113.5</ele>
        <time>2020-07-18T10:48:21Z</time>
      </trkpt>
      <trkpt lat="61.565849846228957" lon="-6.827973173931241">
        <ele>113.34999999999999</ele>
        <time>2020-07-18T10:48:27Z</time>
      </trkpt>
      <trkpt lat="61.565788323059678" lon="-6.827798411250114">
        <ele>112.11</ele>
        <time>2020-07-18T10:48:34Z</time>
      </trkpt>
      <trkpt lat="61.565738786011934" lon="-6.827639322727919">
        <ele>113.33</ele>
        <time>2020-07-18T10:48:40Z</time>
      </trkpt>
      <trkpt lat="61.565693272277713" lon="-6.827460452914238">
        <ele>112.34999999999999</ele>
        <time>2020-07-18T10:48:46Z</time>
      </trkpt>
      <trkpt lat="61.565646501258016" lon="-6.827290300279856">
        <ele>110.91</ele>
        <time>2020-07-18T10:48:52Z</time>
      </trkpt>
      <trkpt lat="61.565601490437984" lon="-6.827118052169681">
        <ele>109.98</ele>
        <time>2020-07-18T10:48:59Z</time>
      </trkpt>
      <trkpt lat="61.565534686669707" lon="-6.826955024152994">
        <ele>108.97</ele>
        <time>2020-07-18T10:49:06Z</time>
      </trkpt>
      <trkpt lat="61.565466457977891" lon="-6.826814711093903">
        <ele>108.63</ele>
        <time>2020-07-18T10:49:12Z</time>
      </trkpt>
      <trkpt lat="61.565412897616625" lon="-6.826648246496916">
        <ele>108.94</ele>
        <time>2020-07-18T10:49:18Z</time>
      </trkpt>
      <trkpt lat="61.565368557348847" lon="-6.826471807435155">
        <ele>109.26000000000001</ele>
        <time>2020-07-18T10:49:24Z</time>
      </trkpt>
      <trkpt lat="61.565321534872055" lon="-6.82630492374301">
        <ele>108.75</ele>
        <time>2020-07-18T10:49:30Z</time>
      </trkpt>
      <trkpt lat="61.56527048908174" lon="-6.826123623177409">
        <ele>108.14</ele>
        <time>2020-07-18T10:49:37Z</time>
      </trkpt>
      <trkpt lat="61.565216928720474" lon="-6.825976436957717">
        <ele>107.34</ele>
        <time>2020-07-18T10:49:43Z</time>
      </trkpt>
      <trkpt lat="61.565155573189259" lon="-6.82582170702517">
        <ele>107.02</ele>
        <time>2020-07-18T10:49:49Z</time>
      </trkpt>
      <trkpt lat="61.565090361982584" lon="-6.825684159994125">
        <ele>106.8</ele>
        <time>2020-07-18T10:49:55Z</time>
      </trkpt>
      <trkpt lat="61.56503546051681" lon="-6.825532615184784">
        <ele>106.38</ele>
        <time>2020-07-18T10:50:01Z</time>
      </trkpt>
      <trkpt lat="61.564986258745193" lon="-6.825369587168098">
        <ele>106.01000000000001</ele>
        <time>2020-07-18T10:50:07Z</time>
      </trkpt>
      <trkpt lat="61.56492012552917" lon="-6.825207145884633">
        <ele>105.53</ele>
        <time>2020-07-18T10:50:14Z</time>
      </trkpt>
      <trkpt lat="61.564866816624999" lon="-6.825029449537396">
        <ele>105.03</ele>
        <time>2020-07-18T10:50:21Z</time>
      </trkpt>
      <trkpt lat="61.564807891845703" lon="-6.824870528653264">
        <ele>104.34</ele>
        <time>2020-07-18T10:50:28Z</time>
      </trkpt>
      <trkpt lat="61.564736226573586" lon="-6.824711188673973">
        <ele>103.65000000000001</ele>
        <time>2020-07-18T10:50:35Z</time>
      </trkpt>
      <trkpt lat="61.564665148034692" lon="-6.824548998847604">
        <ele>102.70999999999999</ele>
        <time>2020-07-18T10:50:42Z</time>
      </trkpt>
      <trkpt lat="61.564596835523844" lon="-6.824391251429915">
        <ele>101.66</ele>
        <time>2020-07-18T10:50:49Z</time>
      </trkpt>
      <trkpt lat="61.564514273777604" lon="-6.824254123494029">
        <ele>101.16</ele>
        <time>2020-07-18T10:50:55Z</time>
      </trkpt>
      <trkpt lat="61.56444076448679" lon="-6.824113810434938">
        <ele>100.69</ele>
        <time>2020-07-18T10:51:01Z</time>
      </trkpt>
      <trkpt lat="61.564371362328529" lon="-6.82396980933845">
        <ele>100.48</ele>
        <time>2020-07-18T10:51:07Z</time>
      </trkpt>
      <trkpt lat="61.564306486397982" lon="-6.82383687235415">
        <ele>99.349999999999994</ele>
        <time>2020-07-18T10:51:13Z</time>
      </trkpt>
      <trkpt lat="61.564241945743561" lon="-6.823694296181202">
        <ele>99.019999999999996</ele>
        <time>2020-07-18T10:51:19Z</time>
      </trkpt>
      <trkpt lat="61.564174639061093" lon="-6.823539817705751">
        <ele>97.909999999999997</ele>
        <time>2020-07-18T10:51:26Z</time>
      </trkpt>
      <trkpt lat="61.564113367348909" lon="-6.823394810780883">
        <ele>97.079999999999998</ele>
        <time>2020-07-18T10:51:32Z</time>
      </trkpt>
      <trkpt lat="61.564025776460767" lon="-6.823271345347166">
        <ele>96.109999999999999</ele>
        <time>2020-07-18T10:51:39Z</time>
      </trkpt>
      <trkpt lat="61.563941370695829" lon="-6.823145700618625">
        <ele>95.269999999999996</ele>
        <time>2020-07-18T10:51:46Z</time>
      </trkpt>
      <trkpt lat="61.563843972980976" lon="-6.823064479976893">
        <ele>94.599999999999994</ele>
        <time>2020-07-18T10:51:53Z</time>
      </trkpt>
      <trkpt lat="61.563755376264453" lon="-6.823000609874725">
        <ele>93.659999999999997</ele>
        <time>2020-07-18T10:51:59Z</time>
      </trkpt>
      <trkpt lat="61.563664181157947" lon="-6.822929112240672">
        <ele>93.260000000000005</ele>
        <time>2020-07-18T10:52:06Z</time>
      </trkpt>
      <trkpt lat="61.563569465652108" lon="-6.822830205783248">
        <ele>92.780000000000001</ele>
        <time>2020-07-18T10:52:13Z</time>
      </trkpt>
      <trkpt lat="61.563484473153949" lon="-6.822721995413303">
        <ele>92.310000000000002</ele>
        <time>2020-07-18T10:52:19Z</time>
      </trkpt>
      <trkpt lat="61.563401240855455" lon="-6.822628537192941">
        <ele>90.599999999999994</ele>
        <time>2020-07-18T10:52:25Z</time>
      </trkpt>
      <trkpt lat="61.563324378803372" lon="-6.822535833343864">
        <ele>89.939999999999998</ele>
        <time>2020-07-18T10:52:31Z</time>
      </trkpt>
      <trkpt lat="61.563238799571991" lon="-6.82238613255322">
        <ele>88.329999999999998</ele>
        <time>2020-07-18T10:52:46Z</time>
      </trkpt>
      <trkpt lat="61.563146514818072" lon="-6.822263589128852">
        <ele>87.310000000000002</ele>
        <time>2020-07-18T10:52:53Z</time>
      </trkpt>
      <trkpt lat="61.563061438500881" lon="-6.822171807289124">
        <ele>87.129999999999995</ele>
        <time>2020-07-18T10:52:59Z</time>
      </trkpt>
      <trkpt lat="61.56296806409955" lon="-6.822068206965923">
        <ele>85.709999999999994</ele>
        <time>2020-07-18T10:53:06Z</time>
      </trkpt>
      <trkpt lat="61.562883071601391" lon="-6.821980867534876">
        <ele>85.299999999999997</ele>
        <time>2020-07-18T10:53:12Z</time>
      </trkpt>
      <trkpt lat="61.562779303640127" lon="-6.821890091523528">
        <ele>85.840000000000003</ele>
        <time>2020-07-18T10:53:19Z</time>
      </trkpt>
      <trkpt lat="61.562677212059498" lon="-6.82178758084774">
        <ele>83.75</ele>
        <time>2020-07-18T10:53:26Z</time>
      </trkpt>
      <trkpt lat="61.562591884285212" lon="-6.821697223931551">
        <ele>82.450000000000003</ele>
        <time>2020-07-18T10:53:32Z</time>
      </trkpt>
      <trkpt lat="61.562498593702912" lon="-6.821628576144576">
        <ele>81.950000000000003</ele>
        <time>2020-07-18T10:53:39Z</time>
      </trkpt>
      <trkpt lat="61.562400693073869" lon="-6.821540985256434">
        <ele>81.319999999999993</ele>
        <time>2020-07-18T10:54:12Z</time>
      </trkpt>
      <trkpt lat="61.562307234853506" lon="-6.821468733251095">
        <ele>80.140000000000001</ele>
        <time>2020-07-18T10:54:19Z</time>
      </trkpt>
      <trkpt lat="61.562223751097918" lon="-6.8213751912117">
        <ele>79.349999999999994</ele>
        <time>2020-07-18T10:54:25Z</time>
      </trkpt>
      <trkpt lat="61.56213347800076" lon="-6.821253150701523">
        <ele>77.810000000000002</ele>
        <time>2020-07-18T10:54:32Z</time>
      </trkpt>
      <trkpt lat="61.56204991042614" lon="-6.82116748765111">
        <ele>76.730000000000004</ele>
        <time>2020-07-18T10:54:38Z</time>
      </trkpt>
      <trkpt lat="61.561961146071553" lon="-6.821090877056122">
        <ele>76.549999999999997</ele>
        <time>2020-07-18T10:54:44Z</time>
      </trkpt>
      <trkpt lat="61.561857210472226" lon="-6.821014769375324">
        <ele>75.400000000000006</ele>
        <time>2020-07-18T10:54:51Z</time>
      </trkpt>
      <trkpt lat="61.561761656776071" lon="-6.820924580097199">
        <ele>74.870000000000005</ele>
        <time>2020-07-18T10:54:58Z</time>
      </trkpt>
      <trkpt lat="61.561660906299949" lon="-6.820847969502211">
        <ele>74.930000000000007</ele>
        <time>2020-07-18T10:55:05Z</time>
      </trkpt>
      <trkpt lat="61.561563843861222" lon="-6.820771526545286">
        <ele>74.430000000000007</ele>
        <time>2020-07-18T10:55:12Z</time>
      </trkpt>
      <trkpt lat="61.561467619612813" lon="-6.820664657279849">
        <ele>74.420000000000002</ele>
        <time>2020-07-18T10:55:19Z</time>
      </trkpt>
      <trkpt lat="61.561378855258226" lon="-6.820541443303227">
        <ele>74.359999999999999</ele>
        <time>2020-07-18T10:55:26Z</time>
      </trkpt>
      <trkpt lat="61.561301155015826" lon="-6.820427281782031">
        <ele>74.670000000000002</ele>
        <time>2020-07-18T10:55:32Z</time>
      </trkpt>
      <trkpt lat="61.561222113668919" lon="-6.820310270413756">
        <ele>74.680000000000007</ele>
        <time>2020-07-18T10:55:38Z</time>
      </trkpt>
      <trkpt lat="61.561141479760408" lon="-6.820165179669857">
        <ele>74.840000000000003</ele>
        <time>2020-07-18T10:55:45Z</time>
      </trkpt>
      <trkpt lat="61.561064198613167" lon="-6.820041546598077">
        <ele>74.560000000000002</ele>
        <time>2020-07-18T10:55:51Z</time>
      </trkpt>
      <trkpt lat="61.560982307419181" lon="-6.819931911304593">
        <ele>74.180000000000007</ele>
        <time>2020-07-18T10:55:57Z</time>
      </trkpt>
      <trkpt lat="61.560898572206497" lon="-6.819789251312614">
        <ele>73.599999999999994</ele>
        <time>2020-07-18T10:56:04Z</time>
      </trkpt>
      <trkpt lat="61.560811400413513" lon="-6.819681376218796">
        <ele>73.010000000000005</ele>
        <time>2020-07-18T10:56:10Z</time>
      </trkpt>
      <trkpt lat="61.560720289126039" lon="-6.819604681804776">
        <ele>72.060000000000002</ele>
        <time>2020-07-18T10:56:16Z</time>
      </trkpt>
      <trkpt lat="61.560624651610851" lon="-6.819507787004113">
        <ele>71.629999999999995</ele>
        <time>2020-07-18T10:56:22Z</time>
      </trkpt>
      <trkpt lat="61.560521638020873" lon="-6.819443916901946">
        <ele>70.269999999999996</ele>
        <time>2020-07-18T10:56:29Z</time>
      </trkpt>
      <trkpt lat="61.560423988848925" lon="-6.819388680160046">
        <ele>70.640000000000001</ele>
        <time>2020-07-18T10:56:35Z</time>
      </trkpt>
      <trkpt lat="61.560331368818879" lon="-6.819321038201451">
        <ele>70.980000000000004</ele>
        <time>2020-07-18T10:56:41Z</time>
      </trkpt>
      <trkpt lat="61.560235479846597" lon="-6.819243337959051">
        <ele>72.569999999999993</ele>
        <time>2020-07-18T10:56:48Z</time>
      </trkpt>
      <trkpt lat="61.560139255598187" lon="-6.819135462865233">
        <ele>72.450000000000003</ele>
        <time>2020-07-18T10:56:55Z</time>
      </trkpt>
      <trkpt lat="61.560070523992181" lon="-6.819006465375423">
        <ele>71.870000000000005</ele>
        <time>2020-07-18T10:57:01Z</time>
      </trkpt>
      <trkpt lat="61.559985280036926" lon="-6.818906050175428">
        <ele>72.510000000000005</ele>
        <time>2020-07-18T10:57:10Z</time>
      </trkpt>
      <trkpt lat="61.559906490147114" lon="-6.818757522851229">
        <ele>72.060000000000002</ele>
        <time>2020-07-18T10:57:31Z</time>
      </trkpt>
      <trkpt lat="61.559837590903044" lon="-6.818635649979115">
        <ele>73</ele>
        <time>2020-07-18T10:57:37Z</time>
      </trkpt>
      <trkpt lat="61.559757962822914" lon="-6.818525511771441">
        <ele>72.989999999999995</ele>
        <time>2020-07-18T10:57:44Z</time>
      </trkpt>
      <trkpt lat="61.559680765494704" lon="-6.818406404927373">
        <ele>73.719999999999999</ele>
        <time>2020-07-18T10:57:51Z</time>
      </trkpt>
      <trkpt lat="61.559595186263323" lon="-6.818271037191153">
        <ele>74.519999999999996</ele>
        <time>2020-07-18T10:57:58Z</time>
      </trkpt>
      <trkpt lat="61.559509942308068" lon="-6.818113289773464">
        <ele>74.519999999999996</ele>
        <time>2020-07-18T10:58:05Z</time>
      </trkpt>
      <trkpt lat="61.559421513229609" lon="-6.817979933694005">
        <ele>74.939999999999998</ele>
        <time>2020-07-18T10:58:12Z</time>
      </trkpt>
      <trkpt lat="61.559335263445973" lon="-6.817841716110706">
        <ele>75.340000000000003</ele>
        <time>2020-07-18T10:58:19Z</time>
      </trkpt>
      <trkpt lat="61.559246918186545" lon="-6.817694613710046">
        <ele>74.180000000000007</ele>
        <time>2020-07-18T10:58:25Z</time>
      </trkpt>
      <trkpt lat="61.559166116639972" lon="-6.817576428875327">
        <ele>73.849999999999994</ele>
        <time>2020-07-18T10:58:31Z</time>
      </trkpt>
      <trkpt lat="61.559092691168189" lon="-6.817452041432262">
        <ele>74.109999999999999</ele>
        <time>2020-07-18T10:58:37Z</time>
      </trkpt>
      <trkpt lat="61.55901356600225" lon="-6.817326564341784">
        <ele>73.989999999999995</ele>
        <time>2020-07-18T10:58:43Z</time>
      </trkpt>
      <trkpt lat="61.558939218521118" lon="-6.817200584337115">
        <ele>74.099999999999994</ele>
        <time>2020-07-18T10:58:49Z</time>
      </trkpt>
      <trkpt lat="61.558859925717115" lon="-6.817049877718091">
        <ele>73.239999999999995</ele>
        <time>2020-07-18T10:58:56Z</time>
      </trkpt>
      <trkpt lat="61.558784740045667" lon="-6.816913587972522">
        <ele>72.810000000000002</ele>
        <time>2020-07-18T10:59:02Z</time>
      </trkpt>
      <trkpt lat="61.558715337887406" lon="-6.816776962950826">
        <ele>72.819999999999993</ele>
        <time>2020-07-18T10:59:08Z</time>
      </trkpt>
      <trkpt lat="61.558645013719797" lon="-6.816622233018279">
        <ele>72.670000000000002</ele>
        <time>2020-07-18T10:59:15Z</time>
      </trkpt>
      <trkpt lat="61.558586340397596" lon="-6.816456774249673">
        <ele>73.420000000000002</ele>
        <time>2020-07-18T10:59:22Z</time>
      </trkpt>
      <trkpt lat="61.558529008179903" lon="-6.816290058195591">
        <ele>72.790000000000006</ele>
        <time>2020-07-18T10:59:29Z</time>
      </trkpt>
      <trkpt lat="61.558452062308788" lon="-6.816134238615632">
        <ele>72.920000000000002</ele>
        <time>2020-07-18T10:59:36Z</time>
      </trkpt>
      <trkpt lat="61.55839255079627" lon="-6.815978586673737">
        <ele>72.760000000000005</ele>
        <time>2020-07-18T10:59:43Z</time>
      </trkpt>
      <trkpt lat="61.55834024772048" lon="-6.815808266401291">
        <ele>72.900000000000006</ele>
        <time>2020-07-18T10:59:49Z</time>
      </trkpt>
      <trkpt lat="61.558288112282753" lon="-6.815616572275758">
        <ele>73.239999999999995</ele>
        <time>2020-07-18T10:59:56Z</time>
      </trkpt>
      <trkpt lat="61.558224074542522" lon="-6.815428817644715">
        <ele>73.019999999999996</ele>
        <time>2020-07-18T11:00:03Z</time>
      </trkpt>
      <trkpt lat="61.558160120621324" lon="-6.815259419381619">
        <ele>73.040000000000006</ele>
        <time>2020-07-18T11:00:09Z</time>
      </trkpt>
      <trkpt lat="61.558101698756218" lon="-6.815069820731878">
        <ele>73.010000000000005</ele>
        <time>2020-07-18T11:00:16Z</time>
      </trkpt>
      <trkpt lat="61.558058280497789" lon="-6.814868152141571">
        <ele>73.209999999999994</ele>
        <time>2020-07-18T11:00:23Z</time>
      </trkpt>
      <trkpt lat="61.5580128505826" lon="-6.814683163538575">
        <ele>72.870000000000005</ele>
        <time>2020-07-18T11:00:30Z</time>
      </trkpt>
      <trkpt lat="61.557955602183938" lon="-6.814510161057115">
        <ele>73</ele>
        <time>2020-07-18T11:00:36Z</time>
      </trkpt>
      <trkpt lat="61.557902544736862" lon="-6.814291561022401">
        <ele>72.299999999999997</ele>
        <time>2020-07-18T11:00:43Z</time>
      </trkpt>
      <trkpt lat="61.557868178933859" lon="-6.81410732679069">
        <ele>72.719999999999999</ele>
        <time>2020-07-18T11:00:49Z</time>
      </trkpt>
      <trkpt lat="61.557828364893794" lon="-6.813902389258146">
        <ele>72.670000000000002</ele>
        <time>2020-07-18T11:00:56Z</time>
      </trkpt>
      <trkpt lat="61.557770445942879" lon="-6.813745815306902">
        <ele>73.109999999999999</ele>
        <time>2020-07-18T11:01:05Z</time>
      </trkpt>
      <trkpt lat="61.557687213644385" lon="-6.813635006546974">
        <ele>70.010000000000005</ele>
        <time>2020-07-18T11:01:27Z</time>
      </trkpt>
      <trkpt lat="61.557622756808996" lon="-6.813466781750321">
        <ele>68.870000000000005</ele>
        <time>2020-07-18T11:01:35Z</time>
      </trkpt>
      <trkpt lat="61.557556372135878" lon="-6.813316745683551">
        <ele>64.819999999999993</ele>
        <time>2020-07-18T11:01:45Z</time>
      </trkpt>
      <trkpt lat="61.557487137615681" lon="-6.813172157853842">
        <ele>62.880000000000003</ele>
        <time>2020-07-18T11:01:52Z</time>
      </trkpt>
      <trkpt lat="61.557419914752245" lon="-6.813010973855853">
        <ele>60.310000000000002</ele>
        <time>2020-07-18T11:02:02Z</time>
      </trkpt>
      <trkpt lat="61.557354871183634" lon="-6.812851466238499">
        <ele>57.810000000000002</ele>
        <time>2020-07-18T11:02:11Z</time>
      </trkpt>
      <trkpt lat="61.557292593643069" lon="-6.812707548961043">
        <ele>54.600000000000001</ele>
        <time>2020-07-18T11:02:19Z</time>
      </trkpt>
      <trkpt lat="61.557224951684475" lon="-6.812561117112637">
        <ele>51.740000000000002</ele>
        <time>2020-07-18T11:02:27Z</time>
      </trkpt>
      <trkpt lat="61.557161584496498" lon="-6.812377888709307">
        <ele>49.899999999999999</ele>
        <time>2020-07-18T11:02:44Z</time>
      </trkpt>
      <trkpt lat="61.557114645838737" lon="-6.812215028330684">
        <ele>50.25</ele>
        <time>2020-07-18T11:02:56Z</time>
      </trkpt>
      <trkpt lat="61.55712210573256" lon="-6.812010761350393">
        <ele>50.380000000000003</ele>
        <time>2020-07-18T11:03:08Z</time>
      </trkpt>
      <trkpt lat="61.557150101289153" lon="-6.811756454408169">
        <ele>49.590000000000003</ele>
        <time>2020-07-18T11:03:24Z</time>
      </trkpt>
      <trkpt lat="61.557096121832728" lon="-6.811457220464945">
        <ele>45.490000000000002</ele>
        <time>2020-07-18T11:03:40Z</time>
      </trkpt>
      <trkpt lat="61.556923873722553" lon="-6.811080034822226">
        <ele>42.039999999999999</ele>
        <time>2020-07-18T11:03:54Z</time>
      </trkpt>
      <trkpt lat="61.5568230394274" lon="-6.810873337090015">
        <ele>39.399999999999999</ele>
        <time>2020-07-18T11:04:20Z</time>
      </trkpt>
      <trkpt lat="61.556760929524899" lon="-6.810672506690025">
        <ele>38.829999999999998</ele>
        <time>2020-07-18T11:05:32Z</time>
      </trkpt>
      <trkpt lat="61.556724719703197" lon="-6.810501767322421">
        <ele>37.25</ele>
        <time>2020-07-18T11:06:54Z</time>
      </trkpt>
      <trkpt lat="61.55667208135128" lon="-6.810320047661662">
        <ele>34.840000000000003</ele>
        <time>2020-07-18T11:07:03Z</time>
      </trkpt>
      <trkpt lat="61.556598655879498" lon="-6.810202868655324">
        <ele>32.380000000000003</ele>
        <time>2020-07-18T11:07:13Z</time>
      </trkpt>
      <trkpt lat="61.556498240679502" lon="-6.810248298570514">
        <ele>29.550000000000001</ele>
        <time>2020-07-18T11:07:23Z</time>
      </trkpt>
      <trkpt lat="61.556391371414065" lon="-6.810296913608909">
        <ele>26.329999999999998</ele>
        <time>2020-07-18T11:07:31Z</time>
      </trkpt>
      <trkpt lat="61.556291375309229" lon="-6.810336308553815">
        <ele>25.469999999999999</ele>
        <time>2020-07-18T11:07:38Z</time>
      </trkpt>
      <trkpt lat="61.556205628439784" lon="-6.810383666306734">
        <ele>23.539999999999999</ele>
        <time>2020-07-18T11:07:46Z</time>
      </trkpt>
      <trkpt lat="61.556096663698554" lon="-6.810451811179519">
        <ele>21.399999999999999</ele>
        <time>2020-07-18T11:07:54Z</time>
      </trkpt>
      <trkpt lat="61.555995242670178" lon="-6.810489194467664">
        <ele>20.02</ele>
        <time>2020-07-18T11:08:03Z</time>
      </trkpt>
      <trkpt lat="61.555964816361666" lon="-6.810328010469675">
        <ele>19.739999999999998</ele>
        <time>2020-07-18T11:08:28Z</time>
      </trkpt>
      <trkpt lat="61.555952075868845" lon="-6.810130532830954">
        <ele>19.449999999999999</ele>
        <time>2020-07-18T11:08:36Z</time>
      </trkpt>
      <trkpt lat="61.555964648723602" lon="-6.809917716309428">
        <ele>18.969999999999999</ele>
        <time>2020-07-18T11:08:44Z</time>
      </trkpt>
      <trkpt lat="61.555934473872185" lon="-6.809727950021625">
        <ele>17.940000000000001</ele>
        <time>2020-07-18T11:08:52Z</time>
      </trkpt>
      <trkpt lat="61.555904466658831" lon="-6.80952443741262">
        <ele>16.870000000000001</ele>
        <time>2020-07-18T11:09:01Z</time>
      </trkpt>
      <trkpt lat="61.555883344262838" lon="-6.809263760223985">
        <ele>16.109999999999999</ele>
        <time>2020-07-18T11:09:09Z</time>
      </trkpt>
      <trkpt lat="61.555863479152322" lon="-6.809051698073745">
        <ele>15.460000000000001</ele>
        <time>2020-07-18T11:09:16Z</time>
      </trkpt>
      <trkpt lat="61.555858617648482" lon="-6.808846173807979">
        <ele>14.58</ele>
        <time>2020-07-18T11:09:24Z</time>
      </trkpt>
      <trkpt lat="61.555789383128285" lon="-6.808615420013666">
        <ele>14.19</ele>
        <time>2020-07-18T11:09:33Z</time>
      </trkpt>
      <trkpt lat="61.555705983191729" lon="-6.808428755030036">
        <ele>14.1</ele>
        <time>2020-07-18T11:10:13Z</time>
      </trkpt>
      <trkpt lat="61.55559022910893" lon="-6.808401513844729">
        <ele>13.98</ele>
        <time>2020-07-18T11:10:50Z</time>
      </trkpt>
      <trkpt lat="61.555486628785729" lon="-6.808435712009668">
        <ele>12.44</ele>
        <time>2020-07-18T11:10:57Z</time>
      </trkpt>
      <trkpt lat="61.555390991270542" lon="-6.808466054499149">
        <ele>10.630000000000001</ele>
        <time>2020-07-18T11:11:04Z</time>
      </trkpt>
      <trkpt lat="61.555288312956691" lon="-6.80849882774055">
        <ele>8.289999999999999</ele>
        <time>2020-07-18T11:11:11Z</time>
      </trkpt>
      <trkpt lat="61.555192423984408" lon="-6.808494133874774">
        <ele>5.33</ele>
        <time>2020-07-18T11:11:18Z</time>
      </trkpt>
      <trkpt lat="61.555108604952693" lon="-6.80854182690382">
        <ele>5.56</ele>
        <time>2020-07-18T11:11:27Z</time>
      </trkpt>
      <trkpt lat="61.555090751498938" lon="-6.808360107243061">
        <ele>6.63</ele>
        <time>2020-07-18T11:11:43Z</time>
      </trkpt>
      <trkpt lat="61.555078346282244" lon="-6.808210574090481">
        <ele>7.46</ele>
        <time>2020-07-18T11:12:02Z</time>
      </trkpt>
      <trkpt lat="61.55501221306622" lon="-6.807998260483146">
        <ele>6.84</ele>
        <time>2020-07-18T11:12:24Z</time>
      </trkpt>
      <trkpt lat="61.55496921390295" lon="-6.807804889976978">
        <ele>6.9</ele>
        <time>2020-07-18T11:12:30Z</time>
      </trkpt>
      <trkpt lat="61.554927974939346" lon="-6.807597102597356">
        <ele>6.85</ele>
        <time>2020-07-18T11:12:37Z</time>
      </trkpt>
      <trkpt lat="61.55489151366055" lon="-6.807410269975662">
        <ele>6.84</ele>
        <time>2020-07-18T11:12:43Z</time>
      </trkpt>
      <trkpt lat="61.554854046553373" lon="-6.807199632748961">
        <ele>6.82</ele>
        <time>2020-07-18T11:12:50Z</time>
      </trkpt>
    </trkseg>
  </trk>

</gpx>