<?xml version="1.0" encoding="utf-8"?><gpx creator="Garmin Desktop App" version="1.1" xsi:schemaLocation="http://www.topografix.com/GPX/1/1 http://www.topografix.com/GPX/1/1/gpx.xsd http://www.garmin.com/xmlschemas/WaypointExtension/v1 http://www8.garmin.com/xmlschemas/WaypointExtensionv1.xsd http://www.garmin.com/xmlschemas/TrackPointExtension/v1 http://www.garmin.com/xmlschemas/TrackPointExtensionv1.xsd http://www.garmin.com/xmlschemas/GpxExtensions/v3 http://www8.garmin.com/xmlschemas/GpxExtensionsv3.xsd http://www.garmin.com/xmlschemas/ActivityExtension/v1 http://www8.garmin.com/xmlschemas/ActivityExtensionv1.xsd http://www.garmin.com/xmlschemas/AdventuresExtensions/v1 http://www8.garmin.com/xmlschemas/AdventuresExtensionv1.xsd http://www.garmin.com/xmlschemas/PressureExtension/v1 http://www.garmin.com/xmlschemas/PressureExtensionv1.xsd http://www.garmin.com/xmlschemas/TripExtensions/v1 http://www.garmin.com/xmlschemas/TripExtensionsv1.xsd http://www.garmin.com/xmlschemas/TripMetaDataExtensions/v1 http://www.garmin.com/xmlschemas/TripMetaDataExtensionsv1.xsd http://www.garmin.com/xmlschemas/ViaPointTransportationModeExtensions/v1 http://www.garmin.com/xmlschemas/ViaPointTransportationModeExtensionsv1.xsd http://www.garmin.com/xmlschemas/CreationTimeExtension/v1 http://www.garmin.com/xmlschemas/CreationTimeExtensionsv1.xsd http://www.garmin.com/xmlschemas/AccelerationExtension/v1 http://www.garmin.com/xmlschemas/AccelerationExtensionv1.xsd http://www.garmin.com/xmlschemas/PowerExtension/v1 http://www.garmin.com/xmlschemas/PowerExtensionv1.xsd http://www.garmin.com/xmlschemas/VideoExtension/v1 http://www.garmin.com/xmlschemas/VideoExtensionv1.xsd" xmlns="http://www.topografix.com/GPX/1/1" xmlns:xsi="http://www.w3.org/2001/XMLSchema-instance" xmlns:wptx1="http://www.garmin.com/xmlschemas/WaypointExtension/v1" xmlns:gpxtrx="http://www.garmin.com/xmlschemas/GpxExtensions/v3" xmlns:gpxtpx="http://www.garmin.com/xmlschemas/TrackPointExtension/v1" xmlns:gpxx="http://www.garmin.com/xmlschemas/GpxExtensions/v3" xmlns:trp="http://www.garmin.com/xmlschemas/TripExtensions/v1" xmlns:adv="http://www.garmin.com/xmlschemas/AdventuresExtensions/v1" xmlns:prs="http://www.garmin.com/xmlschemas/PressureExtension/v1" xmlns:tmd="http://www.garmin.com/xmlschemas/TripMetaDataExtensions/v1" xmlns:vptm="http://www.garmin.com/xmlschemas/ViaPointTransportationModeExtensions/v1" xmlns:ctx="http://www.garmin.com/xmlschemas/CreationTimeExtension/v1" xmlns:gpxacc="http://www.garmin.com/xmlschemas/AccelerationExtension/v1" xmlns:gpxpx="http://www.garmin.com/xmlschemas/PowerExtension/v1" xmlns:vidx1="http://www.garmin.com/xmlschemas/VideoExtension/v1">

  <metadata>
    <link href="http://www.garmin.com">
      <text>Garmin International</text>
    </link>
    <time>2021-01-27T13:53:42Z</time>
    <bounds maxlat="61.554811550304294" maxlon="-6.748802997171879" minlat="61.544127641245723" minlon="-6.806963682174683" />
  </metadata>

  <wpt lat="61.547574028372765" lon="-6.788382008671761">
    <ele>24.761344999999999</ele>
    <time>2020-07-18T12:35:54Z</time>
    <name>WP1 02_FR</name>
    <sym>Flag, Blue</sym>
    <type>user</type>
    <extensions>
      <gpxx:WaypointExtension>
        <gpxx:DisplayMode>SymbolAndName</gpxx:DisplayMode>
      </gpxx:WaypointExtension>
      <wptx1:WaypointExtension>
        <wptx1:DisplayMode>SymbolAndName</wptx1:DisplayMode>
      </wptx1:WaypointExtension>
      <ctx:CreationTimeExtension>
        <ctx:CreationTime>2020-07-18T12:35:54Z</ctx:CreationTime>
      </ctx:CreationTimeExtension>
    </extensions>
  </wpt>

  <wpt lat="61.545634958893061" lon="-6.748802997171879">
    <ele>7.32619</ele>
    <time>2020-07-18T13:19:48Z</time>
    <name>WP2 06_FR</name>
    <sym>Flag, Blue</sym>
    <type>user</type>
    <extensions>
      <gpxx:WaypointExtension>
        <gpxx:DisplayMode>SymbolAndName</gpxx:DisplayMode>
      </gpxx:WaypointExtension>
      <wptx1:WaypointExtension>
        <wptx1:DisplayMode>SymbolAndName</wptx1:DisplayMode>
      </wptx1:WaypointExtension>
      <ctx:CreationTimeExtension>
        <ctx:CreationTime>2020-07-18T13:19:48Z</ctx:CreationTime>
      </ctx:CreationTimeExtension>
    </extensions>
  </wpt>

  <wpt lat="61.549893971532583" lon="-6.786850970238447">
    <ele>58.229430999999998</ele>
    <time>2020-07-18T13:47:03Z</time>
    <name>WP3 08_FR</name>
    <sym>Flag, Blue</sym>
    <type>user</type>
    <extensions>
      <gpxx:WaypointExtension>
        <gpxx:DisplayMode>SymbolAndName</gpxx:DisplayMode>
      </gpxx:WaypointExtension>
      <wptx1:WaypointExtension>
        <wptx1:DisplayMode>SymbolAndName</wptx1:DisplayMode>
      </wptx1:WaypointExtension>
      <ctx:CreationTimeExtension>
        <ctx:CreationTime>2020-07-18T13:47:03Z</ctx:CreationTime>
      </ctx:CreationTimeExtension>
    </extensions>
  </wpt>

  <trk>
    <name>26 Rundweg Tvøroyri Frodba CS</name>
    <extensions>
      <gpxx:TrackExtension>
        <gpxx:DisplayColor>Blue</gpxx:DisplayColor>
      </gpxx:TrackExtension>
    </extensions>
    <trkseg>
      <trkpt lat="61.554811550304294" lon="-6.806963682174683">
        <ele>10.390000000000001</ele>
        <time>2020-07-18T11:15:47Z</time>
      </trkpt>
      <trkpt lat="61.554765701293945" lon="-6.806722786277533">
        <ele>9.17</ele>
        <time>2020-07-18T11:16:11Z</time>
      </trkpt>
      <trkpt lat="61.554709961637855" lon="-6.806514160707593">
        <ele>8.93</ele>
        <time>2020-07-18T11:16:18Z</time>
      </trkpt>
      <trkpt lat="61.554665789008141" lon="-6.806315090507269">
        <ele>8.720000000000001</ele>
        <time>2020-07-18T11:16:25Z</time>
      </trkpt>
      <trkpt lat="61.554627818986773" lon="-6.806140411645174">
        <ele>9.279999999999999</ele>
        <time>2020-07-18T11:16:31Z</time>
      </trkpt>
      <trkpt lat="61.554589429870248" lon="-6.80594963952899">
        <ele>9.5</ele>
        <time>2020-07-18T11:16:38Z</time>
      </trkpt>
      <trkpt lat="61.554542072117329" lon="-6.805774373933673">
        <ele>9.75</ele>
        <time>2020-07-18T11:16:44Z</time>
      </trkpt>
      <trkpt lat="61.55447912402451" lon="-6.805601036176086">
        <ele>11.289999999999999</ele>
        <time>2020-07-18T11:16:51Z</time>
      </trkpt>
      <trkpt lat="61.554443249478936" lon="-6.805423423647881">
        <ele>11.27</ele>
        <time>2020-07-18T11:16:58Z</time>
      </trkpt>
      <trkpt lat="61.554390946403146" lon="-6.805254360660911">
        <ele>11.09</ele>
        <time>2020-07-18T11:17:07Z</time>
      </trkpt>
      <trkpt lat="61.55431249178946" lon="-6.805070964619517">
        <ele>11.18</ele>
        <time>2020-07-18T11:17:14Z</time>
      </trkpt>
      <trkpt lat="61.554239150136709" lon="-6.804944481700659">
        <ele>10.41</ele>
        <time>2020-07-18T11:17:20Z</time>
      </trkpt>
      <trkpt lat="61.554167652502656" lon="-6.804808611050248">
        <ele>10.210000000000001</ele>
        <time>2020-07-18T11:17:27Z</time>
      </trkpt>
      <trkpt lat="61.554112415760756" lon="-6.804595459252596">
        <ele>10.57</ele>
        <time>2020-07-18T11:18:52Z</time>
      </trkpt>
      <trkpt lat="61.554023399949074" lon="-6.80441633798182">
        <ele>9.039999999999999</ele>
        <time>2020-07-18T11:18:59Z</time>
      </trkpt>
      <trkpt lat="61.553940251469612" lon="-6.804277030751109">
        <ele>7.73</ele>
        <time>2020-07-18T11:19:05Z</time>
      </trkpt>
      <trkpt lat="61.553855175152421" lon="-6.804145770147443">
        <ele>7.63</ele>
        <time>2020-07-18T11:19:12Z</time>
      </trkpt>
      <trkpt lat="61.553779235109687" lon="-6.804020795971155">
        <ele>7.54</ele>
        <time>2020-07-18T11:19:19Z</time>
      </trkpt>
      <trkpt lat="61.553708575665951" lon="-6.80386858060956">
        <ele>8.130000000000001</ele>
        <time>2020-07-18T11:19:26Z</time>
      </trkpt>
      <trkpt lat="61.553616123273969" lon="-6.80370831862092">
        <ele>8.16</ele>
        <time>2020-07-18T11:19:33Z</time>
      </trkpt>
      <trkpt lat="61.553553929552436" lon="-6.803546128794551">
        <ele>7.82</ele>
        <time>2020-07-18T11:19:39Z</time>
      </trkpt>
      <trkpt lat="61.553487293422222" lon="-6.80336382240057">
        <ele>8.4</ele>
        <time>2020-07-18T11:19:46Z</time>
      </trkpt>
      <trkpt lat="61.553435074165463" lon="-6.803203392773867">
        <ele>8.720000000000001</ele>
        <time>2020-07-18T11:19:53Z</time>
      </trkpt>
      <trkpt lat="61.553375897929072" lon="-6.803017565980554">
        <ele>8.68</ele>
        <time>2020-07-18T11:20:00Z</time>
      </trkpt>
      <trkpt lat="61.553317224606872" lon="-6.802843390032649">
        <ele>8.67</ele>
        <time>2020-07-18T11:20:07Z</time>
      </trkpt>
      <trkpt lat="61.553236171603203" lon="-6.80268413387239">
        <ele>8.27</ele>
        <time>2020-07-18T11:20:14Z</time>
      </trkpt>
      <trkpt lat="61.553156962618232" lon="-6.802521022036672">
        <ele>9.27</ele>
        <time>2020-07-18T11:20:21Z</time>
      </trkpt>
      <trkpt lat="61.553078256547451" lon="-6.802380960434675">
        <ele>9.1</ele>
        <time>2020-07-18T11:20:27Z</time>
      </trkpt>
      <trkpt lat="61.553008435294032" lon="-6.802213825285435">
        <ele>9.48</ele>
        <time>2020-07-18T11:20:33Z</time>
      </trkpt>
      <trkpt lat="61.552945822477341" lon="-6.802039900794625">
        <ele>9.460000000000001</ele>
        <time>2020-07-18T11:20:40Z</time>
      </trkpt>
      <trkpt lat="61.552883125841618" lon="-6.801866814494133">
        <ele>10.029999999999999</ele>
        <time>2020-07-18T11:20:47Z</time>
      </trkpt>
      <trkpt lat="61.552823446691036" lon="-6.80167025886476">
        <ele>10.460000000000001</ele>
        <time>2020-07-18T11:20:54Z</time>
      </trkpt>
      <trkpt lat="61.552762426435947" lon="-6.801498346030712">
        <ele>10.74</ele>
        <time>2020-07-18T11:21:01Z</time>
      </trkpt>
      <trkpt lat="61.552698221057653" lon="-6.801323583349586">
        <ele>10.539999999999999</ele>
        <time>2020-07-18T11:21:08Z</time>
      </trkpt>
      <trkpt lat="61.552638961002231" lon="-6.801179079338908">
        <ele>11.83</ele>
        <time>2020-07-18T11:21:15Z</time>
      </trkpt>
      <trkpt lat="61.552580371499062" lon="-6.800978668034077">
        <ele>10.74</ele>
        <time>2020-07-18T11:21:23Z</time>
      </trkpt>
      <trkpt lat="61.552502755075693" lon="-6.800773311406374">
        <ele>10.32</ele>
        <time>2020-07-18T11:21:30Z</time>
      </trkpt>
      <trkpt lat="61.552429413422942" lon="-6.800578851252794">
        <ele>9.949999999999999</ele>
        <time>2020-07-18T11:21:37Z</time>
      </trkpt>
      <trkpt lat="61.552356574684381" lon="-6.800397885963321">
        <ele>9.73</ele>
        <time>2020-07-18T11:21:44Z</time>
      </trkpt>
      <trkpt lat="61.552284406498075" lon="-6.800236366689205">
        <ele>9.060000000000001</ele>
        <time>2020-07-18T11:21:51Z</time>
      </trkpt>
      <trkpt lat="61.552205616608262" lon="-6.800050036981702">
        <ele>9.07</ele>
        <time>2020-07-18T11:21:58Z</time>
      </trkpt>
      <trkpt lat="61.552145266905427" lon="-6.799882231280208">
        <ele>8.470000000000001</ele>
        <time>2020-07-18T11:22:04Z</time>
      </trkpt>
      <trkpt lat="61.552076954394579" lon="-6.799683831632137">
        <ele>7.98</ele>
        <time>2020-07-18T11:22:11Z</time>
      </trkpt>
      <trkpt lat="61.55200713314116" lon="-6.799501273781061">
        <ele>8.220000000000001</ele>
        <time>2020-07-18T11:22:18Z</time>
      </trkpt>
      <trkpt lat="61.55194653198123" lon="-6.799349142238498">
        <ele>7.75</ele>
        <time>2020-07-18T11:22:24Z</time>
      </trkpt>
      <trkpt lat="61.551890959963202" lon="-6.799201117828488">
        <ele>7.72</ele>
        <time>2020-07-18T11:22:30Z</time>
      </trkpt>
      <trkpt lat="61.551823988556862" lon="-6.799042783677578">
        <ele>7.59</ele>
        <time>2020-07-18T11:22:37Z</time>
      </trkpt>
      <trkpt lat="61.551784258335829" lon="-6.79885670542717">
        <ele>7.15</ele>
        <time>2020-07-18T11:22:44Z</time>
      </trkpt>
      <trkpt lat="61.551628606393933" lon="-6.798568451777101">
        <ele>-1.65</ele>
        <time>2020-07-18T12:28:43Z</time>
      </trkpt>
      <trkpt lat="61.551562305539846" lon="-6.798379104584456">
        <ele>-0.88</ele>
        <time>2020-07-18T12:28:50Z</time>
      </trkpt>
      <trkpt lat="61.551497429609299" lon="-6.798212807625532">
        <ele>-1.05</ele>
        <time>2020-07-18T12:28:56Z</time>
      </trkpt>
      <trkpt lat="61.551451245322824" lon="-6.798021616414189">
        <ele>-0.14</ele>
        <time>2020-07-18T12:29:03Z</time>
      </trkpt>
      <trkpt lat="61.551384860649705" lon="-6.797865377739072">
        <ele>-0.11</ele>
        <time>2020-07-18T12:29:10Z</time>
      </trkpt>
      <trkpt lat="61.551312524825335" lon="-6.797720706090331">
        <ele>0.58</ele>
        <time>2020-07-18T12:29:16Z</time>
      </trkpt>
      <trkpt lat="61.551247481256723" lon="-6.797562958672643">
        <ele>-0.06</ele>
        <time>2020-07-18T12:29:24Z</time>
      </trkpt>
      <trkpt lat="61.551189729943871" lon="-6.797409150749445">
        <ele>0.06</ele>
        <time>2020-07-18T12:29:30Z</time>
      </trkpt>
      <trkpt lat="61.551141031086445" lon="-6.797248721122742">
        <ele>0.41</ele>
        <time>2020-07-18T12:29:36Z</time>
      </trkpt>
      <trkpt lat="61.551094427704811" lon="-6.79707856848836">
        <ele>1.35</ele>
        <time>2020-07-18T12:29:43Z</time>
      </trkpt>
      <trkpt lat="61.551013542339206" lon="-6.796914953738451">
        <ele>1.29</ele>
        <time>2020-07-18T12:29:50Z</time>
      </trkpt>
      <trkpt lat="61.550946068018675" lon="-6.796744633466005">
        <ele>1.91</ele>
        <time>2020-07-18T12:29:58Z</time>
      </trkpt>
      <trkpt lat="61.550863590091467" lon="-6.79656894877553">
        <ele>2.02</ele>
        <time>2020-07-18T12:30:06Z</time>
      </trkpt>
      <trkpt lat="61.550793349742889" lon="-6.796398879960179">
        <ele>1.94</ele>
        <time>2020-07-18T12:30:12Z</time>
      </trkpt>
      <trkpt lat="61.550729395821691" lon="-6.796216070652008">
        <ele>2.63</ele>
        <time>2020-07-18T12:30:18Z</time>
      </trkpt>
      <trkpt lat="61.550671895965934" lon="-6.796068046241999">
        <ele>2.97</ele>
        <time>2020-07-18T12:30:25Z</time>
      </trkpt>
      <trkpt lat="61.550621520727873" lon="-6.795910550281405">
        <ele>3.95</ele>
        <time>2020-07-18T12:30:32Z</time>
      </trkpt>
      <trkpt lat="61.550558153539896" lon="-6.795748611912131">
        <ele>4.93</ele>
        <time>2020-07-18T12:30:39Z</time>
      </trkpt>
      <trkpt lat="61.55048212967813" lon="-6.795576028525829">
        <ele>5.56</ele>
        <time>2020-07-18T12:30:47Z</time>
      </trkpt>
      <trkpt lat="61.55041666701436" lon="-6.795396655797958">
        <ele>6.11</ele>
        <time>2020-07-18T12:30:55Z</time>
      </trkpt>
      <trkpt lat="61.55034676194191" lon="-6.795219965279102">
        <ele>6.74</ele>
        <time>2020-07-18T12:31:03Z</time>
      </trkpt>
      <trkpt lat="61.550279371440411" lon="-6.795034138485789">
        <ele>7.27</ele>
        <time>2020-07-18T12:31:10Z</time>
      </trkpt>
      <trkpt lat="61.550219692289829" lon="-6.794884353876114">
        <ele>8.01</ele>
        <time>2020-07-18T12:31:16Z</time>
      </trkpt>
      <trkpt lat="61.550152050331235" lon="-6.794726941734552">
        <ele>8.94</ele>
        <time>2020-07-18T12:31:23Z</time>
      </trkpt>
      <trkpt lat="61.550097903236747" lon="-6.794524267315865">
        <ele>9.539999999999999</ele>
        <time>2020-07-18T12:31:31Z</time>
      </trkpt>
      <trkpt lat="61.550035960972309" lon="-6.794330393895507">
        <ele>10.35</ele>
        <time>2020-07-18T12:31:38Z</time>
      </trkpt>
      <trkpt lat="61.549972090870142" lon="-6.794144064188004">
        <ele>10.619999999999999</ele>
        <time>2020-07-18T12:31:45Z</time>
      </trkpt>
      <trkpt lat="61.549921464174986" lon="-6.793974246829748">
        <ele>10.859999999999999</ele>
        <time>2020-07-18T12:31:52Z</time>
      </trkpt>
      <trkpt lat="61.549841249361634" lon="-6.793832676485181">
        <ele>11.49</ele>
        <time>2020-07-18T12:31:59Z</time>
      </trkpt>
      <trkpt lat="61.549772266298532" lon="-6.793663110584021">
        <ele>12.300000000000001</ele>
        <time>2020-07-18T12:32:07Z</time>
      </trkpt>
      <trkpt lat="61.549706133082509" lon="-6.793508380651474">
        <ele>14.289999999999999</ele>
        <time>2020-07-18T12:32:14Z</time>
      </trkpt>
      <trkpt lat="61.549644945189357" lon="-6.793331522494555">
        <ele>14.74</ele>
        <time>2020-07-18T12:32:22Z</time>
      </trkpt>
      <trkpt lat="61.54957914724946" lon="-6.793176122009754">
        <ele>15.869999999999999</ele>
        <time>2020-07-18T12:32:29Z</time>
      </trkpt>
      <trkpt lat="61.549520306289196" lon="-6.793023655191064">
        <ele>17.489999999999998</ele>
        <time>2020-07-18T12:32:36Z</time>
      </trkpt>
      <trkpt lat="61.549456436187029" lon="-6.792853754013777">
        <ele>19.109999999999999</ele>
        <time>2020-07-18T12:32:43Z</time>
      </trkpt>
      <trkpt lat="61.549380412325263" lon="-6.792703131213784">
        <ele>20.129999999999999</ele>
        <time>2020-07-18T12:32:51Z</time>
      </trkpt>
      <trkpt lat="61.549303466454148" lon="-6.792545886710286">
        <ele>19.789999999999999</ele>
        <time>2020-07-18T12:32:59Z</time>
      </trkpt>
      <trkpt lat="61.549224006012082" lon="-6.792396940290928">
        <ele>21.25</ele>
        <time>2020-07-18T12:33:06Z</time>
      </trkpt>
      <trkpt lat="61.549157202243805" lon="-6.792226368561387">
        <ele>22.260000000000002</ele>
        <time>2020-07-18T12:33:13Z</time>
      </trkpt>
      <trkpt lat="61.549097690731287" lon="-6.792041966691613">
        <ele>21.239999999999998</ele>
        <time>2020-07-18T12:33:20Z</time>
      </trkpt>
      <trkpt lat="61.549036419019103" lon="-6.791884889826179">
        <ele>21.059999999999999</ele>
        <time>2020-07-18T12:33:26Z</time>
      </trkpt>
      <trkpt lat="61.548978080973029" lon="-6.791716832667589">
        <ele>20.09</ele>
        <time>2020-07-18T12:33:32Z</time>
      </trkpt>
      <trkpt lat="61.548922676593065" lon="-6.791548188775778">
        <ele>20.190000000000001</ele>
        <time>2020-07-18T12:33:38Z</time>
      </trkpt>
      <trkpt lat="61.548874229192734" lon="-6.791392033919692">
        <ele>19.920000000000002</ele>
        <time>2020-07-18T12:33:44Z</time>
      </trkpt>
      <trkpt lat="61.548819914460182" lon="-6.791226910427213">
        <ele>19.5</ele>
        <time>2020-07-18T12:33:51Z</time>
      </trkpt>
      <trkpt lat="61.548762582242489" lon="-6.791061200201511">
        <ele>20.879999999999999</ele>
        <time>2020-07-18T12:33:58Z</time>
      </trkpt>
      <trkpt lat="61.548688653856516" lon="-6.790916947647929">
        <ele>20.699999999999999</ele>
        <time>2020-07-18T12:34:05Z</time>
      </trkpt>
      <trkpt lat="61.548628639429808" lon="-6.790756601840258">
        <ele>20.100000000000001</ele>
        <time>2020-07-18T12:34:11Z</time>
      </trkpt>
      <trkpt lat="61.548569882288575" lon="-6.790591897442937">
        <ele>18.629999999999999</ele>
        <time>2020-07-18T12:34:17Z</time>
      </trkpt>
      <trkpt lat="61.548506263643503" lon="-6.79043130017817">
        <ele>20.800000000000001</ele>
        <time>2020-07-18T12:34:24Z</time>
      </trkpt>
      <trkpt lat="61.548437783494592" lon="-6.790259219706059">
        <ele>20.649999999999999</ele>
        <time>2020-07-18T12:34:31Z</time>
      </trkpt>
      <trkpt lat="61.548376595601439" lon="-6.790102226659656">
        <ele>20.850000000000001</ele>
        <time>2020-07-18T12:34:38Z</time>
      </trkpt>
      <trkpt lat="61.548320185393095" lon="-6.789941629394889">
        <ele>21.280000000000001</ele>
        <time>2020-07-18T12:34:44Z</time>
      </trkpt>
      <trkpt lat="61.548259751871228" lon="-6.789779523387551">
        <ele>21.190000000000001</ele>
        <time>2020-07-18T12:34:51Z</time>
      </trkpt>
      <trkpt lat="61.548194205388427" lon="-6.789616076275706">
        <ele>22.149999999999999</ele>
        <time>2020-07-18T12:34:58Z</time>
      </trkpt>
      <trkpt lat="61.548130000010133" lon="-6.789461681619287">
        <ele>22.57</ele>
        <time>2020-07-18T12:35:05Z</time>
      </trkpt>
      <trkpt lat="61.548066968098283" lon="-6.789323631674051">
        <ele>23.010000000000002</ele>
        <time>2020-07-18T12:35:11Z</time>
      </trkpt>
      <trkpt lat="61.548007372766733" lon="-6.789182228967547">
        <ele>23.969999999999999</ele>
        <time>2020-07-18T12:35:17Z</time>
      </trkpt>
      <trkpt lat="61.547934534028172" lon="-6.789024481549859">
        <ele>23.48</ele>
        <time>2020-07-18T12:35:24Z</time>
      </trkpt>
      <trkpt lat="61.547858258709311" lon="-6.788898417726159">
        <ele>24.120000000000001</ele>
        <time>2020-07-18T12:35:30Z</time>
      </trkpt>
      <trkpt lat="61.547782737761736" lon="-6.788768162950873">
        <ele>23.800000000000001</ele>
        <time>2020-07-18T12:35:37Z</time>
      </trkpt>
      <trkpt lat="61.547708725556731" lon="-6.78863019682467">
        <ele>24.370000000000001</ele>
        <time>2020-07-18T12:35:43Z</time>
      </trkpt>
      <trkpt lat="61.547634797170758" lon="-6.788477394729853">
        <ele>24.629999999999999</ele>
        <time>2020-07-18T12:35:49Z</time>
      </trkpt>
      <trkpt lat="61.54755424708128" lon="-6.788353761658073">
        <ele>24.75</ele>
        <time>2020-07-18T12:35:56Z</time>
      </trkpt>
      <trkpt lat="61.547481743618846" lon="-6.788229206576943">
        <ele>25.800000000000001</ele>
        <time>2020-07-18T12:36:03Z</time>
      </trkpt>
      <trkpt lat="61.547401864081621" lon="-6.788085792213678">
        <ele>25.890000000000001</ele>
        <time>2020-07-18T12:36:10Z</time>
      </trkpt>
      <trkpt lat="61.547317709773779" lon="-6.787965595722199">
        <ele>25.48</ele>
        <time>2020-07-18T12:36:17Z</time>
      </trkpt>
      <trkpt lat="61.547240847721696" lon="-6.787840873003006">
        <ele>25.66</ele>
        <time>2020-07-18T12:36:23Z</time>
      </trkpt>
      <trkpt lat="61.547164069488645" lon="-6.787712378427386">
        <ele>23.350000000000001</ele>
        <time>2020-07-18T12:36:29Z</time>
      </trkpt>
      <trkpt lat="61.547094667330384" lon="-6.787551697343588">
        <ele>22.280000000000001</ele>
        <time>2020-07-18T12:36:35Z</time>
      </trkpt>
      <trkpt lat="61.547018811106682" lon="-6.787437032908201">
        <ele>22.390000000000001</ele>
        <time>2020-07-18T12:36:41Z</time>
      </trkpt>
      <trkpt lat="61.54693809337914" lon="-6.78730309009552">
        <ele>21.780000000000001</ele>
        <time>2020-07-18T12:36:48Z</time>
      </trkpt>
      <trkpt lat="61.54686919413507" lon="-6.787173757329583">
        <ele>20.699999999999999</ele>
        <time>2020-07-18T12:36:54Z</time>
      </trkpt>
      <trkpt lat="61.546809766441584" lon="-6.787025481462479">
        <ele>20.969999999999999</ele>
        <time>2020-07-18T12:37:00Z</time>
      </trkpt>
      <trkpt lat="61.546744555234909" lon="-6.786866812035441">
        <ele>21.34</ele>
        <time>2020-07-18T12:37:07Z</time>
      </trkpt>
      <trkpt lat="61.546672722324729" lon="-6.786704203113914">
        <ele>21.300000000000001</ele>
        <time>2020-07-18T12:37:14Z</time>
      </trkpt>
      <trkpt lat="61.546609103679657" lon="-6.786530613899231">
        <ele>21.260000000000002</ele>
        <time>2020-07-18T12:37:20Z</time>
      </trkpt>
      <trkpt lat="61.546550681814551" lon="-6.786371693015099">
        <ele>22.140000000000001</ele>
        <time>2020-07-18T12:37:26Z</time>
      </trkpt>
      <trkpt lat="61.546497037634254" lon="-6.786185866221786">
        <ele>21.550000000000001</ele>
        <time>2020-07-18T12:37:33Z</time>
      </trkpt>
      <trkpt lat="61.546448841691017" lon="-6.786013282835484">
        <ele>20.719999999999999</ele>
        <time>2020-07-18T12:37:40Z</time>
      </trkpt>
      <trkpt lat="61.546406932175159" lon="-6.785828126594424">
        <ele>20.68</ele>
        <time>2020-07-18T12:37:47Z</time>
      </trkpt>
      <trkpt lat="61.546358903869987" lon="-6.785614136606455">
        <ele>20.300000000000001</ele>
        <time>2020-07-18T12:37:53Z</time>
      </trkpt>
      <trkpt lat="61.546315820887685" lon="-6.785428980365396">
        <ele>19.780000000000001</ele>
        <time>2020-07-18T12:37:59Z</time>
      </trkpt>
      <trkpt lat="61.546274749562144" lon="-6.785232927650213">
        <ele>20.170000000000002</ele>
        <time>2020-07-18T12:38:06Z</time>
      </trkpt>
      <trkpt lat="61.546228313818574" lon="-6.785036623477936">
        <ele>19.73</ele>
        <time>2020-07-18T12:38:13Z</time>
      </trkpt>
      <trkpt lat="61.546200318261981" lon="-6.784845516085625">
        <ele>19.629999999999999</ele>
        <time>2020-07-18T12:38:19Z</time>
      </trkpt>
      <trkpt lat="61.546161593869328" lon="-6.784643512219191">
        <ele>20.07</ele>
        <time>2020-07-18T12:38:25Z</time>
      </trkpt>
      <trkpt lat="61.546122785657644" lon="-6.784445615485311">
        <ele>19.809999999999999</ele>
        <time>2020-07-18T12:38:31Z</time>
      </trkpt>
      <trkpt lat="61.546094957739115" lon="-6.784273283556104">
        <ele>19.18</ele>
        <time>2020-07-18T12:38:37Z</time>
      </trkpt>
      <trkpt lat="61.546055311337113" lon="-6.784093910828233">
        <ele>18.25</ele>
        <time>2020-07-18T12:38:44Z</time>
      </trkpt>
      <trkpt lat="61.546021029353142" lon="-6.783900624141097">
        <ele>18.370000000000001</ele>
        <time>2020-07-18T12:38:51Z</time>
      </trkpt>
      <trkpt lat="61.545981047675014" lon="-6.783699709922075">
        <ele>17.920000000000002</ele>
        <time>2020-07-18T12:38:57Z</time>
      </trkpt>
      <trkpt lat="61.545946346595883" lon="-6.783524695783854">
        <ele>18.23</ele>
        <time>2020-07-18T12:39:03Z</time>
      </trkpt>
      <trkpt lat="61.545905862003565" lon="-6.783328810706735">
        <ele>17.920000000000002</ele>
        <time>2020-07-18T12:39:10Z</time>
      </trkpt>
      <trkpt lat="61.545879207551479" lon="-6.78313510492444">
        <ele>17.620000000000001</ele>
        <time>2020-07-18T12:39:17Z</time>
      </trkpt>
      <trkpt lat="61.545845679938793" lon="-6.7829161696136">
        <ele>17.440000000000001</ele>
        <time>2020-07-18T12:39:24Z</time>
      </trkpt>
      <trkpt lat="61.545819947496057" lon="-6.782730342820287">
        <ele>16.940000000000001</ele>
        <time>2020-07-18T12:39:30Z</time>
      </trkpt>
      <trkpt lat="61.545786084607244" lon="-6.782520711421967">
        <ele>16.559999999999999</ele>
        <time>2020-07-18T12:39:36Z</time>
      </trkpt>
      <trkpt lat="61.545762866735458" lon="-6.78231954574585">
        <ele>15.85</ele>
        <time>2020-07-18T12:39:43Z</time>
      </trkpt>
      <trkpt lat="61.545740570873022" lon="-6.782101029530168">
        <ele>16.129999999999999</ele>
        <time>2020-07-18T12:39:50Z</time>
      </trkpt>
      <trkpt lat="61.545739732682705" lon="-6.781910844147205">
        <ele>16.199999999999999</ele>
        <time>2020-07-18T12:39:56Z</time>
      </trkpt>
      <trkpt lat="61.545752389356494" lon="-6.781721664592624">
        <ele>15.91</ele>
        <time>2020-07-18T12:40:02Z</time>
      </trkpt>
      <trkpt lat="61.545775439590216" lon="-6.781520331278443">
        <ele>15.66</ele>
        <time>2020-07-18T12:40:08Z</time>
      </trkpt>
      <trkpt lat="61.545801507309079" lon="-6.781324278563261">
        <ele>15.789999999999999</ele>
        <time>2020-07-18T12:40:15Z</time>
      </trkpt>
      <trkpt lat="61.545808464288712" lon="-6.781124286353588">
        <ele>16.190000000000001</ele>
        <time>2020-07-18T12:40:21Z</time>
      </trkpt>
      <trkpt lat="61.545830341055989" lon="-6.780948098748922">
        <ele>16.539999999999999</ele>
        <time>2020-07-18T12:40:27Z</time>
      </trkpt>
      <trkpt lat="61.545877028256655" lon="-6.780749950557947">
        <ele>15.18</ele>
        <time>2020-07-18T12:40:33Z</time>
      </trkpt>
      <trkpt lat="61.545941568911076" lon="-6.780604021623731">
        <ele>14.98</ele>
        <time>2020-07-18T12:40:39Z</time>
      </trkpt>
      <trkpt lat="61.54599160887301" lon="-6.780430851504207">
        <ele>14.26</ele>
        <time>2020-07-18T12:40:46Z</time>
      </trkpt>
      <trkpt lat="61.546046426519752" lon="-6.780239660292864">
        <ele>13.42</ele>
        <time>2020-07-18T12:40:53Z</time>
      </trkpt>
      <trkpt lat="61.546127982437611" lon="-6.780103370547295">
        <ele>12.869999999999999</ele>
        <time>2020-07-18T12:41:00Z</time>
      </trkpt>
      <trkpt lat="61.54619880951941" lon="-6.779951239004731">
        <ele>12.279999999999999</ele>
        <time>2020-07-18T12:41:06Z</time>
      </trkpt>
      <trkpt lat="61.546262511983514" lon="-6.779765747487545">
        <ele>11.82</ele>
        <time>2020-07-18T12:41:13Z</time>
      </trkpt>
      <trkpt lat="61.546320179477334" lon="-6.779599785804749">
        <ele>11.4</ele>
        <time>2020-07-18T12:41:19Z</time>
      </trkpt>
      <trkpt lat="61.546397544443607" lon="-6.779444552958012">
        <ele>10.119999999999999</ele>
        <time>2020-07-18T12:41:26Z</time>
      </trkpt>
      <trkpt lat="61.546475915238261" lon="-6.779305078089237">
        <ele>9.810000000000001</ele>
        <time>2020-07-18T12:41:32Z</time>
      </trkpt>
      <trkpt lat="61.546531654894352" lon="-6.779131572693586">
        <ele>9.720000000000001</ele>
        <time>2020-07-18T12:41:39Z</time>
      </trkpt>
      <trkpt lat="61.546591585502028" lon="-6.778979860246182">
        <ele>9.66</ele>
        <time>2020-07-18T12:41:46Z</time>
      </trkpt>
      <trkpt lat="61.546668112277985" lon="-6.778832087293267">
        <ele>9</ele>
        <time>2020-07-18T12:41:53Z</time>
      </trkpt>
      <trkpt lat="61.546725109219551" lon="-6.77865338511765">
        <ele>9.369999999999999</ele>
        <time>2020-07-18T12:41:59Z</time>
      </trkpt>
      <trkpt lat="61.546782776713371" lon="-6.778499241918325">
        <ele>9.5</ele>
        <time>2020-07-18T12:42:05Z</time>
      </trkpt>
      <trkpt lat="61.546849412843585" lon="-6.77833235822618">
        <ele>10.73</ele>
        <time>2020-07-18T12:42:12Z</time>
      </trkpt>
      <trkpt lat="61.546907834708691" lon="-6.778177712112665">
        <ele>10.23</ele>
        <time>2020-07-18T12:42:19Z</time>
      </trkpt>
      <trkpt lat="61.546980002894998" lon="-6.77799079567194">
        <ele>10.630000000000001</ele>
        <time>2020-07-18T12:42:26Z</time>
      </trkpt>
      <trkpt lat="61.547038927674294" lon="-6.777821565046907">
        <ele>10.57</ele>
        <time>2020-07-18T12:42:33Z</time>
      </trkpt>
      <trkpt lat="61.547109503298998" lon="-6.777675468474627">
        <ele>11.43</ele>
        <time>2020-07-18T12:42:40Z</time>
      </trkpt>
      <trkpt lat="61.54717555269599" lon="-6.777530293911696">
        <ele>12.460000000000001</ele>
        <time>2020-07-18T12:42:47Z</time>
      </trkpt>
      <trkpt lat="61.547233387827873" lon="-6.777362320572138">
        <ele>12.83</ele>
        <time>2020-07-18T12:42:54Z</time>
      </trkpt>
      <trkpt lat="61.547295330092311" lon="-6.777207255363464">
        <ele>13.210000000000001</ele>
        <time>2020-07-18T12:43:02Z</time>
      </trkpt>
      <trkpt lat="61.547361547127366" lon="-6.777015142142773">
        <ele>13.01</ele>
        <time>2020-07-18T12:43:09Z</time>
      </trkpt>
      <trkpt lat="61.547413347288966" lon="-6.776834176853299">
        <ele>12.57</ele>
        <time>2020-07-18T12:43:16Z</time>
      </trkpt>
      <trkpt lat="61.547461207956076" lon="-6.776628904044628">
        <ele>11.66</ele>
        <time>2020-07-18T12:43:23Z</time>
      </trkpt>
      <trkpt lat="61.547495406121016" lon="-6.776425642892718">
        <ele>11.34</ele>
        <time>2020-07-18T12:43:29Z</time>
      </trkpt>
      <trkpt lat="61.54752055183053" lon="-6.776216514408588">
        <ele>10.69</ele>
        <time>2020-07-18T12:43:35Z</time>
      </trkpt>
      <trkpt lat="61.547519797459245" lon="-6.775985592976213">
        <ele>10.390000000000001</ele>
        <time>2020-07-18T12:43:42Z</time>
      </trkpt>
      <trkpt lat="61.547544272616506" lon="-6.775768417865038">
        <ele>9.109999999999999</ele>
        <time>2020-07-18T12:43:49Z</time>
      </trkpt>
      <trkpt lat="61.547542428597808" lon="-6.775552080944181">
        <ele>9.130000000000001</ele>
        <time>2020-07-18T12:43:55Z</time>
      </trkpt>
      <trkpt lat="61.547526502981782" lon="-6.775341778993607">
        <ele>8.98</ele>
        <time>2020-07-18T12:44:01Z</time>
      </trkpt>
      <trkpt lat="61.547499177977443" lon="-6.775132147595286">
        <ele>8.57</ele>
        <time>2020-07-18T12:44:08Z</time>
      </trkpt>
      <trkpt lat="61.547450982034206" lon="-6.774931568652391">
        <ele>8.83</ele>
        <time>2020-07-18T12:44:15Z</time>
      </trkpt>
      <trkpt lat="61.54739985242486" lon="-6.774748843163252">
        <ele>8.550000000000001</ele>
        <time>2020-07-18T12:44:22Z</time>
      </trkpt>
      <trkpt lat="61.547370264306664" lon="-6.774696875363588">
        <ele>8.949999999999999</ele>
        <time>2020-07-18T12:45:09Z</time>
      </trkpt>
      <trkpt lat="61.54735148884356" lon="-6.774497469887137">
        <ele>9.35</ele>
        <time>2020-07-18T12:46:22Z</time>
      </trkpt>
      <trkpt lat="61.547293486073613" lon="-6.774314744397998">
        <ele>9.75</ele>
        <time>2020-07-18T12:46:29Z</time>
      </trkpt>
      <trkpt lat="61.547242440283298" lon="-6.774139227345586">
        <ele>8.779999999999999</ele>
        <time>2020-07-18T12:46:36Z</time>
      </trkpt>
      <trkpt lat="61.547195082530379" lon="-6.773953652009368">
        <ele>9.060000000000001</ele>
        <time>2020-07-18T12:46:43Z</time>
      </trkpt>
      <trkpt lat="61.547137666493654" lon="-6.773771932348609">
        <ele>9.94</ele>
        <time>2020-07-18T12:46:50Z</time>
      </trkpt>
      <trkpt lat="61.547090392559767" lon="-6.773604210466147">
        <ele>10.43</ele>
        <time>2020-07-18T12:46:57Z</time>
      </trkpt>
      <trkpt lat="61.547042364254594" lon="-6.773438667878509">
        <ele>10.58</ele>
        <time>2020-07-18T12:47:03Z</time>
      </trkpt>
      <trkpt lat="61.546987295150757" lon="-6.773236664012075">
        <ele>10.470000000000001</ele>
        <time>2020-07-18T12:47:10Z</time>
      </trkpt>
      <trkpt lat="61.546940272673965" lon="-6.773037258535624">
        <ele>11.23</ele>
        <time>2020-07-18T12:47:17Z</time>
      </trkpt>
      <trkpt lat="61.546886460855603" lon="-6.772839026525617">
        <ele>11.69</ele>
        <time>2020-07-18T12:47:24Z</time>
      </trkpt>
      <trkpt lat="61.546836253255606" lon="-6.772667029872537">
        <ele>12.31</ele>
        <time>2020-07-18T12:47:31Z</time>
      </trkpt>
      <trkpt lat="61.546780010685325" lon="-6.7724927701056">
        <ele>12.84</ele>
        <time>2020-07-18T12:47:38Z</time>
      </trkpt>
      <trkpt lat="61.546721672639251" lon="-6.772325551137328">
        <ele>13.06</ele>
        <time>2020-07-18T12:47:45Z</time>
      </trkpt>
      <trkpt lat="61.546680266037583" lon="-6.772142071276903">
        <ele>13.32</ele>
        <time>2020-07-18T12:47:53Z</time>
      </trkpt>
      <trkpt lat="61.546624694019556" lon="-6.771957501769066">
        <ele>13.960000000000001</ele>
        <time>2020-07-18T12:48:00Z</time>
      </trkpt>
      <trkpt lat="61.546575324609876" lon="-6.771780475974083">
        <ele>14.43</ele>
        <time>2020-07-18T12:48:06Z</time>
      </trkpt>
      <trkpt lat="61.546513885259628" lon="-6.771567827090621">
        <ele>15.25</ele>
        <time>2020-07-18T12:48:13Z</time>
      </trkpt>
      <trkpt lat="61.54645730741322" lon="-6.771373366937041">
        <ele>15.85</ele>
        <time>2020-07-18T12:48:20Z</time>
      </trkpt>
      <trkpt lat="61.546404585242271" lon="-6.771208411082625">
        <ele>16.170000000000002</ele>
        <time>2020-07-18T12:48:26Z</time>
      </trkpt>
      <trkpt lat="61.546351443976164" lon="-6.771026942878962">
        <ele>15.91</ele>
        <time>2020-07-18T12:48:33Z</time>
      </trkpt>
      <trkpt lat="61.546310624107718" lon="-6.770861567929387">
        <ele>15.880000000000001</ele>
        <time>2020-07-18T12:48:39Z</time>
      </trkpt>
      <trkpt lat="61.546271061524749" lon="-6.770669035613537">
        <ele>15.25</ele>
        <time>2020-07-18T12:48:46Z</time>
      </trkpt>
      <trkpt lat="61.546230912208557" lon="-6.770501732826233">
        <ele>15.07</ele>
        <time>2020-07-18T12:48:51Z</time>
      </trkpt>
      <trkpt lat="61.546191936358809" lon="-6.770319007337093">
        <ele>14.57</ele>
        <time>2020-07-18T12:48:58Z</time>
      </trkpt>
      <trkpt lat="61.546156397089362" lon="-6.770135527476668">
        <ele>13.949999999999999</ele>
        <time>2020-07-18T12:49:04Z</time>
      </trkpt>
      <trkpt lat="61.546112392097712" lon="-6.769951628521085">
        <ele>13.77</ele>
        <time>2020-07-18T12:49:11Z</time>
      </trkpt>
      <trkpt lat="61.54608104377985" lon="-6.769775608554483">
        <ele>13.48</ele>
        <time>2020-07-18T12:49:21Z</time>
      </trkpt>
      <trkpt lat="61.546059502288699" lon="-6.769548123702407">
        <ele>13.609999999999999</ele>
        <time>2020-07-18T12:49:31Z</time>
      </trkpt>
      <trkpt lat="61.546003259718418" lon="-6.769350897520781">
        <ele>12.58</ele>
        <time>2020-07-18T12:50:02Z</time>
      </trkpt>
      <trkpt lat="61.545965792611241" lon="-6.769155515357852">
        <ele>12.49</ele>
        <time>2020-07-18T12:50:09Z</time>
      </trkpt>
      <trkpt lat="61.545938802883029" lon="-6.768953260034323">
        <ele>12.77</ele>
        <time>2020-07-18T12:50:16Z</time>
      </trkpt>
      <trkpt lat="61.545917093753815" lon="-6.768737258389592">
        <ele>12.880000000000001</ele>
        <time>2020-07-18T12:50:23Z</time>
      </trkpt>
      <trkpt lat="61.545886248350143" lon="-6.768532320857048">
        <ele>13.17</ele>
        <time>2020-07-18T12:50:30Z</time>
      </trkpt>
      <trkpt lat="61.545858420431614" lon="-6.768320677801967">
        <ele>13.44</ele>
        <time>2020-07-18T12:50:38Z</time>
      </trkpt>
      <trkpt lat="61.545825647190213" lon="-6.768096797168255">
        <ele>12.880000000000001</ele>
        <time>2020-07-18T12:50:45Z</time>
      </trkpt>
      <trkpt lat="61.545793879777193" lon="-6.767874341458082">
        <ele>13.24</ele>
        <time>2020-07-18T12:50:52Z</time>
      </trkpt>
      <trkpt lat="61.545760184526443" lon="-6.767671164125204">
        <ele>13.300000000000001</ele>
        <time>2020-07-18T12:50:59Z</time>
      </trkpt>
      <trkpt lat="61.54571651481092" lon="-6.767467483878136">
        <ele>13.94</ele>
        <time>2020-07-18T12:51:06Z</time>
      </trkpt>
      <trkpt lat="61.54567644931376" lon="-6.767246453091502">
        <ele>14.890000000000001</ele>
        <time>2020-07-18T12:51:13Z</time>
      </trkpt>
      <trkpt lat="61.54563931748271" lon="-6.76704989746213">
        <ele>15.19</ele>
        <time>2020-07-18T12:51:20Z</time>
      </trkpt>
      <trkpt lat="61.545599419623613" lon="-6.766874128952622">
        <ele>16.41</ele>
        <time>2020-07-18T12:51:27Z</time>
      </trkpt>
      <trkpt lat="61.54555625282228" lon="-6.766676483675838">
        <ele>17.73</ele>
        <time>2020-07-18T12:51:34Z</time>
      </trkpt>
      <trkpt lat="61.545562455430627" lon="-6.766474479809403">
        <ele>18.859999999999999</ele>
        <time>2020-07-18T12:51:42Z</time>
      </trkpt>
      <trkpt lat="61.545550553128123" lon="-6.766248503699899">
        <ele>19.780000000000001</ele>
        <time>2020-07-18T12:51:55Z</time>
      </trkpt>
      <trkpt lat="61.545517779886723" lon="-6.766038704663515">
        <ele>24.68</ele>
        <time>2020-07-18T12:52:09Z</time>
      </trkpt>
      <trkpt lat="61.545473607257009" lon="-6.765855392441154">
        <ele>29.350000000000001</ele>
        <time>2020-07-18T12:52:24Z</time>
      </trkpt>
      <trkpt lat="61.545479306951165" lon="-6.765729831531644">
        <ele>30.300000000000001</ele>
        <time>2020-07-18T12:52:52Z</time>
      </trkpt>
      <trkpt lat="61.545586511492729" lon="-6.765681970864534">
        <ele>31.120000000000001</ele>
        <time>2020-07-18T12:53:04Z</time>
      </trkpt>
      <trkpt lat="61.545684831216931" lon="-6.765636876225472">
        <ele>32.75</ele>
        <time>2020-07-18T12:53:14Z</time>
      </trkpt>
      <trkpt lat="61.545781558379531" lon="-6.765609802678227">
        <ele>33.740000000000002</ele>
        <time>2020-07-18T12:53:24Z</time>
      </trkpt>
      <trkpt lat="61.545836292207241" lon="-6.765400422737002">
        <ele>39.450000000000003</ele>
        <time>2020-07-18T12:53:44Z</time>
      </trkpt>
      <trkpt lat="61.545884488150477" lon="-6.765186432749033">
        <ele>42.57</ele>
        <time>2020-07-18T12:53:58Z</time>
      </trkpt>
      <trkpt lat="61.545901000499725" lon="-6.764975627884269">
        <ele>45.479999999999997</ele>
        <time>2020-07-18T12:54:11Z</time>
      </trkpt>
      <trkpt lat="61.545948525890708" lon="-6.764794243499637">
        <ele>47.5</ele>
        <time>2020-07-18T12:54:23Z</time>
      </trkpt>
      <trkpt lat="61.546005019918084" lon="-6.764614786952734">
        <ele>50.049999999999997</ele>
        <time>2020-07-18T12:54:34Z</time>
      </trkpt>
      <trkpt lat="61.546063274145126" lon="-6.764461062848568">
        <ele>50.539999999999999</ele>
        <time>2020-07-18T12:54:46Z</time>
      </trkpt>
      <trkpt lat="61.546142650768161" lon="-6.764380931854248">
        <ele>50.520000000000003</ele>
        <time>2020-07-18T12:55:29Z</time>
      </trkpt>
      <trkpt lat="61.546232923865318" lon="-6.764332065358758">
        <ele>49.780000000000001</ele>
        <time>2020-07-18T12:55:36Z</time>
      </trkpt>
      <trkpt lat="61.546325292438269" lon="-6.764257047325373">
        <ele>49.719999999999999</ele>
        <time>2020-07-18T12:55:44Z</time>
      </trkpt>
      <trkpt lat="61.546273324638605" lon="-6.764313541352749">
        <ele>49.609999999999999</ele>
        <time>2020-07-18T12:56:26Z</time>
      </trkpt>
      <trkpt lat="61.546178441494703" lon="-6.7643834464252">
        <ele>50.109999999999999</ele>
        <time>2020-07-18T12:56:34Z</time>
      </trkpt>
      <trkpt lat="61.546079451218247" lon="-6.764438431710005">
        <ele>50.289999999999999</ele>
        <time>2020-07-18T12:56:41Z</time>
      </trkpt>
      <trkpt lat="61.545995716005564" lon="-6.764548402279615">
        <ele>50.700000000000003</ele>
        <time>2020-07-18T12:56:48Z</time>
      </trkpt>
      <trkpt lat="61.545937713235617" lon="-6.764710759744048">
        <ele>47.369999999999997</ele>
        <time>2020-07-18T12:56:56Z</time>
      </trkpt>
      <trkpt lat="61.545886164531112" lon="-6.764886695891619">
        <ele>46.560000000000002</ele>
        <time>2020-07-18T12:57:04Z</time>
      </trkpt>
      <trkpt lat="61.545844925567508" lon="-6.76509196870029">
        <ele>40.810000000000002</ele>
        <time>2020-07-18T12:57:12Z</time>
      </trkpt>
      <trkpt lat="61.545809721574187" lon="-6.765285674482584">
        <ele>35.710000000000001</ele>
        <time>2020-07-18T12:57:20Z</time>
      </trkpt>
      <trkpt lat="61.545796310529113" lon="-6.765490360558033">
        <ele>36.609999999999999</ele>
        <time>2020-07-18T12:57:44Z</time>
      </trkpt>
      <trkpt lat="61.54571944847703" lon="-6.765588512644172">
        <ele>34.390000000000001</ele>
        <time>2020-07-18T12:57:52Z</time>
      </trkpt>
      <trkpt lat="61.545625822618604" lon="-6.765644922852516">
        <ele>32.890000000000001</ele>
        <time>2020-07-18T12:58:00Z</time>
      </trkpt>
      <trkpt lat="61.545535298064351" lon="-6.76569689065218">
        <ele>31.129999999999999</ele>
        <time>2020-07-18T12:58:07Z</time>
      </trkpt>
      <trkpt lat="61.545448880642653" lon="-6.765772411599755">
        <ele>25.190000000000001</ele>
        <time>2020-07-18T12:58:15Z</time>
      </trkpt>
      <trkpt lat="61.54546681791544" lon="-6.765954298898578">
        <ele>24.030000000000001</ele>
        <time>2020-07-18T12:58:23Z</time>
      </trkpt>
      <trkpt lat="61.545497998595238" lon="-6.766128726303577">
        <ele>19.350000000000001</ele>
        <time>2020-07-18T12:58:32Z</time>
      </trkpt>
      <trkpt lat="61.545526497066021" lon="-6.76633458584547">
        <ele>19.219999999999999</ele>
        <time>2020-07-18T12:58:44Z</time>
      </trkpt>
      <trkpt lat="61.545449551194906" lon="-6.766270799562335">
        <ele>19.18</ele>
        <time>2020-07-18T12:58:52Z</time>
      </trkpt>
      <trkpt lat="61.545403199270368" lon="-6.766107184812427">
        <ele>19.329999999999998</ele>
        <time>2020-07-18T12:58:59Z</time>
      </trkpt>
      <trkpt lat="61.545352824032307" lon="-6.76591238938272">
        <ele>19.100000000000001</ele>
        <time>2020-07-18T12:59:06Z</time>
      </trkpt>
      <trkpt lat="61.545307142660022" lon="-6.765733687207103">
        <ele>19.149999999999999</ele>
        <time>2020-07-18T12:59:12Z</time>
      </trkpt>
      <trkpt lat="61.545272525399923" lon="-6.765552051365376">
        <ele>19.260000000000002</ele>
        <time>2020-07-18T12:59:18Z</time>
      </trkpt>
      <trkpt lat="61.545245032757521" lon="-6.765357591211796">
        <ele>19.059999999999999</ele>
        <time>2020-07-18T12:59:24Z</time>
      </trkpt>
      <trkpt lat="61.545222653076053" lon="-6.765150390565395">
        <ele>18.800000000000001</ele>
        <time>2020-07-18T12:59:31Z</time>
      </trkpt>
      <trkpt lat="61.545210247859359" lon="-6.76496833562851">
        <ele>18.620000000000001</ele>
        <time>2020-07-18T12:59:37Z</time>
      </trkpt>
      <trkpt lat="61.545220054686069" lon="-6.764775384217501">
        <ele>17.84</ele>
        <time>2020-07-18T12:59:44Z</time>
      </trkpt>
      <trkpt lat="61.545247798785567" lon="-6.764580085873604">
        <ele>17.559999999999999</ele>
        <time>2020-07-18T13:00:00Z</time>
      </trkpt>
      <trkpt lat="61.545277805998921" lon="-6.76438394933939">
        <ele>16.920000000000002</ele>
        <time>2020-07-18T13:00:07Z</time>
      </trkpt>
      <trkpt lat="61.5453324560076" lon="-6.764200050383806">
        <ele>16.550000000000001</ele>
        <time>2020-07-18T13:00:14Z</time>
      </trkpt>
      <trkpt lat="61.545383837074041" lon="-6.764013636857271">
        <ele>16.600000000000001</ele>
        <time>2020-07-18T13:00:21Z</time>
      </trkpt>
      <trkpt lat="61.545440750196576" lon="-6.763841724023223">
        <ele>16.190000000000001</ele>
        <time>2020-07-18T13:00:28Z</time>
      </trkpt>
      <trkpt lat="61.545492801815271" lon="-6.763651287183166">
        <ele>15.470000000000001</ele>
        <time>2020-07-18T13:00:35Z</time>
      </trkpt>
      <trkpt lat="61.545538734644651" lon="-6.763482643291354">
        <ele>14.57</ele>
        <time>2020-07-18T13:00:41Z</time>
      </trkpt>
      <trkpt lat="61.545574776828289" lon="-6.763295391574502">
        <ele>13.970000000000001</ele>
        <time>2020-07-18T13:00:47Z</time>
      </trkpt>
      <trkpt lat="61.545604700222611" lon="-6.763086849823594">
        <ele>13.619999999999999</ele>
        <time>2020-07-18T13:00:54Z</time>
      </trkpt>
      <trkpt lat="61.545631438493729" lon="-6.762868585065007">
        <ele>13.6</ele>
        <time>2020-07-18T13:01:01Z</time>
      </trkpt>
      <trkpt lat="61.5456363838166" lon="-6.762665156275034">
        <ele>13.289999999999999</ele>
        <time>2020-07-18T13:01:08Z</time>
      </trkpt>
      <trkpt lat="61.545633701607585" lon="-6.762446304783225">
        <ele>13.449999999999999</ele>
        <time>2020-07-18T13:01:16Z</time>
      </trkpt>
      <trkpt lat="61.545605203136802" lon="-6.762227704748511">
        <ele>14.23</ele>
        <time>2020-07-18T13:01:23Z</time>
      </trkpt>
      <trkpt lat="61.545563042163849" lon="-6.762012373656035">
        <ele>14.66</ele>
        <time>2020-07-18T13:01:31Z</time>
      </trkpt>
      <trkpt lat="61.545516354963183" lon="-6.761810621246696">
        <ele>14.779999999999999</ele>
        <time>2020-07-18T13:01:39Z</time>
      </trkpt>
      <trkpt lat="61.545464470982552" lon="-6.761622112244368">
        <ele>15.69</ele>
        <time>2020-07-18T13:01:47Z</time>
      </trkpt>
      <trkpt lat="61.545417197048664" lon="-6.761417761445046">
        <ele>16.539999999999999</ele>
        <time>2020-07-18T13:01:55Z</time>
      </trkpt>
      <trkpt lat="61.545371850952506" lon="-6.761209387332201">
        <ele>16.530000000000001</ele>
        <time>2020-07-18T13:02:03Z</time>
      </trkpt>
      <trkpt lat="61.545310076326132" lon="-6.760987853631377">
        <ele>16.199999999999999</ele>
        <time>2020-07-18T13:02:11Z</time>
      </trkpt>
      <trkpt lat="61.545255845412612" lon="-6.760788280516863">
        <ele>16.210000000000001</ele>
        <time>2020-07-18T13:02:19Z</time>
      </trkpt>
      <trkpt lat="61.545185269787908" lon="-6.760624749585986">
        <ele>15.75</ele>
        <time>2020-07-18T13:02:30Z</time>
      </trkpt>
      <trkpt lat="61.5450837649405" lon="-6.760698929429054">
        <ele>14.029999999999999</ele>
        <time>2020-07-18T13:04:03Z</time>
      </trkpt>
      <trkpt lat="61.5450026281178" lon="-6.760805798694491">
        <ele>11.06</ele>
        <time>2020-07-18T13:04:11Z</time>
      </trkpt>
      <trkpt lat="61.544910594820976" lon="-6.760841840878129">
        <ele>10.029999999999999</ele>
        <time>2020-07-18T13:04:24Z</time>
      </trkpt>
      <trkpt lat="61.544817136600614" lon="-6.760824909433723">
        <ele>8.060000000000001</ele>
        <time>2020-07-18T13:04:32Z</time>
      </trkpt>
      <trkpt lat="61.544730216264725" lon="-6.760791381821036">
        <ele>6.38</ele>
        <time>2020-07-18T13:04:39Z</time>
      </trkpt>
      <trkpt lat="61.544634997844696" lon="-6.760775540024042">
        <ele>4.7</ele>
        <time>2020-07-18T13:04:48Z</time>
      </trkpt>
      <trkpt lat="61.544536259025335" lon="-6.760728936642408">
        <ele>2.64</ele>
        <time>2020-07-18T13:04:56Z</time>
      </trkpt>
      <trkpt lat="61.544443890452385" lon="-6.760695744305849">
        <ele>1.42</ele>
        <time>2020-07-18T13:05:03Z</time>
      </trkpt>
      <trkpt lat="61.544366022571921" lon="-6.760570099577308">
        <ele>-1.42</ele>
        <time>2020-07-18T13:05:12Z</time>
      </trkpt>
      <trkpt lat="61.544302487745881" lon="-6.760457446798682">
        <ele>-2.61</ele>
        <time>2020-07-18T13:05:19Z</time>
      </trkpt>
      <trkpt lat="61.544207353144884" lon="-6.760454429313541">
        <ele>-0.87</ele>
        <time>2020-07-18T13:05:27Z</time>
      </trkpt>
      <trkpt lat="61.544141806662083" lon="-6.760368011891842">
        <ele>-1.15</ele>
        <time>2020-07-18T13:05:41Z</time>
      </trkpt>
      <trkpt lat="61.544127641245723" lon="-6.760416878387332">
        <ele>-1.23</ele>
        <time>2020-07-18T13:06:33Z</time>
      </trkpt>
      <trkpt lat="61.544220931828022" lon="-6.760474210605025">
        <ele>-0.97</ele>
        <time>2020-07-18T13:06:49Z</time>
      </trkpt>
      <trkpt lat="61.544316569343209" lon="-6.760489381849766">
        <ele>-0.54</ele>
        <time>2020-07-18T13:06:56Z</time>
      </trkpt>
      <trkpt lat="61.544385803863406" lon="-6.760606225579977">
        <ele>0.13</ele>
        <time>2020-07-18T13:07:03Z</time>
      </trkpt>
      <trkpt lat="61.54447054490447" lon="-6.760689038783312">
        <ele>0.64</ele>
        <time>2020-07-18T13:07:11Z</time>
      </trkpt>
      <trkpt lat="61.544569618999958" lon="-6.760732289403677">
        <ele>2.1</ele>
        <time>2020-07-18T13:07:20Z</time>
      </trkpt>
      <trkpt lat="61.544654695317149" lon="-6.760767074301839">
        <ele>4.44</ele>
        <time>2020-07-18T13:08:46Z</time>
      </trkpt>
      <trkpt lat="61.544756451621652" lon="-6.760809738188982">
        <ele>7.63</ele>
        <time>2020-07-18T13:08:59Z</time>
      </trkpt>
      <trkpt lat="61.544865164905787" lon="-6.760850222781301">
        <ele>9.99</ele>
        <time>2020-07-18T13:09:12Z</time>
      </trkpt>
      <trkpt lat="61.544970190152526" lon="-6.760857682675123">
        <ele>11.83</ele>
        <time>2020-07-18T13:09:22Z</time>
      </trkpt>
      <trkpt lat="61.545058200135827" lon="-6.760770427063108">
        <ele>14.09</ele>
        <time>2020-07-18T13:10:33Z</time>
      </trkpt>
      <trkpt lat="61.545140342786908" lon="-6.760655175894499">
        <ele>15.970000000000001</ele>
        <time>2020-07-18T13:10:44Z</time>
      </trkpt>
      <trkpt lat="61.545138917863369" lon="-6.760435570031405">
        <ele>15.699999999999999</ele>
        <time>2020-07-18T13:10:53Z</time>
      </trkpt>
      <trkpt lat="61.545108994469047" lon="-6.760238176211715">
        <ele>16.809999999999999</ele>
        <time>2020-07-18T13:11:00Z</time>
      </trkpt>
      <trkpt lat="61.545075718313456" lon="-6.760048242285848">
        <ele>15.960000000000001</ele>
        <time>2020-07-18T13:11:06Z</time>
      </trkpt>
      <trkpt lat="61.545040514320135" lon="-6.759862415492535">
        <ele>17.100000000000001</ele>
        <time>2020-07-18T13:11:12Z</time>
      </trkpt>
      <trkpt lat="61.544994916766882" lon="-6.759660663083196">
        <ele>16.370000000000001</ele>
        <time>2020-07-18T13:11:19Z</time>
      </trkpt>
      <trkpt lat="61.544931381940842" lon="-6.759464526548982">
        <ele>16.379999999999999</ele>
        <time>2020-07-18T13:11:26Z</time>
      </trkpt>
      <trkpt lat="61.544872792437673" lon="-6.759293116629124">
        <ele>16.690000000000001</ele>
        <time>2020-07-18T13:11:33Z</time>
      </trkpt>
      <trkpt lat="61.544815460219979" lon="-6.759118102490902">
        <ele>16.890000000000001</ele>
        <time>2020-07-18T13:11:40Z</time>
      </trkpt>
      <trkpt lat="61.544754272326827" lon="-6.758949877694249">
        <ele>17.149999999999999</ele>
        <time>2020-07-18T13:11:47Z</time>
      </trkpt>
      <trkpt lat="61.544696856290102" lon="-6.758754076436162">
        <ele>19.530000000000001</ele>
        <time>2020-07-18T13:11:54Z</time>
      </trkpt>
      <trkpt lat="61.544639272615314" lon="-6.758560705929995">
        <ele>24.550000000000001</ele>
        <time>2020-07-18T13:12:01Z</time>
      </trkpt>
      <trkpt lat="61.544613372534513" lon="-6.758474037051201">
        <ele>23.84</ele>
        <time>2020-07-18T13:12:26Z</time>
      </trkpt>
      <trkpt lat="61.544586215168238" lon="-6.758315367624164">
        <ele>23.710000000000001</ele>
        <time>2020-07-18T13:12:41Z</time>
      </trkpt>
      <trkpt lat="61.544548496603966" lon="-6.758120488375425">
        <ele>24.68</ele>
        <time>2020-07-18T13:12:48Z</time>
      </trkpt>
      <trkpt lat="61.544539863243699" lon="-6.757904570549727">
        <ele>24.649999999999999</ele>
        <time>2020-07-18T13:12:55Z</time>
      </trkpt>
      <trkpt lat="61.54455260373652" lon="-6.757692759856582">
        <ele>24.550000000000001</ele>
        <time>2020-07-18T13:13:02Z</time>
      </trkpt>
      <trkpt lat="61.54458244331181" lon="-6.757505591958761">
        <ele>25.129999999999999</ele>
        <time>2020-07-18T13:13:08Z</time>
      </trkpt>
      <trkpt lat="61.544629549607635" lon="-6.757328063249588">
        <ele>24.59</ele>
        <time>2020-07-18T13:13:15Z</time>
      </trkpt>
      <trkpt lat="61.544703729450703" lon="-6.757208537310362">
        <ele>25.550000000000001</ele>
        <time>2020-07-18T13:13:22Z</time>
      </trkpt>
      <trkpt lat="61.544765923172235" lon="-6.757031595334411">
        <ele>24.609999999999999</ele>
        <time>2020-07-18T13:13:33Z</time>
      </trkpt>
      <trkpt lat="61.54478176496923" lon="-6.756847612559795">
        <ele>23.120000000000001</ele>
        <time>2020-07-18T13:13:39Z</time>
      </trkpt>
      <trkpt lat="61.544795259833336" lon="-6.756629515439272">
        <ele>21.460000000000001</ele>
        <time>2020-07-18T13:13:46Z</time>
      </trkpt>
      <trkpt lat="61.544801546260715" lon="-6.756430864334106">
        <ele>20.420000000000002</ele>
        <time>2020-07-18T13:13:52Z</time>
      </trkpt>
      <trkpt lat="61.544816801324487" lon="-6.756228022277355">
        <ele>19.359999999999999</ele>
        <time>2020-07-18T13:13:59Z</time>
      </trkpt>
      <trkpt lat="61.544827362522483" lon="-6.756012523546815">
        <ele>18.600000000000001</ele>
        <time>2020-07-18T13:14:06Z</time>
      </trkpt>
      <trkpt lat="61.5448316372931" lon="-6.755820075049996">
        <ele>17.809999999999999</ele>
        <time>2020-07-18T13:14:12Z</time>
      </trkpt>
      <trkpt lat="61.54484529979527" lon="-6.755603067576885">
        <ele>16.850000000000001</ele>
        <time>2020-07-18T13:14:18Z</time>
      </trkpt>
      <trkpt lat="61.544864997267723" lon="-6.755409361794591">
        <ele>16.800000000000001</ele>
        <time>2020-07-18T13:14:24Z</time>
      </trkpt>
      <trkpt lat="61.544876396656036" lon="-6.755220601335168">
        <ele>16.640000000000001</ele>
        <time>2020-07-18T13:14:30Z</time>
      </trkpt>
      <trkpt lat="61.544882347807288" lon="-6.75502136349678">
        <ele>16.510000000000002</ele>
        <time>2020-07-18T13:14:36Z</time>
      </trkpt>
      <trkpt lat="61.544886203482747" lon="-6.754812905564904">
        <ele>16.48</ele>
        <time>2020-07-18T13:14:42Z</time>
      </trkpt>
      <trkpt lat="61.544893411919475" lon="-6.75458986312151">
        <ele>16.280000000000001</ele>
        <time>2020-07-18T13:14:49Z</time>
      </trkpt>
      <trkpt lat="61.544906068593264" lon="-6.754407472908497">
        <ele>15.32</ele>
        <time>2020-07-18T13:14:55Z</time>
      </trkpt>
      <trkpt lat="61.544943870976567" lon="-6.7542346380651">
        <ele>15.74</ele>
        <time>2020-07-18T13:15:01Z</time>
      </trkpt>
      <trkpt lat="61.544953091070056" lon="-6.754016960039735">
        <ele>14.07</ele>
        <time>2020-07-18T13:15:08Z</time>
      </trkpt>
      <trkpt lat="61.544966250658035" lon="-6.753801042214036">
        <ele>13.380000000000001</ele>
        <time>2020-07-18T13:15:14Z</time>
      </trkpt>
      <trkpt lat="61.544977817684412" lon="-6.753597194328904">
        <ele>13.390000000000001</ele>
        <time>2020-07-18T13:15:20Z</time>
      </trkpt>
      <trkpt lat="61.54499433003366" lon="-6.753393262624741">
        <ele>12.83</ele>
        <time>2020-07-18T13:15:27Z</time>
      </trkpt>
      <trkpt lat="61.544996257871389" lon="-6.753193270415068">
        <ele>12.48</ele>
        <time>2020-07-18T13:15:33Z</time>
      </trkpt>
      <trkpt lat="61.545006819069386" lon="-6.752984058111906">
        <ele>11.52</ele>
        <time>2020-07-18T13:15:40Z</time>
      </trkpt>
      <trkpt lat="61.545054344460368" lon="-6.752803344279528">
        <ele>10.800000000000001</ele>
        <time>2020-07-18T13:15:47Z</time>
      </trkpt>
      <trkpt lat="61.545114610344172" lon="-6.752636292949319">
        <ele>9.710000000000001</ele>
        <time>2020-07-18T13:15:54Z</time>
      </trkpt>
      <trkpt lat="61.545172026380897" lon="-6.752493046224117">
        <ele>9.16</ele>
        <time>2020-07-18T13:16:00Z</time>
      </trkpt>
      <trkpt lat="61.545241847634315" lon="-6.752339573577046">
        <ele>8.35</ele>
        <time>2020-07-18T13:16:07Z</time>
      </trkpt>
      <trkpt lat="61.545310998335481" lon="-6.752166906371713">
        <ele>8.039999999999999</ele>
        <time>2020-07-18T13:16:14Z</time>
      </trkpt>
      <trkpt lat="61.545366821810603" lon="-6.752002956345677">
        <ele>8.25</ele>
        <time>2020-07-18T13:16:20Z</time>
      </trkpt>
      <trkpt lat="61.545411664992571" lon="-6.751828864216805">
        <ele>8.91</ele>
        <time>2020-07-18T13:16:26Z</time>
      </trkpt>
      <trkpt lat="61.545450892299414" lon="-6.751639852300286">
        <ele>9.43</ele>
        <time>2020-07-18T13:16:33Z</time>
      </trkpt>
      <trkpt lat="61.545492801815271" lon="-6.751452935859561">
        <ele>9.68</ele>
        <time>2020-07-18T13:16:40Z</time>
      </trkpt>
      <trkpt lat="61.545542422682047" lon="-6.751271216198802">
        <ele>10.06</ele>
        <time>2020-07-18T13:16:47Z</time>
      </trkpt>
      <trkpt lat="61.545592043548822" lon="-6.751076420769095">
        <ele>9.44</ele>
        <time>2020-07-18T13:16:54Z</time>
      </trkpt>
      <trkpt lat="61.545630600303411" lon="-6.75086016766727">
        <ele>10.390000000000001</ele>
        <time>2020-07-18T13:17:01Z</time>
      </trkpt>
      <trkpt lat="61.545647867023945" lon="-6.750640729442239">
        <ele>11.210000000000001</ele>
        <time>2020-07-18T13:17:08Z</time>
      </trkpt>
      <trkpt lat="61.545652728527784" lon="-6.750418692827225">
        <ele>11.34</ele>
        <time>2020-07-18T13:17:15Z</time>
      </trkpt>
      <trkpt lat="61.545643005520105" lon="-6.750212917104363">
        <ele>12.69</ele>
        <time>2020-07-18T13:17:22Z</time>
      </trkpt>
      <trkpt lat="61.545627834275365" lon="-6.750002447515726">
        <ele>11.890000000000001</ele>
        <time>2020-07-18T13:17:29Z</time>
      </trkpt>
      <trkpt lat="61.54561928473413" lon="-6.749786864966154">
        <ele>11.1</ele>
        <time>2020-07-18T13:17:36Z</time>
      </trkpt>
      <trkpt lat="61.545621799305081" lon="-6.749573377892375">
        <ele>9.99</ele>
        <time>2020-07-18T13:17:44Z</time>
      </trkpt>
      <trkpt lat="61.545648034662008" lon="-6.749351508915424">
        <ele>8.76</ele>
        <time>2020-07-18T13:18:15Z</time>
      </trkpt>
      <trkpt lat="61.545677538961172" lon="-6.749178841710091">
        <ele>8.76</ele>
        <time>2020-07-18T13:18:22Z</time>
      </trkpt>
      <trkpt lat="61.545669408515096" lon="-6.748998546972871">
        <ele>8.32</ele>
        <time>2020-07-18T13:18:29Z</time>
      </trkpt>
      <trkpt lat="61.545641245320439" lon="-6.748819425702095">
        <ele>9.029999999999999</ele>
        <time>2020-07-18T13:18:37Z</time>
      </trkpt>
      <trkpt lat="61.545636467635632" lon="-6.748968958854675">
        <ele>7.51</ele>
        <time>2020-07-18T13:19:56Z</time>
      </trkpt>
      <trkpt lat="61.545623056590557" lon="-6.749174986034632">
        <ele>8.51</ele>
        <time>2020-07-18T13:20:03Z</time>
      </trkpt>
      <trkpt lat="61.545623643323779" lon="-6.749375900253654">
        <ele>9.52</ele>
        <time>2020-07-18T13:20:10Z</time>
      </trkpt>
      <trkpt lat="61.545625990256667" lon="-6.749578574672341">
        <ele>10.720000000000001</ele>
        <time>2020-07-18T13:20:17Z</time>
      </trkpt>
      <trkpt lat="61.545613752678037" lon="-6.749791977927089">
        <ele>11.109999999999999</ele>
        <time>2020-07-18T13:20:24Z</time>
      </trkpt>
      <trkpt lat="61.54562171548605" lon="-6.749999597668648">
        <ele>11.82</ele>
        <time>2020-07-18T13:20:31Z</time>
      </trkpt>
      <trkpt lat="61.545633869245648" lon="-6.750199338421226">
        <ele>11.68</ele>
        <time>2020-07-18T13:20:38Z</time>
      </trkpt>
      <trkpt lat="61.545639988034964" lon="-6.750430092215538">
        <ele>11.869999999999999</ele>
        <time>2020-07-18T13:20:45Z</time>
      </trkpt>
      <trkpt lat="61.545640574768186" lon="-6.750628240406513">
        <ele>10.539999999999999</ele>
        <time>2020-07-18T13:20:51Z</time>
      </trkpt>
      <trkpt lat="61.545604281127453" lon="-6.750838039442897">
        <ele>9.630000000000001</ele>
        <time>2020-07-18T13:20:58Z</time>
      </trkpt>
      <trkpt lat="61.545576117932796" lon="-6.7510243691504">
        <ele>9.710000000000001</ele>
        <time>2020-07-18T13:21:04Z</time>
      </trkpt>
      <trkpt lat="61.545525323599577" lon="-6.751212039962411">
        <ele>9.68</ele>
        <time>2020-07-18T13:21:11Z</time>
      </trkpt>
      <trkpt lat="61.545476792380214" lon="-6.751379929482937">
        <ele>7.5</ele>
        <time>2020-07-18T13:21:17Z</time>
      </trkpt>
      <trkpt lat="61.545428177341819" lon="-6.751583525910974">
        <ele>9.619999999999999</ele>
        <time>2020-07-18T13:21:24Z</time>
      </trkpt>
      <trkpt lat="61.545374868437648" lon="-6.751764826476574">
        <ele>7.35</ele>
        <time>2020-07-18T13:21:30Z</time>
      </trkpt>
      <trkpt lat="61.54534075409174" lon="-6.751945121213794">
        <ele>6.82</ele>
        <time>2020-07-18T13:21:36Z</time>
      </trkpt>
      <trkpt lat="61.545293061062694" lon="-6.752133294939995">
        <ele>6.48</ele>
        <time>2020-07-18T13:21:43Z</time>
      </trkpt>
      <trkpt lat="61.545229610055685" lon="-6.752289198338985">
        <ele>6.99</ele>
        <time>2020-07-18T13:21:50Z</time>
      </trkpt>
      <trkpt lat="61.54516339302063" lon="-6.752457255497575">
        <ele>7.52</ele>
        <time>2020-07-18T13:21:57Z</time>
      </trkpt>
      <trkpt lat="61.545098600909114" lon="-6.752598909661174">
        <ele>8.630000000000001</ele>
        <time>2020-07-18T13:22:04Z</time>
      </trkpt>
      <trkpt lat="61.545038083568215" lon="-6.752749364823103">
        <ele>9.07</ele>
        <time>2020-07-18T13:22:11Z</time>
      </trkpt>
      <trkpt lat="61.544986702501774" lon="-6.752943908795714">
        <ele>9.470000000000001</ele>
        <time>2020-07-18T13:22:20Z</time>
      </trkpt>
      <trkpt lat="61.544941607862711" lon="-6.753135519102216">
        <ele>9.68</ele>
        <time>2020-07-18T13:22:27Z</time>
      </trkpt>
      <trkpt lat="61.544931465759873" lon="-6.753358729183674">
        <ele>11.380000000000001</ele>
        <time>2020-07-18T13:22:35Z</time>
      </trkpt>
      <trkpt lat="61.544929537922144" lon="-6.753585627302527">
        <ele>11.109999999999999</ele>
        <time>2020-07-18T13:22:42Z</time>
      </trkpt>
      <trkpt lat="61.544931968674064" lon="-6.753800287842751">
        <ele>10.82</ele>
        <time>2020-07-18T13:22:49Z</time>
      </trkpt>
      <trkpt lat="61.544916965067387" lon="-6.754015116021037">
        <ele>12.109999999999999</ele>
        <time>2020-07-18T13:22:56Z</time>
      </trkpt>
      <trkpt lat="61.544920736923814" lon="-6.754213264212012">
        <ele>14.15</ele>
        <time>2020-07-18T13:23:03Z</time>
      </trkpt>
      <trkpt lat="61.54491419903934" lon="-6.754422644153237">
        <ele>13.76</ele>
        <time>2020-07-18T13:23:10Z</time>
      </trkpt>
      <trkpt lat="61.544911013916135" lon="-6.75462749786675">
        <ele>15.48</ele>
        <time>2020-07-18T13:23:17Z</time>
      </trkpt>
      <trkpt lat="61.544908164069057" lon="-6.754839643836021">
        <ele>14.6</ele>
        <time>2020-07-18T13:23:24Z</time>
      </trkpt>
      <trkpt lat="61.544907242059708" lon="-6.755028739571571">
        <ele>16.109999999999999</ele>
        <time>2020-07-18T13:23:30Z</time>
      </trkpt>
      <trkpt lat="61.544901290908456" lon="-6.755226301029325">
        <ele>15.359999999999999</ele>
        <time>2020-07-18T13:23:37Z</time>
      </trkpt>
      <trkpt lat="61.544877737760544" lon="-6.75542687997222">
        <ele>13.33</ele>
        <time>2020-07-18T13:23:44Z</time>
      </trkpt>
      <trkpt lat="61.544852843508124" lon="-6.755630392581224">
        <ele>17.100000000000001</ele>
        <time>2020-07-18T13:23:51Z</time>
      </trkpt>
      <trkpt lat="61.544831385836005" lon="-6.755824936553836">
        <ele>15.98</ele>
        <time>2020-07-18T13:23:58Z</time>
      </trkpt>
      <trkpt lat="61.54481302946806" lon="-6.756032723933458">
        <ele>17.440000000000001</ele>
        <time>2020-07-18T13:24:06Z</time>
      </trkpt>
      <trkpt lat="61.544807329773903" lon="-6.756239673122764">
        <ele>18.050000000000001</ele>
        <time>2020-07-18T13:24:13Z</time>
      </trkpt>
      <trkpt lat="61.544803893193603" lon="-6.756460703909397">
        <ele>18.940000000000001</ele>
        <time>2020-07-18T13:24:21Z</time>
      </trkpt>
      <trkpt lat="61.544787213206291" lon="-6.756656756624579">
        <ele>19.879999999999999</ele>
        <time>2020-07-18T13:24:28Z</time>
      </trkpt>
      <trkpt lat="61.544784447178245" lon="-6.756844762712717">
        <ele>21.199999999999999</ele>
        <time>2020-07-18T13:24:35Z</time>
      </trkpt>
      <trkpt lat="61.54477346688509" lon="-6.75703302025795">
        <ele>22.66</ele>
        <time>2020-07-18T13:24:43Z</time>
      </trkpt>
      <trkpt lat="61.544798696413636" lon="-6.757238628342748">
        <ele>25.100000000000001</ele>
        <time>2020-07-18T13:24:50Z</time>
      </trkpt>
      <trkpt lat="61.544865416362882" lon="-6.757370140403509">
        <ele>24.93</ele>
        <time>2020-07-18T13:24:58Z</time>
      </trkpt>
      <trkpt lat="61.544943200424314" lon="-6.757506430149078">
        <ele>25.109999999999999</ele>
        <time>2020-07-18T13:25:05Z</time>
      </trkpt>
      <trkpt lat="61.545005729421973" lon="-6.757673900574446">
        <ele>25.329999999999998</ele>
        <time>2020-07-18T13:25:12Z</time>
      </trkpt>
      <trkpt lat="61.545067084953189" lon="-6.757846567779779">
        <ele>26.059999999999999</ele>
        <time>2020-07-18T13:25:20Z</time>
      </trkpt>
      <trkpt lat="61.545134643092752" lon="-6.758020576089621">
        <ele>27.23</ele>
        <time>2020-07-18T13:25:28Z</time>
      </trkpt>
      <trkpt lat="61.545203542336822" lon="-6.758182682096958">
        <ele>27.829999999999998</ele>
        <time>2020-07-18T13:25:35Z</time>
      </trkpt>
      <trkpt lat="61.545268837362528" lon="-6.758333975449204">
        <ele>28.949999999999999</ele>
        <time>2020-07-18T13:25:42Z</time>
      </trkpt>
      <trkpt lat="61.545333629474044" lon="-6.758482586592436">
        <ele>30.23</ele>
        <time>2020-07-18T13:25:49Z</time>
      </trkpt>
      <trkpt lat="61.545401271432638" lon="-6.758636813610792">
        <ele>31.350000000000001</ele>
        <time>2020-07-18T13:25:56Z</time>
      </trkpt>
      <trkpt lat="61.545469248667359" lon="-6.75881065428257">
        <ele>31.399999999999999</ele>
        <time>2020-07-18T13:26:04Z</time>
      </trkpt>
      <trkpt lat="61.545533621683717" lon="-6.758962869644165">
        <ele>30.73</ele>
        <time>2020-07-18T13:26:11Z</time>
      </trkpt>
      <trkpt lat="61.54559874907136" lon="-6.759102763608098">
        <ele>31.059999999999999</ele>
        <time>2020-07-18T13:26:18Z</time>
      </trkpt>
      <trkpt lat="61.545666055753827" lon="-6.75925238057971">
        <ele>33.979999999999997</ele>
        <time>2020-07-18T13:26:25Z</time>
      </trkpt>
      <trkpt lat="61.545733446255326" lon="-6.759410044178367">
        <ele>34.649999999999999</ele>
        <time>2020-07-18T13:26:33Z</time>
      </trkpt>
      <trkpt lat="61.545795807614923" lon="-6.75953820347786">
        <ele>34.619999999999997</ele>
        <time>2020-07-18T13:26:40Z</time>
      </trkpt>
      <trkpt lat="61.545858755707741" lon="-6.759712882339954">
        <ele>34.719999999999999</ele>
        <time>2020-07-18T13:26:48Z</time>
      </trkpt>
      <trkpt lat="61.545940479263663" lon="-6.759851099923253">
        <ele>35.079999999999998</ele>
        <time>2020-07-18T13:27:42Z</time>
      </trkpt>
      <trkpt lat="61.546002672985196" lon="-6.760030640289187">
        <ele>35.649999999999999</ele>
        <time>2020-07-18T13:27:49Z</time>
      </trkpt>
      <trkpt lat="61.5460663754493" lon="-6.760175647214055">
        <ele>36.600000000000001</ele>
        <time>2020-07-18T13:27:56Z</time>
      </trkpt>
      <trkpt lat="61.54613577760756" lon="-6.760328616946936">
        <ele>37.399999999999999</ele>
        <time>2020-07-18T13:28:03Z</time>
      </trkpt>
      <trkpt lat="61.546200485900044" lon="-6.760495081543922">
        <ele>37.829999999999998</ele>
        <time>2020-07-18T13:28:10Z</time>
      </trkpt>
      <trkpt lat="61.546254716813564" lon="-6.760650230571628">
        <ele>38.109999999999999</ele>
        <time>2020-07-18T13:28:16Z</time>
      </trkpt>
      <trkpt lat="61.54631020501256" lon="-6.760797249153256">
        <ele>40.350000000000001</ele>
        <time>2020-07-18T13:28:22Z</time>
      </trkpt>
      <trkpt lat="61.546367453411222" lon="-6.760942339897156">
        <ele>40.229999999999997</ele>
        <time>2020-07-18T13:28:28Z</time>
      </trkpt>
      <trkpt lat="61.54642746783793" lon="-6.761094639077783">
        <ele>40.659999999999997</ele>
        <time>2020-07-18T13:28:35Z</time>
      </trkpt>
      <trkpt lat="61.546491757035255" lon="-6.761256074532867">
        <ele>40.960000000000001</ele>
        <time>2020-07-18T13:28:42Z</time>
      </trkpt>
      <trkpt lat="61.546561326831579" lon="-6.761418851092458">
        <ele>40.530000000000001</ele>
        <time>2020-07-18T13:28:49Z</time>
      </trkpt>
      <trkpt lat="61.546624191105366" lon="-6.761589171364904">
        <ele>41.719999999999999</ele>
        <time>2020-07-18T13:28:56Z</time>
      </trkpt>
      <trkpt lat="61.546696359291673" lon="-6.761735184118152">
        <ele>41.25</ele>
        <time>2020-07-18T13:29:03Z</time>
      </trkpt>
      <trkpt lat="61.54675436206162" lon="-6.761872479692102">
        <ele>42.189999999999998</ele>
        <time>2020-07-18T13:29:09Z</time>
      </trkpt>
      <trkpt lat="61.54680272564292" lon="-6.762050427496433">
        <ele>41.920000000000002</ele>
        <time>2020-07-18T13:29:16Z</time>
      </trkpt>
      <trkpt lat="61.546822842210531" lon="-6.762247234582901">
        <ele>41.869999999999997</ele>
        <time>2020-07-18T13:29:22Z</time>
      </trkpt>
      <trkpt lat="61.546858968213201" lon="-6.762456949800253">
        <ele>42.18</ele>
        <time>2020-07-18T13:29:29Z</time>
      </trkpt>
      <trkpt lat="61.546890400350094" lon="-6.762657193467021">
        <ele>42.329999999999998</ele>
        <time>2020-07-18T13:29:35Z</time>
      </trkpt>
      <trkpt lat="61.54691755771637" lon="-6.762854587286711">
        <ele>43.399999999999999</ele>
        <time>2020-07-18T13:29:42Z</time>
      </trkpt>
      <trkpt lat="61.54693029820919" lon="-6.76305977627635">
        <ele>43.920000000000002</ele>
        <time>2020-07-18T13:29:49Z</time>
      </trkpt>
      <trkpt lat="61.546890316531062" lon="-6.76322347484529">
        <ele>44.130000000000003</ele>
        <time>2020-07-18T13:29:56Z</time>
      </trkpt>
      <trkpt lat="61.546819908544421" lon="-6.763358758762479">
        <ele>47.270000000000003</ele>
        <time>2020-07-18T13:30:04Z</time>
      </trkpt>
      <trkpt lat="61.546746650710702" lon="-6.76351860165596">
        <ele>47.920000000000002</ele>
        <time>2020-07-18T13:30:16Z</time>
      </trkpt>
      <trkpt lat="61.546685043722391" lon="-6.763696800917387">
        <ele>47.350000000000001</ele>
        <time>2020-07-18T13:30:24Z</time>
      </trkpt>
      <trkpt lat="61.546608181670308" lon="-6.763861505314708">
        <ele>47.43</ele>
        <time>2020-07-18T13:30:31Z</time>
      </trkpt>
      <trkpt lat="61.546535762026906" lon="-6.764034759253264">
        <ele>47.469999999999999</ele>
        <time>2020-07-18T13:30:38Z</time>
      </trkpt>
      <trkpt lat="61.546451440081" lon="-6.764177838340402">
        <ele>47.710000000000001</ele>
        <time>2020-07-18T13:30:45Z</time>
      </trkpt>
      <trkpt lat="61.546408105641603" lon="-6.764401886612177">
        <ele>49.719999999999999</ele>
        <time>2020-07-18T13:30:54Z</time>
      </trkpt>
      <trkpt lat="61.546435682103038" lon="-6.764627527445555">
        <ele>48.909999999999997</ele>
        <time>2020-07-18T13:31:02Z</time>
      </trkpt>
      <trkpt lat="61.546473819762468" lon="-6.764831710606813">
        <ele>50.93</ele>
        <time>2020-07-18T13:31:09Z</time>
      </trkpt>
      <trkpt lat="61.54651447199285" lon="-6.765015190467238">
        <ele>52.649999999999999</ele>
        <time>2020-07-18T13:31:15Z</time>
      </trkpt>
      <trkpt lat="61.546549675986171" lon="-6.765235215425491">
        <ele>51.409999999999997</ele>
        <time>2020-07-18T13:31:22Z</time>
      </trkpt>
      <trkpt lat="61.546588819473982" lon="-6.765414420515299">
        <ele>51.939999999999998</ele>
        <time>2020-07-18T13:31:28Z</time>
      </trkpt>
      <trkpt lat="61.546623772010207" lon="-6.765603264793754">
        <ele>52.399999999999999</ele>
        <time>2020-07-18T13:31:35Z</time>
      </trkpt>
      <trkpt lat="61.546666016802192" lon="-6.765799485146999">
        <ele>53.68</ele>
        <time>2020-07-18T13:31:42Z</time>
      </trkpt>
      <trkpt lat="61.546724019572139" lon="-6.7660066857934">
        <ele>53.950000000000003</ele>
        <time>2020-07-18T13:31:49Z</time>
      </trkpt>
      <trkpt lat="61.5467778313905" lon="-6.766167199239135">
        <ele>52.109999999999999</ele>
        <time>2020-07-18T13:31:55Z</time>
      </trkpt>
      <trkpt lat="61.546823931857944" lon="-6.766327293589711">
        <ele>52.289999999999999</ele>
        <time>2020-07-18T13:32:01Z</time>
      </trkpt>
      <trkpt lat="61.546871960163116" lon="-6.766495853662491">
        <ele>52.350000000000001</ele>
        <time>2020-07-18T13:32:07Z</time>
      </trkpt>
      <trkpt lat="61.546907499432564" lon="-6.766684027388692">
        <ele>54.659999999999997</ele>
        <time>2020-07-18T13:32:14Z</time>
      </trkpt>
      <trkpt lat="61.546954521909356" lon="-6.76688376814127">
        <ele>54.219999999999999</ele>
        <time>2020-07-18T13:32:21Z</time>
      </trkpt>
      <trkpt lat="61.547000790014863" lon="-6.767058949917555">
        <ele>52.659999999999997</ele>
        <time>2020-07-18T13:32:27Z</time>
      </trkpt>
      <trkpt lat="61.547054853290319" lon="-6.767231449484825">
        <ele>54.509999999999998</ele>
        <time>2020-07-18T13:32:33Z</time>
      </trkpt>
      <trkpt lat="61.54712475836277" lon="-6.767407720908523">
        <ele>54.299999999999997</ele>
        <time>2020-07-18T13:32:40Z</time>
      </trkpt>
      <trkpt lat="61.54719902202487" lon="-6.767549877986312">
        <ele>54.18</ele>
        <time>2020-07-18T13:32:46Z</time>
      </trkpt>
      <trkpt lat="61.547266328707337" lon="-6.767679797485471">
        <ele>55.560000000000002</ele>
        <time>2020-07-18T13:32:52Z</time>
      </trkpt>
      <trkpt lat="61.547337658703327" lon="-6.767819942906499">
        <ele>56.240000000000002</ele>
        <time>2020-07-18T13:32:59Z</time>
      </trkpt>
      <trkpt lat="61.547390129417181" lon="-6.76799881272018">
        <ele>57.390000000000001</ele>
        <time>2020-07-18T13:33:06Z</time>
      </trkpt>
      <trkpt lat="61.547434218227863" lon="-6.768181454390287">
        <ele>57.43</ele>
        <time>2020-07-18T13:33:13Z</time>
      </trkpt>
      <trkpt lat="61.547477133572102" lon="-6.768380859866738">
        <ele>58.340000000000003</ele>
        <time>2020-07-18T13:33:20Z</time>
      </trkpt>
      <trkpt lat="61.547508649528027" lon="-6.768564591184259">
        <ele>59.140000000000001</ele>
        <time>2020-07-18T13:33:26Z</time>
      </trkpt>
      <trkpt lat="61.547548715025187" lon="-6.768746562302113">
        <ele>59.020000000000003</ele>
        <time>2020-07-18T13:33:32Z</time>
      </trkpt>
      <trkpt lat="61.54758308082819" lon="-6.768926773220301">
        <ele>60.600000000000001</ele>
        <time>2020-07-18T13:33:39Z</time>
      </trkpt>
      <trkpt lat="61.547616692259908" lon="-6.769122071564198">
        <ele>60.630000000000003</ele>
        <time>2020-07-18T13:33:46Z</time>
      </trkpt>
      <trkpt lat="61.547664050012827" lon="-6.769309574738145">
        <ele>60.640000000000001</ele>
        <time>2020-07-18T13:33:53Z</time>
      </trkpt>
      <trkpt lat="61.54771601781249" lon="-6.769488444551826">
        <ele>62.039999999999999</ele>
        <time>2020-07-18T13:34:00Z</time>
      </trkpt>
      <trkpt lat="61.547754993662238" lon="-6.769665805622935">
        <ele>62.719999999999999</ele>
        <time>2020-07-18T13:34:06Z</time>
      </trkpt>
      <trkpt lat="61.547799836844206" lon="-6.769842999055982">
        <ele>62.210000000000001</ele>
        <time>2020-07-18T13:34:12Z</time>
      </trkpt>
      <trkpt lat="61.547836968675256" lon="-6.77003301680088">
        <ele>60.859999999999999</ele>
        <time>2020-07-18T13:34:18Z</time>
      </trkpt>
      <trkpt lat="61.547861443832517" lon="-6.770244827494025">
        <ele>59.960000000000001</ele>
        <time>2020-07-18T13:34:25Z</time>
      </trkpt>
      <trkpt lat="61.547893546521664" lon="-6.770420260727406">
        <ele>60.289999999999999</ele>
        <time>2020-07-18T13:34:31Z</time>
      </trkpt>
      <trkpt lat="61.547941910102963" lon="-6.770623354241252">
        <ele>60.200000000000003</ele>
        <time>2020-07-18T13:34:38Z</time>
      </trkpt>
      <trkpt lat="61.547992955893278" lon="-6.770781772211194">
        <ele>59.409999999999997</ele>
        <time>2020-07-18T13:34:44Z</time>
      </trkpt>
      <trkpt lat="61.548055065795779" lon="-6.770934322848916">
        <ele>60.240000000000002</ele>
        <time>2020-07-18T13:34:50Z</time>
      </trkpt>
      <trkpt lat="61.548126814886928" lon="-6.771096847951412">
        <ele>59.079999999999998</ele>
        <time>2020-07-18T13:34:57Z</time>
      </trkpt>
      <trkpt lat="61.548188086599112" lon="-6.771250907331705">
        <ele>57.990000000000002</ele>
        <time>2020-07-18T13:35:03Z</time>
      </trkpt>
      <trkpt lat="61.548249609768391" lon="-6.771429609507322">
        <ele>58.710000000000001</ele>
        <time>2020-07-18T13:35:09Z</time>
      </trkpt>
      <trkpt lat="61.548302499577403" lon="-6.771616190671921">
        <ele>56.909999999999997</ele>
        <time>2020-07-18T13:35:16Z</time>
      </trkpt>
      <trkpt lat="61.548357233405113" lon="-6.771763544529676">
        <ele>57.259999999999998</ele>
        <time>2020-07-18T13:35:22Z</time>
      </trkpt>
      <trkpt lat="61.548412889242172" lon="-6.771939229220152">
        <ele>58.5</ele>
        <time>2020-07-18T13:35:29Z</time>
      </trkpt>
      <trkpt lat="61.548472065478563" lon="-6.772127905860543">
        <ele>57.82</ele>
        <time>2020-07-18T13:35:36Z</time>
      </trkpt>
      <trkpt lat="61.548513891175389" lon="-6.772299064323306">
        <ele>57.609999999999999</ele>
        <time>2020-07-18T13:35:42Z</time>
      </trkpt>
      <trkpt lat="61.548575079068542" lon="-6.772508528083563">
        <ele>59.219999999999999</ele>
        <time>2020-07-18T13:36:37Z</time>
      </trkpt>
      <trkpt lat="61.548627046868205" lon="-6.772668287158012">
        <ele>59.289999999999999</ele>
        <time>2020-07-18T13:36:44Z</time>
      </trkpt>
      <trkpt lat="61.548674656078219" lon="-6.772856209427118">
        <ele>59.25</ele>
        <time>2020-07-18T13:37:32Z</time>
      </trkpt>
      <trkpt lat="61.548731653019786" lon="-6.773060979321599">
        <ele>58</ele>
        <time>2020-07-18T13:37:39Z</time>
      </trkpt>
      <trkpt lat="61.548791248351336" lon="-6.773210428655148">
        <ele>58.350000000000001</ele>
        <time>2020-07-18T13:37:45Z</time>
      </trkpt>
      <trkpt lat="61.548842629417777" lon="-6.77340011112392">
        <ele>57.439999999999998</ele>
        <time>2020-07-18T13:37:52Z</time>
      </trkpt>
      <trkpt lat="61.548901302739978" lon="-6.773564061149955">
        <ele>57.310000000000002</ele>
        <time>2020-07-18T13:37:58Z</time>
      </trkpt>
      <trkpt lat="61.548965005204082" lon="-6.773736728355289">
        <ele>56.700000000000003</ele>
        <time>2020-07-18T13:38:04Z</time>
      </trkpt>
      <trkpt lat="61.549018900841475" lon="-6.773935547098517">
        <ele>55.799999999999997</ele>
        <time>2020-07-18T13:38:11Z</time>
      </trkpt>
      <trkpt lat="61.549071036279202" lon="-6.774095222353935">
        <ele>54.880000000000003</ele>
        <time>2020-07-18T13:38:17Z</time>
      </trkpt>
      <trkpt lat="61.549121243879199" lon="-6.774302758276463">
        <ele>55.990000000000002</ele>
        <time>2020-07-18T13:38:24Z</time>
      </trkpt>
      <trkpt lat="61.549181845039129" lon="-6.774475676938891">
        <ele>55.600000000000001</ele>
        <time>2020-07-18T13:38:30Z</time>
      </trkpt>
      <trkpt lat="61.549235070124269" lon="-6.774663515388966">
        <ele>54.909999999999997</ele>
        <time>2020-07-18T13:38:36Z</time>
      </trkpt>
      <trkpt lat="61.549280164763331" lon="-6.774856131523848">
        <ele>54.439999999999998</ele>
        <time>2020-07-18T13:38:43Z</time>
      </trkpt>
      <trkpt lat="61.549337496981025" lon="-6.7750243563205">
        <ele>54.119999999999997</ele>
        <time>2020-07-18T13:38:49Z</time>
      </trkpt>
      <trkpt lat="61.549386950209737" lon="-6.775218229740858">
        <ele>53.020000000000003</ele>
        <time>2020-07-18T13:38:55Z</time>
      </trkpt>
      <trkpt lat="61.549419136717916" lon="-6.775405900552869">
        <ele>53.130000000000003</ele>
        <time>2020-07-18T13:39:01Z</time>
      </trkpt>
      <trkpt lat="61.549479402601719" lon="-6.775592481717467">
        <ele>51.369999999999997</ele>
        <time>2020-07-18T13:39:08Z</time>
      </trkpt>
      <trkpt lat="61.549537573009729" lon="-6.775756683200598">
        <ele>50.909999999999997</ele>
        <time>2020-07-18T13:39:14Z</time>
      </trkpt>
      <trkpt lat="61.549580655992031" lon="-6.775928512215614">
        <ele>50.829999999999998</ele>
        <time>2020-07-18T13:39:20Z</time>
      </trkpt>
      <trkpt lat="61.549626421183348" lon="-6.776123894378543">
        <ele>50.399999999999999</ele>
        <time>2020-07-18T13:39:27Z</time>
      </trkpt>
      <trkpt lat="61.549684004858136" lon="-6.776311732828617">
        <ele>49.840000000000003</ele>
        <time>2020-07-18T13:39:34Z</time>
      </trkpt>
      <trkpt lat="61.549737649038434" lon="-6.77650879137218">
        <ele>50.520000000000003</ele>
        <time>2020-07-18T13:39:41Z</time>
      </trkpt>
      <trkpt lat="61.549785593524575" lon="-6.776724793016911">
        <ele>50.259999999999998</ele>
        <time>2020-07-18T13:39:48Z</time>
      </trkpt>
      <trkpt lat="61.549841752275825" lon="-6.776923360303044">
        <ele>49.170000000000002</ele>
        <time>2020-07-18T13:39:55Z</time>
      </trkpt>
      <trkpt lat="61.549901012331247" lon="-6.777106840163469">
        <ele>49.460000000000001</ele>
        <time>2020-07-18T13:40:01Z</time>
      </trkpt>
      <trkpt lat="61.549947028979659" lon="-6.777305658906698">
        <ele>48.43</ele>
        <time>2020-07-18T13:40:08Z</time>
      </trkpt>
      <trkpt lat="61.550005367025733" lon="-6.77747773937881">
        <ele>47.93</ele>
        <time>2020-07-18T13:40:14Z</time>
      </trkpt>
      <trkpt lat="61.550054401159286" lon="-6.777650741860271">
        <ele>47.840000000000003</ele>
        <time>2020-07-18T13:40:20Z</time>
      </trkpt>
      <trkpt lat="61.550094215199351" lon="-6.777854170650244">
        <ele>48.270000000000003</ele>
        <time>2020-07-18T13:40:27Z</time>
      </trkpt>
      <trkpt lat="61.550139226019382" lon="-6.778036644682288">
        <ele>47.210000000000001</ele>
        <time>2020-07-18T13:40:33Z</time>
      </trkpt>
      <trkpt lat="61.550188595429063" lon="-6.778213083744049">
        <ele>48.07</ele>
        <time>2020-07-18T13:40:39Z</time>
      </trkpt>
      <trkpt lat="61.550229918211699" lon="-6.778409890830517">
        <ele>47.229999999999997</ele>
        <time>2020-07-18T13:40:45Z</time>
      </trkpt>
      <trkpt lat="61.550284652039409" lon="-6.778584569692612">
        <ele>48.189999999999998</ele>
        <time>2020-07-18T13:40:51Z</time>
      </trkpt>
      <trkpt lat="61.550332009792328" lon="-6.7787613440305">
        <ele>49.07</ele>
        <time>2020-07-18T13:40:57Z</time>
      </trkpt>
      <trkpt lat="61.55035606585443" lon="-6.778965527191758">
        <ele>49.259999999999998</ele>
        <time>2020-07-18T13:41:04Z</time>
      </trkpt>
      <trkpt lat="61.55039805918932" lon="-6.779166022315621">
        <ele>50</ele>
        <time>2020-07-18T13:41:11Z</time>
      </trkpt>
      <trkpt lat="61.550446590408683" lon="-6.779342796653509">
        <ele>51.950000000000003</ele>
        <time>2020-07-18T13:41:18Z</time>
      </trkpt>
      <trkpt lat="61.550489757210016" lon="-6.77953289821744">
        <ele>51.75</ele>
        <time>2020-07-18T13:41:25Z</time>
      </trkpt>
      <trkpt lat="61.550523787736893" lon="-6.779729034751654">
        <ele>53.740000000000002</ele>
        <time>2020-07-18T13:41:32Z</time>
      </trkpt>
      <trkpt lat="61.550552621483803" lon="-6.779914693906903">
        <ele>53.630000000000003</ele>
        <time>2020-07-18T13:41:39Z</time>
      </trkpt>
      <trkpt lat="61.550579108297825" lon="-6.780114769935608">
        <ele>54.310000000000002</ele>
        <time>2020-07-18T13:41:46Z</time>
      </trkpt>
      <trkpt lat="61.550604673102498" lon="-6.780316438525915">
        <ele>55.710000000000001</ele>
        <time>2020-07-18T13:41:53Z</time>
      </trkpt>
      <trkpt lat="61.550618335604668" lon="-6.780535038560629">
        <ele>56.310000000000002</ele>
        <time>2020-07-18T13:42:00Z</time>
      </trkpt>
      <trkpt lat="61.5506287291646" lon="-6.780741820111871">
        <ele>58.219999999999999</ele>
        <time>2020-07-18T13:42:07Z</time>
      </trkpt>
      <trkpt lat="61.550630321726203" lon="-6.780935861170292">
        <ele>57.350000000000001</ele>
        <time>2020-07-18T13:42:15Z</time>
      </trkpt>
      <trkpt lat="61.550637697800994" lon="-6.781174493953586">
        <ele>57.310000000000002</ele>
        <time>2020-07-18T13:43:26Z</time>
      </trkpt>
      <trkpt lat="61.550625711679459" lon="-6.781370881944895">
        <ele>57.329999999999998</ele>
        <time>2020-07-18T13:43:32Z</time>
      </trkpt>
      <trkpt lat="61.550612468272448" lon="-6.781573556363583">
        <ele>57.689999999999998</ele>
        <time>2020-07-18T13:43:38Z</time>
      </trkpt>
      <trkpt lat="61.550584556534886" lon="-6.781763909384608">
        <ele>55.369999999999997</ele>
        <time>2020-07-18T13:43:44Z</time>
      </trkpt>
      <trkpt lat="61.550532421097159" lon="-6.781931966543198">
        <ele>52.530000000000001</ele>
        <time>2020-07-18T13:43:50Z</time>
      </trkpt>
      <trkpt lat="61.550486655905843" lon="-6.78209868259728">
        <ele>53.310000000000002</ele>
        <time>2020-07-18T13:43:56Z</time>
      </trkpt>
      <trkpt lat="61.550420019775629" lon="-6.782254250720143">
        <ele>52.799999999999997</ele>
        <time>2020-07-18T13:44:02Z</time>
      </trkpt>
      <trkpt lat="61.550357909873128" lon="-6.782432366162539">
        <ele>52.939999999999998</ele>
        <time>2020-07-18T13:44:08Z</time>
      </trkpt>
      <trkpt lat="61.550293201580644" lon="-6.782575948163867">
        <ele>50.899999999999999</ele>
        <time>2020-07-18T13:44:14Z</time>
      </trkpt>
      <trkpt lat="61.550222709774971" lon="-6.782739059999585">
        <ele>50.649999999999999</ele>
        <time>2020-07-18T13:44:20Z</time>
      </trkpt>
      <trkpt lat="61.550151715055108" lon="-6.782880630344153">
        <ele>49.509999999999998</ele>
        <time>2020-07-18T13:44:26Z</time>
      </trkpt>
      <trkpt lat="61.550080217421055" lon="-6.783019350841641">
        <ele>50.939999999999998</ele>
        <time>2020-07-18T13:44:32Z</time>
      </trkpt>
      <trkpt lat="61.550012491643429" lon="-6.783175338059664">
        <ele>49.240000000000002</ele>
        <time>2020-07-18T13:44:38Z</time>
      </trkpt>
      <trkpt lat="61.549949543550611" lon="-6.783324787393212">
        <ele>49.420000000000002</ele>
        <time>2020-07-18T13:44:44Z</time>
      </trkpt>
      <trkpt lat="61.54987720772624" lon="-6.783458478748798">
        <ele>49.280000000000001</ele>
        <time>2020-07-18T13:44:50Z</time>
      </trkpt>
      <trkpt lat="61.549821468070149" lon="-6.783613543957472">
        <ele>49.780000000000001</ele>
        <time>2020-07-18T13:44:56Z</time>
      </trkpt>
      <trkpt lat="61.549764135852456" lon="-6.783760981634259">
        <ele>51.060000000000002</ele>
        <time>2020-07-18T13:45:02Z</time>
      </trkpt>
      <trkpt lat="61.549710407853127" lon="-6.783925099298358">
        <ele>51.219999999999999</ele>
        <time>2020-07-18T13:45:09Z</time>
      </trkpt>
      <trkpt lat="61.5496392454952" lon="-6.784108076244593">
        <ele>52.130000000000003</ele>
        <time>2020-07-18T13:45:17Z</time>
      </trkpt>
      <trkpt lat="61.549583086743951" lon="-6.784274373203516">
        <ele>53.82</ele>
        <time>2020-07-18T13:45:24Z</time>
      </trkpt>
      <trkpt lat="61.549549056217074" lon="-6.784470090642571">
        <ele>55.25</ele>
        <time>2020-07-18T13:45:31Z</time>
      </trkpt>
      <trkpt lat="61.54951024800539" lon="-6.784677375108004">
        <ele>56.859999999999999</ele>
        <time>2020-07-18T13:45:39Z</time>
      </trkpt>
      <trkpt lat="61.549519803375006" lon="-6.784894047304988">
        <ele>58.850000000000001</ele>
        <time>2020-07-18T13:45:46Z</time>
      </trkpt>
      <trkpt lat="61.549551989883184" lon="-6.78511206060648">
        <ele>57.259999999999998</ele>
        <time>2020-07-18T13:45:53Z</time>
      </trkpt>
      <trkpt lat="61.549574788659811" lon="-6.785299563780427">
        <ele>58.119999999999997</ele>
        <time>2020-07-18T13:45:59Z</time>
      </trkpt>
      <trkpt lat="61.54959280975163" lon="-6.785497292876244">
        <ele>58.119999999999997</ele>
        <time>2020-07-18T13:46:05Z</time>
      </trkpt>
      <trkpt lat="61.549602029845119" lon="-6.785708935931325">
        <ele>59.670000000000002</ele>
        <time>2020-07-18T13:46:12Z</time>
      </trkpt>
      <trkpt lat="61.549634216353297" lon="-6.785919573158026">
        <ele>58.93</ele>
        <time>2020-07-18T13:46:19Z</time>
      </trkpt>
      <trkpt lat="61.549686770886183" lon="-6.786113446578383">
        <ele>59.289999999999999</ele>
        <time>2020-07-18T13:46:26Z</time>
      </trkpt>
      <trkpt lat="61.549751562997699" lon="-6.786298686638475">
        <ele>59.899999999999999</ele>
        <time>2020-07-18T13:46:33Z</time>
      </trkpt>
      <trkpt lat="61.549794394522905" lon="-6.786506054922938">
        <ele>58.240000000000002</ele>
        <time>2020-07-18T13:46:40Z</time>
      </trkpt>
      <trkpt lat="61.54983077198267" lon="-6.786699676886201">
        <ele>57.640000000000001</ele>
        <time>2020-07-18T13:46:46Z</time>
      </trkpt>
      <trkpt lat="61.549887266010046" lon="-6.786859352141619">
        <ele>58.329999999999998</ele>
        <time>2020-07-18T13:46:56Z</time>
      </trkpt>
      <trkpt lat="61.549903778359294" lon="-6.786841414868832">
        <ele>58.280000000000001</ele>
        <time>2020-07-18T13:48:06Z</time>
      </trkpt>
      <trkpt lat="61.549963876605034" lon="-6.78700989112258">
        <ele>58.979999999999997</ele>
        <time>2020-07-18T13:48:12Z</time>
      </trkpt>
      <trkpt lat="61.55002523213625" lon="-6.787193790078163">
        <ele>58</ele>
        <time>2020-07-18T13:48:19Z</time>
      </trkpt>
      <trkpt lat="61.550094047561288" lon="-6.787354471161962">
        <ele>55.689999999999998</ele>
        <time>2020-07-18T13:48:25Z</time>
      </trkpt>
      <trkpt lat="61.550162695348263" lon="-6.787519007921219">
        <ele>56.020000000000003</ele>
        <time>2020-07-18T13:48:31Z</time>
      </trkpt>
      <trkpt lat="61.550229918211699" lon="-6.787687232717872">
        <ele>53.170000000000002</ele>
        <time>2020-07-18T13:48:37Z</time>
      </trkpt>
      <trkpt lat="61.550286496058106" lon="-6.787847327068448">
        <ele>51.530000000000001</ele>
        <time>2020-07-18T13:48:43Z</time>
      </trkpt>
      <trkpt lat="61.550345504656434" lon="-6.787997530773282">
        <ele>51.479999999999997</ele>
        <time>2020-07-18T13:48:49Z</time>
      </trkpt>
      <trkpt lat="61.550412392243743" lon="-6.788172209635377">
        <ele>52.380000000000003</ele>
        <time>2020-07-18T13:48:56Z</time>
      </trkpt>
      <trkpt lat="61.550473999232054" lon="-6.788312690332532">
        <ele>49.240000000000002</ele>
        <time>2020-07-18T13:49:02Z</time>
      </trkpt>
      <trkpt lat="61.550540970638394" lon="-6.788491392508149">
        <ele>46.460000000000001</ele>
        <time>2020-07-18T13:49:09Z</time>
      </trkpt>
      <trkpt lat="61.55060182325542" lon="-6.788653833791614">
        <ele>45.399999999999999</ele>
        <time>2020-07-18T13:49:15Z</time>
      </trkpt>
      <trkpt lat="61.550677344202995" lon="-6.788803869858384">
        <ele>44.859999999999999</ele>
        <time>2020-07-18T13:49:21Z</time>
      </trkpt>
      <trkpt lat="61.550742639228702" lon="-6.788961281999946">
        <ele>44.090000000000003</ele>
        <time>2020-07-18T13:49:27Z</time>
      </trkpt>
      <trkpt lat="61.550817070528865" lon="-6.789112072438002">
        <ele>43.299999999999997</ele>
        <time>2020-07-18T13:49:33Z</time>
      </trkpt>
      <trkpt lat="61.550880940631032" lon="-6.789289433509111">
        <ele>42.700000000000003</ele>
        <time>2020-07-18T13:49:40Z</time>
      </trkpt>
      <trkpt lat="61.550945648923516" lon="-6.789434943348169">
        <ele>41.399999999999999</ele>
        <time>2020-07-18T13:49:46Z</time>
      </trkpt>
      <trkpt lat="61.551018906757236" lon="-6.789592523127794">
        <ele>39.009999999999998</ele>
        <time>2020-07-18T13:49:53Z</time>
      </trkpt>
      <trkpt lat="61.551084285601974" lon="-6.789736524224281">
        <ele>37.659999999999997</ele>
        <time>2020-07-18T13:49:59Z</time>
      </trkpt>
      <trkpt lat="61.551153939217329" lon="-6.789914220571518">
        <ele>37.280000000000001</ele>
        <time>2020-07-18T13:50:05Z</time>
      </trkpt>
      <trkpt lat="61.551214205101132" lon="-6.79007263854146">
        <ele>36.859999999999999</ele>
        <time>2020-07-18T13:50:11Z</time>
      </trkpt>
      <trkpt lat="61.551267430186272" lon="-6.790231643244624">
        <ele>36.490000000000002</ele>
        <time>2020-07-18T13:50:17Z</time>
      </trkpt>
      <trkpt lat="61.551334904506803" lon="-6.790374722331762">
        <ele>36.229999999999997</ele>
        <time>2020-07-18T13:50:23Z</time>
      </trkpt>
      <trkpt lat="61.55139391310513" lon="-6.790531883016229">
        <ele>35.609999999999999</ele>
        <time>2020-07-18T13:50:29Z</time>
      </trkpt>
      <trkpt lat="61.551453340798616" lon="-6.790678231045604">
        <ele>36.5</ele>
        <time>2020-07-18T13:50:35Z</time>
      </trkpt>
      <trkpt lat="61.551513522863388" lon="-6.790840504691005">
        <ele>36.490000000000002</ele>
        <time>2020-07-18T13:50:41Z</time>
      </trkpt>
      <trkpt lat="61.551570352166891" lon="-6.790998503565788">
        <ele>37.960000000000001</ele>
        <time>2020-07-18T13:50:47Z</time>
      </trkpt>
      <trkpt lat="61.551627768203616" lon="-6.791165890172124">
        <ele>35.960000000000001</ele>
        <time>2020-07-18T13:50:53Z</time>
      </trkpt>
      <trkpt lat="61.551697757095098" lon="-6.791332270950079">
        <ele>34.770000000000003</ele>
        <time>2020-07-18T13:50:59Z</time>
      </trkpt>
      <trkpt lat="61.551747210323811" lon="-6.791504099965096">
        <ele>34.780000000000001</ele>
        <time>2020-07-18T13:51:05Z</time>
      </trkpt>
      <trkpt lat="61.551788449287415" lon="-6.791687998920679">
        <ele>34.310000000000002</ele>
        <time>2020-07-18T13:51:11Z</time>
      </trkpt>
      <trkpt lat="61.551831448450685" lon="-6.79187910631299">
        <ele>34.07</ele>
        <time>2020-07-18T13:51:17Z</time>
      </trkpt>
      <trkpt lat="61.551866317167878" lon="-6.792071470990777">
        <ele>33.939999999999998</ele>
        <time>2020-07-18T13:51:23Z</time>
      </trkpt>
      <trkpt lat="61.551905376836658" lon="-6.792243467643857">
        <ele>34.359999999999999</ele>
        <time>2020-07-18T13:51:29Z</time>
      </trkpt>
      <trkpt lat="61.551932031288743" lon="-6.792465588077903">
        <ele>33.43</ele>
        <time>2020-07-18T13:51:36Z</time>
      </trkpt>
      <trkpt lat="61.551971426233649" lon="-6.792661054059863">
        <ele>33.030000000000001</ele>
        <time>2020-07-18T13:51:42Z</time>
      </trkpt>
      <trkpt lat="61.552017359063029" lon="-6.792840510606766">
        <ele>33.630000000000003</ele>
        <time>2020-07-18T13:51:48Z</time>
      </trkpt>
      <trkpt lat="61.552046611905098" lon="-6.793029690161347">
        <ele>34</ele>
        <time>2020-07-18T13:51:54Z</time>
      </trkpt>
      <trkpt lat="61.552084749564528" lon="-6.793248625472188">
        <ele>33.159999999999997</ele>
        <time>2020-07-18T13:52:01Z</time>
      </trkpt>
      <trkpt lat="61.552125820890069" lon="-6.793446438387036">
        <ele>33.299999999999997</ele>
        <time>2020-07-18T13:52:07Z</time>
      </trkpt>
      <trkpt lat="61.552168065682054" lon="-6.79363276809454">
        <ele>33.289999999999999</ele>
        <time>2020-07-18T13:52:13Z</time>
      </trkpt>
      <trkpt lat="61.552218860015273" lon="-6.793814739212394">
        <ele>33.369999999999997</ele>
        <time>2020-07-18T13:52:19Z</time>
      </trkpt>
      <trkpt lat="61.552271330729127" lon="-6.794009953737259">
        <ele>33.630000000000003</ele>
        <time>2020-07-18T13:52:25Z</time>
      </trkpt>
      <trkpt lat="61.552347270771861" lon="-6.794196870177984">
        <ele>32.270000000000003</ele>
        <time>2020-07-18T13:52:31Z</time>
      </trkpt>
      <trkpt lat="61.55238289386034" lon="-6.794372303411365">
        <ele>31.629999999999999</ele>
        <time>2020-07-18T13:52:37Z</time>
      </trkpt>
      <trkpt lat="61.552421450614929" lon="-6.794547569006681">
        <ele>31.960000000000001</ele>
        <time>2020-07-18T13:52:43Z</time>
      </trkpt>
      <trkpt lat="61.552487164735794" lon="-6.794718811288476">
        <ele>31.100000000000001</ele>
        <time>2020-07-18T13:52:49Z</time>
      </trkpt>
      <trkpt lat="61.55252362601459" lon="-6.794900698587298">
        <ele>30.739999999999998</ele>
        <time>2020-07-18T13:52:55Z</time>
      </trkpt>
      <trkpt lat="61.552580958232284" lon="-6.795093733817339">
        <ele>30.66</ele>
        <time>2020-07-18T13:53:02Z</time>
      </trkpt>
      <trkpt lat="61.552616665139794" lon="-6.795277381315827">
        <ele>30.640000000000001</ele>
        <time>2020-07-18T13:53:08Z</time>
      </trkpt>
      <trkpt lat="61.552649522200227" lon="-6.795503525063396">
        <ele>30.600000000000001</ele>
        <time>2020-07-18T13:53:15Z</time>
      </trkpt>
      <trkpt lat="61.552714481949806" lon="-6.795666301622987">
        <ele>30.620000000000001</ele>
        <time>2020-07-18T13:53:21Z</time>
      </trkpt>
      <trkpt lat="61.55276058241725" lon="-6.79583452641964">
        <ele>30.699999999999999</ele>
        <time>2020-07-18T13:53:27Z</time>
      </trkpt>
      <trkpt lat="61.552799390628934" lon="-6.796019515022636">
        <ele>29.969999999999999</ele>
        <time>2020-07-18T13:53:33Z</time>
      </trkpt>
      <trkpt lat="61.552839456126094" lon="-6.796211376786232">
        <ele>29.079999999999998</ele>
        <time>2020-07-18T13:53:39Z</time>
      </trkpt>
      <trkpt lat="61.552872061729431" lon="-6.796408351510763">
        <ele>28.32</ele>
        <time>2020-07-18T13:53:45Z</time>
      </trkpt>
      <trkpt lat="61.55291598290205" lon="-6.796605745330453">
        <ele>27.559999999999999</ele>
        <time>2020-07-18T13:53:51Z</time>
      </trkpt>
      <trkpt lat="61.55295361764729" lon="-6.796783525496721">
        <ele>28.190000000000001</ele>
        <time>2020-07-18T13:53:57Z</time>
      </trkpt>
      <trkpt lat="61.55301078222692" lon="-6.7969676759094">
        <ele>27.239999999999998</ele>
        <time>2020-07-18T13:54:03Z</time>
      </trkpt>
      <trkpt lat="61.553047830238938" lon="-6.79716506972909">
        <ele>27.629999999999999</ele>
        <time>2020-07-18T13:54:09Z</time>
      </trkpt>
      <trkpt lat="61.553087560459971" lon="-6.797368163242936">
        <ele>27.949999999999999</ele>
        <time>2020-07-18T13:54:16Z</time>
      </trkpt>
      <trkpt lat="61.553133158013225" lon="-6.797544937580824">
        <ele>28.41</ele>
        <time>2020-07-18T13:54:22Z</time>
      </trkpt>
      <trkpt lat="61.553166015073657" lon="-6.797752808779478">
        <ele>28.879999999999999</ele>
        <time>2020-07-18T13:54:29Z</time>
      </trkpt>
      <trkpt lat="61.553222090005875" lon="-6.797924973070622">
        <ele>28.699999999999999</ele>
        <time>2020-07-18T13:54:35Z</time>
      </trkpt>
      <trkpt lat="61.553274225443602" lon="-6.798103088513017">
        <ele>28.449999999999999</ele>
        <time>2020-07-18T13:54:41Z</time>
      </trkpt>
      <trkpt lat="61.553312279284" lon="-6.798323700204492">
        <ele>28.859999999999999</ele>
        <time>2020-07-18T13:54:48Z</time>
      </trkpt>
      <trkpt lat="61.553348237648606" lon="-6.798507682979107">
        <ele>27.629999999999999</ele>
        <time>2020-07-18T13:54:54Z</time>
      </trkpt>
      <trkpt lat="61.553375227376819" lon="-6.798711447045207">
        <ele>28.16</ele>
        <time>2020-07-18T13:55:00Z</time>
      </trkpt>
      <trkpt lat="61.553407916799188" lon="-6.798916049301624">
        <ele>27.5</ele>
        <time>2020-07-18T13:55:06Z</time>
      </trkpt>
      <trkpt lat="61.553441360592842" lon="-6.799110341817141">
        <ele>27.699999999999999</ele>
        <time>2020-07-18T13:55:12Z</time>
      </trkpt>
      <trkpt lat="61.553482934832573" lon="-6.799315446987748">
        <ele>27.890000000000001</ele>
        <time>2020-07-18T13:55:18Z</time>
      </trkpt>
      <trkpt lat="61.553512774407864" lon="-6.799521390348673">
        <ele>27.120000000000001</ele>
        <time>2020-07-18T13:55:24Z</time>
      </trkpt>
      <trkpt lat="61.553562227636576" lon="-6.799710653722286">
        <ele>27.010000000000002</ele>
        <time>2020-07-18T13:55:31Z</time>
      </trkpt>
      <trkpt lat="61.553585194051266" lon="-6.799897570163012">
        <ele>27</ele>
        <time>2020-07-18T13:55:37Z</time>
      </trkpt>
      <trkpt lat="61.553598186001182" lon="-6.8001105543226">
        <ele>26.25</ele>
        <time>2020-07-18T13:55:44Z</time>
      </trkpt>
      <trkpt lat="61.55361570417881" lon="-6.800305601209402">
        <ele>26.66</ele>
        <time>2020-07-18T13:55:50Z</time>
      </trkpt>
      <trkpt lat="61.553643280640244" lon="-6.800494277849793">
        <ele>26.68</ele>
        <time>2020-07-18T13:55:56Z</time>
      </trkpt>
      <trkpt lat="61.553662810474634" lon="-6.800719331949949">
        <ele>26.260000000000002</ele>
        <time>2020-07-18T13:56:03Z</time>
      </trkpt>
      <trkpt lat="61.553693069145083" lon="-6.800936087965965">
        <ele>24.960000000000001</ele>
        <time>2020-07-18T13:56:10Z</time>
      </trkpt>
      <trkpt lat="61.553731039166451" lon="-6.801134990528226">
        <ele>25.550000000000001</ele>
        <time>2020-07-18T13:56:18Z</time>
      </trkpt>
      <trkpt lat="61.553773619234562" lon="-6.801316710188985">
        <ele>24.41</ele>
        <time>2020-07-18T13:56:24Z</time>
      </trkpt>
      <trkpt lat="61.553835226222873" lon="-6.801473619416356">
        <ele>23.780000000000001</ele>
        <time>2020-07-18T13:56:30Z</time>
      </trkpt>
      <trkpt lat="61.553888032212853" lon="-6.80164335295558">
        <ele>23.18</ele>
        <time>2020-07-18T13:56:36Z</time>
      </trkpt>
      <trkpt lat="61.553928181529045" lon="-6.801845608279109">
        <ele>21.390000000000001</ele>
        <time>2020-07-18T13:56:42Z</time>
      </trkpt>
      <trkpt lat="61.553963469341397" lon="-6.802017269656062">
        <ele>20.550000000000001</ele>
        <time>2020-07-18T13:56:48Z</time>
      </trkpt>
      <trkpt lat="61.553987776860595" lon="-6.802228661254048">
        <ele>19.280000000000001</ele>
        <time>2020-07-18T13:56:55Z</time>
      </trkpt>
      <trkpt lat="61.55401979573071" lon="-6.802413985133171">
        <ele>18.050000000000001</ele>
        <time>2020-07-18T13:57:01Z</time>
      </trkpt>
      <trkpt lat="61.554047120735049" lon="-6.802611043676734">
        <ele>17.43</ele>
        <time>2020-07-18T13:57:07Z</time>
      </trkpt>
      <trkpt lat="61.554080983623862" lon="-6.802792930975556">
        <ele>16.710000000000001</ele>
        <time>2020-07-18T13:57:13Z</time>
      </trkpt>
      <trkpt lat="61.554115433245897" lon="-6.80297682993114">
        <ele>14.49</ele>
        <time>2020-07-18T13:57:19Z</time>
      </trkpt>
      <trkpt lat="61.554149966686964" lon="-6.80316835641861">
        <ele>14.119999999999999</ele>
        <time>2020-07-18T13:57:25Z</time>
      </trkpt>
      <trkpt lat="61.554190870374441" lon="-6.803349824622273">
        <ele>13.390000000000001</ele>
        <time>2020-07-18T13:57:31Z</time>
      </trkpt>
      <trkpt lat="61.554235043004155" lon="-6.80358175188303">
        <ele>12.99</ele>
        <time>2020-07-18T13:57:38Z</time>
      </trkpt>
      <trkpt lat="61.554267313331366" lon="-6.803772607818246">
        <ele>12.039999999999999</ele>
        <time>2020-07-18T13:57:44Z</time>
      </trkpt>
      <trkpt lat="61.554301343858242" lon="-6.803972013294697">
        <ele>11.359999999999999</ele>
        <time>2020-07-18T13:57:50Z</time>
      </trkpt>
      <trkpt lat="61.55431785620749" lon="-6.804160522297025">
        <ele>10.800000000000001</ele>
        <time>2020-07-18T13:57:56Z</time>
      </trkpt>
      <trkpt lat="61.554334368556738" lon="-6.804366298019886">
        <ele>9.85</ele>
        <time>2020-07-18T13:58:02Z</time>
      </trkpt>
      <trkpt lat="61.554361106827855" lon="-6.804557405412197">
        <ele>9.17</ele>
        <time>2020-07-18T13:58:08Z</time>
      </trkpt>
      <trkpt lat="61.554378038272262" lon="-6.804755888879299">
        <ele>6.93</ele>
        <time>2020-07-18T13:58:15Z</time>
      </trkpt>
      <trkpt lat="61.55440142378211" lon="-6.804970465600491">
        <ele>5.46</ele>
        <time>2020-07-18T13:58:22Z</time>
      </trkpt>
      <trkpt lat="61.554455487057567" lon="-6.805140953511">
        <ele>3.81</ele>
        <time>2020-07-18T13:58:28Z</time>
      </trkpt>
      <trkpt lat="61.554500665515661" lon="-6.805309010669589">
        <ele>2.32</ele>
        <time>2020-07-18T13:58:34Z</time>
      </trkpt>
      <trkpt lat="61.554519943892956" lon="-6.805522497743368">
        <ele>1.64</ele>
        <time>2020-07-18T13:58:40Z</time>
      </trkpt>
      <trkpt lat="61.554554980248213" lon="-6.805699607357383">
        <ele>-0.23</ele>
        <time>2020-07-18T13:58:46Z</time>
      </trkpt>
      <trkpt lat="61.554594375193119" lon="-6.805895073339343">
        <ele>0.19</ele>
        <time>2020-07-18T13:58:53Z</time>
      </trkpt>
      <trkpt lat="61.554625974968076" lon="-6.806083079427481">
        <ele>0.31</ele>
        <time>2020-07-18T13:59:00Z</time>
      </trkpt>
      <trkpt lat="61.554660173133016" lon="-6.806301176548004">
        <ele>0.34</ele>
        <time>2020-07-18T13:59:07Z</time>
      </trkpt>
      <trkpt lat="61.554696299135685" lon="-6.806512400507927">
        <ele>0.36</ele>
        <time>2020-07-18T13:59:14Z</time>
      </trkpt>
      <trkpt lat="61.554734604433179" lon="-6.806714572012425">
        <ele>0.38</ele>
        <time>2020-07-18T13:59:21Z</time>
      </trkpt>
      <trkpt lat="61.554777016863227" lon="-6.806901069357991">
        <ele>0.46</ele>
        <time>2020-07-18T13:59:42Z</time>
      </trkpt>
    </trkseg>
  </trk>

</gpx>