<?xml version="1.0" encoding="utf-8"?><gpx creator="Garmin Desktop App" version="1.1" xsi:schemaLocation="http://www.topografix.com/GPX/1/1 http://www.topografix.com/GPX/1/1/gpx.xsd http://www.garmin.com/xmlschemas/WaypointExtension/v1 http://www8.garmin.com/xmlschemas/WaypointExtensionv1.xsd http://www.garmin.com/xmlschemas/TrackPointExtension/v1 http://www.garmin.com/xmlschemas/TrackPointExtensionv1.xsd http://www.garmin.com/xmlschemas/GpxExtensions/v3 http://www8.garmin.com/xmlschemas/GpxExtensionsv3.xsd http://www.garmin.com/xmlschemas/ActivityExtension/v1 http://www8.garmin.com/xmlschemas/ActivityExtensionv1.xsd http://www.garmin.com/xmlschemas/AdventuresExtensions/v1 http://www8.garmin.com/xmlschemas/AdventuresExtensionv1.xsd http://www.garmin.com/xmlschemas/PressureExtension/v1 http://www.garmin.com/xmlschemas/PressureExtensionv1.xsd http://www.garmin.com/xmlschemas/TripExtensions/v1 http://www.garmin.com/xmlschemas/TripExtensionsv1.xsd http://www.garmin.com/xmlschemas/TripMetaDataExtensions/v1 http://www.garmin.com/xmlschemas/TripMetaDataExtensionsv1.xsd http://www.garmin.com/xmlschemas/ViaPointTransportationModeExtensions/v1 http://www.garmin.com/xmlschemas/ViaPointTransportationModeExtensionsv1.xsd http://www.garmin.com/xmlschemas/CreationTimeExtension/v1 http://www.garmin.com/xmlschemas/CreationTimeExtensionsv1.xsd http://www.garmin.com/xmlschemas/AccelerationExtension/v1 http://www.garmin.com/xmlschemas/AccelerationExtensionv1.xsd http://www.garmin.com/xmlschemas/PowerExtension/v1 http://www.garmin.com/xmlschemas/PowerExtensionv1.xsd http://www.garmin.com/xmlschemas/VideoExtension/v1 http://www.garmin.com/xmlschemas/VideoExtensionv1.xsd" xmlns="http://www.topografix.com/GPX/1/1" xmlns:xsi="http://www.w3.org/2001/XMLSchema-instance" xmlns:wptx1="http://www.garmin.com/xmlschemas/WaypointExtension/v1" xmlns:gpxtrx="http://www.garmin.com/xmlschemas/GpxExtensions/v3" xmlns:gpxtpx="http://www.garmin.com/xmlschemas/TrackPointExtension/v1" xmlns:gpxx="http://www.garmin.com/xmlschemas/GpxExtensions/v3" xmlns:trp="http://www.garmin.com/xmlschemas/TripExtensions/v1" xmlns:adv="http://www.garmin.com/xmlschemas/AdventuresExtensions/v1" xmlns:prs="http://www.garmin.com/xmlschemas/PressureExtension/v1" xmlns:tmd="http://www.garmin.com/xmlschemas/TripMetaDataExtensions/v1" xmlns:vptm="http://www.garmin.com/xmlschemas/ViaPointTransportationModeExtensions/v1" xmlns:ctx="http://www.garmin.com/xmlschemas/CreationTimeExtension/v1" xmlns:gpxacc="http://www.garmin.com/xmlschemas/AccelerationExtension/v1" xmlns:gpxpx="http://www.garmin.com/xmlschemas/PowerExtension/v1" xmlns:vidx1="http://www.garmin.com/xmlschemas/VideoExtension/v1">

  <metadata>
    <link href="http://www.garmin.com">
      <text>Garmin International</text>
    </link>
    <time>2021-01-27T13:53:51Z</time>
    <bounds maxlat="61.564051257446408" maxlon="-6.816153014078736" minlat="61.473394017666578" minlon="-6.889535151422024" />
  </metadata>

  <wpt lat="61.562072038650513" lon="-6.868492970243096">
    <ele>53.068249000000002</ele>
    <time>2020-07-20T08:08:43Z</time>
    <name>WP1 02_F</name>
    <sym>Flag, Blue</sym>
    <type>user</type>
    <extensions>
      <gpxx:WaypointExtension>
        <gpxx:DisplayMode>SymbolAndName</gpxx:DisplayMode>
      </gpxx:WaypointExtension>
      <wptx1:WaypointExtension>
        <wptx1:DisplayMode>SymbolAndName</wptx1:DisplayMode>
      </wptx1:WaypointExtension>
      <ctx:CreationTimeExtension>
        <ctx:CreationTime>2020-07-20T08:08:43Z</ctx:CreationTime>
      </ctx:CreationTimeExtension>
    </extensions>
  </wpt>

  <wpt lat="61.549027031287551" lon="-6.857672017067671">
    <ele>239.54466199999999</ele>
    <time>2020-07-20T08:49:02Z</time>
    <name>WP2 22_F</name>
    <sym>Flag, Blue</sym>
    <type>user</type>
    <extensions>
      <gpxx:WaypointExtension>
        <gpxx:DisplayMode>SymbolAndName</gpxx:DisplayMode>
      </gpxx:WaypointExtension>
      <wptx1:WaypointExtension>
        <wptx1:DisplayMode>SymbolAndName</wptx1:DisplayMode>
      </wptx1:WaypointExtension>
      <ctx:CreationTimeExtension>
        <ctx:CreationTime>2020-07-20T08:49:02Z</ctx:CreationTime>
      </ctx:CreationTimeExtension>
    </extensions>
  </wpt>

  <wpt lat="61.537008974701166" lon="-6.862252978608012">
    <ele>245.33966100000001</ele>
    <time>2020-07-20T10:09:04Z</time>
    <name>WP3 39_F</name>
    <sym>Flag, Blue</sym>
    <type>user</type>
    <extensions>
      <gpxx:WaypointExtension>
        <gpxx:DisplayMode>SymbolAndName</gpxx:DisplayMode>
      </gpxx:WaypointExtension>
      <wptx1:WaypointExtension>
        <wptx1:DisplayMode>SymbolAndName</wptx1:DisplayMode>
      </wptx1:WaypointExtension>
      <ctx:CreationTimeExtension>
        <ctx:CreationTime>2020-07-20T10:09:04Z</ctx:CreationTime>
      </ctx:CreationTimeExtension>
    </extensions>
  </wpt>

  <wpt lat="61.525826007127762" lon="-6.879846006631851">
    <ele>2.558617</ele>
    <time>2020-07-20T10:54:30Z</time>
    <name>WP4 66_F</name>
    <sym>Flag, Blue</sym>
    <type>user</type>
    <extensions>
      <gpxx:WaypointExtension>
        <gpxx:DisplayMode>SymbolAndName</gpxx:DisplayMode>
      </gpxx:WaypointExtension>
      <wptx1:WaypointExtension>
        <wptx1:DisplayMode>SymbolAndName</wptx1:DisplayMode>
      </wptx1:WaypointExtension>
      <ctx:CreationTimeExtension>
        <ctx:CreationTime>2020-07-20T10:54:30Z</ctx:CreationTime>
      </ctx:CreationTimeExtension>
    </extensions>
  </wpt>

  <wpt lat="61.518549006432295" lon="-6.88169002532959">
    <ele>70.741150000000005</ele>
    <time>2020-07-20T11:12:08Z</time>
    <name>WP5 68_F</name>
    <sym>Flag, Blue</sym>
    <type>user</type>
    <extensions>
      <gpxx:WaypointExtension>
        <gpxx:DisplayMode>SymbolAndName</gpxx:DisplayMode>
      </gpxx:WaypointExtension>
      <wptx1:WaypointExtension>
        <wptx1:DisplayMode>SymbolAndName</wptx1:DisplayMode>
      </wptx1:WaypointExtension>
      <ctx:CreationTimeExtension>
        <ctx:CreationTime>2020-07-20T11:12:08Z</ctx:CreationTime>
      </ctx:CreationTimeExtension>
    </extensions>
  </wpt>

  <wpt lat="61.501896008849144" lon="-6.874077999964356">
    <ele>370.36447099999998</ele>
    <time>2020-07-20T12:09:48Z</time>
    <name>WP6 97_F</name>
    <sym>Flag, Blue</sym>
    <type>user</type>
    <extensions>
      <gpxx:WaypointExtension>
        <gpxx:DisplayMode>SymbolAndName</gpxx:DisplayMode>
      </gpxx:WaypointExtension>
      <wptx1:WaypointExtension>
        <wptx1:DisplayMode>SymbolAndName</wptx1:DisplayMode>
      </wptx1:WaypointExtension>
      <ctx:CreationTimeExtension>
        <ctx:CreationTime>2020-07-20T12:09:48Z</ctx:CreationTime>
      </ctx:CreationTimeExtension>
    </extensions>
  </wpt>

  <wpt lat="61.484374981373549" lon="-6.85515602119267">
    <ele>262.77929699999999</ele>
    <time>2020-07-20T13:01:23Z</time>
    <name>WP7 104_F</name>
    <sym>Flag, Blue</sym>
    <type>user</type>
    <extensions>
      <gpxx:WaypointExtension>
        <gpxx:DisplayMode>SymbolAndName</gpxx:DisplayMode>
      </gpxx:WaypointExtension>
      <wptx1:WaypointExtension>
        <wptx1:DisplayMode>SymbolAndName</wptx1:DisplayMode>
      </wptx1:WaypointExtension>
      <ctx:CreationTimeExtension>
        <ctx:CreationTime>2020-07-20T13:01:23Z</ctx:CreationTime>
      </ctx:CreationTimeExtension>
    </extensions>
  </wpt>

  <trk>
    <name>27 Wanderung Trongisvágur Fámjin Vágur CS</name>
    <extensions>
      <gpxx:TrackExtension>
        <gpxx:DisplayColor>Blue</gpxx:DisplayColor>
      </gpxx:TrackExtension>
    </extensions>
    <trkseg>
      <trkpt lat="61.564051257446408" lon="-6.86584671959281">
        <ele>46.68</ele>
        <time>2020-07-20T07:54:16Z</time>
      </trkpt>
      <trkpt lat="61.563943047076464" lon="-6.865748232230544">
        <ele>45.719999999999999</ele>
        <time>2020-07-20T07:54:44Z</time>
      </trkpt>
      <trkpt lat="61.563866017386317" lon="-6.865635830909014">
        <ele>42.630000000000003</ele>
        <time>2020-07-20T07:54:54Z</time>
      </trkpt>
      <trkpt lat="61.563762249425054" lon="-6.865555280819535">
        <ele>39.609999999999999</ele>
        <time>2020-07-20T07:55:03Z</time>
      </trkpt>
      <trkpt lat="61.563645321875811" lon="-6.865451177582145">
        <ele>37.460000000000001</ele>
        <time>2020-07-20T07:55:11Z</time>
      </trkpt>
      <trkpt lat="61.563544068485498" lon="-6.865311618894339">
        <ele>35.479999999999997</ele>
        <time>2020-07-20T07:55:20Z</time>
      </trkpt>
      <trkpt lat="61.563416915014386" lon="-6.865282533690333">
        <ele>31.710000000000001</ele>
        <time>2020-07-20T07:55:31Z</time>
      </trkpt>
      <trkpt lat="61.563317170366645" lon="-6.865167953073978">
        <ele>30.260000000000002</ele>
        <time>2020-07-20T07:55:40Z</time>
      </trkpt>
      <trkpt lat="61.563220275565982" lon="-6.865125205367804">
        <ele>28.920000000000002</ele>
        <time>2020-07-20T07:55:50Z</time>
      </trkpt>
      <trkpt lat="61.563107371330261" lon="-6.865050187334418">
        <ele>27.559999999999999</ele>
        <time>2020-07-20T07:56:02Z</time>
      </trkpt>
      <trkpt lat="61.563047524541616" lon="-6.864850614219904">
        <ele>25.390000000000001</ele>
        <time>2020-07-20T07:56:11Z</time>
      </trkpt>
      <trkpt lat="61.563018690794706" lon="-6.864649532362819">
        <ele>25.02</ele>
        <time>2020-07-20T07:56:17Z</time>
      </trkpt>
      <trkpt lat="61.563008464872837" lon="-6.864412659779191">
        <ele>25.079999999999998</ele>
        <time>2020-07-20T07:56:23Z</time>
      </trkpt>
      <trkpt lat="61.563009554520249" lon="-6.864228760823607">
        <ele>23.550000000000001</ele>
        <time>2020-07-20T07:56:30Z</time>
      </trkpt>
      <trkpt lat="61.563006872311234" lon="-6.864040419459343">
        <ele>22.73</ele>
        <time>2020-07-20T07:56:38Z</time>
      </trkpt>
      <trkpt lat="61.562991449609399" lon="-6.863898932933807">
        <ele>23.940000000000001</ele>
        <time>2020-07-20T07:57:16Z</time>
      </trkpt>
      <trkpt lat="61.563016343861818" lon="-6.863693157210946">
        <ele>23.780000000000001</ele>
        <time>2020-07-20T07:57:25Z</time>
      </trkpt>
      <trkpt lat="61.562960017472506" lon="-6.86349106952548">
        <ele>23.43</ele>
        <time>2020-07-20T07:57:35Z</time>
      </trkpt>
      <trkpt lat="61.562915425747633" lon="-6.863288981840015">
        <ele>22.710000000000001</ele>
        <time>2020-07-20T07:57:41Z</time>
      </trkpt>
      <trkpt lat="61.562863541767001" lon="-6.86309133656323">
        <ele>23.41</ele>
        <time>2020-07-20T07:57:47Z</time>
      </trkpt>
      <trkpt lat="61.562808472663164" lon="-6.862905090674758">
        <ele>23.140000000000001</ele>
        <time>2020-07-20T07:57:54Z</time>
      </trkpt>
      <trkpt lat="61.562760276719928" lon="-6.862717755138874">
        <ele>22.41</ele>
        <time>2020-07-20T07:58:00Z</time>
      </trkpt>
      <trkpt lat="61.562747368589044" lon="-6.862525474280119">
        <ele>22.100000000000001</ele>
        <time>2020-07-20T07:58:06Z</time>
      </trkpt>
      <trkpt lat="61.562776453793049" lon="-6.862321877852082">
        <ele>20.399999999999999</ele>
        <time>2020-07-20T07:58:12Z</time>
      </trkpt>
      <trkpt lat="61.562793971970677" lon="-6.86212339438498">
        <ele>19.559999999999999</ele>
        <time>2020-07-20T07:58:18Z</time>
      </trkpt>
      <trkpt lat="61.56280972994864" lon="-6.861915271729231">
        <ele>18.870000000000001</ele>
        <time>2020-07-20T07:58:25Z</time>
      </trkpt>
      <trkpt lat="61.562804784625769" lon="-6.861704047769308">
        <ele>18.829999999999998</ele>
        <time>2020-07-20T07:58:31Z</time>
      </trkpt>
      <trkpt lat="61.562797240912914" lon="-6.861505312845111">
        <ele>17.82</ele>
        <time>2020-07-20T07:58:37Z</time>
      </trkpt>
      <trkpt lat="61.562771676108241" lon="-6.861291909590364">
        <ele>18.09</ele>
        <time>2020-07-20T07:58:43Z</time>
      </trkpt>
      <trkpt lat="61.562732700258493" lon="-6.861097700893879">
        <ele>19.239999999999998</ele>
        <time>2020-07-20T07:58:49Z</time>
      </trkpt>
      <trkpt lat="61.5626529045403" lon="-6.860910281538963">
        <ele>18.149999999999999</ele>
        <time>2020-07-20T07:58:56Z</time>
      </trkpt>
      <trkpt lat="61.562574617564678" lon="-6.860777596011758">
        <ele>17.420000000000002</ele>
        <time>2020-07-20T07:59:02Z</time>
      </trkpt>
      <trkpt lat="61.562492474913597" lon="-6.860657567158341">
        <ele>16.379999999999999</ele>
        <time>2020-07-20T07:59:08Z</time>
      </trkpt>
      <trkpt lat="61.562483254820108" lon="-6.860463358461857">
        <ele>15.869999999999999</ele>
        <time>2020-07-20T07:59:14Z</time>
      </trkpt>
      <trkpt lat="61.562505131587386" lon="-6.860271077603102">
        <ele>15.550000000000001</ele>
        <time>2020-07-20T07:59:20Z</time>
      </trkpt>
      <trkpt lat="61.562507478520274" lon="-6.860068822279573">
        <ele>17.43</ele>
        <time>2020-07-20T07:59:27Z</time>
      </trkpt>
      <trkpt lat="61.562415529042482" lon="-6.859948122873902">
        <ele>16.329999999999998</ele>
        <time>2020-07-20T07:59:34Z</time>
      </trkpt>
      <trkpt lat="61.562329195439816" lon="-6.859812838956714">
        <ele>16.91</ele>
        <time>2020-07-20T07:59:41Z</time>
      </trkpt>
      <trkpt lat="61.562239592894912" lon="-6.859688367694616">
        <ele>17.940000000000001</ele>
        <time>2020-07-20T07:59:48Z</time>
      </trkpt>
      <trkpt lat="61.562153091654181" lon="-6.859577810391784">
        <ele>18.199999999999999</ele>
        <time>2020-07-20T07:59:54Z</time>
      </trkpt>
      <trkpt lat="61.562051251530647" lon="-6.859486866742373">
        <ele>18.43</ele>
        <time>2020-07-20T08:00:01Z</time>
      </trkpt>
      <trkpt lat="61.561962235718966" lon="-6.859437245875597">
        <ele>18.82</ele>
        <time>2020-07-20T08:00:07Z</time>
      </trkpt>
      <trkpt lat="61.561871878802776" lon="-6.859360551461577">
        <ele>19.140000000000001</ele>
        <time>2020-07-20T08:00:13Z</time>
      </trkpt>
      <trkpt lat="61.561776576563716" lon="-6.859302967786789">
        <ele>18.449999999999999</ele>
        <time>2020-07-20T08:00:19Z</time>
      </trkpt>
      <trkpt lat="61.561676831915975" lon="-6.859228704124689">
        <ele>17.32</ele>
        <time>2020-07-20T08:00:25Z</time>
      </trkpt>
      <trkpt lat="61.561582870781422" lon="-6.859151842072606">
        <ele>17.5</ele>
        <time>2020-07-20T08:00:31Z</time>
      </trkpt>
      <trkpt lat="61.561497375369072" lon="-6.859053438529372">
        <ele>17.329999999999998</ele>
        <time>2020-07-20T08:00:37Z</time>
      </trkpt>
      <trkpt lat="61.561404839158058" lon="-6.858966685831547">
        <ele>16.460000000000001</ele>
        <time>2020-07-20T08:00:43Z</time>
      </trkpt>
      <trkpt lat="61.561310291290283" lon="-6.85888035222888">
        <ele>16.989999999999998</ele>
        <time>2020-07-20T08:00:49Z</time>
      </trkpt>
      <trkpt lat="61.561214905232191" lon="-6.858792593702674">
        <ele>16.649999999999999</ele>
        <time>2020-07-20T08:00:55Z</time>
      </trkpt>
      <trkpt lat="61.561127481982112" lon="-6.858711037784815">
        <ele>18.440000000000001</ele>
        <time>2020-07-20T08:01:01Z</time>
      </trkpt>
      <trkpt lat="61.561034191399813" lon="-6.858672983944416">
        <ele>15.380000000000001</ele>
        <time>2020-07-20T08:01:07Z</time>
      </trkpt>
      <trkpt lat="61.560921957716346" lon="-6.858660997822881">
        <ele>16.760000000000002</ele>
        <time>2020-07-20T08:01:14Z</time>
      </trkpt>
      <trkpt lat="61.560822548344731" lon="-6.858651777729392">
        <ele>16.109999999999999</ele>
        <time>2020-07-20T08:01:20Z</time>
      </trkpt>
      <trkpt lat="61.560724563896656" lon="-6.858664937317371">
        <ele>17.210000000000001</ele>
        <time>2020-07-20T08:01:26Z</time>
      </trkpt>
      <trkpt lat="61.56062163412571" lon="-6.858676504343748">
        <ele>15.949999999999999</ele>
        <time>2020-07-20T08:01:33Z</time>
      </trkpt>
      <trkpt lat="61.560518704354763" lon="-6.858670134097338">
        <ele>18.120000000000001</ele>
        <time>2020-07-20T08:01:40Z</time>
      </trkpt>
      <trkpt lat="61.560421725735068" lon="-6.858682455495">
        <ele>19.289999999999999</ele>
        <time>2020-07-20T08:01:46Z</time>
      </trkpt>
      <trkpt lat="61.560312425717711" lon="-6.858665104955435">
        <ele>19.010000000000002</ele>
        <time>2020-07-20T08:01:53Z</time>
      </trkpt>
      <trkpt lat="61.560202706605196" lon="-6.858679857105017">
        <ele>19.940000000000001</ele>
        <time>2020-07-20T08:02:00Z</time>
      </trkpt>
      <trkpt lat="61.560105811804533" lon="-6.858678348362446">
        <ele>21.149999999999999</ele>
        <time>2020-07-20T08:02:07Z</time>
      </trkpt>
      <trkpt lat="61.560006067156792" lon="-6.858675498515368">
        <ele>21.289999999999999</ele>
        <time>2020-07-20T08:02:14Z</time>
      </trkpt>
      <trkpt lat="61.55990288592875" lon="-6.858707098290324">
        <ele>22.68</ele>
        <time>2020-07-20T08:02:21Z</time>
      </trkpt>
      <trkpt lat="61.559887044131756" lon="-6.858899714425206">
        <ele>24.920000000000002</ele>
        <time>2020-07-20T08:02:29Z</time>
      </trkpt>
      <trkpt lat="61.559905232861638" lon="-6.859127953648567">
        <ele>25.199999999999999</ele>
        <time>2020-07-20T08:02:37Z</time>
      </trkpt>
      <trkpt lat="61.559923002496362" lon="-6.859312606975436">
        <ele>26.210000000000001</ele>
        <time>2020-07-20T08:02:44Z</time>
      </trkpt>
      <trkpt lat="61.559935826808214" lon="-6.859527351334691">
        <ele>26.66</ele>
        <time>2020-07-20T08:02:52Z</time>
      </trkpt>
      <trkpt lat="61.559964157640934" lon="-6.859741006046534">
        <ele>27.879999999999999</ele>
        <time>2020-07-20T08:03:00Z</time>
      </trkpt>
      <trkpt lat="61.55998108908534" lon="-6.859958684071899">
        <ele>29.800000000000001</ele>
        <time>2020-07-20T08:03:08Z</time>
      </trkpt>
      <trkpt lat="61.560011599212885" lon="-6.860164711251855">
        <ele>31.43</ele>
        <time>2020-07-20T08:03:16Z</time>
      </trkpt>
      <trkpt lat="61.560059627518058" lon="-6.86036772094667">
        <ele>32.710000000000001</ele>
        <time>2020-07-20T08:03:24Z</time>
      </trkpt>
      <trkpt lat="61.560100615024567" lon="-6.860567964613438">
        <ele>30.25</ele>
        <time>2020-07-20T08:03:32Z</time>
      </trkpt>
      <trkpt lat="61.560146128758788" lon="-6.860783295705915">
        <ele>31.780000000000001</ele>
        <time>2020-07-20T08:03:43Z</time>
      </trkpt>
      <trkpt lat="61.560213686898351" lon="-6.860976750031114">
        <ele>31.850000000000001</ele>
        <time>2020-07-20T08:03:50Z</time>
      </trkpt>
      <trkpt lat="61.560275629162788" lon="-6.861128462478519">
        <ele>32.770000000000003</ele>
        <time>2020-07-20T08:03:56Z</time>
      </trkpt>
      <trkpt lat="61.560337068513036" lon="-6.861284868791699">
        <ele>33.359999999999999</ele>
        <time>2020-07-20T08:04:02Z</time>
      </trkpt>
      <trkpt lat="61.560406386852264" lon="-6.861444627866149">
        <ele>33.590000000000003</ele>
        <time>2020-07-20T08:04:09Z</time>
      </trkpt>
      <trkpt lat="61.560471849516034" lon="-6.861610841006041">
        <ele>33.630000000000003</ele>
        <time>2020-07-20T08:04:16Z</time>
      </trkpt>
      <trkpt lat="61.560538653284311" lon="-6.861776383593679">
        <ele>33.100000000000001</ele>
        <time>2020-07-20T08:04:23Z</time>
      </trkpt>
      <trkpt lat="61.560592129826546" lon="-6.861947625875473">
        <ele>33.289999999999999</ele>
        <time>2020-07-20T08:04:30Z</time>
      </trkpt>
      <trkpt lat="61.560650048777461" lon="-6.862107971683145">
        <ele>33.960000000000001</ele>
        <time>2020-07-20T08:04:37Z</time>
      </trkpt>
      <trkpt lat="61.560697825625539" lon="-6.862286422401667">
        <ele>35.759999999999998</ele>
        <time>2020-07-20T08:04:44Z</time>
      </trkpt>
      <trkpt lat="61.560747781768441" lon="-6.862475099042058">
        <ele>37.299999999999997</ele>
        <time>2020-07-20T08:04:52Z</time>
      </trkpt>
      <trkpt lat="61.560789775103331" lon="-6.862668721005321">
        <ele>37.380000000000003</ele>
        <time>2020-07-20T08:05:00Z</time>
      </trkpt>
      <trkpt lat="61.560835121199489" lon="-6.862859996035695">
        <ele>38.299999999999997</ele>
        <time>2020-07-20T08:05:08Z</time>
      </trkpt>
      <trkpt lat="61.560871917754412" lon="-6.863057976588607">
        <ele>39.280000000000001</ele>
        <time>2020-07-20T08:05:16Z</time>
      </trkpt>
      <trkpt lat="61.560922125354409" lon="-6.863268865272403">
        <ele>40.630000000000003</ele>
        <time>2020-07-20T08:05:25Z</time>
      </trkpt>
      <trkpt lat="61.560976104810834" lon="-6.863462738692761">
        <ele>41.310000000000002</ele>
        <time>2020-07-20T08:05:33Z</time>
      </trkpt>
      <trkpt lat="61.561020947992802" lon="-6.863659461960197">
        <ele>43.020000000000003</ele>
        <time>2020-07-20T08:05:41Z</time>
      </trkpt>
      <trkpt lat="61.561058582738042" lon="-6.863843780010939">
        <ele>44.090000000000003</ele>
        <time>2020-07-20T08:05:48Z</time>
      </trkpt>
      <trkpt lat="61.561108957976103" lon="-6.864013681188226">
        <ele>44.18</ele>
        <time>2020-07-20T08:05:55Z</time>
      </trkpt>
      <trkpt lat="61.561140725389123" lon="-6.864210152998567">
        <ele>44.770000000000003</ele>
        <time>2020-07-20T08:06:03Z</time>
      </trkpt>
      <trkpt lat="61.56116939149797" lon="-6.86442531645298">
        <ele>46.460000000000001</ele>
        <time>2020-07-20T08:06:11Z</time>
      </trkpt>
      <trkpt lat="61.561194704845548" lon="-6.864619441330433">
        <ele>46.960000000000001</ele>
        <time>2020-07-20T08:06:18Z</time>
      </trkpt>
      <trkpt lat="61.56122169457376" lon="-6.864833850413561">
        <ele>48.43</ele>
        <time>2020-07-20T08:06:27Z</time>
      </trkpt>
      <trkpt lat="61.561249187216163" lon="-6.865036273375154">
        <ele>48.159999999999997</ele>
        <time>2020-07-20T08:06:35Z</time>
      </trkpt>
      <trkpt lat="61.561283301562071" lon="-6.865273816511035">
        <ele>51.25</ele>
        <time>2020-07-20T08:06:43Z</time>
      </trkpt>
      <trkpt lat="61.561311800032854" lon="-6.865493003278971">
        <ele>52.210000000000001</ele>
        <time>2020-07-20T08:06:51Z</time>
      </trkpt>
      <trkpt lat="61.561320098116994" lon="-6.865706657990813">
        <ele>54.899999999999999</ele>
        <time>2020-07-20T08:06:59Z</time>
      </trkpt>
      <trkpt lat="61.561345998197794" lon="-6.865926766768098">
        <ele>55.049999999999997</ele>
        <time>2020-07-20T08:07:07Z</time>
      </trkpt>
      <trkpt lat="61.561379441991448" lon="-6.866145450621843">
        <ele>54.060000000000002</ele>
        <time>2020-07-20T08:07:14Z</time>
      </trkpt>
      <trkpt lat="61.561433086171746" lon="-6.866326918825507">
        <ele>55.189999999999998</ele>
        <time>2020-07-20T08:07:20Z</time>
      </trkpt>
      <trkpt lat="61.561507014557719" lon="-6.8665068782866">
        <ele>52.960000000000001</ele>
        <time>2020-07-20T08:07:27Z</time>
      </trkpt>
      <trkpt lat="61.56156225129962" lon="-6.866670828312635">
        <ele>53.109999999999999</ele>
        <time>2020-07-20T08:07:33Z</time>
      </trkpt>
      <trkpt lat="61.561609357595444" lon="-6.866835281252861">
        <ele>52.310000000000002</ele>
        <time>2020-07-20T08:07:39Z</time>
      </trkpt>
      <trkpt lat="61.56165512278676" lon="-6.86701700091362">
        <ele>52.869999999999997</ele>
        <time>2020-07-20T08:07:45Z</time>
      </trkpt>
      <trkpt lat="61.561707425862551" lon="-6.867189751937985">
        <ele>53.149999999999999</ele>
        <time>2020-07-20T08:07:51Z</time>
      </trkpt>
      <trkpt lat="61.561759058386087" lon="-6.867350181564689">
        <ele>54.840000000000003</ele>
        <time>2020-07-20T08:07:57Z</time>
      </trkpt>
      <trkpt lat="61.561817899346352" lon="-6.867524273693562">
        <ele>53.979999999999997</ele>
        <time>2020-07-20T08:08:04Z</time>
      </trkpt>
      <trkpt lat="61.561869867146015" lon="-6.867685541510582">
        <ele>54.649999999999999</ele>
        <time>2020-07-20T08:08:10Z</time>
      </trkpt>
      <trkpt lat="61.561922254040837" lon="-6.867843959480524">
        <ele>54.140000000000001</ele>
        <time>2020-07-20T08:08:16Z</time>
      </trkpt>
      <trkpt lat="61.561967935413122" lon="-6.868035485967994">
        <ele>55.280000000000001</ele>
        <time>2020-07-20T08:08:23Z</time>
      </trkpt>
      <trkpt lat="61.562009593471885" lon="-6.868218714371324">
        <ele>54.579999999999998</ele>
        <time>2020-07-20T08:08:30Z</time>
      </trkpt>
      <trkpt lat="61.562046138569713" lon="-6.868387022987008">
        <ele>56.32</ele>
        <time>2020-07-20T08:08:37Z</time>
      </trkpt>
      <trkpt lat="61.56210464425385" lon="-6.868484672158957">
        <ele>53.280000000000001</ele>
        <time>2020-07-20T08:08:56Z</time>
      </trkpt>
      <trkpt lat="61.562015796080232" lon="-6.868527252227068">
        <ele>54.219999999999999</ele>
        <time>2020-07-20T08:10:39Z</time>
      </trkpt>
      <trkpt lat="61.561914710327983" lon="-6.868491042405367">
        <ele>54.240000000000002</ele>
        <time>2020-07-20T08:10:47Z</time>
      </trkpt>
      <trkpt lat="61.561818905174732" lon="-6.868560612201691">
        <ele>56.460000000000001</ele>
        <time>2020-07-20T08:10:57Z</time>
      </trkpt>
      <trkpt lat="61.561736511066556" lon="-6.868662619963288">
        <ele>56.270000000000003</ele>
        <time>2020-07-20T08:11:07Z</time>
      </trkpt>
      <trkpt lat="61.561677167192101" lon="-6.868829838931561">
        <ele>58.100000000000001</ele>
        <time>2020-07-20T08:11:18Z</time>
      </trkpt>
      <trkpt lat="61.561585301533341" lon="-6.868877029046416">
        <ele>59.159999999999997</ele>
        <time>2020-07-20T08:11:31Z</time>
      </trkpt>
      <trkpt lat="61.561493100598454" lon="-6.86892656609416">
        <ele>59.359999999999999</ele>
        <time>2020-07-20T08:11:41Z</time>
      </trkpt>
      <trkpt lat="61.56140835955739" lon="-6.869012480601668">
        <ele>62.159999999999997</ele>
        <time>2020-07-20T08:11:51Z</time>
      </trkpt>
      <trkpt lat="61.561311883851886" lon="-6.869099149480462">
        <ele>63.469999999999999</ele>
        <time>2020-07-20T08:12:05Z</time>
      </trkpt>
      <trkpt lat="61.561218509450555" lon="-6.869188416749239">
        <ele>63.420000000000002</ele>
        <time>2020-07-20T08:12:14Z</time>
      </trkpt>
      <trkpt lat="61.561130750924349" lon="-6.869257651269436">
        <ele>64.959999999999994</ele>
        <time>2020-07-20T08:12:22Z</time>
      </trkpt>
      <trkpt lat="61.561040142551064" lon="-6.869318252429366">
        <ele>67.730000000000004</ele>
        <time>2020-07-20T08:12:31Z</time>
      </trkpt>
      <trkpt lat="61.560944421216846" lon="-6.869415147230029">
        <ele>70.700000000000003</ele>
        <time>2020-07-20T08:12:46Z</time>
      </trkpt>
      <trkpt lat="61.560862781479955" lon="-6.869348511099815">
        <ele>71.489999999999995</ele>
        <time>2020-07-20T08:12:56Z</time>
      </trkpt>
      <trkpt lat="61.56076873652637" lon="-6.86936435289681">
        <ele>73.540000000000006</ele>
        <time>2020-07-20T08:13:05Z</time>
      </trkpt>
      <trkpt lat="61.560682905837893" lon="-6.869331328198314">
        <ele>74.950000000000003</ele>
        <time>2020-07-20T08:13:15Z</time>
      </trkpt>
      <trkpt lat="61.560588274151087" lon="-6.869368543848395">
        <ele>75.299999999999997</ele>
        <time>2020-07-20T08:13:27Z</time>
      </trkpt>
      <trkpt lat="61.560487104579806" lon="-6.869392683729529">
        <ele>77.730000000000004</ele>
        <time>2020-07-20T08:13:40Z</time>
      </trkpt>
      <trkpt lat="61.560424324125051" lon="-6.869529895484448">
        <ele>78.719999999999999</ele>
        <time>2020-07-20T08:13:51Z</time>
      </trkpt>
      <trkpt lat="61.560340588912368" lon="-6.869628801941872">
        <ele>82.159999999999997</ele>
        <time>2020-07-20T08:14:07Z</time>
      </trkpt>
      <trkpt lat="61.560271186754107" lon="-6.869522016495466">
        <ele>84.650000000000006</ele>
        <time>2020-07-20T08:14:18Z</time>
      </trkpt>
      <trkpt lat="61.560208406299353" lon="-6.869385056197643">
        <ele>85.030000000000001</ele>
        <time>2020-07-20T08:14:27Z</time>
      </trkpt>
      <trkpt lat="61.560131125152111" lon="-6.869401317089796">
        <ele>85.560000000000002</ele>
        <time>2020-07-20T08:14:45Z</time>
      </trkpt>
      <trkpt lat="61.560041690245271" lon="-6.869510617107153">
        <ele>88.769999999999996</ele>
        <time>2020-07-20T08:14:58Z</time>
      </trkpt>
      <trkpt lat="61.559948064386845" lon="-6.869552610442042">
        <ele>91.709999999999994</ele>
        <time>2020-07-20T08:15:10Z</time>
      </trkpt>
      <trkpt lat="61.559878243133426" lon="-6.869488153606653">
        <ele>94.959999999999994</ele>
        <time>2020-07-20T08:15:27Z</time>
      </trkpt>
      <trkpt lat="61.559782605618238" lon="-6.869402071461082">
        <ele>95.799999999999997</ele>
        <time>2020-07-20T08:15:42Z</time>
      </trkpt>
      <trkpt lat="61.559706917032599" lon="-6.869313474744558">
        <ele>95.280000000000001</ele>
        <time>2020-07-20T08:15:53Z</time>
      </trkpt>
      <trkpt lat="61.55961262062192" lon="-6.869229320436716">
        <ele>98.969999999999999</ele>
        <time>2020-07-20T08:16:07Z</time>
      </trkpt>
      <trkpt lat="61.559516983106732" lon="-6.869160672649741">
        <ele>100.34</ele>
        <time>2020-07-20T08:16:21Z</time>
      </trkpt>
      <trkpt lat="61.559421429410577" lon="-6.869222698733211">
        <ele>102.92</ele>
        <time>2020-07-20T08:16:35Z</time>
      </trkpt>
      <trkpt lat="61.559326210990548" lon="-6.869114656001329">
        <ele>104.13</ele>
        <time>2020-07-20T08:16:49Z</time>
      </trkpt>
      <trkpt lat="61.559224789962173" lon="-6.869063610211015">
        <ele>107.08</ele>
        <time>2020-07-20T08:17:02Z</time>
      </trkpt>
      <trkpt lat="61.559129068627954" lon="-6.869023377075791">
        <ele>109.23999999999999</ele>
        <time>2020-07-20T08:17:15Z</time>
      </trkpt>
      <trkpt lat="61.559044159948826" lon="-6.868927823379636">
        <ele>111.06</ele>
        <time>2020-07-20T08:17:28Z</time>
      </trkpt>
      <trkpt lat="61.558956317603588" lon="-6.868843417614698">
        <ele>114.22</ele>
        <time>2020-07-20T08:17:42Z</time>
      </trkpt>
      <trkpt lat="61.558867804706097" lon="-6.868769489228725">
        <ele>113.7</ele>
        <time>2020-07-20T08:17:56Z</time>
      </trkpt>
      <trkpt lat="61.55878834426403" lon="-6.86864853836596">
        <ele>113.63</ele>
        <time>2020-07-20T08:18:05Z</time>
      </trkpt>
      <trkpt lat="61.558701759204268" lon="-6.868551978841424">
        <ele>113.31999999999999</ele>
        <time>2020-07-20T08:18:16Z</time>
      </trkpt>
      <trkpt lat="61.558627411723137" lon="-6.868412839248776">
        <ele>113.72</ele>
        <time>2020-07-20T08:18:27Z</time>
      </trkpt>
      <trkpt lat="61.558545688167214" lon="-6.868306640535593">
        <ele>112.59999999999999</ele>
        <time>2020-07-20T08:18:40Z</time>
      </trkpt>
      <trkpt lat="61.558466646820307" lon="-6.868213266134262">
        <ele>113.37</ele>
        <time>2020-07-20T08:18:52Z</time>
      </trkpt>
      <trkpt lat="61.558411493897438" lon="-6.868118718266487">
        <ele>114.43000000000001</ele>
        <time>2020-07-20T08:20:19Z</time>
      </trkpt>
      <trkpt lat="61.558329937979579" lon="-6.868030205368996">
        <ele>115.12</ele>
        <time>2020-07-20T08:20:32Z</time>
      </trkpt>
      <trkpt lat="61.558270175009966" lon="-6.867889724671841">
        <ele>117.18000000000001</ele>
        <time>2020-07-20T08:20:42Z</time>
      </trkpt>
      <trkpt lat="61.558192810043693" lon="-6.867764834314585">
        <ele>118.77</ele>
        <time>2020-07-20T08:20:53Z</time>
      </trkpt>
      <trkpt lat="61.558120725676417" lon="-6.867648661136627">
        <ele>121.73999999999999</ele>
        <time>2020-07-20T08:21:05Z</time>
      </trkpt>
      <trkpt lat="61.558054173365235" lon="-6.867505079135299">
        <ele>122.76000000000001</ele>
        <time>2020-07-20T08:21:15Z</time>
      </trkpt>
      <trkpt lat="61.557980496436357" lon="-6.867389660328627">
        <ele>123.83</ele>
        <time>2020-07-20T08:21:25Z</time>
      </trkpt>
      <trkpt lat="61.557887038215995" lon="-6.867321096360683">
        <ele>124.81</ele>
        <time>2020-07-20T08:21:44Z</time>
      </trkpt>
      <trkpt lat="61.557796932756901" lon="-6.867249347269535">
        <ele>125.75</ele>
        <time>2020-07-20T08:22:06Z</time>
      </trkpt>
      <trkpt lat="61.557723674923182" lon="-6.867113141342998">
        <ele>127.97</ele>
        <time>2020-07-20T08:22:15Z</time>
      </trkpt>
      <trkpt lat="61.557641448453069" lon="-6.867008283734322">
        <ele>127.62</ele>
        <time>2020-07-20T08:22:22Z</time>
      </trkpt>
      <trkpt lat="61.557571962475777" lon="-6.866874592378736">
        <ele>128.77000000000001</ele>
        <time>2020-07-20T08:22:29Z</time>
      </trkpt>
      <trkpt lat="61.557490155100822" lon="-6.866774177178741">
        <ele>128.81</ele>
        <time>2020-07-20T08:22:37Z</time>
      </trkpt>
      <trkpt lat="61.557425446808338" lon="-6.866633696481586">
        <ele>127.47</ele>
        <time>2020-07-20T08:22:45Z</time>
      </trkpt>
      <trkpt lat="61.557347159832716" lon="-6.866518193855882">
        <ele>127.62</ele>
        <time>2020-07-20T08:22:56Z</time>
      </trkpt>
      <trkpt lat="61.557266190648079" lon="-6.866394896060228">
        <ele>127.68000000000001</ele>
        <time>2020-07-20T08:23:07Z</time>
      </trkpt>
      <trkpt lat="61.557172648608685" lon="-6.866334211081266">
        <ele>127.98</ele>
        <time>2020-07-20T08:23:16Z</time>
      </trkpt>
      <trkpt lat="61.557080866768956" lon="-6.866269921883941">
        <ele>129.12</ele>
        <time>2020-07-20T08:23:26Z</time>
      </trkpt>
      <trkpt lat="61.556991599500179" lon="-6.866219881922007">
        <ele>130.34999999999999</ele>
        <time>2020-07-20T08:23:38Z</time>
      </trkpt>
      <trkpt lat="61.556894201785326" lon="-6.86616338789463">
        <ele>131.19</ele>
        <time>2020-07-20T08:23:48Z</time>
      </trkpt>
      <trkpt lat="61.556802000850439" lon="-6.866143355146051">
        <ele>131.87</ele>
        <time>2020-07-20T08:23:57Z</time>
      </trkpt>
      <trkpt lat="61.556705860421062" lon="-6.866117203608155">
        <ele>135.22</ele>
        <time>2020-07-20T08:24:07Z</time>
      </trkpt>
      <trkpt lat="61.556609552353621" lon="-6.866074623540044">
        <ele>135.75999999999999</ele>
        <time>2020-07-20T08:24:16Z</time>
      </trkpt>
      <trkpt lat="61.556509220972657" lon="-6.866066912189126">
        <ele>136.00999999999999</ele>
        <time>2020-07-20T08:24:25Z</time>
      </trkpt>
      <trkpt lat="61.556417271494865" lon="-6.866016369313002">
        <ele>135.84999999999999</ele>
        <time>2020-07-20T08:24:35Z</time>
      </trkpt>
      <trkpt lat="61.556326244026423" lon="-6.865930873900652">
        <ele>138.30000000000001</ele>
        <time>2020-07-20T08:24:46Z</time>
      </trkpt>
      <trkpt lat="61.556225912645459" lon="-6.865883516147733">
        <ele>139.93000000000001</ele>
        <time>2020-07-20T08:24:58Z</time>
      </trkpt>
      <trkpt lat="61.556138740852475" lon="-6.865793243050575">
        <ele>142.30000000000001</ele>
        <time>2020-07-20T08:25:12Z</time>
      </trkpt>
      <trkpt lat="61.556078307330608" lon="-6.865658545866609">
        <ele>144.66999999999999</ele>
        <time>2020-07-20T08:25:26Z</time>
      </trkpt>
      <trkpt lat="61.556088449433446" lon="-6.865461738780141">
        <ele>146.31</ele>
        <time>2020-07-20T08:25:41Z</time>
      </trkpt>
      <trkpt lat="61.556048719212413" lon="-6.865290077403188">
        <ele>146.25999999999999</ele>
        <time>2020-07-20T08:25:50Z</time>
      </trkpt>
      <trkpt lat="61.555952494964004" lon="-6.86518999747932">
        <ele>148.38</ele>
        <time>2020-07-20T08:26:04Z</time>
      </trkpt>
      <trkpt lat="61.555871441960335" lon="-6.865068459883332">
        <ele>148.02000000000001</ele>
        <time>2020-07-20T08:26:15Z</time>
      </trkpt>
      <trkpt lat="61.555789383128285" lon="-6.864944910630584">
        <ele>148.72</ele>
        <time>2020-07-20T08:26:27Z</time>
      </trkpt>
      <trkpt lat="61.555707324296236" lon="-6.864821864292026">
        <ele>147.66999999999999</ele>
        <time>2020-07-20T08:26:36Z</time>
      </trkpt>
      <trkpt lat="61.555651417002082" lon="-6.864667050540447">
        <ele>147.25999999999999</ele>
        <time>2020-07-20T08:26:44Z</time>
      </trkpt>
      <trkpt lat="61.555561060085893" lon="-6.864585662260652">
        <ele>147.53999999999999</ele>
        <time>2020-07-20T08:26:53Z</time>
      </trkpt>
      <trkpt lat="61.55548227019608" lon="-6.864484995603561">
        <ele>147.08000000000001</ele>
        <time>2020-07-20T08:27:01Z</time>
      </trkpt>
      <trkpt lat="61.555404905229807" lon="-6.864372007548809">
        <ele>147.38</ele>
        <time>2020-07-20T08:27:10Z</time>
      </trkpt>
      <trkpt lat="61.555347656831145" lon="-6.864221384748817">
        <ele>147.16999999999999</ele>
        <time>2020-07-20T08:27:22Z</time>
      </trkpt>
      <trkpt lat="61.555276913568377" lon="-6.864079982042313">
        <ele>145.38</ele>
        <time>2020-07-20T08:27:31Z</time>
      </trkpt>
      <trkpt lat="61.555198542773724" lon="-6.86394888907671">
        <ele>143.77000000000001</ele>
        <time>2020-07-20T08:27:43Z</time>
      </trkpt>
      <trkpt lat="61.555107599124312" lon="-6.863983254879713">
        <ele>143.22999999999999</ele>
        <time>2020-07-20T08:27:53Z</time>
      </trkpt>
      <trkpt lat="61.55501950532198" lon="-6.863922402262688">
        <ele>144.08000000000001</ele>
        <time>2020-07-20T08:28:03Z</time>
      </trkpt>
      <trkpt lat="61.554936775937676" lon="-6.863856520503759">
        <ele>143.69999999999999</ele>
        <time>2020-07-20T08:28:12Z</time>
      </trkpt>
      <trkpt lat="61.554889921098948" lon="-6.863800445571542">
        <ele>141.22999999999999</ele>
        <time>2020-07-20T08:28:26Z</time>
      </trkpt>
      <trkpt lat="61.554798893630505" lon="-6.863890970125794">
        <ele>142.53</ele>
        <time>2020-07-20T08:28:46Z</time>
      </trkpt>
      <trkpt lat="61.554697472602129" lon="-6.863891389220953">
        <ele>142.08000000000001</ele>
        <time>2020-07-20T08:28:56Z</time>
      </trkpt>
      <trkpt lat="61.554594291374087" lon="-6.863849144428968">
        <ele>143.31999999999999</ele>
        <time>2020-07-20T08:29:05Z</time>
      </trkpt>
      <trkpt lat="61.554501838982105" lon="-6.863810922950506">
        <ele>143.81999999999999</ele>
        <time>2020-07-20T08:29:15Z</time>
      </trkpt>
      <trkpt lat="61.554446769878268" lon="-6.863654684275389">
        <ele>143.03999999999999</ele>
        <time>2020-07-20T08:29:39Z</time>
      </trkpt>
      <trkpt lat="61.554335793480277" lon="-6.863599866628647">
        <ele>143.21000000000001</ele>
        <time>2020-07-20T08:29:50Z</time>
      </trkpt>
      <trkpt lat="61.554235462099314" lon="-6.863620318472385">
        <ele>143.68000000000001</ele>
        <time>2020-07-20T08:30:01Z</time>
      </trkpt>
      <trkpt lat="61.554208220914006" lon="-6.863537505269051">
        <ele>143.59</ele>
        <time>2020-07-20T08:31:07Z</time>
      </trkpt>
      <trkpt lat="61.554250884801149" lon="-6.86336643062532">
        <ele>145.41</ele>
        <time>2020-07-20T08:31:29Z</time>
      </trkpt>
      <trkpt lat="61.554327327758074" lon="-6.863288562744856">
        <ele>147.28999999999999</ele>
        <time>2020-07-20T08:31:39Z</time>
      </trkpt>
      <trkpt lat="61.554412739351392" lon="-6.863321252167225">
        <ele>144.63999999999999</ele>
        <time>2020-07-20T08:31:51Z</time>
      </trkpt>
      <trkpt lat="61.554488930851221" lon="-6.863230224698782">
        <ele>146.13999999999999</ele>
        <time>2020-07-20T08:32:00Z</time>
      </trkpt>
      <trkpt lat="61.55458515509963" lon="-6.863157218322158">
        <ele>148.15000000000001</ele>
        <time>2020-07-20T08:32:12Z</time>
      </trkpt>
      <trkpt lat="61.554675092920661" lon="-6.863074488937855">
        <ele>145.52000000000001</ele>
        <time>2020-07-20T08:32:25Z</time>
      </trkpt>
      <trkpt lat="61.554756732657552" lon="-6.86296233907342">
        <ele>146.53</ele>
        <time>2020-07-20T08:32:37Z</time>
      </trkpt>
      <trkpt lat="61.554806269705296" lon="-6.862932331860066">
        <ele>144.27000000000001</ele>
        <time>2020-07-20T08:35:06Z</time>
      </trkpt>
      <trkpt lat="61.554723959416151" lon="-6.862789252772927">
        <ele>145.94</ele>
        <time>2020-07-20T08:36:17Z</time>
      </trkpt>
      <trkpt lat="61.554635027423501" lon="-6.862703170627356">
        <ele>146.09999999999999</ele>
        <time>2020-07-20T08:36:25Z</time>
      </trkpt>
      <trkpt lat="61.554580209776759" lon="-6.862572664394975">
        <ele>145.68000000000001</ele>
        <time>2020-07-20T08:36:34Z</time>
      </trkpt>
      <trkpt lat="61.554497983306646" lon="-6.862483229488134">
        <ele>146.86000000000001</ele>
        <time>2020-07-20T08:36:45Z</time>
      </trkpt>
      <trkpt lat="61.554404441267252" lon="-6.862430088222027">
        <ele>147.16</ele>
        <time>2020-07-20T08:36:55Z</time>
      </trkpt>
      <trkpt lat="61.554315509274602" lon="-6.862387843430042">
        <ele>146.83000000000001</ele>
        <time>2020-07-20T08:37:03Z</time>
      </trkpt>
      <trkpt lat="61.554225739091635" lon="-6.862347861751914">
        <ele>148.38999999999999</ele>
        <time>2020-07-20T08:37:13Z</time>
      </trkpt>
      <trkpt lat="61.554130353033543" lon="-6.862368313595653">
        <ele>147.5</ele>
        <time>2020-07-20T08:37:25Z</time>
      </trkpt>
      <trkpt lat="61.554038990288973" lon="-6.862353980541229">
        <ele>148.52000000000001</ele>
        <time>2020-07-20T08:37:38Z</time>
      </trkpt>
      <trkpt lat="61.553969085216522" lon="-6.86223478987813">
        <ele>149.08000000000001</ele>
        <time>2020-07-20T08:37:51Z</time>
      </trkpt>
      <trkpt lat="61.553868167102337" lon="-6.862190701067448">
        <ele>151.47</ele>
        <time>2020-07-20T08:38:03Z</time>
      </trkpt>
      <trkpt lat="61.553774708881974" lon="-6.862129932269454">
        <ele>150.78</ele>
        <time>2020-07-20T08:38:12Z</time>
      </trkpt>
      <trkpt lat="61.553693236783147" lon="-6.862031864002347">
        <ele>152.72999999999999</ele>
        <time>2020-07-20T08:38:20Z</time>
      </trkpt>
      <trkpt lat="61.553601287305355" lon="-6.861973190680146">
        <ele>153.72999999999999</ele>
        <time>2020-07-20T08:38:29Z</time>
      </trkpt>
      <trkpt lat="61.553504141047597" lon="-6.861945949494839">
        <ele>156.56999999999999</ele>
        <time>2020-07-20T08:38:38Z</time>
      </trkpt>
      <trkpt lat="61.553406827151775" lon="-6.8619030341506">
        <ele>156.69</ele>
        <time>2020-07-20T08:38:48Z</time>
      </trkpt>
      <trkpt lat="61.55332057736814" lon="-6.861805971711874">
        <ele>158.94999999999999</ele>
        <time>2020-07-20T08:39:00Z</time>
      </trkpt>
      <trkpt lat="61.553237177431583" lon="-6.861697174608707">
        <ele>161.41</ele>
        <time>2020-07-20T08:39:16Z</time>
      </trkpt>
      <trkpt lat="61.553157716989517" lon="-6.861545210704207">
        <ele>164.53999999999999</ele>
        <time>2020-07-20T08:39:31Z</time>
      </trkpt>
      <trkpt lat="61.553074484691024" lon="-6.861406406387687">
        <ele>165.46000000000001</ele>
        <time>2020-07-20T08:39:40Z</time>
      </trkpt>
      <trkpt lat="61.553006088361144" lon="-6.861272463575006">
        <ele>166</ele>
        <time>2020-07-20T08:39:50Z</time>
      </trkpt>
      <trkpt lat="61.552923861891031" lon="-6.861155619844794">
        <ele>167.47</ele>
        <time>2020-07-20T08:40:00Z</time>
      </trkpt>
      <trkpt lat="61.552842641249299" lon="-6.86103911139071">
        <ele>170.25</ele>
        <time>2020-07-20T08:40:12Z</time>
      </trkpt>
      <trkpt lat="61.552739879116416" lon="-6.860938696190715">
        <ele>170.84999999999999</ele>
        <time>2020-07-20T08:40:25Z</time>
      </trkpt>
      <trkpt lat="61.552661173045635" lon="-6.860814224928618">
        <ele>172.40000000000001</ele>
        <time>2020-07-20T08:40:33Z</time>
      </trkpt>
      <trkpt lat="61.552594117820263" lon="-6.860668631270528">
        <ele>174.28999999999999</ele>
        <time>2020-07-20T08:40:42Z</time>
      </trkpt>
      <trkpt lat="61.552520357072353" lon="-6.860533934086561">
        <ele>175.02000000000001</ele>
        <time>2020-07-20T08:40:52Z</time>
      </trkpt>
      <trkpt lat="61.552433269098401" lon="-6.86040828935802">
        <ele>176.56</ele>
        <time>2020-07-20T08:41:02Z</time>
      </trkpt>
      <trkpt lat="61.552342996001244" lon="-6.860344838351011">
        <ele>177.28</ele>
        <time>2020-07-20T08:41:14Z</time>
      </trkpt>
      <trkpt lat="61.552240485325456" lon="-6.860297564417124">
        <ele>177.61000000000001</ele>
        <time>2020-07-20T08:41:24Z</time>
      </trkpt>
      <trkpt lat="61.55213956721127" lon="-6.860266886651516">
        <ele>178.75999999999999</ele>
        <time>2020-07-20T08:41:33Z</time>
      </trkpt>
      <trkpt lat="61.552049545571208" lon="-6.860211314633489">
        <ele>180.13999999999999</ele>
        <time>2020-07-20T08:41:45Z</time>
      </trkpt>
      <trkpt lat="61.551962289959192" lon="-6.860128669068217">
        <ele>179.80000000000001</ele>
        <time>2020-07-20T08:41:54Z</time>
      </trkpt>
      <trkpt lat="61.551865730434656" lon="-6.860071839764714">
        <ele>179.05000000000001</ele>
        <time>2020-07-20T08:42:03Z</time>
      </trkpt>
      <trkpt lat="61.551781576126814" lon="-6.859986009076238">
        <ele>179.38</ele>
        <time>2020-07-20T08:42:12Z</time>
      </trkpt>
      <trkpt lat="61.5516924764961" lon="-6.859922055155039">
        <ele>180.22999999999999</ele>
        <time>2020-07-20T08:42:22Z</time>
      </trkpt>
      <trkpt lat="61.551597006618977" lon="-6.859891377389431">
        <ele>179.53999999999999</ele>
        <time>2020-07-20T08:42:34Z</time>
      </trkpt>
      <trkpt lat="61.551490472629666" lon="-6.859862376004458">
        <ele>183.88</ele>
        <time>2020-07-20T08:42:47Z</time>
      </trkpt>
      <trkpt lat="61.551397182047367" lon="-6.859799008816481">
        <ele>186.31</ele>
        <time>2020-07-20T08:43:02Z</time>
      </trkpt>
      <trkpt lat="61.551298694685102" lon="-6.859722565859556">
        <ele>189.74000000000001</ele>
        <time>2020-07-20T08:43:14Z</time>
      </trkpt>
      <trkpt lat="61.55120967887342" lon="-6.859626844525337">
        <ele>192.72999999999999</ele>
        <time>2020-07-20T08:43:28Z</time>
      </trkpt>
      <trkpt lat="61.55111345462501" lon="-6.859592311084271">
        <ele>193.53999999999999</ele>
        <time>2020-07-20T08:43:38Z</time>
      </trkpt>
      <trkpt lat="61.55103474855423" lon="-6.859495583921671">
        <ele>195.49000000000001</ele>
        <time>2020-07-20T08:43:48Z</time>
      </trkpt>
      <trkpt lat="61.550949923694134" lon="-6.859420984983444">
        <ele>197.44</ele>
        <time>2020-07-20T08:44:01Z</time>
      </trkpt>
      <trkpt lat="61.550867781043053" lon="-6.859321156516671">
        <ele>200.22</ele>
        <time>2020-07-20T08:44:13Z</time>
      </trkpt>
      <trkpt lat="61.550780106335878" lon="-6.859190734103322">
        <ele>201.53999999999999</ele>
        <time>2020-07-20T08:44:24Z</time>
      </trkpt>
      <trkpt lat="61.550720008090138" lon="-6.859056372195482">
        <ele>204.22999999999999</ele>
        <time>2020-07-20T08:44:36Z</time>
      </trkpt>
      <trkpt lat="61.550643313676119" lon="-6.858935169875622">
        <ele>206.22</ele>
        <time>2020-07-20T08:44:51Z</time>
      </trkpt>
      <trkpt lat="61.550551448017359" lon="-6.858904911205173">
        <ele>206.66</ele>
        <time>2020-07-20T08:45:03Z</time>
      </trkpt>
      <trkpt lat="61.550453128293157" lon="-6.858821343630552">
        <ele>208.77000000000001</ele>
        <time>2020-07-20T08:45:17Z</time>
      </trkpt>
      <trkpt lat="61.550382720306516" lon="-6.858673486858606">
        <ele>209.22999999999999</ele>
        <time>2020-07-20T08:45:30Z</time>
      </trkpt>
      <trkpt lat="61.550302673131227" lon="-6.858535688370466">
        <ele>210.84</ele>
        <time>2020-07-20T08:45:41Z</time>
      </trkpt>
      <trkpt lat="61.550203263759613" lon="-6.85845865868032">
        <ele>211.69</ele>
        <time>2020-07-20T08:45:53Z</time>
      </trkpt>
      <trkpt lat="61.550112487748265" lon="-6.858378611505032">
        <ele>213.78999999999999</ele>
        <time>2020-07-20T08:46:05Z</time>
      </trkpt>
      <trkpt lat="61.55000519938767" lon="-6.858349358662963">
        <ele>216.08000000000001</ele>
        <time>2020-07-20T08:46:18Z</time>
      </trkpt>
      <trkpt lat="61.549922721460462" lon="-6.858228826895356">
        <ele>218.97999999999999</ele>
        <time>2020-07-20T08:46:33Z</time>
      </trkpt>
      <trkpt lat="61.549824988469481" lon="-6.85813863761723">
        <ele>223.58000000000001</ele>
        <time>2020-07-20T08:46:51Z</time>
      </trkpt>
      <trkpt lat="61.549735218286514" lon="-6.858076192438602">
        <ele>223.24000000000001</ele>
        <time>2020-07-20T08:47:15Z</time>
      </trkpt>
      <trkpt lat="61.549636647105217" lon="-6.85799446888268">
        <ele>226.03</ele>
        <time>2020-07-20T08:47:30Z</time>
      </trkpt>
      <trkpt lat="61.54954444617033" lon="-6.857905453070998">
        <ele>227.56999999999999</ele>
        <time>2020-07-20T08:47:41Z</time>
      </trkpt>
      <trkpt lat="61.549462471157312" lon="-6.857773941010237">
        <ele>229.09999999999999</ele>
        <time>2020-07-20T08:47:54Z</time>
      </trkpt>
      <trkpt lat="61.549368845298886" lon="-6.857637483626604">
        <ele>231.06</ele>
        <time>2020-07-20T08:48:08Z</time>
      </trkpt>
      <trkpt lat="61.549265077337623" lon="-6.857608566060662">
        <ele>233.53999999999999</ele>
        <time>2020-07-20T08:48:21Z</time>
      </trkpt>
      <trkpt lat="61.549156364053488" lon="-6.85764754191041">
        <ele>234.83000000000001</ele>
        <time>2020-07-20T08:48:35Z</time>
      </trkpt>
      <trkpt lat="61.54906215146184" lon="-6.857685763388872">
        <ele>237.94</ele>
        <time>2020-07-20T08:48:54Z</time>
      </trkpt>
      <trkpt lat="61.548963831737638" lon="-6.857733456417918">
        <ele>241.53</ele>
        <time>2020-07-20T08:49:16Z</time>
      </trkpt>
      <trkpt lat="61.548875654116273" lon="-6.857793051749468">
        <ele>242.25</ele>
        <time>2020-07-20T08:49:33Z</time>
      </trkpt>
      <trkpt lat="61.548787811771035" lon="-6.857717866078019">
        <ele>244.84</ele>
        <time>2020-07-20T08:49:48Z</time>
      </trkpt>
      <trkpt lat="61.548696868121624" lon="-6.857649469748139">
        <ele>248.03</ele>
        <time>2020-07-20T08:50:09Z</time>
      </trkpt>
      <trkpt lat="61.548590753227472" lon="-6.857643937692046">
        <ele>251.93000000000001</ele>
        <time>2020-07-20T08:50:29Z</time>
      </trkpt>
      <trkpt lat="61.548501569777727" lon="-6.857622982934117">
        <ele>255.63</ele>
        <time>2020-07-20T08:50:54Z</time>
      </trkpt>
      <trkpt lat="61.548410458490252" lon="-6.857628934085369">
        <ele>258.69999999999999</ele>
        <time>2020-07-20T08:51:17Z</time>
      </trkpt>
      <trkpt lat="61.54831700026989" lon="-6.857603788375855">
        <ele>263.76999999999998</ele>
        <time>2020-07-20T08:51:38Z</time>
      </trkpt>
      <trkpt lat="61.548244245350361" lon="-6.857576379552484">
        <ele>266.68000000000001</ele>
        <time>2020-07-20T08:52:07Z</time>
      </trkpt>
      <trkpt lat="61.54819973744452" lon="-6.857447046786547">
        <ele>269.82999999999998</ele>
        <time>2020-07-20T08:52:37Z</time>
      </trkpt>
      <trkpt lat="61.548126060515642" lon="-6.857330789789558">
        <ele>273.44999999999999</ele>
        <time>2020-07-20T08:53:01Z</time>
      </trkpt>
      <trkpt lat="61.548074008896947" lon="-6.857173964381218">
        <ele>278.25</ele>
        <time>2020-07-20T08:54:00Z</time>
      </trkpt>
      <trkpt lat="61.548006115481257" lon="-6.857057455927134">
        <ele>283.56</ele>
        <time>2020-07-20T08:54:26Z</time>
      </trkpt>
      <trkpt lat="61.547971582040191" lon="-6.856911610811949">
        <ele>288.94999999999999</ele>
        <time>2020-07-20T08:54:52Z</time>
      </trkpt>
      <trkpt lat="61.547921793535352" lon="-6.856827037408948">
        <ele>292.04000000000002</ele>
        <time>2020-07-20T08:55:23Z</time>
      </trkpt>
      <trkpt lat="61.547853481024504" lon="-6.856958046555519">
        <ele>292.25999999999999</ele>
        <time>2020-07-20T08:55:45Z</time>
      </trkpt>
      <trkpt lat="61.547766057774425" lon="-6.857018312439323">
        <ele>295.27999999999997</ele>
        <time>2020-07-20T08:55:57Z</time>
      </trkpt>
      <trkpt lat="61.547689950093627" lon="-6.857151919975877">
        <ele>296.43000000000001</ele>
        <time>2020-07-20T08:56:07Z</time>
      </trkpt>
      <trkpt lat="61.547627756372094" lon="-6.857283767312765">
        <ele>297.22000000000003</ele>
        <time>2020-07-20T08:56:17Z</time>
      </trkpt>
      <trkpt lat="61.547544524073601" lon="-6.857385691255331">
        <ele>299.70999999999998</ele>
        <time>2020-07-20T08:56:31Z</time>
      </trkpt>
      <trkpt lat="61.547452323138714" lon="-6.857511838898063">
        <ele>302.17000000000002</ele>
        <time>2020-07-20T08:56:46Z</time>
      </trkpt>
      <trkpt lat="61.547371353954077" lon="-6.85760504566133">
        <ele>309.12</ele>
        <time>2020-07-20T08:57:03Z</time>
      </trkpt>
      <trkpt lat="61.547287702560425" lon="-6.857689535245299">
        <ele>312.79000000000002</ele>
        <time>2020-07-20T08:57:23Z</time>
      </trkpt>
      <trkpt lat="61.547219809144735" lon="-6.857823310419917">
        <ele>314.25</ele>
        <time>2020-07-20T08:57:38Z</time>
      </trkpt>
      <trkpt lat="61.54714236035943" lon="-6.857972508296371">
        <ele>316.19999999999999</ele>
        <time>2020-07-20T08:57:54Z</time>
      </trkpt>
      <trkpt lat="61.547052171081305" lon="-6.858005784451962">
        <ele>323.50999999999999</ele>
        <time>2020-07-20T08:58:18Z</time>
      </trkpt>
      <trkpt lat="61.546958880499005" lon="-6.858025649562478">
        <ele>325.95999999999998</ele>
        <time>2020-07-20T08:58:38Z</time>
      </trkpt>
      <trkpt lat="61.546863745898008" lon="-6.858020117506385">
        <ele>331.69999999999999</ele>
        <time>2020-07-20T08:59:02Z</time>
      </trkpt>
      <trkpt lat="61.546789314597845" lon="-6.858028247952461">
        <ele>336.27999999999997</ele>
        <time>2020-07-20T08:59:20Z</time>
      </trkpt>
      <trkpt lat="61.54671236872673" lon="-6.857929425314069">
        <ele>340.93000000000001</ele>
        <time>2020-07-20T08:59:44Z</time>
      </trkpt>
      <trkpt lat="61.546635506674647" lon="-6.857966305688024">
        <ele>344.83999999999997</ele>
        <time>2020-07-20T09:00:12Z</time>
      </trkpt>
      <trkpt lat="61.546560069546103" lon="-6.858066553249955">
        <ele>344.13</ele>
        <time>2020-07-20T09:00:31Z</time>
      </trkpt>
      <trkpt lat="61.546480609104037" lon="-6.858076192438602">
        <ele>341.13999999999999</ele>
        <time>2020-07-20T09:00:47Z</time>
      </trkpt>
      <trkpt lat="61.546411290764809" lon="-6.858166297897697">
        <ele>339.29000000000002</ele>
        <time>2020-07-20T09:05:19Z</time>
      </trkpt>
      <trkpt lat="61.54632244259119" lon="-6.858231592923403">
        <ele>336.81</ele>
        <time>2020-07-20T09:05:29Z</time>
      </trkpt>
      <trkpt lat="61.546232923865318" lon="-6.858236789703369">
        <ele>335.25</ele>
        <time>2020-07-20T09:05:39Z</time>
      </trkpt>
      <trkpt lat="61.546130748465657" lon="-6.858252380043268">
        <ele>331.54000000000002</ele>
        <time>2020-07-20T09:05:51Z</time>
      </trkpt>
      <trkpt lat="61.546027986332774" lon="-6.858294792473316">
        <ele>328.41000000000003</ele>
        <time>2020-07-20T09:06:01Z</time>
      </trkpt>
      <trkpt lat="61.545930001884699" lon="-6.858349945396185">
        <ele>326.66000000000003</ele>
        <time>2020-07-20T09:06:09Z</time>
      </trkpt>
      <trkpt lat="61.54583084397018" lon="-6.858387244865298">
        <ele>325.75999999999999</ele>
        <time>2020-07-20T09:06:17Z</time>
      </trkpt>
      <trkpt lat="61.545747695490718" lon="-6.858301749452949">
        <ele>325.44</ele>
        <time>2020-07-20T09:06:29Z</time>
      </trkpt>
      <trkpt lat="61.545658260583878" lon="-6.85831549577415">
        <ele>326.13999999999999</ele>
        <time>2020-07-20T09:06:41Z</time>
      </trkpt>
      <trkpt lat="61.545590199530125" lon="-6.858423622325063">
        <ele>325.79000000000002</ele>
        <time>2020-07-20T09:06:54Z</time>
      </trkpt>
      <trkpt lat="61.545500010251999" lon="-6.858367547392845">
        <ele>324.44</ele>
        <time>2020-07-20T09:07:03Z</time>
      </trkpt>
      <trkpt lat="61.545409904792905" lon="-6.858431249856949">
        <ele>322.94</ele>
        <time>2020-07-20T09:07:16Z</time>
      </trkpt>
      <trkpt lat="61.545319296419621" lon="-6.858419515192509">
        <ele>321.93000000000001</ele>
        <time>2020-07-20T09:07:25Z</time>
      </trkpt>
      <trkpt lat="61.545228185132146" lon="-6.858448013663292">
        <ele>320.75999999999999</ele>
        <time>2020-07-20T09:07:33Z</time>
      </trkpt>
      <trkpt lat="61.545153418555856" lon="-6.858475590124726">
        <ele>318.52999999999997</ele>
        <time>2020-07-20T09:07:55Z</time>
      </trkpt>
      <trkpt lat="61.545066498219967" lon="-6.858530743047595">
        <ele>317.93000000000001</ele>
        <time>2020-07-20T09:08:04Z</time>
      </trkpt>
      <trkpt lat="61.54496499337256" lon="-6.858518254011869">
        <ele>316.98000000000002</ele>
        <time>2020-07-20T09:08:14Z</time>
      </trkpt>
      <trkpt lat="61.544869691133499" lon="-6.858532251790166">
        <ele>315.73000000000002</ele>
        <time>2020-07-20T09:08:22Z</time>
      </trkpt>
      <trkpt lat="61.544783273711801" lon="-6.858502915129066">
        <ele>315.25</ele>
        <time>2020-07-20T09:08:31Z</time>
      </trkpt>
      <trkpt lat="61.544692162424326" lon="-6.858519008383155">
        <ele>314.35000000000002</ele>
        <time>2020-07-20T09:08:39Z</time>
      </trkpt>
      <trkpt lat="61.544602811336517" lon="-6.858496041968465">
        <ele>313.43000000000001</ele>
        <time>2020-07-20T09:08:52Z</time>
      </trkpt>
      <trkpt lat="61.544521171599627" lon="-6.858506938442588">
        <ele>311.42000000000002</ele>
        <time>2020-07-20T09:09:11Z</time>
      </trkpt>
      <trkpt lat="61.544438945129514" lon="-6.858610874041915">
        <ele>309.57999999999998</ele>
        <time>2020-07-20T09:09:26Z</time>
      </trkpt>
      <trkpt lat="61.544369459152222" lon="-6.85875428840518">
        <ele>308.95999999999998</ele>
        <time>2020-07-20T09:09:38Z</time>
      </trkpt>
      <trkpt lat="61.544280862435699" lon="-6.858832575380802">
        <ele>307.63999999999999</ele>
        <time>2020-07-20T09:09:52Z</time>
      </trkpt>
      <trkpt lat="61.544197294861078" lon="-6.858910443261266">
        <ele>307.30000000000001</ele>
        <time>2020-07-20T09:10:05Z</time>
      </trkpt>
      <trkpt lat="61.544103249907494" lon="-6.858973810449243">
        <ele>305.85000000000002</ele>
        <time>2020-07-20T09:10:17Z</time>
      </trkpt>
      <trkpt lat="61.544021107256413" lon="-6.859092665836215">
        <ele>305.14999999999998</ele>
        <time>2020-07-20T09:10:27Z</time>
      </trkpt>
      <trkpt lat="61.543941060081124" lon="-6.85911831445992">
        <ele>303.87</ele>
        <time>2020-07-20T09:10:43Z</time>
      </trkpt>
      <trkpt lat="61.543872747570276" lon="-6.85896635055542">
        <ele>302.05000000000001</ele>
        <time>2020-07-20T09:10:53Z</time>
      </trkpt>
      <trkpt lat="61.54378104954958" lon="-6.858911365270615">
        <ele>300.86000000000001</ele>
        <time>2020-07-20T09:11:05Z</time>
      </trkpt>
      <trkpt lat="61.543725812807679" lon="-6.858778176829219">
        <ele>300.06999999999999</ele>
        <time>2020-07-20T09:11:25Z</time>
      </trkpt>
      <trkpt lat="61.543634114786983" lon="-6.858763424679637">
        <ele>300.54000000000002</ele>
        <time>2020-07-20T09:11:35Z</time>
      </trkpt>
      <trkpt lat="61.543537136167288" lon="-6.85882804915309">
        <ele>301.04000000000002</ele>
        <time>2020-07-20T09:11:43Z</time>
      </trkpt>
      <trkpt lat="61.543444683775306" lon="-6.858880603685975">
        <ele>301.89999999999998</ele>
        <time>2020-07-20T09:11:51Z</time>
      </trkpt>
      <trkpt lat="61.543344855308533" lon="-6.85894288122654">
        <ele>302.92000000000002</ele>
        <time>2020-07-20T09:12:02Z</time>
      </trkpt>
      <trkpt lat="61.543256090953946" lon="-6.85893164947629">
        <ele>302.12</ele>
        <time>2020-07-20T09:12:10Z</time>
      </trkpt>
      <trkpt lat="61.543163806200027" lon="-6.858911365270615">
        <ele>302.25999999999999</ele>
        <time>2020-07-20T09:12:20Z</time>
      </trkpt>
      <trkpt lat="61.543066492304206" lon="-6.858915472403169">
        <ele>301.13</ele>
        <time>2020-07-20T09:12:30Z</time>
      </trkpt>
      <trkpt lat="61.542973285540938" lon="-6.85898688621819">
        <ele>301.57999999999998</ele>
        <time>2020-07-20T09:12:39Z</time>
      </trkpt>
      <trkpt lat="61.54288150370121" lon="-6.859066681936383">
        <ele>302.66000000000003</ele>
        <time>2020-07-20T09:12:49Z</time>
      </trkpt>
      <trkpt lat="61.54278771020472" lon="-6.859125941991806">
        <ele>302.44999999999999</ele>
        <time>2020-07-20T09:13:01Z</time>
      </trkpt>
      <trkpt lat="61.5427007060498" lon="-6.859149495139718">
        <ele>302.30000000000001</ele>
        <time>2020-07-20T09:13:12Z</time>
      </trkpt>
      <trkpt lat="61.542616635560989" lon="-6.859171958640218">
        <ele>300.20999999999998</ele>
        <time>2020-07-20T09:13:27Z</time>
      </trkpt>
      <trkpt lat="61.542543964460492" lon="-6.859321407973766">
        <ele>299.50999999999999</ele>
        <time>2020-07-20T09:13:40Z</time>
      </trkpt>
      <trkpt lat="61.542470538988709" lon="-6.859414614737034">
        <ele>299.44999999999999</ele>
        <time>2020-07-20T09:13:51Z</time>
      </trkpt>
      <trkpt lat="61.542381355538964" lon="-6.859497092664242">
        <ele>298.76999999999998</ele>
        <time>2020-07-20T09:14:07Z</time>
      </trkpt>
      <trkpt lat="61.542326118797064" lon="-6.859389469027519">
        <ele>297.85000000000002</ele>
        <time>2020-07-20T09:14:21Z</time>
      </trkpt>
      <trkpt lat="61.542241210117936" lon="-6.859289137646556">
        <ele>294.49000000000001</ele>
        <time>2020-07-20T09:14:36Z</time>
      </trkpt>
      <trkpt lat="61.542162587866187" lon="-6.859336998313665">
        <ele>294.68000000000001</ele>
        <time>2020-07-20T09:14:53Z</time>
      </trkpt>
      <trkpt lat="61.542092598974705" lon="-6.859406903386116">
        <ele>295.11000000000001</ele>
        <time>2020-07-20T09:15:13Z</time>
      </trkpt>
      <trkpt lat="61.541992770507932" lon="-6.859395671635866">
        <ele>294.38999999999999</ele>
        <time>2020-07-20T09:15:25Z</time>
      </trkpt>
      <trkpt lat="61.541882799938321" lon="-6.859365999698639">
        <ele>293.94</ele>
        <time>2020-07-20T09:15:36Z</time>
      </trkpt>
      <trkpt lat="61.54177769087255" lon="-6.859390810132027">
        <ele>294.17000000000002</ele>
        <time>2020-07-20T09:15:49Z</time>
      </trkpt>
      <trkpt lat="61.541675766929984" lon="-6.859406400471926">
        <ele>293.16000000000003</ele>
        <time>2020-07-20T09:15:59Z</time>
      </trkpt>
      <trkpt lat="61.54157979413867" lon="-6.859415033832192">
        <ele>292.18000000000001</ele>
        <time>2020-07-20T09:16:09Z</time>
      </trkpt>
      <trkpt lat="61.54147669672966" lon="-6.859418386593461">
        <ele>290.20999999999998</ele>
        <time>2020-07-20T09:16:20Z</time>
      </trkpt>
      <trkpt lat="61.541390111669898" lon="-6.859485860913992">
        <ele>288.60000000000002</ele>
        <time>2020-07-20T09:16:28Z</time>
      </trkpt>
      <trkpt lat="61.541298916563392" lon="-6.859492147341371">
        <ele>287.24000000000001</ele>
        <time>2020-07-20T09:16:36Z</time>
      </trkpt>
      <trkpt lat="61.541206128895283" lon="-6.859508492052555">
        <ele>287.98000000000002</ele>
        <time>2020-07-20T09:16:46Z</time>
      </trkpt>
      <trkpt lat="61.541139241307974" lon="-6.8593870382756">
        <ele>285.02999999999997</ele>
        <time>2020-07-20T09:17:02Z</time>
      </trkpt>
      <trkpt lat="61.54106866568327" lon="-6.859310260042548">
        <ele>282.38</ele>
        <time>2020-07-20T09:17:25Z</time>
      </trkpt>
      <trkpt lat="61.540974620729685" lon="-6.859277905896306">
        <ele>280.06</ele>
        <time>2020-07-20T09:17:56Z</time>
      </trkpt>
      <trkpt lat="61.540887532755733" lon="-6.859356695786119">
        <ele>277.95999999999998</ele>
        <time>2020-07-20T09:18:16Z</time>
      </trkpt>
      <trkpt lat="61.540801785886288" lon="-6.859438922256231">
        <ele>279.00999999999999</ele>
        <time>2020-07-20T09:18:40Z</time>
      </trkpt>
      <trkpt lat="61.540720229968429" lon="-6.859515281394124">
        <ele>278.98000000000002</ele>
        <time>2020-07-20T09:19:05Z</time>
      </trkpt>
      <trkpt lat="61.540631800889969" lon="-6.859487285837531">
        <ele>275.85000000000002</ele>
        <time>2020-07-20T09:19:18Z</time>
      </trkpt>
      <trkpt lat="61.540530631318688" lon="-6.859528189525008">
        <ele>274.44999999999999</ele>
        <time>2020-07-20T09:19:29Z</time>
      </trkpt>
      <trkpt lat="61.540434407070279" lon="-6.859549144282937">
        <ele>273.95999999999998</ele>
        <time>2020-07-20T09:19:43Z</time>
      </trkpt>
      <trkpt lat="61.540337093174458" lon="-6.859549814835191">
        <ele>273.88</ele>
        <time>2020-07-20T09:19:51Z</time>
      </trkpt>
      <trkpt lat="61.540248245000839" lon="-6.859580911695957">
        <ele>272.61000000000001</ele>
        <time>2020-07-20T09:20:00Z</time>
      </trkpt>
      <trkpt lat="61.540146823972464" lon="-6.859578816220164">
        <ele>272.57999999999998</ele>
        <time>2020-07-20T09:20:15Z</time>
      </trkpt>
      <trkpt lat="61.540060825645924" lon="-6.859647631645203">
        <ele>272.57999999999998</ele>
        <time>2020-07-20T09:20:26Z</time>
      </trkpt>
      <trkpt lat="61.539996955543756" lon="-6.859721811488271">
        <ele>271.82999999999998</ele>
        <time>2020-07-20T09:20:58Z</time>
      </trkpt>
      <trkpt lat="61.539907772094011" lon="-6.859758859500289">
        <ele>271.57999999999998</ele>
        <time>2020-07-20T09:23:19Z</time>
      </trkpt>
      <trkpt lat="61.539864102378488" lon="-6.859815437346697">
        <ele>273.75999999999999</ele>
        <time>2020-07-20T09:36:32Z</time>
      </trkpt>
      <trkpt lat="61.539817834272981" lon="-6.859973184764385">
        <ele>276.00999999999999</ele>
        <time>2020-07-20T09:36:47Z</time>
      </trkpt>
      <trkpt lat="61.539768716320395" lon="-6.860158005729318">
        <ele>275.82999999999998</ele>
        <time>2020-07-20T09:37:11Z</time>
      </trkpt>
      <trkpt lat="61.539667714387178" lon="-6.86025925911963">
        <ele>277.06</ele>
        <time>2020-07-20T09:37:30Z</time>
      </trkpt>
      <trkpt lat="61.539568388834596" lon="-6.860361685976386">
        <ele>277.56</ele>
        <time>2020-07-20T09:37:47Z</time>
      </trkpt>
      <trkpt lat="61.539467554539442" lon="-6.860520271584392">
        <ele>277.99000000000001</ele>
        <time>2020-07-20T09:38:01Z</time>
      </trkpt>
      <trkpt lat="61.539380131289363" lon="-6.860694866627455">
        <ele>278.81</ele>
        <time>2020-07-20T09:38:12Z</time>
      </trkpt>
      <trkpt lat="61.539350459352136" lon="-6.860865522176027">
        <ele>281.60000000000002</ele>
        <time>2020-07-20T09:38:26Z</time>
      </trkpt>
      <trkpt lat="61.539296982809901" lon="-6.861054114997387">
        <ele>282.54000000000002</ele>
        <time>2020-07-20T09:38:38Z</time>
      </trkpt>
      <trkpt lat="61.539233364164829" lon="-6.861200882121921">
        <ele>282.69999999999999</ele>
        <time>2020-07-20T09:38:51Z</time>
      </trkpt>
      <trkpt lat="61.539236130192876" lon="-6.861395761370659">
        <ele>282.57999999999998</ele>
        <time>2020-07-20T09:39:03Z</time>
      </trkpt>
      <trkpt lat="61.53920654207468" lon="-6.861577229574323">
        <ele>283.66000000000003</ele>
        <time>2020-07-20T09:39:13Z</time>
      </trkpt>
      <trkpt lat="61.539169913157821" lon="-6.861757356673479">
        <ele>285.38</ele>
        <time>2020-07-20T09:39:23Z</time>
      </trkpt>
      <trkpt lat="61.539162201806903" lon="-6.861950643360615">
        <ele>285.43000000000001</ele>
        <time>2020-07-20T09:39:35Z</time>
      </trkpt>
      <trkpt lat="61.539140995591879" lon="-6.862158346921206">
        <ele>284.97000000000003</ele>
        <time>2020-07-20T09:39:48Z</time>
      </trkpt>
      <trkpt lat="61.539121214300394" lon="-6.862367140129209">
        <ele>285.58999999999997</ele>
        <time>2020-07-20T09:40:09Z</time>
      </trkpt>
      <trkpt lat="61.539137894287705" lon="-6.862559001892805">
        <ele>283.02999999999997</ele>
        <time>2020-07-20T09:40:43Z</time>
      </trkpt>
      <trkpt lat="61.539143929257989" lon="-6.862765196710825">
        <ele>282.25</ele>
        <time>2020-07-20T09:41:05Z</time>
      </trkpt>
      <trkpt lat="61.539176031947136" lon="-6.862950520589948">
        <ele>283.06999999999999</ele>
        <time>2020-07-20T09:41:24Z</time>
      </trkpt>
      <trkpt lat="61.539172176271677" lon="-6.8631412088871">
        <ele>287.16000000000003</ele>
        <time>2020-07-20T09:41:43Z</time>
      </trkpt>
      <trkpt lat="61.539114005863667" lon="-6.863311612978578">
        <ele>284.48000000000002</ele>
        <time>2020-07-20T09:42:03Z</time>
      </trkpt>
      <trkpt lat="61.539045525714755" lon="-6.863437844440341">
        <ele>281.91000000000003</ele>
        <time>2020-07-20T09:42:20Z</time>
      </trkpt>
      <trkpt lat="61.53898173943162" lon="-6.863380260765553">
        <ele>280.57999999999998</ele>
        <time>2020-07-20T09:42:51Z</time>
      </trkpt>
      <trkpt lat="61.538902949541807" lon="-6.863288478925824">
        <ele>278.94999999999999</ele>
        <time>2020-07-20T09:43:15Z</time>
      </trkpt>
      <trkpt lat="61.53880194760859" lon="-6.863202983513475">
        <ele>273.85000000000002</ele>
        <time>2020-07-20T09:43:40Z</time>
      </trkpt>
      <trkpt lat="61.538693401962519" lon="-6.863280097022653">
        <ele>273.45999999999998</ele>
        <time>2020-07-20T09:44:03Z</time>
      </trkpt>
      <trkpt lat="61.538649816066027" lon="-6.863260148093104">
        <ele>272.93000000000001</ele>
        <time>2020-07-20T09:56:59Z</time>
      </trkpt>
      <trkpt lat="61.538628442212939" lon="-6.863091923296452">
        <ele>269.60000000000002</ele>
        <time>2020-07-20T09:57:22Z</time>
      </trkpt>
      <trkpt lat="61.538556022569537" lon="-6.862966027110815">
        <ele>266.87</ele>
        <time>2020-07-20T09:59:17Z</time>
      </trkpt>
      <trkpt lat="61.538457786664367" lon="-6.862887488678098">
        <ele>263.58999999999997</ele>
        <time>2020-07-20T09:59:43Z</time>
      </trkpt>
      <trkpt lat="61.538391318172216" lon="-6.862849770113826">
        <ele>258.20999999999998</ele>
        <time>2020-07-20T10:00:15Z</time>
      </trkpt>
      <trkpt lat="61.538318311795592" lon="-6.862816158682108">
        <ele>257.13999999999999</ele>
        <time>2020-07-20T10:00:36Z</time>
      </trkpt>
      <trkpt lat="61.538230301812291" lon="-6.862841807305813">
        <ele>255.63</ele>
        <time>2020-07-20T10:00:51Z</time>
      </trkpt>
      <trkpt lat="61.538146901875734" lon="-6.862911209464073">
        <ele>255.65000000000001</ele>
        <time>2020-07-20T10:01:16Z</time>
      </trkpt>
      <trkpt lat="61.538069536909461" lon="-6.863068789243698">
        <ele>257.67000000000002</ele>
        <time>2020-07-20T10:01:33Z</time>
      </trkpt>
      <trkpt lat="61.537988903000951" lon="-6.863108268007636">
        <ele>254.15000000000001</ele>
        <time>2020-07-20T10:03:08Z</time>
      </trkpt>
      <trkpt lat="61.537965182214975" lon="-6.862828899174929">
        <ele>250.44</ele>
        <time>2020-07-20T10:03:48Z</time>
      </trkpt>
      <trkpt lat="61.537935761734843" lon="-6.862419610843062">
        <ele>244.86000000000001</ele>
        <time>2020-07-20T10:07:25Z</time>
      </trkpt>
      <trkpt lat="61.537847584113479" lon="-6.862346269190311">
        <ele>242.38999999999999</ele>
        <time>2020-07-20T10:07:34Z</time>
      </trkpt>
      <trkpt lat="61.537783462554216" lon="-6.862195897847414">
        <ele>243.55000000000001</ele>
        <time>2020-07-20T10:07:43Z</time>
      </trkpt>
      <trkpt lat="61.53771573677659" lon="-6.862076539546251">
        <ele>242.44999999999999</ele>
        <time>2020-07-20T10:07:51Z</time>
      </trkpt>
      <trkpt lat="61.537635521963239" lon="-6.861976711079478">
        <ele>242.41</ele>
        <time>2020-07-20T10:07:58Z</time>
      </trkpt>
      <trkpt lat="61.537542482838035" lon="-6.861905716359615">
        <ele>239.62</ele>
        <time>2020-07-20T10:08:06Z</time>
      </trkpt>
      <trkpt lat="61.537461262196302" lon="-6.861969167366624">
        <ele>241.13</ele>
        <time>2020-07-20T10:08:15Z</time>
      </trkpt>
      <trkpt lat="61.537401750683784" lon="-6.8621292617172">
        <ele>239.84999999999999</ele>
        <time>2020-07-20T10:08:23Z</time>
      </trkpt>
      <trkpt lat="61.537323128432035" lon="-6.862261444330216">
        <ele>241.66999999999999</ele>
        <time>2020-07-20T10:08:32Z</time>
      </trkpt>
      <trkpt lat="61.537222377955914" lon="-6.862300839275122">
        <ele>242.90000000000001</ele>
        <time>2020-07-20T10:08:44Z</time>
      </trkpt>
      <trkpt lat="61.537129590287805" lon="-6.862296145409346">
        <ele>243.68000000000001</ele>
        <time>2020-07-20T10:08:52Z</time>
      </trkpt>
      <trkpt lat="61.537030013278127" lon="-6.862250799313188">
        <ele>244.09999999999999</ele>
        <time>2020-07-20T10:09:01Z</time>
      </trkpt>
      <trkpt lat="61.536927167326212" lon="-6.862264210358262">
        <ele>251.61000000000001</ele>
        <time>2020-07-20T10:09:19Z</time>
      </trkpt>
      <trkpt lat="61.536835385486484" lon="-6.862348364666104">
        <ele>243.40000000000001</ele>
        <time>2020-07-20T10:09:30Z</time>
      </trkpt>
      <trkpt lat="61.536744190379977" lon="-6.862451294437051">
        <ele>238.63999999999999</ele>
        <time>2020-07-20T10:09:40Z</time>
      </trkpt>
      <trkpt lat="61.536671603098512" lon="-6.862619100138545">
        <ele>234.69</ele>
        <time>2020-07-20T10:09:51Z</time>
      </trkpt>
      <trkpt lat="61.536596836522222" lon="-6.862737284973264">
        <ele>235.16999999999999</ele>
        <time>2020-07-20T10:09:59Z</time>
      </trkpt>
      <trkpt lat="61.536553585901856" lon="-6.86293451115489">
        <ele>233.87</ele>
        <time>2020-07-20T10:10:09Z</time>
      </trkpt>
      <trkpt lat="61.536565739661455" lon="-6.863150596618652">
        <ele>233.63</ele>
        <time>2020-07-20T10:10:19Z</time>
      </trkpt>
      <trkpt lat="61.536599351093173" lon="-6.863316725939512">
        <ele>228.88</ele>
        <time>2020-07-20T10:10:29Z</time>
      </trkpt>
      <trkpt lat="61.536636566743255" lon="-6.863497691228986">
        <ele>226.44</ele>
        <time>2020-07-20T10:10:38Z</time>
      </trkpt>
      <trkpt lat="61.536653079092503" lon="-6.863684188574553">
        <ele>224.38999999999999</ele>
        <time>2020-07-20T10:10:50Z</time>
      </trkpt>
      <trkpt lat="61.536689708009362" lon="-6.86386683024466">
        <ele>222.56999999999999</ele>
        <time>2020-07-20T10:10:59Z</time>
      </trkpt>
      <trkpt lat="61.536726001650095" lon="-6.863945033401251">
        <ele>220.16</ele>
        <time>2020-07-20T10:11:12Z</time>
      </trkpt>
      <trkpt lat="61.536750644445419" lon="-6.864170841872692">
        <ele>217.78</ele>
        <time>2020-07-20T10:11:22Z</time>
      </trkpt>
      <trkpt lat="61.536776041612029" lon="-6.864354070276022">
        <ele>215.75</ele>
        <time>2020-07-20T10:11:32Z</time>
      </trkpt>
      <trkpt lat="61.536806803196669" lon="-6.864505615085363">
        <ele>214</ele>
        <time>2020-07-20T10:11:46Z</time>
      </trkpt>
      <trkpt lat="61.536814598366618" lon="-6.864773333072662">
        <ele>211.87</ele>
        <time>2020-07-20T10:11:59Z</time>
      </trkpt>
      <trkpt lat="61.536806132644415" lon="-6.864774841815233">
        <ele>210.84999999999999</ele>
        <time>2020-07-20T10:12:20Z</time>
      </trkpt>
      <trkpt lat="61.536766905337572" lon="-6.864913646131754">
        <ele>208.66999999999999</ele>
        <time>2020-07-20T10:12:49Z</time>
      </trkpt>
      <trkpt lat="61.536794397979975" lon="-6.865087989717722">
        <ele>202.49000000000001</ele>
        <time>2020-07-20T10:13:07Z</time>
      </trkpt>
      <trkpt lat="61.53684594668448" lon="-6.865229392424226">
        <ele>198.72</ele>
        <time>2020-07-20T10:13:28Z</time>
      </trkpt>
      <trkpt lat="61.536763468757272" lon="-6.865243557840586">
        <ele>196.75</ele>
        <time>2020-07-20T10:14:33Z</time>
      </trkpt>
      <trkpt lat="61.536856843158603" lon="-6.865350008010864">
        <ele>197.86000000000001</ele>
        <time>2020-07-20T10:15:29Z</time>
      </trkpt>
      <trkpt lat="61.53692364692688" lon="-6.86550373211503">
        <ele>192.5</ele>
        <time>2020-07-20T10:15:43Z</time>
      </trkpt>
      <trkpt lat="61.536957342177629" lon="-6.865608841180801">
        <ele>190.68000000000001</ele>
        <time>2020-07-20T10:16:04Z</time>
      </trkpt>
      <trkpt lat="61.537003526464105" lon="-6.865753261372447">
        <ele>189.84</ele>
        <time>2020-07-20T10:16:18Z</time>
      </trkpt>
      <trkpt lat="61.537011740729213" lon="-6.865854179486632">
        <ele>190.05000000000001</ele>
        <time>2020-07-20T10:16:39Z</time>
      </trkpt>
      <trkpt lat="61.537060188129544" lon="-6.86605878174305">
        <ele>188.06</ele>
        <time>2020-07-20T10:16:55Z</time>
      </trkpt>
      <trkpt lat="61.537059517577291" lon="-6.866241255775094">
        <ele>186.37</ele>
        <time>2020-07-20T10:17:19Z</time>
      </trkpt>
      <trkpt lat="61.537097655236721" lon="-6.866419287398458">
        <ele>185.31</ele>
        <time>2020-07-20T10:17:32Z</time>
      </trkpt>
      <trkpt lat="61.53701500967145" lon="-6.866334211081266">
        <ele>183.53</ele>
        <time>2020-07-20T10:17:49Z</time>
      </trkpt>
      <trkpt lat="61.536945104598999" lon="-6.866330355405808">
        <ele>181.61000000000001</ele>
        <time>2020-07-20T10:18:05Z</time>
      </trkpt>
      <trkpt lat="61.536958767101169" lon="-6.866507800295949">
        <ele>179.19</ele>
        <time>2020-07-20T10:18:16Z</time>
      </trkpt>
      <trkpt lat="61.53699011541903" lon="-6.866692705079913">
        <ele>176.25</ele>
        <time>2020-07-20T10:18:25Z</time>
      </trkpt>
      <trkpt lat="61.537005454301834" lon="-6.86685430817306">
        <ele>173.88999999999999</ele>
        <time>2020-07-20T10:18:33Z</time>
      </trkpt>
      <trkpt lat="61.53704727999866" lon="-6.867012223228812">
        <ele>171.61000000000001</ele>
        <time>2020-07-20T10:18:41Z</time>
      </trkpt>
      <trkpt lat="61.537042586132884" lon="-6.867254879325628">
        <ele>169.43000000000001</ele>
        <time>2020-07-20T10:18:54Z</time>
      </trkpt>
      <trkpt lat="61.537045268341899" lon="-6.867484375834465">
        <ele>166.91999999999999</ele>
        <time>2020-07-20T10:19:06Z</time>
      </trkpt>
      <trkpt lat="61.53697008267045" lon="-6.867475407198072">
        <ele>165.59999999999999</ele>
        <time>2020-07-20T10:19:31Z</time>
      </trkpt>
      <trkpt lat="61.536914091557264" lon="-6.86750516295433">
        <ele>161.75</ele>
        <time>2020-07-20T10:19:51Z</time>
      </trkpt>
      <trkpt lat="61.536869583651423" lon="-6.867414889857173">
        <ele>157.65000000000001</ele>
        <time>2020-07-20T10:20:05Z</time>
      </trkpt>
      <trkpt lat="61.536809736862779" lon="-6.867507174611092">
        <ele>154.13</ele>
        <time>2020-07-20T10:20:22Z</time>
      </trkpt>
      <trkpt lat="61.536746621131897" lon="-6.867689900100231">
        <ele>150.74000000000001</ele>
        <time>2020-07-20T10:20:40Z</time>
      </trkpt>
      <trkpt lat="61.536740334704518" lon="-6.867801547050476">
        <ele>149.38</ele>
        <time>2020-07-20T10:21:05Z</time>
      </trkpt>
      <trkpt lat="61.536717535927892" lon="-6.867975639179349">
        <ele>144.83000000000001</ele>
        <time>2020-07-20T10:21:36Z</time>
      </trkpt>
      <trkpt lat="61.536650145426393" lon="-6.867935070767999">
        <ele>142.36000000000001</ele>
        <time>2020-07-20T10:21:48Z</time>
      </trkpt>
      <trkpt lat="61.536598931998014" lon="-6.867765001952648">
        <ele>141.16999999999999</ele>
        <time>2020-07-20T10:21:56Z</time>
      </trkpt>
      <trkpt lat="61.536535983905196" lon="-6.867627706378698">
        <ele>138.40000000000001</ele>
        <time>2020-07-20T10:22:06Z</time>
      </trkpt>
      <trkpt lat="61.536473957821727" lon="-6.867688810452819">
        <ele>135.63</ele>
        <time>2020-07-20T10:22:18Z</time>
      </trkpt>
      <trkpt lat="61.536484686657786" lon="-6.867866422981024">
        <ele>133.78999999999999</ele>
        <time>2020-07-20T10:22:27Z</time>
      </trkpt>
      <trkpt lat="61.53644185513258" lon="-6.868029953911901">
        <ele>129.69</ele>
        <time>2020-07-20T10:22:43Z</time>
      </trkpt>
      <trkpt lat="61.536362478509545" lon="-6.867995923385024">
        <ele>127.55</ele>
        <time>2020-07-20T10:22:51Z</time>
      </trkpt>
      <trkpt lat="61.536275055259466" lon="-6.867961641401053">
        <ele>125.77</ele>
        <time>2020-07-20T10:23:05Z</time>
      </trkpt>
      <trkpt lat="61.536195259541273" lon="-6.86790581792593">
        <ele>123.76000000000001</ele>
        <time>2020-07-20T10:23:15Z</time>
      </trkpt>
      <trkpt lat="61.536096772179008" lon="-6.867813365533948">
        <ele>121.58</ele>
        <time>2020-07-20T10:23:24Z</time>
      </trkpt>
      <trkpt lat="61.536002559587359" lon="-6.867730300873518">
        <ele>120.97</ele>
        <time>2020-07-20T10:23:38Z</time>
      </trkpt>
      <trkpt lat="61.536012701690197" lon="-6.867536595091224">
        <ele>120.73</ele>
        <time>2020-07-20T10:23:59Z</time>
      </trkpt>
      <trkpt lat="61.535927709192038" lon="-6.867649331688881">
        <ele>121.03</ele>
        <time>2020-07-20T10:24:12Z</time>
      </trkpt>
      <trkpt lat="61.535834418609738" lon="-6.867711106315255">
        <ele>119.75</ele>
        <time>2020-07-20T10:24:18Z</time>
      </trkpt>
      <trkpt lat="61.535747749730945" lon="-6.867754189297557">
        <ele>118.69</ele>
        <time>2020-07-20T10:24:26Z</time>
      </trkpt>
      <trkpt lat="61.535649681463838" lon="-6.867731809616089">
        <ele>118.31999999999999</ele>
        <time>2020-07-20T10:24:34Z</time>
      </trkpt>
      <trkpt lat="61.535567287355661" lon="-6.867662239819765">
        <ele>118.28</ele>
        <time>2020-07-20T10:24:44Z</time>
      </trkpt>
      <trkpt lat="61.535487910732627" lon="-6.867677830159664">
        <ele>118.15000000000001</ele>
        <time>2020-07-20T10:24:51Z</time>
      </trkpt>
      <trkpt lat="61.535387998446822" lon="-6.867746561765671">
        <ele>116.98999999999999</ele>
        <time>2020-07-20T10:25:02Z</time>
      </trkpt>
      <trkpt lat="61.535305855795741" lon="-6.867797942832112">
        <ele>116.70999999999999</ele>
        <time>2020-07-20T10:25:10Z</time>
      </trkpt>
      <trkpt lat="61.535209631547332" lon="-6.867829542607069">
        <ele>116.8</ele>
        <time>2020-07-20T10:25:18Z</time>
      </trkpt>
      <trkpt lat="61.535140899941325" lon="-6.86798544600606">
        <ele>116.66</ele>
        <time>2020-07-20T10:25:26Z</time>
      </trkpt>
      <trkpt lat="61.53505515307188" lon="-6.868084855377674">
        <ele>116.61</ele>
        <time>2020-07-20T10:25:32Z</time>
      </trkpt>
      <trkpt lat="61.534959767013788" lon="-6.868178984150291">
        <ele>116.25</ele>
        <time>2020-07-20T10:25:39Z</time>
      </trkpt>
      <trkpt lat="61.534877037629485" lon="-6.868293900042772">
        <ele>115.87</ele>
        <time>2020-07-20T10:25:47Z</time>
      </trkpt>
      <trkpt lat="61.534783160313964" lon="-6.86837051063776">
        <ele>115.89</ele>
        <time>2020-07-20T10:25:55Z</time>
      </trkpt>
      <trkpt lat="61.534693893045187" lon="-6.868519876152277">
        <ele>115.47</ele>
        <time>2020-07-20T10:26:04Z</time>
      </trkpt>
      <trkpt lat="61.534615606069565" lon="-6.868655411526561">
        <ele>114.91</ele>
        <time>2020-07-20T10:26:11Z</time>
      </trkpt>
      <trkpt lat="61.534536564722657" lon="-6.868803687393665">
        <ele>115.16</ele>
        <time>2020-07-20T10:26:20Z</time>
      </trkpt>
      <trkpt lat="61.534455008804798" lon="-6.868944671005011">
        <ele>114.39</ele>
        <time>2020-07-20T10:26:48Z</time>
      </trkpt>
      <trkpt lat="61.534381164237857" lon="-6.869098478928208">
        <ele>114.03</ele>
        <time>2020-07-20T10:27:02Z</time>
      </trkpt>
      <trkpt lat="61.534322323277593" lon="-6.869319342076778">
        <ele>113.38</ele>
        <time>2020-07-20T10:27:11Z</time>
      </trkpt>
      <trkpt lat="61.53424353338778" lon="-6.869461415335536">
        <ele>112.98</ele>
        <time>2020-07-20T10:27:21Z</time>
      </trkpt>
      <trkpt lat="61.534164492040873" lon="-6.869432246312499">
        <ele>113.38</ele>
        <time>2020-07-20T10:27:43Z</time>
      </trkpt>
      <trkpt lat="61.534071788191795" lon="-6.869420679286122">
        <ele>114.28</ele>
        <time>2020-07-20T10:27:52Z</time>
      </trkpt>
      <trkpt lat="61.533997943624854" lon="-6.869478095322847">
        <ele>114.12</ele>
        <time>2020-07-20T10:28:01Z</time>
      </trkpt>
      <trkpt lat="61.533884787932038" lon="-6.869449680671096">
        <ele>113.23</ele>
        <time>2020-07-20T10:28:11Z</time>
      </trkpt>
      <trkpt lat="61.533796107396483" lon="-6.869526542723179">
        <ele>113.34</ele>
        <time>2020-07-20T10:28:19Z</time>
      </trkpt>
      <trkpt lat="61.533702397719026" lon="-6.86962285079062">
        <ele>113.42</ele>
        <time>2020-07-20T10:28:27Z</time>
      </trkpt>
      <trkpt lat="61.533598126843572" lon="-6.869651265442371">
        <ele>113.94</ele>
        <time>2020-07-20T10:28:35Z</time>
      </trkpt>
      <trkpt lat="61.533498885110021" lon="-6.869680853560567">
        <ele>113.76000000000001</ele>
        <time>2020-07-20T10:28:43Z</time>
      </trkpt>
      <trkpt lat="61.533402660861611" lon="-6.869686469435692">
        <ele>114.73999999999999</ele>
        <time>2020-07-20T10:28:51Z</time>
      </trkpt>
      <trkpt lat="61.533312471583486" lon="-6.869739862158895">
        <ele>114.63</ele>
        <time>2020-07-20T10:29:00Z</time>
      </trkpt>
      <trkpt lat="61.533217923715711" lon="-6.869766348972917">
        <ele>114.98999999999999</ele>
        <time>2020-07-20T10:29:09Z</time>
      </trkpt>
      <trkpt lat="61.533131506294012" lon="-6.869700467213988">
        <ele>116.23</ele>
        <time>2020-07-20T10:29:19Z</time>
      </trkpt>
      <trkpt lat="61.533028576523066" lon="-6.869666269049048">
        <ele>115.7</ele>
        <time>2020-07-20T10:29:28Z</time>
      </trkpt>
      <trkpt lat="61.532927826046944" lon="-6.869699712842703">
        <ele>115.83</ele>
        <time>2020-07-20T10:29:36Z</time>
      </trkpt>
      <trkpt lat="61.532820370048285" lon="-6.869691666215658">
        <ele>115.54000000000001</ele>
        <time>2020-07-20T10:29:45Z</time>
      </trkpt>
      <trkpt lat="61.532716015353799" lon="-6.869694516062737">
        <ele>113.73</ele>
        <time>2020-07-20T10:29:57Z</time>
      </trkpt>
      <trkpt lat="61.532612415030599" lon="-6.86968102119863">
        <ele>111.44</ele>
        <time>2020-07-20T10:30:08Z</time>
      </trkpt>
      <trkpt lat="61.532502360641956" lon="-6.869675824418664">
        <ele>110.73999999999999</ele>
        <time>2020-07-20T10:30:17Z</time>
      </trkpt>
      <trkpt lat="61.532403454184532" lon="-6.869708010926843">
        <ele>110.87</ele>
        <time>2020-07-20T10:30:25Z</time>
      </trkpt>
      <trkpt lat="61.532302116975188" lon="-6.86973717994988">
        <ele>110.56999999999999</ele>
        <time>2020-07-20T10:30:34Z</time>
      </trkpt>
      <trkpt lat="61.532192649319768" lon="-6.869779005646706">
        <ele>108.98999999999999</ele>
        <time>2020-07-20T10:30:43Z</time>
      </trkpt>
      <trkpt lat="61.532095083966851" lon="-6.869773054495454">
        <ele>108.55</ele>
        <time>2020-07-20T10:30:51Z</time>
      </trkpt>
      <trkpt lat="61.531994082033634" lon="-6.869798116385937">
        <ele>107.70999999999999</ele>
        <time>2020-07-20T10:30:59Z</time>
      </trkpt>
      <trkpt lat="61.531897019594908" lon="-6.869849245995283">
        <ele>107.3</ele>
        <time>2020-07-20T10:31:08Z</time>
      </trkpt>
      <trkpt lat="61.531793586909771" lon="-6.869870619848371">
        <ele>107</ele>
        <time>2020-07-20T10:31:17Z</time>
      </trkpt>
      <trkpt lat="61.531701050698757" lon="-6.869921833276749">
        <ele>107.04000000000001</ele>
        <time>2020-07-20T10:31:25Z</time>
      </trkpt>
      <trkpt lat="61.531597282737494" lon="-6.869962736964226">
        <ele>108.22</ele>
        <time>2020-07-20T10:31:33Z</time>
      </trkpt>
      <trkpt lat="61.531498292461038" lon="-6.870027612894774">
        <ele>107.81</ele>
        <time>2020-07-20T10:31:42Z</time>
      </trkpt>
      <trkpt lat="61.531392596662045" lon="-6.870069606229663">
        <ele>108.2</ele>
        <time>2020-07-20T10:31:50Z</time>
      </trkpt>
      <trkpt lat="61.531299892812967" lon="-6.870109252631664">
        <ele>108.89</ele>
        <time>2020-07-20T10:31:58Z</time>
      </trkpt>
      <trkpt lat="61.531196627765894" lon="-6.870163064450026">
        <ele>108.23</ele>
        <time>2020-07-20T10:32:09Z</time>
      </trkpt>
      <trkpt lat="61.531104426831007" lon="-6.870216960087419">
        <ele>108.47</ele>
        <time>2020-07-20T10:32:16Z</time>
      </trkpt>
      <trkpt lat="61.531010298058391" lon="-6.870264988392592">
        <ele>108.8</ele>
        <time>2020-07-20T10:32:25Z</time>
      </trkpt>
      <trkpt lat="61.530917007476091" lon="-6.870275717228651">
        <ele>109.01000000000001</ele>
        <time>2020-07-20T10:32:33Z</time>
      </trkpt>
      <trkpt lat="61.530814077705145" lon="-6.87034260481596">
        <ele>108.81999999999999</ele>
        <time>2020-07-20T10:32:42Z</time>
      </trkpt>
      <trkpt lat="61.530717015266418" lon="-6.870379401370883">
        <ele>109.19</ele>
        <time>2020-07-20T10:32:50Z</time>
      </trkpt>
      <trkpt lat="61.530622886493802" lon="-6.870492892339826">
        <ele>108.27</ele>
        <time>2020-07-20T10:32:58Z</time>
      </trkpt>
      <trkpt lat="61.530524315312505" lon="-6.870535807684064">
        <ele>109.06999999999999</ele>
        <time>2020-07-20T10:33:06Z</time>
      </trkpt>
      <trkpt lat="61.5304209664464" lon="-6.870541675016284">
        <ele>108.66</ele>
        <time>2020-07-20T10:33:14Z</time>
      </trkpt>
      <trkpt lat="61.530320048332214" lon="-6.870575789362192">
        <ele>108.25</ele>
        <time>2020-07-20T10:33:22Z</time>
      </trkpt>
      <trkpt lat="61.530223991721869" lon="-6.870642509311438">
        <ele>108.54000000000001</ele>
        <time>2020-07-20T10:33:31Z</time>
      </trkpt>
      <trkpt lat="61.530142351984978" lon="-6.8707031942904">
        <ele>109.2</ele>
        <time>2020-07-20T10:33:39Z</time>
      </trkpt>
      <trkpt lat="61.530065573751926" lon="-6.870788102969527">
        <ele>109</ele>
        <time>2020-07-20T10:33:47Z</time>
      </trkpt>
      <trkpt lat="61.529978318139911" lon="-6.870865887030959">
        <ele>108.97</ele>
        <time>2020-07-20T10:33:55Z</time>
      </trkpt>
      <trkpt lat="61.52989617548883" lon="-6.870943084359169">
        <ele>108.68000000000001</ele>
        <time>2020-07-20T10:34:03Z</time>
      </trkpt>
      <trkpt lat="61.529805231839418" lon="-6.871019694954157">
        <ele>108.56</ele>
        <time>2020-07-20T10:34:13Z</time>
      </trkpt>
      <trkpt lat="61.529708504676819" lon="-6.871091024950147">
        <ele>109.19</ele>
        <time>2020-07-20T10:34:23Z</time>
      </trkpt>
      <trkpt lat="61.529623512178659" lon="-6.871228069067001">
        <ele>109.09</ele>
        <time>2020-07-20T10:34:32Z</time>
      </trkpt>
      <trkpt lat="61.529539860785007" lon="-6.871342482045293">
        <ele>108.25</ele>
        <time>2020-07-20T10:34:40Z</time>
      </trkpt>
      <trkpt lat="61.529451934620738" lon="-6.871423702687025">
        <ele>108.16</ele>
        <time>2020-07-20T10:34:47Z</time>
      </trkpt>
      <trkpt lat="61.529360236600041" lon="-6.87148011289537">
        <ele>107.58</ele>
        <time>2020-07-20T10:34:55Z</time>
      </trkpt>
      <trkpt lat="61.529261078685522" lon="-6.871507354080677">
        <ele>106.93000000000001</ele>
        <time>2020-07-20T10:35:09Z</time>
      </trkpt>
      <trkpt lat="61.529176170006394" lon="-6.871443903073669">
        <ele>106.58</ele>
        <time>2020-07-20T10:35:20Z</time>
      </trkpt>
      <trkpt lat="61.529082711786032" lon="-6.871475335210562">
        <ele>104.66</ele>
        <time>2020-07-20T10:35:30Z</time>
      </trkpt>
      <trkpt lat="61.528970561921597" lon="-6.871490590274334">
        <ele>104.23</ele>
        <time>2020-07-20T10:35:39Z</time>
      </trkpt>
      <trkpt lat="61.52887006290257" lon="-6.871488997712731">
        <ele>102.95</ele>
        <time>2020-07-20T10:35:49Z</time>
      </trkpt>
      <trkpt lat="61.528779789805412" lon="-6.871439209207892">
        <ele>101.42</ele>
        <time>2020-07-20T10:36:02Z</time>
      </trkpt>
      <trkpt lat="61.528685577213764" lon="-6.871471144258976">
        <ele>99.290000000000006</ele>
        <time>2020-07-20T10:36:14Z</time>
      </trkpt>
      <trkpt lat="61.528587760403752" lon="-6.871521435678005">
        <ele>97.150000000000006</ele>
        <time>2020-07-20T10:36:27Z</time>
      </trkpt>
      <trkpt lat="61.528493128716946" lon="-6.871599052101374">
        <ele>95</ele>
        <time>2020-07-20T10:36:37Z</time>
      </trkpt>
      <trkpt lat="61.528407214209437" lon="-6.871646242216229">
        <ele>94.260000000000005</ele>
        <time>2020-07-20T10:36:44Z</time>
      </trkpt>
      <trkpt lat="61.528313253074884" lon="-6.871665436774492">
        <ele>94.170000000000002</ele>
        <time>2020-07-20T10:36:52Z</time>
      </trkpt>
      <trkpt lat="61.528224321082234" lon="-6.871713297441602">
        <ele>95.060000000000002</ele>
        <time>2020-07-20T10:37:05Z</time>
      </trkpt>
      <trkpt lat="61.528135556727648" lon="-6.871795356273651">
        <ele>95.269999999999996</ele>
        <time>2020-07-20T10:37:13Z</time>
      </trkpt>
      <trkpt lat="61.528045954182744" lon="-6.871840702369809">
        <ele>95.310000000000002</ele>
        <time>2020-07-20T10:37:21Z</time>
      </trkpt>
      <trkpt lat="61.527951490134001" lon="-6.871876074001193">
        <ele>95.549999999999997</ele>
        <time>2020-07-20T10:37:31Z</time>
      </trkpt>
      <trkpt lat="61.527861803770065" lon="-6.871945057064295">
        <ele>95.780000000000001</ele>
        <time>2020-07-20T10:37:40Z</time>
      </trkpt>
      <trkpt lat="61.527779409661889" lon="-6.872085789218545">
        <ele>95.569999999999993</ele>
        <time>2020-07-20T10:37:52Z</time>
      </trkpt>
      <trkpt lat="61.52770615182817" lon="-6.872219732031226">
        <ele>96.180000000000007</ele>
        <time>2020-07-20T10:38:00Z</time>
      </trkpt>
      <trkpt lat="61.527624512091279" lon="-6.872333642095327">
        <ele>96.239999999999995</ele>
        <time>2020-07-20T10:38:08Z</time>
      </trkpt>
      <trkpt lat="61.527531472966075" lon="-6.872361805289984">
        <ele>97.540000000000006</ele>
        <time>2020-07-20T10:38:17Z</time>
      </trkpt>
      <trkpt lat="61.527454107999802" lon="-6.872511003166437">
        <ele>99.450000000000003</ele>
        <time>2020-07-20T10:38:27Z</time>
      </trkpt>
      <trkpt lat="61.527376743033528" lon="-6.872653160244227">
        <ele>99.909999999999997</ele>
        <time>2020-07-20T10:38:36Z</time>
      </trkpt>
      <trkpt lat="61.527301054447889" lon="-6.872807303443551">
        <ele>101.19</ele>
        <time>2020-07-20T10:38:45Z</time>
      </trkpt>
      <trkpt lat="61.527222599834204" lon="-6.872933618724346">
        <ele>102.62</ele>
        <time>2020-07-20T10:38:54Z</time>
      </trkpt>
      <trkpt lat="61.52715596370399" lon="-6.873050378635526">
        <ele>103.27</ele>
        <time>2020-07-20T10:39:03Z</time>
      </trkpt>
      <trkpt lat="61.527080526575446" lon="-6.873188596218824">
        <ele>103.48</ele>
        <time>2020-07-20T10:39:13Z</time>
      </trkpt>
      <trkpt lat="61.52701179496944" lon="-6.873333435505629">
        <ele>103.43000000000001</ele>
        <time>2020-07-20T10:39:20Z</time>
      </trkpt>
      <trkpt lat="61.526965778321028" lon="-6.873526303097606">
        <ele>103.31</ele>
        <time>2020-07-20T10:39:28Z</time>
      </trkpt>
      <trkpt lat="61.526962006464601" lon="-6.873708106577396">
        <ele>101.91</ele>
        <time>2020-07-20T10:39:36Z</time>
      </trkpt>
      <trkpt lat="61.526951026171446" lon="-6.873925616964698">
        <ele>101.25</ele>
        <time>2020-07-20T10:39:45Z</time>
      </trkpt>
      <trkpt lat="61.526955468580127" lon="-6.874111527577043">
        <ele>100.14</ele>
        <time>2020-07-20T10:40:02Z</time>
      </trkpt>
      <trkpt lat="61.526990085840225" lon="-6.874295007437468">
        <ele>99.569999999999993</ele>
        <time>2020-07-20T10:40:09Z</time>
      </trkpt>
      <trkpt lat="61.527031492441893" lon="-6.874463567510247">
        <ele>99.200000000000003</ele>
        <time>2020-07-20T10:40:16Z</time>
      </trkpt>
      <trkpt lat="61.527082622051239" lon="-6.874638833105564">
        <ele>97.159999999999997</ele>
        <time>2020-07-20T10:40:26Z</time>
      </trkpt>
      <trkpt lat="61.527130901813507" lon="-6.874810745939612">
        <ele>95.930000000000007</ele>
        <time>2020-07-20T10:40:36Z</time>
      </trkpt>
      <trkpt lat="61.527176834642887" lon="-6.874974528327584">
        <ele>95.280000000000001</ele>
        <time>2020-07-20T10:40:48Z</time>
      </trkpt>
      <trkpt lat="61.527222599834204" lon="-6.875125067308545">
        <ele>93.359999999999999</ele>
        <time>2020-07-20T10:41:01Z</time>
      </trkpt>
      <trkpt lat="61.527235843241215" lon="-6.875298153609037">
        <ele>92.579999999999998</ele>
        <time>2020-07-20T10:41:16Z</time>
      </trkpt>
      <trkpt lat="61.527168704196811" lon="-6.875466294586659">
        <ele>92.609999999999999</ele>
        <time>2020-07-20T10:41:25Z</time>
      </trkpt>
      <trkpt lat="61.527112042531371" lon="-6.875618090853095">
        <ele>92.129999999999995</ele>
        <time>2020-07-20T10:41:42Z</time>
      </trkpt>
      <trkpt lat="61.527064349502325" lon="-6.875791009515524">
        <ele>91.230000000000004</ele>
        <time>2020-07-20T10:41:52Z</time>
      </trkpt>
      <trkpt lat="61.527004586532712" lon="-6.875934507697821">
        <ele>89.879999999999995</ele>
        <time>2020-07-20T10:42:01Z</time>
      </trkpt>
      <trkpt lat="61.526916995644569" lon="-6.876010112464428">
        <ele>89.189999999999998</ele>
        <time>2020-07-20T10:42:11Z</time>
      </trkpt>
      <trkpt lat="61.526835355907679" lon="-6.87606249935925">
        <ele>87.530000000000001</ele>
        <time>2020-07-20T10:42:20Z</time>
      </trkpt>
      <trkpt lat="61.526733431965113" lon="-6.876049926504493">
        <ele>86.060000000000002</ele>
        <time>2020-07-20T10:44:40Z</time>
      </trkpt>
      <trkpt lat="61.526665706187487" lon="-6.876188144087791">
        <ele>85.150000000000006</ele>
        <time>2020-07-20T10:44:49Z</time>
      </trkpt>
      <trkpt lat="61.52660870924592" lon="-6.876316973939538">
        <ele>83.239999999999995</ele>
        <time>2020-07-20T10:44:59Z</time>
      </trkpt>
      <trkpt lat="61.52656520716846" lon="-6.87647296115756">
        <ele>79.900000000000006</ele>
        <time>2020-07-20T10:45:20Z</time>
      </trkpt>
      <trkpt lat="61.526509383693337" lon="-6.876625679433346">
        <ele>76.489999999999995</ele>
        <time>2020-07-20T10:45:31Z</time>
      </trkpt>
      <trkpt lat="61.526483567431569" lon="-6.876819804310799">
        <ele>72.590000000000003</ele>
        <time>2020-07-20T10:45:45Z</time>
      </trkpt>
      <trkpt lat="61.526455152779818" lon="-6.876997835934162">
        <ele>68.579999999999998</ele>
        <time>2020-07-20T10:46:00Z</time>
      </trkpt>
      <trkpt lat="61.526382900774479" lon="-6.877148374915123">
        <ele>63.710000000000001</ele>
        <time>2020-07-20T10:46:19Z</time>
      </trkpt>
      <trkpt lat="61.526334704831243" lon="-6.877279300242662">
        <ele>61.93</ele>
        <time>2020-07-20T10:46:30Z</time>
      </trkpt>
      <trkpt lat="61.526259100064635" lon="-6.877290867269039">
        <ele>59.740000000000002</ele>
        <time>2020-07-20T10:46:48Z</time>
      </trkpt>
      <trkpt lat="61.526190536096692" lon="-6.877193553373218">
        <ele>57.770000000000003</ele>
        <time>2020-07-20T10:47:23Z</time>
      </trkpt>
      <trkpt lat="61.526105962693691" lon="-6.877131359651685">
        <ele>55.549999999999997</ele>
        <time>2020-07-20T10:47:32Z</time>
      </trkpt>
      <trkpt lat="61.526099508628249" lon="-6.877252645790577">
        <ele>52.710000000000001</ele>
        <time>2020-07-20T10:47:48Z</time>
      </trkpt>
      <trkpt lat="61.526058269664645" lon="-6.877261362969875">
        <ele>50.710000000000001</ele>
        <time>2020-07-20T10:48:01Z</time>
      </trkpt>
      <trkpt lat="61.526102526113391" lon="-6.877433862537146">
        <ele>49.240000000000002</ele>
        <time>2020-07-20T10:48:31Z</time>
      </trkpt>
      <trkpt lat="61.526011498644948" lon="-6.877340152859688">
        <ele>47.509999999999998</ele>
        <time>2020-07-20T10:48:40Z</time>
      </trkpt>
      <trkpt lat="61.525932541117072" lon="-6.87723571434617">
        <ele>45.539999999999999</ele>
        <time>2020-07-20T10:48:48Z</time>
      </trkpt>
      <trkpt lat="61.52584888972342" lon="-6.877146614715457">
        <ele>43.240000000000002</ele>
        <time>2020-07-20T10:48:57Z</time>
      </trkpt>
      <trkpt lat="61.525797676295042" lon="-6.87718047760427">
        <ele>39.689999999999998</ele>
        <time>2020-07-20T10:49:13Z</time>
      </trkpt>
      <trkpt lat="61.525795664638281" lon="-6.877377452328801">
        <ele>37.619999999999997</ele>
        <time>2020-07-20T10:49:48Z</time>
      </trkpt>
      <trkpt lat="61.525785606354475" lon="-6.877465713769198">
        <ele>33.5</ele>
        <time>2020-07-20T10:50:11Z</time>
      </trkpt>
      <trkpt lat="61.525839501991868" lon="-6.87760409899056">
        <ele>31.800000000000001</ele>
        <time>2020-07-20T10:50:22Z</time>
      </trkpt>
      <trkpt lat="61.525884009897709" lon="-6.877784645184875">
        <ele>28.190000000000001</ele>
        <time>2020-07-20T10:50:37Z</time>
      </trkpt>
      <trkpt lat="61.525944862514734" lon="-6.87795739620924">
        <ele>26.640000000000001</ele>
        <time>2020-07-20T10:50:50Z</time>
      </trkpt>
      <trkpt lat="61.526003619655967" lon="-6.878119669854641">
        <ele>24.420000000000002</ele>
        <time>2020-07-20T10:51:23Z</time>
      </trkpt>
      <trkpt lat="61.526080146431923" lon="-6.878262162208557">
        <ele>21.879999999999999</ele>
        <time>2020-07-20T10:51:35Z</time>
      </trkpt>
      <trkpt lat="61.526120128110051" lon="-6.878431309014559">
        <ele>20.530000000000001</ele>
        <time>2020-07-20T10:51:46Z</time>
      </trkpt>
      <trkpt lat="61.526113171130419" lon="-6.87863758765161">
        <ele>18.449999999999999</ele>
        <time>2020-07-20T10:52:10Z</time>
      </trkpt>
      <trkpt lat="61.5261694137007" lon="-6.878826934844255">
        <ele>19.57</ele>
        <time>2020-07-20T10:52:32Z</time>
      </trkpt>
      <trkpt lat="61.526247197762132" lon="-6.878907568752766">
        <ele>19.059999999999999</ele>
        <time>2020-07-20T10:52:46Z</time>
      </trkpt>
      <trkpt lat="61.526327496394515" lon="-6.878988454118371">
        <ele>18.710000000000001</ele>
        <time>2020-07-20T10:53:02Z</time>
      </trkpt>
      <trkpt lat="61.526387594640255" lon="-6.87917260453105">
        <ele>16.82</ele>
        <time>2020-07-20T10:53:31Z</time>
      </trkpt>
      <trkpt lat="61.526319868862629" lon="-6.879294812679291">
        <ele>14.720000000000001</ele>
        <time>2020-07-20T10:53:41Z</time>
      </trkpt>
      <trkpt lat="61.526235630735755" lon="-6.879375530406833">
        <ele>11.4</ele>
        <time>2020-07-20T10:53:51Z</time>
      </trkpt>
      <trkpt lat="61.52615281753242" lon="-6.879514502361417">
        <ele>7.87</ele>
        <time>2020-07-20T10:54:03Z</time>
      </trkpt>
      <trkpt lat="61.526045864447951" lon="-6.879559848457575">
        <ele>5.45</ele>
        <time>2020-07-20T10:54:14Z</time>
      </trkpt>
      <trkpt lat="61.525952154770494" lon="-6.879670741036534">
        <ele>3.46</ele>
        <time>2020-07-20T10:54:21Z</time>
      </trkpt>
      <trkpt lat="61.525863390415907" lon="-6.879808036610484">
        <ele>2.86</ele>
        <time>2020-07-20T10:54:27Z</time>
      </trkpt>
      <trkpt lat="61.52577705681324" lon="-6.879869224503636">
        <ele>2.54</ele>
        <time>2020-07-20T10:54:35Z</time>
      </trkpt>
      <trkpt lat="61.525682006031275" lon="-6.879999898374081">
        <ele>2.17</ele>
        <time>2020-07-20T10:54:55Z</time>
      </trkpt>
      <trkpt lat="61.525609754025936" lon="-6.879945835098624">
        <ele>2.28</ele>
        <time>2020-07-20T10:55:04Z</time>
      </trkpt>
      <trkpt lat="61.525571532547474" lon="-6.879861513152719">
        <ele>2.21</ele>
        <time>2020-07-20T10:55:27Z</time>
      </trkpt>
      <trkpt lat="61.525498777627945" lon="-6.879813317209482">
        <ele>1.98</ele>
        <time>2020-07-20T10:56:58Z</time>
      </trkpt>
      <trkpt lat="61.525404984131455" lon="-6.879797140136361">
        <ele>1.84</ele>
        <time>2020-07-20T10:57:04Z</time>
      </trkpt>
      <trkpt lat="61.52531336992979" lon="-6.879733270034194">
        <ele>1.95</ele>
        <time>2020-07-20T10:57:10Z</time>
      </trkpt>
      <trkpt lat="61.525214966386557" lon="-6.879652887582779">
        <ele>2.13</ele>
        <time>2020-07-20T10:57:17Z</time>
      </trkpt>
      <trkpt lat="61.525129303336143" lon="-6.879590274766088">
        <ele>2.33</ele>
        <time>2020-07-20T10:57:23Z</time>
      </trkpt>
      <trkpt lat="61.52504020370543" lon="-6.879530930891633">
        <ele>2.38</ele>
        <time>2020-07-20T10:57:29Z</time>
      </trkpt>
      <trkpt lat="61.524947583675385" lon="-6.879468318074942">
        <ele>2.32</ele>
        <time>2020-07-20T10:57:35Z</time>
      </trkpt>
      <trkpt lat="61.524851694703102" lon="-6.879422217607498">
        <ele>2.35</ele>
        <time>2020-07-20T10:57:41Z</time>
      </trkpt>
      <trkpt lat="61.524749854579568" lon="-6.879385337233543">
        <ele>2.38</ele>
        <time>2020-07-20T10:57:47Z</time>
      </trkpt>
      <trkpt lat="61.524652875959873" lon="-6.879355497658253">
        <ele>2.38</ele>
        <time>2020-07-20T10:57:53Z</time>
      </trkpt>
      <trkpt lat="61.524552628397942" lon="-6.879325993359089">
        <ele>2.66</ele>
        <time>2020-07-20T10:57:59Z</time>
      </trkpt>
      <trkpt lat="61.524447603151202" lon="-6.879305122420192">
        <ele>2.72</ele>
        <time>2020-07-20T10:58:05Z</time>
      </trkpt>
      <trkpt lat="61.524341236799955" lon="-6.879298333078623">
        <ele>2.26</ele>
        <time>2020-07-20T10:58:12Z</time>
      </trkpt>
      <trkpt lat="61.524244677275419" lon="-6.879296572878957">
        <ele>2.5</ele>
        <time>2020-07-20T10:58:18Z</time>
      </trkpt>
      <trkpt lat="61.524149458855391" lon="-6.879315013065934">
        <ele>2.61</ele>
        <time>2020-07-20T10:58:24Z</time>
      </trkpt>
      <trkpt lat="61.52405415661633" lon="-6.879308559000492">
        <ele>2.95</ele>
        <time>2020-07-20T10:58:31Z</time>
      </trkpt>
      <trkpt lat="61.52395592071116" lon="-6.879332279786468">
        <ele>3.33</ele>
        <time>2020-07-20T10:58:37Z</time>
      </trkpt>
      <trkpt lat="61.523860283195972" lon="-6.879353066906333">
        <ele>2.49</ele>
        <time>2020-07-20T10:58:43Z</time>
      </trkpt>
      <trkpt lat="61.52376146055758" lon="-6.879376536235213">
        <ele>2.72</ele>
        <time>2020-07-20T10:58:49Z</time>
      </trkpt>
      <trkpt lat="61.523663895204663" lon="-6.879396066069603">
        <ele>2.59</ele>
        <time>2020-07-20T10:58:55Z</time>
      </trkpt>
      <trkpt lat="61.523563396185637" lon="-6.879418697208166">
        <ele>1.96</ele>
        <time>2020-07-20T10:59:01Z</time>
      </trkpt>
      <trkpt lat="61.523454515263438" lon="-6.879438310861588">
        <ele>1.79</ele>
        <time>2020-07-20T10:59:08Z</time>
      </trkpt>
      <trkpt lat="61.523358374834061" lon="-6.879445519298315">
        <ele>1.48</ele>
        <time>2020-07-20T10:59:14Z</time>
      </trkpt>
      <trkpt lat="61.523252176120877" lon="-6.879439987242222">
        <ele>1.22</ele>
        <time>2020-07-20T10:59:21Z</time>
      </trkpt>
      <trkpt lat="61.52315117418766" lon="-6.87942867167294">
        <ele>1.25</ele>
        <time>2020-07-20T10:59:27Z</time>
      </trkpt>
      <trkpt lat="61.523054698482156" lon="-6.879420625045896">
        <ele>1.41</ele>
        <time>2020-07-20T10:59:33Z</time>
      </trkpt>
      <trkpt lat="61.522957719862461" lon="-6.879422217607498">
        <ele>1.76</ele>
        <time>2020-07-20T10:59:39Z</time>
      </trkpt>
      <trkpt lat="61.522860825061798" lon="-6.879438394680619">
        <ele>2.4</ele>
        <time>2020-07-20T10:59:45Z</time>
      </trkpt>
      <trkpt lat="61.522760409861803" lon="-6.879445603117347">
        <ele>2.34</ele>
        <time>2020-07-20T10:59:51Z</time>
      </trkpt>
      <trkpt lat="61.52265228331089" lon="-6.879528081044555">
        <ele>3.29</ele>
        <time>2020-07-20T10:59:58Z</time>
      </trkpt>
      <trkpt lat="61.522548431530595" lon="-6.879631597548723">
        <ele>3.44</ele>
        <time>2020-07-20T11:00:05Z</time>
      </trkpt>
      <trkpt lat="61.522489255294204" lon="-6.879739137366414">
        <ele>4.17</ele>
        <time>2020-07-20T11:00:22Z</time>
      </trkpt>
      <trkpt lat="61.522392611950636" lon="-6.879838211461902">
        <ele>4.11</ele>
        <time>2020-07-20T11:00:29Z</time>
      </trkpt>
      <trkpt lat="61.522308876737952" lon="-6.879925634711981">
        <ele>4.48</ele>
        <time>2020-07-20T11:00:35Z</time>
      </trkpt>
      <trkpt lat="61.522209551185369" lon="-6.880008112639189">
        <ele>5.07</ele>
        <time>2020-07-20T11:00:41Z</time>
      </trkpt>
      <trkpt lat="61.522120535373688" lon="-6.880080699920654">
        <ele>5.25</ele>
        <time>2020-07-20T11:00:47Z</time>
      </trkpt>
      <trkpt lat="61.522029088810086" lon="-6.8801733199507">
        <ele>5.78</ele>
        <time>2020-07-20T11:00:53Z</time>
      </trkpt>
      <trkpt lat="61.521933199837804" lon="-6.880258228629828">
        <ele>6.85</ele>
        <time>2020-07-20T11:01:00Z</time>
      </trkpt>
      <trkpt lat="61.521838651970029" lon="-6.880319081246853">
        <ele>7.19</ele>
        <time>2020-07-20T11:01:06Z</time>
      </trkpt>
      <trkpt lat="61.521749971434474" lon="-6.880394937470555">
        <ele>7.94</ele>
        <time>2020-07-20T11:01:12Z</time>
      </trkpt>
      <trkpt lat="61.52166330255568" lon="-6.880464758723974">
        <ele>8.76</ele>
        <time>2020-07-20T11:01:19Z</time>
      </trkpt>
      <trkpt lat="61.521570682525635" lon="-6.88054128549993">
        <ele>9.720000000000001</ele>
        <time>2020-07-20T11:01:26Z</time>
      </trkpt>
      <trkpt lat="61.521481415256858" lon="-6.880636671558023">
        <ele>11.15</ele>
        <time>2020-07-20T11:01:33Z</time>
      </trkpt>
      <trkpt lat="61.521401535719633" lon="-6.880777487531304">
        <ele>12.41</ele>
        <time>2020-07-20T11:01:41Z</time>
      </trkpt>
      <trkpt lat="61.521320482715964" lon="-6.880950154736638">
        <ele>13.77</ele>
        <time>2020-07-20T11:01:49Z</time>
      </trkpt>
      <trkpt lat="61.52125334367156" lon="-6.881117708981037">
        <ele>14.539999999999999</ele>
        <time>2020-07-20T11:01:56Z</time>
      </trkpt>
      <trkpt lat="61.52118201367557" lon="-6.881271516904235">
        <ele>15.83</ele>
        <time>2020-07-20T11:02:03Z</time>
      </trkpt>
      <trkpt lat="61.521118562668562" lon="-6.881430689245462">
        <ele>16.48</ele>
        <time>2020-07-20T11:02:10Z</time>
      </trkpt>
      <trkpt lat="61.521057626232505" lon="-6.881608888506889">
        <ele>17.219999999999999</ele>
        <time>2020-07-20T11:02:18Z</time>
      </trkpt>
      <trkpt lat="61.520999120548368" lon="-6.881775688380003">
        <ele>18.16</ele>
        <time>2020-07-20T11:02:25Z</time>
      </trkpt>
      <trkpt lat="61.520936256274581" lon="-6.881944080814719">
        <ele>19.02</ele>
        <time>2020-07-20T11:02:32Z</time>
      </trkpt>
      <trkpt lat="61.520876660943031" lon="-6.882098307833076">
        <ele>20.670000000000002</ele>
        <time>2020-07-20T11:02:39Z</time>
      </trkpt>
      <trkpt lat="61.520812958478928" lon="-6.882247589528561">
        <ele>21.210000000000001</ele>
        <time>2020-07-20T11:02:46Z</time>
      </trkpt>
      <trkpt lat="61.520755374804139" lon="-6.882423358038068">
        <ele>21.629999999999999</ele>
        <time>2020-07-20T11:02:53Z</time>
      </trkpt>
      <trkpt lat="61.520695108920336" lon="-6.882585296407342">
        <ele>22.68</ele>
        <time>2020-07-20T11:03:00Z</time>
      </trkpt>
      <trkpt lat="61.52064548805356" lon="-6.882780678570271">
        <ele>23.43</ele>
        <time>2020-07-20T11:03:07Z</time>
      </trkpt>
      <trkpt lat="61.520598214119673" lon="-6.882976731285453">
        <ele>23.789999999999999</ele>
        <time>2020-07-20T11:03:14Z</time>
      </trkpt>
      <trkpt lat="61.520572314038873" lon="-6.883168257772923">
        <ele>24.41</ele>
        <time>2020-07-20T11:03:20Z</time>
      </trkpt>
      <trkpt lat="61.520545659586787" lon="-6.883371770381928">
        <ele>25.809999999999999</ele>
        <time>2020-07-20T11:03:27Z</time>
      </trkpt>
      <trkpt lat="61.520522106438875" lon="-6.883582826703787">
        <ele>25.760000000000002</ele>
        <time>2020-07-20T11:03:34Z</time>
      </trkpt>
      <trkpt lat="61.520510707050562" lon="-6.88379505649209">
        <ele>26.57</ele>
        <time>2020-07-20T11:03:41Z</time>
      </trkpt>
      <trkpt lat="61.520488746464252" lon="-6.88398121856153">
        <ele>27.530000000000001</ele>
        <time>2020-07-20T11:03:47Z</time>
      </trkpt>
      <trkpt lat="61.520453039556742" lon="-6.884176265448332">
        <ele>27.879999999999999</ele>
        <time>2020-07-20T11:03:53Z</time>
      </trkpt>
      <trkpt lat="61.520426133647561" lon="-6.884375670924783">
        <ele>27.050000000000001</ele>
        <time>2020-07-20T11:03:59Z</time>
      </trkpt>
      <trkpt lat="61.520402915775776" lon="-6.884566945955157">
        <ele>27.530000000000001</ele>
        <time>2020-07-20T11:04:05Z</time>
      </trkpt>
      <trkpt lat="61.520383050665259" lon="-6.88475864008069">
        <ele>27.149999999999999</ele>
        <time>2020-07-20T11:04:11Z</time>
      </trkpt>
      <trkpt lat="61.520360084250569" lon="-6.88495259732008">
        <ele>27.989999999999998</ele>
        <time>2020-07-20T11:04:17Z</time>
      </trkpt>
      <trkpt lat="61.52034105733037" lon="-6.885153511539102">
        <ele>28.780000000000001</ele>
        <time>2020-07-20T11:04:24Z</time>
      </trkpt>
      <trkpt lat="61.520320270210505" lon="-6.88535962253809">
        <ele>29.420000000000002</ele>
        <time>2020-07-20T11:04:31Z</time>
      </trkpt>
      <trkpt lat="61.520296633243561" lon="-6.885569421574473">
        <ele>29.809999999999999</ele>
        <time>2020-07-20T11:04:38Z</time>
      </trkpt>
      <trkpt lat="61.520285401493311" lon="-6.885761702433229">
        <ele>31.27</ele>
        <time>2020-07-20T11:04:46Z</time>
      </trkpt>
      <trkpt lat="61.520254136994481" lon="-6.885972758755088">
        <ele>31.66</ele>
        <time>2020-07-20T11:05:01Z</time>
      </trkpt>
      <trkpt lat="61.520212898030877" lon="-6.886133858934045">
        <ele>31.640000000000001</ele>
        <time>2020-07-20T11:05:06Z</time>
      </trkpt>
      <trkpt lat="61.520164534449577" lon="-6.886306023225188">
        <ele>30.440000000000001</ele>
        <time>2020-07-20T11:05:12Z</time>
      </trkpt>
      <trkpt lat="61.520114494487643" lon="-6.886474164202809">
        <ele>29.600000000000001</ele>
        <time>2020-07-20T11:05:18Z</time>
      </trkpt>
      <trkpt lat="61.52006353251636" lon="-6.88663492910564">
        <ele>29.760000000000002</ele>
        <time>2020-07-20T11:05:24Z</time>
      </trkpt>
      <trkpt lat="61.520009553059936" lon="-6.88681673258543">
        <ele>30.77</ele>
        <time>2020-07-20T11:05:30Z</time>
      </trkpt>
      <trkpt lat="61.519963452592492" lon="-6.886987388134003">
        <ele>30.149999999999999</ele>
        <time>2020-07-20T11:05:36Z</time>
      </trkpt>
      <trkpt lat="61.519921291619539" lon="-6.887155110016465">
        <ele>31.129999999999999</ele>
        <time>2020-07-20T11:05:42Z</time>
      </trkpt>
      <trkpt lat="61.519875526428223" lon="-6.887333812192082">
        <ele>32.520000000000003</ele>
        <time>2020-07-20T11:05:49Z</time>
      </trkpt>
      <trkpt lat="61.519825989380479" lon="-6.887522824108601">
        <ele>33.979999999999997</ele>
        <time>2020-07-20T11:05:56Z</time>
      </trkpt>
      <trkpt lat="61.519778547808528" lon="-6.887685684487224">
        <ele>35.049999999999997</ele>
        <time>2020-07-20T11:06:02Z</time>
      </trkpt>
      <trkpt lat="61.519723143428564" lon="-6.887871930375695">
        <ele>35.68</ele>
        <time>2020-07-20T11:06:09Z</time>
      </trkpt>
      <trkpt lat="61.519671930000186" lon="-6.88804023899138">
        <ele>36.07</ele>
        <time>2020-07-20T11:06:16Z</time>
      </trkpt>
      <trkpt lat="61.519619207829237" lon="-6.888221958652139">
        <ele>37.369999999999997</ele>
        <time>2020-07-20T11:06:23Z</time>
      </trkpt>
      <trkpt lat="61.519573861733079" lon="-6.888377275317907">
        <ele>37.829999999999998</ele>
        <time>2020-07-20T11:06:29Z</time>
      </trkpt>
      <trkpt lat="61.519527761265635" lon="-6.888538878411055">
        <ele>39.609999999999999</ele>
        <time>2020-07-20T11:06:35Z</time>
      </trkpt>
      <trkpt lat="61.519477050751448" lon="-6.888731494545937">
        <ele>40.859999999999999</ele>
        <time>2020-07-20T11:06:42Z</time>
      </trkpt>
      <trkpt lat="61.519422400742769" lon="-6.888901730999351">
        <ele>41.359999999999999</ele>
        <time>2020-07-20T11:06:49Z</time>
      </trkpt>
      <trkpt lat="61.519371019676328" lon="-6.889083618298173">
        <ele>42.409999999999997</ele>
        <time>2020-07-20T11:06:56Z</time>
      </trkpt>
      <trkpt lat="61.519308406859636" lon="-6.889244634658098">
        <ele>43.039999999999999</ele>
        <time>2020-07-20T11:07:03Z</time>
      </trkpt>
      <trkpt lat="61.519248643890023" lon="-6.889420989900827">
        <ele>42.979999999999997</ele>
        <time>2020-07-20T11:07:10Z</time>
      </trkpt>
      <trkpt lat="61.519166249781847" lon="-6.889535151422024">
        <ele>42.759999999999998</ele>
        <time>2020-07-20T11:07:17Z</time>
      </trkpt>
      <trkpt lat="61.519089555367827" lon="-6.889426941052079">
        <ele>44.299999999999997</ele>
        <time>2020-07-20T11:07:24Z</time>
      </trkpt>
      <trkpt lat="61.519061643630266" lon="-6.889235582202673">
        <ele>45.189999999999998</ele>
        <time>2020-07-20T11:07:31Z</time>
      </trkpt>
      <trkpt lat="61.519072959199548" lon="-6.889033745974302">
        <ele>45.920000000000002</ele>
        <time>2020-07-20T11:07:38Z</time>
      </trkpt>
      <trkpt lat="61.519075389951468" lon="-6.888833250850439">
        <ele>46.049999999999997</ele>
        <time>2020-07-20T11:07:45Z</time>
      </trkpt>
      <trkpt lat="61.51909165084362" lon="-6.888618506491184">
        <ele>46.469999999999999</ele>
        <time>2020-07-20T11:07:53Z</time>
      </trkpt>
      <trkpt lat="61.519105480983853" lon="-6.888400157913566">
        <ele>47.090000000000003</ele>
        <time>2020-07-20T11:08:00Z</time>
      </trkpt>
      <trkpt lat="61.519104391336441" lon="-6.888181641697884">
        <ele>47.57</ele>
        <time>2020-07-20T11:08:07Z</time>
      </trkpt>
      <trkpt lat="61.519097685813904" lon="-6.887958012521267">
        <ele>48.359999999999999</ele>
        <time>2020-07-20T11:08:14Z</time>
      </trkpt>
      <trkpt lat="61.519104056060314" lon="-6.887776628136635">
        <ele>48.439999999999998</ele>
        <time>2020-07-20T11:08:28Z</time>
      </trkpt>
      <trkpt lat="61.519089052453637" lon="-6.887554256245494">
        <ele>48.899999999999999</ele>
        <time>2020-07-20T11:08:35Z</time>
      </trkpt>
      <trkpt lat="61.5190789103508" lon="-6.887365914881229">
        <ele>49.490000000000002</ele>
        <time>2020-07-20T11:08:41Z</time>
      </trkpt>
      <trkpt lat="61.519073043018579" lon="-6.887162821367383">
        <ele>49.799999999999997</ele>
        <time>2020-07-20T11:08:47Z</time>
      </trkpt>
      <trkpt lat="61.519070025533438" lon="-6.886947322636843">
        <ele>51.530000000000001</ele>
        <time>2020-07-20T11:08:53Z</time>
      </trkpt>
      <trkpt lat="61.519075892865658" lon="-6.886758645996451">
        <ele>52.079999999999998</ele>
        <time>2020-07-20T11:08:59Z</time>
      </trkpt>
      <trkpt lat="61.519084107130766" lon="-6.886558989062905">
        <ele>52.619999999999997</ele>
        <time>2020-07-20T11:09:06Z</time>
      </trkpt>
      <trkpt lat="61.51909408159554" lon="-6.886351034045219">
        <ele>53.700000000000003</ele>
        <time>2020-07-20T11:09:13Z</time>
      </trkpt>
      <trkpt lat="61.519081257283688" lon="-6.886161016300321">
        <ele>53.960000000000001</ele>
        <time>2020-07-20T11:09:19Z</time>
      </trkpt>
      <trkpt lat="61.519086202606559" lon="-6.885972507297993">
        <ele>55.770000000000003</ele>
        <time>2020-07-20T11:09:25Z</time>
      </trkpt>
      <trkpt lat="61.51908871717751" lon="-6.885759355500341">
        <ele>55.729999999999997</ele>
        <time>2020-07-20T11:09:32Z</time>
      </trkpt>
      <trkpt lat="61.519075054675341" lon="-6.885567158460617">
        <ele>56.560000000000002</ele>
        <time>2020-07-20T11:09:38Z</time>
      </trkpt>
      <trkpt lat="61.519061643630266" lon="-6.885358868166804">
        <ele>57.090000000000003</ele>
        <time>2020-07-20T11:09:44Z</time>
      </trkpt>
      <trkpt lat="61.519040688872337" lon="-6.885175053030253">
        <ele>57.420000000000002</ele>
        <time>2020-07-20T11:09:50Z</time>
      </trkpt>
      <trkpt lat="61.519036246463656" lon="-6.884992998093367">
        <ele>57.759999999999998</ele>
        <time>2020-07-20T11:09:56Z</time>
      </trkpt>
      <trkpt lat="61.519028535112739" lon="-6.884815720841289">
        <ele>58.460000000000001</ele>
        <time>2020-07-20T11:10:02Z</time>
      </trkpt>
      <trkpt lat="61.519019650295377" lon="-6.884631905704737">
        <ele>59.219999999999999</ele>
        <time>2020-07-20T11:10:09Z</time>
      </trkpt>
      <trkpt lat="61.519017554819584" lon="-6.884444067254663">
        <ele>60.100000000000001</ele>
        <time>2020-07-20T11:10:16Z</time>
      </trkpt>
      <trkpt lat="61.51900221593678" lon="-6.884235860779882">
        <ele>60.799999999999997</ele>
        <time>2020-07-20T11:10:23Z</time>
      </trkpt>
      <trkpt lat="61.518992995843291" lon="-6.884031593799591">
        <ele>61.859999999999999</ele>
        <time>2020-07-20T11:10:30Z</time>
      </trkpt>
      <trkpt lat="61.518977656960487" lon="-6.883837468922138">
        <ele>62.5</ele>
        <time>2020-07-20T11:10:37Z</time>
      </trkpt>
      <trkpt lat="61.518957791849971" lon="-6.883640661835671">
        <ele>63.490000000000002</ele>
        <time>2020-07-20T11:10:44Z</time>
      </trkpt>
      <trkpt lat="61.518932310864329" lon="-6.883438406512141">
        <ele>64.049999999999997</ele>
        <time>2020-07-20T11:10:51Z</time>
      </trkpt>
      <trkpt lat="61.51892158202827" lon="-6.883245371282101">
        <ele>64.989999999999995</ele>
        <time>2020-07-20T11:10:58Z</time>
      </trkpt>
      <trkpt lat="61.518901214003563" lon="-6.883034482598305">
        <ele>65.930000000000007</ele>
        <time>2020-07-20T11:11:05Z</time>
      </trkpt>
      <trkpt lat="61.518865842372179" lon="-6.882850583642721">
        <ele>66.810000000000002</ele>
        <time>2020-07-20T11:11:11Z</time>
      </trkpt>
      <trkpt lat="61.518830554559827" lon="-6.882646651938558">
        <ele>67.359999999999999</ele>
        <time>2020-07-20T11:11:18Z</time>
      </trkpt>
      <trkpt lat="61.518798787146807" lon="-6.882459316402674">
        <ele>66.890000000000001</ele>
        <time>2020-07-20T11:11:24Z</time>
      </trkpt>
      <trkpt lat="61.518757632002234" lon="-6.88227298669517">
        <ele>66.569999999999993</ele>
        <time>2020-07-20T11:11:31Z</time>
      </trkpt>
      <trkpt lat="61.518727205693722" lon="-6.882086573168635">
        <ele>65.75</ele>
        <time>2020-07-20T11:11:37Z</time>
      </trkpt>
      <trkpt lat="61.518698036670685" lon="-6.881878701969981">
        <ele>66.840000000000003</ele>
        <time>2020-07-20T11:11:46Z</time>
      </trkpt>
      <trkpt lat="61.51863181963563" lon="-6.881758002564311">
        <ele>68.480000000000004</ele>
        <time>2020-07-20T11:11:58Z</time>
      </trkpt>
      <trkpt lat="61.518528135493398" lon="-6.881666975095868">
        <ele>70.780000000000001</ele>
        <time>2020-07-20T11:12:11Z</time>
      </trkpt>
      <trkpt lat="61.518460158258677" lon="-6.881669824942946">
        <ele>71.980000000000004</ele>
        <time>2020-07-20T11:13:45Z</time>
      </trkpt>
      <trkpt lat="61.518386397510767" lon="-6.881820196285844">
        <ele>71.900000000000006</ele>
        <time>2020-07-20T11:13:56Z</time>
      </trkpt>
      <trkpt lat="61.518298387527466" lon="-6.881920527666807">
        <ele>73.400000000000006</ele>
        <time>2020-07-20T11:14:05Z</time>
      </trkpt>
      <trkpt lat="61.518212053924799" lon="-6.882038293406367">
        <ele>74.879999999999995</ele>
        <time>2020-07-20T11:14:15Z</time>
      </trkpt>
      <trkpt lat="61.518128486350179" lon="-6.882136780768633">
        <ele>76.870000000000005</ele>
        <time>2020-07-20T11:14:26Z</time>
      </trkpt>
      <trkpt lat="61.518051037564874" lon="-6.882225712761283">
        <ele>80.549999999999997</ele>
        <time>2020-07-20T11:14:42Z</time>
      </trkpt>
      <trkpt lat="61.517989514395595" lon="-6.882106689736247">
        <ele>84.019999999999996</ele>
        <time>2020-07-20T11:15:02Z</time>
      </trkpt>
      <trkpt lat="61.517924638465047" lon="-6.88195338472724">
        <ele>86.060000000000002</ele>
        <time>2020-07-20T11:15:20Z</time>
      </trkpt>
      <trkpt lat="61.51784467510879" lon="-6.88203452154994">
        <ele>89.129999999999995</ele>
        <time>2020-07-20T11:15:40Z</time>
      </trkpt>
      <trkpt lat="61.517769489437342" lon="-6.882179360836744">
        <ele>91.260000000000005</ele>
        <time>2020-07-20T11:16:06Z</time>
      </trkpt>
      <trkpt lat="61.517675193026662" lon="-6.882189251482487">
        <ele>93.620000000000005</ele>
        <time>2020-07-20T11:16:17Z</time>
      </trkpt>
      <trkpt lat="61.517605287954211" lon="-6.882142564281821">
        <ele>97.359999999999999</ele>
        <time>2020-07-20T11:16:36Z</time>
      </trkpt>
      <trkpt lat="61.51755684055388" lon="-6.882320009171963">
        <ele>100.56999999999999</ele>
        <time>2020-07-20T11:16:56Z</time>
      </trkpt>
      <trkpt lat="61.517514009028673" lon="-6.882521510124207">
        <ele>106.62</ele>
        <time>2020-07-20T11:17:17Z</time>
      </trkpt>
      <trkpt lat="61.51745768263936" lon="-6.882662242278457">
        <ele>109.11</ele>
        <time>2020-07-20T11:17:40Z</time>
      </trkpt>
      <trkpt lat="61.517385598272085" lon="-6.882588481530547">
        <ele>113.52</ele>
        <time>2020-07-20T11:18:05Z</time>
      </trkpt>
      <trkpt lat="61.51735994964838" lon="-6.88240340910852">
        <ele>115.38</ele>
        <time>2020-07-20T11:18:18Z</time>
      </trkpt>
      <trkpt lat="61.517315777018666" lon="-6.882220264524221">
        <ele>117.92</ele>
        <time>2020-07-20T11:18:33Z</time>
      </trkpt>
      <trkpt lat="61.517269508913159" lon="-6.88204818405211">
        <ele>119.47</ele>
        <time>2020-07-20T11:18:47Z</time>
      </trkpt>
      <trkpt lat="61.517197508364916" lon="-6.881961934268475">
        <ele>121.68000000000001</ele>
        <time>2020-07-20T11:19:04Z</time>
      </trkpt>
      <trkpt lat="61.517102541401982" lon="-6.881936704739928">
        <ele>123.78</ele>
        <time>2020-07-20T11:19:16Z</time>
      </trkpt>
      <trkpt lat="61.517038168385625" lon="-6.882037203758955">
        <ele>126.13</ele>
        <time>2020-07-20T11:19:34Z</time>
      </trkpt>
      <trkpt lat="61.516945129260421" lon="-6.882015326991677">
        <ele>127.23999999999999</ele>
        <time>2020-07-20T11:19:50Z</time>
      </trkpt>
      <trkpt lat="61.516850246116519" lon="-6.882029576227069">
        <ele>128.58000000000001</ele>
        <time>2020-07-20T11:20:01Z</time>
      </trkpt>
      <trkpt lat="61.516757039353251" lon="-6.882107695564628">
        <ele>128.93000000000001</ele>
        <time>2020-07-20T11:20:10Z</time>
      </trkpt>
      <trkpt lat="61.516666682437062" lon="-6.88214105553925">
        <ele>130.74000000000001</ele>
        <time>2020-07-20T11:20:18Z</time>
      </trkpt>
      <trkpt lat="61.51657423004508" lon="-6.882094955071807">
        <ele>130.83000000000001</ele>
        <time>2020-07-20T11:20:28Z</time>
      </trkpt>
      <trkpt lat="61.516484376043081" lon="-6.882058074697852">
        <ele>132.19</ele>
        <time>2020-07-20T11:20:38Z</time>
      </trkpt>
      <trkpt lat="61.516377171501517" lon="-6.882068887352943">
        <ele>132.43000000000001</ele>
        <time>2020-07-20T11:20:49Z</time>
      </trkpt>
      <trkpt lat="61.516278432682157" lon="-6.882116328924894">
        <ele>133.87</ele>
        <time>2020-07-20T11:20:58Z</time>
      </trkpt>
      <trkpt lat="61.51618380099535" lon="-6.882144240662456">
        <ele>135.59999999999999</ele>
        <time>2020-07-20T11:21:06Z</time>
      </trkpt>
      <trkpt lat="61.516086822375655" lon="-6.882160417735577">
        <ele>135.31999999999999</ele>
        <time>2020-07-20T11:21:16Z</time>
      </trkpt>
      <trkpt lat="61.5159947052598" lon="-6.882091518491507">
        <ele>137.28</ele>
        <time>2020-07-20T11:21:26Z</time>
      </trkpt>
      <trkpt lat="61.515893535688519" lon="-6.882161675021052">
        <ele>136.72</ele>
        <time>2020-07-20T11:21:38Z</time>
      </trkpt>
      <trkpt lat="61.515798484906554" lon="-6.882163770496845">
        <ele>140.56999999999999</ele>
        <time>2020-07-20T11:21:48Z</time>
      </trkpt>
      <trkpt lat="61.515698572620749" lon="-6.882152874022722">
        <ele>141.34999999999999</ele>
        <time>2020-07-20T11:21:57Z</time>
      </trkpt>
      <trkpt lat="61.515598660334945" lon="-6.882113143801689">
        <ele>140.59999999999999</ele>
        <time>2020-07-20T11:22:08Z</time>
      </trkpt>
      <trkpt lat="61.515499334782362" lon="-6.882173158228397">
        <ele>142.59999999999999</ele>
        <time>2020-07-20T11:22:17Z</time>
      </trkpt>
      <trkpt lat="61.515401098877192" lon="-6.882179193198681">
        <ele>145.87</ele>
        <time>2020-07-20T11:22:27Z</time>
      </trkpt>
      <trkpt lat="61.515304204076529" lon="-6.882143821567297">
        <ele>146.49000000000001</ele>
        <time>2020-07-20T11:22:37Z</time>
      </trkpt>
      <trkpt lat="61.51520605199039" lon="-6.882135272026062">
        <ele>148.21000000000001</ele>
        <time>2020-07-20T11:22:47Z</time>
      </trkpt>
      <trkpt lat="61.515111336484551" lon="-6.882183300331235">
        <ele>149.84999999999999</ele>
        <time>2020-07-20T11:22:59Z</time>
      </trkpt>
      <trkpt lat="61.515015112236142" lon="-6.882142815738916">
        <ele>152.94999999999999</ele>
        <time>2020-07-20T11:23:12Z</time>
      </trkpt>
      <trkpt lat="61.514930622652173" lon="-6.882149185985327">
        <ele>151.77000000000001</ele>
        <time>2020-07-20T11:23:24Z</time>
      </trkpt>
      <trkpt lat="61.514842947944999" lon="-6.882239710539579">
        <ele>154.56</ele>
        <time>2020-07-20T11:23:39Z</time>
      </trkpt>
      <trkpt lat="61.514752507209778" lon="-6.882348842918873">
        <ele>157.43000000000001</ele>
        <time>2020-07-20T11:23:56Z</time>
      </trkpt>
      <trkpt lat="61.514664078131318" lon="-6.882386477664113">
        <ele>161.97</ele>
        <time>2020-07-20T11:24:17Z</time>
      </trkpt>
      <trkpt lat="61.514577409252524" lon="-6.882375832647085">
        <ele>166.21000000000001</ele>
        <time>2020-07-20T11:24:37Z</time>
      </trkpt>
      <trkpt lat="61.514480011537671" lon="-6.882450180128217">
        <ele>165.94</ele>
        <time>2020-07-20T11:24:55Z</time>
      </trkpt>
      <trkpt lat="61.514397533610463" lon="-6.882409024983645">
        <ele>169</ele>
        <time>2020-07-20T11:25:17Z</time>
      </trkpt>
      <trkpt lat="61.514324359595776" lon="-6.882366696372628">
        <ele>172.13999999999999</ele>
        <time>2020-07-20T11:25:39Z</time>
      </trkpt>
      <trkpt lat="61.514233164489269" lon="-6.882369630038738">
        <ele>178.63</ele>
        <time>2020-07-20T11:26:05Z</time>
      </trkpt>
      <trkpt lat="61.514153033494949" lon="-6.88234431669116">
        <ele>182.61000000000001</ele>
        <time>2020-07-20T11:26:29Z</time>
      </trkpt>
      <trkpt lat="61.51409637182951" lon="-6.882198387756944">
        <ele>185.47</ele>
        <time>2020-07-20T11:26:45Z</time>
      </trkpt>
      <trkpt lat="61.514085559174418" lon="-6.882157735526562">
        <ele>185.41</ele>
        <time>2020-07-20T11:29:11Z</time>
      </trkpt>
      <trkpt lat="61.514029232785106" lon="-6.882000491023064">
        <ele>189.28999999999999</ele>
        <time>2020-07-20T11:29:28Z</time>
      </trkpt>
      <trkpt lat="61.513965530321002" lon="-6.881868140771985">
        <ele>191.63</ele>
        <time>2020-07-20T11:29:52Z</time>
      </trkpt>
      <trkpt lat="61.51389118283987" lon="-6.881776694208384">
        <ele>194.47</ele>
        <time>2020-07-20T11:30:18Z</time>
      </trkpt>
      <trkpt lat="61.513829072937369" lon="-6.88193729147315">
        <ele>199.12</ele>
        <time>2020-07-20T11:30:44Z</time>
      </trkpt>
      <trkpt lat="61.513752629980445" lon="-6.8818224593997">
        <ele>203.28</ele>
        <time>2020-07-20T11:31:09Z</time>
      </trkpt>
      <trkpt lat="61.513723963871598" lon="-6.882020272314549">
        <ele>207.59999999999999</ele>
        <time>2020-07-20T11:31:42Z</time>
      </trkpt>
      <trkpt lat="61.513705020770431" lon="-6.882216576486826">
        <ele>209.75999999999999</ele>
        <time>2020-07-20T11:32:00Z</time>
      </trkpt>
      <trkpt lat="61.513664955273271" lon="-6.882210541516542">
        <ele>213.59</ele>
        <time>2020-07-20T11:32:23Z</time>
      </trkpt>
      <trkpt lat="61.513597648590803" lon="-6.88229595310986">
        <ele>217.66</ele>
        <time>2020-07-20T11:32:46Z</time>
      </trkpt>
      <trkpt lat="61.513528497889638" lon="-6.88246694393456">
        <ele>218.53999999999999</ele>
        <time>2020-07-20T11:33:05Z</time>
      </trkpt>
      <trkpt lat="61.513473764061928" lon="-6.882666014134884">
        <ele>221.19</ele>
        <time>2020-07-20T11:33:22Z</time>
      </trkpt>
      <trkpt lat="61.513427579775453" lon="-6.882825354114175">
        <ele>226.02000000000001</ele>
        <time>2020-07-20T11:33:43Z</time>
      </trkpt>
      <trkpt lat="61.513430345803499" lon="-6.883006654679775">
        <ele>225.19999999999999</ele>
        <time>2020-07-20T11:33:55Z</time>
      </trkpt>
      <trkpt lat="61.513379719108343" lon="-6.883196420967579">
        <ele>228.99000000000001</ele>
        <time>2020-07-20T11:34:11Z</time>
      </trkpt>
      <trkpt lat="61.513300677761436" lon="-6.883136238902807">
        <ele>234.47999999999999</ele>
        <time>2020-07-20T11:34:32Z</time>
      </trkpt>
      <trkpt lat="61.513231191784143" lon="-6.8830381706357">
        <ele>235.61000000000001</ele>
        <time>2020-07-20T11:34:48Z</time>
      </trkpt>
      <trkpt lat="61.513135051354766" lon="-6.883114110678434">
        <ele>239.22</ele>
        <time>2020-07-20T11:35:13Z</time>
      </trkpt>
      <trkpt lat="61.513057686388493" lon="-6.883216202259064">
        <ele>242.37</ele>
        <time>2020-07-20T11:35:43Z</time>
      </trkpt>
      <trkpt lat="61.513008819893003" lon="-6.883403370156884">
        <ele>244.66999999999999</ele>
        <time>2020-07-20T11:35:58Z</time>
      </trkpt>
      <trkpt lat="61.513006389141083" lon="-6.88358886167407">
        <ele>246.34999999999999</ele>
        <time>2020-07-20T11:36:10Z</time>
      </trkpt>
      <trkpt lat="61.512964395806193" lon="-6.883737724274397">
        <ele>248.97</ele>
        <time>2020-07-20T11:36:29Z</time>
      </trkpt>
      <trkpt lat="61.512927347794175" lon="-6.883913325145841">
        <ele>251.97</ele>
        <time>2020-07-20T11:36:47Z</time>
      </trkpt>
      <trkpt lat="61.512880492955446" lon="-6.884082807227969">
        <ele>256.51999999999998</ele>
        <time>2020-07-20T11:37:07Z</time>
      </trkpt>
      <trkpt lat="61.512820981442928" lon="-6.884242817759514">
        <ele>257.17000000000002</ele>
        <time>2020-07-20T11:37:31Z</time>
      </trkpt>
      <trkpt lat="61.512751746922731" lon="-6.88437013886869">
        <ele>260.95999999999998</ele>
        <time>2020-07-20T11:37:53Z</time>
      </trkpt>
      <trkpt lat="61.512672789394855" lon="-6.884459992870688">
        <ele>264.64999999999998</ele>
        <time>2020-07-20T11:38:17Z</time>
      </trkpt>
      <trkpt lat="61.512606656178832" lon="-6.884583961218596">
        <ele>266.81999999999999</ele>
        <time>2020-07-20T11:38:34Z</time>
      </trkpt>
      <trkpt lat="61.512541361153126" lon="-6.884672809392214">
        <ele>270.33999999999997</ele>
        <time>2020-07-20T11:39:04Z</time>
      </trkpt>
      <trkpt lat="61.512455781921744" lon="-6.884757801890373">
        <ele>274.60000000000002</ele>
        <time>2020-07-20T11:39:27Z</time>
      </trkpt>
      <trkpt lat="61.512363916262984" lon="-6.884861402213574">
        <ele>277.47000000000003</ele>
        <time>2020-07-20T11:39:52Z</time>
      </trkpt>
      <trkpt lat="61.512293256819248" lon="-6.885004732757807">
        <ele>280.56</ele>
        <time>2020-07-20T11:40:13Z</time>
      </trkpt>
      <trkpt lat="61.512230644002557" lon="-6.885119397193193">
        <ele>281.93000000000001</ele>
        <time>2020-07-20T11:40:31Z</time>
      </trkpt>
      <trkpt lat="61.512137521058321" lon="-6.885148650035262">
        <ele>288.44</ele>
        <time>2020-07-20T11:40:53Z</time>
      </trkpt>
      <trkpt lat="61.512038866057992" lon="-6.885160719975829">
        <ele>289.14999999999998</ele>
        <time>2020-07-20T11:41:10Z</time>
      </trkpt>
      <trkpt lat="61.511947838589549" lon="-6.885161055251956">
        <ele>295.70999999999998</ele>
        <time>2020-07-20T11:41:30Z</time>
      </trkpt>
      <trkpt lat="61.511834263801575" lon="-6.885211346670985">
        <ele>293.93000000000001</ele>
        <time>2020-07-20T11:41:43Z</time>
      </trkpt>
      <trkpt lat="61.511738626286387" lon="-6.885212268680334">
        <ele>296.5</ele>
        <time>2020-07-20T11:42:00Z</time>
      </trkpt>
      <trkpt lat="61.511671068146825" lon="-6.885131970047951">
        <ele>299.88999999999999</ele>
        <time>2020-07-20T11:42:17Z</time>
      </trkpt>
      <trkpt lat="61.5115687251091" lon="-6.885130377486348">
        <ele>302.31999999999999</ele>
        <time>2020-07-20T11:42:36Z</time>
      </trkpt>
      <trkpt lat="61.511478452011943" lon="-6.88514412380755">
        <ele>306</ele>
        <time>2020-07-20T11:42:59Z</time>
      </trkpt>
      <trkpt lat="61.51137376204133" lon="-6.885224003344774">
        <ele>309.06999999999999</ele>
        <time>2020-07-20T11:43:23Z</time>
      </trkpt>
      <trkpt lat="61.511298157274723" lon="-6.885372111573815">
        <ele>313.38999999999999</ele>
        <time>2020-07-20T11:43:38Z</time>
      </trkpt>
      <trkpt lat="61.511228336021304" lon="-6.885501863434911">
        <ele>315.00999999999999</ele>
        <time>2020-07-20T11:43:57Z</time>
      </trkpt>
      <trkpt lat="61.511126579716802" lon="-6.885583754628897">
        <ele>316.50999999999999</ele>
        <time>2020-07-20T11:44:20Z</time>
      </trkpt>
      <trkpt lat="61.511072013527155" lon="-6.88575248233974">
        <ele>320.97000000000003</ele>
        <time>2020-07-20T11:44:35Z</time>
      </trkpt>
      <trkpt lat="61.510993475094438" lon="-6.885908972471952">
        <ele>322.41000000000003</ele>
        <time>2020-07-20T11:44:51Z</time>
      </trkpt>
      <trkpt lat="61.510910326614976" lon="-6.886066971346736">
        <ele>325.63999999999999</ele>
        <time>2020-07-20T11:45:06Z</time>
      </trkpt>
      <trkpt lat="61.510820975527167" lon="-6.886158417910337">
        <ele>327.19999999999999</ele>
        <time>2020-07-20T11:45:22Z</time>
      </trkpt>
      <trkpt lat="61.510784849524498" lon="-6.886334856972098">
        <ele>329.76999999999998</ele>
        <time>2020-07-20T11:45:35Z</time>
      </trkpt>
      <trkpt lat="61.510725673288107" lon="-6.886505512520671">
        <ele>331.11000000000001</ele>
        <time>2020-07-20T11:45:50Z</time>
      </trkpt>
      <trkpt lat="61.510670185089111" lon="-6.88666133210063">
        <ele>331.44999999999999</ele>
        <time>2020-07-20T11:46:05Z</time>
      </trkpt>
      <trkpt lat="61.510626599192619" lon="-6.886841207742691">
        <ele>334.51999999999998</ele>
        <time>2020-07-20T11:46:15Z</time>
      </trkpt>
      <trkpt lat="61.510560214519501" lon="-6.886992584913969">
        <ele>336.56</ele>
        <time>2020-07-20T11:46:26Z</time>
      </trkpt>
      <trkpt lat="61.510504893958569" lon="-6.887148907408118">
        <ele>338.56999999999999</ele>
        <time>2020-07-20T11:46:38Z</time>
      </trkpt>
      <trkpt lat="61.510451249778271" lon="-6.887309923768044">
        <ele>340.44</ele>
        <time>2020-07-20T11:46:54Z</time>
      </trkpt>
      <trkpt lat="61.510382685810328" lon="-6.887464821338654">
        <ele>342.29000000000002</ele>
        <time>2020-07-20T11:47:07Z</time>
      </trkpt>
      <trkpt lat="61.510331807658076" lon="-6.887630950659514">
        <ele>344.44999999999999</ele>
        <time>2020-07-20T11:47:19Z</time>
      </trkpt>
      <trkpt lat="61.510270116850734" lon="-6.887795822694898">
        <ele>345.32999999999998</ele>
        <time>2020-07-20T11:47:34Z</time>
      </trkpt>
      <trkpt lat="61.510225441306829" lon="-6.887962371110916">
        <ele>346.70999999999998</ele>
        <time>2020-07-20T11:47:47Z</time>
      </trkpt>
      <trkpt lat="61.510193087160587" lon="-6.888156328350306">
        <ele>348.55000000000001</ele>
        <time>2020-07-20T11:47:56Z</time>
      </trkpt>
      <trkpt lat="61.510136425495148" lon="-6.888307956978679">
        <ele>351.57999999999998</ele>
        <time>2020-07-20T11:48:06Z</time>
      </trkpt>
      <trkpt lat="61.510055121034384" lon="-6.888413652777672">
        <ele>354.01999999999998</ele>
        <time>2020-07-20T11:48:30Z</time>
      </trkpt>
      <trkpt lat="61.509986137971282" lon="-6.888475008308888">
        <ele>356.60000000000002</ele>
        <time>2020-07-20T11:48:48Z</time>
      </trkpt>
      <trkpt lat="61.509916568174958" lon="-6.888595959171653">
        <ele>361.95999999999998</ele>
        <time>2020-07-20T11:49:04Z</time>
      </trkpt>
      <trkpt lat="61.50984724983573" lon="-6.888722525909543">
        <ele>362.76999999999998</ele>
        <time>2020-07-20T11:49:20Z</time>
      </trkpt>
      <trkpt lat="61.509772315621376" lon="-6.888821013271809">
        <ele>365.48000000000002</ele>
        <time>2020-07-20T11:49:35Z</time>
      </trkpt>
      <trkpt lat="61.509682964533567" lon="-6.888893013820052">
        <ele>369.19999999999999</ele>
        <time>2020-07-20T11:49:56Z</time>
      </trkpt>
      <trkpt lat="61.509589506313205" lon="-6.888987980782986">
        <ele>367.95999999999998</ele>
        <time>2020-07-20T11:50:20Z</time>
      </trkpt>
      <trkpt lat="61.509494706988335" lon="-6.889012958854437">
        <ele>368.94999999999999</ele>
        <time>2020-07-20T11:50:29Z</time>
      </trkpt>
      <trkpt lat="61.509410971775651" lon="-6.889038691297174">
        <ele>367.85000000000002</ele>
        <time>2020-07-20T11:50:47Z</time>
      </trkpt>
      <trkpt lat="61.509316004812717" lon="-6.889061322435737">
        <ele>369.19</ele>
        <time>2020-07-20T11:50:56Z</time>
      </trkpt>
      <trkpt lat="61.509215841069818" lon="-6.889128796756268">
        <ele>366.49000000000001</ele>
        <time>2020-07-20T11:51:06Z</time>
      </trkpt>
      <trkpt lat="61.509115844964981" lon="-6.8892324808985">
        <ele>366.24000000000001</ele>
        <time>2020-07-20T11:51:14Z</time>
      </trkpt>
      <trkpt lat="61.509027918800712" lon="-6.889339769259095">
        <ele>367.07999999999998</ele>
        <time>2020-07-20T11:51:22Z</time>
      </trkpt>
      <trkpt lat="61.508930269628763" lon="-6.889420570805669">
        <ele>366.19</ele>
        <time>2020-07-20T11:51:35Z</time>
      </trkpt>
      <trkpt lat="61.508835470303893" lon="-6.88942895270884">
        <ele>363.14999999999998</ele>
        <time>2020-07-20T11:51:42Z</time>
      </trkpt>
      <trkpt lat="61.50872684083879" lon="-6.88945041038096">
        <ele>364.5</ele>
        <time>2020-07-20T11:51:49Z</time>
      </trkpt>
      <trkpt lat="61.508624330163002" lon="-6.889454517513514">
        <ele>363.33999999999997</ele>
        <time>2020-07-20T11:51:56Z</time>
      </trkpt>
      <trkpt lat="61.508525758981705" lon="-6.889444207772613">
        <ele>365.60000000000002</ele>
        <time>2020-07-20T11:52:04Z</time>
      </trkpt>
      <trkpt lat="61.508434982970357" lon="-6.889353096485138">
        <ele>366.68000000000001</ele>
        <time>2020-07-20T11:52:14Z</time>
      </trkpt>
      <trkpt lat="61.508349655196071" lon="-6.889272211119533">
        <ele>366.58999999999997</ele>
        <time>2020-07-20T11:52:24Z</time>
      </trkpt>
      <trkpt lat="61.508253766223788" lon="-6.889255279675126">
        <ele>365.94</ele>
        <time>2020-07-20T11:52:33Z</time>
      </trkpt>
      <trkpt lat="61.508160391822457" lon="-6.889202054589987">
        <ele>367.83999999999997</ele>
        <time>2020-07-20T11:52:42Z</time>
      </trkpt>
      <trkpt lat="61.508071376010776" lon="-6.889150338247418">
        <ele>367.98000000000002</ele>
        <time>2020-07-20T11:52:50Z</time>
      </trkpt>
      <trkpt lat="61.507988562807441" lon="-6.889076242223382">
        <ele>368.88</ele>
        <time>2020-07-20T11:52:59Z</time>
      </trkpt>
      <trkpt lat="61.507908934727311" lon="-6.888989908620715">
        <ele>369.91000000000003</ele>
        <time>2020-07-20T11:53:08Z</time>
      </trkpt>
      <trkpt lat="61.507821008563042" lon="-6.888925870880485">
        <ele>369.19999999999999</ele>
        <time>2020-07-20T11:53:18Z</time>
      </trkpt>
      <trkpt lat="61.507741464301944" lon="-6.888833502307534">
        <ele>370.94</ele>
        <time>2020-07-20T11:53:27Z</time>
      </trkpt>
      <trkpt lat="61.507648760452867" lon="-6.888769213110209">
        <ele>371.94999999999999</ele>
        <time>2020-07-20T11:53:36Z</time>
      </trkpt>
      <trkpt lat="61.507563516497612" lon="-6.88867692835629">
        <ele>372.57999999999998</ele>
        <time>2020-07-20T11:53:46Z</time>
      </trkpt>
      <trkpt lat="61.507491515949368" lon="-6.888572238385677">
        <ele>372.42000000000002</ele>
        <time>2020-07-20T11:53:53Z</time>
      </trkpt>
      <trkpt lat="61.507404511794448" lon="-6.888452377170324">
        <ele>373.04000000000002</ele>
        <time>2020-07-20T11:54:02Z</time>
      </trkpt>
      <trkpt lat="61.507328320294619" lon="-6.888323128223419">
        <ele>374.14999999999998</ele>
        <time>2020-07-20T11:54:12Z</time>
      </trkpt>
      <trkpt lat="61.507258918136358" lon="-6.888202344998717">
        <ele>374.86000000000001</ele>
        <time>2020-07-20T11:54:23Z</time>
      </trkpt>
      <trkpt lat="61.507177697494626" lon="-6.888102348893881">
        <ele>375.48000000000002</ele>
        <time>2020-07-20T11:54:31Z</time>
      </trkpt>
      <trkpt lat="61.507086921483278" lon="-6.888009309768677">
        <ele>375.52999999999997</ele>
        <time>2020-07-20T11:54:40Z</time>
      </trkpt>
      <trkpt lat="61.50700394064188" lon="-6.887907469645143">
        <ele>375.74000000000001</ele>
        <time>2020-07-20T11:54:49Z</time>
      </trkpt>
      <trkpt lat="61.506918026134372" lon="-6.887819208204746">
        <ele>376.12</ele>
        <time>2020-07-20T11:54:57Z</time>
      </trkpt>
      <trkpt lat="61.506826495751739" lon="-6.887722564861178">
        <ele>377.97000000000003</ele>
        <time>2020-07-20T11:55:06Z</time>
      </trkpt>
      <trkpt lat="61.506739407777786" lon="-6.887648720294237">
        <ele>377.57999999999998</ele>
        <time>2020-07-20T11:55:14Z</time>
      </trkpt>
      <trkpt lat="61.506673945114017" lon="-6.887513855472207">
        <ele>378.20999999999998</ele>
        <time>2020-07-20T11:55:22Z</time>
      </trkpt>
      <trkpt lat="61.506598340347409" lon="-6.887391647323966">
        <ele>378.69</ele>
        <time>2020-07-20T11:55:30Z</time>
      </trkpt>
      <trkpt lat="61.506534134969115" lon="-6.887262314558029">
        <ele>378.07999999999998</ele>
        <time>2020-07-20T11:55:38Z</time>
      </trkpt>
      <trkpt lat="61.50645425543189" lon="-6.887164916843176">
        <ele>378.13999999999999</ele>
        <time>2020-07-20T11:55:48Z</time>
      </trkpt>
      <trkpt lat="61.506379237398505" lon="-6.887039942666888">
        <ele>377.37</ele>
        <time>2020-07-20T11:55:56Z</time>
      </trkpt>
      <trkpt lat="61.506314026191831" lon="-6.886882614344358">
        <ele>378.44999999999999</ele>
        <time>2020-07-20T11:56:04Z</time>
      </trkpt>
      <trkpt lat="61.5062499884516" lon="-6.886724783107638">
        <ele>379.38</ele>
        <time>2020-07-20T11:56:13Z</time>
      </trkpt>
      <trkpt lat="61.506191985681653" lon="-6.886579357087612">
        <ele>379.44</ele>
        <time>2020-07-20T11:56:22Z</time>
      </trkpt>
      <trkpt lat="61.506122667342424" lon="-6.88643267378211">
        <ele>381.10000000000002</ele>
        <time>2020-07-20T11:56:33Z</time>
      </trkpt>
      <trkpt lat="61.506049074232578" lon="-6.886276854202151">
        <ele>380.88999999999999</ele>
        <time>2020-07-20T11:56:42Z</time>
      </trkpt>
      <trkpt lat="61.505987131968141" lon="-6.886140564456582">
        <ele>380.64999999999998</ele>
        <time>2020-07-20T11:56:51Z</time>
      </trkpt>
      <trkpt lat="61.505929213017225" lon="-6.885991115123034">
        <ele>380.94</ele>
        <time>2020-07-20T11:56:59Z</time>
      </trkpt>
      <trkpt lat="61.505872299894691" lon="-6.885799756273627">
        <ele>381.18000000000001</ele>
        <time>2020-07-20T11:57:07Z</time>
      </trkpt>
      <trkpt lat="61.505822008475661" lon="-6.885635806247592">
        <ele>379.85000000000002</ele>
        <time>2020-07-20T11:57:15Z</time>
      </trkpt>
      <trkpt lat="61.505752690136433" lon="-6.885490464046598">
        <ele>379.62</ele>
        <time>2020-07-20T11:57:23Z</time>
      </trkpt>
      <trkpt lat="61.505711199715734" lon="-6.885315869003534">
        <ele>380.25</ele>
        <time>2020-07-20T11:57:31Z</time>
      </trkpt>
      <trkpt lat="61.505680857226253" lon="-6.885117469355464">
        <ele>379.99000000000001</ele>
        <time>2020-07-20T11:57:41Z</time>
      </trkpt>
      <trkpt lat="61.505638025701046" lon="-6.884932816028595">
        <ele>380.93000000000001</ele>
        <time>2020-07-20T11:57:50Z</time>
      </trkpt>
      <trkpt lat="61.505592931061983" lon="-6.884762411937118">
        <ele>380.76999999999998</ele>
        <time>2020-07-20T11:57:59Z</time>
      </trkpt>
      <trkpt lat="61.505548506975174" lon="-6.884566191583872">
        <ele>380.63999999999999</ele>
        <time>2020-07-20T11:58:07Z</time>
      </trkpt>
      <trkpt lat="61.505529060959816" lon="-6.884380280971527">
        <ele>380.79000000000002</ele>
        <time>2020-07-20T11:58:15Z</time>
      </trkpt>
      <trkpt lat="61.505479523912072" lon="-6.88420987688005">
        <ele>380.62</ele>
        <time>2020-07-20T11:58:24Z</time>
      </trkpt>
      <trkpt lat="61.505435770377517" lon="-6.884016506373882">
        <ele>380.52999999999997</ele>
        <time>2020-07-20T11:58:33Z</time>
      </trkpt>
      <trkpt lat="61.505405176430941" lon="-6.883826907724142">
        <ele>380.44999999999999</ele>
        <time>2020-07-20T11:58:42Z</time>
      </trkpt>
      <trkpt lat="61.505344239994884" lon="-6.883652145043016">
        <ele>380.51999999999998</ele>
        <time>2020-07-20T11:58:52Z</time>
      </trkpt>
      <trkpt lat="61.505304174497724" lon="-6.883463468402624">
        <ele>379.66000000000003</ele>
        <time>2020-07-20T11:59:02Z</time>
      </trkpt>
      <trkpt lat="61.505286740139127" lon="-6.883256351575255">
        <ele>380.31999999999999</ele>
        <time>2020-07-20T11:59:11Z</time>
      </trkpt>
      <trkpt lat="61.505256062373519" lon="-6.883059712126851">
        <ele>379.63</ele>
        <time>2020-07-20T11:59:20Z</time>
      </trkpt>
      <trkpt lat="61.505217673256993" lon="-6.882854020223022">
        <ele>379.63999999999999</ele>
        <time>2020-07-20T11:59:29Z</time>
      </trkpt>
      <trkpt lat="61.505202334374189" lon="-6.882657380774617">
        <ele>380.56999999999999</ele>
        <time>2020-07-20T11:59:39Z</time>
      </trkpt>
      <trkpt lat="61.505157994106412" lon="-6.882468620315194">
        <ele>380.38999999999999</ele>
        <time>2020-07-20T11:59:50Z</time>
      </trkpt>
      <trkpt lat="61.505116419866681" lon="-6.882286397740245">
        <ele>378.88999999999999</ele>
        <time>2020-07-20T11:59:59Z</time>
      </trkpt>
      <trkpt lat="61.505063781514764" lon="-6.882097721099854">
        <ele>378.29000000000002</ele>
        <time>2020-07-20T12:00:09Z</time>
      </trkpt>
      <trkpt lat="61.505040060728788" lon="-6.881894376128912">
        <ele>378.98000000000002</ele>
        <time>2020-07-20T12:00:18Z</time>
      </trkpt>
      <trkpt lat="61.505014663562179" lon="-6.88171005807817">
        <ele>377.99000000000001</ele>
        <time>2020-07-20T12:00:26Z</time>
      </trkpt>
      <trkpt lat="61.505018770694733" lon="-6.881543593481183">
        <ele>378.69</ele>
        <time>2020-07-20T12:00:41Z</time>
      </trkpt>
      <trkpt lat="61.505015166476369" lon="-6.881345193833113">
        <ele>379.02999999999997</ele>
        <time>2020-07-20T12:00:51Z</time>
      </trkpt>
      <trkpt lat="61.50498490780592" lon="-6.881144866347313">
        <ele>379.17000000000002</ele>
        <time>2020-07-20T12:01:00Z</time>
      </trkpt>
      <trkpt lat="61.504944339394569" lon="-6.88095954246819">
        <ele>378.69</ele>
        <time>2020-07-20T12:01:09Z</time>
      </trkpt>
      <trkpt lat="61.504934867843986" lon="-6.880754437297583">
        <ele>378.18000000000001</ele>
        <time>2020-07-20T12:01:17Z</time>
      </trkpt>
      <trkpt lat="61.504888432100415" lon="-6.880569532513619">
        <ele>377.64999999999998</ele>
        <time>2020-07-20T12:01:26Z</time>
      </trkpt>
      <trkpt lat="61.504862951114774" lon="-6.880383035168052">
        <ele>377.64999999999998</ele>
        <time>2020-07-20T12:01:34Z</time>
      </trkpt>
      <trkpt lat="61.504822969436646" lon="-6.88021145761013">
        <ele>376.92000000000002</ele>
        <time>2020-07-20T12:01:44Z</time>
      </trkpt>
      <trkpt lat="61.504793632775545" lon="-6.880029151216149">
        <ele>376.43000000000001</ele>
        <time>2020-07-20T12:01:55Z</time>
      </trkpt>
      <trkpt lat="61.504742335528135" lon="-6.87987333163619">
        <ele>375.97000000000003</ele>
        <time>2020-07-20T12:02:04Z</time>
      </trkpt>
      <trkpt lat="61.504732025787234" lon="-6.879676776006818">
        <ele>375.99000000000001</ele>
        <time>2020-07-20T12:02:11Z</time>
      </trkpt>
      <trkpt lat="61.504700090736151" lon="-6.879499582573772">
        <ele>375.91000000000003</ele>
        <time>2020-07-20T12:02:20Z</time>
      </trkpt>
      <trkpt lat="61.504679219797254" lon="-6.879309816285968">
        <ele>375.89999999999998</ele>
        <time>2020-07-20T12:02:30Z</time>
      </trkpt>
      <trkpt lat="61.504628844559193" lon="-6.879139747470617">
        <ele>374.54000000000002</ele>
        <time>2020-07-20T12:02:39Z</time>
      </trkpt>
      <trkpt lat="61.50459598749876" lon="-6.878965068608522">
        <ele>374.82999999999998</ele>
        <time>2020-07-20T12:02:48Z</time>
      </trkpt>
      <trkpt lat="61.504531782120466" lon="-6.878802292048931">
        <ele>374.56</ele>
        <time>2020-07-20T12:02:57Z</time>
      </trkpt>
      <trkpt lat="61.504468666389585" lon="-6.87864487990737">
        <ele>373.11000000000001</ele>
        <time>2020-07-20T12:03:06Z</time>
      </trkpt>
      <trkpt lat="61.504426253959537" lon="-6.878472045063973">
        <ele>374.17000000000002</ele>
        <time>2020-07-20T12:03:15Z</time>
      </trkpt>
      <trkpt lat="61.504406221210957" lon="-6.878279680386186">
        <ele>373.83999999999997</ele>
        <time>2020-07-20T12:03:27Z</time>
      </trkpt>
      <trkpt lat="61.504378141835332" lon="-6.878103241324425">
        <ele>374.14999999999998</ele>
        <time>2020-07-20T12:03:39Z</time>
      </trkpt>
      <trkpt lat="61.504331035539508" lon="-6.877924874424934">
        <ele>375.32999999999998</ele>
        <time>2020-07-20T12:04:02Z</time>
      </trkpt>
      <trkpt lat="61.504251407459378" lon="-6.877831080928445">
        <ele>373.63999999999999</ele>
        <time>2020-07-20T12:04:14Z</time>
      </trkpt>
      <trkpt lat="61.504185860976577" lon="-6.877670399844647">
        <ele>373.64999999999998</ele>
        <time>2020-07-20T12:04:23Z</time>
      </trkpt>
      <trkpt lat="61.504133054986596" lon="-6.877477280795574">
        <ele>373.64999999999998</ele>
        <time>2020-07-20T12:04:33Z</time>
      </trkpt>
      <trkpt lat="61.50407362729311" lon="-6.877313666045666">
        <ele>373.73000000000002</ele>
        <time>2020-07-20T12:04:43Z</time>
      </trkpt>
      <trkpt lat="61.504017468541861" lon="-6.87716874293983">
        <ele>374.72000000000003</ele>
        <time>2020-07-20T12:04:53Z</time>
      </trkpt>
      <trkpt lat="61.503945970907807" lon="-6.877044858410955">
        <ele>373.31</ele>
        <time>2020-07-20T12:05:03Z</time>
      </trkpt>
      <trkpt lat="61.50387279689312" lon="-6.87694301828742">
        <ele>372.83999999999997</ele>
        <time>2020-07-20T12:05:13Z</time>
      </trkpt>
      <trkpt lat="61.503794090822339" lon="-6.876868335530162">
        <ele>371.26999999999998</ele>
        <time>2020-07-20T12:05:24Z</time>
      </trkpt>
      <trkpt lat="61.503711109980941" lon="-6.876751910895109">
        <ele>371.25</ele>
        <time>2020-07-20T12:05:34Z</time>
      </trkpt>
      <trkpt lat="61.50364900007844" lon="-6.876591229811311">
        <ele>370.62</ele>
        <time>2020-07-20T12:05:47Z</time>
      </trkpt>
      <trkpt lat="61.503566689789295" lon="-6.876496933400631">
        <ele>371.45999999999998</ele>
        <time>2020-07-20T12:05:57Z</time>
      </trkpt>
      <trkpt lat="61.50348337367177" lon="-6.876370366662741">
        <ele>371.85000000000002</ele>
        <time>2020-07-20T12:06:07Z</time>
      </trkpt>
      <trkpt lat="61.503386227414012" lon="-6.876311944797635">
        <ele>371.08999999999997</ele>
        <time>2020-07-20T12:06:15Z</time>
      </trkpt>
      <trkpt lat="61.503298468887806" lon="-6.87620809301734">
        <ele>371.31</ele>
        <time>2020-07-20T12:06:24Z</time>
      </trkpt>
      <trkpt lat="61.503222612664104" lon="-6.876102145761251">
        <ele>371.44999999999999</ele>
        <time>2020-07-20T12:06:33Z</time>
      </trkpt>
      <trkpt lat="61.50313351303339" lon="-6.8760184943676">
        <ele>369.77999999999997</ele>
        <time>2020-07-20T12:06:45Z</time>
      </trkpt>
      <trkpt lat="61.503051538020372" lon="-6.875909613445401">
        <ele>367.57999999999998</ele>
        <time>2020-07-20T12:06:55Z</time>
      </trkpt>
      <trkpt lat="61.502972831949592" lon="-6.875819005072117">
        <ele>366.77999999999997</ele>
        <time>2020-07-20T12:07:05Z</time>
      </trkpt>
      <trkpt lat="61.502893287688494" lon="-6.875712387263775">
        <ele>366.27999999999997</ele>
        <time>2020-07-20T12:07:15Z</time>
      </trkpt>
      <trkpt lat="61.502813491970301" lon="-6.875579701736569">
        <ele>365.19999999999999</ele>
        <time>2020-07-20T12:07:28Z</time>
      </trkpt>
      <trkpt lat="61.502726823091507" lon="-6.87548297457397">
        <ele>364.23000000000002</ele>
        <time>2020-07-20T12:07:39Z</time>
      </trkpt>
      <trkpt lat="61.502656582742929" lon="-6.875346014276147">
        <ele>364.79000000000002</ele>
        <time>2020-07-20T12:07:48Z</time>
      </trkpt>
      <trkpt lat="61.502582570537925" lon="-6.875232355669141">
        <ele>363.33999999999997</ele>
        <time>2020-07-20T12:07:59Z</time>
      </trkpt>
      <trkpt lat="61.502500092610717" lon="-6.875130599364638">
        <ele>362.06</ele>
        <time>2020-07-20T12:08:09Z</time>
      </trkpt>
      <trkpt lat="61.502423146739602" lon="-6.875034207478166">
        <ele>362.30000000000001</ele>
        <time>2020-07-20T12:08:18Z</time>
      </trkpt>
      <trkpt lat="61.502338740974665" lon="-6.874940665438771">
        <ele>362.94</ele>
        <time>2020-07-20T12:08:28Z</time>
      </trkpt>
      <trkpt lat="61.502273278310895" lon="-6.874813847243786">
        <ele>364.60000000000002</ele>
        <time>2020-07-20T12:08:38Z</time>
      </trkpt>
      <trkpt lat="61.502207396551967" lon="-6.874663727357984">
        <ele>365.29000000000002</ele>
        <time>2020-07-20T12:08:50Z</time>
      </trkpt>
      <trkpt lat="61.502118296921253" lon="-6.874582087621093">
        <ele>365.5</ele>
        <time>2020-07-20T12:09:01Z</time>
      </trkpt>
      <trkpt lat="61.502039842307568" lon="-6.874464992433786">
        <ele>366.81999999999999</ele>
        <time>2020-07-20T12:09:13Z</time>
      </trkpt>
      <trkpt lat="61.501964069902897" lon="-6.874373545870185">
        <ele>367.20999999999998</ele>
        <time>2020-07-20T12:09:27Z</time>
      </trkpt>
      <trkpt lat="61.501924674957991" lon="-6.874189395457506">
        <ele>368.44999999999999</ele>
        <time>2020-07-20T12:09:39Z</time>
      </trkpt>
      <trkpt lat="61.501862062141299" lon="-6.874040281400085">
        <ele>370.48000000000002</ele>
        <time>2020-07-20T12:10:08Z</time>
      </trkpt>
      <trkpt lat="61.501864157617092" lon="-6.874058805406094">
        <ele>370.08999999999997</ele>
        <time>2020-07-20T12:11:50Z</time>
      </trkpt>
      <trkpt lat="61.501852842047811" lon="-6.874063331633806">
        <ele>368.94</ele>
        <time>2020-07-20T12:12:25Z</time>
      </trkpt>
      <trkpt lat="61.501773884519935" lon="-6.874020751565695">
        <ele>371.33999999999997</ele>
        <time>2020-07-20T12:12:50Z</time>
      </trkpt>
      <trkpt lat="61.501676486805081" lon="-6.874024271965027">
        <ele>370.69</ele>
        <time>2020-07-20T12:13:02Z</time>
      </trkpt>
      <trkpt lat="61.501585962250829" lon="-6.873948331922293">
        <ele>371.27999999999997</ele>
        <time>2020-07-20T12:13:14Z</time>
      </trkpt>
      <trkpt lat="61.501501053571701" lon="-6.873890077695251">
        <ele>372.66000000000003</ele>
        <time>2020-07-20T12:13:26Z</time>
      </trkpt>
      <trkpt lat="61.501426203176379" lon="-6.873768037185073">
        <ele>373.48000000000002</ele>
        <time>2020-07-20T12:13:40Z</time>
      </trkpt>
      <trkpt lat="61.501357220113277" lon="-6.873601069673896">
        <ele>374.41000000000003</ele>
        <time>2020-07-20T12:13:50Z</time>
      </trkpt>
      <trkpt lat="61.501296199858189" lon="-6.873442819342017">
        <ele>375.57999999999998</ele>
        <time>2020-07-20T12:13:59Z</time>
      </trkpt>
      <trkpt lat="61.501232916489244" lon="-6.87329588457942">
        <ele>375.07999999999998</ele>
        <time>2020-07-20T12:14:10Z</time>
      </trkpt>
      <trkpt lat="61.501163514330983" lon="-6.873149117454886">
        <ele>376.04000000000002</ele>
        <time>2020-07-20T12:14:27Z</time>
      </trkpt>
      <trkpt lat="61.501109451055527" lon="-6.872975863516331">
        <ele>375.75999999999999</ele>
        <time>2020-07-20T12:14:37Z</time>
      </trkpt>
      <trkpt lat="61.501066368073225" lon="-6.872789701446891">
        <ele>376.54000000000002</ele>
        <time>2020-07-20T12:14:46Z</time>
      </trkpt>
      <trkpt lat="61.501019513234496" lon="-6.872600605711341">
        <ele>376.97000000000003</ele>
        <time>2020-07-20T12:14:54Z</time>
      </trkpt>
      <trkpt lat="61.500969054177403" lon="-6.87243196181953">
        <ele>376.80000000000001</ele>
        <time>2020-07-20T12:15:04Z</time>
      </trkpt>
      <trkpt lat="61.500907698646188" lon="-6.872271113097668">
        <ele>376.22000000000003</ele>
        <time>2020-07-20T12:15:12Z</time>
      </trkpt>
      <trkpt lat="61.500856736674905" lon="-6.872086124494672">
        <ele>375.38</ele>
        <time>2020-07-20T12:15:20Z</time>
      </trkpt>
      <trkpt lat="61.500814156606793" lon="-6.871907338500023">
        <ele>376.60000000000002</ele>
        <time>2020-07-20T12:15:29Z</time>
      </trkpt>
      <trkpt lat="61.50075145997107" lon="-6.871734000742436">
        <ele>375.69999999999999</ele>
        <time>2020-07-20T12:15:38Z</time>
      </trkpt>
      <trkpt lat="61.50068205781281" lon="-6.871571056544781">
        <ele>375.08999999999997</ele>
        <time>2020-07-20T12:15:47Z</time>
      </trkpt>
      <trkpt lat="61.500611817464232" lon="-6.871431581676006">
        <ele>373.79000000000002</ele>
        <time>2020-07-20T12:15:56Z</time>
      </trkpt>
      <trkpt lat="61.500533781945705" lon="-6.871278779581189">
        <ele>373.48000000000002</ele>
        <time>2020-07-20T12:16:06Z</time>
      </trkpt>
      <trkpt lat="61.500466223806143" lon="-6.871129497885704">
        <ele>373.17000000000002</ele>
        <time>2020-07-20T12:16:15Z</time>
      </trkpt>
      <trkpt lat="61.500383242964745" lon="-6.8710364587605">
        <ele>372.11000000000001</ele>
        <time>2020-07-20T12:16:23Z</time>
      </trkpt>
      <trkpt lat="61.500301100313663" lon="-6.870925985276699">
        <ele>371.38999999999999</ele>
        <time>2020-07-20T12:16:33Z</time>
      </trkpt>
      <trkpt lat="61.500205295160413" lon="-6.870863540098071">
        <ele>370.06999999999999</ele>
        <time>2020-07-20T12:16:42Z</time>
      </trkpt>
      <trkpt lat="61.500114602968097" lon="-6.870800759643316">
        <ele>368.88999999999999</ele>
        <time>2020-07-20T12:16:52Z</time>
      </trkpt>
      <trkpt lat="61.500030113384128" lon="-6.870726244524121">
        <ele>368.27999999999997</ele>
        <time>2020-07-20T12:17:01Z</time>
      </trkpt>
      <trkpt lat="61.499949647113681" lon="-6.870619291439652">
        <ele>367.14999999999998</ele>
        <time>2020-07-20T12:17:11Z</time>
      </trkpt>
      <trkpt lat="61.499861469492316" lon="-6.870528850704432">
        <ele>366.69</ele>
        <time>2020-07-20T12:17:21Z</time>
      </trkpt>
      <trkpt lat="61.499793659895658" lon="-6.870391638949513">
        <ele>365.48000000000002</ele>
        <time>2020-07-20T12:17:32Z</time>
      </trkpt>
      <trkpt lat="61.499698190018535" lon="-6.8703543394804">
        <ele>364.58999999999997</ele>
        <time>2020-07-20T12:17:45Z</time>
      </trkpt>
      <trkpt lat="61.499622836709023" lon="-6.870246632024646">
        <ele>363.20999999999998</ele>
        <time>2020-07-20T12:17:56Z</time>
      </trkpt>
      <trkpt lat="61.499538347125053" lon="-6.870160717517138">
        <ele>362.87</ele>
        <time>2020-07-20T12:18:07Z</time>
      </trkpt>
      <trkpt lat="61.49945268407464" lon="-6.870070025324822">
        <ele>362.5</ele>
        <time>2020-07-20T12:18:17Z</time>
      </trkpt>
      <trkpt lat="61.499375654384494" lon="-6.86997078359127">
        <ele>361.10000000000002</ele>
        <time>2020-07-20T12:18:28Z</time>
      </trkpt>
      <trkpt lat="61.49928018450737" lon="-6.869900794699788">
        <ele>359.82999999999998</ele>
        <time>2020-07-20T12:18:37Z</time>
      </trkpt>
      <trkpt lat="61.499200975522399" lon="-6.869810856878758">
        <ele>359.44999999999999</ele>
        <time>2020-07-20T12:18:46Z</time>
      </trkpt>
      <trkpt lat="61.499103074893355" lon="-6.869744388386607">
        <ele>359.04000000000002</ele>
        <time>2020-07-20T12:18:56Z</time>
      </trkpt>
      <trkpt lat="61.499013639986515" lon="-6.869650846347213">
        <ele>357.88</ele>
        <time>2020-07-20T12:19:06Z</time>
      </trkpt>
      <trkpt lat="61.49893862195313" lon="-6.869531739503145">
        <ele>356.13</ele>
        <time>2020-07-20T12:19:16Z</time>
      </trkpt>
      <trkpt lat="61.498914314433932" lon="-6.869449177756906">
        <ele>354.43000000000001</ele>
        <time>2020-07-20T12:20:21Z</time>
      </trkpt>
      <trkpt lat="61.498847426846623" lon="-6.869461247697473">
        <ele>353.81999999999999</ele>
        <time>2020-07-20T12:22:25Z</time>
      </trkpt>
      <trkpt lat="61.498752543702722" lon="-6.869425205513835">
        <ele>351.00999999999999</ele>
        <time>2020-07-20T12:22:36Z</time>
      </trkpt>
      <trkpt lat="61.498683309182525" lon="-6.869450602680445">
        <ele>349.63999999999999</ele>
        <time>2020-07-20T12:22:48Z</time>
      </trkpt>
      <trkpt lat="61.498574679717422" lon="-6.869487818330526">
        <ele>347.17000000000002</ele>
        <time>2020-07-20T12:23:04Z</time>
      </trkpt>
      <trkpt lat="61.498474515974522" lon="-6.869519501924515">
        <ele>344.56</ele>
        <time>2020-07-20T12:23:14Z</time>
      </trkpt>
      <trkpt lat="61.498386254534125" lon="-6.869560908526182">
        <ele>343.25999999999999</ele>
        <time>2020-07-20T12:23:21Z</time>
      </trkpt>
      <trkpt lat="61.498299753293395" lon="-6.869569458067417">
        <ele>341.31999999999999</ele>
        <time>2020-07-20T12:23:30Z</time>
      </trkpt>
      <trkpt lat="61.498202607035637" lon="-6.869605164974928">
        <ele>339.19999999999999</ele>
        <time>2020-07-20T12:23:39Z</time>
      </trkpt>
      <trkpt lat="61.498099593445659" lon="-6.869618576020002">
        <ele>337.69999999999999</ele>
        <time>2020-07-20T12:23:51Z</time>
      </trkpt>
      <trkpt lat="61.498005297034979" lon="-6.869554873555899">
        <ele>335.44</ele>
        <time>2020-07-20T12:24:11Z</time>
      </trkpt>
      <trkpt lat="61.497901864349842" lon="-6.869506929069758">
        <ele>334.16000000000003</ele>
        <time>2020-07-20T12:24:23Z</time>
      </trkpt>
      <trkpt lat="61.497789714485407" lon="-6.869362257421017">
        <ele>334.25999999999999</ele>
        <time>2020-07-20T12:24:42Z</time>
      </trkpt>
      <trkpt lat="61.497763395309448" lon="-6.869177687913179">
        <ele>333.24000000000001</ele>
        <time>2020-07-20T12:24:51Z</time>
      </trkpt>
      <trkpt lat="61.497699189931154" lon="-6.86903796158731">
        <ele>332.87</ele>
        <time>2020-07-20T12:25:00Z</time>
      </trkpt>
      <trkpt lat="61.49761687964201" lon="-6.868925392627716">
        <ele>332.54000000000002</ele>
        <time>2020-07-20T12:25:09Z</time>
      </trkpt>
      <trkpt lat="61.497557200491428" lon="-6.868776949122548">
        <ele>331.42000000000002</ele>
        <time>2020-07-20T12:25:19Z</time>
      </trkpt>
      <trkpt lat="61.497489809989929" lon="-6.868617944419384">
        <ele>330.70999999999998</ele>
        <time>2020-07-20T12:25:28Z</time>
      </trkpt>
      <trkpt lat="61.497416384518147" lon="-6.868498083204031">
        <ele>330.10000000000002</ele>
        <time>2020-07-20T12:25:37Z</time>
      </trkpt>
      <trkpt lat="61.497343881055713" lon="-6.868371600285173">
        <ele>330.33999999999997</ele>
        <time>2020-07-20T12:25:45Z</time>
      </trkpt>
      <trkpt lat="61.497266013175249" lon="-6.868264647200704">
        <ele>329.55000000000001</ele>
        <time>2020-07-20T12:26:04Z</time>
      </trkpt>
      <trkpt lat="61.497172387316823" lon="-6.868244362995029">
        <ele>329.67000000000002</ele>
        <time>2020-07-20T12:26:15Z</time>
      </trkpt>
      <trkpt lat="61.497105583548546" lon="-6.86811201274395">
        <ele>331.22000000000003</ele>
        <time>2020-07-20T12:26:25Z</time>
      </trkpt>
      <trkpt lat="61.497024111449718" lon="-6.868014866486192">
        <ele>332.18000000000001</ele>
        <time>2020-07-20T12:26:46Z</time>
      </trkpt>
      <trkpt lat="61.496947333216667" lon="-6.867897687479854">
        <ele>333.72000000000003</ele>
        <time>2020-07-20T12:27:05Z</time>
      </trkpt>
      <trkpt lat="61.496859323233366" lon="-6.867891736328602">
        <ele>333.72000000000003</ele>
        <time>2020-07-20T12:29:30Z</time>
      </trkpt>
      <trkpt lat="61.49678279645741" lon="-6.867820825427771">
        <ele>334.44</ele>
        <time>2020-07-20T12:29:44Z</time>
      </trkpt>
      <trkpt lat="61.496699480339885" lon="-6.867724768817425">
        <ele>335.19999999999999</ele>
        <time>2020-07-20T12:29:54Z</time>
      </trkpt>
      <trkpt lat="61.496611051261425" lon="-6.86765318736434">
        <ele>335.51999999999998</ele>
        <time>2020-07-20T12:30:03Z</time>
      </trkpt>
      <trkpt lat="61.496511893346906" lon="-6.867609433829784">
        <ele>335.97000000000003</ele>
        <time>2020-07-20T12:30:12Z</time>
      </trkpt>
      <trkpt lat="61.496412148699164" lon="-6.867674812674522">
        <ele>335.04000000000002</ele>
        <time>2020-07-20T12:30:21Z</time>
      </trkpt>
      <trkpt lat="61.496315086260438" lon="-6.867733234539628">
        <ele>333.60000000000002</ele>
        <time>2020-07-20T12:30:30Z</time>
      </trkpt>
      <trkpt lat="61.496215341612697" lon="-6.867798194289208">
        <ele>330.20999999999998</ele>
        <time>2020-07-20T12:30:40Z</time>
      </trkpt>
      <trkpt lat="61.496135545894504" lon="-6.86790632084012">
        <ele>329.23000000000002</ele>
        <time>2020-07-20T12:30:51Z</time>
      </trkpt>
      <trkpt lat="61.496052732691169" lon="-6.867873799055815">
        <ele>326.27999999999997</ele>
        <time>2020-07-20T12:31:10Z</time>
      </trkpt>
      <trkpt lat="61.496010152623057" lon="-6.867702472954989">
        <ele>323.24000000000001</ele>
        <time>2020-07-20T12:31:22Z</time>
      </trkpt>
      <trkpt lat="61.495949132367969" lon="-6.867667017504573">
        <ele>321.61000000000001</ele>
        <time>2020-07-20T12:31:40Z</time>
      </trkpt>
      <trkpt lat="61.495919544249773" lon="-6.867505749687553">
        <ele>316.94</ele>
        <time>2020-07-20T12:31:55Z</time>
      </trkpt>
      <trkpt lat="61.495843939483166" lon="-6.867590323090553">
        <ele>313.16000000000003</ele>
        <time>2020-07-20T12:32:11Z</time>
      </trkpt>
      <trkpt lat="61.495785852894187" lon="-6.867610104382038">
        <ele>311.19</ele>
        <time>2020-07-20T12:32:24Z</time>
      </trkpt>
      <trkpt lat="61.495745116844773" lon="-6.867711441591382">
        <ele>307.43000000000001</ele>
        <time>2020-07-20T12:32:35Z</time>
      </trkpt>
      <trkpt lat="61.495667165145278" lon="-6.867654863744974">
        <ele>305.70999999999998</ele>
        <time>2020-07-20T12:32:46Z</time>
      </trkpt>
      <trkpt lat="61.495630703866482" lon="-6.867478340864182">
        <ele>303.13</ele>
        <time>2020-07-20T12:32:56Z</time>
      </trkpt>
      <trkpt lat="61.495583597570658" lon="-6.867307685315609">
        <ele>300.02999999999997</ele>
        <time>2020-07-20T12:33:07Z</time>
      </trkpt>
      <trkpt lat="61.49552165530622" lon="-6.867162343114615">
        <ele>297.23000000000002</ele>
        <time>2020-07-20T12:33:17Z</time>
      </trkpt>
      <trkpt lat="61.495441189035773" lon="-6.867040637880564">
        <ele>295</ele>
        <time>2020-07-20T12:33:29Z</time>
      </trkpt>
      <trkpt lat="61.495360722765326" lon="-6.866930667310953">
        <ele>293.75</ele>
        <time>2020-07-20T12:33:37Z</time>
      </trkpt>
      <trkpt lat="61.49527732282877" lon="-6.866838885471225">
        <ele>292.51999999999998</ele>
        <time>2020-07-20T12:33:46Z</time>
      </trkpt>
      <trkpt lat="61.49517422541976" lon="-6.866781050339341">
        <ele>291.41000000000003</ele>
        <time>2020-07-20T12:33:55Z</time>
      </trkpt>
      <trkpt lat="61.495084790512919" lon="-6.866737212985754">
        <ele>289.31</ele>
        <time>2020-07-20T12:34:03Z</time>
      </trkpt>
      <trkpt lat="61.494992170482874" lon="-6.866689939051867">
        <ele>287.72000000000003</ele>
        <time>2020-07-20T12:34:11Z</time>
      </trkpt>
      <trkpt lat="61.494897371158004" lon="-6.866622632369399">
        <ele>286.81999999999999</ele>
        <time>2020-07-20T12:34:19Z</time>
      </trkpt>
      <trkpt lat="61.494804667308927" lon="-6.866557756438851">
        <ele>285.83999999999997</ele>
        <time>2020-07-20T12:34:27Z</time>
      </trkpt>
      <trkpt lat="61.494710370898247" lon="-6.86650394462049">
        <ele>284.81999999999999</ele>
        <time>2020-07-20T12:34:36Z</time>
      </trkpt>
      <trkpt lat="61.494751023128629" lon="-6.866422891616821">
        <ele>284</ele>
        <time>2020-07-20T12:35:06Z</time>
      </trkpt>
      <trkpt lat="61.494768960401416" lon="-6.866250140592456">
        <ele>283.85000000000002</ele>
        <time>2020-07-20T12:35:17Z</time>
      </trkpt>
      <trkpt lat="61.494754962623119" lon="-6.866044700145721">
        <ele>282.24000000000001</ele>
        <time>2020-07-20T12:35:27Z</time>
      </trkpt>
      <trkpt lat="61.494662845507264" lon="-6.866069594398141">
        <ele>278</ele>
        <time>2020-07-20T12:35:45Z</time>
      </trkpt>
      <trkpt lat="61.494614649564028" lon="-6.866243937984109">
        <ele>276.24000000000001</ele>
        <time>2020-07-20T12:35:57Z</time>
      </trkpt>
      <trkpt lat="61.494589252397418" lon="-6.866411073133349">
        <ele>274.20999999999998</ele>
        <time>2020-07-20T12:36:17Z</time>
      </trkpt>
      <trkpt lat="61.494527226313949" lon="-6.86656110920012">
        <ele>270.87</ele>
        <time>2020-07-20T12:36:33Z</time>
      </trkpt>
      <trkpt lat="61.494459919631481" lon="-6.866670912131667">
        <ele>266.49000000000001</ele>
        <time>2020-07-20T12:36:45Z</time>
      </trkpt>
      <trkpt lat="61.49440267123282" lon="-6.866706619039178">
        <ele>265.17000000000002</ele>
        <time>2020-07-20T12:37:03Z</time>
      </trkpt>
      <trkpt lat="61.494370317086577" lon="-6.86650151386857">
        <ele>260.91000000000003</ele>
        <time>2020-07-20T12:37:17Z</time>
      </trkpt>
      <trkpt lat="61.494321702048182" lon="-6.866326164454222">
        <ele>258.20999999999998</ele>
        <time>2020-07-20T12:37:28Z</time>
      </trkpt>
      <trkpt lat="61.494228579103947" lon="-6.866245530545712">
        <ele>257.29000000000002</ele>
        <time>2020-07-20T12:37:37Z</time>
      </trkpt>
      <trkpt lat="61.494132187217474" lon="-6.866205045953393">
        <ele>256.08999999999997</ele>
        <time>2020-07-20T12:39:19Z</time>
      </trkpt>
      <trkpt lat="61.494038058444858" lon="-6.866204794496298">
        <ele>253.28999999999999</ele>
        <time>2020-07-20T12:39:33Z</time>
      </trkpt>
      <trkpt lat="61.493959184736013" lon="-6.866144025698304">
        <ele>249.88999999999999</ele>
        <time>2020-07-20T12:39:56Z</time>
      </trkpt>
      <trkpt lat="61.493892800062895" lon="-6.866292972117662">
        <ele>246.03</ele>
        <time>2020-07-20T12:40:15Z</time>
      </trkpt>
      <trkpt lat="61.493841502815485" lon="-6.866177888587117">
        <ele>244.84</ele>
        <time>2020-07-20T12:40:26Z</time>
      </trkpt>
      <trkpt lat="61.493819039314985" lon="-6.865991810336709">
        <ele>242.69999999999999</ele>
        <time>2020-07-20T12:40:34Z</time>
      </trkpt>
      <trkpt lat="61.493779141455889" lon="-6.865803552791476">
        <ele>239.56999999999999</ele>
        <time>2020-07-20T12:40:48Z</time>
      </trkpt>
      <trkpt lat="61.493720049038529" lon="-6.86564982868731">
        <ele>237.69999999999999</ele>
        <time>2020-07-20T12:40:56Z</time>
      </trkpt>
      <trkpt lat="61.493655340746045" lon="-6.865513706579804">
        <ele>236.63999999999999</ele>
        <time>2020-07-20T12:41:04Z</time>
      </trkpt>
      <trkpt lat="61.493619130924344" lon="-6.865439107641578">
        <ele>235.86000000000001</ele>
        <time>2020-07-20T12:41:15Z</time>
      </trkpt>
      <trkpt lat="61.49362918920815" lon="-6.865281276404858">
        <ele>236.06999999999999</ele>
        <time>2020-07-20T12:41:24Z</time>
      </trkpt>
      <trkpt lat="61.493563558906317" lon="-6.865155715495348">
        <ele>235.31999999999999</ele>
        <time>2020-07-20T12:41:32Z</time>
      </trkpt>
      <trkpt lat="61.493465909734368" lon="-6.865142052993178">
        <ele>235.87</ele>
        <time>2020-07-20T12:41:41Z</time>
      </trkpt>
      <trkpt lat="61.493387455120683" lon="-6.865081451833248">
        <ele>236.31999999999999</ele>
        <time>2020-07-20T12:41:50Z</time>
      </trkpt>
      <trkpt lat="61.493315538391471" lon="-6.864981958642602">
        <ele>236.28</ele>
        <time>2020-07-20T12:42:00Z</time>
      </trkpt>
      <trkpt lat="61.493221493437886" lon="-6.864937702193856">
        <ele>234.69</ele>
        <time>2020-07-20T12:42:14Z</time>
      </trkpt>
      <trkpt lat="61.493146810680628" lon="-6.86487190425396">
        <ele>234.13999999999999</ele>
        <time>2020-07-20T12:42:39Z</time>
      </trkpt>
      <trkpt lat="61.493058800697327" lon="-6.864811051636934">
        <ele>234.37</ele>
        <time>2020-07-20T12:42:47Z</time>
      </trkpt>
      <trkpt lat="61.492975233122706" lon="-6.864754054695368">
        <ele>234.31999999999999</ele>
        <time>2020-07-20T12:42:54Z</time>
      </trkpt>
      <trkpt lat="61.49290943518281" lon="-6.864637965336442">
        <ele>234.97</ele>
        <time>2020-07-20T12:43:05Z</time>
      </trkpt>
      <trkpt lat="61.492915553972125" lon="-6.8645313475281">
        <ele>234.22</ele>
        <time>2020-07-20T12:44:56Z</time>
      </trkpt>
      <trkpt lat="61.492821425199509" lon="-6.864469824358821">
        <ele>234.41</ele>
        <time>2020-07-20T12:45:07Z</time>
      </trkpt>
      <trkpt lat="61.49271396920085" lon="-6.864494886249304">
        <ele>235.00999999999999</ele>
        <time>2020-07-20T12:45:21Z</time>
      </trkpt>
      <trkpt lat="61.492619337514043" lon="-6.864527324214578">
        <ele>235.63</ele>
        <time>2020-07-20T12:45:30Z</time>
      </trkpt>
      <trkpt lat="61.492525124922395" lon="-6.864519864320755">
        <ele>234.96000000000001</ele>
        <time>2020-07-20T12:45:39Z</time>
      </trkpt>
      <trkpt lat="61.492487657815218" lon="-6.864319201558828">
        <ele>234.53999999999999</ele>
        <time>2020-07-20T12:45:53Z</time>
      </trkpt>
      <trkpt lat="61.492441892623901" lon="-6.864164974540472">
        <ele>234.47</ele>
        <time>2020-07-20T12:45:59Z</time>
      </trkpt>
      <trkpt lat="61.492386069148779" lon="-6.863993899896741">
        <ele>234.63</ele>
        <time>2020-07-20T12:46:07Z</time>
      </trkpt>
      <trkpt lat="61.492306692525744" lon="-6.863862136378884">
        <ele>233.86000000000001</ele>
        <time>2020-07-20T12:46:14Z</time>
      </trkpt>
      <trkpt lat="61.492239804938436" lon="-6.863753171637654">
        <ele>234.81999999999999</ele>
        <time>2020-07-20T12:46:23Z</time>
      </trkpt>
      <trkpt lat="61.492168810218573" lon="-6.863626688718796">
        <ele>234.52000000000001</ele>
        <time>2020-07-20T12:46:34Z</time>
      </trkpt>
      <trkpt lat="61.492104940116405" lon="-6.863550748676062">
        <ele>234.5</ele>
        <time>2020-07-20T12:46:58Z</time>
      </trkpt>
      <trkpt lat="61.492030424997211" lon="-6.863426780328155">
        <ele>234.83000000000001</ele>
        <time>2020-07-20T12:48:33Z</time>
      </trkpt>
      <trkpt lat="61.491947527974844" lon="-6.863301554694772">
        <ele>234.71000000000001</ele>
        <time>2020-07-20T12:48:40Z</time>
      </trkpt>
      <trkpt lat="61.491859350353479" lon="-6.863183537498117">
        <ele>234.47</ele>
        <time>2020-07-20T12:48:47Z</time>
      </trkpt>
      <trkpt lat="61.491766311228275" lon="-6.863108687102795">
        <ele>234.53999999999999</ele>
        <time>2020-07-20T12:48:54Z</time>
      </trkpt>
      <trkpt lat="61.491670170798898" lon="-6.863052528351545">
        <ele>234.80000000000001</ele>
        <time>2020-07-20T12:49:01Z</time>
      </trkpt>
      <trkpt lat="61.491572940722108" lon="-6.862980527803302">
        <ele>234.34999999999999</ele>
        <time>2020-07-20T12:49:08Z</time>
      </trkpt>
      <trkpt lat="61.491480320692062" lon="-6.862917831167579">
        <ele>234.36000000000001</ele>
        <time>2020-07-20T12:49:15Z</time>
      </trkpt>
      <trkpt lat="61.491386024281383" lon="-6.862853122875094">
        <ele>234.71000000000001</ele>
        <time>2020-07-20T12:49:22Z</time>
      </trkpt>
      <trkpt lat="61.491281585767865" lon="-6.862804256379604">
        <ele>234.56</ele>
        <time>2020-07-20T12:49:29Z</time>
      </trkpt>
      <trkpt lat="61.491181422024965" lon="-6.862754719331861">
        <ele>234.71000000000001</ele>
        <time>2020-07-20T12:49:36Z</time>
      </trkpt>
      <trkpt lat="61.49110103957355" lon="-6.862858487293124">
        <ele>236.69999999999999</ele>
        <time>2020-07-20T12:49:44Z</time>
      </trkpt>
      <trkpt lat="61.491031888872385" lon="-6.863004667684436">
        <ele>236.25999999999999</ele>
        <time>2020-07-20T12:49:52Z</time>
      </trkpt>
      <trkpt lat="61.490955445915461" lon="-6.863138191401959">
        <ele>236.56</ele>
        <time>2020-07-20T12:50:00Z</time>
      </trkpt>
      <trkpt lat="61.490888809785247" lon="-6.863291831687093">
        <ele>235.93000000000001</ele>
        <time>2020-07-20T12:50:08Z</time>
      </trkpt>
      <trkpt lat="61.490809768438339" lon="-6.863400628790259">
        <ele>233.72</ele>
        <time>2020-07-20T12:50:19Z</time>
      </trkpt>
      <trkpt lat="61.490736175328493" lon="-6.863509090617299">
        <ele>230.97</ele>
        <time>2020-07-20T12:50:30Z</time>
      </trkpt>
      <trkpt lat="61.490663588047028" lon="-6.863614786416292">
        <ele>228.5</ele>
        <time>2020-07-20T12:50:41Z</time>
      </trkpt>
      <trkpt lat="61.490582618862391" lon="-6.863698521628976">
        <ele>226.46000000000001</ele>
        <time>2020-07-20T12:50:54Z</time>
      </trkpt>
      <trkpt lat="61.490514054894447" lon="-6.863834643736482">
        <ele>222.81</ele>
        <time>2020-07-20T12:51:06Z</time>
      </trkpt>
      <trkpt lat="61.490436354652047" lon="-6.863922402262688">
        <ele>220.44</ele>
        <time>2020-07-20T12:51:16Z</time>
      </trkpt>
      <trkpt lat="61.49037298746407" lon="-6.863792901858687">
        <ele>219.80000000000001</ele>
        <time>2020-07-20T12:51:25Z</time>
      </trkpt>
      <trkpt lat="61.490357648581266" lon="-6.863600118085742">
        <ele>220.69</ele>
        <time>2020-07-20T12:51:33Z</time>
      </trkpt>
      <trkpt lat="61.490364773198962" lon="-6.863403730094433">
        <ele>221.52000000000001</ele>
        <time>2020-07-20T12:52:12Z</time>
      </trkpt>
      <trkpt lat="61.490352619439363" lon="-6.863201139494777">
        <ele>222.31</ele>
        <time>2020-07-20T12:52:20Z</time>
      </trkpt>
      <trkpt lat="61.490323366597295" lon="-6.862987400963903">
        <ele>224</ele>
        <time>2020-07-20T12:52:28Z</time>
      </trkpt>
      <trkpt lat="61.490289252251387" lon="-6.862779948860407">
        <ele>225.59</ele>
        <time>2020-07-20T12:52:36Z</time>
      </trkpt>
      <trkpt lat="61.490255976095796" lon="-6.86259294860065">
        <ele>226.43000000000001</ele>
        <time>2020-07-20T12:52:43Z</time>
      </trkpt>
      <trkpt lat="61.490215072408319" lon="-6.862414414063096">
        <ele>226.78</ele>
        <time>2020-07-20T12:52:49Z</time>
      </trkpt>
      <trkpt lat="61.490170732140541" lon="-6.862247195094824">
        <ele>227.33000000000001</ele>
        <time>2020-07-20T12:52:55Z</time>
      </trkpt>
      <trkpt lat="61.490125134587288" lon="-6.862074779346585">
        <ele>227.78999999999999</ele>
        <time>2020-07-20T12:53:02Z</time>
      </trkpt>
      <trkpt lat="61.490073837339878" lon="-6.861891886219382">
        <ele>228</ele>
        <time>2020-07-20T12:53:09Z</time>
      </trkpt>
      <trkpt lat="61.490032179281116" lon="-6.861709328368306">
        <ele>228.38999999999999</ele>
        <time>2020-07-20T12:53:16Z</time>
      </trkpt>
      <trkpt lat="61.48999135941267" lon="-6.861522831022739">
        <ele>229.25999999999999</ele>
        <time>2020-07-20T12:53:23Z</time>
      </trkpt>
      <trkpt lat="61.489942912012339" lon="-6.861348152160645">
        <ele>228.86000000000001</ele>
        <time>2020-07-20T12:53:29Z</time>
      </trkpt>
      <trkpt lat="61.489903181791306" lon="-6.861171377822757">
        <ele>228.78</ele>
        <time>2020-07-20T12:53:35Z</time>
      </trkpt>
      <trkpt lat="61.489864205941558" lon="-6.861002901569009">
        <ele>228.94999999999999</ele>
        <time>2020-07-20T12:53:41Z</time>
      </trkpt>
      <trkpt lat="61.489815171808004" lon="-6.860801400616765">
        <ele>229.52000000000001</ele>
        <time>2020-07-20T12:53:48Z</time>
      </trkpt>
      <trkpt lat="61.489769071340561" lon="-6.860621189698577">
        <ele>229.28999999999999</ele>
        <time>2020-07-20T12:53:54Z</time>
      </trkpt>
      <trkpt lat="61.489721210673451" lon="-6.860428405925632">
        <ele>228.97999999999999</ele>
        <time>2020-07-20T12:54:01Z</time>
      </trkpt>
      <trkpt lat="61.489666644483805" lon="-6.860250039026141">
        <ele>229.24000000000001</ele>
        <time>2020-07-20T12:54:08Z</time>
      </trkpt>
      <trkpt lat="61.489619538187981" lon="-6.860089190304279">
        <ele>229.44</ele>
        <time>2020-07-20T12:54:14Z</time>
      </trkpt>
      <trkpt lat="61.489567151293159" lon="-6.859927671030164">
        <ele>230.03</ele>
        <time>2020-07-20T12:54:21Z</time>
      </trkpt>
      <trkpt lat="61.489511830732226" lon="-6.85976087115705">
        <ele>230.38</ele>
        <time>2020-07-20T12:54:28Z</time>
      </trkpt>
      <trkpt lat="61.489467993378639" lon="-6.859576888382435">
        <ele>231.40000000000001</ele>
        <time>2020-07-20T12:54:35Z</time>
      </trkpt>
      <trkpt lat="61.489427927881479" lon="-6.859405897557735">
        <ele>232.41</ele>
        <time>2020-07-20T12:54:42Z</time>
      </trkpt>
      <trkpt lat="61.489368584007025" lon="-6.859245300292969">
        <ele>233.27000000000001</ele>
        <time>2020-07-20T12:54:49Z</time>
      </trkpt>
      <trkpt lat="61.489314353093505" lon="-6.859092162922025">
        <ele>233.81</ele>
        <time>2020-07-20T12:54:56Z</time>
      </trkpt>
      <trkpt lat="61.489251237362623" lon="-6.858936846256256">
        <ele>234.88999999999999</ele>
        <time>2020-07-20T12:55:04Z</time>
      </trkpt>
      <trkpt lat="61.489178314805031" lon="-6.858781026676297">
        <ele>235.68000000000001</ele>
        <time>2020-07-20T12:55:11Z</time>
      </trkpt>
      <trkpt lat="61.489091645926237" lon="-6.858636690303683">
        <ele>236.34</ele>
        <time>2020-07-20T12:55:19Z</time>
      </trkpt>
      <trkpt lat="61.489011850208044" lon="-6.858526803553104">
        <ele>237.5</ele>
        <time>2020-07-20T12:55:27Z</time>
      </trkpt>
      <trkpt lat="61.488923421129584" lon="-6.858419431373477">
        <ele>238.36000000000001</ele>
        <time>2020-07-20T12:55:35Z</time>
      </trkpt>
      <trkpt lat="61.488830465823412" lon="-6.858316417783499">
        <ele>239.72999999999999</ele>
        <time>2020-07-20T12:55:43Z</time>
      </trkpt>
      <trkpt lat="61.4887326490134" lon="-6.85823829844594">
        <ele>240.61000000000001</ele>
        <time>2020-07-20T12:55:51Z</time>
      </trkpt>
      <trkpt lat="61.488629300147295" lon="-6.858175350353122">
        <ele>241.22999999999999</ele>
        <time>2020-07-20T12:55:59Z</time>
      </trkpt>
      <trkpt lat="61.488529974594712" lon="-6.858136458322406">
        <ele>243.09</ele>
        <time>2020-07-20T12:56:07Z</time>
      </trkpt>
      <trkpt lat="61.488429727032781" lon="-6.858097733929753">
        <ele>244.09999999999999</ele>
        <time>2020-07-20T12:56:15Z</time>
      </trkpt>
      <trkpt lat="61.488321768119931" lon="-6.858054399490356">
        <ele>244.96000000000001</ele>
        <time>2020-07-20T12:56:23Z</time>
      </trkpt>
      <trkpt lat="61.488216323778033" lon="-6.857981476932764">
        <ele>245.78999999999999</ele>
        <time>2020-07-20T12:56:31Z</time>
      </trkpt>
      <trkpt lat="61.488121189177036" lon="-6.857908135280013">
        <ele>246.41999999999999</ele>
        <time>2020-07-20T12:56:38Z</time>
      </trkpt>
      <trkpt lat="61.488017421215773" lon="-6.857863878831267">
        <ele>246.38999999999999</ele>
        <time>2020-07-20T12:56:45Z</time>
      </trkpt>
      <trkpt lat="61.48792639374733" lon="-6.857798416167498">
        <ele>246.66</ele>
        <time>2020-07-20T12:56:52Z</time>
      </trkpt>
      <trkpt lat="61.48783209733665" lon="-6.85772817581892">
        <ele>247.00999999999999</ele>
        <time>2020-07-20T12:56:59Z</time>
      </trkpt>
      <trkpt lat="61.487733023241162" lon="-6.857667490839958">
        <ele>247.12</ele>
        <time>2020-07-20T12:57:06Z</time>
      </trkpt>
      <trkpt lat="61.487648282200098" lon="-6.857560118660331">
        <ele>247.31999999999999</ele>
        <time>2020-07-20T12:57:13Z</time>
      </trkpt>
      <trkpt lat="61.487554991617799" lon="-6.857462134212256">
        <ele>247.43000000000001</ele>
        <time>2020-07-20T12:57:20Z</time>
      </trkpt>
      <trkpt lat="61.48747150786221" lon="-6.85736021026969">
        <ele>247.43000000000001</ele>
        <time>2020-07-20T12:57:26Z</time>
      </trkpt>
      <trkpt lat="61.487390035763383" lon="-6.85726105235517">
        <ele>247.86000000000001</ele>
        <time>2020-07-20T12:57:33Z</time>
      </trkpt>
      <trkpt lat="61.487307474017143" lon="-6.85715451836586">
        <ele>248.40000000000001</ele>
        <time>2020-07-20T12:57:40Z</time>
      </trkpt>
      <trkpt lat="61.48721544072032" lon="-6.857068855315447">
        <ele>249.13</ele>
        <time>2020-07-20T12:57:47Z</time>
      </trkpt>
      <trkpt lat="61.487123742699623" lon="-6.856968440115452">
        <ele>249.44</ele>
        <time>2020-07-20T12:57:54Z</time>
      </trkpt>
      <trkpt lat="61.487027769908309" lon="-6.85688286088407">
        <ele>249.97</ele>
        <time>2020-07-20T12:58:01Z</time>
      </trkpt>
      <trkpt lat="61.486938167363405" lon="-6.856792755424976">
        <ele>250.71000000000001</ele>
        <time>2020-07-20T12:58:08Z</time>
      </trkpt>
      <trkpt lat="61.486854096874595" lon="-6.856689993292093">
        <ele>251.55000000000001</ele>
        <time>2020-07-20T12:58:15Z</time>
      </trkpt>
      <trkpt lat="61.486759800463915" lon="-6.856596367433667">
        <ele>251.49000000000001</ele>
        <time>2020-07-20T12:58:22Z</time>
      </trkpt>
      <trkpt lat="61.486672293394804" lon="-6.856528809294105">
        <ele>251.84</ele>
        <time>2020-07-20T12:58:28Z</time>
      </trkpt>
      <trkpt lat="61.486579589545727" lon="-6.85647189617157">
        <ele>251.75</ele>
        <time>2020-07-20T12:58:34Z</time>
      </trkpt>
      <trkpt lat="61.486478419974446" lon="-6.856433004140854">
        <ele>251.87</ele>
        <time>2020-07-20T12:58:41Z</time>
      </trkpt>
      <trkpt lat="61.486388063058257" lon="-6.856425460428">
        <ele>251.63</ele>
        <time>2020-07-20T12:58:47Z</time>
      </trkpt>
      <trkpt lat="61.486285384744406" lon="-6.856416575610638">
        <ele>252.25</ele>
        <time>2020-07-20T12:58:54Z</time>
      </trkpt>
      <trkpt lat="61.48618153296411" lon="-6.856408277526498">
        <ele>252.46000000000001</ele>
        <time>2020-07-20T12:59:01Z</time>
      </trkpt>
      <trkpt lat="61.48608086630702" lon="-6.856397548690438">
        <ele>252.80000000000001</ele>
        <time>2020-07-20T12:59:08Z</time>
      </trkpt>
      <trkpt lat="61.485986402258277" lon="-6.856389585882425">
        <ele>253.34999999999999</ele>
        <time>2020-07-20T12:59:15Z</time>
      </trkpt>
      <trkpt lat="61.485887244343758" lon="-6.856379108503461">
        <ele>253.69999999999999</ele>
        <time>2020-07-20T12:59:22Z</time>
      </trkpt>
      <trkpt lat="61.485784482210875" lon="-6.856333343312144">
        <ele>253.81999999999999</ele>
        <time>2020-07-20T12:59:29Z</time>
      </trkpt>
      <trkpt lat="61.485687755048275" lon="-6.856322614476085">
        <ele>254.03</ele>
        <time>2020-07-20T12:59:35Z</time>
      </trkpt>
      <trkpt lat="61.485591363161802" lon="-6.856283135712147">
        <ele>254.59</ele>
        <time>2020-07-20T12:59:42Z</time>
      </trkpt>
      <trkpt lat="61.485487762838602" lon="-6.856236699968576">
        <ele>254.99000000000001</ele>
        <time>2020-07-20T12:59:49Z</time>
      </trkpt>
      <trkpt lat="61.485392460599542" lon="-6.856164950877428">
        <ele>255.37</ele>
        <time>2020-07-20T12:59:56Z</time>
      </trkpt>
      <trkpt lat="61.485294895246625" lon="-6.856088759377599">
        <ele>255.78999999999999</ele>
        <time>2020-07-20T13:00:03Z</time>
      </trkpt>
      <trkpt lat="61.485208310186863" lon="-6.8560213688761">
        <ele>256.67000000000002</ele>
        <time>2020-07-20T13:00:10Z</time>
      </trkpt>
      <trkpt lat="61.485115019604564" lon="-6.855928162112832">
        <ele>256.94</ele>
        <time>2020-07-20T13:00:17Z</time>
      </trkpt>
      <trkpt lat="61.485025165602565" lon="-6.855845684185624">
        <ele>257.56</ele>
        <time>2020-07-20T13:00:24Z</time>
      </trkpt>
      <trkpt lat="61.484943609684706" lon="-6.855768570676446">
        <ele>258.32999999999998</ele>
        <time>2020-07-20T13:00:31Z</time>
      </trkpt>
      <trkpt lat="61.484854845330119" lon="-6.855689445510507">
        <ele>258.87</ele>
        <time>2020-07-20T13:00:38Z</time>
      </trkpt>
      <trkpt lat="61.484765075147152" lon="-6.855593472719193">
        <ele>259.75</ele>
        <time>2020-07-20T13:00:45Z</time>
      </trkpt>
      <trkpt lat="61.484680837020278" lon="-6.855521723628044">
        <ele>260.31</ele>
        <time>2020-07-20T13:00:52Z</time>
      </trkpt>
      <trkpt lat="61.484592910856009" lon="-6.85542868450284">
        <ele>260.63</ele>
        <time>2020-07-20T13:01:02Z</time>
      </trkpt>
      <trkpt lat="61.484510684385896" lon="-6.855320809409022">
        <ele>261.16000000000003</ele>
        <time>2020-07-20T13:01:10Z</time>
      </trkpt>
      <trkpt lat="61.484427955001593" lon="-6.855196254327893">
        <ele>262.38</ele>
        <time>2020-07-20T13:01:18Z</time>
      </trkpt>
      <trkpt lat="61.484370958060026" lon="-6.855174964293838">
        <ele>262.30000000000001</ele>
        <time>2020-07-20T13:01:42Z</time>
      </trkpt>
      <trkpt lat="61.484360061585903" lon="-6.855072202160955">
        <ele>263.70999999999998</ele>
        <time>2020-07-20T13:05:15Z</time>
      </trkpt>
      <trkpt lat="61.484303316101432" lon="-6.854951670393348">
        <ele>265.01999999999998</ele>
        <time>2020-07-20T13:05:29Z</time>
      </trkpt>
      <trkpt lat="61.484224945306778" lon="-6.854829294607043">
        <ele>266.01999999999998</ele>
        <time>2020-07-20T13:05:37Z</time>
      </trkpt>
      <trkpt lat="61.484151184558868" lon="-6.854716390371323">
        <ele>267.35000000000002</ele>
        <time>2020-07-20T13:05:44Z</time>
      </trkpt>
      <trkpt lat="61.484084129333496" lon="-6.854586051777005">
        <ele>268.31999999999999</ele>
        <time>2020-07-20T13:05:51Z</time>
      </trkpt>
      <trkpt lat="61.484016152098775" lon="-6.854439871385694">
        <ele>268.48000000000002</ele>
        <time>2020-07-20T13:05:58Z</time>
      </trkpt>
      <trkpt lat="61.483944403007627" lon="-6.85428723692894">
        <ele>269.41000000000003</ele>
        <time>2020-07-20T13:06:05Z</time>
      </trkpt>
      <trkpt lat="61.483874581754208" lon="-6.854133261367679">
        <ele>269.85000000000002</ele>
        <time>2020-07-20T13:06:12Z</time>
      </trkpt>
      <trkpt lat="61.483810963109136" lon="-6.853967718780041">
        <ele>270.18000000000001</ele>
        <time>2020-07-20T13:06:19Z</time>
      </trkpt>
      <trkpt lat="61.483741477131844" lon="-6.853802008554339">
        <ele>270.69</ele>
        <time>2020-07-20T13:06:26Z</time>
      </trkpt>
      <trkpt lat="61.483688503503799" lon="-6.853658175095916">
        <ele>270.97000000000003</ele>
        <time>2020-07-20T13:06:32Z</time>
      </trkpt>
      <trkpt lat="61.483617005869746" lon="-6.853494225069881">
        <ele>271.43000000000001</ele>
        <time>2020-07-20T13:06:39Z</time>
      </trkpt>
      <trkpt lat="61.483557745814323" lon="-6.853341339156032">
        <ele>272.44</ele>
        <time>2020-07-20T13:06:45Z</time>
      </trkpt>
      <trkpt lat="61.48350234143436" lon="-6.853185100480914">
        <ele>272.51999999999998</ele>
        <time>2020-07-20T13:06:51Z</time>
      </trkpt>
      <trkpt lat="61.483442829921842" lon="-6.853025760501623">
        <ele>272.93000000000001</ele>
        <time>2020-07-20T13:06:57Z</time>
      </trkpt>
      <trkpt lat="61.483384827151895" lon="-6.852844208478928">
        <ele>273.38999999999999</ele>
        <time>2020-07-20T13:07:04Z</time>
      </trkpt>
      <trkpt lat="61.483326321467757" lon="-6.852699955925345">
        <ele>273.42000000000002</ele>
        <time>2020-07-20T13:07:10Z</time>
      </trkpt>
      <trkpt lat="61.48327024653554" lon="-6.852550087496638">
        <ele>273.56</ele>
        <time>2020-07-20T13:07:16Z</time>
      </trkpt>
      <trkpt lat="61.483197826892138" lon="-6.852393681183457">
        <ele>274.99000000000001</ele>
        <time>2020-07-20T13:07:23Z</time>
      </trkpt>
      <trkpt lat="61.483124736696482" lon="-6.852253200486302">
        <ele>275.67000000000002</ele>
        <time>2020-07-20T13:07:29Z</time>
      </trkpt>
      <trkpt lat="61.483041252940893" lon="-6.852111965417862">
        <ele>275.81</ele>
        <time>2020-07-20T13:07:36Z</time>
      </trkpt>
      <trkpt lat="61.482958858832717" lon="-6.8519770167768">
        <ele>274.45999999999998</ele>
        <time>2020-07-20T13:07:43Z</time>
      </trkpt>
      <trkpt lat="61.482885936275125" lon="-6.851857742294669">
        <ele>274.99000000000001</ele>
        <time>2020-07-20T13:07:49Z</time>
      </trkpt>
      <trkpt lat="61.482802955433726" lon="-6.851740730926395">
        <ele>274.17000000000002</ele>
        <time>2020-07-20T13:07:56Z</time>
      </trkpt>
      <trkpt lat="61.482722572982311" lon="-6.851637465879321">
        <ele>273.83999999999997</ele>
        <time>2020-07-20T13:08:02Z</time>
      </trkpt>
      <trkpt lat="61.482640849426389" lon="-6.851524729281664">
        <ele>274.57999999999998</ele>
        <time>2020-07-20T13:08:08Z</time>
      </trkpt>
      <trkpt lat="61.482536662369967" lon="-6.85142682865262">
        <ele>272.75</ele>
        <time>2020-07-20T13:08:15Z</time>
      </trkpt>
      <trkpt lat="61.482454435899854" lon="-6.85132373124361">
        <ele>273</ele>
        <time>2020-07-20T13:08:21Z</time>
      </trkpt>
      <trkpt lat="61.482353936880827" lon="-6.851251143962145">
        <ele>271.72000000000003</ele>
        <time>2020-07-20T13:08:27Z</time>
      </trkpt>
      <trkpt lat="61.48226760327816" lon="-6.851192470639944">
        <ele>272.75999999999999</ele>
        <time>2020-07-20T13:08:33Z</time>
      </trkpt>
      <trkpt lat="61.482174312695861" lon="-6.851175455376506">
        <ele>271.61000000000001</ele>
        <time>2020-07-20T13:08:39Z</time>
      </trkpt>
      <trkpt lat="61.482074484229088" lon="-6.851135725155473">
        <ele>270.50999999999999</ele>
        <time>2020-07-20T13:08:46Z</time>
      </trkpt>
      <trkpt lat="61.481971386820078" lon="-6.851123906672001">
        <ele>270.94</ele>
        <time>2020-07-20T13:08:53Z</time>
      </trkpt>
      <trkpt lat="61.481878599151969" lon="-6.851067747920752">
        <ele>271.29000000000002</ele>
        <time>2020-07-20T13:08:59Z</time>
      </trkpt>
      <trkpt lat="61.481788828969002" lon="-6.85096213594079">
        <ele>269.92000000000002</ele>
        <time>2020-07-20T13:09:06Z</time>
      </trkpt>
      <trkpt lat="61.481706770136952" lon="-6.850835150107741">
        <ele>269.01999999999998</ele>
        <time>2020-07-20T13:09:13Z</time>
      </trkpt>
      <trkpt lat="61.481639798730612" lon="-6.850697183981538">
        <ele>267.44999999999999</ele>
        <time>2020-07-20T13:09:20Z</time>
      </trkpt>
      <trkpt lat="61.48157961666584" lon="-6.85053113847971">
        <ele>266.79000000000002</ele>
        <time>2020-07-20T13:09:27Z</time>
      </trkpt>
      <trkpt lat="61.481541395187378" lon="-6.850347323343158">
        <ele>265.75999999999999</ele>
        <time>2020-07-20T13:09:34Z</time>
      </trkpt>
      <trkpt lat="61.481534605845809" lon="-6.850128807127476">
        <ele>265.89999999999998</ele>
        <time>2020-07-20T13:09:44Z</time>
      </trkpt>
      <trkpt lat="61.481538629159331" lon="-6.8499462492764">
        <ele>263.73000000000002</ele>
        <time>2020-07-20T13:09:58Z</time>
      </trkpt>
      <trkpt lat="61.481573497876525" lon="-6.849755309522152">
        <ele>262.16000000000003</ele>
        <time>2020-07-20T13:10:06Z</time>
      </trkpt>
      <trkpt lat="61.481623621657491" lon="-6.84958029538393">
        <ele>260.35000000000002</ele>
        <time>2020-07-20T13:10:15Z</time>
      </trkpt>
      <trkpt lat="61.481674583628774" lon="-6.849381728097796">
        <ele>259.13</ele>
        <time>2020-07-20T13:10:22Z</time>
      </trkpt>
      <trkpt lat="61.481708865612745" lon="-6.849205875769258">
        <ele>258.50999999999999</ele>
        <time>2020-07-20T13:10:28Z</time>
      </trkpt>
      <trkpt lat="61.481723617762327" lon="-6.848999429494143">
        <ele>257.38</ele>
        <time>2020-07-20T13:10:35Z</time>
      </trkpt>
      <trkpt lat="61.481741135939956" lon="-6.848786948248744">
        <ele>256.57999999999998</ele>
        <time>2020-07-20T13:10:42Z</time>
      </trkpt>
      <trkpt lat="61.481754714623094" lon="-6.84858150780201">
        <ele>255.25999999999999</ele>
        <time>2020-07-20T13:10:49Z</time>
      </trkpt>
      <trkpt lat="61.481777345761657" lon="-6.848371708765626">
        <ele>253.41</ele>
        <time>2020-07-20T13:10:56Z</time>
      </trkpt>
      <trkpt lat="61.481793103739619" lon="-6.848174314945936">
        <ele>252.49000000000001</ele>
        <time>2020-07-20T13:11:02Z</time>
      </trkpt>
      <trkpt lat="61.481811292469501" lon="-6.847984297201037">
        <ele>251.49000000000001</ele>
        <time>2020-07-20T13:11:08Z</time>
      </trkpt>
      <trkpt lat="61.481835348531604" lon="-6.84778799302876">
        <ele>250.80000000000001</ele>
        <time>2020-07-20T13:11:14Z</time>
      </trkpt>
      <trkpt lat="61.481864349916577" lon="-6.847585402429104">
        <ele>249.78</ele>
        <time>2020-07-20T13:11:21Z</time>
      </trkpt>
      <trkpt lat="61.481880443170667" lon="-6.847393708303571">
        <ele>249.00999999999999</ele>
        <time>2020-07-20T13:11:27Z</time>
      </trkpt>
      <trkpt lat="61.481892596930265" lon="-6.847179466858506">
        <ele>247.68000000000001</ele>
        <time>2020-07-20T13:11:34Z</time>
      </trkpt>
      <trkpt lat="61.481904750689864" lon="-6.846978720277548">
        <ele>247.13999999999999</ele>
        <time>2020-07-20T13:11:41Z</time>
      </trkpt>
      <trkpt lat="61.481921346858144" lon="-6.846771268174052">
        <ele>246.12</ele>
        <time>2020-07-20T13:11:48Z</time>
      </trkpt>
      <trkpt lat="61.481932494789362" lon="-6.84658695012331">
        <ele>245.12</ele>
        <time>2020-07-20T13:11:54Z</time>
      </trkpt>
      <trkpt lat="61.481948336586356" lon="-6.846404727548361">
        <ele>244.06999999999999</ele>
        <time>2020-07-20T13:12:00Z</time>
      </trkpt>
      <trkpt lat="61.481968034058809" lon="-6.846203226596117">
        <ele>243.03</ele>
        <time>2020-07-20T13:12:07Z</time>
      </trkpt>
      <trkpt lat="61.481975158676505" lon="-6.845990661531687">
        <ele>241.66999999999999</ele>
        <time>2020-07-20T13:12:14Z</time>
      </trkpt>
      <trkpt lat="61.481983875855803" lon="-6.845804834738374">
        <ele>239.81999999999999</ele>
        <time>2020-07-20T13:12:20Z</time>
      </trkpt>
      <trkpt lat="61.481981193646789" lon="-6.84558816254139">
        <ele>239.38999999999999</ele>
        <time>2020-07-20T13:12:27Z</time>
      </trkpt>
      <trkpt lat="61.481985971331596" lon="-6.845382805913687">
        <ele>238.31999999999999</ele>
        <time>2020-07-20T13:12:34Z</time>
      </trkpt>
      <trkpt lat="61.481982870027423" lon="-6.845194883644581">
        <ele>237.81</ele>
        <time>2020-07-20T13:12:41Z</time>
      </trkpt>
      <trkpt lat="61.481975829228759" lon="-6.844989191740751">
        <ele>236.81999999999999</ele>
        <time>2020-07-20T13:12:48Z</time>
      </trkpt>
      <trkpt lat="61.481934590265155" lon="-6.844800179824233">
        <ele>235.12</ele>
        <time>2020-07-20T13:12:56Z</time>
      </trkpt>
      <trkpt lat="61.481853285804391" lon="-6.84475458227098">
        <ele>233.53</ele>
        <time>2020-07-20T13:13:10Z</time>
      </trkpt>
      <trkpt lat="61.481786984950304" lon="-6.844860361889005">
        <ele>233.02000000000001</ele>
        <time>2020-07-20T13:13:19Z</time>
      </trkpt>
      <trkpt lat="61.481747087091208" lon="-6.845000255852938">
        <ele>231.56</ele>
        <time>2020-07-20T13:15:05Z</time>
      </trkpt>
      <trkpt lat="61.481685228645802" lon="-6.845155656337738">
        <ele>230.19</ele>
        <time>2020-07-20T13:15:12Z</time>
      </trkpt>
      <trkpt lat="61.481620687991381" lon="-6.845307284966111">
        <ele>229.22</ele>
        <time>2020-07-20T13:15:18Z</time>
      </trkpt>
      <trkpt lat="61.481555225327611" lon="-6.845447011291981">
        <ele>228.72999999999999</ele>
        <time>2020-07-20T13:15:24Z</time>
      </trkpt>
      <trkpt lat="61.481485236436129" lon="-6.845601322129369">
        <ele>227.41999999999999</ele>
        <time>2020-07-20T13:15:30Z</time>
      </trkpt>
      <trkpt lat="61.481414325535297" lon="-6.845758315175772">
        <ele>227.87</ele>
        <time>2020-07-20T13:15:37Z</time>
      </trkpt>
      <trkpt lat="61.481346348300576" lon="-6.845908351242542">
        <ele>227.28</ele>
        <time>2020-07-20T13:15:43Z</time>
      </trkpt>
      <trkpt lat="61.481274850666523" lon="-6.846054531633854">
        <ele>227.22</ele>
        <time>2020-07-20T13:15:49Z</time>
      </trkpt>
      <trkpt lat="61.481189103797078" lon="-6.84617405757308">
        <ele>226.50999999999999</ele>
        <time>2020-07-20T13:15:56Z</time>
      </trkpt>
      <trkpt lat="61.481091706082225" lon="-6.846214961260557">
        <ele>226.88</ele>
        <time>2020-07-20T13:16:03Z</time>
      </trkpt>
      <trkpt lat="61.481024147942662" lon="-6.846087137237191">
        <ele>225.94</ele>
        <time>2020-07-20T13:16:10Z</time>
      </trkpt>
      <trkpt lat="61.481006043031812" lon="-6.845901310443878">
        <ele>225.34</ele>
        <time>2020-07-20T13:16:16Z</time>
      </trkpt>
      <trkpt lat="61.48102113045752" lon="-6.845716405659914">
        <ele>224.41999999999999</ele>
        <time>2020-07-20T13:16:22Z</time>
      </trkpt>
      <trkpt lat="61.481034206226468" lon="-6.845532339066267">
        <ele>223.41</ele>
        <time>2020-07-20T13:16:28Z</time>
      </trkpt>
      <trkpt lat="61.481042839586735" lon="-6.845318265259266">
        <ele>222.40000000000001</ele>
        <time>2020-07-20T13:16:35Z</time>
      </trkpt>
      <trkpt lat="61.481048706918955" lon="-6.845125565305352">
        <ele>221.28</ele>
        <time>2020-07-20T13:16:41Z</time>
      </trkpt>
      <trkpt lat="61.481064548715949" lon="-6.84493294917047">
        <ele>219.78</ele>
        <time>2020-07-20T13:16:47Z</time>
      </trkpt>
      <trkpt lat="61.481076451018453" lon="-6.844738153740764">
        <ele>218.59999999999999</ele>
        <time>2020-07-20T13:16:53Z</time>
      </trkpt>
      <trkpt lat="61.481080558151007" lon="-6.844544531777501">
        <ele>217.31999999999999</ele>
        <time>2020-07-20T13:16:59Z</time>
      </trkpt>
      <trkpt lat="61.481084916740656" lon="-6.844345964491367">
        <ele>216.55000000000001</ele>
        <time>2020-07-20T13:17:05Z</time>
      </trkpt>
      <trkpt lat="61.481100674718618" lon="-6.844150414690375">
        <ele>215.59999999999999</ele>
        <time>2020-07-20T13:17:11Z</time>
      </trkpt>
      <trkpt lat="61.481122300028801" lon="-6.843952937051654">
        <ele>214.77000000000001</ele>
        <time>2020-07-20T13:17:17Z</time>
      </trkpt>
      <trkpt lat="61.481132777407765" lon="-6.843737857416272">
        <ele>213.38999999999999</ele>
        <time>2020-07-20T13:17:24Z</time>
      </trkpt>
      <trkpt lat="61.481127580627799" lon="-6.843530992045999">
        <ele>212.78999999999999</ele>
        <time>2020-07-20T13:17:30Z</time>
      </trkpt>
      <trkpt lat="61.481118695810437" lon="-6.843328652903438">
        <ele>211.63999999999999</ele>
        <time>2020-07-20T13:17:36Z</time>
      </trkpt>
      <trkpt lat="61.48110268637538" lon="-6.843123128637672">
        <ele>211.22999999999999</ele>
        <time>2020-07-20T13:17:42Z</time>
      </trkpt>
      <trkpt lat="61.481088604778051" lon="-6.842918610200286">
        <ele>209.87</ele>
        <time>2020-07-20T13:17:49Z</time>
      </trkpt>
      <trkpt lat="61.481055160984397" lon="-6.842721635475755">
        <ele>208.75999999999999</ele>
        <time>2020-07-20T13:17:55Z</time>
      </trkpt>
      <trkpt lat="61.480992129072547" lon="-6.842539077624679">
        <ele>207.56</ele>
        <time>2020-07-20T13:18:01Z</time>
      </trkpt>
      <trkpt lat="61.480924654752016" lon="-6.842402201145887">
        <ele>206.30000000000001</ele>
        <time>2020-07-20T13:18:07Z</time>
      </trkpt>
      <trkpt lat="61.480856342241168" lon="-6.842265827581286">
        <ele>205.27000000000001</ele>
        <time>2020-07-20T13:18:13Z</time>
      </trkpt>
      <trkpt lat="61.480783838778734" lon="-6.842135908082128">
        <ele>204.91</ele>
        <time>2020-07-20T13:18:19Z</time>
      </trkpt>
      <trkpt lat="61.480705970898271" lon="-6.842025769874454">
        <ele>203.83000000000001</ele>
        <time>2020-07-20T13:18:25Z</time>
      </trkpt>
      <trkpt lat="61.480617206543684" lon="-6.841958295553923">
        <ele>202.16999999999999</ele>
        <time>2020-07-20T13:18:32Z</time>
      </trkpt>
      <trkpt lat="61.480521401390433" lon="-6.842011604458094">
        <ele>201.41</ele>
        <time>2020-07-20T13:18:39Z</time>
      </trkpt>
      <trkpt lat="61.480428278446198" lon="-6.842130795121193">
        <ele>200.93000000000001</ele>
        <time>2020-07-20T13:18:46Z</time>
      </trkpt>
      <trkpt lat="61.480356696993113" lon="-6.842242106795311">
        <ele>199.75999999999999</ele>
        <time>2020-07-20T13:18:51Z</time>
      </trkpt>
      <trkpt lat="61.480269357562065" lon="-6.842368170619011">
        <ele>197.41</ele>
        <time>2020-07-20T13:18:57Z</time>
      </trkpt>
      <trkpt lat="61.480190232396126" lon="-6.842485181987286">
        <ele>196.36000000000001</ele>
        <time>2020-07-20T13:19:03Z</time>
      </trkpt>
      <trkpt lat="61.480107419192791" lon="-6.842595236375928">
        <ele>194.72</ele>
        <time>2020-07-20T13:19:09Z</time>
      </trkpt>
      <trkpt lat="61.480029886588454" lon="-6.842726077884436">
        <ele>194.21000000000001</ele>
        <time>2020-07-20T13:19:15Z</time>
      </trkpt>
      <trkpt lat="61.479935338720679" lon="-6.842826660722494">
        <ele>193.06</ele>
        <time>2020-07-20T13:19:21Z</time>
      </trkpt>
      <trkpt lat="61.479849759489298" lon="-6.842931602150202">
        <ele>192.00999999999999</ele>
        <time>2020-07-20T13:19:27Z</time>
      </trkpt>
      <trkpt lat="61.479760659858584" lon="-6.843017265200615">
        <ele>191.15000000000001</ele>
        <time>2020-07-20T13:19:33Z</time>
      </trkpt>
      <trkpt lat="61.479662759229541" lon="-6.843133270740509">
        <ele>189.58000000000001</ele>
        <time>2020-07-20T13:19:40Z</time>
      </trkpt>
      <trkpt lat="61.4795630145818" lon="-6.843188758939505">
        <ele>188.41</ele>
        <time>2020-07-20T13:19:46Z</time>
      </trkpt>
      <trkpt lat="61.47946922108531" lon="-6.843139054253697">
        <ele>188</ele>
        <time>2020-07-20T13:19:52Z</time>
      </trkpt>
      <trkpt lat="61.479389844462276" lon="-6.843023970723152">
        <ele>187.11000000000001</ele>
        <time>2020-07-20T13:19:58Z</time>
      </trkpt>
      <trkpt lat="61.479309629648924" lon="-6.842909725382924">
        <ele>186.03999999999999</ele>
        <time>2020-07-20T13:20:04Z</time>
      </trkpt>
      <trkpt lat="61.479226062074304" lon="-6.842768657952547">
        <ele>185.08000000000001</ele>
        <time>2020-07-20T13:20:11Z</time>
      </trkpt>
      <trkpt lat="61.479180883616209" lon="-6.842602780088782">
        <ele>184.27000000000001</ele>
        <time>2020-07-20T13:20:17Z</time>
      </trkpt>
      <trkpt lat="61.479205694049597" lon="-6.842406895011663">
        <ele>183.22</ele>
        <time>2020-07-20T13:20:23Z</time>
      </trkpt>
      <trkpt lat="61.479268977418542" lon="-6.842253757640719">
        <ele>181.63</ele>
        <time>2020-07-20T13:20:29Z</time>
      </trkpt>
      <trkpt lat="61.479336367920041" lon="-6.842103386297822">
        <ele>180</ele>
        <time>2020-07-20T13:20:35Z</time>
      </trkpt>
      <trkpt lat="61.479395125061274" lon="-6.841950248926878">
        <ele>179.19999999999999</ele>
        <time>2020-07-20T13:20:41Z</time>
      </trkpt>
      <trkpt lat="61.479468801990151" lon="-6.841801470145583">
        <ele>177.78</ele>
        <time>2020-07-20T13:20:47Z</time>
      </trkpt>
      <trkpt lat="61.479526972398162" lon="-6.84163467027247">
        <ele>176.33000000000001</ele>
        <time>2020-07-20T13:20:54Z</time>
      </trkpt>
      <trkpt lat="61.479571647942066" lon="-6.841452280059457">
        <ele>175.34</ele>
        <time>2020-07-20T13:21:00Z</time>
      </trkpt>
      <trkpt lat="61.479567037895322" lon="-6.841245079413056">
        <ele>173.91</ele>
        <time>2020-07-20T13:21:06Z</time>
      </trkpt>
      <trkpt lat="61.479549771174788" lon="-6.841032095253468">
        <ele>172.36000000000001</ele>
        <time>2020-07-20T13:21:13Z</time>
      </trkpt>
      <trkpt lat="61.479522194713354" lon="-6.840828331187367">
        <ele>171.30000000000001</ele>
        <time>2020-07-20T13:21:19Z</time>
      </trkpt>
      <trkpt lat="61.479500150308013" lon="-6.840625153854489">
        <ele>170.03999999999999</ele>
        <time>2020-07-20T13:21:25Z</time>
      </trkpt>
      <trkpt lat="61.479480536654592" lon="-6.840426418930292">
        <ele>168.94</ele>
        <time>2020-07-20T13:21:32Z</time>
      </trkpt>
      <trkpt lat="61.479466455057263" lon="-6.84022550471127">
        <ele>168.15000000000001</ele>
        <time>2020-07-20T13:21:38Z</time>
      </trkpt>
      <trkpt lat="61.479456732049584" lon="-6.840023584663868">
        <ele>166.99000000000001</ele>
        <time>2020-07-20T13:21:44Z</time>
      </trkpt>
      <trkpt lat="61.479459749534726" lon="-6.839822418987751">
        <ele>166.50999999999999</ele>
        <time>2020-07-20T13:21:50Z</time>
      </trkpt>
      <trkpt lat="61.479462431743741" lon="-6.839627120643854">
        <ele>165.97999999999999</ele>
        <time>2020-07-20T13:21:56Z</time>
      </trkpt>
      <trkpt lat="61.479470729827881" lon="-6.839433247223496">
        <ele>164.66999999999999</ele>
        <time>2020-07-20T13:22:02Z</time>
      </trkpt>
      <trkpt lat="61.479490762576461" lon="-6.839249432086945">
        <ele>163.34999999999999</ele>
        <time>2020-07-20T13:22:08Z</time>
      </trkpt>
      <trkpt lat="61.4794921875" lon="-6.839050864800811">
        <ele>162.59999999999999</ele>
        <time>2020-07-20T13:22:14Z</time>
      </trkpt>
      <trkpt lat="61.479496881365776" lon="-6.838856991380453">
        <ele>161.74000000000001</ele>
        <time>2020-07-20T13:22:20Z</time>
      </trkpt>
      <trkpt lat="61.479490008205175" lon="-6.83865305967629">
        <ele>160.83000000000001</ele>
        <time>2020-07-20T13:22:26Z</time>
      </trkpt>
      <trkpt lat="61.479485565796494" lon="-6.838460359722376">
        <ele>159.77000000000001</ele>
        <time>2020-07-20T13:22:32Z</time>
      </trkpt>
      <trkpt lat="61.479486906901002" lon="-6.838255422189832">
        <ele>158.84999999999999</ele>
        <time>2020-07-20T13:22:38Z</time>
      </trkpt>
      <trkpt lat="61.479487242177129" lon="-6.838061297312379">
        <ele>157.97</ele>
        <time>2020-07-20T13:22:44Z</time>
      </trkpt>
      <trkpt lat="61.479479698464274" lon="-6.837876979261637">
        <ele>157.40000000000001</ele>
        <time>2020-07-20T13:22:50Z</time>
      </trkpt>
      <trkpt lat="61.479463521391153" lon="-6.837708251550794">
        <ele>156.94999999999999</ele>
        <time>2020-07-20T13:23:03Z</time>
      </trkpt>
      <trkpt lat="61.479428401216865" lon="-6.83749845251441">
        <ele>156.34999999999999</ele>
        <time>2020-07-20T13:23:24Z</time>
      </trkpt>
      <trkpt lat="61.479381714016199" lon="-6.837317235767841">
        <ele>155.21000000000001</ele>
        <time>2020-07-20T13:23:30Z</time>
      </trkpt>
      <trkpt lat="61.479324214160442" lon="-6.837150603532791">
        <ele>154.11000000000001</ele>
        <time>2020-07-20T13:23:37Z</time>
      </trkpt>
      <trkpt lat="61.479264115914702" lon="-6.836963687092066">
        <ele>153.28</ele>
        <time>2020-07-20T13:23:44Z</time>
      </trkpt>
      <trkpt lat="61.479216674342752" lon="-6.836775597184897">
        <ele>152.38</ele>
        <time>2020-07-20T13:23:50Z</time>
      </trkpt>
      <trkpt lat="61.479159761220217" lon="-6.836601253598929">
        <ele>150.55000000000001</ele>
        <time>2020-07-20T13:23:56Z</time>
      </trkpt>
      <trkpt lat="61.479099746793509" lon="-6.836438225582242">
        <ele>149.34</ele>
        <time>2020-07-20T13:24:03Z</time>
      </trkpt>
      <trkpt lat="61.479030344635248" lon="-6.836315598338842">
        <ele>148.28999999999999</ele>
        <time>2020-07-20T13:24:09Z</time>
      </trkpt>
      <trkpt lat="61.478963876143098" lon="-6.836183248087764">
        <ele>147.19</ele>
        <time>2020-07-20T13:24:15Z</time>
      </trkpt>
      <trkpt lat="61.478895312175155" lon="-6.836043437942863">
        <ele>146.22999999999999</ele>
        <time>2020-07-20T13:24:21Z</time>
      </trkpt>
      <trkpt lat="61.478827837854624" lon="-6.83592357672751">
        <ele>145.44999999999999</ele>
        <time>2020-07-20T13:24:27Z</time>
      </trkpt>
      <trkpt lat="61.47874946705997" lon="-6.835782006382942">
        <ele>144.21000000000001</ele>
        <time>2020-07-20T13:24:34Z</time>
      </trkpt>
      <trkpt lat="61.478677466511726" lon="-6.835651332512498">
        <ele>143.50999999999999</ele>
        <time>2020-07-20T13:24:40Z</time>
      </trkpt>
      <trkpt lat="61.478607393801212" lon="-6.835536500439048">
        <ele>143.47</ele>
        <time>2020-07-20T13:24:47Z</time>
      </trkpt>
      <trkpt lat="61.478535141795874" lon="-6.835415801033378">
        <ele>141.00999999999999</ele>
        <time>2020-07-20T13:24:54Z</time>
      </trkpt>
      <trkpt lat="61.478458698838949" lon="-6.83528252877295">
        <ele>139.56</ele>
        <time>2020-07-20T13:25:10Z</time>
      </trkpt>
      <trkpt lat="61.478387452661991" lon="-6.835145484656096">
        <ele>138.66999999999999</ele>
        <time>2020-07-20T13:25:16Z</time>
      </trkpt>
      <trkpt lat="61.478318469598889" lon="-6.835014810785651">
        <ele>137.34</ele>
        <time>2020-07-20T13:25:23Z</time>
      </trkpt>
      <trkpt lat="61.478241691365838" lon="-6.834875922650099">
        <ele>136.00999999999999</ele>
        <time>2020-07-20T13:25:29Z</time>
      </trkpt>
      <trkpt lat="61.478165918961167" lon="-6.834762934595347">
        <ele>135.09999999999999</ele>
        <time>2020-07-20T13:25:35Z</time>
      </trkpt>
      <trkpt lat="61.478087212890387" lon="-6.834611892700195">
        <ele>134.38</ele>
        <time>2020-07-20T13:25:42Z</time>
      </trkpt>
      <trkpt lat="61.478019235655665" lon="-6.83447434566915">
        <ele>133.22999999999999</ele>
        <time>2020-07-20T13:25:48Z</time>
      </trkpt>
      <trkpt lat="61.477939523756504" lon="-6.834344761446118">
        <ele>131.75999999999999</ele>
        <time>2020-07-20T13:25:55Z</time>
      </trkpt>
      <trkpt lat="61.477856626734138" lon="-6.834199754521251">
        <ele>130.72</ele>
        <time>2020-07-20T13:26:02Z</time>
      </trkpt>
      <trkpt lat="61.477786134928465" lon="-6.834070086479187">
        <ele>129.91</ele>
        <time>2020-07-20T13:26:08Z</time>
      </trkpt>
      <trkpt lat="61.477708602324128" lon="-6.833958523347974">
        <ele>128</ele>
        <time>2020-07-20T13:26:15Z</time>
      </trkpt>
      <trkpt lat="61.477633835747838" lon="-6.833831956610084">
        <ele>126.39</ele>
        <time>2020-07-20T13:26:30Z</time>
      </trkpt>
      <trkpt lat="61.47755915299058" lon="-6.833694996312261">
        <ele>125.06</ele>
        <time>2020-07-20T13:26:36Z</time>
      </trkpt>
      <trkpt lat="61.477488493546844" lon="-6.833559712395072">
        <ele>123.89</ele>
        <time>2020-07-20T13:26:42Z</time>
      </trkpt>
      <trkpt lat="61.477420516312122" lon="-6.83342719450593">
        <ele>122.65000000000001</ele>
        <time>2020-07-20T13:26:48Z</time>
      </trkpt>
      <trkpt lat="61.477350862696767" lon="-6.833277493715286">
        <ele>121.38</ele>
        <time>2020-07-20T13:26:54Z</time>
      </trkpt>
      <trkpt lat="61.477277269586921" lon="-6.833156123757362">
        <ele>120.25</ele>
        <time>2020-07-20T13:27:00Z</time>
      </trkpt>
      <trkpt lat="61.477193869650364" lon="-6.83300893753767">
        <ele>119.06999999999999</ele>
        <time>2020-07-20T13:27:06Z</time>
      </trkpt>
      <trkpt lat="61.477122707292438" lon="-6.832876587286592">
        <ele>117.67</ele>
        <time>2020-07-20T13:27:12Z</time>
      </trkpt>
      <trkpt lat="61.477051544934511" lon="-6.832736358046532">
        <ele>117.14</ele>
        <time>2020-07-20T13:27:18Z</time>
      </trkpt>
      <trkpt lat="61.476985746994615" lon="-6.832588585093617">
        <ele>116.06</ele>
        <time>2020-07-20T13:27:24Z</time>
      </trkpt>
      <trkpt lat="61.476917434483767" lon="-6.832448104396462">
        <ele>114.87</ele>
        <time>2020-07-20T13:27:32Z</time>
      </trkpt>
      <trkpt lat="61.476861527189612" lon="-6.832308378070593">
        <ele>113.94</ele>
        <time>2020-07-20T13:27:51Z</time>
      </trkpt>
      <trkpt lat="61.476793466135859" lon="-6.832175776362419">
        <ele>112.16</ele>
        <time>2020-07-20T13:27:57Z</time>
      </trkpt>
      <trkpt lat="61.476718364283442" lon="-6.832035128027201">
        <ele>110.58</ele>
        <time>2020-07-20T13:28:03Z</time>
      </trkpt>
      <trkpt lat="61.476635131984949" lon="-6.831897497177124">
        <ele>109.29000000000001</ele>
        <time>2020-07-20T13:28:09Z</time>
      </trkpt>
      <trkpt lat="61.476563215255737" lon="-6.831772523000836">
        <ele>108.93000000000001</ele>
        <time>2020-07-20T13:28:15Z</time>
      </trkpt>
      <trkpt lat="61.476501021534204" lon="-6.831633131951094">
        <ele>108.5</ele>
        <time>2020-07-20T13:28:21Z</time>
      </trkpt>
      <trkpt lat="61.476435977965593" lon="-6.831470439210534">
        <ele>107.88</ele>
        <time>2020-07-20T13:28:27Z</time>
      </trkpt>
      <trkpt lat="61.476389290764928" lon="-6.831298191100359">
        <ele>107.5</ele>
        <time>2020-07-20T13:28:33Z</time>
      </trkpt>
      <trkpt lat="61.476345704868436" lon="-6.831095013767481">
        <ele>107.17</ele>
        <time>2020-07-20T13:28:40Z</time>
      </trkpt>
      <trkpt lat="61.476318128407001" lon="-6.830900302156806">
        <ele>106.44</ele>
        <time>2020-07-20T13:28:47Z</time>
      </trkpt>
      <trkpt lat="61.47629507817328" lon="-6.830759737640619">
        <ele>106.36</ele>
        <time>2020-07-20T13:29:08Z</time>
      </trkpt>
      <trkpt lat="61.476263729855418" lon="-6.830582628026605">
        <ele>106.18000000000001</ele>
        <time>2020-07-20T13:29:14Z</time>
      </trkpt>
      <trkpt lat="61.476246630772948" lon="-6.830375427380204">
        <ele>105.78</ele>
        <time>2020-07-20T13:29:20Z</time>
      </trkpt>
      <trkpt lat="61.476236237213016" lon="-6.830176776275039">
        <ele>106.01000000000001</ele>
        <time>2020-07-20T13:29:26Z</time>
      </trkpt>
      <trkpt lat="61.476238081231713" lon="-6.829952392727137">
        <ele>105.73</ele>
        <time>2020-07-20T13:29:32Z</time>
      </trkpt>
      <trkpt lat="61.476257862523198" lon="-6.829752735793591">
        <ele>105.03</ele>
        <time>2020-07-20T13:29:38Z</time>
      </trkpt>
      <trkpt lat="61.476283008232713" lon="-6.829555090516806">
        <ele>103.53</ele>
        <time>2020-07-20T13:29:44Z</time>
      </trkpt>
      <trkpt lat="61.476308908313513" lon="-6.829343363642693">
        <ele>102.81</ele>
        <time>2020-07-20T13:29:50Z</time>
      </trkpt>
      <trkpt lat="61.476312261074781" lon="-6.829139599576592">
        <ele>102.64</ele>
        <time>2020-07-20T13:29:56Z</time>
      </trkpt>
      <trkpt lat="61.476301029324532" lon="-6.82894941419363">
        <ele>103.06999999999999</ele>
        <time>2020-07-20T13:30:02Z</time>
      </trkpt>
      <trkpt lat="61.476290635764599" lon="-6.828733161091805">
        <ele>103.11</ele>
        <time>2020-07-20T13:30:09Z</time>
      </trkpt>
      <trkpt lat="61.476259538903832" lon="-6.82857709005475">
        <ele>102.16</ele>
        <time>2020-07-20T13:30:33Z</time>
      </trkpt>
      <trkpt lat="61.476256269961596" lon="-6.828352538868785">
        <ele>101.52</ele>
        <time>2020-07-20T13:30:40Z</time>
      </trkpt>
      <trkpt lat="61.476255599409342" lon="-6.828145673498511">
        <ele>101.40000000000001</ele>
        <time>2020-07-20T13:30:46Z</time>
      </trkpt>
      <trkpt lat="61.476275967434049" lon="-6.827935790643096">
        <ele>101.2</ele>
        <time>2020-07-20T13:30:53Z</time>
      </trkpt>
      <trkpt lat="61.476302118971944" lon="-6.827739151194692">
        <ele>101.14</ele>
        <time>2020-07-20T13:30:59Z</time>
      </trkpt>
      <trkpt lat="61.476332042366266" lon="-6.827551145106554">
        <ele>100.45</ele>
        <time>2020-07-20T13:31:05Z</time>
      </trkpt>
      <trkpt lat="61.476355511695147" lon="-6.827389374375343">
        <ele>99.859999999999999</ele>
        <time>2020-07-20T13:31:19Z</time>
      </trkpt>
      <trkpt lat="61.476389206945896" lon="-6.827211594209075">
        <ele>99.730000000000004</ele>
        <time>2020-07-20T13:31:25Z</time>
      </trkpt>
      <trkpt lat="61.476424159482121" lon="-6.827015122398734">
        <ele>99.560000000000002</ele>
        <time>2020-07-20T13:31:31Z</time>
      </trkpt>
      <trkpt lat="61.476460117846727" lon="-6.826814208179712">
        <ele>99.599999999999994</ele>
        <time>2020-07-20T13:31:37Z</time>
      </trkpt>
      <trkpt lat="61.476479982957244" lon="-6.826604744419456">
        <ele>99.049999999999997</ele>
        <time>2020-07-20T13:31:43Z</time>
      </trkpt>
      <trkpt lat="61.476510409265757" lon="-6.826406847685576">
        <ele>98.700000000000003</ele>
        <time>2020-07-20T13:31:49Z</time>
      </trkpt>
      <trkpt lat="61.476541422307491" lon="-6.826198725029826">
        <ele>98.459999999999994</ele>
        <time>2020-07-20T13:31:55Z</time>
      </trkpt>
      <trkpt lat="61.476552486419678" lon="-6.825996721163392">
        <ele>98.680000000000007</ele>
        <time>2020-07-20T13:32:01Z</time>
      </trkpt>
      <trkpt lat="61.476572016254067" lon="-6.825791951268911">
        <ele>98.739999999999995</ele>
        <time>2020-07-20T13:32:07Z</time>
      </trkpt>
      <trkpt lat="61.476566484197974" lon="-6.825581900775433">
        <ele>98.579999999999998</ele>
        <time>2020-07-20T13:32:13Z</time>
      </trkpt>
      <trkpt lat="61.476553827524185" lon="-6.825379896908999">
        <ele>99.219999999999999</ele>
        <time>2020-07-20T13:32:19Z</time>
      </trkpt>
      <trkpt lat="61.476538823917508" lon="-6.825165404006839">
        <ele>99.329999999999998</ele>
        <time>2020-07-20T13:32:25Z</time>
      </trkpt>
      <trkpt lat="61.476514851674438" lon="-6.824960550293326">
        <ele>99.140000000000001</ele>
        <time>2020-07-20T13:32:31Z</time>
      </trkpt>
      <trkpt lat="61.476495824754238" lon="-6.824742620810866">
        <ele>98.579999999999998</ele>
        <time>2020-07-20T13:32:37Z</time>
      </trkpt>
      <trkpt lat="61.476480234414339" lon="-6.824552351608872">
        <ele>97.700000000000003</ele>
        <time>2020-07-20T13:32:43Z</time>
      </trkpt>
      <trkpt lat="61.476464979350567" lon="-6.824357220903039">
        <ele>97.170000000000002</ele>
        <time>2020-07-20T13:32:49Z</time>
      </trkpt>
      <trkpt lat="61.476448718458414" lon="-6.824157647788525">
        <ele>96.329999999999998</ele>
        <time>2020-07-20T13:32:55Z</time>
      </trkpt>
      <trkpt lat="61.476437821984291" lon="-6.823967043310404">
        <ele>95.099999999999994</ele>
        <time>2020-07-20T13:33:01Z</time>
      </trkpt>
      <trkpt lat="61.476427931338549" lon="-6.823767637833953">
        <ele>94.379999999999995</ele>
        <time>2020-07-20T13:33:07Z</time>
      </trkpt>
      <trkpt lat="61.476415107026696" lon="-6.823566053062677">
        <ele>93.920000000000002</ele>
        <time>2020-07-20T13:33:13Z</time>
      </trkpt>
      <trkpt lat="61.476407395675778" lon="-6.823370000347495">
        <ele>93.370000000000005</ele>
        <time>2020-07-20T13:33:19Z</time>
      </trkpt>
      <trkpt lat="61.476391218602657" lon="-6.823139162734151">
        <ele>92.790000000000006</ele>
        <time>2020-07-20T13:33:26Z</time>
      </trkpt>
      <trkpt lat="61.476378226652741" lon="-6.822937410324812">
        <ele>91.290000000000006</ele>
        <time>2020-07-20T13:33:32Z</time>
      </trkpt>
      <trkpt lat="61.476360876113176" lon="-6.822730964049697">
        <ele>89.989999999999995</ele>
        <time>2020-07-20T13:33:38Z</time>
      </trkpt>
      <trkpt lat="61.476348889991641" lon="-6.822515800595284">
        <ele>88.530000000000001</ele>
        <time>2020-07-20T13:33:45Z</time>
      </trkpt>
      <trkpt lat="61.476346040144563" lon="-6.822306588292122">
        <ele>87.409999999999997</ele>
        <time>2020-07-20T13:33:51Z</time>
      </trkpt>
      <trkpt lat="61.476333383470774" lon="-6.822113301604986">
        <ele>85.939999999999998</ele>
        <time>2020-07-20T13:33:57Z</time>
      </trkpt>
      <trkpt lat="61.476327097043395" lon="-6.821911800652742">
        <ele>85.120000000000005</ele>
        <time>2020-07-20T13:34:03Z</time>
      </trkpt>
      <trkpt lat="61.476340591907501" lon="-6.821703761816025">
        <ele>84.230000000000004</ele>
        <time>2020-07-20T13:34:10Z</time>
      </trkpt>
      <trkpt lat="61.476359870284796" lon="-6.821509385481477">
        <ele>83.969999999999999</ele>
        <time>2020-07-20T13:34:16Z</time>
      </trkpt>
      <trkpt lat="61.476369174197316" lon="-6.82130184955895">
        <ele>83.540000000000006</ele>
        <time>2020-07-20T13:34:22Z</time>
      </trkpt>
      <trkpt lat="61.476383088156581" lon="-6.821099929511547">
        <ele>82.319999999999993</ele>
        <time>2020-07-20T13:34:28Z</time>
      </trkpt>
      <trkpt lat="61.476386692374945" lon="-6.820898931473494">
        <ele>80.629999999999995</ele>
        <time>2020-07-20T13:34:35Z</time>
      </trkpt>
      <trkpt lat="61.476299688220024" lon="-6.820808155462146">
        <ele>79.069999999999993</ele>
        <time>2020-07-20T13:34:43Z</time>
      </trkpt>
      <trkpt lat="61.476226430386305" lon="-6.820946205407381">
        <ele>77.900000000000006</ele>
        <time>2020-07-20T13:34:51Z</time>
      </trkpt>
      <trkpt lat="61.476179910823703" lon="-6.821147873997688">
        <ele>77.140000000000001</ele>
        <time>2020-07-20T13:34:58Z</time>
      </trkpt>
      <trkpt lat="61.476136827841401" lon="-6.821325570344925">
        <ele>77.120000000000005</ele>
        <time>2020-07-20T13:35:04Z</time>
      </trkpt>
      <trkpt lat="61.476083854213357" lon="-6.821511313319206">
        <ele>75.719999999999999</ele>
        <time>2020-07-20T13:35:10Z</time>
      </trkpt>
      <trkpt lat="61.476033562794328" lon="-6.821717424318194">
        <ele>75.620000000000005</ele>
        <time>2020-07-20T13:35:17Z</time>
      </trkpt>
      <trkpt lat="61.475979667156935" lon="-6.821883721277118">
        <ele>73.849999999999994</ele>
        <time>2020-07-20T13:35:23Z</time>
      </trkpt>
      <trkpt lat="61.475898697972298" lon="-6.821951027959585">
        <ele>73.019999999999996</ele>
        <time>2020-07-20T13:35:29Z</time>
      </trkpt>
      <trkpt lat="61.475831726565957" lon="-6.821804428473115">
        <ele>71.920000000000002</ele>
        <time>2020-07-20T13:35:36Z</time>
      </trkpt>
      <trkpt lat="61.475834157317877" lon="-6.821609297767282">
        <ele>71.019999999999996</ele>
        <time>2020-07-20T13:35:42Z</time>
      </trkpt>
      <trkpt lat="61.475841533392668" lon="-6.8213976547122">
        <ele>70.620000000000005</ele>
        <time>2020-07-20T13:35:48Z</time>
      </trkpt>
      <trkpt lat="61.475848406553268" lon="-6.821194728836417">
        <ele>69.769999999999996</ele>
        <time>2020-07-20T13:35:55Z</time>
      </trkpt>
      <trkpt lat="61.475855698809028" lon="-6.821001777425408">
        <ele>69.140000000000001</ele>
        <time>2020-07-20T13:36:01Z</time>
      </trkpt>
      <trkpt lat="61.475857542827725" lon="-6.820791643112898">
        <ele>68.189999999999998</ele>
        <time>2020-07-20T13:36:07Z</time>
      </trkpt>
      <trkpt lat="61.475866595283151" lon="-6.820603050291538">
        <ele>66.980000000000004</ele>
        <time>2020-07-20T13:36:13Z</time>
      </trkpt>
      <trkpt lat="61.475841114297509" lon="-6.820416720584035">
        <ele>65.5</ele>
        <time>2020-07-20T13:36:19Z</time>
      </trkpt>
      <trkpt lat="61.475794846192002" lon="-6.820243718102574">
        <ele>63.659999999999997</ele>
        <time>2020-07-20T13:36:26Z</time>
      </trkpt>
      <trkpt lat="61.47571605630219" lon="-6.820109691470861">
        <ele>61.329999999999998</ele>
        <time>2020-07-20T13:36:33Z</time>
      </trkpt>
      <trkpt lat="61.475616311654449" lon="-6.82004758156836">
        <ele>59.600000000000001</ele>
        <time>2020-07-20T13:36:40Z</time>
      </trkpt>
      <trkpt lat="61.475518243387341" lon="-6.820044061169028">
        <ele>58.340000000000003</ele>
        <time>2020-07-20T13:36:47Z</time>
      </trkpt>
      <trkpt lat="61.475426629185677" lon="-6.820068368688226">
        <ele>57.57</ele>
        <time>2020-07-20T13:38:08Z</time>
      </trkpt>
      <trkpt lat="61.475434843450785" lon="-6.819876842200756">
        <ele>55.32</ele>
        <time>2020-07-20T13:38:16Z</time>
      </trkpt>
      <trkpt lat="61.475448338314891" lon="-6.81969428434968">
        <ele>54.920000000000002</ele>
        <time>2020-07-20T13:38:22Z</time>
      </trkpt>
      <trkpt lat="61.475453870370984" lon="-6.819468894973397">
        <ele>55.060000000000002</ele>
        <time>2020-07-20T13:38:29Z</time>
      </trkpt>
      <trkpt lat="61.475450769066811" lon="-6.819262532517314">
        <ele>55.049999999999997</ele>
        <time>2020-07-20T13:38:35Z</time>
      </trkpt>
      <trkpt lat="61.475457390770316" lon="-6.819027084857225">
        <ele>55.469999999999999</ele>
        <time>2020-07-20T13:38:42Z</time>
      </trkpt>
      <trkpt lat="61.475478261709213" lon="-6.818805132061243">
        <ele>55.859999999999999</ele>
        <time>2020-07-20T13:38:48Z</time>
      </trkpt>
      <trkpt lat="61.475489074364305" lon="-6.818615617230535">
        <ele>56.219999999999999</ele>
        <time>2020-07-20T13:38:54Z</time>
      </trkpt>
      <trkpt lat="61.475511454045773" lon="-6.818396681919694">
        <ele>55.859999999999999</ele>
        <time>2020-07-20T13:39:01Z</time>
      </trkpt>
      <trkpt lat="61.47552503272891" lon="-6.818173220381141">
        <ele>55.719999999999999</ele>
        <time>2020-07-20T13:39:07Z</time>
      </trkpt>
      <trkpt lat="61.475528972223401" lon="-6.81796895340085">
        <ele>55.93</ele>
        <time>2020-07-20T13:39:13Z</time>
      </trkpt>
      <trkpt lat="61.475547747686505" lon="-6.817756053060293">
        <ele>55.789999999999999</ele>
        <time>2020-07-20T13:39:19Z</time>
      </trkpt>
      <trkpt lat="61.47555529139936" lon="-6.817534267902374">
        <ele>55.530000000000001</ele>
        <time>2020-07-20T13:39:25Z</time>
      </trkpt>
      <trkpt lat="61.475559733808041" lon="-6.817319272086024">
        <ele>55.32</ele>
        <time>2020-07-20T13:39:31Z</time>
      </trkpt>
      <trkpt lat="61.475571133196354" lon="-6.817098241299391">
        <ele>55.719999999999999</ele>
        <time>2020-07-20T13:39:37Z</time>
      </trkpt>
      <trkpt lat="61.475524613633752" lon="-6.816927418112755">
        <ele>53.170000000000002</ele>
        <time>2020-07-20T13:39:49Z</time>
      </trkpt>
      <trkpt lat="61.475431825965643" lon="-6.816891795024276">
        <ele>50.670000000000002</ele>
        <time>2020-07-20T13:39:59Z</time>
      </trkpt>
      <trkpt lat="61.475324872881174" lon="-6.816867738962174">
        <ele>48.460000000000001</ele>
        <time>2020-07-20T13:40:08Z</time>
      </trkpt>
      <trkpt lat="61.47522546350956" lon="-6.816854579374194">
        <ele>46.460000000000001</ele>
        <time>2020-07-20T13:40:15Z</time>
      </trkpt>
      <trkpt lat="61.475130915641785" lon="-6.816817782819271">
        <ele>45.270000000000003</ele>
        <time>2020-07-20T13:40:22Z</time>
      </trkpt>
      <trkpt lat="61.475039385259151" lon="-6.816794816404581">
        <ele>44.130000000000003</ele>
        <time>2020-07-20T13:40:29Z</time>
      </trkpt>
      <trkpt lat="61.47494156844914" lon="-6.816768832504749">
        <ele>40.68</ele>
        <time>2020-07-20T13:40:40Z</time>
      </trkpt>
      <trkpt lat="61.474843919277191" lon="-6.816739998757839">
        <ele>36.399999999999999</ele>
        <time>2020-07-20T13:40:53Z</time>
      </trkpt>
      <trkpt lat="61.474756496027112" lon="-6.816699933260679">
        <ele>32.25</ele>
        <time>2020-07-20T13:41:06Z</time>
      </trkpt>
      <trkpt lat="61.474648201838136" lon="-6.816662298515439">
        <ele>28.449999999999999</ele>
        <time>2020-07-20T13:41:17Z</time>
      </trkpt>
      <trkpt lat="61.474549295380712" lon="-6.816623825579882">
        <ele>25.25</ele>
        <time>2020-07-20T13:41:26Z</time>
      </trkpt>
      <trkpt lat="61.474466733634472" lon="-6.816557943820953">
        <ele>22.969999999999999</ele>
        <time>2020-07-20T13:41:34Z</time>
      </trkpt>
      <trkpt lat="61.47438945248723" lon="-6.816563727334142">
        <ele>23.059999999999999</ele>
        <time>2020-07-20T13:43:55Z</time>
      </trkpt>
      <trkpt lat="61.474380232393742" lon="-6.816780231893063">
        <ele>22.420000000000002</ele>
        <time>2020-07-20T13:44:01Z</time>
      </trkpt>
      <trkpt lat="61.474389284849167" lon="-6.816983493044972">
        <ele>22.440000000000001</ele>
        <time>2020-07-20T13:44:07Z</time>
      </trkpt>
      <trkpt lat="61.474379897117615" lon="-6.817172169685364">
        <ele>22.18</ele>
        <time>2020-07-20T13:44:13Z</time>
      </trkpt>
      <trkpt lat="61.474302783608437" lon="-6.817130343988538">
        <ele>19.539999999999999</ele>
        <time>2020-07-20T13:44:28Z</time>
      </trkpt>
      <trkpt lat="61.474200272932649" lon="-6.817053649574518">
        <ele>15.970000000000001</ele>
        <time>2020-07-20T13:44:37Z</time>
      </trkpt>
      <trkpt lat="61.474109832197428" lon="-6.816960191354156">
        <ele>13.48</ele>
        <time>2020-07-20T13:44:45Z</time>
      </trkpt>
      <trkpt lat="61.474007405340672" lon="-6.816892297938466">
        <ele>11.23</ele>
        <time>2020-07-20T13:44:53Z</time>
      </trkpt>
      <trkpt lat="61.473917718976736" lon="-6.816846113651991">
        <ele>8.779999999999999</ele>
        <time>2020-07-20T13:45:01Z</time>
      </trkpt>
      <trkpt lat="61.473821578547359" lon="-6.816754499450326">
        <ele>5.37</ele>
        <time>2020-07-20T13:45:12Z</time>
      </trkpt>
      <trkpt lat="61.473728958517313" lon="-6.816824404522777">
        <ele>3.84</ele>
        <time>2020-07-20T13:45:23Z</time>
      </trkpt>
      <trkpt lat="61.473661651834846" lon="-6.817005034536123">
        <ele>3.98</ele>
        <time>2020-07-20T13:45:30Z</time>
      </trkpt>
      <trkpt lat="61.473603062331676" lon="-6.81719932705164">
        <ele>3.91</ele>
        <time>2020-07-20T13:45:37Z</time>
      </trkpt>
      <trkpt lat="61.473541790619493" lon="-6.81738892570138">
        <ele>4.07</ele>
        <time>2020-07-20T13:45:44Z</time>
      </trkpt>
      <trkpt lat="61.473488984629512" lon="-6.817390015348792">
        <ele>3.29</ele>
        <time>2020-07-20T13:45:51Z</time>
      </trkpt>
      <trkpt lat="61.473495187237859" lon="-6.817185916006565">
        <ele>2.91</ele>
        <time>2020-07-20T13:45:58Z</time>
      </trkpt>
      <trkpt lat="61.473510945215821" lon="-6.816989276558161">
        <ele>2.45</ele>
        <time>2020-07-20T13:46:04Z</time>
      </trkpt>
      <trkpt lat="61.473534582182765" lon="-6.816782578825951">
        <ele>1.79</ele>
        <time>2020-07-20T13:46:11Z</time>
      </trkpt>
      <trkpt lat="61.473542209714651" lon="-6.816567499190569">
        <ele>1.35</ele>
        <time>2020-07-20T13:46:18Z</time>
      </trkpt>
      <trkpt lat="61.473524942994118" lon="-6.816435400396586">
        <ele>1.15</ele>
        <time>2020-07-20T13:46:31Z</time>
      </trkpt>
      <trkpt lat="61.473440956324339" lon="-6.816254518926144">
        <ele>1.09</ele>
        <time>2020-07-20T13:46:38Z</time>
      </trkpt>
      <trkpt lat="61.473394017666578" lon="-6.816153014078736">
        <ele>0.89</ele>
        <time>2020-07-20T13:46:56Z</time>
      </trkpt>
    </trkseg>
  </trk>

</gpx>